time,open,high,low,close,Trend,Trade,Trend,Trade,Buy,Buy,Mega Buy,Sell,Mega Sell,Up Target 1,Down Target 1,Up Target 2,Down Target 2,Period Open,Bullish Trend,Bearish Trend,Range High,Range Low,LT Range High,LT Range Low,Volume,Hurst Exponent 64,Hurst Exponent 256,Period 1,Period 2,Period 3,Vixfix,PlotCandle (Open),PlotCandle (High,PlotCandle (Low),PlotCandle (Close),Plot,Plot,Plot,Plot,Volatility,Trade,Trend,52-weeks high,52-weeks low
1532957400,115.8,116.02,115.64,115.65,119.33779578978226,117.34680893035637,119.33779578978226,117.34680893035637,0,0,0,0,0,121.105,115.08500000000001,124.03,112.16000000000001,118.18,120.95814827793214,119.75185172206788,,,,,4157371,0.65,0.65,-0.9043777979031333,-1.5148393325945086,-1.596997622332991,-122.78850470574908,-149.37845907716365,-149.37845907716365,-145.75898622952275,-145.75898622952275,90.20052970110322,-295.1636258325975,,,7.621025722958944,6.320749490143187,4.714184673236395,,
1533043800,115.47,116.35,115.394,115.99,119.33011160239009,117.27406583504829,119.33011160239009,117.27406583504829,0,0,0,0,0,121.105,115.08500000000001,124.03,112.16000000000001,118.18,120.95441501859324,119.75558498140676,,,,,5508456,0.65,0.65,-0.13929621870032705,-1.3632505514066495,-1.4763488225792996,-131.39419477914328,-144.6890707805226,-144.6890707805226,-135.31029418724052,-135.31029418724052,90.20052970110322,-295.1636258325975,,,7.817542738456623,6.379447264586851,4.72038518885122,,
1533130200,115.63,115.7,115.125,115.14,119.32191068010759,117.19373188073267,119.32191068010759,117.19373188073267,0,0,0,0,0,117.935,112.815,120.24,110.51,115.63,120.96186037748781,119.7481396225122,,,,,7941660,0.64,0.65,-0.5584202006277844,-1.5016930951070064,-1.8082263948843227,-140.80448189192023,-156.56470621374987,-156.56470621374987,-148.6476159249317,-148.6476159249317,90.20052970110322,-295.1636258325975,,,8.032433296053687,6.4442702462130015,4.7270026675868895,,
1533216600,115.17,115.23,114.42,114.52,119.3123316377897,117.08917768933138,119.3123316377897,117.08917768933138,0,0,0,0,0,117.935,112.815,120.24,110.51,115.63,120.60589798830804,119.40410201169196,,,,,6204910,0.63,0.65,-0.6164959435717682,-1.525164332147828,-1.978904347435719,-165.46713027298938,-181.77199267622225,-181.77199267622225,-159.68907484202856,-159.68907484202856,90.20052970110322,-295.1636258325975,,,8.595622303882413,6.5286369935725865,4.734732177349717,,
1533303000,115.09,115.53,114.86,114.92,119.30364206408781,117.00580601523995,119.30364206408781,117.00580601523995,0,0,0,0,0,117.935,112.815,120.24,110.51,115.63,120.60805977655315,119.40194022344686,,,,,5953227,0.63,0.65,-0.7773663665431378,-1.3630946418112233,-1.8158055497278776,-150.07483908480444,-183.54574980806797,-183.54574980806797,-167.64129983070836,-167.64129983070836,90.20052970110322,-295.1636258325975,,,8.24412845502477,6.5959111685314955,4.741743958124292,,
1533562200,114.56,114.72,114.31,114.33,119.12267088908028,116.74263208859159,119.12267088908028,116.74263208859159,0,0,0,0,0,117.935,112.815,120.24,110.51,115.63,120.5550947074572,119.34490529254279,,,,,5811614,0.65,0.66,-0.7932582725015463,-1.5887661030514166,-1.6653319298824567,-169.31520307003564,-188.23974416275567,-188.23974416275567,-174.5074479413908,-174.5074479413908,90.20052970110322,-295.1636258325975,,,8.551999999999998,6.672620534471437,4.749356857308859,,
1533648600,114.85,114.935,114.42,114.59,118.62842671474624,116.19786637909483,118.62842671474624,116.19786637909483,0,0,0,0,0,117.935,112.815,120.24,110.51,115.63,120.5571316487288,119.34286835127119,,,,,5188447,0.65,0.65,-0.6906188934690927,-1.4106213583136171,-1.6403209210375551,-165.46713027298938,-186.6130574899592,-186.6130574899592,-178.54265112424693,-178.54265112424693,90.20052970110322,-295.1636258325975,,,8.089003132781745,6.7281649500914495,4.756029477239874,,
1533735000,114.75,114.95,114.41,114.91,117.76427146298808,115.32424513943545,117.76427146298808,115.32424513943545,0,0,0,0,0,117.935,112.815,120.24,110.51,115.63,120.56013181196654,119.33986818803345,,,,,3809872,0.64,0.65,-0.837061384131966,-1.1620218273801288,-1.7849836617405663,-158.41330572083237,-175.9331217277397,-175.9331217277397,-170.71406293472518,-170.71406293472518,90.20052970110322,-295.1636258325975,,,7.427785419532331,6.755601046932268,4.761367650950748,,
1533821400,115.02,115.12,114.69,114.74,117.75830688464045,115.30286297710464,117.75830688464045,115.30286297710464,0,0,0,0,0,117.935,112.815,120.24,110.51,115.63,120.54763892663765,119.35236107336237,,,,,4252956,0.64,0.65,-0.4915630063078333,-1.0329924592223012,-1.6856648428316627,-121.37881115274641,-166.09324970787952,-166.09324970787952,-146.41350566815916,-146.41350566815916,90.20052970110322,-295.1636258325975,,,7.2012298729670725,6.773076687168928,4.766242500545187,,
1533907800,114.81,115.23,114.6076,114.69,117.75219123452128,115.27912027212015,117.75219123452128,115.27912027212015,0,0,0,0,0,117.935,112.815,120.24,110.51,115.63,120.35685946034152,119.16314053965846,,,,,6757857,0.68,0.65,-0.5448913630090148,-0.9544413625252827,-1.716300631850525,-124.28625709431192,-151.62992641906501,-151.62992641906501,-122.70327984143597,-122.70327984143597,90.20052970110322,-295.1636258325975,,,7.267901933813414,6.792481598802045,4.771240821091177,,
1534167000,113.81,113.81,112.83,112.96,117.74257167161514,115.18729594772329,117.74257167161514,115.18729594772329,0,0,0,0,0,117.935,112.815,120.24,110.51,115.63,118.96815938412632,117.72184061587367,,,,,9150873,0.7,0.66,-1.3161201994842118,-1.5666529766674435,-1.9250944396932947,-169.40580474846274,-146.68986047755456,-146.68986047755456,-136.80972859453368,-136.80972859453368,90.20052970110322,-295.1636258325975,,,8.706206003721988,6.867529614681258,4.779102889388142,,
1534253400,113.25,113.48,112.84,113.07,117.7329911088347,115.09946081251844,117.7329911088347,115.09946081251844,0,0,0,0,0,117.935,112.815,120.24,110.51,115.63,118.92845294294628,117.76154705705372,,,,,7086193,0.67,0.65,-1.4253630861872848,-1.2217352392646363,-1.9889939429404515,-167.01016862824866,-148.57820232718788,-148.57820232718788,-147.31930776076567,-147.31930776076567,90.20052970110322,-295.1636258325975,,,8.698114734201797,6.939317266427161,4.786933082884273,,
1534339800,112.17,112.18,111.06,111.19,117.71990880891694,114.94596431006674,117.71990880891694,114.94596431006674,0,0,0,0,0,117.935,112.815,120.24,110.51,115.63,118.08219100705314,116.83780899294686,,,,,12398366,0.69,0.66,-1.9308591612506696,-2.043102636014497,-2.31222291563554,-200.76339721511135,-166.11245215746754,-166.11245215746754,-153.58368922633295,-153.58368922633295,90.20052970110322,-295.1636258325975,,,10.13836070879521,7.064769950441595,4.797625245973006,,
1534426200,111.46,111.88,111.1,111.1,117.70693176833969,114.80004021947589,117.70693176833969,114.80004021947589,0,1,0,0,0,117.935,112.815,120.24,110.51,115.63,118.08150835664303,116.83849164335697,,,,,7484637,0.68,0.66,-1.6926076551638667,-2.185187137914931,-2.380887675076121,-199.3344762384916,-175.53946366566333,-175.53946366566333,-160.90228070610974,-160.90228070610974,90.20052970110322,-295.1636258325975,,,10.105995630714466,7.184033702609159,4.808231380607855,,
1534512600,111.69,112.15,111.38,112.13,117.69453450206927,114.67070923047683,117.69453450206927,114.67070923047683,0,0,0,0,0,117.935,112.815,120.24,110.51,115.63,118.10072995152683,116.8192700484732,,,,,8470951,0.71,0.67,-1.35664153636038,-1.8267336744451639,-2.3234268982267317,-189.3320294021515,-169.83291861911167,-169.83291861911167,-163.8791600104437,-163.8791600104437,90.20052970110322,-295.1636258325975,,,9.87944008414921,7.289735913649945,4.818363665729816,,
1534771800,112.38,112.74,112.16,112.69,117.48411761063956,114.38944637216909,117.48411761063956,114.38944637216909,0,0,0,0,0,117.935,112.815,120.24,110.51,115.63,118.10693138806074,116.81306861193929,,,,,5313403,0.71,0.67,-0.8172247808074639,-1.7833464710872082,-2.089226064372821,-161.46807035806128,-156.7694949175866,-156.7694949175866,-142.55016473187234,-142.55016473187234,90.20052970110322,-295.1636258325975,,,9.093856378667532,7.360485735807497,4.826906108712708,,
1534858200,112.77,113.1,112.44,113.02,117.47425803499392,114.31728769090756,117.47425803499392,114.31728769090756,0,0,0,0,0,117.935,112.815,120.24,110.51,115.63,118.10984872585279,116.81015127414723,,,,,5042443,0.72,0.68,-0.7788539289500247,-1.630941999596395,-2.1454002092261515,-151.4656235217212,-138.71734991049294,-138.71734991049294,-102.6130598963056,-102.6130598963056,90.20052970110322,-295.1636258325975,,,8.866915221267627,7.419561401903973,4.834978054991539,,
1534944600,113.39,113.49,113.07,113.27,117.46566431264628,114.27241758538177,117.46566431264628,114.27241758538177,0,0,0,0,0,117.935,112.815,120.24,110.51,115.63,118.11096718917538,116.80903281082463,,,,,6215910,0.73,0.67,-0.8320828812493093,-1.2503924928207322,-2.1865578889743253,-128.96011813995625,-111.91035005872737,-111.91035005872737,-58.29635035519623,-58.29635035519623,90.20052970110322,-295.1636258325975,,,8.35629761711785,7.456296155441772,4.842013658512271,,
1535031000,112.68,112.88,112.06,112.2,117.45508995837525,114.19009532713152,117.45508995837525,114.19009532713152,0,0,0,0,0,117.935,112.815,120.24,110.51,115.63,118.10541332946143,116.81458667053857,,,,,5500102,0.7,0.66,-1.284542201262239,-1.6817574790883827,-2.3543863735740254,-165.0403727996111,-90.30533415626019,-90.30533415626019,-47.09530235132581,-47.09530235132581,90.20052970110322,-295.1636258325975,,,9.174906792024634,7.523692650994041,4.850670787650158,,
1535117400,113.25,114.42,113.21,114.16,117.44681145695992,114.15564845155772,117.44681145695992,114.15564845155772,0,0,0,0,0,117.935,112.815,120.24,110.51,115.63,118.16173109698701,116.75826890301302,,,,,9214703,0.71,0.67,-0.25403873721254067,-0.9310303664405646,-1.962144961217341,-88.98211466374417,-61.06496636070328,-61.06496636070328,-2.5842307695894533,-2.5842307695894533,48.082110036998756,-295.1636258325975,,,8.242827038417898,7.551893999520467,4.857448322616727,,
1535376600,114.12,114.78,114.12,114.59,117.44034949600696,114.15788184561428,117.44034949600696,114.15788184561428,0,0,0,0,0,117.935,112.815,120.24,110.51,115.63,118.16536714262477,116.75463285737523,,,,,4364167,0.73,0.67,0.7926702027845028,-0.7986161022748735,-1.8669598560911191,-57.0742494946794,-25.77551041145186,-25.77551041145186,44.80340148705097,44.80340148705097,77.26075504828964,-250.03911051514146,,,7.505268276868204,7.550065539808614,4.862738672175671,,
1535463000,114.76,114.8666,113.55,113.68,117.43277297353741,114.13789824382549,117.43277297353741,114.13789824382549,0,0,0,0,0,117.935,112.815,120.24,110.51,115.63,118.17129614417578,116.74870385582425,,,,,6101386,0.7,0.66,0.2956275530531839,-0.7074083200087082,-1.8679892502843058,-74.47121324439482,5.5911592580524605,5.5911592580524605,68.32449859706111,68.32449859706111,77.26075504828964,-250.03911051514146,,,7.9672556330037265,7.566425935620187,4.868941503266236,,
1535549400,114.16,114.21,113.85,114.2,117.42580499556831,114.13034537151862,117.42580499556831,114.13034537151862,0,0,0,0,0,117.935,112.815,120.24,110.51,115.63,118.17633454141964,116.7436654585804,,,,,5616329,0.71,0.67,1.4808004071331287,-0.5729286391523206,-1.6576079459290518,-65.31491653401848,30.23377455649639,30.23377455649639,79.51900515338424,79.51900515338424,77.26075504828964,-250.03911051514146,,,7.724104392932405,7.572609404534392,4.874646124424411,,
1535635800,113.92,113.93,113.24,113.64,117.41764434622651,114.0994063373414,117.41764434622651,114.0994063373414,0,0,0,0,0,117.935,112.815,120.24,110.51,115.63,118.17627502516035,116.74372497483968,,,,,5431837,0.69,0.66,1.2500426664266182,-0.5915047326541092,-1.8178040726199693,-58.41797884689572,41.656442431763,41.656442431763,64.50177818229622,64.50177818229622,77.26075504828964,-250.03911051514146,,,8.218511914410765,7.597938914725622,4.881327174953854,,
1535722200,113.72,114.06,113.44,113.51,117.409895606274,114.0774453045045,117.409895606274,114.0774453045045,0,0,0,0,0,117.935,112.815,120.24,110.51,115.63,118.17626852338532,116.74373147661468,,,,,5048673,0.71,0.67,0.6810975585230408,-0.836068252362522,-1.7504334265205086,-45.59164363749027,42.75444326103176,42.75444326103176,44.95044491956929,44.95044491956929,77.26075504828964,-250.03911051514146,,,8.056411087696546,7.615918215626443,4.887670998955338,,
1536067800,112.75,113.07,112.61,112.93,117.40052059007766,114.0241219592298,117.40052059007766,114.0241219592298,0,0,0,0,0,115.07,108.74000000000001,117.39,106.42,112.75,118.17444036830443,116.7455596316956,,,,,6617486,0.69,0.66,0.11959782724877997,-0.8580590691645497,-1.80342003189749,-71.1599302720286,2.049772334494719,2.049772334494719,29.186219618852746,29.186219618852746,77.26075504828964,-250.03911051514146,,,8.72912951856054,7.6595735608395445,4.895346240752751,,
1536154200,113.36,113.44,113.12,113.32,117.39217309639119,113.99268972553452,117.39217309639119,113.99268972553452,0,0,0,0,0,115.07,108.74000000000001,117.39,106.42,112.75,118.17736506771415,116.74263493228587,,,,,4459202,0.7,0.66,0.14996520490925902,-0.7645838318644959,-1.827708204061409,-55.14604331597006,-22.326203894327367,-22.326203894327367,12.015411781126044,12.015411781126044,77.26075504828964,-250.03911051514146,,,8.315772410439285,7.685306849059142,4.902180259073803,,
1536240600,113.89,114.26,113.28,113.54,117.38415876453027,113.96870189316061,117.38415876453027,113.96870189316061,0,0,0,0,0,115.07,108.74000000000001,117.39,106.42,112.75,118.17884371954072,116.74115628045928,,,,,4784729,0.69,0.65,0.13460641007653948,-0.8773835316036179,-1.6694549942728558,-50.21678804750354,-17.544991878138724,-17.544991878138724,2.1619438947044554,2.1619438947044554,77.26075504828964,-250.03911051514146,,,8.186091749067916,7.704945472588897,4.908741520792073,,
1536327000,113.26,113.6,112.97,113.23,117.37554725850723,113.93361946597784,117.37554725850723,113.93361946597784,0,0,0,0,0,115.07,108.74000000000001,117.39,106.42,112.75,118.17820898922815,116.74179101077186,,,,,3714023,0.68,0.66,0.5185635056900703,-0.7155411883223097,-1.5951179526675083,-59.76722013015769,-25.159696438864565,-25.159696438864565,-6.945269549818551,-6.945269549818551,77.26075504828964,-250.03911051514146,,,8.437348030474952,7.733667141525605,4.915791683648582,,
1536586200,113.26,113.43,113,113.15,115.43012843233052,112.09034160334974,115.43012843233052,112.09034160334974,0,0,0,0,0,115.07,108.74000000000001,117.39,106.42,112.75,118.17678200738632,116.74321799261371,,,,,2316718,0.68,0.66,-0.5000577634951044,-0.7550328908195505,-1.599877328471098,-53.68507374526787,-39.173910341178576,-39.173910341178576,-17.688149813605225,-17.688149813605225,77.26075504828964,-250.03911051514146,,,6.873248722597662,7.699925242744117,4.919702686723405,,
1536672600,112.65,113.37,112.42,113.22,115.20592713761522,111.90254200633817,115.20592713761522,111.90254200633817,0,0,0,0,0,115.07,108.74000000000001,117.39,106.42,112.75,118.17674110041618,116.74325889958385,,,,,3791338,0.67,0.67,-0.6754600104305803,-0.6853711255231627,-1.6759398295806385,-70.06795715525878,-61.3473931048262,-61.3473931048262,-32.24123091067888,-32.24123091067888,77.26075504828964,-250.03911051514146,,,7.175295186194367,7.679351515036283,4.924209365044026,,
1536759000,113.12,114.39,113.055,114.17,114.90748591070968,111.6755742523677,114.90748591070968,111.6755742523677,0,0,0,0,0,115.07,108.74000000000001,117.39,106.42,112.75,118.18797858451606,116.73202141548396,,,,,6315934,0.7,0.66,0.24168588605686384,-0.5079599670546635,-1.5562806383787355,-50.93967237118508,-32.742457378115304,-32.742457378115304,-32.408306399824355,-32.408306399824355,101.53846153846433,-250.0391105151415,,,6.411423841059595,7.629628861154845,4.927180822538563,,
1536845400,114.72,114.78,113.58,113.76,114.46828128659675,111.34433057897782,114.46828128659675,111.34433057897782,0,0,0,0,0,115.07,108.74000000000001,117.39,106.42,112.75,117.352497468117,115.90750253188301,,,,,5636023,0.68,0.67,-0.21747555760680623,-0.39058549800642517,-1.6327318145129586,-33.51730885661063,-20.86290702491759,-20.86290702491759,2.2278917248959402,2.2278917248959402,101.53846153846433,-250.0391105151415,,,5.617417317600137,7.550718604544856,4.92855991643479,,
1536931800,113.79,113.9,112.91,113.02,114.46531628902113,111.40864310529241,114.46531628902113,111.40864310529241,0,0,0,0,0,115.07,108.74000000000001,117.39,106.42,112.75,116.93802152248243,115.56197847751758,,,,,5375645,0.69,0.67,-0.30818480389942604,-0.4271693151234099,-1.7485565182920864,-55.75156324663941,-13.363575935791172,-13.363575935791172,1.635086242461668,1.635086242461668,101.53846153846433,-250.0391105151415,,,6.174173176001335,7.496736430876482,4.931048654216142,,
1537191000,113.6,114.03,113.55,113.61,114.46362314958253,111.49528063057507,114.46362314958253,111.49528063057507,0,0,0,0,0,115.07,108.74000000000001,117.39,106.42,112.75,116.73780872981895,115.35219127018107,,,,,4727254,0.66,0.67,0.04969126957825533,-0.3712182059059023,-1.6211074941782941,-34.512872486014935,-5.859287610632936,-5.859287610632936,9.149289039683532,9.149289039683532,101.53846153846433,-250.0391105151415,,,5.642346684394221,7.424015264347767,4.932469829101613,,
1537277400,113.79,113.91,113.275,113.44,114.03420979557293,111.167091692359,114.03420979557293,111.167091692359,0,0,0,0,0,115.07,108.74000000000001,117.39,106.42,112.75,116.62681564964677,115.24318435035322,,,,,4737849,0.66,0.67,0.254978632492242,-0.2537535433894614,-1.7650411485718382,-43.638872422220466,-0.935817309021969,-0.935817309021969,8.911123294199966,8.911123294199966,101.53846153846433,-250.0391105151415,,,5.51755776128117,7.3492522250118215,4.933638835959115,,
1537363800,113.94,114.15,113.68,113.88,113.43558193815366,110.70657097933007,113.43558193815366,110.70657097933007,0,0,0,0,0,115.07,108.74000000000001,117.39,106.42,112.75,116.42220250972245,115.03779749027757,,,,,4223199,0.65,0.66,0.2791746769930614,-0.2020903439760424,-1.6752054633000915,-30.198763425262772,8.267738528754927,8.267738528754927,26.67485020430872,26.67485020430872,101.53846153846433,-250.0391105151415,,,4.678852926379338,7.244530683888979,4.933129773202712,,
1537450200,114.21,114.37,113.855,114.27,113.3321069554048,110.73400888998032,113.3321069554048,110.73400888998032,0,0,0,0,0,115.07,108.74000000000001,117.39,106.42,112.75,116.42483123402943,115.03516876597058,,,,,4384523,0.67,0.67,0.3644767578910341,-0.1822877107913679,-1.55128303551365,-27.356857049096146,23.869652841231556,23.869652841231556,55.07348146618481,55.07348146618481,144.28402366864066,-250.03911051514152,,,4.443978178766262,7.134705095452794,4.932152447339702,,
1537536600,112.8701,113.68,112.79,113.49,113.33115089755185,110.8171301099811,113.33115089755185,110.8171301099811,0,0,0,0,0,115.07,108.74000000000001,117.39,106.42,112.75,116.34316587782354,114.94683412217647,,,,,6831550,0.67,0.65,0.1302295889994969,-0.35672403302624367,-1.3876217184395978,-66.99638461003131,28.317610576380194,28.317610576380194,37.21352604667747,37.21352604667747,144.28402366864066,-250.03911051514152,,,5.337809483843894,7.0642386008798965,4.932962950909141,,
1537795800,113.68,113.96,113.43,113.47,113.33146268397033,110.92183873311909,113.33146268397033,110.92183873311909,0,0,0,0,0,115.07,108.74000000000001,117.39,106.42,112.75,116.09050811131608,114.69949188868395,,,,,4435578,0.68,0.65,0.1603877050085109,-0.34829665506774526,-1.36342746585574,-43.17544785979789,20.22197569415185,20.22197569415185,25.619065615637414,25.619065615637414,144.28402366864066,-250.03911051514152,,,4.800671422576583,6.975471260554277,4.932698632171213,,
1537882200,113.75,113.885,113.57,113.65,113.33205077051583,111.02787642985952,113.33205077051583,111.02787642985952,0,0,0,0,0,115.07,108.74000000000001,117.39,106.42,112.75,116.08837489736617,114.70162510263386,,,,,3004824,0.66,0.65,0.21641626302480024,0.20095941981160842,-1.3520788536058383,-38.9694438407242,12.548604037636046,12.548604037636046,21.26224508963696,21.26224508963696,144.28402366864066,-250.03911051514152,,,4.683172471674371,6.885577190402123,4.932200078403987,,
1537968600,113.11,113.6,112.66,113.05,113.33083768206326,111.09442637378659,113.33083768206326,111.09442637378659,0,0,0,0,0,115.07,108.74000000000001,117.39,106.42,112.75,116.08776027271907,114.70223972728097,,,,,8297429,0.66,0.65,-0.558092841934093,-0.005809816382170094,-1.4500338037164309,-73.7363006005855,-15.347118536648878,-15.347118536648878,9.059123880875013,9.059123880875013,144.28402366864066,-250.03911051514152,,,5.446915652538824,6.829159090878072,4.933228481149511,,
1538055000,112.1,112.4156,111.8499,112.05,113.32802462175944,111.12691557481457,113.32802462175944,111.12691557481457,0,0,0,0,0,115.07,108.74000000000001,117.39,106.42,112.75,116.09689821897821,114.69310178102181,,,,,7683739,0.66,0.65,-0.8469667490676748,0.25161233461812493,-1.5994022762998361,-93.82341693323289,-61.66821507038129,-61.66821507038129,-14.516655769543753,-14.516655769543753,144.28402366864066,-254.73321858863565,,,6.12681493915233,6.801616182967258,4.935613269277389,,
1538141400,112.16,113,112.07,112.76,113.32565254459308,111.16667574835125,113.32565254459308,111.16667574835125,0,0,0,0,0,115.07,108.74000000000001,117.39,106.42,112.75,116.10157604280381,114.68842395719622,,,,,6020579,0.65,0.65,-0.1285523043405335,0.4820534802372433,-1.4684223350162067,-85.29049099339424,-84.46129844494057,-84.46129844494057,-37.83153666134269,-37.83153666134269,144.28402366864066,-254.73321858863565,,,5.942089802769628,6.767909266096763,4.937624211402248,,
1538400600,112.4,112.62,112.15,112.57,113.32344344859989,111.20798258174925,113.32344344859989,111.20798258174925,0,0,0,0,0,113.86505,110.38485,115.3301,108.91980000000001,112.4,116.08854562518476,114.70145437481526,,,,,3893012,0.68,0.65,-0.5115970413635763,0.12661392492055268,-1.5156791358998272,-82.18901859363396,-96.35152875935437,-96.35152875935437,-57.338200694013246,-57.338200694013246,144.28402366864066,-254.73321858863565,,,5.874947545111204,6.732891159391447,4.939496985295772,,
1538487000,113.7,114.33,113.61,113.87,113.11529857278805,111.10698223756913,113.11529857278805,111.10698223756913,0,0,0,0,0,113.86505,110.38485,115.3301,108.91980000000001,112.4,116.09341887601391,114.6965811239861,,,,,10776912,0.71,0.65,0.20874871534084743,0.3329335601197023,-1.4437209270182274,-25.587147298018106,-63.28825808978462,-63.28825808978462,-59.32155315927037,-59.32155315927037,144.28402366864066,-254.73321858863565,,,4.473219540906421,6.644276586117525,4.938565362030259,,
1538573400,113.87,114.05,113.26,113.42,112.3563186797651,110.4752556960476,112.3563186797651,110.4752556960476,0,0,0,0,0,113.86505,110.38485,115.3301,108.91980000000001,112.4,116.092500955744,114.69749904425602,,,,,6674517,0.67,0.66,-0.22215315553736967,0.11237926162430677,-1.4566579813768783,-39.156089046966954,-50.54224084845205,-50.54224084845205,-32.983616226815414,-32.983616226815414,144.28402366864066,-254.73321858863565,,,4.122576822145086,6.545386399295076,4.936935015297221,,
1538659800,113.83,114.19,113.255,113.48,112.35821164943589,110.58617704130063,112.35821164943589,110.58617704130063,0,0,0,0,0,113.86505,110.38485,115.3301,108.91980000000001,112.4,116.09264134286313,114.69735865713687,,,,,6616212,0.66,0.66,-0.38066962318535447,0.058938234877349026,-1.446691328375485,-39.34993107195232,-36.130233239653556,-36.130233239653556,-7.306218022056562,-7.306218022056562,144.28402366864066,-254.73321858863565,,,4.126809447219165,6.450540244311707,4.935316382793569,,
1538746200,113.81,114.1,113.57,113.8,111.86710873078556,110.23707130787136,111.86710873078556,110.23707130787136,0,0,0,0,0,113.86505,110.38485,115.3301,108.91980000000001,112.4,115.72581903882556,114.33418096117443,,,,,7994440,0.67,0.67,0.15573195529118866,0.4693968133947473,-1.4741943993058035,-27.137883497898244,-18.28572239822484,-18.28572239822484,17.40329928463259,17.40329928463259,144.28402366864066,-254.73321858863565,,,3.4350820508460216,6.332286981822857,4.932318911600866,,
1539005400,112.25,112.59,111.9,112.54,111.81033115853229,110.250466698639,111.81033115853229,110.250466698639,0,0,0,0,0,113.86505,110.38485,115.3301,108.91980000000001,112.4,115.50512947892994,114.08487052107006,,,,,12111577,0.66,0.66,-0.4594607452344389,-0.45928995379011617,-1.602991167958272,-91.88111984288331,-13.592306967479542,-13.592306967479542,-4.205476105988943,-4.205476105988943,144.28402366864066,-254.73321858863565,,,4.80646533390046,6.272450838767076,4.932067455901165,,
1539091800,112.37,112.67,111.97,112.6,110.98487756690754,109.53577008956769,110.98487756690754,109.53577008956769,0,0,0,0,0,113.86505,110.38485,115.3301,108.91980000000001,112.4,115.35623770078577,113.96756229921422,,,,,8352697,0.67,0.66,-0.5179331480568999,-0.5620818704373918,-1.5087881006579817,-89.16733149309376,-30.137088263932796,-30.137088263932796,-19.107234066297295,-19.107234066297295,144.28402366864066,-254.73321858863565,,,4.036681522111765,6.184773610662947,4.930278473016471,,
1539178200,112.47,112.96,112.25,112.88,110.98749379554509,109.64394773311406,110.98749379554509,109.64394773311406,0,0,0,0,0,113.86505,110.38485,115.3301,108.91980000000001,112.4,115.09575799555112,113.71424200444886,,,,,10571316,0.65,0.65,-0.08417717443147074,-0.22743708670813478,-1.4470581603902146,-78.31217809393445,-42.73854814100834,-42.73854814100834,-26.98433875786764,-26.98433875786764,144.28402366864066,-254.73321858863565,,,3.7967089475488573,6.091124016031022,4.928013598839712,,
1539264600,114.2,116.04,114.09,115.78,110.99374435739216,109.81931841024684,110.99374435739216,109.81931841024684,0,0,0,0,0,113.86505,110.38485,115.3301,108.91980000000001,112.4,115.12488069630176,113.56011930369826,,,,,26810920,0.67,0.66,1.688978905543601,0.40528227493768687,-0.9733079098901474,-82.90939115437946,-21.499730922935953,-21.499730922935953,-10.530515253072572,-10.530515253072572,256.86858656074173,-254.73321858863562,,,2.219746314706893,5.939305282645762,4.922602475394891,,
1539351000,115.58,115.71,115.08,115.23,111.0019406723624,110.02624710004109,111.0019406723624,110.02624710004109,0,0,0,0,0,113.86505,110.38485,115.3301,108.91980000000001,112.4,114.77512708474923,113.20987291525078,,,,,12939315,0.66,0.66,1.1088980313575603,0.4089356739078592,-1.0556799174452967,-34.341167933766826,-7.023531747898231,-7.023531747898231,21.928866602177216,21.928866602177216,256.86858656074173,-254.73321858863562,,,1.3712718546451907,5.760166716841818,4.915506909719068,,
1539610200,116.12,116.53,115.89,116,111.01172280888116,110.25650799807869,111.01172280888116,110.25650799807869,0,0,0,0,0,113.86505,110.38485,115.3301,108.91980000000001,112.4,114.7216910078196,113.17490899218039,,,,,11828366,0.65,0.66,1.5327395749573238,0.6370910631634452,-0.9362444731290094,-5.386234563680585,12.727775511462857,12.727775511462857,52.230390030185035,52.230390030185035,256.86858656074173,-254.73321858863562,,,0.6770654782310646,5.5608294133668865,4.90703849527054,,
1539696600,116.49,116.6,115.8,115.8,111.02130737869358,110.4742449393305,111.02130737869358,110.4742449393305,0,0,0,0,0,113.86505,110.38485,115.3301,108.91980000000001,112.4,114.72205027791368,113.17454972208633,,,,,9531769,0.64,0.66,0.8616281189149272,0.7459055119612553,-0.9932200241314318,-9.793153752146708,33.012735931430356,33.012735931430356,73.58265677136535,73.58265677136535,256.86858656074173,-254.73321858863562,,,0.7541995200548591,5.372334123433082,4.8987411147006785,,
1539783000,115.89,116.33,115.68,115.79,111.030635435879,110.67878435347441,111.030635435879,110.67878435347441,0,0,0,0,0,113.86505,110.38485,115.3301,108.91980000000001,112.4,114.71961636311622,113.1769836368838,,,,,7078639,0.64,0.66,1.0630510478907136,0.640214014714169,-1.023836596698274,-15.669046003434174,57.084812137533426,57.084812137533426,105.22896454973957,105.22896454973957,256.86858656074173,-254.73321858863562,,,0.8570449091532395,5.195263958167206,4.890665797606678,,
1539869400,115.83,116.41,115.63,115.92,110.39404918944102,110.2533644049333,110.39404918944102,110.2533644049333,0,0,0,0,0,113.86505,110.38485,115.3301,108.91980000000001,112.4,114.7141336547017,113.18246634529831,,,,,7964106,0.64,0.66,1.0934794787222877,0.6154709761404475,-0.9523550319687916,-18.117334441471375,82.87305321515241,82.87305321515241,134.44953537039038,134.44953537039038,256.86858656074173,-254.73321858863562,,,0.3189655172413832,5.004036568326978,4.881531531312242,,
1539955800,116.23,116.24,115.96,116.01,110.4146686832184,110.48630551490861,110.4146686832184,110.48630551490861,0,0,0,0,0,113.86505,110.38485,115.3301,108.91980000000001,112.4,114.71115274304148,113.18544725695853,,,,,7453947,0.64,0.66,0.9879200224832235,0.7210982425733525,-0.9883243834073994,-2.4480773968822946,128.8220409605753,128.8220409605753,220.72001645142106,220.72001645142106,256.86858656074173,-254.73321858863562,240.72001645142106,,0.043099732781666546,4.809490025756573,4.8718643349115816,,
1540215000,115.57,115.7789,115.43,115.71,110.42470091362155,110.68040333785336,110.42470091362155,110.68040333785336,0,0,0,0,0,113.86505,110.38485,115.3301,108.91980000000001,112.4,114.7120245052475,113.18457549475251,,,,,5200759,0.65,0.66,1.4326635138096857,0.664380120316856,-1.053952874378823,-28.39769780382808,159.96267742902444,159.96267742902444,222.2439503659227,222.2439503659227,256.86858656074173,-254.73321858863562,242.2439503659227,,0.49995690026721684,4.640488726717775,4.863129255122082,,
1540301400,117.16,117.25,116.33,116.39,110.79748313241,111.25030480674332,110.79748313241,111.25030480674332,0,0,0,0,1,113.86505,110.38485,115.3301,108.91980000000001,112.4,114.92066563709062,113.3893343629094,,,,,12704177,0.66,0.66,1.707149803781576,0.8198724579001675,-0.6896849778280162,-2.9281016459722786,186.44100065342144,186.44100065342144,239.39764710221544,239.39764710221544,256.86858656074173,-254.73321858863562,259.39764710221544,,0.05155082051722852,4.460530377455009,4.853515711796199,,
1540387800,116.38,116.72,116.1101,116.66,111.06462175147598,111.68905699300342,111.06462175147598,111.68905699300342,0,0,0,0,1,113.86505,110.38485,115.3301,108.91980000000001,112.4,114.91295887789687,113.39704112210315,,,,,8563293,0.66,0.66,1.6967740673873644,0.6380224164662474,-0.6205945696267137,-26.773941745389127,204.99129197378332,204.99129197378332,242.09187461450705,242.09187461450705,256.86858656074173,-254.73321858863562,262.09187461450705,,0.47136979255956957,4.304092707459109,4.844760175494027,,
1540474200,116.58,116.73,116.19,116.4,111.07487165806643,111.86574887563073,111.07487165806643,111.86574887563073,0,0,0,1,1,113.86505,110.38485,115.3301,108.91980000000001,112.4,114.91367601481168,113.39632398518832,,,,,8303495,0.63,0.66,0.27191026656398587,0.6803324364840343,-0.6164983929547689,-23.047751831799772,212.12692694924974,212.12692694924974,226.39819690018254,226.39819690018254,256.86858656074173,-254.73321858863562,246.39819690018254,,0.4028801645808322,4.151103980287412,4.8358852903573375,,
1540560600,116.83,117.65,116.46,116.77,111.19016181179445,112.14738015385124,111.19016181179445,112.14738015385124,0,0,0,1,1,113.86505,110.38485,115.3301,108.91980000000001,112.4,115.11590072776507,113.59409927223496,,,,,15733170,0.63,0.67,0.6775294371775861,0.971154546242877,-0.4904062347065646,-15.989740888561961,213.77641165704165,213.77641165704165,217.07538107262548,217.07538107262548,256.86858656074173,-254.73321858863562,237.07538107262548,,0.265479147041194,3.998726535846384,4.826753609751311,,
1540819800,116.41,116.54,115.84,116.31,111.19947077920345,112.2925534811512,111.19947077920345,112.2925534811512,0,0,0,0,1,113.86505,110.38485,115.3301,108.91980000000001,112.4,115.11703420556334,113.59296579443667,,,,,8732486,0.64,0.67,0.13527631525056338,0.6945517941172703,-0.5256615891076006,-55.029627733361814,172.8269746293571,172.8269746293571,200.12659931448013,200.12659931448013,256.86858656074173,-254.73321858863562,,,0.79643744112357,3.8731465713474504,4.818701029993813,,
1540906200,115.85,116.04,115.635,115.8,111.20835565277149,112.42407491326291,111.20835565277149,112.42407491326291,0,0,0,0,1,113.86505,110.38485,115.3301,108.91980000000001,112.4,115.112226884519,113.59777311548099,,,,,7233614,0.66,0.67,0,0.6071057002319042,-0.6356290592685465,-67.15981449179102,109.65374935639065,109.65374935639065,169.96898266178363,169.96898266178363,256.86858656074173,-254.73321858863562,,,0.971996231908873,3.7593759698008395,4.811015306121515,,
1540992600,114.89,115.17,114.66,115.15,111.2152942029158,112.5125857009781,111.2152942029158,112.5125857009781,0,0,0,0,0,113.86505,110.38485,115.3301,108.91980000000001,112.4,115.11257950888174,113.59742049111827,,,,,11409346,0.66,0.67,-0.2786957907423947,0.32465128373803775,-0.6645009652584932,-124.85216614773584,41.8594025329744,41.8594025329744,127.26578928551389,127.26578928551389,256.86858656074173,-254.73321858863562,,,1.8069709685706943,3.6828110677918144,4.805013219533002,,
1541079000,116.33,117.07,116.18,116.63,111.22522548322965,112.65663724211622,111.22522548322965,112.65663724211622,0,0,0,0,0,120.525,113.455,123.4,110.58,116.33,115.13258457247316,113.57741542752683,,,,,13662915,0.57,0.67,0.3022628273999478,0.5884423381230155,-0.36276422636104877,-34.91126920718617,25.25834753372706,25.25834753372706,93.26330870158495,93.26330870158495,256.86858656074173,-254.73321858863562,,,0.50526676372355,3.558201487240118,4.796422317523393,,
1541165400,116.61,116.98,116.39,116.65,111.23555230544098,112.80319264438617,111.23555230544098,112.80319264438617,0,0,0,0,0,120.525,113.455,123.4,110.58,116.33,115.12864951534111,113.5813504846589,,,,,8796962,0.59,0.67,0.2726478539072303,0.7944862687710181,-0.26812798513456004,-37.14655392333876,29.232654499611304,29.232654499611304,71.91975730092707,71.91975730092707,256.86858656074173,-254.73321858863562,,,0.32542605121178,3.431425979944889,4.787489258050243,,
1541428200,116.28,116.67,116.23,116.37,111.24554201112441,112.93778901127298,111.24554201112441,112.93778901127298,0,0,0,0,0,120.525,113.455,123.4,110.58,116.33,115.1290853928309,113.58091460716912,,,,,6291450,0.57,0.66,0.2819284732834305,0.7293268683752144,-0.2578252314239755,-59.738162097376446,30.83818308947618,30.83818308947618,58.225899230443446,58.225899230443446,256.86858656074173,-254.73321858863562,,,0.4624475464588439,3.3149954531415147,4.7788478160690415,,
1541514600,116.44,116.525,115.74,116.04,111.2545425265867,113.04808355985051,111.2545425265867,113.04808355985051,0,0,0,0,0,120.525,113.455,123.4,110.58,116.33,115.1294257664657,113.5805742335343,,,,,7270793,0.59,0.66,-0.15342719352326106,0.6194664617394514,-0.37411185881958364,-113.94501288944207,22.27866410411971,22.27866410411971,46.24348752166887,46.24348752166887,256.86858656074173,-254.73321858863562,,,0.8820758756529941,3.219586842259612,4.771062057946332,,
1541601000,116.26,116.345,115.9,116.03,111.2638415425176,113.16026459671912,111.2638415425176,113.16026459671912,0,0,0,0,0,120.525,113.455,123.4,110.58,116.33,115.12907073881992,113.58092926118009,,,,,8392112,0.61,0.66,-0.27560410709137234,0.7766979839594572,-0.20710562479263478,-96.24481671244017,6.178444918591456,6.178444918591456,32.888473320643065,32.888473320643065,256.86858656074173,-254.73321858863562,,,0.7450543804059179,3.122546353559467,4.763018086562635,,
1541687400,115.77,116.15,115.5,115.78,111.27233077020487,113.25251696547524,111.27233077020487,113.25251696547524,0,0,0,0,0,120.525,113.455,123.4,110.58,116.33,115.129744357077,113.580255642923,,,,,7638817,0.62,0.67,-0.27189121293505425,0.9810537598793458,-0.4115753559207123,-140.49530715494254,-20.76102561436517,-20.76102561436517,15.005307008973652,15.005307008973652,256.86858656074173,-254.73321858863562,,,1.08760811852359,3.0427448541462954,4.755674610103017,,
1541773800,114.6,114.75,114.14,114.48,111.27811292650816,113.28835159428013,111.27811292650816,113.28835159428013,0,0,0,0,0,120.525,113.455,123.4,110.58,116.33,115.1155585834656,113.59444141653441,,,,,14159472,0.65,0.67,-0.9882491758022003,0.44378744438663437,-0.6448041208096277,-273.5838530210574,-65.21414790971794,-65.21414790971794,-11.734511297256873,-11.734511297256873,256.86858656074173,-254.73321858863562,,,2.252290828123658,3.0117466570473685,4.750672844304856,,
1542033000,114.01,114.05,113.58,113.66,111.28277583774391,113.30103976705345,111.28277583774391,113.30103976705345,0,0,0,0,0,120.525,113.455,123.4,110.58,116.33,115.12277511378409,113.58722488621594,,,,,7499046,0.63,0.67,-1.1419352710729274,0.280192091824789,-0.7309018010387557,-273.5838530210574,-105.39067729146115,-105.39067729146115,-42.953233295324964,-42.953233295324964,256.86858656074173,-254.73321858863562,,,2.731866061488394,3.000770947417605,4.746639264319208,,
1542119400,113.72,113.93,113.42,113.7,111.28711294895722,113.30701859971802,111.28711294895722,113.30701859971802,0,0,0,0,0,120.525,113.455,123.4,110.58,116.33,115.10286270870684,113.64713729129318,,,,,9309074,0.63,0.66,-0.9098218358844568,-0.04324387405163546,-0.7649390308934867,-273.5838530210574,-129.76844791632155,-129.76844791632155,-71.89163816899048,-71.89163816899048,256.86858656074173,-254.73321858863562,,,2.868887556735458,2.995599049743795,4.742887512655704,,
1542205800,113.53,115.06,113.46,114.64,111.29152051549276,113.31431590953301,111.29152051549276,113.31431590953301,0,0,0,0,0,120.525,113.455,123.4,110.58,116.33,115.25219174846885,113.77780825153114,,,,,13950218,0.59,0.66,-0.2203789625857746,0.30901065948438433,-0.5982855574082085,-270.3171801491648,-127.4716081053257,-127.4716081053257,-90.41829481443555,-90.41829481443555,256.86858656074173,-254.73321858863562,,,2.834632182923698,2.9892866235939874,4.739074814694201,,
1542292200,114.83,114.99,114.56,114.77,111.29809509987739,113.36403293268857,111.29809509987739,113.36403293268857,0,0,0,0,0,120.525,113.455,123.4,110.58,116.33,115.47770034044636,114.02219965955366,,,,,8910585,0.61,0.66,-0.7956338754956004,0.32743142102639045,-0.40571047725988607,-180.48367617210036,-102.74567936079943,-102.74567936079943,-94.52742299655685,-94.52742299655685,256.86858656074173,-254.73321858863562,,,1.892609403100106,2.946279673770698,4.7333875711145925,,
1542378600,115.83,115.88,115.37,115.62,111.30625874603149,113.4432473274851,111.30625874603149,113.4432473274851,0,0,0,0,0,120.525,113.455,123.4,110.58,116.33,115.48167678651014,114.01822321348989,,,,,8576955,0.59,0.67,-0.4388735234735388,0.45893945793042784,-0.35202958412637525,-114.33355051626229,-82.66263724251267,-82.66263724251267,-58.93306573442433,-58.93306573442433,256.86858656074173,-254.73321858863562,,,1.198938083411828,2.8777564741487813,4.726325733976325,,
1542637800,115.45,115.92,115.37,115.67,111.31440608120424,113.51935527542686,111.31440608120424,113.51935527542686,0,0,0,0,0,120.525,113.455,123.4,110.58,116.33,115.48075765746273,114.01914234253728,,,,,8508445,0.57,0.67,-0.2992599501600519,0.7988558004783338,-0.27354439400699787,-114.33355051626229,-61.263019918903616,-61.263019918903616,-18.463785271685495,-18.463785271685495,256.86858656074173,-254.73321858863562,,,1.198938083411828,2.8119204588257634,4.71927800640277,,
1542724200,115.94,115.95,115.37,115.67,111.32253713798505,113.59247859795914,111.32253713798505,113.59247859795914,0,0,0,0,0,120.525,113.455,123.4,110.58,116.33,115.48028075640634,114.01961924359368,,,,,9075193,0.58,0.67,-0.15892146860442977,0.7845631815005274,-0.2657067130160633,-114.33355051626229,-35.63947885827884,-35.63947885827884,15.607603262970699,15.607603262970699,256.86858656074173,-254.73321858863562,,,1.198938083411828,2.748666248025217,4.7122443602029875,,
1542810600,115.94,116.35,115.86,115.86,111.33162117966741,113.68175786862741,111.33162117966741,113.68175786862741,0,0,0,0,0,120.525,113.455,123.4,110.58,116.33,115.46630002713759,114.03359997286243,,,,,8834206,0.58,0.67,-0.0738900831384563,0.7686810275958879,-0.060719828836971745,-74.31680783557067,-6.229134528320305,-6.229134528320305,52.591554131596766,52.591554131596766,256.86858656074173,-254.73321858863562,,,0.77930975421769,2.6714365816013923,4.704386349002218,,
1542983400,115.76,115.88,115.585,115.77,111.34014311537237,113.7568595208381,111.34014311537237,113.7568595208381,0,0,0,0,0,120.525,113.455,123.4,110.58,116.33,115.42327532011912,114.0766246798809,,,,,3726611,0.6,0.67,-0.004415671053991263,-0.0025493888716746948,-0.07911989599647799,-96.77518382983708,24.42989090191368,24.42989090191368,85.74794176238166,85.74794176238166,256.86858656074173,-254.73321858863562,,,1.014815449173591,2.6064710469963805,4.69701457897259,,
1543242600,115.84,115.87,115.53,115.64,111.34853923302397,113.82688071609935,111.34853923302397,113.82688071609935,0,0,0,0,0,120.525,113.455,123.4,110.58,116.33,115.42155350853903,114.07834649146099,,,,,4018622,0.61,0.66,0.5188720981689051,0.10519367230473843,-0.025056104642573566,-101.26685902868967,48.65427944407989,48.65427944407989,97.10305652841231,97.10305652841231,256.86858656074173,-254.73321858863562,,,1.061916588164764,2.5459002839049445,4.689751645924023,,
1543329000,115.55,115.63,114.6,114.95,111.35507901477617,113.85805009978174,111.35507901477617,113.85805009978174,0,0,0,0,0,120.525,113.455,123.4,110.58,116.33,115.41712097482356,114.08277902517648,,,,,9671170,0.64,0.67,0.5788749658912936,-0.2665467504645497,-0.23483227873315768,-177.21700330020778,53.45141713807549,53.45141713807549,63.04569252606669,63.04569252606669,256.86858656074173,-254.73321858863562,,,1.858354029288346,2.5189376856846857,4.6840945078288465,,
1543415400,114.76,116.07,114.59,115.38,111.36158594981158,113.88760891939813,111.36158594981158,113.88760891939813,0,0,0,0,0,120.525,113.455,123.4,110.58,116.33,115.4160855004818,114.08381449951823,,,,,13789016,0.62,0.67,0.7527530635404734,-0.10668019927858086,-0.09076452938769532,-168.40671795478005,37.333533463960066,37.333533463960066,48.078789246703685,48.078789246703685,256.86858656074173,-254.73321858863562,,,1.86691787274128,2.4933682812555324,4.678465783283217,,
1543501800,115.97,116.24,115.56,115.74,111.36999856529647,113.95366739314723,111.36999856529647,113.95366739314723,0,0,0,0,0,120.525,113.455,123.4,110.58,116.33,115.41323920149031,114.08666079850971,,,,,6479502,0.62,0.67,0.4882575876366831,-0.012686178456518288,-0.043851532266829876,-89.10840901490808,42.54612835726404,42.54612835726404,46.2345689502238,46.2345689502238,256.86858656074173,-254.73321858863562,,,1.036225057805938,2.4362254097477054,4.671188579036509,,
1543588200,115.42,115.66,115.04,115.54,111.37736580093025,113.99694710321988,111.37736580093025,113.99694710321988,0,0,0,0,0,120.525,113.455,123.4,110.58,116.33,115.41355669297984,114.08634330702019,,,,,8169579,0.61,0.67,0.3464025248085508,-0.09771996484027436,-0.16815348843395805,-131.61884267339585,34.64752279128857,34.64752279128857,42.372220230578726,42.372220230578726,256.86858656074173,-254.73321858863562,,,1.481544917358902,2.3987869590657915,4.664815664627563,,
1543847400,116.6,116.77,116.295,116.41,111.38720073439492,114.08725309917205,111.38720073439492,114.08725309917205,0,0,0,0,0,118.89499999999998,114.775,120.71999999999998,112.95,116.6,115.41676122387969,114.08313877612034,,,,,8475664,0.59,0.68,0.3509062401812405,0.10223530625322529,0.09463671375713896,-29.021546055314328,46.97162377167307,46.97162377167307,56.17043085386176,56.17043085386176,256.86858656074173,-254.73321858863562,,,0.4067825640147249,2.3206691396520243,4.65630810598498,,
1543933800,117.37,117.39,116.931,117.12,111.73147986032056,114.5273954323442,111.73147986032056,114.5273954323442,0,0,0,0,0,118.89499999999998,114.775,120.71999999999998,112.95,116.6,115.42026906836065,114.07963093163939,,,,,7186437,0.6,0.68,0.6421490125280356,0.3603928316458336,0.19016734870080737,-15.388903463634836,60.74059170628999,60.74059170628999,88.27852757552382,88.27852757552382,256.86858656074173,-254.73321858863562,,,0.16137295081967823,2.2359908577370304,4.64732721656407,,
1544106600,117.38,117.685,116.92,117.14,111.76089263720495,114.6400996588542,111.76089263720495,114.6400996588542,0,0,0,0,0,118.89499999999998,114.775,120.71999999999998,112.95,116.6,115.43757026147696,114.09732973852303,,,,,9267628,0.6,0.68,0.6510237316829346,0.1905834519303961,0.21999843811957048,-17.909950929488957,78.099939785081,78.099939785081,112.81863594266305,112.81863594266305,256.86858656074173,-254.73321858863562,,,0.18780945876728602,2.1556700185617466,4.638417091173867,,
1544193000,117.62,118.23,117.54,118.09,112.6770150410969,115.64730301047356,112.6770150410969,115.64730301047356,0,0,0,0,0,118.89499999999998,114.775,120.71999999999998,112.95,116.6,115.71869207136915,114.36120792863088,,,,,10402903,0.61,0.68,0.9930395758983386,0.3651309575136583,0.3113670912735527,-44.41467634601441,97.25065474234498,97.25065474234498,135.55208465687295,135.55208465687295,256.86858656074173,-254.73321858863562,,,0.4657464645609257,2.089398506640146,4.63008008692489,,
1544452200,117.7,117.94,117.42,117.68,112.68650492113467,115.71708328457264,112.68650492113467,115.71708328457264,0,0,0,0,0,118.89499999999998,114.775,120.71999999999998,112.95,116.6,115.72103585187834,114.35886414812167,,,,,8118110,0.62,0.68,0.8497170138619424,0.326989149910031,0.3787243396608339,-52.833636448993914,114.3565460256649,114.3565460256649,148.56832859230477,148.56832859230477,256.86858656074173,-242.71016311166198,,,0.5673638750105865,2.029710874027222,4.62196277181617,,
1544538600,117.67,117.89,117.35,117.54,112.6958373788347,115.78140943027567,112.6958373788347,115.78140943027567,0,0,0,0,1,118.89499999999998,114.775,120.71999999999998,112.95,116.6,115.72153481516365,114.35836518483637,,,,,6395391,0.62,0.68,0.8482467052853329,0.19655110109131227,0.4538172631725543,-58.35356861530729,127.2487637678769,127.2487637678769,153.03319925230088,153.03319925230088,256.86858656074173,-242.71016311166198,,,0.6266406977728928,1.9746885141741108,4.61398011032957,,
1544625000,117.7,117.95,117.6117,117.79,112.70566883861724,115.85337309967663,112.70566883861724,115.85337309967663,0,0,0,0,1,118.89499999999998,114.775,120.71999999999998,112.95,116.6,115.71245740201138,114.36744259798863,,,,,4136781,0.61,0.68,1.2817065397051597,0.3811213411830727,0.43186127289737175,-37.71690793067755,138.96206476806455,138.96206476806455,162.38866676843986,162.38866676843986,256.86858656074173,-242.71016311166198,,,0.4050300618172617,1.913133280748352,4.605570619723152,,
1544711400,117.54,117.62,117.26,117.53,112.71478498479384,115.90886042910108,112.71478498479384,115.90886042910108,0,0,0,0,0,118.89499999999998,114.775,120.71999999999998,112.95,116.6,115.71097743020671,114.36892256979331,,,,,4131770,0.6,0.68,0.9691602948049388,0.44860551097944196,0.4852395688622024,-65.45062425770858,141.51353867199254,141.51353867199254,146.61648647984853,146.61648647984853,256.86858656074173,-242.71016311166198,,,0.7028537556101264,1.8656713385860688,4.597772983631018,,
1544797800,116.63,117.3,116.58,117.06,112.72253786194709,115.9357717848226,112.72253786194709,115.9357717848226,0,0,0,0,0,118.89499999999998,114.775,120.71999999999998,112.95,116.6,115.70638442185563,114.37351557814436,,,,,7501660,0.61,0.69,0.5918107657738861,0.4969368533449941,0.3728390452561022,-119.0728224447476,96.11052043652987,96.11052043652987,126.37919926017165,126.37919926017165,256.86858656074173,-242.71016311166198,,,1.2786857481581888,1.842652295824191,4.591141440703001,,
1545057000,117.37,118.03,117.35,117.87,112.73179832575939,115.99152191090799,112.73179832575939,115.99152191090799,0,0,0,0,0,118.89499999999998,114.775,120.71999999999998,112.95,116.6,115.70929566130928,114.37060433869073,,,,,8455007,0.61,0.69,1.0440369883755316,0.3177921092975746,0.44453397510604054,-58.35356861530729,86.01494732402708,86.01494732402708,112.92444861479012,112.92444861479012,256.86858656074173,-242.71016311166198,,,0.6266406977728928,1.794965566488846,4.583220360297546,,
1545143400,117.85,118.2,117.81,118.15,112.79911450247003,116.11959077189634,112.79911450247003,116.11959077189634,0,0,0,0,0,118.89499999999998,114.775,120.71999999999998,112.95,116.6,115.70908014773505,114.37081985226494,,,,,7542875,0.62,0.68,0.7799965196840025,0.38741782123509816,0.5169541005591449,-26.797483639049666,96.16187863670032,96.16187863670032,107.33692528876018,107.33692528876018,256.86858656074173,-242.71016311166198,,,0.28776978417266474,1.7358598495352702,4.57463804146413,,
1545229800,118.24,118.96,117.4,117.43,112.80832206590166,116.1700970161357,112.80832206590166,116.1700970161357,0,0,0,0,0,118.89499999999998,114.775,120.71999999999998,112.95,116.6,116.08148732200222,114.72841267799778,,,,,13827509,0.61,0.68,0.13738808069377767,0.27297484619432644,0.413354035326113,-59.11209626260897,95.01768835157205,95.01768835157205,103.23051297636414,103.23051297636414,256.86858656074173,-242.71016311166198,,,0.6347862886161659,1.6926804942051092,4.566766209790108,,
1545316200,119.11,119.74,118.68,119.24,113.85870554409598,117.2984496812787,113.85870554409598,117.2984496812787,0,0,0,0,0,118.89499999999998,114.775,120.71999999999998,112.95,116.6,116.50570239850241,115.08419760149759,,,,,18615143,0.61,0.68,0.903321632607935,0.8022504448075677,0.9337745671376799,-43.73356521434839,107.11545584986848,107.11545584986848,114.88534159687715,114.88534159687715,256.86858656074173,-242.71016311166198,,,0.4696410600469541,1.644718163453809,4.558580145554857,,
1545402600,119.19,119.25,118.57,118.72,113.86813210644544,117.34857714475797,113.86813210644544,117.34857714475797,0,0,0,0,0,118.89499999999998,114.775,120.71999999999998,112.95,116.6,116.50100650041715,115.08889349958285,,,,,13629830,0.6,0.68,0.26831978345383456,0.673203907831963,0.8377319300660719,-52.32408695288236,113.44055639242094,113.44055639242094,126.09075747752588,126.09075747752588,256.86858656074173,-242.71016311166198,,,0.5618919825561907,1.6022543916539025,4.5505947546197945,,
1545661800,119.57,120.14,119.57,120.02,114.62290551582069,118.17339259374383,114.62290551582069,118.17339259374383,0,0,0,0,0,118.89499999999998,114.775,120.71999999999998,112.95,116.6,116.71728474151304,115.27261525848697,,,,,9736359,0.6,0.68,0.9933724160027112,1.0562593896158967,1.3224297697752747,-32.66165883093372,124.3472836772334,124.3472836772334,146.16073824685833,146.16073824685833,224.6314788397686,-242.71016311166196,,,0.37493751041493323,1.5541243178798252,4.542251783102902,,
1545834600,120.62,120.995,119.57,119.66,114.63279881149337,118.22833798222446,114.63279881149337,118.22833798222446,0,0,0,0,1,118.89499999999998,114.775,120.71999999999998,112.95,116.6,117.14957347256184,115.69532652743816,,,,,14293459,0.6,0.67,0.9035491589264718,1.3087030756025133,1.2865896768171186,-32.66165883093372,135.60858620803214,135.60858620803214,158.13119126962962,158.13119126962962,224.6314788397686,-242.71016311166196,,,0.37493751041493323,1.507881697979241,4.533925480859769,,
1545921000,120.57,120.895,120.14,120.57,115.16807400166118,118.82401668142292,115.16807400166118,118.82401668142292,0,0,0,0,1,118.89499999999998,114.775,120.71999999999998,112.95,116.6,117.15041563579535,115.69448436420464,,,,,11874408,0.6,0.68,1.1761910590020845,1.749247524146645,1.2503766915461303,-31.067659836924356,149.33542483413117,149.33542483413117,176.78910208632925,176.78910208632925,224.6314788397686,-242.71016311166196,,,0.3566392966741251,1.4627349371437464,4.52557925471754,,
1546007400,120.8,121.08,120.72,121.06,115.64628481146839,119.36246915211568,115.64628481146839,119.36246915211568,0,0,0,0,1,118.89499999999998,114.775,120.71999999999998,112.95,116.6,117.20471461306117,115.77528538693885,,,,,6864842,0.62,0.68,1.5005231944240598,1.8671253095265292,1.2369027870422982,-24.465697075502522,163.39759897569053,163.39759897569053,191.5219472588092,191.5219472588092,224.6314788397686,-242.71016311166196,,,0.2808524698496641,1.416386605092998,4.5170982821204015,,
1546266600,120.98,121.26,120.83,121.25,115.83779097047965,119.60017336307183,115.83779097047965,119.60017336307183,0,0,0,1,1,118.89499999999998,114.775,120.71999999999998,112.95,116.6,117.29131418827002,115.86868581172999,,,,,8449441,0.66,0.68,1.7886447973307642,1.6635017235688765,1.2129471488411603,-30.174972976187597,177.97508465433012,177.97508465433012,207.13005601160927,207.13005601160927,224.6314788397686,-242.71016311166196,227.13005601160927,,0.346391752577321,1.374426022641403,4.508765202141294,,
1546439400,121.35,121.75,120.88,121.33,115.92415065775336,119.726356001283,115.92415065775336,119.726356001283,0,0,0,1,1,123.7425,118.86749999999999,126.22500000000001,116.38499999999999,121.35,117.53660714898517,116.11339285101482,,,,,12776155,0.65,0.67,1.4677699073882444,1.6500609806006927,1.1859982569397827,-32.3090109032281,191.04809929545877,191.04809929545877,217.19412857771607,217.19412857771607,224.6314788397686,-242.71016311166196,237.19412857771607,,0.3708893101458855,1.3350716417592257,4.500497717841603,,
1546525800,121.78,122.46,121.73,122.43,116.98465444292553,120.84809875459035,116.98465444292553,120.84809875459035,0,0,0,1,1,123.7425,118.86749999999999,126.22500000000001,116.38499999999999,121.35,117.88692185392826,116.47307814607176,,,,,15440840,0.68,0.68,1.796336109330363,1.6862853868722398,1.5070896213209755,-49.80690290183159,206.34996684815545,206.34996684815545,236.9537019535488,236.9537019535488,224.6314788397686,-242.71016311166196,256.95370195354883,,0.571755288736423,1.3051376671308805,4.492648082618616,,
1546612200,121.32,121.6,120.69,121.44,116.99209249598663,120.84258115637112,116.99209249598663,120.84258115637112,0,0,0,1,0,123.7425,118.86749999999999,126.22500000000001,116.38499999999999,121.35,117.89604114820231,116.46395885179771,,,,,13334368,0.63,0.67,1.677963163781263,1.4151796048835132,1.0445116188376262,-123.80573007026727,211.11509444455197,211.11509444455197,220.645349637345,220.645349637345,224.6314788397686,-242.71016311166196,240.645349637345,,1.421220289144825,1.3096899268177018,4.4865113637505365,,
1546871400,122.16,122.22,121.5731,121.86,117.00126247901163,120.87156499337618,117.00126247901163,120.87156499337618,0,0,0,0,1,123.7425,118.86749999999999,126.22500000000001,116.38499999999999,121.35,117.89682653493793,116.4631734650621,,,,,7473641,0.65,0.67,1.1125363997943607,1.5643869742842296,1.0707826898559352,-60.97076442368547,210.31612710738702,210.31612710738702,210.84877199883033,210.84877199883033,224.6314788397686,-242.71016311166196,230.84877199883033,,0.6999101527403497,1.285776994500943,4.478945726965302,,
1546957800,121.15,121.71,121.06,121.53,117.00939921731529,120.87949185638104,117.00939921731529,120.87949185638104,0,0,0,0,0,123.7425,118.86749999999999,126.22500000000001,116.38499999999999,121.35,117.89856381198094,116.46143618801908,,,,,7643363,0.65,0.67,1.1966067971386856,1.4284266390609055,1.1636794650808395,-97.4792242507275,181.81657464389858,181.81657464389858,201.17137288051975,201.17137288051975,224.6314788397686,-242.71016311166196,,,1.1190067793841416,1.27923698606499,4.47223256223487,,
1547044200,121.45,122.335,121.44,122.31,117.01827134675123,120.90186080318962,117.01827134675123,120.90186080318962,0,0,0,0,1,123.7425,118.86749999999999,126.22500000000001,116.38499999999999,121.35,117.91463837737017,116.51536162262984,,,,,10555933,0.65,0.66,1.0003698246622605,1.7100145704454677,1.241115555266908,-70.44119124687647,174.26682677812917,174.26682677812917,192.20319084638956,192.20319084638956,224.6314788397686,-242.71016311166196,,,0.808625336927231,1.2607816272752739,4.464912667678811,,
1547130600,121.98,122.179,121.57,121.59,117.02738289251197,120.92839959522139,117.02738289251197,120.92839959522139,0,0,0,0,1,123.7425,118.86749999999999,126.22500000000001,116.38499999999999,121.35,118.0633764257897,116.64662357421028,,,,,6672058,0.68,0.66,0.8406195926792017,1.5482441686375865,1.215362540278008,-61.1913378508224,154.36891329827841,154.36891329827841,179.59176499701917,179.59176499701917,224.6314788397686,-242.71016311166196,,,0.7024422118761853,1.23888596392629,4.457395244190693,,
1547217000,121.74,122.05,121.66,121.8,117.03665425536408,120.95739176795782,117.03665425536408,120.95739176795782,0,0,0,0,1,123.7425,118.86749999999999,126.22500000000001,116.38499999999999,121.35,118.65169802334962,117.22830197665039,,,,,8622666,0.68,0.66,0.5367896358026756,1.8103362175732962,1.2809654719545462,-54.78759319201527,137.72936697198492,137.72936697198492,165.63763232200776,165.63763232200776,224.6314788397686,-242.71016311166196,,,0.6289308176100713,1.2149661542668304,4.449745964617105,,
1547476200,122.15,122.24,121.87,122.09,117.0463224786301,120.99339993392026,117.0463224786301,120.99339993392026,0,0,0,0,1,123.7425,118.86749999999999,126.22500000000001,116.38499999999999,121.35,118.55326588486375,117.32673411513623,,,,,6477072,0.67,0.65,0.44861504443059463,1.7703887318527045,1.4256147147129097,-39.845522321465275,135.90800406489157,135.90800406489157,155.72775623630235,155.72775623630235,224.6314788397686,-242.71016311166196,,,0.45740423098913846,1.1852578435500583,4.44176925785661,,
1547562600,122.28,122.38,121.62,121.88,117.05547687927219,121.01829013259005,117.05547687927219,121.01829013259005,0,0,0,0,0,123.7425,118.86749999999999,126.22500000000001,116.38499999999999,121.35,118.54875281842614,117.33124718157386,,,,,7512779,0.71,0.66,0.27389767849585117,1.6145586096612536,1.3273195563196483,-57.6337019292622,129.4431353539314,129.4431353539314,146.9662159421787,146.9662159421787,224.6314788397686,-242.71016311166196,,,0.661602548395003,1.1647223417792718,4.434216477218325,,
1547649000,122.04,122.44,122.02,122.27,117.06540419819473,121.0577336568022,117.06540419819473,121.0577336568022,0,0,0,0,0,123.7425,118.86749999999999,126.22500000000001,116.38499999999999,121.35,118.5436229760178,117.3363770239822,,,,,6878137,0.69,0.65,0.40818727769783625,1.771829312597189,1.3503424099572854,-29.172614556787728,142.19705605784048,142.19705605784048,145.37649598073264,145.37649598073264,224.6314788397686,-242.71016311166196,,,0.3348852405456267,1.1321797103583446,4.426026005216981,,
1547735400,122.03,122.26,121.81,122.11,117.07489629769883,121.08747743496683,117.07489629769883,121.08747743496683,0,0,0,0,0,123.7425,118.86749999999999,126.22500000000001,116.38499999999999,121.35,118.54326414670825,117.33673585329173,,,,,8558523,0.71,0.65,-0.13967939041147498,1.5107553513602643,1.397012866331433,-44.1146854273367,139.24666430442784,139.24666430442784,143.3332187552977,143.3332187552977,224.6314788397686,-242.71016311166196,,,0.5064118271665479,1.107639793370431,4.418194608257839,,
1547821800,121.23,121.515,121.02,121.02,117.08280679460653,121.08538420222303,117.08280679460653,121.08538420222303,0,0,0,0,0,123.7425,118.86749999999999,126.22500000000001,116.38499999999999,121.35,118.56024439173163,117.31975560826837,,,,,10896455,0.72,0.65,-0.18996090070284236,1.0559651957465843,1.2734315560833522,-100.32533298797544,88.81653014755571,88.81653014755571,125.16098921938371,125.16098921938371,224.6314788397686,-242.71016311166196,,,1.151678510169085,1.109366801872339,4.4116681025673525,,
1548167400,121.18,121.5,120.9,121.45,117.09046412368824,121.07871423350839,117.09046412368824,121.07871423350839,0,0,0,0,0,123.7425,118.86749999999999,126.22500000000001,116.38499999999999,121.35,118.56163593777592,117.31836406222409,,,,,7896668,0.72,0.65,-0.18483533963553564,1.1670077765132687,1.3311216800453962,-108.86365919971726,42.60522878894693,42.60522878894693,97.64240240923812,97.64240240923812,224.6314788397686,-242.71016311166196,,,1.249693702523892,1.1148698175841647,4.405350471398434,,
1548253800,120.96,121.54,120.86,121.28,117.09802703253202,121.07075289101788,117.09802703253202,121.07075289101788,0,0,0,0,0,123.7425,118.86749999999999,126.22500000000001,116.38499999999999,121.35,118.56243546160249,117.31756453839749,,,,,5224918,0.73,0.65,-0.11421221862795679,0.8659104689124348,1.1525304336956397,-111.70976793696525,5.855864146283679,5.855864146283679,67.04688965491997,67.04688965491997,224.6314788397686,-242.71016311166196,,,1.2823654333088357,1.1214382731027792,4.399110741052601,,
1548340200,121.16,121.36,120.92,121.09,117.1056935119875,121.06543316980148,117.1056935119875,121.06543316980148,0,0,0,0,0,123.7425,118.86749999999999,126.22500000000001,116.38499999999999,121.35,118.56142302886687,117.31857697113313,,,,,5662490,0.74,0.65,-0.5547166012502192,0.9303886223672768,1.194445766293153,-107.44060483109381,-26.286218727829592,-26.286218727829592,35.93585352733678,35.93585352733678,224.6314788397686,-242.71016311166196,,,1.2333578371314262,1.1258272756137067,4.392785560425386,,
1548426600,122.02,122.91,122.02,122.86,117.52600722320969,121.51172913002686,117.52600722320969,121.51172913002686,0,0,0,0,0,123.7425,118.86749999999999,126.22500000000001,116.38499999999999,121.35,118.81590237024676,117.51409762975322,,,,,11103309,0.69,0.64,0.5668186097237548,1.4180892231143116,1.5749137648322387,-59.55909935475738,-4.715141426613322,-4.715141426613322,22.385521876020082,22.385521876020082,224.6314788397686,-242.71016311166196,,,0.6837050301155815,1.1084891483392705,4.385374810115077,,
1548685800,122.75,123.29,122.7178,123.29,117.94690148647392,121.96785388812543,117.94690148647392,121.96785388812543,0,0,0,0,0,123.7425,118.86749999999999,126.22500000000001,116.38499999999999,121.35,119.00776610254708,117.70223389745293,,,,,8522178,0.7,0.64,0.6635368051050134,1.4622434261894857,1.5405066591330143,-34.9756584470789,24.698274486114318,24.698274486114318,29.323779706302794,29.323779706302794,224.6314788397686,-179.6659986639917,,,0.46410901127423904,1.0832193390426026,4.377540113214296,,
1548772200,123.71,124,123.46,123.98,118.61670520624435,122.68240522400394,118.61670520624435,122.68240522400394,0,0,0,0,0,123.7425,118.86749999999999,126.22500000000001,116.38499999999999,121.35,119.36668413257746,118.05331586742255,,,,,11610204,0.7,0.64,0.8414029260848511,1.7221566725154813,1.683353963480484,-26.571453786035597,37.62303684338882,37.62303684338882,63.47256155793783,63.47256155793783,224.63147883976862,-111.18493909190292,,,0.4194224874979918,1.0571880899624218,4.369631786289788,,
1548858600,123.91,125.07,123.7,124.69,119.3048100632908,123.39771643523648,119.3048100632908,123.39771643523648,0,0,0,0,0,123.7425,118.86749999999999,126.22500000000001,116.38499999999999,121.35,119.90760591660101,118.582394083399,,,,,12104563,0.68,0.64,1.250088116698223,2.04043208144652,1.7156304004829253,-75.33605846559743,56.406694779754034,56.406694779754034,93.97401065248448,93.97401065248448,224.63147883976862,-111.18493909190292,,,0.7939690432271993,1.0468657744041778,4.362487604984968,,
1548945000,125.18,125.23,124.62,124.75,119.37272640050728,123.50274971081093,119.37272640050728,123.50274971081093,0,0,0,0,0,123.7425,118.86749999999999,126.22500000000001,116.38499999999999,121.35,119.98379561855879,118.66620438144123,,,,,10209516,0.69,0.64,1.0998772375688084,1.8274141060030256,1.657754617080041,-10.07012038981116,78.85161722197324,78.85161722197324,123.74146210641167,123.74146210641167,224.63147883976862,-111.18493909190292,,,0.10420841683366369,1.0098988192053342,4.3539795546589914,,
1549031400,124.89,125.05,124.37,124.5,119.38271855555122,123.53690854568109,119.38271855555122,123.53690854568109,0,0,0,0,0,127.5,122.62,129.77,120.35,124.89,119.98023712032126,118.66976287967876,,,,,12485496,0.69,0.65,1.0621067744462875,1.683840229145591,1.7548095023041308,-29.43573652406407,99.61700807065662,99.61700807065662,141.14778976802342,141.14778976802342,224.63147883976862,-111.18493909190292,,,0.3046092184368701,0.9822404034889238,4.34588890463657,,
1549290600,123.99,124.29,123.82,123.96,119.3916028341615,123.54837487722301,119.3916028341615,123.54837487722301,0,0,0,0,0,127.5,122.62,129.77,120.35,124.89,119.97751256850756,118.67248743149243,,,,,6879187,0.67,0.65,1.3134283921586825,1.7357601413370312,1.6660552402692559,-72.04009201942134,109.508107949957,109.508107949957,129.29030770855772,129.29030770855772,224.63147883976862,-111.18493909190292,,,0.7454909819639333,0.9729561124487281,4.338695302393467,,
1549377000,124.29,124.42,124.05,124.28,119.40092430702033,123.56832096046917,119.40092430702033,123.56832096046917,0,0,0,0,0,127.5,122.62,129.77,120.35,124.89,119.95383447157077,118.69616552842922,,,,,6291367,0.66,0.65,1.2593332056010333,1.3188629867322361,1.6849782844641783,-54.223725175908356,112.7160098596318,112.7160098596318,119.13181367898142,119.13181367898142,224.63147883976862,-111.18493909190292,,,0.5611222444889802,0.9568057646856007,4.331147703876176,,
1549463400,124.16,124.1899,123.4,123.44,119.40894144127203,123.56224955025469,119.40894144127203,123.56224955025469,0,0,0,0,0,127.5,122.62,129.77,120.35,124.89,119.9643880849449,118.68561191505512,,,,,6595100,0.73,0.64,0.9622881224641786,1.2402180444844404,1.6552526377034766,-104.57432712496528,83.60402393339729,83.60402393339729,103.01201455088696,103.01201455088696,224.63147883976862,-111.18493909190292,,,1.0821643286573102,0.9617217868021384,4.324656228601013,,
1549549800,123.8,123.95,123.4367,123.74,119.41701515068009,123.55784105808785,119.41701515068009,123.55784105808785,0,0,0,0,0,127.5,122.62,129.77,120.35,124.89,119.9628078723153,118.68719212768472,,,,,5935456,0.71,0.64,1.1853760343225805,0.9692755055485704,1.8836488437772436,-101.73145467645723,48.43801564153401,48.43801564153401,84.82068158110265,84.82068158110265,224.63147883976862,-111.18493909190292,,,1.0527454909819625,0.9652913438287981,4.3181189444099655,,
1549636200,124.05,124.33,123.9799,124.21,119.42614719033907,123.57469438914322,119.42614719033907,123.57469438914322,0,0,0,0,0,127.5,122.62,129.77,120.35,124.89,119.9615102135522,118.6884897864478,,,,,4235221,0.69,0.64,0.599284778869391,1.1973242002983897,1.8460317002793756,-59.653843939952615,45.20710929214215,45.20710929214215,71.61615748478248,71.61615748478248,224.63147883976862,-111.18493909190292,,,0.6173146292585165,0.9516451981593753,4.310724729994078,,
1549895400,123.19,123.82,123.19,123.6,119.43369854460413,123.5602200993729,119.43369854460413,123.5602200993729,0,0,0,0,0,127.5,122.62,129.77,120.35,124.89,119.96757192610045,118.68242807389957,,,,,4821904,0.67,0.64,0.13682222867145225,0.7895244054189783,1.7772740944858805,-127.16332792618729,17.239992828755742,17.239992828755742,53.4907692661069,53.4907692661069,224.63147883976862,-111.18493909190292,,,1.25050100200401,0.963365033604263,4.304610396871221,,
1549981800,123.96,124.03,123.61,123.86,119.44206558047904,123.5626193111622,119.44206558047904,123.5626193111622,0,0,0,0,0,127.5,122.62,129.77,120.35,124.89,119.96597516091647,118.68402483908353,,,,,4271869,0.67,0.64,-0.05270095485418787,0.7270857019080277,1.592295921869783,-115.46841821575849,3.0122363289102214,3.0122363289102214,36.66459162037468,36.66459162037468,224.63147883976862,-111.18493909190292,,,0.9138276553106218,0.9614223913182378,4.297835606178792,,
1550068200,123.84,124.55,123.31,123.37,119.44982249240616,123.55327737739113,119.44982249240616,123.55327737739113,0,0,0,0,0,127.5,122.62,129.77,120.35,124.89,119.94293564150665,118.70706435849335,,,,,7640509,0.66,0.65,-0.5752143760207855,0.5485054051670918,1.5889111344288789,-145.8548440620104,-16.470124379107602,-16.470124379107602,18.953019620547252,18.953019620547252,224.63147883976862,-111.18493909190292,,,1.154308617234467,0.9689865570404429,4.291554832974108,,
1550154600,123.84,124.2,123.53,124.06,119.4579990708429,123.55284297043461,119.4579990708429,123.55284297043461,0,0,0,0,0,127.5,122.62,129.77,120.35,124.89,119.9330797329137,118.7169202670863,,,,,6276529,0.62,0.65,-0.2998300532566729,0.7042071780152965,1.6846578551418003,-123.57146510809223,-10.959869769250218,-10.959869769250218,8.982056490614763,8.982056490614763,224.63147883976862,-111.18493909190292,,,0.9779559118236464,0.9693382964437057,4.284934255709072,,
1550241000,124.59,125,124.18,124.8,119.5152293210369,123.62525871080227,119.5152293210369,123.62525871080227,0,0,0,0,0,127.5,122.62,129.77,120.35,124.89,119.95673911651615,118.73326088348387,,,,,12190104,0.64,0.65,0.13128246843888888,0.6089122340223617,1.75543195203137,-62.77345371469927,14.039730594134868,14.039730594134868,24.15507880117508,24.15507880117508,224.63147883976862,-111.18493909190292,,,0.49679487179486403,0.9508071817515943,4.277365545651302,,
1550586600,125.98,126.79,125.93,126.7,121.34396873431376,125.52424955603848,121.34396873431376,125.52424955603848,0,0,0,0,0,127.5,122.62,129.77,120.35,124.89,121.31908140844179,120.03091859155825,,,,,15614028,0.68,0.66,1.170107775717201,1.3237934513761394,2.220199282343419,-92.87538898462834,32.94769446414126,32.94769446414126,70.76362220415405,70.76362220415405,294.9679442830261,-111.18493909190295,,,0.6077348066298311,0.9373533631193682,4.270033616102807,,
1550673000,127,127.21,126.31,126.48,121.35389866691254,125.55521624011541,121.35389866691254,125.55521624011541,0,0,0,0,0,127.5,122.62,129.77,120.35,124.89,121.54720705005005,120.25279294994998,,,,,8889665,0.65,0.66,0.9360559598869458,1.1574455004348074,2.172752195439906,-47.040781433773105,56.486533691540416,56.486533691540416,103.56421214633872,103.56421214633872,294.9679442830261,-111.18493909190295,,,0.3078137332280983,0.9126655344961812,4.2621170928603,,
1550759400,126.15,126.22,125.05,125.05,121.36131645179384,125.53605089736578,121.36131645179384,125.53605089736578,0,0,0,0,0,127.5,122.62,129.77,120.35,124.89,121.56959946812728,120.23040053187275,,,,,8634596,0.6,0.64,0.6790669711928026,0.8706451453707308,1.8710912478293857,-199.01869068134815,72.4944746977093,72.4944746977093,104.51035671004705,104.51035671004705,294.9679442830261,-111.18493909190295,,,1.3022888713496492,0.9279448810394544,4.2562033501599785,,
1550845800,125.53,125.95,125.39,125.5,121.36939194339864,125.53083713668477,121.36939194339864,125.53083713668477,0,0,0,0,0,127.5,122.62,129.77,120.35,124.89,121.57041203590632,120.22958796409368,,,,,5439375,0.62,0.65,0.749988727048435,0.7939995732921148,1.475583004578209,-158.008778662161,80.4073717488665,80.4073717488665,96.2331658511809,96.2331658511809,294.9679442830261,-111.18493909190295,,,1.0339384372533562,0.9321014910870584,4.249765258425899,,
1551105000,125.78,125.9,125.23,125.37,121.3771348166386,125.51961607250105,121.3771348166386,125.51961607250105,0,0,0,0,0,127.5,122.62,129.77,120.35,124.89,121.57105899560966,120.22894100439035,,,,,4882615,0.62,0.65,0.49399710600990093,0.9494154423073538,1.5515797955566726,-177.3075607888367,80.697944952325,80.697944952325,81.27909135924203,81.27909135924203,294.9679442830261,-111.18493909190295,,,1.1602209944751372,0.9410473539650223,4.24359234281361,,
1551191400,125.33,125.6171,125.05,125.58,121.38450617564632,125.50184681475592,121.38450617564632,125.50184681475592,0,0,0,0,0,127.5,122.62,129.77,120.35,124.89,121.57106323873666,120.22893676126336,,,,,5153511,0.62,0.65,0.8482412161629175,0.9487603698885426,1.4576689962323128,-199.01869068134815,64.80777130894253,64.80777130894253,75.40122040453085,75.40122040453085,294.9679442830261,-111.18493909190295,,,1.3022888713496492,0.9552136879801056,4.237715612600895,,
1551277800,125.17,125.226,124.4,124.69,121.3905770923783,125.4595390965302,121.3905770923783,125.4595390965302,0,0,0,0,0,127.5,122.62,129.77,120.35,124.89,121.58230020228055,120.21769979771945,,,,,7935647,0.64,0.66,0.3570976311284396,0.6551980246517369,1.3636782048367666,-217.1940552807107,13.994872814223385,13.994872814223385,54.93243787442836,54.93243787442836,294.9679442830261,-111.18493909190295,,,1.8153117600631388,0.9889430241402246,4.232875644863557,,
1551364200,124.71,124.71,123.98,123.99,121.39580511017574,125.40258462215647,121.39580511017574,125.40258462215647,0,0,0,0,0,127.5,122.62,129.77,120.35,124.89,121.58919000813094,120.21080999186906,,,,,7811731,0.66,0.65,0.26708947829585983,0.531207303446056,1.254573756932768,-217.1940552807107,-39.07982959470517,-39.07982959470517,23.595015384717186,23.595015384717186,294.9679442830261,-111.18493909190295,,,2.1468034727703227,1.0343493162433657,4.228707668495739,,
1551450600,123.48,123.96,121.87,121.88,121.39684905600956,125.26594600952288,121.39684905600956,125.26594600952288,0,0,0,0,0,125.49000000000001,121.18,127.5,119.17,123.48,121.63505433884438,120.16494566115561,,,,,16411743,0.72,0.68,-0.8945694624951506,-0.09375046261874823,0.8724810129549989,-256.4332917776021,-90.72227973543838,-90.72227973543838,-14.510749655334664,-14.510749655334664,294.9679442830261,-184.56231134108998,,,3.8121546961325956,1.1432828605527472,4.227875394824683,,
1551709800,121.56,121.85,121.18,121.56,121.39652608087268,125.1078775385612,121.39652608087268,125.1078775385612,0,0,0,0,0,125.49000000000001,121.18,127.5,119.17,123.48,121.8620785718001,120.38792142819989,,,,,10272586,0.71,0.68,-1.320525285959204,-0.13227175860598928,0.8111339859544399,-256.43329177760216,-128.95869189616684,-128.95869189616684,-52.660063735612056,-52.660063735612056,294.9679442830261,-184.56231134108998,,,4.356748224151536,1.2693011101056408,4.228132882995166,,
1551796200,121.38,121.73,121.03,121.72,121.39590704774406,124.95018430175487,121.39590704774406,124.95018430175487,0,0,0,0,0,125.49000000000001,121.18,127.5,119.17,123.48,121.86128120408007,120.38871879591991,,,,,7120090,0.7,0.67,-2.036267344299189,0.17300646512576123,0.8969420654192113,-256.43329177760216,-150.02571937283346,-150.02571937283346,-85.11528228135252,-85.11528228135252,294.9679442830261,-184.56231134108998,,,4.475138121546963,1.395020208593536,4.22862639995531,,
1551882600,121.43,121.64,121.26,121.61,121.39574419649982,124.80760452521547,121.39574419649982,124.80760452521547,0,0,0,0,0,125.49000000000001,121.18,127.5,119.17,123.48,122.49203827138383,121.01296172861616,,,,,4819443,0.72,0.68,-1.9939989146622448,0.03938942575759271,0.7741968382941028,-246.03123585011548,-159.0955941156945,-159.0955941156945,-109.77538622613318,-109.77538622613318,294.9679442830261,-184.56231134108998,,,4.293606945540645,1.5086902767091088,4.228756231215221,,
1551969000,121.27,121.71,121.18,121.51,121.39542342887444,124.66751023010897,121.39542342887444,124.66751023010897,0,0,0,0,0,125.49000000000001,121.18,127.5,119.17,123.48,122.62849642037648,121.16150357962351,,,,,6088768,0.71,0.68,-1.466089680708437,0.056704691408998954,0.7176942763775885,-249.64934225967593,-179.48781938341313,-179.48781938341313,-133.01286394522648,-133.01286394522648,294.9679442830261,-184.56231134108998,,,4.356748224151536,1.6203788236676353,4.229011959472836,,
1552055400,122.7,122.89,122.37,122.84,121.39745714829726,124.57910982892824,121.39745714829726,124.57910982892824,0,0,0,0,0,125.49000000000001,121.18,127.5,119.17,123.48,122.64039747523884,121.14960252476115,,,,,10427747,0.72,0.67,-1.1833246638555803,0.46583825242303023,1.029621583836479,-195.83000941746323,-146.5956101331305,-146.5956101331305,-137.54044600786116,-137.54044600786116,294.9679442830261,-184.56231134108998,,,3.417521704814521,1.6908550150851602,4.22739060032267,,
1552311000,122.52,122.54,121.92,122.24,121.39859669445451,124.47670552191144,121.39859669445451,124.47670552191144,0,0,0,0,0,125.49000000000001,121.18,127.5,119.17,123.48,122.645318442126,121.144681557874,,,,,6708655,0.71,0.67,-1.3935364306617375,-0.16262532079299277,0.871570267655199,-216.1818579712413,-130.44877828299593,-130.44877828299593,-116.26544283326542,-116.26544283326542,294.9679442830261,-184.56231134108998,,,3.77269139700079,1.7724956575132242,4.226482110405943,,
1552397400,122.54,123.03,122.4,122.98,121.40068341434572,124.39695236418942,121.40068341434572,124.39695236418942,0,0,0,0,0,125.49000000000001,121.18,127.5,119.17,123.48,122.64120209362254,121.14879790637745,,,,,6289860,0.72,0.67,-1.1569413323979258,-0.08112069847454488,1.068183809321779,-194.473219513878,-111.80091361503176,-111.80091361503176,-74.50518427910339,-74.50518427910339,294.9679442830261,-184.56231134108998,,,3.393843725335436,1.8360779346827227,4.224818497248959,,
1552483800,123.56,123.88,123.425,123.84,121.40479343749388,124.3601208989271,121.40479343749388,124.3601208989271,0,0,0,0,0,125.49000000000001,121.18,127.5,119.17,123.48,122.64455710037699,121.14544289962302,,,,,7377297,0.71,0.66,-0.37888332687634907,-0.036235475913594724,1.2863063927218275,-148.11623114138416,-81.83329957921333,-81.83329957921333,-21.898071507576475,-21.898071507576475,294.9679442830261,-184.56231134108998,,,2.58484609313339,1.8654413918768666,4.221541829108868,,
1552570200,122.33,122.545,122.12,122.41,121.40631393012626,124.27406909896916,121.40631393012626,124.27406909896916,0,0,0,0,0,125.49000000000001,121.18,127.5,119.17,123.48,122.66758726618875,121.12241273381123,,,,,6778443,0.7,0.67,-0.6926204883744598,-0.5738091932612719,1.1422898846061453,-207.13659194733987,-57.99701376964989,-57.99701376964989,-10.324442150522998,-10.324442150522998,294.9679442830261,-184.56231134108998,,,3.614838200473558,1.9340451882924232,4.220329634046659,,
1552656600,123.06,123.4,122.9132,122.97,121.40940035184428,124.22218670293117,121.40940035184428,124.22218670293117,0,0,0,0,0,125.49000000000001,121.18,127.5,119.17,123.48,122.66958121105623,121.12041878894378,,,,,9412061,0.7,0.66,0.484976807382881,-0.4467306378904738,0.9826178414119041,-171.26306689654734,-36.783828823009415,-36.783828823009415,5.64254107027155,5.64254107027155,294.9679442830261,-184.56231134108998,,,2.9887924230465663,1.9754078249494484,4.217869020238467,,
1552915800,123.3,123.3998,122.89,123.04,121.41243471677566,124.17143820477699,121.41243471677566,124.17143820477699,0,0,0,0,0,125.49000000000001,121.18,127.5,119.17,123.48,122.6682893732703,121.1217106267297,,,,,7781205,0.7,0.66,0.6602367521055164,-0.3671567768677782,0.9902013908438562,-172.31231775532,-17.546666447160582,-17.546666447160582,20.927658304537086,20.927658304537086,294.9679442830261,-184.56231134108998,,,3.007103393843727,2.0158664747100086,4.215449908097819,,
1553002200,123.72,123.79,123.34,123.38,121.41635312892996,124.14015043204064,121.41635312892996,124.14015043204064,0,0,0,0,0,125.49000000000001,121.18,127.5,119.17,123.48,123.05281826171783,121.50718173828217,,,,,6558693,0.71,0.67,0.7401955870104235,-0.14661761337070067,1.0898232683675644,-151.96046920154194,2.6854518116503954,2.6854518116503954,43.14968832927235,43.14968832927235,294.9679442830261,-184.56231134108998,,,2.651933701657458,2.0408102875314773,4.212325999593443,,
1553088600,123.66,124.42,122.65,124.18,121.4188988769241,124.08330139549003,121.4188988769241,124.08330139549003,0,0,0,0,0,125.49000000000001,121.18,127.5,119.17,123.48,123.07719875604279,121.53280124395724,,,,,11304912,0.72,0.66,1.1458713972971677,-0.025188956250863526,1.2678488296781323,-183.16663698400134,25.424412476539977,25.424412476539977,70.90233380631915,70.90233380631915,294.9679442830261,-184.56231134108998,,,3.1965272296763985,2.0861325205567685,4.210296431621581,,
1553175000,124.36,124.37,123.11,123.68,121.42234942861856,124.0465405564512,121.42234942861856,124.0465405564512,0,0,0,0,0,125.49000000000001,121.18,127.5,119.17,123.48,123.08035992011561,121.5296400798844,,,,,7739775,0.7,0.66,0.9656471686820071,0.06069675311968686,1.1883398105753828,-152.67784003871608,47.57388451631559,47.57388451631559,91.87282859586679,91.87282859586679,294.9679442830261,-184.56231134108998,,,2.8334648776637756,2.115439671815867,4.207545519425861,,
1553261400,123.93,124.22,123.73,123.97,121.42701945973022,124.03529190717862,121.42701945973022,124.03529190717862,0,0,0,0,0,125.49000000000001,121.18,127.5,119.17,123.48,123.66206932214168,122.11793067785828,,,,,5874016,0.7,0.66,0.497781308811425,0.05807069804105181,1.2759364709855527,-84.41491995828717,69.94202366258001,69.94202366258001,114.67830195510888,114.67830195510888,294.9679442830261,-184.56231134108998,,,2.34411996842936,2.1244075265850233,4.203822391451842,,
1553520600,124.56,125.11,124.4801,124.92,121.43316387439609,124.05360591081866,121.43316387439609,124.05360591081866,0,0,0,0,0,125.49000000000001,121.18,127.5,119.17,123.48,123.63626626871851,122.14373373128146,,,,,7288343,0.72,0.66,1.1790402727145037,0.177479561246669,1.6347705674309276,-50.18809214168691,96.72437199643586,96.72437199643586,150.28906866414758,150.28906866414758,294.9679442830261,-184.56231134108998,,,1.7520915548539935,2.10980690024263,4.198923828341757,,
1553607000,124.48,124.51,124.07,124.3,121.438484825696,124.05528018882578,121.438484825696,124.05528018882578,0,0,0,0,0,125.49000000000001,121.18,127.5,119.17,123.48,124.14035694830822,122.63964305169175,,,,,5056224,0.7,0.66,0.576350772268934,0.1755764965308106,1.675560672801103,-68.90082656054835,117.31270697113602,117.31270697113602,158.48937692053636,158.48937692053636,294.9679442830261,-184.56231134108998,,,2.0757695343330775,2.1084721015795105,4.194681761820261,,
1553693400,124.35,124.375,123.56,123.65,121.44278635451579,124.03708880887183,121.44278635451579,124.03708880887183,0,0,0,0,0,125.49000000000001,121.18,127.5,119.17,123.48,124.12871661768615,122.65128338231382,,,,,6595016,0.7,0.67,-0.08227367352409808,-0.052492326698294706,1.5642623509972837,-92.1719666571569,122.57776023603115,122.57776023603115,133.10786676582143,133.10786676582143,294.9679442830261,-184.56231134108998,,,2.4782951854775064,2.122974967614726,4.191252418011384,,
1553779800,122.28,122.355,121.705,121.9,121.44341005810317,123.94759316930822,121.44341005810317,123.94759316930822,0,0,0,0,0,125.49000000000001,121.18,127.5,119.17,123.48,124.44795477364251,122.90204522635747,,,,,11878328,0.67,0.67,-0.2178654565575985,-0.35973462478013424,1.1038607388185786,-147.47451107944983,75.80047463641968,75.80047463641968,106.98533170282732,106.98533170282732,294.9679442830261,-184.56231134108998,,,3.942383583267565,2.1943243250913076,4.190755177582326,,
1553866200,122.64,122.75,122.01,122.01,121.44463581223283,123.87344833913927,121.44463581223283,123.87344833913927,0,0,0,0,0,125.49000000000001,121.18,127.5,119.17,123.48,124.71622840785288,123.18377159214711,,,,,7094201,0.67,0.67,-0.4169751562110059,-0.5095649841971961,1.1231222986586016,-133.4839276022389,27.192721483105927,27.192721483105927,80.3877949629202,80.3877949629202,294.9679442830261,-184.56231134108998,,,3.7016574585635342,2.253435428364728,4.189777959362508,,
1554125400,122.4,122.43,121.46,121.53,121.44477120521537,123.78085820819264,121.44477120521537,123.78085820819264,0,0,0,0,0,124.44,118.99000000000001,126.48,116.95,122.4,124.71640151097073,123.18359848902925,,,,,13559963,0.67,0.67,-0.653712943822214,-0.8058032216719799,0.9075900386029022,-158.71284862671757,-14.728923162109055,-14.728923162109055,48.68222225457711,48.68222225457711,294.9679442830261,-184.56231134108998,,,4.135753749013425,2.3272518330960494,4.18967001888229,,
1554211800,121.72,122.01,121.68,121.98,121.44534149251764,123.7004402392439,121.44534149251764,123.7004402392439,0,0,0,0,0,124.44,118.99000000000001,126.48,116.95,122.4,124.7181285027228,123.18187149727717,,,,,4475195,0.66,0.67,-0.604219172188912,-1.1452913698185712,0.9682747365083334,-148.6212802169257,-44.19939217793724,-44.19939217793724,17.72168411040566,17.72168411040566,294.9679442830261,-184.56231134108998,,,3.9621152328334617,2.3913641232818303,4.1892153639651095,,
1554298200,121.73,122.01,121.675,121.8,121.44590075027486,123.62298179848923,121.44590075027486,123.62298179848923,0,0,0,0,0,124.44,118.99000000000001,126.48,116.95,122.4,124.7184586721401,123.18154132785988,,,,,6152734,0.67,0.67,-1.021600311211539,-1.1387255988113032,0.9416168017116976,-148.8506340444214,-101.6215420262711,-101.6215420262711,-22.059391268486593,-22.059391268486593,294.9679442830261,-184.56231134108998,,,3.96606156274665,2.4531169640451567,4.188769502224413,,
1554384600,121.1,122.24,120.96,122.11,121.44504460491966,123.52080212011711,121.44504460491966,123.52080212011711,0,0,0,0,0,124.44,118.99000000000001,126.48,116.95,122.4,124.70648611001673,123.19351388998325,,,,,7508760,0.69,0.67,-0.6762762425355824,-0.723147621583377,0.9579640108147214,-181.6482313762432,-145.3140371799155,-145.3140371799155,-63.14427323896289,-63.14427323896289,294.9679442830261,-184.56231134108998,,,4.530386740331499,2.534578523899523,4.189452054148703,,
1554471000,121.88,122.13,121.6633,121.98,121.44558131300174,123.44993407619096,121.44558131300174,123.44993407619096,0,0,0,0,0,124.44,118.99000000000001,126.48,116.95,122.4,124.7814488679632,123.28855113203679,,,,,5114493,0.7,0.67,-0.855753376189662,-0.8632775685440985,0.9532053213970945,-149.3873220007599,-174.381385794712,-174.381385794712,-100.22331075754593,-100.22331075754593,294.9679442830261,-184.56231134108998,,,3.9752959747434855,2.5910772474620316,4.189024169874167,,
1554730200,122.97,123.0199,122.4,122.51,121.44757415753121,123.41044646535994,121.44757415753121,123.41044646535994,0,0,0,0,0,124.44,118.99000000000001,126.48,116.95,122.4,124.78255061467411,123.28744938532587,,,,,4271034,0.68,0.68,-1.0474722132064525,-0.7151040273832502,1.075189076275093,-115.59432905760889,-138.24945266695127,-138.24945266695127,-112.89869139401438,-112.89869139401438,294.9679442830261,-184.56231134108998,,,3.393843725335436,2.6225582858100083,4.1874353977572065,,
1554816600,123.26,123.35,123.03,123.15,121.45080917419948,123.3969662118164,121.45080917419948,123.3969662118164,0,0,0,0,0,124.44,118.99000000000001,126.48,116.95,122.4,124.78539725908169,123.28460274091829,,,,,4648392,0.68,0.67,-0.5055212452842218,-0.6104328094780663,1.2992607610578057,-86.69574679320684,-102.01076832386892,-102.01076832386892,-80.23492218357798,-80.23492218357798,294.9679442830261,-184.56231134108998,,,2.896606156274666,2.6333052611223478,4.184856318353645,,
1554903000,123.22,123.77,123.19,123.53,121.45435421081446,123.39022636037262,121.45435421081446,123.39022636037262,0,0,0,0,0,124.44,118.99000000000001,126.48,116.95,122.4,124.78046407919001,123.28953592080998,,,,,6344767,0.69,0.67,-0.052989027533001935,-0.2932679213041449,1.2855963873916558,-79.35642431335879,-75.85441470572391,-75.85441470572391,-23.541707469433902,-23.541707469433902,294.9679442830261,-184.56231134108998,,,2.770323599052885,2.6386785292764863,4.182030079154242,,
1554989400,122.54,122.75,121.79,121.95,121.45512293366998,123.32939787565213,121.45512293366998,123.32939787565213,0,0,0,0,0,124.44,118.99000000000001,126.48,116.95,122.4,124.80182419470235,123.26817580529763,,,,,11694503,0.68,0.68,0.02198514843422856,-0.5091502759479525,0.958627693080009,-143.5754960120301,-55.30412954727739,-55.30412954727739,-14.203559230384343,-14.203559230384343,294.9679442830261,-184.56231134108998,,,3.875295974743486,2.687173331059506,4.181417223800774,,
1555075800,121.96,122.31,121.8,121.83,121.45590990083547,123.2713430569991,121.45590990083547,123.2713430569991,0,0,0,0,0,124.44,118.99000000000001,126.48,116.95,122.4,124.80152625373927,123.26847374626072,,,,,5272844,0.67,0.68,-0.07904872006913055,-0.012690966444544094,0.9723324769862953,-143.11678835704,-45.18789092648329,-45.18789092648329,-24.955413684895078,-24.955413684895078,294.9679442830261,-184.56231134108998,,,3.867403314917132,2.7334568598382365,4.180789823383424,,
1555335000,121.2,121.82,121.095,121.6,121.45530079014449,123.1881943096658,121.45530079014449,123.1881943096658,0,0,0,0,0,124.44,118.99000000000001,126.48,116.95,122.4,124.80115335989946,123.26884664010052,,,,,4252774,0.69,0.68,0.03104461735751889,0.01023953987880348,0.800990901751756,-175.45567803387107,-44.720759596273204,-44.720759596273204,-43.78649693585304,-43.78649693585304,294.9679442830261,-184.56231134108998,,,4.423835832675615,2.799746231322055,4.181275429795597,,
1555421400,120.38,120.63,120.19,120.51,121.45290278656778,123.07317100340441,121.45290278656778,123.07317100340441,0,0,0,0,0,124.44,118.99000000000001,126.48,116.95,122.4,124.47612272896696,122.923877271033,,,,,10097802,0.71,0.68,-0.6412871536278045,-0.3054123774183632,0.5134181461043325,-216.96872081051245,-72.01401138709112,-72.01401138709112,-53.818510193212504,-53.818510193212504,294.9679442830261,-184.56231134108998,,,5.13812154696133,2.891447224092223,4.183187210249474,,
1555507800,120.46,120.51,120.195,120.28,121.4505194643169,122.96285253268266,121.4505194643169,122.96285253268266,0,0,0,0,0,124.44,118.99000000000001,126.48,116.95,122.4,124.47474412517435,122.92525587482562,,,,,4693864,0.7,0.7,-0.6635875882628742,-0.33575592080868455,0.4751219868606642,-219.80285801583574,-101.09953865704591,-101.09953865704591,-69.5788530144903,-69.5788530144903,294.9679442830261,-191.3402061855677,,,5.134175217048153,2.9793973414630437,4.185087286187134,,
1555594200,120.24,120.54,120.15,120.37,121.44805189295961,122.8551132176755,121.44805189295961,122.8551132176755,0,0,0,0,0,124.44,118.99000000000001,126.48,116.95,122.4,124.45459526380925,122.90540473619077,,,,,4090401,0.71,0.7,-0.7578563530148718,-0.28808528897185154,0.34228616709956944,-221.89621856836695,-119.8816775251136,-119.8816775251136,-86.34646118469807,-86.34646118469807,294.9679442830261,-191.3402061855677,,,5.1696921862667695,3.065291256945543,4.187054528744736,,
1555939800,120.46,120.5,120.27,120.37,121.4458266144522,122.7562577973745,121.4458266144522,122.7562577973745,0,0,0,0,0,124.44,118.99000000000001,126.48,116.95,122.4,124.4423378392445,122.91766216075553,,,,,2251185,0.71,0.71,-0.7021044224985178,-0.6175341505866581,0.40531514060946794,-216.313923761616,-130.99730784729803,-130.99730784729803,-101.23007673889806,-101.23007673889806,294.9679442830261,-191.3402061855677,,,5.07498026835044,3.144102590726127,4.188828606146545,,
1556026200,119.67,120.2,119.55,120.12,121.44218160623153,122.63332611904609,121.44218160623153,122.63332611904609,0,0,0,0,0,124.44,118.99000000000001,126.48,116.95,122.4,124.13894270407445,122.62105729592552,,,,,5574897,0.7,0.71,-1.0371848748806691,-0.5323431941866832,0.38899370981908316,-249.80769260212418,-187.93482559332182,-187.93482559332182,-130.13165969037266,-130.13165969037266,294.9679442830261,-191.3402061855677,,,5.643251775848465,3.242108441123081,4.19173454654555,,
1556112600,120.06,120.72,120.04,120.47,121.43951311151378,122.53423882025997,121.43951311151378,122.53423882025997,0,0,0,0,0,124.44,118.99000000000001,126.48,116.95,122.4,124.14016985681364,122.61983014318633,,,,,4173034,0.7,0.71,-1.1627520718827338,-0.6296009136818729,0.4052209232599221,-227.01332214122235,-197.13021259614064,-197.13021259614064,-152.46451065896198,-152.46451065896198,294.9679442830261,-191.3402061855677,,,5.256511444356746,3.321104637328323,4.193861972914804,,
1556199000,120.72,121.0962,120.5,120.57,121.4377598385637,122.45689612142624,121.4377598385637,122.45689612142624,0,0,0,0,0,124.44,118.99000000000001,126.48,116.95,122.4,124.13995512905976,122.62004487094025,,,,,4836857,0.7,0.71,-1.2822165314472118,-0.815771040891763,0.4613661153738486,-177.6543990068147,-164.03293672747662,-164.03293672747662,-156.3206526818002,-156.3206526818002,294.9679442830261,-191.3402061855677,,,4.893449092344122,3.3827652041916876,4.1952597493772,,
1556285400,121.26,121.67,121.2199,121.37,121.43743404667846,122.41053552842914,121.43743404667846,122.41053552842914,0,0,0,0,0,124.44,118.99000000000001,126.48,116.95,122.4,124.1126096103106,122.64739038968938,,,,,6022715,0.73,0.7,-0.2533800174568363,-0.26132561842279367,0.6538432859138609,-114.2072101002177,-138.7075782154638,-138.7075782154638,-103.48142928279103,-103.48142928279103,294.9679442830261,-191.3402061855677,,,4.325256511444362,3.4197256476133613,4.195519483167544,,
1556544600,120.88,120.91,120.665,120.83,121.43601130133045,122.34444982143191,121.43601130133045,122.34444982143191,0,0,0,0,0,124.44,118.99000000000001,126.48,116.95,122.4,124.11320182168214,122.64679817831787,,,,,4469721,0.67,0.69,-0.43609239531284627,-0.5338100310847247,0.44473358813962455,-134.77696819248527,-114.33137161131027,-114.33137161131027,-65.57895840300321,-65.57895840300321,294.9679442830261,-191.3402061855677,,,4.763220205209152,3.472411708695549,4.19665375034445,,
1556631000,120.89,121.36,120.85,121.2,121.43495733269643,122.2881380637287,121.43495733269643,122.2881380637287,0,0,0,0,0,124.44,118.99000000000001,126.48,116.95,122.4,124.10931686923686,122.65068313076313,,,,,4758567,0.68,0.7,-0.1758463787760464,-0.46154907621822167,0.45999368712413763,-126.07409241042309,-85.29410638884909,-85.29410638884909,-27.219575943926685,-27.219575943926685,294.9679442830261,-191.3402061855677,,,4.617205998421475,3.5173056024102913,4.197494014576372,,
1556717400,121.03,121.55,120.18,120.4,121.43258019516855,122.20802284554327,121.43258019516855,122.20802284554327,0,0,0,0,0,123.14,117.44,125.25,115.33,121.03,124.10930960151767,122.65069039848233,,,,,12331836,0.64,0.7,-0.04868781634612374,-0.743809239712814,0.4496833750390951,-127.1798975011115,-64.19860477402365,-64.19860477402365,-22.00760154437277,-22.00760154437277,201.11866969010967,-191.3402061855677,,,5.146014206787684,3.5811765280721497,4.1993891598155555,,
1556803800,119.69,120.11,119.54,119.94,121.42894187310029,122.10620234179646,121.42894187310029,122.10620234179646,0,0,0,0,0,123.14,117.44,125.25,115.33,121.03,124.10582515682229,122.64417484317771,,,,,6759844,0.63,0.69,-0.1504193041628989,-1.0489907326454524,0.10412928722842255,-135.91214913625328,-57.52794321840092,-57.52794321840092,-44.186620107155456,-44.186620107155456,160.7921041844081,-191.34020618556767,,,5.651144435674819,3.6623517401349996,4.202289769757332,,
1556890200,120.56,121.08,120.475,120.65,121.42716027095624,122.04467479898092,121.42716027095624,122.04467479898092,0,0,0,0,0,123.14,117.44,125.25,115.33,121.03,124.11235674126898,122.63764325873102,,,,,8414504,0.63,0.69,0.12430528661660678,-0.7558443186576175,0.2895756199619299,-104.06306155670558,-52.376481147002565,-52.376481147002565,-42.07355700420586,-42.07355700420586,160.7921041844081,-191.34020618556767,,,4.91318074191003,3.7114038578516677,4.2037101313400544,,
1557149400,120.61,121.12,120.54,120.81,121.42551079988539,121.98808363039343,121.42551079988539,121.98808363039343,0,0,0,0,0,123.14,117.44,125.25,115.33,121.03,124.11038930272248,122.63961069727752,,,,,3479563,0.63,0.69,0.19569351552879624,-0.7878651186461827,0.11746114591203985,-101.84895386400933,-44.250613592854805,-44.250613592854805,-27.99887848455929,-27.99887848455929,160.7921041844081,-191.34020618556767,,,4.861878453038671,3.756520508643315,4.20502515296183,,
1557235800,121.02,121.42,120.9067,121.21,121.42458996512039,121.94794831155447,121.42458996512039,121.94794831155447,0,0,0,0,0,123.14,117.44,125.25,115.33,121.03,124.11118814333355,122.63881185666646,,,,,4010654,0.64,0.69,0.4853207723578698,-0.9170626636036455,0.23092935928613179,-89.35798015767763,-29.62484358676712,-29.62484358676712,-0.37330357459174834,-0.37330357459174834,160.7921041844081,-191.34020618556767,,,4.5724546172060005,3.7885179246653813,4.205759277765514,,
1557322200,121.54,121.54,120.77,120.91,121.42340057458068,121.90407975031704,121.42340057458068,121.90407975031704,0,0,0,0,0,123.14,117.44,125.25,115.33,121.03,124.10513615802454,122.64486384197546,,,,,4178965,0.63,0.68,0.1952178367188022,-0.8416153966611056,0.0502416774640864,-94.01441895139354,-13.627250385985446,-13.627250385985446,18.367936015577907,18.367936015577907,160.7921041844081,-191.34020618556767,,,4.680347277032365,3.823491624758204,4.2067075055362775,,
1557408600,120.96,121.62,120.86,121.2,121.42239158242369,121.86542564246147,121.42239158242369,121.86542564246147,0,0,0,0,0,123.14,117.44,125.25,115.33,121.03,124.10510734192668,122.64489265807333,,,,,5015785,0.66,0.69,0.2793605063898776,-0.6116106751150004,0.020609612775682146,-90.94873137689147,7.026555103891463,7.026555103891463,48.334166083645286,48.334166083645286,160.7921041844081,-191.34020618556767,,,4.6093133385951095,3.85430816255573,4.207511912795137,,
1557495000,121.41,121.73,121.3,121.43,121.42225493590534,121.84536973491396,121.42225493590534,121.84536973491396,0,0,0,0,0,123.14,117.44,125.25,115.33,121.03,124.10310535223518,122.64689464776481,,,,,4586301,0.65,0.69,0.026493214453189584,-0.11929665911092537,0.026519434541715185,-75.9609254571042,34.08027780059694,34.08027780059694,88.1877231940079,88.1877231940079,160.7921041844081,-191.34020618556767,,,4.262036306235205,3.8702975015235523,4.20762085264217,,
1557754200,122.63,122.85,122.325,122.67,121.42414603493451,121.86589445119185,121.42414603493451,121.86589445119185,0,0,0,0,0,123.14,117.44,125.25,115.33,121.03,124.117271686774,122.632728313226,,,,,11130908,0.67,0.68,0.8098611961947065,0.16609456599047764,0.19578656599876204,-14.85424200193284,67.283130330912,67.283130330912,133.6888353915421,133.6888353915421,250.65526128202876,-191.34020618556767,,,3.4530386740331496,3.853934410249419,4.2061131959416524,,
1557840600,122.6,122.66,122.12,122.46,121.42562786103854,121.87765545310589,121.42562786103854,121.87765545310589,0,0,0,0,0,123.14,117.44,125.25,115.33,121.03,124.11684423881083,122.63315576118917,,,,,5556105,0.7,0.68,0.5528445010907114,0.2349491575963412,0.00434357394586119,-23.680675655255207,97.10253048563499,97.10253048563499,156.74133079508096,156.74133079508096,250.65526128202876,-191.34020618556767,,,3.614838200473558,3.8445580882974246,4.204931827319339,,
1557927000,122.71,122.765,122.2199,122.39,121.21687953881707,121.6894199633429,121.21687953881707,121.6894199633429,0,0,0,0,0,123.14,117.44,125.25,115.33,121.03,124.11450467177761,122.6354953282224,,,,,10298968,0.68,0.68,0.8841190017426274,0.10380511059983526,0.13948410726684884,-19.906018075586758,119.16500553017624,119.16500553017624,163.2899556192588,163.2899556192588,250.65526128202876,-191.34020618556767,,,3.3682005060088613,3.8258773987959125,4.20326003646757,,
1558013400,122.03,122.0734,121.19,121.51,120.35608796718905,120.83960231406553,120.35608796718905,120.83960231406553,0,0,0,0,0,123.14,117.44,125.25,115.33,121.03,124.11697189019452,122.63302810980547,,,,,6349454,0.67,0.68,0.7180342719379866,-0.07540491383997418,-0.05251642830829232,-65.45413630719412,123.54246181944177,123.54246181944177,132.29737439797282,132.29737439797282,250.65526128202876,-191.34020618556767,,,3.495779582736105,3.8129323864014104,4.201846489107467,,
1558099800,121.03,121.06,120.33,120.65,120.35614073848338,120.82167673312179,120.35614073848338,120.82167673312179,0,0,0,0,0,123.14,117.44,125.25,115.33,121.03,124.11758604103022,122.63241395896978,,,,,6589382,0.63,0.69,0,-0.37684452754268455,-0.1317647175052513,-104.88451909590208,78.79638117247259,78.79638117247259,108.62710160378538,108.62710160378538,250.65526128202876,-191.34020618556767,,,4.1806020066889635,3.8273508028832754,4.201804042589148,,
1558359000,120.51,120.74,120.42,120.64,120.35637142631857,120.80794823378368,120.35637142631857,120.80794823378368,0,0,0,0,0,123.14,117.44,125.25,115.33,121.03,124.07603495440779,122.67396504559221,,,,,4345803,0.64,0.69,-0.0781963419655048,-0.35244872361391555,-0.25291445429828385,-100.85049913067492,29.80568898008265,29.80568898008265,82.35329739588447,82.35329739588447,250.65526128202876,-191.34020618556767,,,4.10893454371715,3.8383933025238197,4.201618489144849,,
1558445400,120.08,120.36,119.83,120.36,120.35543462027199,120.77185222461569,120.35543462027199,120.77185222461569,0,0,0,0,0,123.14,117.44,125.25,115.33,121.03,123.57847321519121,122.18152678480878,,,,,3845702,0.72,0.69,-0.3899146666994622,-0.5633721703529978,-0.18748869893289785,-127.29574112494095,-13.345165454623867,-13.345165454623867,50.453809779048356,50.453809779048356,250.65526128202876,-191.34020618556767,,,4.578754578754579,3.867427078062281,4.202372007805407,,
1558531800,120.35,120.5,120.19,120.24,119.72392070534667,120.14105054243224,119.72392070534667,120.14105054243224,0,0,0,0,0,123.14,117.44,125.25,115.33,121.03,123.42294511304468,122.06705488695533,,,,,3741805,0.72,0.68,-0.3108238857969013,-0.7652436763134326,-0.2394737192912976,-111.15966126403298,-49.11100844032454,-49.11100844032454,17.265537039257396,17.265537039257396,250.65526128202876,-191.34020618556767,,,3.786423310918991,3.864250459742936,4.201540941477962,,
1558618200,120.82,121.52,120.77,121.17,119.72609369095038,120.16734267802313,119.72609369095038,120.16734267802313,0,0,0,0,0,123.14,117.44,125.25,115.33,121.03,123.40679602401116,122.03320397598884,,,,,6054721,0.64,0.67,-0.013790659254382233,-0.614533166975139,-0.13994354524445876,-85.16264371034796,-38.34093782940097,-38.34093782940097,-1.2699545836287243,-1.2699545836287243,250.65526128202876,-191.34020618556767,,,3.32212616074288,3.842990683311561,4.19978386898898,,
1558704600,121.13,121.31,120.89,121.3,119.72849969756186,120.19726257300262,119.72849969756186,120.19726257300262,0,0,0,0,0,123.14,117.44,125.25,115.33,121.03,123.26496375904348,121.89213624095653,,,,,2324653,0.65,0.67,-0.05965827517082756,-0.17148425866623435,-0.0883949855115146,-79.78395042337843,-16.452423844818362,-16.452423844818362,-6.330777670691937,-6.330777670691937,250.65526128202876,-191.34020618556767,,,3.2260646813960943,3.8187975067658564,4.197838376106677,,
1559050200,120.8,120.84,120.46,120.83,119.73005034751678,120.20931502112016,119.73005034751678,120.20931502112016,0,0,0,0,0,123.14,117.44,125.25,115.33,121.03,123.06935166396728,121.69664833603274,,,,,4303495,0.66,0.68,-0.8339758751201566,-0.26348697919726327,-0.2182706567453837,-99.05760136835217,-12.841640913678987,-12.841640913678987,-8.501065418354287,-8.501065418354287,250.65526128202876,-191.34020618556767,,,3.570284982388735,3.809051917574597,4.196584523172176,,
1559136600,121.11,121.26,120.745,120.87,119.73216163553373,120.23195953009584,119.73216163553373,120.23195953009584,0,0,0,0,0,123.14,117.44,125.25,115.33,121.03,123.0036741557596,121.6463258442404,,,,,4133202,0.66,0.68,-0.7313765903408468,-0.19523912115885658,-0.19067220347240685,-86.28320481179954,-8.204536631382723,-8.204536631382723,-7.611479057439597,-7.611479057439597,250.65526128202876,-191.34020618556767,,,3.342138968940119,3.790741605863441,4.194877339247637,,
1559223000,120.96,121.69,120.8,121.69,119.7343774964018,120.25585131322933,119.7343774964018,120.25585131322933,0,0,0,0,0,123.14,117.44,125.25,115.33,121.03,123.00783005393097,121.64216994606902,,,,,7757033,0.62,0.68,-0.323109692766499,0.3193715121684287,0.10425437294683107,-83.81797038860559,4.329920719755933,4.329920719755933,29.398835422033244,29.398835422033244,250.65526128202876,-191.34020618556767,,,3.2981107909061835,3.771422750374921,4.19308559789231,,
1559309400,122.55,123.4,122.315,123.33,119.73958563327213,120.33762381074975,119.73958563327213,120.33762381074975,0,0,0,0,0,123.14,117.44,125.25,115.33,121.03,122.98805632086652,121.66194367913349,,,,,15367001,0.64,0.67,0.8243660294915245,0.8057614998478703,0.2839878732377674,-45.25131558253033,28.85500272542264,28.85500272542264,77.90516673675606,77.90516673675606,250.65526128202876,-191.34020618556767,,,2.0853346141530613,3.705301646993672,4.188874307215508,,
1559568600,124.09,125.34,123.9,125.11,119.92967917516438,120.65365201527914,119.92967917516438,120.65365201527914,0,0,0,0,0,125.33000000000001,122.16,127.26,120.23,124.09,123.13648211890192,121.74351788109807,,,,,14173636,0.73,0.68,1.9774624310697844,1.2161864559868145,0.5631045541884478,-53.17741785030202,59.339785704839805,59.339785704839805,120.30935166367414,120.30935166367414,250.65526128202876,-191.34020618556767,,,0.9671489089601101,3.5979231082472576,4.1824372934327805,,
1559655000,124.88,125.42,124.61,125.15,119.97730839866753,120.84607714997422,119.97730839866753,120.84607714997422,0,0,0,0,0,125.33000000000001,122.16,127.26,120.23,124.09,123.17658423999366,121.78341576000636,,,,,7997062,0.74,0.68,2.01067436212523,1.2331205509856666,0.6011087179418367,-23.724485615712414,88.14952730917196,88.14952730917196,145.76901051783625,145.76901051783625,250.65526128202876,-191.34020618556767,,,0.4314822213344037,3.4737489558193024,4.1749428777043125,,
1559741400,126.18,126.37,125.24,125.47,120.29398870874257,121.315355751977,120.29398870874257,121.315355751977,0,0,0,1,0,125.33000000000001,122.16,127.26,120.23,124.09,123.65470828156089,122.25529171843914,,,,,7637880,0.74,0.68,2.294446381896931,1.389687091102349,0.38269072251083275,-10.0791019279432,112.4076809932114,112.4076809932114,160.9239883612903,160.9239883612903,250.65526128202876,-191.34020618556767,,,0.18331075157408463,3.3447121634959607,4.166967588741016,,
1559827800,125.93,126.45,125.8,125.88,120.69729222009248,121.8721333078424,120.69729222009248,121.8721333078424,0,0,0,1,0,125.33000000000001,122.16,127.26,120.23,124.09,123.69590427503121,122.29409572496881,,,,,5551778,0.76,0.68,2.532491262181903,1.3998308054129376,0.378066743047108,-3.494356029618227,133.47371363043308,133.47371363043308,175.60577890487644,175.60577890487644,250.65526128202876,-191.34020618556767,,,0.0635525897680317,3.216039239036042,4.158768957374436,,
1559914200,126.79,127.25,126.32,126.59,121.38793963322479,122.70710314967707,121.38793963322479,122.70710314967707,0,0,0,1,1,125.33000000000001,122.16,127.26,120.23,124.09,124.08405101790558,122.70594898209445,,,,,8145853,0.77,0.68,2.40670082740894,1.5510097632733781,0.3775596277487216,-11.72730616480957,157.17928009686878,157.17928009686878,204.59041302974018,204.59041302974018,250.65526128202876,-191.34020618556767,224.59041302974018,,0.213286989493649,3.098284248857909,4.15088587651953,,
1560173400,125.46,125.525,125.065,125.33,121.39531687671486,122.80016773204267,121.39531687671486,122.80016773204267,0,0,0,1,0,125.33000000000001,122.16,127.26,120.23,124.09,124.09803607665671,122.69196392334331,,,,,5409983,0.72,0.67,1.7618245187215682,0.9989450770836665,0.09072886932455416,-66.23756259753328,168.47725500658566,168.47725500658566,191.07320482601946,191.07320482601946,250.65526128202876,-191.34020618556767,,,1.204676514732606,3.0240251220294656,4.144999344328147,,
1560259800,124.94,125.4,124.884,125.18,121.40232135847965,122.88255566411944,121.40232135847965,122.88255566411944,0,0,0,0,0,125.33000000000001,122.16,127.26,120.23,124.09,124.09284472613761,122.69715527386242,,,,,4757841,0.74,0.67,1.910835788574891,1.103221556910884,0.060983947348124914,-74.09920117468297,157.20358785984985,157.20358785984985,164.71936595767372,164.71936595767372,250.65526128202876,-191.34020618556767,,,1.347657792874637,2.958285226768492,4.139410250319249,,
1560346200,125.6,126.2,125.56,125.83,121.41064898813305,122.98795740278142,121.41064898813305,122.98795740278142,0,0,0,0,1,125.33000000000001,122.16,127.26,120.23,124.09,124.08923647998878,122.70076352001125,,,,,5756153,0.74,0.67,2.171493072832764,1.1671133526072355,0.18843272501764216,-44.737501295383005,139.15221592380865,139.15221592380865,156.19698261305203,156.19698261305203,250.65526128202876,-191.34020618556767,,,0.8136503673275939,2.8741818989472803,4.132765375428156,,
1560432600,126.03,126.77,125.9599,126.6,121.42932288363288,123.11408964862544,121.42932288363288,123.11408964862544,0,0,0,0,1,125.33000000000001,122.16,127.26,120.23,124.09,124.0695271995078,122.72047280049222,,,,,5374818,0.71,0.67,2.1514664863642294,1.5853040152889353,0.37853765638640485,-27.800206421706303,139.55333458883482,139.55333458883482,150.64909993831296,150.64909993831296,250.65526128202876,-191.34020618556767,,,0.5056082148499129,2.781296656433658,4.125518308174254,,
1560519000,127.21,127.63,126.26,126.56,121.43898137936988,123.23759201534601,121.43898137936988,123.23759201534601,0,0,0,0,0,125.33000000000001,122.16,127.26,120.23,124.09,124.25770736534777,122.91229263465226,,,,,9226446,0.78,0.67,1.3983027857536106,1.701377752577845,0.3264974394952407,-14.76655238772066,146.10493283900044,146.10493283900044,149.13437757187546,149.13437757187546,250.65526128202876,-191.34020618556767,,,0.26856240126381453,2.682758058191703,4.117812102566041,,
1560778200,126.7,126.77,126.17,126.48,121.44844255543507,123.35275703435204,121.44844255543507,123.35275703435204,0,0,0,0,0,125.33000000000001,122.16,127.26,120.23,124.09,124.25791465422672,122.91208534577329,,,,,4763345,0.75,0.67,0.5848355631928247,1.4899985020543676,0.438431396136393,-18.67534566682346,141.53321370556233,141.53321370556233,146.60065628310443,146.60065628310443,250.65526128202876,-191.34020618556767,,,0.33965244865718214,2.590871563700153,4.110263332028761,,
1560864600,127.58,127.75,126.39,127.12,121.95617406281917,123.95894396371695,121.95617406281917,123.95894396371695,0,0,0,0,1,125.33000000000001,122.16,127.26,120.23,124.09,124.32107836475804,122.96892163524198,,,,,10309646,0.75,0.67,0.838678517524733,1.606667446037084,0.48511586800032086,-31.57496479862517,149.2461601854143,149.2461601854143,154.53716799003405,154.53716799003405,250.65526128202876,-191.34020618556767,,,0.5742605412208968,2.5117887785048882,4.103198391387786,,
1560951000,126.77,127.99,126.7,127.89,122.7029213647354,124.78831045676591,122.7029213647354,124.78831045676591,0,0,0,0,1,125.33000000000001,122.16,127.26,120.23,124.09,124.4408531563291,123.0891468436709,,,,,11660649,0.75,0.67,1.0532138240558062,1.737474609398268,0.5392759903147246,-51.16161828914864,159.6631702024866,159.6631702024866,180.4971902366312,180.4971902366312,250.65526128202876,-191.34020618556767,,,0.9304871373836874,2.4497769494413117,4.096859307963203,,
1561037400,130.41,131.49,130.185,131.11,125.80111674528716,128.01900209591,125.80111674528716,128.01900209591,0,0,0,0,1,125.33000000000001,122.16,127.26,120.23,124.09,126.29619597568211,124.73380402431793,,,,,18636339,0.76,0.68,2.0898205353175285,2.4498605312358106,1.018742089081913,-39.4441908867489,176.05271193508602,176.05271193508602,208.83179540028485,208.83179540028485,258.088753228457,-191.3402061855677,228.83179540028485,,0.7055144535123266,2.381374498620567,4.090083394168096,,
1561123800,131.77,132.17,131.07,131.98,126.6447664017544,128.95518185392774,126.6447664017544,128.95518185392774,0,0,0,0,1,125.33000000000001,122.16,127.26,120.23,124.09,126.64312080120934,125.06687919879066,,,,,15068037,0.79,0.68,2.1385976520482926,2.5792606592599765,1.0975982835544693,-38.54875930519386,191.53192702667795,191.53192702667795,222.49035720986177,222.49035720986177,258.088753228457,-191.3402061855677,242.49035720986177,,0.6894984088498232,2.3150264166687733,4.083289018573055,,
1561383000,132.77,134.035,132.58,133.94,128.53366226511127,130.9378429997176,128.53366226511127,130.9378429997176,0,0,0,1,0,125.33000000000001,122.16,127.26,120.23,124.09,127.60428831686848,125.97071168313151,,,,,17851801,0.8,0.67,3.3767526621018864,2.923626074123888,1.4037678994209266,-56.76828187966116,203.91550479539578,203.91550479539578,228.68266033283146,228.68266033283146,258.088753228457,-191.3402061855677,248.68266033283146,,1.0153800209048718,2.2640598913446985,4.077159330266025,,
1561469400,134.9,135.55,133.21,134.2,128.79203225708108,131.27154019937853,128.79203225708108,131.27154019937853,0,0,0,1,1,125.33000000000001,122.16,127.26,120.23,124.09,128.36082447473748,126.72917552526253,,,,,24772241,0.79,0.66,3.54120563175602,2.6669192770799244,1.3389503692363283,-41.243908555120385,211.88711903499612,211.88711903499612,227.83034751419683,227.83034751419683,258.088753228457,-191.3402061855677,247.83034751419683,,0.7377049180327725,2.20420283356776,4.070487093678147,,
1561555800,132.99,133.55,132.41,132.97,128.7992967280959,131.31688764254017,128.7992967280959,131.31688764254017,0,0,0,1,0,125.33000000000001,122.16,127.26,120.23,124.09,128.3713108665756,126.71868913342442,,,,,12016402,0.8,0.66,2.7587475708974205,2.409049823946245,1.0609237337843247,-74.57231950875415,212.70172866118352,212.70172866118352,214.33094791355836,214.33094791355836,258.088753228457,-191.3402061855677,234.33094791355836,,1.3338301043219016,2.1700705696757656,4.065019247545567,,
1561642200,132.38,132.97,132.26,132.84,128.80624998138643,131.35463322518564,128.80624998138643,131.35463322518564,0,0,0,0,0,125.33000000000001,122.16,127.26,120.23,124.09,128.33363332024533,126.75636667975472,,,,,8412764,0.81,0.66,2.4027501647228533,2.4030757450373135,0.7874595117694339,-80.82139656256064,191.79283365696375,191.79283365696375,205.73209699311028,205.73209699311028,258.088753228457,-191.3402061855677,,,1.4456035767511162,2.1416600993649952,4.0597856498017215,,
1561728600,133.05,133.34,132.61,133.2,128.81388164975527,131.40448682419796,128.81388164975527,131.40448682419796,0,0,0,0,0,125.33000000000001,122.16,127.26,120.23,124.09,128.33388475483062,126.75611524516943,,,,,8076966,0.82,0.66,2.5574297605271847,2.7075342831760705,0.8632930863668098,-61.70294366362061,177.3404108842782,177.3404108842782,196.26820162349958,196.26820162349958,258.088753228457,-160.55555555553906,,,1.184798807749609,2.104136127144784,4.054041420347072,,
1561987800,131.56,131.755,130.55,130.62,128.81742334476075,131.37240890952353,128.81742334476075,131.37240890952353,0,0,0,0,0,141.375,125.735,147.20000000000002,119.91,131.56,128.39784679442616,126.69215320557387,,,,,13369815,0.82,0.66,1.5337627851503493,2.2355630170072227,0.6957127397392728,-130.3709883717114,127.17200023550805,127.17200023550805,173.23613449416908,173.23613449416908,258.088753228457,-127.23388581950866,,,2.7198211624440964,2.1282806383329924,4.051375645606007,,
1562074200,131.27,133.63,131.16,133.41,128.82216455685915,131.3652713052285,128.82216455685915,131.3652713052285,0,0,0,0,0,141.375,125.735,147.20000000000002,119.91,131.56,128.4547267295998,126.63527327040025,,,,,13282139,0.76,0.64,2.2175166416619603,2.73885517250645,0.9415461881190134,-107.35758895097005,105.70315220167011,105.70315220167011,150.72514039666942,150.72514039666942,258.088753228457,-122.88547540345121,,,2.265275707898653,2.133652994002234,4.047807014361837,,
1562160600,133.61,134.1,133.23,133.63,128.83099080150077,131.4387783128666,128.83099080150077,131.4387783128666,0,0,0,0,0,141.375,125.735,147.20000000000002,119.91,131.56,128.45351887453393,126.6364811254661,,,,,6351547,0.75,0.63,2.0131335526453826,2.855126787057281,0.9850594664392616,-34.92257757502571,105.00956323944901,105.00956323944901,135.48661467759595,135.48661467759595,258.088753228457,-94.86396042484574,,,0.7228017883755581,2.0783254957423645,4.041163647276949,,
1562333400,131.46,132.32,130.81,132.14,128.83501259810117,131.4154497515777,128.83501259810117,131.4154497515777,0,0,0,0,0,141.375,125.735,147.20000000000002,119.91,131.56,128.47552634866537,126.61447365133465,,,,,11536581,0.76,0.64,0.3485599234757155,2.5352069147594993,0.7725705520659306,-147.61199398697394,79.05173883684947,79.05173883684947,116.67498939734713,116.67498939734713,258.088753228457,-94.86396042484574,,,2.5260804769001393,2.095884514611297,4.0381365080753975,,
1562592600,132.18,132.341,131.28,131.29,128.8399560294736,131.4112830946531,128.8399560294736,131.4112830946531,0,0,0,0,0,141.375,125.735,147.20000000000002,119.91,131.56,128.48292732478052,126.60707267521954,,,,,8028884,0.76,0.64,-0.23087235637330653,2.129392627462998,0.7791517038444109,-127.14661428966484,44.87266059370776,44.87266059370776,92.74087979613401,92.74087979613401,258.088753228457,-94.86396042484574,,,2.1758569299552817,2.0990206877620414,4.034415669757475,,
1562679000,131.43,132.1,131.1575,131.75,128.84464727616796,131.4025239536863,128.84464727616796,131.4025239536863,0,0,0,0,0,141.375,125.735,147.20000000000002,119.91,131.56,128.48229134786394,126.60770865213608,,,,,6633439,0.76,0.64,-0.7229633767102173,2.199263870502164,0.9224360852616484,-132.48067601928273,16.04265889586114,16.04265889586114,67.17480616270973,67.17480616270973,258.088753228457,-94.86396042484574,,,2.2671385991058046,2.1056135470304245,4.03088464663929,,
1562765400,132.94,133.87,132.35,133.83,128.85168794095085,131.44040536726723,128.85168794095085,131.44040536726723,0,0,0,0,0,141.375,125.735,147.20000000000002,119.91,131.56,128.50842284287404,126.58157715712598,,,,,13920593,0.74,0.64,-0.11955841258397941,2.693635836702946,1.4172456638549424,-80.55521795749323,25.05412312479843,25.05412312479843,53.13457848340596,53.13457848340596,258.088753228457,-94.86396042484574,,,1.3785394932935875,2.0771008390407446,4.025585255723515,,
1562851800,133.58,133.7,132.41,132.7,128.8588332197901,131.47913064698224,128.8588332197901,131.47913064698224,0,0,0,0,0,141.375,125.735,147.20000000000002,119.91,131.56,128.52051627699905,126.56948372300097,,,,,7535133,0.75,0.63,-0.0875902935256801,2.437538486154438,1.3177078434814173,-77.94261629400684,33.815349598360626,33.815349598360626,46.69483552172418,46.69483552172418,258.088753228457,-94.86396042484574,,,1.3338301043219016,2.047952967090986,4.020207123552882,,
1562938200,132.89,133.69,132.53,133.53,128.86620158498533,131.52099611180648,128.86620158498533,131.52099611180648,0,0,0,0,0,141.375,125.735,147.20000000000002,119.91,131.56,128.49692878707336,126.59307121292669,,,,,6309451,0.74,0.63,0.22795342051096526,2.465256277862459,1.4193600876002468,-72.7174129670341,46.702278510649684,46.702278510649684,46.717164488500686,46.717164488500686,258.088753228457,-94.86396042484574,,,1.2444113263785301,2.0164415302003014,4.014661078004082,,
1563197400,133.18,133.53,132.805,133.53,128.87409918421613,131.57189626428465,128.87409918421613,131.57189626428465,0,0,0,0,0,141.375,125.735,147.20000000000002,119.91,131.56,128.4964105708638,126.59358942913624,,,,,4026583,0.74,0.63,0.10877850857776983,2.0965450455703585,1.4345612553733422,-70.52728228460944,50.6006548228387,50.6006548228387,58.39740744721672,58.39740744721672,258.088753228457,-86.98935805011291,,,1.0394932935916408,1.9781298346470206,4.008716686826435,,
1563283800,133.18,133.3,132.13,132.4,128.8806458391927,131.59459444999897,128.8806458391927,131.59459444999897,0,0,0,0,0,141.375,125.735,147.20000000000002,119.91,131.56,128.50817114540718,126.58182885459287,,,,,7965981,0.73,0.64,0.6017971100911771,1.4856436528658867,1.3192721033178862,-104.6533866158731,37.18083460107882,37.18083460107882,46.127381415585404,46.127381415585404,258.088753228457,-86.98935805011291,,,1.542473919523095,1.9610452889558863,4.003789128849805,,
1563370200,133,134.6,132.89,134.58,129.25289890200352,132.0040673114407,129.25289890200352,132.0040673114407,0,0,0,0,0,141.375,125.735,147.20000000000002,119.91,131.56,128.52240934805036,126.56759065194967,,,,,11288279,0.71,0.63,0.37849339300081347,1.8775047165810896,1.3748897038771775,-85.2004008093429,50.45631685513083,50.45631685513083,59.11418773422167,59.11418773422167,258.088753228457,-86.98935805011291,,,1.2557586565611725,1.9333869896462896,3.998298558475602,,
1563456600,133.83,136.63,133.61,136.48,131.08280780740503,133.85871989815894,131.08280780740503,133.85871989815894,0,0,0,0,0,141.375,125.735,147.20000000000002,119.91,131.56,129.0840370425162,127.08596295748383,,,,,18466488,0.7,0.63,0.9058939865891651,2.151905912444983,1.64934640627722,-142.6751507490251,65.58758892530633,65.58758892530633,95.85013306565733,95.85013306565733,258.088753228457,-86.98935805011291,,,2.102872215709244,1.9400334690997387,3.9945114928556893,,
1563543000,135.45,136.03,133.97,134.47,131.0886265730246,133.86406813744682,131.0886265730246,133.86406813744682,0,0,0,0,0,141.375,125.735,147.20000000000002,119.91,131.56,129.11966430283815,127.05033569716187,,,,,18079195,0.7,0.64,0.7332414872550155,1.638329356708559,1.2950594233966244,-124.77861616029783,80.23400236641395,80.23400236641395,109.52682924862917,109.52682924862917,258.088753228457,-86.98935805011291,,,1.8390973036342257,1.9360751881010911,3.9902049709991028,,
1563802200,134.56,134.82,134.32,134.45,131.09512602043117,133.8827948771548,131.09512602043117,133.8827948771548,0,0,0,0,0,141.375,125.735,147.20000000000002,119.91,131.56,129.11973286364264,127.05026713635738,,,,,7570898,0.71,0.63,1.0061614230332365,1.4985621067809227,1.1938380419837495,-107.37920753236808,88.79996119316064,88.79996119316064,105.93187884665404,105.93187884665404,258.088753228457,-86.98935805011291,,,1.5826494724501736,1.9222153561147806,3.9853946703027012,,
1563888600,134.43,134.95,133.56,133.69,131.1001091852255,133.8712813525605,131.1001091852255,133.8712813525605,0,0,0,0,0,141.375,125.735,147.20000000000002,119.91,131.56,129.12478070953298,127.045219290467,,,,,9981379,0.72,0.63,0.615523266607479,1.609844685263826,1.2839979038334697,-145.16078055301568,82.84783298794594,82.84783298794594,86.81591845808907,86.81591845808907,258.088753228457,-86.98935805011291,,,2.1395076201641174,1.9307366213716173,3.9817065842884385,,
1563975000,134.59,134.84,133.98,134.37,131.10591316287739,133.87652522108752,131.10591316287739,133.87652522108752,0,0,0,0,0,141.375,125.735,147.20000000000002,119.91,131.56,129.12601316258926,127.04398683741077,,,,,6715167,0.72,0.63,0.1733219329094604,1.8206781432236243,1.3273873222442034,-124.28149019950027,66.7222266084546,66.7222266084546,80.11802117487758,80.11802117487758,258.088753228457,-86.98935805011291,,,1.831770222743259,1.9268555861312895,3.977411007142494,,
1564061400,134.24,134.28,133.09,133.42,131.10994510460992,133.84701050653507,131.10994510460992,133.84701050653507,0,0,0,0,0,141.375,125.735,147.20000000000002,119.91,131.56,129.13549166764767,127.03450833235235,,,,,11708240,0.72,0.63,0.23195769880898068,1.4888267729939817,1.2022007493786413,-168.52570071052168,25.877106856050602,25.877106856050602,62.037716401935256,62.037716401935256,258.088753228457,-86.98935805011291,,,2.4838804220398494,1.9486996973433899,3.974426930049382,,
1564147800,134.24,134.29,133.59,133.64,131.1149580015038,133.83806499647488,131.1149580015038,133.83806499647488,0,0,0,0,0,141.375,125.735,147.20000000000002,119.91,131.56,129.13233281957,127.03766718043003,,,,,6249928,0.72,0.63,0.03521658690534207,1.372498103405129,1.184990222755256,-143.66940267062165,-5.832139646336017,-5.832139646336017,39.4144310525115,39.4144310525115,258.088753228457,-86.98935805011291,,,2.1175263774911977,1.9553203514668334,3.97071683903528,,
1564407000,134.06,134.729,133.44,134.53,131.11966417932297,133.823646761319,131.11966417932297,133.823646761319,0,0,0,0,0,141.375,125.735,147.20000000000002,119.91,131.56,129.13087639078324,127.03912360921676,,,,,9162417,0.72,0.64,0.31932287290675343,1.5502798590386966,1.184612514949061,-151.12629208259193,-3.013716788860426,-3.013716788860426,25.27171510538753,25.27171510538753,258.088753228457,-86.98935805011291,,,2.2274325908557975,1.9659914196781654,3.9672337536243316,,
1564493400,134.76,135.18,134.41,134.98,131.12627963550813,133.84745277067904,131.12627963550813,133.84745277067904,0,0,0,0,0,141.375,125.735,147.20000000000002,119.91,131.56,129.1309810736969,127.03901892630313,,,,,9458733,0.7,0.62,0.8307567012557989,1.6541640335966437,1.2983741027554094,-102.90507388518589,24.073340319219643,24.073340319219643,24.872256843331567,24.872256843331567,258.088753228457,-86.98935805011291,,,1.5167057444314136,1.9483723735900575,3.9623375937658043,,
1564579800,135.03,135.42,133.02,133.21,131.13013242344917,133.8163605051622,131.13013242344917,133.8163605051622,0,0,0,0,0,141.375,125.735,147.20000000000002,119.91,131.56,129.14975536773053,127.02024463226948,,,,,18797199,0.72,0.63,-0.43016704367646497,1.1687991111985134,1.0498595591055653,-172.00558243610735,14.263841498586352,14.263841498586352,21.33611839508316,21.33611839508316,258.088753228457,-86.98935805011291,,,2.5351699882766554,1.971384044754238,3.9594861100385534,,
1564666200,132.42,136.43,132.305,136.41,131.13256322779793,133.75872872064605,131.13256322779793,133.75872872064605,0,0,0,0,0,139.67,129.38,142.70999999999998,126.34,132.42,129.3494999885665,127.11050001143349,,,,,27719822,0.7,0.61,-0.02077233775715277,1.5577534774891901,1.2417184891677362,-184.4980261658575,26.620657050464537,26.620657050464537,37.189734361227295,37.189734361227295,258.088753228457,-86.92255570169658,,,3.0590562719812304,2.014037857586669,3.9576870494230545,,
1564752600,135.39,136.6,135.37,135.89,131.14105181275738,133.82235112375795,131.14105181275738,133.82235112375795,0,0,0,0,0,139.67,129.38,142.70999999999998,126.34,132.42,129.35159191162376,127.10840808837622,,,,,13753222,0.69,0.61,0.4277096634030952,0.8525455166862288,1.2588592506662033,-46.621825061326575,40.89950118587308,40.89950118587308,69.45718945669017,69.45718945669017,258.088753228457,-69.82858344725952,,,0.8133059788979963,1.966950332932211,3.951404569761666,,
1565011800,137.93,138.64,137.05,137.79,132.40911192891633,135.18333422548272,132.40911192891633,135.18333422548272,0,0,0,0,0,139.67,129.38,142.70999999999998,126.34,132.42,130.38180958313106,128.0881904168689,,,,,17519817,0.68,0.61,0.9954732887726662,1.018477248804498,1.5274886257984293,-30.785720707210345,62.870843291518156,62.870843291518156,106.81352750280833,106.81352750280833,258.088753228457,-69.82858344725952,,,0.5370491327382109,1.9108757760618582,3.944582680776604,,
1565098200,138.33,139.03,138.005,138.91,133.49442269905668,136.35006422174527,133.49442269905668,136.35006422174527,0,0,0,0,0,139.67,129.38,142.70999999999998,126.34,132.42,130.58249764917676,128.27750235082326,,,,,9471209,0.67,0.62,1.579214634186634,0.8664730251563973,1.8812604848516163,-37.34654007847974,86.78300105755665,86.78300105755665,134.60731658963363,134.60731658963363,258.088753228457,-69.82858344725952,,,0.6515009718522793,1.8614885288379532,3.938003096942589,,
1565184600,141.28,142.47,140.88,141.02,135.5328695210912,138.51765881971477,135.5328695210912,138.51765881971477,0,0,0,0,0,139.67,129.38,142.70999999999998,126.34,132.42,132.3340979670668,129.9659020329332,,,,,26671092,0.68,0.63,1.9726372392100213,1.1694970502412536,2.0701095758323276,-5.690921968846569,112.23321212707958,112.23321212707958,163.13363426612545,163.13363426612545,258.088753228457,-69.82858344725952,,,0.09927669834067136,1.792382182543942,3.9303333139283994,,
1565271000,140.9,142.37,140.71,141.73,136.22424412089845,139.27408525690842,136.22424412089845,139.27408525690842,0,0,0,1,0,139.67,129.38,142.70999999999998,126.34,132.42,132.33485222708276,129.96514777291728,,,,,13108554,0.69,0.63,2.480183976429581,1.514584890322221,2.206228175972204,-41.2547243938463,134.8735730859082,134.8735730859082,180.15429500356544,180.15429500356544,258.088753228457,-69.82858344725952,,,0.7196782614830889,1.7503153621101832,3.9239184187187184,,
1565357400,141.28,142.03,140.96,141.26,136.23372155522233,139.34050152134338,136.23372155522233,139.34050152134338,0,0,0,1,1,139.67,129.38,142.70999999999998,126.34,132.42,132.33863970155772,129.96136029844226,,,,,9485912,0.68,0.63,2.2668085978548076,1.4548524309550752,2.0945633141004634,-31.143272336530856,151.79022658178022,151.79022658178022,185.62353357352427,185.62353357352427,258.088753228457,-69.82858344725952,,,0.5432865307274267,1.7029808981343888,3.9171639094520025,,
1565616600,141.67,143.38,141.64,142.63,137.10791269247187,140.28119353167665,137.10791269247187,140.28119353167665,0,0,0,1,1,139.67,129.38,142.70999999999998,126.34,132.42,132.79688367211304,130.41311632788694,,,,,14864976,0.69,0.64,2.3855652414071824,1.6194675943705408,2.2586354932626413,-39.788687908083816,166.50381138802987,166.50381138802987,195.93098100052921,195.93098100052921,258.088753228457,-69.82858344725952,,,0.6941036247633802,1.6634170834923885,3.910724228563514,,
1565703000,143.17,143.285,139.35,141.78,137.11245792185753,140.24596241278738,137.11245792185753,140.24596241278738,0,0,0,0,0,139.67,129.38,142.70999999999998,126.34,132.42,132.80297029123807,130.4070297087619,,,,,29930394,0.68,0.63,1.9921541194851324,1.9506409300857885,2.12331935652529,-131.82514781668058,177.48446538370968,177.48446538370968,199.44577337506925,199.44577337506925,258.088753228457,-69.82858344725952,,,2.299656453761482,1.688367647032353,3.9075053119305427,,
1565789400,142.9,143.75,142.05,142.75,137.23746452521618,140.43035048959044,137.23746452521618,140.43035048959044,0,0,0,0,1,139.67,129.38,142.70999999999998,126.34,132.42,132.9909092611011,130.58909073889888,,,,,20672858,0.69,0.64,2.825715363863884,1.594831229332781,2.2394608746601783,-28.109765886047125,192.17449397213338,192.17449397213338,221.55455114898078,221.55455114898078,258.088753228457,-69.82858344725952,241.55455114898078,,0.4903677758318659,1.6413872599264516,3.90067786430597,,
1565875800,142.96,144.02,142.61,143.7,138.15970996129118,141.41416762506137,138.15970996129118,141.41416762506137,0,0,0,0,1,139.67,129.38,142.70999999999998,126.34,132.42,133.1180536275735,130.7319463724265,,,,,13501099,0.71,0.64,2.1105150946220883,1.7181932874102421,2.2769070685965844,-43.48155181881091,208.22694740007998,208.22694740007998,240.33185425597318,240.33185425597318,258.088753228457,-69.82858344725952,260.3318542559732,,0.7585247042449375,1.6067651989193334,3.8943998360141396,,
1565962200,142.75,143.13,141.8,142.78,138.1670212300998,141.43004340447072,138.1670212300998,141.43004340447072,0,0,0,0,0,139.67,129.38,142.70999999999998,126.34,132.42,133.11656786942433,130.7334321305757,,,,,12184492,0.69,0.65,1.9991576878209623,1.8329981482791597,2.0949803643813416,-75.79353069334095,215.3483168873211,215.3483168873211,229.5910558618033,229.5910558618033,258.088753228457,-69.82858344725952,249.5910558618033,,1.3221990257480707,1.5956057411479114,3.8892605736559656,,
1566221400,141.33,141.79,140.85,141.11,138.1724387700996,141.40841425135423,138.1724387700996,141.40841425135423,0,0,0,0,0,139.67,129.38,142.70999999999998,126.34,132.42,133.13938383664149,130.7106161633585,,,,,10558366,0.68,0.64,0.94075616511424,1.6860711666470782,1.8521743439420857,-113.69029604001256,178.41076179371555,178.41076179371555,203.0357985227859,203.0357985227859,258.088753228457,-69.82858344725952,,,1.9832985386221258,1.6108093802645473,3.885452457701852,,
1566307800,141.77,142.255,141.6,142.21,138.17932900232717,141.41675094737957,138.17932900232717,141.41675094737957,0,0,0,0,0,139.67,129.38,142.70999999999998,126.34,132.42,133.3213921005775,130.88860789942257,,,,,7479375,0.68,0.63,0.9423034427061536,1.8181544889332062,2.196578512509324,-83.77179708211445,136.98068767811384,136.98068767811384,181.01742824122854,181.01742824122854,258.088753228457,-69.82858344725952,,,1.4613778705636704,1.6049493210605914,3.880609151833444,,
1566394200,141.62,142.17,141.46,141.76,138.18592854478007,141.41932542003133,138.18592854478007,141.41932542003133,0,0,0,0,0,139.67,129.38,142.70999999999998,126.34,132.42,133.45996688360106,131.02003311639893,,,,,8118733,0.68,0.64,0.20778618608165383,1.3546426479017681,2.159222822924248,-89.3565835542549,98.75170045369806,98.75170045369806,153.5955189787184,153.5955189787184,258.088753228457,-69.82858344725952,,,1.5588030619345727,1.6031396638399633,3.8759701786268526,,
1566480600,141.39,141.9,141.17,141.4,138.19194127496033,141.41054010944188,138.19194127496033,141.41054010944188,0,0,0,0,0,139.67,129.38,142.70999999999998,126.34,132.42,133.4598528052306,131.02014719476938,,,,,6847647,0.68,0.65,-0.09229367512843238,1.500401499634825,2.1514445026239426,-100.9250698179763,56.21581459453823,56.21581459453823,121.135617517325,121.135617517325,258.088753228457,-69.82858344725952,,,1.7606123869171895,1.6093150647449526,3.8717436895325275,,
1566567000,141.84,144.33,141.64,144.17,138.6499627627586,141.86490483050656,138.6499627627586,141.86490483050656,0,0,0,0,0,139.67,129.38,142.70999999999998,126.34,132.42,133.64777752336786,131.14222247663216,,,,,20290539,0.68,0.64,0.7968824162158998,1.7796008660895601,2.531575336428428,-100.5960500301255,63.0426382009508,63.0426382009508,101.77129107853361,101.77129107853361,258.088753228457,-69.82858344725952,,,1.7548727197059035,1.6150232080767546,3.8675141771053014,,
1566826200,144.35,144.97,143.91,144.19,138.67967372423237,141.96412289685603,138.67967372423237,141.96412289685603,0,0,0,0,0,139.67,129.38,142.70999999999998,126.34,132.42,134.11048415114092,131.6045158488591,,,,,12200810,0.68,0.63,0.4233351025077553,1.7839730667444118,2.5646934758817572,-11.131615452481611,84.93656756351191,84.93656756351191,96.15971657352638,96.15971657352638,258.088753228457,-69.82858344725952,,,0.19418822387128173,1.5593041890883046,3.860174864511427,,
1566912600,144.3,145.68,144.27,145.57,140.01547959961854,143.36047381310217,140.01547959961854,143.36047381310217,0,0,0,0,0,139.67,129.38,142.70999999999998,126.34,132.42,134.500810350495,131.97918964950506,,,,,12857588,0.69,0.63,1.0300015120909782,2.2128439413609313,2.688899992016209,-51.1925514902326,100.11327774860672,100.11327774860672,108.0204000987674,108.0204000987674,258.088753228457,-69.82858344725952,,,0.8930411485882963,1.5331762267157552,3.8542465254186737,,
1566999000,145.39,145.68,144.64,145.16,140.0247379820369,143.41101601650993,140.0247379820369,143.41101601650993,0,0,0,0,0,139.67,129.38,142.70999999999998,126.34,132.42,135.26742601466935,132.72757398533065,,,,,11454605,0.69,0.64,0.6498816422108905,1.7471808459393856,2.6425934554611015,-36.622363758397924,107.08741662271602,107.08741662271602,121.03569437093462,121.03569437093462,258.088753228457,-69.82858344725952,,,0.6388678986054867,1.4981053118879015,3.847822192497968,,
1567085400,145.4,145.49,143.28,144.12,140.03128775629855,143.40677617272522,140.03128775629855,143.40677617272522,0,0,0,0,0,139.67,129.38,142.70999999999998,126.34,132.42,136.06528767368087,133.5147123263192,,,,,14764572,0.67,0.63,0.111913360678578,1.23752258212704,2.5501403246769985,-90.17764839433369,109.29999762921135,109.29999762921135,113.725159642202,113.725159642202,258.088753228457,-69.82858344725952,,,1.5731263309747834,1.5010473126364068,3.843277345621798,,
1567171800,143.84,144.8822,143.02,143.75,140.0373101583839,143.39260847967716,140.0373101583839,143.39260847967716,0,0,0,0,0,139.67,129.38,142.70999999999998,126.34,132.42,136.41000559649518,133.87999440350484,,,,,9642584,0.67,0.63,0.26004512147977227,1.525128012739876,2.4656257952939153,-96.48954916280232,87.32581041035968,87.32581041035968,101.97526855626079,101.97526855626079,245.26608249625838,-69.82858344725952,,,1.7517345606924386,1.5108781851091924,3.8390984389586023,,
1567517400,144.96,146.13,144.741,145.75,140.21954105502567,143.61623664005518,140.21954105502567,143.61623664005518,0,0,0,0,0,152.3675,138.2725,159.055,131.585,144.96,136.79006277272615,134.22393722727386,,,,,15627012,0.66,0.64,1.245164492471608,1.8374839257166717,2.636099198939504,-37.001060071572255,99.1218131633879,99.1218131633879,101.0241167586365,101.0241167586365,235.9173126614993,-69.82858344725952,,,0.6922813036020488,1.478776346618716,3.832811092034813,,
1567603800,145.54,146.82,145.5,146.66,141.1038356130246,144.55207848732306,141.1038356130246,144.55207848732306,0,0,0,0,0,152.3675,138.2725,159.055,131.585,144.96,137.1399509818683,134.5640490181317,,,,,11292000,0.65,0.65,1.2016478185274815,2.1509373118855426,2.6672489356617732,-42.274440889088005,108.15371290221576,108.15371290221576,122.41290518937427,122.41290518937427,235.9173126614993,-69.82858344725952,,,0.7909450429564957,1.4518025700045114,3.8267334375911,,
1567690200,144.98,145.015,142,143.14,141.1057192581534,144.45382442899668,141.1057192581534,144.45382442899668,0,0,0,0,0,152.3675,138.2725,159.055,131.585,144.96,137.2176702676145,134.48632973238554,,,,,20297877,0.61,0.65,0.3569528386704145,1.381726563819394,2.256778825053573,-163.5004792025448,94.76076250618723,94.76076250618723,103.68939610353958,103.68939610353958,235.9173126614993,-69.82858344725952,,,3.17741715532524,1.5194737302131673,3.825436102361798,,
1567776600,143.64,144.06,141.86,141.92,141.1073222166786,144.35398817687914,141.1073222166786,144.35398817687914,0,0,0,0,0,152.3675,138.2725,159.055,131.585,144.96,137.22796003739282,134.4760399626072,,,,,14175216,0.6,0.65,0.13403305718538758,1.3405880737618479,2.076939595530848,-170.22606165270017,50.312989396809755,50.312989396809755,85.89726053462964,85.89726053462964,235.91731266149927,-82.40542262905001,,,3.2728760398199803,1.588234605099709,3.824332086252823,,
1568035800,142.37,142.46,141.18,141.39,141.10757691754438,144.2316670719035,141.10757691754438,144.2316670719035,0,0,0,0,0,152.3675,138.2725,159.055,131.585,144.96,137.2162631332759,134.4877368667241,,,,,11323819,0.62,0.65,-0.7067119251841545,1.2270920161458259,2.129792136470804,-175.64193613862264,6.743369065095642,6.743369065095642,59.51263004478498,59.51263004478498,235.91731266149932,-92.53310791772503,,,3.7365334787944833,1.672481619754406,3.8241566644596996,,
1568122200,141.23,141.525,140.16,140.18,141.1058135270997,144.07454287300533,141.1058135270997,144.07454287300533,0,0,0,0,0,152.3675,138.2725,159.055,131.585,144.96,137.5683658596321,134.81163414036791,,,,,12629208,0.62,0.65,-1.0130854925483106,0.8832945356328815,2.0490949095576863,-193.49604117520116,-32.59715357521318,-32.59715357521318,28.809368838118928,28.809368838118928,235.9173126614993,-125.92028433612688,,,4.432019637256239,1.7806987969113406,3.8253711758938587,,
1568208600,140.34,141.26,140.28,141.03,141.1042910225501,143.9282392309267,141.1042910225501,143.9282392309267,0,0,0,0,0,152.3675,138.2725,159.055,131.585,144.96,137.77104511637802,135.00885488362198,,,,,7453049,0.61,0.65,-1.1346638463761534,0.9414745179639837,2.0485135694040935,-189.92380656888957,-65.94706674288068,-65.94706674288068,-2.77610968888094,-2.77610968888094,235.9173126614993,-125.92028433612688,,,4.350197736260736,1.8814634611995522,3.826419780410076,,
1568295000,142.68,143.1,141.11,141.32,141.1044133182093,143.81989651598838,141.1044133182093,143.81989651598838,0,0,0,0,0,152.3675,138.2725,159.055,131.585,144.96,137.87516660507404,135.11483339492597,,,,,12673707,0.6,0.65,-0.9625849080601815,1.2790224927350482,2.059189451210026,-165.215850541902,-75.30388661459422,-75.30388661459422,-26.952035330785368,-26.952035330785368,235.9173126614993,-125.92028433612688,,,3.784262921041854,1.9560830478600346,3.8263355509208288,,
1568381400,141.73,141.99,140.06,140.15,141.10245844644467,143.67503782908688,141.10245844644467,143.67503782908688,0,0,0,0,0,152.3675,138.2725,159.055,131.585,144.96,137.8854056996651,135.1045943003349,,,,,13451701,0.63,0.65,-0.9968105726983395,0.572810734795451,1.8848059803808455,-193.49604117520116,-105.78253376337574,-105.78253376337574,-53.228868141648825,-53.228868141648825,235.9173126614993,-125.92028433612688,,,4.500204554752485,2.055852518718562,3.827681942536876,,
1568640600,141.6,142.05,141.02,141.32,141.1024063816166,143.57313046324035,141.1024063816166,143.57313046324035,0,0,0,0,0,152.3675,138.2725,159.055,131.585,144.96,138.00061551906995,135.20938448093003,,,,,8094567,0.62,0.65,-0.6099654627700605,0.8324507110526757,2.030328700684115,-165.35116245880798,-105.9215645046193,-105.9215645046193,-70.79310026263897,-70.79310026263897,235.9173126614993,-125.92028433612688,,,3.845629346788481,2.1260398453095393,3.82771780148643,,
1568727000,141.82,142.11,141.2237,141.6,141.10275734389108,143.48312781762306,141.10275734389108,143.48312781762306,0,0,0,0,0,152.3675,138.2725,159.055,131.585,144.96,138.1560403832337,135.3639596167663,,,,,7046430,0.64,0.65,-1.0274524107841718,0.5760614727617303,2.024549851541194,-159.37917100617344,-86.04265554732669,-86.04265554732669,-75.87628535753488,-75.87628535753488,235.9173126614993,-125.92028433612688,,,3.7067366698486217,2.1880279560757776,3.827476080943697,,
1568813400,141.93,142.53,139.81,140.71,141.10031127527193,143.3417698639908,141.10031127527193,143.3417698639908,0,0,0,0,0,152.3675,138.2725,159.055,131.585,144.96,139.92096563677092,137.08403436322905,,,,,15071647,0.62,0.65,-1.4604990045328132,0.26932356011719666,1.9052666257500606,-193.49604117520119,-85.9805332831581,-85.9805332831581,-79.24436799940929,-79.24436799940929,235.9173126614993,-125.92028433612688,,,4.670666848493109,2.285386344013712,3.8291607777819574,,
1568899800,141.57,141.74,141.0851,141.28,141.10039226972694,143.2554592418735,141.10039226972694,143.2554592418735,0,0,0,0,0,152.3675,138.2725,159.055,131.585,144.96,140.0454218802845,137.3245781197155,,,,,8062589,0.63,0.65,-0.46869623037532226,0.038394723072595505,1.8240060831685443,-157.47752991936161,-77.6235433964398,-77.6235433964398,-74.3818941905008,-74.3818941905008,235.9173126614993,-125.92028433612688,,,3.8012409654984216,2.344831623287622,3.829104993941231,,
1568986200,141.61,143.03,141.46,142.95,141.1012146627944,143.1870882912118,141.1012146627944,143.1870882912118,0,0,0,0,0,152.3675,138.2725,159.055,131.585,144.96,140.05456349190283,137.31543650809718,,,,,12276521,0.64,0.65,0.260066547727649,0.17808538790768802,1.9985605889734281,-146.88750570964157,-60.578105399172806,-60.578105399172806,-26.487229404638818,-26.487229404638818,235.9173126614993,-125.92028433612688,,,3.5456157098049834,2.3919211953079107,3.8285385817851147,,
1569245400,143.22,143.94,143.07,143.75,141.1052200281035,143.18390443665447,141.1052200281035,143.18390443665447,0,0,0,0,0,152.3675,138.2725,159.055,131.585,144.96,140.0361293224313,137.3338706775687,,,,,9036267,0.65,0.64,0.6002368327599156,0.3659728357295247,2.0920082467048813,-101.4088741341567,-31.51402446066514,-31.51402446066514,26.61413741635019,26.61413741635019,235.9173126614993,-125.92028433612688,,,2.447838538115371,2.3941140322807524,3.825779940339221,,
1569331800,143.21,144.77,142.88,144.51,141.1088415665089,143.17346896855037,141.1088415665089,143.17346896855037,0,0,0,0,0,152.3675,138.2725,159.055,131.585,144.96,140.0379794070709,137.3320205929291,,,,,10620690,0.65,0.64,1.1122627923856803,0.2740260864857131,2.2719571130774114,-106.77591761200895,1.8427625368917973,1.8427625368917973,68.55633653200567,68.55633653200567,235.9173126614993,-125.92028433612688,,,2.5773898813582443,2.40130132047987,3.823285654507091,,
1569418200,144.08,144.29,141.44,141.83,141.10960751742496,143.10753685213663,141.10960751742496,143.10753685213663,0,0,0,0,0,152.3675,138.2725,159.055,131.585,144.96,140.0699320284584,137.3000679715416,,,,,11997855,0.66,0.65,0.19920932757485801,0.007150321894719236,2.0549845603320325,-147.45245765467897,24.65926411868063,24.65926411868063,70.2922672822583,70.2922672822583,235.9173126614993,-125.92028433612688,,,3.5592526933042405,2.4467111782376882,3.8227581161230693,,
1569504600,142.19,142.57,141.56,141.79,141.11060930060694,143.048849132445,141.11060930060694,143.048849132445,0,0,0,0,0,152.3675,138.2725,159.055,131.585,144.96,140.06967736277923,137.30032263722077,,,,,8803139,0.65,0.65,0.1167691690965881,-0.13632278485971258,2.051784521310909,-144.0627459844563,32.580565868517226,32.580565868517226,48.423169368190415,48.423169368190415,235.9173126614993,-125.92028433612688,,,3.4774307923087373,2.487131555260082,3.8220681514401234,,
1569591000,140.35,141.68,140.16,141.06,141.10883985145486,142.9381099507805,141.10883985145486,142.9381099507805,0,0,0,0,0,152.3675,138.2725,159.055,131.585,144.96,140.07348894843275,137.29651105156725,,,,,9665953,0.65,0.66,0.22737576941844823,-0.37143465645079743,2.007533509175528,-174.2650241268257,14.092180512619038,14.092180512619038,26.417770749884497,26.417770749884497,217.50245821042256,-125.92028433612685,,,4.432019637256239,2.5634016761226763,3.823286835727468,,
1569850200,139.77,140.21,138.03,138.87,141.10286075085256,142.74901936447537,141.10286075085256,142.74901936447537,0,0,0,0,0,152.3675,138.2725,159.055,131.585,144.96,140.18873045793788,137.44126954206212,,,,,15530068,0.68,0.66,-0.597152238283167,-0.5445921304056299,1.7789561431254566,-215.34230134277442,-28.859012424757978,-28.859012424757978,7.992176358337005,7.992176358337005,217.50245821042262,-185.18764530056555,,,5.884358379926357,2.6936352723502717,3.8274048607908027,,
1569936600,138.07,140.19,137.8,139.63,141.09643865145026,142.55841468351557,141.09643865145026,142.55841468351557,0,0,0,0,0,142.46499999999997,133.635,146.85999999999999,129.24,138.07,140.14456855505725,137.48543144494275,,,,,12502406,0.67,0.65,-0.47877465063790525,-0.20838740734266153,1.7476059284774355,-215.3423013427744,-63.11419418117885,-63.11419418117885,-15.70994715483495,-15.70994715483495,217.50245821042262,-185.18764530056555,,,6.041183690167725,2.8249116808921326,3.8318279953150323,,
1570023000,140.79,141.88,140.462,141.26,141.09529487792088,142.47863293122083,141.09529487792088,142.47863293122083,0,0,0,0,0,142.46499999999997,133.635,146.85999999999999,129.24,138.07,140.15784586308274,137.47215413691725,,,,,11944623,0.68,0.65,0.13369898296962274,-0.13192382012451,1.8761556197626097,-150.6423909393363,-61.092437730705846,-61.092437730705846,-30.83744401345858,-30.83744401345858,217.50245821042262,-185.18764530056555,,,4.22610118641757,2.879860288951954,3.832615753938614,,
1570109400,141.36,143.25,141.29,141.9,141.0957911918511,142.43412575744748,141.0957911918511,142.43412575744748,0,0,0,0,0,142.46499999999997,133.635,146.85999999999999,129.24,138.07,140.31756774229126,137.6599322577087,,,,,12407863,0.69,0.64,0.1506935427232737,0.01957930823702902,1.9959614320614918,-130.51785081384892,-35.88449761467725,-35.88449761467725,-32.5197952138648,-32.5197952138648,217.50245821042262,-185.18764530056555,,,3.6615300695486193,2.9105140058380976,3.8322739243993733,,
1570195800,141.48,142.31,141.14,141.9,141.0959898108484,142.385540433626,141.0959898108484,142.385540433626,0,0,0,0,0,142.46499999999997,133.635,146.85999999999999,129.24,138.07,140.31098575849654,137.66651424150342,,,,,9689966,0.68,0.64,-0.25234583179093467,0.07013761013308353,1.9924640400599445,-83.12646429939142,-26.055287761334903,-26.055287761334903,-13.126272856275094,-13.126272856275094,217.50245821042262,-185.18764530056555,,,3.763807445792998,2.9439764936794663,3.8321371282383216,,
1570455000,141.16,141.7709,140.24,140.69,141.09440781322434,142.30391924015046,141.09440781322434,142.30391924015046,0,0,0,0,0,142.46499999999997,133.635,146.85999999999999,129.24,138.07,140.81212553489866,138.13787446510133,,,,,6162696,0.67,0.65,-0.727211755366225,-0.4760921663716581,1.7779714077969793,-105.32641025471793,-20.562244091624144,-20.562244091624144,-9.576156752202632,-9.576156752202632,217.50245821042262,-185.18764530056555,,,4.377471703259231,3.000191992094359,3.833226707808793,,
1570541400,142.03,142.29,141.17,141.92,141.09466853687425,142.26160476014456,141.09466853687425,142.26160476014456,0,0,0,0,0,142.46499999999997,133.635,146.85999999999999,129.24,138.07,140.794006561211,138.15599343878895,,,,,10485490,0.69,0.65,-0.6131236963290926,-0.3109398081384613,1.71884075190768,-82.3864661008805,-9.229544889717358,-9.229544889717358,13.435853514096213,13.435853514096213,217.50245821042262,-185.18764530056555,,,3.7433519705441216,3.0293355206610166,3.8330471379041686,,
1570627800,142.16,142.58,141.62,142.05,141.0958188494879,142.23842025974673,141.0958188494879,142.23842025974673,0,0,0,0,0,142.46499999999997,133.635,146.85999999999999,129.24,138.07,140.78343329483877,138.16656670516122,,,,,7052811,0.68,0.65,0.05329983293833425,-0.4797129294944416,1.550855723055937,-71.28649312321653,8.463677751848211,8.463677751848211,43.850123034979354,43.850123034979354,217.50245821042262,-185.18764530056555,,,3.436519841810986,3.045303533255133,3.832254875574312,,
1570714200,141.59,141.66,140.578,140.81,141.09490576487352,142.17569083779588,141.09490576487352,142.17569083779588,0,0,0,0,0,142.46499999999997,133.635,146.85999999999999,129.24,138.07,140.79129773436304,138.15870226563695,,,,,9331584,0.66,0.65,-0.23604264175547146,-0.5908696233478082,1.4244579796565284,-96.9890972181619,16.555366021000168,16.555366021000168,32.738742559304086,32.738742559304086,217.50245821042262,-185.18764530056555,,,4.14700668212191,3.0885075783087323,3.8328837503126687,,
1570800600,139.97,140.19,138.91,140.03,141.0906951639447,142.0506637461176,141.0906951639447,142.0506637461176,0,0,0,0,0,142.46499999999997,133.635,146.85999999999999,129.24,138.07,140.79594916813656,138.15405083186343,,,,,11425535,0.68,0.65,-0.24885587448209748,-0.5584097327038787,1.318301584924086,-138.1329970553682,-5.463833988582152,-5.463833988582152,9.215632684472729,9.215632684472729,217.50245821042262,-185.18764530056555,,,5.284331105959362,3.174618304883267,3.8357837450292456,,
1571059800,140.45,140.82,140.34,140.59,141.08932154723354,141.98605732470125,141.08932154723354,141.98605732470125,0,0,0,0,0,142.46499999999997,133.635,146.85999999999999,129.24,138.07,140.87516895531652,138.2498310446835,,,,,4009169,0.67,0.65,0.4221386972989775,-0.4325673700294596,1.327607930324624,-102.85974959301505,-26.889515353285393,-26.889515353285393,-2.8194166614466436,-2.8194166614466436,217.50245821042262,-185.18764530056555,,,4.309286785762985,3.2191151080550204,3.8367298050506915,,
1571146200,140.27,140.3,139.21,139.61,141.08571551017613,141.88011390020316,141.08571551017613,141.88011390020316,0,0,0,0,0,142.46499999999997,133.635,146.85999999999999,129.24,138.07,140.85356192897586,138.27143807102416,,,,,9131732,0.68,0.65,-0.004872291155097421,-0.8273345390908621,1.1661980332973032,-130.7330150702589,-51.96570720310078,-51.96570720310078,-19.20151350866469,-19.20151350866469,217.50245821042262,-185.18764530056555,,,5.079776353470605,3.2920822157183767,3.839213414538044,,
1571232600,140.14,140.53,139.6988,140.41,141.0830835351308,141.7973020609795,141.0830835351308,141.7973020609795,0,0,0,0,0,142.46499999999997,133.635,146.85999999999999,129.24,138.07,140.8348298908193,138.29017010918068,,,,,10363893,0.7,0.65,-0.20447178225188514,-0.8360675506982247,1.362883412513777,-118.67597775585467,-61.900212061886236,-61.900212061886236,-33.4344130264052,-33.4344130264052,217.50245821042262,-185.18764530056555,,,4.746488476748937,3.349117755366634,3.8410261519250786,,
1571319000,140.5,141.12,140.42,140.61,141.08188336822744,141.7457372742744,141.08188336822744,141.7457372742744,0,0,0,0,0,142.46499999999997,133.635,146.85999999999999,129.24,138.07,140.80570649537577,138.31929350462423,,,,,6224288,0.71,0.65,-0.30943922982523714,-0.3473497075590107,1.3985493017584776,-92.69406046244373,-47.45933512352535,-47.45933512352535,-38.10938705877859,-38.10938705877859,184.80249221183828,-185.18764530056552,,,4.254738851765995,3.384632308166609,3.8418527507259594,,
1571405400,140.5,140.71,140.32,140.46,141.08048779706215,141.6923122831264,141.08048779706215,141.6923122831264,0,0,0,0,0,142.46499999999997,133.635,146.85999999999999,129.24,138.07,140.80600560236178,138.31899439763822,,,,,6416213,0.7,0.67,-0.3453131112795043,-0.2021071127030582,1.3187784648396133,-93.92857071615967,-37.096613927403226,-37.096613927403226,-35.071067664652496,-35.071067664652496,180.78214711298773,-185.18764530056555,,,4.322923769262242,3.4214280517389866,3.842813931582176,,
1571664600,140.72,140.76,139.6,139.79,141.07767083842668,141.613029448494,141.07767083842668,141.613029448494,0,0,0,0,0,142.46499999999997,133.635,146.85999999999999,129.24,138.07,140.80469762746446,138.32030237253554,,,,,8314307,0.71,0.67,-0.21753676776594735,-0.22217441860699,1.1809818595568062,-110.06904110175273,-46.03687283446867,-46.03687283446867,-40.07670022975837,-40.07670022975837,180.78214711298773,-185.18764530056555,,,4.81385517523524,3.4760330369741337,3.844754073927137,,
1571751000,140.13,140.3,139.72,140.2,141.07509687071752,141.5415145681609,141.07509687071752,141.5415145681609,0,0,0,0,0,142.46499999999997,133.635,146.85999999999999,129.24,138.07,140.80292946791613,138.3220705320839,,,,,3885045,0.71,0.67,-0.41560781407030634,0.0028247640185422415,1.2319568860769234,-107.37896270415376,-57.839129441273556,-57.839129441273556,-45.9975099669301,-45.9975099669301,180.78214711298773,-185.18764530056555,,,4.732033274239736,3.5252879482394515,3.846526859542147,,
1571837400,140.59,141,140.5,140.53,141.07407090294387,141.50308654588008,141.07407090294387,141.50308654588008,0,0,0,0,0,142.46499999999997,133.635,146.85999999999999,129.24,138.07,140.7955590121791,138.3294409878209,,,,,4160001,0.71,0.67,-0.3707181299410099,-0.07091520241802769,1.282846484520799,-89.89345311976123,-42.684427362654354,-42.684427362654354,-36.05826215410285,-36.05826215410285,180.78214711298773,-185.18764530056555,,,4.200190917768987,3.551754731358257,3.847233481037106,,
1571923800,141.02,141.74,140.93,141.53,141.07389753450641,141.48285962251222,141.07389753450641,141.48285962251222,0,0,0,0,0,142.46499999999997,133.635,146.85999999999999,129.24,138.07,140.8003290279201,138.3246709720799,,,,,6275566,0.71,0.67,0.1767925301960375,0.02966333333035468,1.3064528941346796,-25.54220443185804,-25.700987371399464,-25.700987371399464,8.265892611110324,8.265892611110324,180.78214711298773,-185.18764530056555,,,3.906995772535108,3.5656857525808787,3.847352886214924,,
1572010200,142.79,142.83,141.4,141.86,141.07465418278912,141.48167297064902,141.07465418278912,141.48167297064902,0,0,0,0,0,142.46499999999997,133.635,146.85999999999999,129.24,138.07,140.796441241028,138.328558758972,,,,,6011459,0.71,0.67,0.4518649260129781,0.24356843883308216,1.25897525905854,-14.823600786346251,-0.05896684180830647,-0.05896684180830647,51.22507421737402,51.22507421737402,180.78214711298773,-185.18764530056555,,,3.586526660302735,3.566503043079775,3.84683175489442,,
1572269400,141.25,141.25,140.4004,140.64,141.07343208851782,141.44172485415297,141.07343208851782,141.44172485415297,0,0,0,0,0,142.46499999999997,133.635,146.85999999999999,129.24,138.07,140.8065901465524,138.3184098534476,,,,,5442028,0.71,0.67,0.012229769156878718,-0.09553166406065923,0.833179382816059,-37.620018241779796,18.385281770168216,18.385281770168216,55.273778994121265,55.273778994121265,180.78214711298773,-185.18764530056555,,,4.268103095595258,3.5940167706294015,3.8476734558748413,,
1572355800,140,140.63,139.78,140.25,141.07098527115815,141.37925721281363,141.07098527115815,141.37925721281363,0,0,0,0,0,142.46499999999997,133.635,146.85999999999999,129.24,138.07,140.78378663611093,138.34121336388907,,,,,3835427,0.72,0.66,0.1576907493956324,-0.1893444841025069,0.7184869774944034,-51.76857505385516,23.06720687727691,23.06720687727691,32.431057091494296,32.431057091494296,180.78214711298773,-185.18764530056555,,,4.691122323741985,3.637040517810287,3.8493586683980525,,
1572442200,140.54,141.04,139.55,141.02,141.0680883974895,141.31030987113468,141.0680883974895,141.31030987113468,0,0,0,0,0,142.46499999999997,133.635,146.85999999999999,129.24,138.07,142.26275301908666,139.92724698091334,,,,,6992869,0.72,0.67,0.15037330427654708,0.04402659014663336,0.6098747535866033,-57.01384917825432,16.509351553817666,16.509351553817666,20.881255102790494,20.881255102790494,180.78214711298773,-185.18764530056555,,,4.847947633983353,3.6845270713857015,3.8513538511464747,,
1572528600,141.98,142.69,141.89,142.43,141.06982588320878,141.33491340559996,141.06982588320878,141.33491340559996,0,0,0,0,0,142.46499999999997,133.635,146.85999999999999,129.24,138.07,143.11876996062887,140.75123003937117,,,,,7050926,0.7,0.66,0.44615167291626245,0.1619883839599895,0.7046174764820751,-13.554734339415173,26.250357639644324,26.250357639644324,36.98856271335199,36.98856271335199,218.70167760757823,-185.18764530056552,,,3.2524205645711244,3.6675817181772867,3.8501571812432274,,
1572615000,142.21,142.9,142.01,142.56,141.07179726006552,141.36321091910585,141.07179726006552,141.36321091910585,0,0,0,0,0,145.975,139.485,148.7,136.76000000000002,142.21,143.47291929741866,141.14708070258135,,,,,8089975,0.71,0.66,0.5157967543900254,-0.05434152154614807,0.8293840098152845,-13.793158521682598,37.98271016195109,37.98271016195109,61.447415206564635,61.447415206564635,218.70167760757823,-185.18764530056552,,,3.170598663575621,3.64809218662428,3.8487994219671684,,
1572877800,142.26,142.45,141.7446,142.15,141.07323973107438,141.38009496149385,141.07323973107438,141.38009496149385,0,0,0,0,0,145.975,139.485,148.7,136.76000000000002,142.21,143.46636394001578,141.15363605998422,,,,,4740282,0.68,0.66,0.5826699191407325,-0.22178808019932858,0.8062806905137078,-20.448984470145295,49.47820137402083,49.47820137402083,72.46918379816032,72.46918379816032,218.70167760757823,-185.18764530056552,,,3.3515614346106677,3.63646352968257,3.8478059394749478,,
1572964200,140.65,140.89,139.38,139.85,141.07000208925405,141.30451476692548,141.07000208925405,141.30451476692548,0,0,0,0,0,145.975,139.485,148.7,136.76000000000002,142.21,143.4727625181292,141.1472374818708,,,,,11782250,0.65,0.66,-0.08467401322414331,-0.6314769486195452,0.5644510421082984,-79.74953472536338,42.454997283450716,42.454997283450716,47.13713334383079,47.13713334383079,218.70167760757823,-185.18764530056552,,,4.963861993726988,3.6885183714098018,3.8500358217012254,,
1573050600,140.12,140.79,140,140.45,141.0679972898749,141.25596908979114,141.0679972898749,141.25596908979114,0,0,0,0,0,145.975,139.485,148.7,136.76000000000002,142.21,143.47178090047387,141.14821909952613,,,,,6416469,0.64,0.66,-0.019300284982265728,-0.19045533262649078,0.8504824665480323,-64.20088330092138,13.267350608497626,13.267350608497626,35.847205765386406,35.847205765386406,218.70167760757823,-185.18764530056552,,,4.541115505250237,3.7219535531290346,3.8514166002897348,,
1573137000,140.11,140.2,137.6,138.27,141.0612492433417,141.11615069411306,141.0612492433417,141.11615069411306,0,0,0,0,0,145.975,139.485,148.7,136.76000000000002,142.21,143.40203147443367,141.0179685255663,,,,,15214223,0.63,0.66,-0.7696868013745342,-0.4789402973878808,0.4057621904007166,-127.9433048138399,-25.556533997987923,-25.556533997987923,15.379292510928295,15.379292510928295,218.70167760757823,-196.72771672771557,,,6.177553525160237,3.8182515912479054,3.856064226513252,,
1573223400,137.73,138.33,137.39,137.39,141.05409929480356,140.97366243159883,141.05409929480356,140.97366243159883,0,0,0,0,0,145.975,139.485,148.7,136.76000000000002,142.21,143.28705276649669,140.9229472335033,,,,,10378201,0.61,0.67,-1.0514887525818124,-0.5012548887248908,0.31298223371293876,-137.8810947026063,-64.22067920431935,-64.22067920431935,-11.154031394154252,-11.154031394154252,218.70167760757823,-210.8105322821678,,,6.3207418519023655,3.916388464214747,3.8609886573332104,,
1573482600,137.61,137.79,136.435,137.06,141.04507462088787,140.7996854734969,141.04507462088787,140.7996854734969,0,0,0,0,0,145.975,139.485,148.7,136.76000000000002,142.21,142.802075431138,140.452924568862,,,,,7038053,0.62,0.67,-0.8789925574747708,-0.2598486955341536,0.4285688231977899,-163.35042650937348,-99.76083055383444,-99.76083055383444,-40.68963111404764,-40.68963111404764,218.70167760757823,-210.8105322821678,,,6.971907813991542,4.036212752441288,3.8672042800238366,,
1573569000,137.03,137.59,136.19,137.43,141.03558336290408,140.62301937649704,141.03558336290408,140.62301937649704,0,0,0,0,0,145.975,139.485,148.7,136.76000000000002,142.21,142.6725966527834,140.3374033472166,,,,,6451809,0.61,0.67,-0.6956893393126616,-0.31474035140231377,0.5393672564038692,-169.88444356974853,-121.30252058526348,-121.30252058526348,-67.56059427111958,-67.56059427111958,218.70167760757823,-210.8105322821678,,,7.138960861857356,4.157889148888977,3.873741256211316,,
1573655400,137.8,138.22,137.64,137.98,141.02897920034084,140.5095754793795,141.02897920034084,140.5095754793795,0,0,0,0,0,145.975,139.485,148.7,136.76000000000002,142.21,142.66832381354646,140.34167618645355,,,,,8809752,0.6,0.66,-0.7547762500327684,-0.46937436549438877,0.5518760165426888,-131.21373035528492,-121.3519901846891,-121.3519901846891,-85.49105957564275,-85.49105957564275,218.70167760757823,-210.8105322821678,,,6.150279558161742,4.236022106115359,3.878289784287141,,
1573741800,138.39,138.94,137.8685,138.56,141.02284021092956,140.40945153901168,141.02284021092956,140.40945153901168,0,0,0,0,0,145.975,139.485,148.7,136.76000000000002,142.21,142.66671686735503,140.34328313264496,,,,,5220927,0.61,0.66,-0.95062036172075,-0.47544585514973087,0.41217726173302915,-125.11975934183252,-95.62829399880418,-95.62829399880418,-88.87013771669656,-88.87013771669656,218.70167760757823,-210.8105322821678,,,5.994477021682794,4.304981122412121,3.882517930615604,,
1573828200,138.03,138.4208,137.971,138.21,141.01691623448414,140.3172334394426,141.01691623448414,140.3172334394426,0,0,0,0,0,145.975,139.485,148.7,136.76000000000002,142.21,142.64954772315505,140.36045227684494,,,,,10106940,0.6,0.66,-1.0730072668041417,-0.5279519961548415,0.4867102743291278,-122.38613995943098,-83.70987339436098,-83.70987339436098,-73.38934474968983,-73.38934474968983,218.70167760757823,-210.8105322821678,,,5.9245874812491435,4.368495097268475,3.886597989657829,,
1574087400,138.44,138.85,138.3,138.62,141.01165486338627,140.24140467711152,141.01165486338627,140.24140467711152,0,0,0,0,0,145.975,139.485,148.7,136.76000000000002,142.21,142.64187771966778,140.3681222803322,,,,,5722188,0.65,0.65,-0.8730175135853065,-0.2986356172269398,0.446696750721023,-113.61188847835585,-70.4015128802749,-70.4015128802749,-43.7847918521027,-43.7847918521027,218.70167760757823,-210.8105322821678,,,5.700259102686476,4.420721136696632,3.890221688185359,,
1574173800,138.13,138.9716,138.13,138.69,141.0060677407821,140.16194959173458,141.0060677407821,140.16194959173458,0,0,0,0,0,145.975,139.485,148.7,136.76000000000002,142.21,142.64089574809452,140.36910425190547,,,,,4825641,0.63,0.65,-0.2916936881970888,-0.4620934426802789,0.452982173360913,-118.1456962345348,-49.9429156818459,-49.9429156818459,-9.02572128498791,-9.02572128498791,218.70167760757823,-210.8105322821678,,,5.816173462430111,4.475444757313631,3.8940697436783553,,
1574260200,138.53,139,138.1,138.76,141.00043244060072,140.08444568617637,141.00043244060072,140.08444568617637,0,0,0,0,0,145.975,139.485,148.7,136.76000000000002,142.21,142.64030236431336,140.36969763568663,,,,,6894534,0.64,0.66,-0.4339254332250349,-0.4822188435408839,0.5774282407823097,-118.94577995621337,-24.013505789274937,-24.013505789274937,27.845313995867002,27.845313995867002,218.70167760757823,-210.8105322821678,,,5.836628937678987,4.528824529092664,3.8979509808292057,,
1574346600,138.39,138.56,137.77,138,140.99415565250763,139.99716938475768,140.99415565250763,139.99716938475768,0,0,0,0,0,145.975,139.485,148.7,136.76000000000002,142.21,142.58713353260563,140.42286646739436,,,,,4197208,0.64,0.66,-0.07231924646433484,-0.4267075086367998,0.31372015317421786,-127.74670089467718,-10.970391618657684,-10.970391618657684,15.115836722576821,15.115836722576821,218.70167760757823,-210.8105322821678,,,6.061639165416601,4.5889349069877206,3.902274034145065,,
1574433000,138.37,138.46,137.66,137.74,140.98767382303208,139.90904509515934,140.98767382303208,139.90904509515934,0,0,0,0,0,145.975,139.485,148.7,136.76000000000002,142.21,142.58723058141052,140.42276941858947,,,,,3620534,0.62,0.65,0.09432594080260669,-0.3496004563582445,0.11394584707094664,-130.68034120749894,-13.936674050751856,-13.936674050751856,-11.959152429355742,-11.959152429355742,218.70167760757823,-210.8105322821678,,,6.136642574662485,4.649629325327908,3.9067383069532915,,
1574692200,137.32,137.62,136.99,137.08,140.9798796695395,139.79836489534918,140.9798796695395,139.79836489534918,0,0,0,0,0,145.975,139.485,148.7,136.76000000000002,142.21,142.57367512748408,140.4363248725159,,,,,6418042,0.62,0.66,0.005442757874106509,-0.5376402876335726,0.24132015430052547,-148.54887765831987,-53.334020023496244,-53.334020023496244,-25.75077496073591,-25.75077496073591,218.70167760757823,-210.8105322821678,,,6.59348152188735,4.725858823232199,3.912106425264848,,
1574778600,136.98,137.8,136.58,137.74,140.9712900997702,139.67610744847275,140.9712900997702,139.67610744847275,0,0,0,0,0,145.975,139.485,148.7,136.76000000000002,142.21,142.57793984671991,140.43206015328008,,,,,4725594,0.64,0.66,0.08430307844673228,-0.2890198947468205,0.30484362906923834,-159.4833551879268,-76.75529931870587,-76.75529931870587,-42.75228308005923,-42.75228308005923,218.70167760757823,-210.8105322821678,,,6.873039683621972,4.810061994227877,3.9180223758309958,,
1574865000,137.03,137.21,136.83,137.01,138.9006934274063,137.60018806437205,138.9006934274063,137.60018806437205,0,0,0,0,0,145.975,139.485,148.7,136.76000000000002,142.21,142.57491509207424,140.43508490792578,,,,,4113152,0.64,0.66,-0.2622942192330394,-0.5216189683397955,0.30885243609338137,-152.81599084060545,-104.88829683404668,-104.88829683404668,-63.46428766472171,-63.46428766472171,218.70167760757823,-210.8105322821678,,,5.314511106497806,4.8298443123561094,3.920812563105055,,
1575037800,137.1,138.1341,137.08,137.86,138.89720412984906,137.5827022579261,138.89720412984906,137.5827022579261,0,0,0,0,0,145.975,139.485,148.7,136.76000000000002,142.21,142.5815028398577,140.42849716014229,,,,,4516421,0.61,0.66,-0.19121989024092437,-0.42739433112065955,0.3276987270093686,-146.1486264932841,-94.96544075496078,-94.96544075496078,-73.96467202813473,-73.96467202813473,218.70167760757823,-210.8105322821678,,,5.141512698083163,4.842066601992465,3.9232515244137027,,
1575297000,137.32,138.09,137.3,137.79,138.89415696875045,137.57444334585054,138.89415696875045,137.57444334585054,0,0,0,0,0,140.675,132.83499999999998,144.03,129.48,137.32,142.5495950316702,140.46040496832975,,,,,8297366,0.61,0.66,-0.11566161985807333,-0.4177124472864822,0.4155456045246163,-140.2813458676413,-73.1141514599121,-73.1141514599121,-71.41311032346681,-71.41311032346681,218.70167760757823,-210.8105322821678,,,4.989274098678279,4.847839444999751,3.9253814396469986,,
1575383400,139.04,139.57,138.97,139.11,138.8944191925891,137.63134360679757,138.8944191925891,137.63134360679757,0,0,0,0,0,140.675,132.83499999999998,144.03,129.48,137.32,141.64914677605094,139.55585322394904,,,,,8502789,0.62,0.66,0.13405668705941406,-0.10651002274367927,0.517425587689956,-95.74335202753493,-55.86243102008881,-55.86243102008881,-21.358990140442245,-21.358990140442245,218.70167760757823,-210.8105322821678,,,3.8336447304684746,4.808067103253427,3.9251981495187698,,
1575469800,139.16,139.165,138.59,138.92,138.89392924415236,137.6712595437859,138.89392924415236,137.6712595437859,0,0,0,0,0,140.675,132.83499999999998,144.03,129.48,137.32,141.43849221879728,139.52150778120279,,,,,6326512,0.65,0.67,0.06287897118998072,-0.19985916474587526,0.41242678501695457,-95.21711100726611,-31.580598890874132,-31.580598890874132,16.983065367555234,16.983065367555234,218.70167760757823,-210.8105322821678,,,4.096602311258728,4.780166523175203,3.925540615376392,,
1575556200,138.8,139.45,138.79,139,138.89383587902918,137.7173748557943,138.89383587902918,137.7173748557943,0,0,0,0,0,140.675,132.83499999999998,144.03,129.48,137.32,141.42771503629055,139.5322849637095,,,,,5674471,0.62,0.67,0.06595957968133652,-0.2397136066219194,0.37858752872708956,-44.93639318897427,-5.319030346510889,-5.319030346510889,47.2041067422156,47.2041067422156,218.70167760757823,-210.8105322821678,,,3.9582035845270216,4.747932682443902,3.9256058760540156,,
1575642600,137.76,137.8262,137.4,137.62,138.89099324990025,137.70771701831217,138.89099324990025,137.70771701831217,0,0,0,0,0,140.675,132.83499999999998,144.03,129.48,137.32,141.4409792626553,139.51902073734473,,,,,8748968,0.61,0.67,-0.10619147016930691,-0.6151099420325389,0.42556473234872166,-82.56385495564523,7.617020091245845,7.617020091245845,33.489120966759316,33.489120966759316,218.70167760757823,-210.8105322821678,,,4.920074735312426,4.754683351183844,3.9275928268217646,,
1575901800,137.8,137.81,137.45,137.58,138.8882552014489,137.70037909602542,138.8882552014489,137.70037909602542,0,0,0,0,0,140.675,132.83499999999998,144.03,129.48,137.32,141.42987215422252,139.53012784577754,,,,,2814342,0.61,0.67,-0.04545681603059088,-0.6816513433751409,0.11188130074871037,-45.36925040177949,8.2421952303243,8.2421952303243,9.492545508481214,9.492545508481214,218.70167760757823,-210.8105322821678,,,4.885475053629508,4.759812437554262,3.929506677424777,,
1575988200,138.25,138.33,137.74,137.97,138.88609624999748,137.70458775892638,138.88609624999748,137.70458775892638,0,0,0,0,0,140.675,132.83499999999998,144.03,129.48,137.32,141.42481179170733,139.5351882082927,,,,,3241771,0.65,0.67,0.258378390612812,-0.436196377107157,0.20304619690807182,-37.44329701833564,-3.557104584270693,-3.557104584270693,4.30909529212597,4.30909529212597,218.70167760757823,-210.8105322821678,,,4.684796899868509,4.756870651762664,3.931015748798291,,
1576074600,138.2,139.3,138.1201,138.92,138.88469345828918,137.7233881997528,138.88469345828918,137.7233881997528,0,0,0,0,0,140.675,132.83499999999998,144.03,129.48,137.32,141.43238180903268,139.5276181909674,,,,,6117701,0.65,0.67,0.33977709928090455,-0.21715024286537915,0.10842056455782279,-36.57843628780726,6.179330561436458,6.179330561436458,9.919801100057438,9.919801100057438,218.70167760757823,-210.8105322821678,,,4.421770119714887,4.7437294544274575,3.9319962770119106,,
1576161000,139.78,139.85,137.88,138.43,138.8828185462846,137.73212983897818,138.8828185462846,137.73212983897818,0,0,0,0,0,140.675,132.83499999999998,144.03,129.48,137.32,141.42339415607867,139.53660584392136,,,,,8816618,0.64,0.67,0.41174618825174153,-0.42126166088926903,-0.045759364105338866,-45.45052695626157,12.447444061266527,12.447444061266527,24.983671060926667,24.983671060926667,218.70167760757823,-210.8105322821678,,,4.587917791156318,4.737619193122707,3.9333068095077035,,
1576247400,138.52,139.21,137.98,139.05,138.88114518255577,137.74441102176334,138.88114518255577,137.74441102176334,0,0,0,0,0,140.675,132.83499999999998,144.03,129.48,137.32,141.4149076790143,139.54509232098576,,,,,6979801,0.67,0.67,0.3430723754604652,-0.5445423497291535,-0.18507225792620663,-41.75536216306984,22.04382497703091,22.04382497703091,41.23658680855968,41.23658680855968,218.70167760757823,-210.8105322821678,,,4.518718427790466,4.729034849384187,3.934476463090686,,
1576506600,139.2,139.39,138.8,139.04,138.88109714023298,137.78804588365497,138.88109714023298,137.78804588365497,0,0,0,0,0,140.675,132.83499999999998,144.03,129.48,137.32,141.4140639610004,139.54593603899963,,,,,4647211,0.65,0.67,0.3621500940569407,-0.569089586700898,-0.2525605575440363,-11.455010858895108,36.41021678164031,36.41021678164031,65.14300039085911,65.14300039085911,218.70167760757823,-210.8105322821678,,,3.9512836481904228,4.69853480227855,3.934510043880096,,
1576593000,139.02,139.3,138.851,139.01,138.8811500730197,137.83194957449206,138.8811500730197,137.83194957449206,0,0,0,0,0,140.675,132.83499999999998,144.03,129.48,137.32,141.40787787798695,139.5521221220131,,,,,4288118,0.65,0.67,-0.02869949894525365,-0.5091606378820607,-0.21197015954304102,-9.570476814367671,57.17766637445807,57.17766637445807,98.71256556009361,98.71256556009361,218.70167760757823,-210.8105322821678,,,3.9159919728738437,4.667846848184247,3.9344730447372265,,
1576679400,138.86,139.25,138.81,139.02,137.01078218788535,136.0848246183709,137.01078218788535,136.0848246183709,0,0,0,0,0,140.675,132.83499999999998,144.03,129.48,137.32,141.4048140680491,139.55518593195094,,,,,3608069,0.67,0.67,0.02882889819128269,-0.13722960503855727,-0.337884200088918,-11.08549437957625,78.28973160882617,78.28973160882617,120.51386207756241,120.51386207756241,218.70167760757823,-210.8105322821678,,,2.63047138047138,4.587949771019037,3.9318676468066256,,
1576765800,139.04,139.55,138.87,139.38,137.0145706350624,136.1954942411799,137.0145706350624,136.1954942411799,0,0,0,1,0,140.675,132.83499999999998,144.03,129.48,137.32,141.3812393299163,139.57876067008374,,,,,4975164,0.65,0.67,0.10952142325122892,-0.17621046178562386,-0.22605040918727454,-18.80883418957313,104.29445150556305,104.29445150556305,156.30389129903682,156.30389129903682,218.70167760757823,-210.8105322821678,,,2.5883838383838365,4.509535420719618,3.9291833634731135,,
1576852200,139.37,139.52,138.98,139.52,137.018569095332,136.30609446701598,137.018569095332,136.30609446701598,0,0,0,1,0,140.675,132.83499999999998,144.03,129.48,137.32,141.3752858431591,139.58471415684093,,,,,4481503,0.63,0.67,0.5613983058788904,0.21223669451576502,-0.3066932381870136,-19.895252448803998,133.0621251607416,133.0621251607416,190.59747247109868,190.59747247109868,218.70167760757823,-210.8105322821678,,,2.5112233445566865,4.431170241262248,3.9263502765222316,,
1577111400,139.53,139.96,139.53,139.95,137.0236474787579,136.43371037027026,137.0236474787579,136.43371037027026,0,0,0,1,0,140.675,132.83499999999998,144.03,129.48,137.32,141.13016998246061,139.3498300175394,,,,,5182388,0.62,0.67,0.7347632538084233,0.45885831102877905,-0.37102880935641475,-15.42654071025257,161.83014408935435,161.83014408935435,219.36618194657984,219.36618194657984,218.70167760757823,-210.8105322821678,239.36618194657984,,2.1254208754208763,4.340748697503763,3.9227520159805707,,
1577197800,140.44,141.33,140.43,141.27,137.03049593534382,136.59126290476945,137.03049593534382,136.59126290476945,0,0,0,1,0,140.675,132.83499999999998,144.03,129.48,137.32,140.56275789691207,138.87724210308792,,,,,5303698,0.65,0.68,1.0142023504836208,0.7519796330570678,-0.1494801937481676,-34.338007314397274,188.68800263711626,188.68800263711626,242.40371973264004,242.40371973264004,271.7247791724785,-210.8105322821678,262.40371973264007,,1.494107744107741,4.229115718939213,3.9178995798729326,,
1577370600,142.06,142.47,141.9062,142.38,137.04025066474372,136.79994820262164,137.04025066474372,136.79994820262164,0,0,0,1,0,140.675,132.83499999999998,144.03,129.48,137.32,140.5739259298964,138.8660740701036,,,,,8343019,0.66,0.67,1.0685722420562145,0.8921863806596444,0.12871146653950608,-19.217275474817313,211.11165511186297,211.11165511186297,255.95896006135638,255.95896006135638,271.7247791724785,-210.8105322821678,275.9589600613564,,0.458613916947243,4.081252903174822,3.9109879202067472,,
1577457000,142.26,142.73,142.17,142.33,137.05050770637263,137.01069141036197,137.05050770637263,137.01069141036197,0,0,0,1,0,140.675,132.83499999999998,144.03,129.48,137.32,140.5689177571824,138.8710822428176,,,,,5120441,0.67,0.68,1.2155269971988587,0.7853128610559467,0.012135567099016488,-8.517576719527089,225.29244138937676,225.29244138937676,253.65401394440437,253.65401394440437,271.7247791724785,-210.8105322821678,273.65401394440437,,0.27356902356903395,3.9319319667196932,3.9037203499836948,,
1577716200,142.56,142.8,142.46,142.63,137.1284795461957,137.28909338223417,137.1284795461957,137.28909338223417,0,0,0,1,0,140.675,132.83499999999998,144.03,129.48,137.32,140.52190671943023,138.91809328056976,,,,,4812117,0.67,0.68,1.1343872047701271,0.7472143314935188,0.0901350240999702,-6.883095370487154,231.37292212386978,231.37292212386978,243.53388359285586,243.53388359285586,271.7247791724785,-210.8105322821678,263.5338835928559,,0.11918951132299481,3.7824126547433523,3.8961588498065507,,
1577802600,143.31,143.605,142.8,142.9,137.39888016830827,137.7549444444548,137.39888016830827,137.7549444444548,0,0,0,1,0,140.675,132.83499999999998,144.03,129.48,137.32,140.69588814687103,139.09911185312893,,,,,5314467,0.72,0.68,1.2256978068667779,0.8649850708099377,0.1561192507445495,-4.041229542224505,234.78620714523063,234.78620714523063,241.61277718795233,241.61277718795233,271.7247791724785,-210.8105322821678,261.61277718795236,,0.06997900629810658,3.6368270214709897,3.888514134834506,,
1577975400,143.86,144.21,143.4,143.95,138.41844316165114,138.94903611276004,138.41844316165114,138.94903611276004,0,0,0,1,0,146.7575,140.70750000000004,149.90999999999997,137.55500000000004,143.86,140.98471004354414,139.41528995645587,,,,,7736828,0.72,0.68,1.5629639204675632,0.9763572026557458,-0.02237147272835616,-22.06463604523399,242.38706166235198,242.38706166235198,257.5887706965947,257.5887706965947,271.7247791724785,-210.8105322821678,277.5887706965947,,0.3820771101076645,3.509189770044977,3.8815082666532335,,
1578061800,145.75,146.32,145.4,145.86,140.26533653757758,140.97354041816698,140.26533653757758,140.97354041816698,0,0,0,1,0,146.7575,140.70750000000004,149.90999999999997,137.55500000000004,143.86,142.07451690753825,140.43548309246174,,,,,12285501,0.73,0.67,2.1473283990712995,1.3026658570821115,0.1684921705012056,-18.2124079753603,252.55338630506262,252.55338630506262,272.8860355904839,272.8860355904839,271.7247791724785,-210.8105322821678,292.8860355904839,,0.3153709036062032,3.383941971361103,3.874383117076716,,
1578321000,148.44,148.48,146.95,147.39,141.74707632891779,142.6288374236708,141.74707632891779,142.6288374236708,0,0,0,1,0,146.7575,140.70750000000004,149.90999999999997,137.55500000000004,143.86,143.17965642059522,141.49034357940477,,,,,14409912,0.74,0.67,2.4930899075833652,1.5577284861433105,0.1807940510007766,-17.23972784428531,261.56323800919597,261.56323800919597,279.5829414174627,279.5829414174627,271.7247791724785,-210.8105322821678,299.5829414174627,,0.2985277155845022,3.2629453338796677,3.8672385508399683,,
1578407400,147.57,148.14,147.43,147.97,142.31512145306067,143.35658388209058,142.31512145306067,143.35658388209058,0,0,0,1,0,146.7575,140.70750000000004,149.90999999999997,137.55500000000004,143.86,143.16517126381902,141.50482873618094,,,,,8401088,0.76,0.67,2.6345977223278956,1.8144688432945282,0.28069338398706833,-21.07491510815093,265.4947338744598,265.4947338744598,273.3577256049875,273.3577256049875,271.7247791724785,-210.8105322821678,293.3577256049875,,0.3649388389538366,3.1492980203531644,3.860240949018018,,
1578493800,148.49,148.61,146.14,146.86,142.32280013147613,143.46645510240077,142.32280013147613,143.46645510240077,0,0,0,1,0,146.7575,140.70750000000004,149.90999999999997,137.55500000000004,143.86,143.23108210897172,141.5689178910283,,,,,22276323,0.75,0.67,2.1435919381436386,1.6596293354759335,0.2751325827984824,-71.42054564429081,251.71621087808944,251.71621087808944,260.9018928756697,260.9018928756697,271.7247791724785,-210.8105322821678,280.9018928756697,,1.2367371764546953,3.0742956343179304,3.8549991832386707,,
1578580200,146.07,146.41,145.44,146.03,142.32907885249216,143.54484117681642,142.32907885249216,143.54484117681642,0,0,0,0,0,146.7575,140.70750000000004,149.90999999999997,137.55500000000004,143.86,143.238359789147,141.561640210853,,,,,10304334,0.77,0.68,1.4641307165586426,1.6379896626404185,0.22973575039746047,-98.73988004374567,207.18203877973508,207.18203877973508,242.9952748436915,242.9952748436915,271.7247791724785,-210.8105322821678,262.9952748436915,,1.7098060417652234,3.02078623853155,3.8507130830559064,,
1578666600,146.22,146.99,146.17,146.91,142.33678898465502,143.6484944640001,142.33678898465502,143.6484944640001,0,0,0,0,0,146.7575,140.70750000000004,149.90999999999997,137.55500000000004,143.86,143.22730624105031,141.5726937589497,,,,,6183992,0.76,0.67,1.3974506823331045,1.6882466877031812,0.1165240169556007,-70.24971702717124,175.8269099270859,175.8269099270859,220.60581987148964,220.60581987148964,271.7247791724785,-210.8105322821678,,,1.2164627965128143,2.9500284564915993,3.845449845720156,,
1578925800,146.35,146.38,145.78,145.82,142.34371228338696,143.73294173992164,142.34371228338696,143.73294173992164,0,0,0,0,0,146.7575,140.70750000000004,149.90999999999997,137.55500000000004,143.86,143.23256043592045,141.56743956407956,,,,,7603649,0.77,0.67,1.0764805447886516,1.6298221747514152,-0.083815349114857,-85.47048904972438,133.0987514075436,133.0987514075436,191.4367970501743,191.4367970501743,271.7247791724785,-210.8105322821678,,,1.4800297357572465,2.89238144783535,3.840723731614336,,
1579012200,145.42,145.81,145.082,145.69,142.34924109001355,143.78697853443452,142.34924109001355,143.78697853443452,0,0,0,0,0,146.7575,140.70750000000004,149.90999999999997,137.55500000000004,143.86,143.23077403655898,141.569225963441,,,,,6607124,0.76,0.67,0.9428200241629713,1.4410568495151073,0.2609613355346863,-112.71176820803869,81.52275195986618,81.52275195986618,154.7987820200716,154.7987820200716,271.7247791724785,-210.8105322821678,,,1.9517469757383288,2.855493821478604,3.8369495522819164,,
1579098600,146.21,146.73,145.82,146.54,142.35621863029326,143.8675480036724,142.35621863029326,143.8675480036724,0,0,0,0,0,146.7575,140.70750000000004,149.90999999999997,137.55500000000004,143.86,143.22451509488127,141.57548490511874,,,,,6510029,0.76,0.67,1.1170484929829894,1.607802122526485,0.4758608658507447,-83.90938422689868,63.495612912289616,63.495612912289616,124.36439231747761,124.36439231747761,271.7247791724785,-210.8105322821678,,,1.4529972291680784,2.800493955113485,3.8321864107771932,,
1579185000,146.27,146.4658,145.755,146.31,142.36305365800496,143.94243435646956,142.36305365800496,143.94243435646956,0,0,0,0,0,146.7575,140.70750000000004,149.90999999999997,137.55500000000004,143.86,143.220637353471,141.579362646529,,,,,6069101,0.76,0.67,0.745953637677427,1.3596434061977656,0.5277602246808965,-86.44617956399087,50.578609242533325,50.578609242533325,99.76913129249618,99.76913129249618,271.7247791724785,-210.8105322821678,,,1.4969250523754838,2.749373605986505,3.8275205539172497,,
1579271400,146.51,146.99,146.31,146.58,142.37097283151545,144.0359310483727,142.37097283151545,144.0359310483727,0,0,0,0,0,146.7575,140.70750000000004,149.90999999999997,137.55500000000004,143.86,143.22079837574557,141.57920162425444,,,,,11121140,0.76,0.67,0.22453458016054592,1.4480725326306043,0.6922446560711307,-64.78585014727962,57.235112323979315,57.235112323979315,85.59112496965723,85.59112496965723,271.7247791724785,-210.8105322821678,,,1.1218490234506973,2.685549112553728,3.8221146167934403,,
1579617000,145.77,146.86,145.551,146.74,142.3773748638201,144.09629414451496,142.3773748638201,144.09629414451496,0,0,0,0,0,146.7575,140.70750000000004,149.90999999999997,137.55500000000004,143.86,143.22023505938228,141.57976494061774,,,,,6086149,0.77,0.67,-0.2024506302217764,1.47584017462984,0.6195511149571693,-94.40781416040386,60.023022050111884,60.023022050111884,77.06842399647545,77.06842399647545,271.7247791724785,-210.8105322821678,,,1.6347908359802736,2.644342905629279,3.8177443395090984,,
1579703400,146.68,146.81,146.38,146.79,142.3854038850712,144.1864747662987,142.3854038850712,144.1864747662987,0,0,0,0,0,146.7575,140.70750000000004,149.90999999999997,137.55500000000004,143.86,143.21427325889974,141.5857267411003,,,,,4778186,0.77,0.67,-0.36641627863494797,1.767639024340753,0.5928282201638427,-62.053916707334345,79.0301132472225,79.0301132472225,82.95349174871663,82.95349174871663,271.7247791724785,-210.8105322821678,,,1.0745421369196482,2.582782091170078,3.812263416027401,,
1579789800,147,147.62,146.62,147.12,142.39389158959654,144.28243654016933,142.39389158959654,144.28243654016933,0,0,0,0,0,146.7575,140.70750000000004,149.90999999999997,137.55500000000004,143.86,143.213782501076,141.58621749892401,,,,,8419778,0.77,0.67,0.08177627071738289,1.8492256955513142,0.7657304163978312,-49.347722045712416,91.29421315392206,91.29421315392206,115.82241296732116,115.82241296732116,271.7247791724785,-180.2251965158291,,,0.9123470973846013,2.5172748365118243,3.8064693774287144,,
1579876200,146.9,148.38,146.89,147.98,142.4125005338452,144.3944897876091,142.4125005338452,144.3944897876091,0,0,0,0,0,146.7575,140.70750000000004,149.90999999999997,137.55500000000004,143.86,143.21830537624393,141.58169462375608,,,,,9919871,0.76,0.67,0.6152995122980485,1.9301134206943023,0.7238413524990102,-35.73630633768646,111.43825476157559,111.43825476157559,151.7263379768827,151.7263379768827,271.7247791724785,-133.66196131152753,,,0.7365860251385346,2.4474439027324797,3.8003357443572057,,
1580135400,149.24,149.32,148.4575,148.99,143.39464747828237,145.50091219618156,143.39464747828237,145.50091219618156,0,0,0,0,0,146.7575,140.70750000000004,149.90999999999997,137.55500000000004,143.86,143.5746475025026,141.93535249749743,,,,,9988069,0.75,0.67,0.6625264532075458,1.9583725616466268,0.8140501814982197,-17.366456652718664,134.95628457741046,134.95628457741046,181.99234420908016,181.99234420908016,271.7247791724785,-109.42338168963033,,,0.3574065373514993,2.365481653109696,3.7934567649226287,,
1580221800,148.36,148.56,147.53,147.66,143.40293909171237,145.58105681593915,143.40293909171237,145.58105681593915,0,0,0,0,0,146.7575,140.70750000000004,149.90999999999997,137.55500000000004,143.86,143.59248419930586,141.9175158006941,,,,,7543088,0.75,0.67,0.5875251737557246,1.7924068924592944,0.7665920963683767,-47.61507363937924,149.43502499785313,149.43502499785313,178.3925058387385,178.3925058387385,271.7247791724785,-109.42338168963033,,,0.9799315390294704,2.3111463545183146,3.787835335899865,,
1580308200,147.7,148.56,147.61,148.46,143.4113723802404,145.66116439178467,143.4113723802404,145.66116439178467,0,0,0,0,0,146.7575,140.70750000000004,149.90999999999997,137.55500000000004,143.86,143.57956168194028,141.9304383180597,,,,,5023827,0.75,0.67,0.9445390152791934,1.941010473344101,0.8415741346409732,-45.00602850845395,156.31349685066323,156.31349685066323,170.07044055628344,170.07044055628344,271.7247791724785,-109.42338168963033,,,0.9262366601785323,2.2568361704265585,3.782117856028294,,
1580394600,148.69,149.31,148.01,148.47,143.42058002783236,145.75365990583234,143.42058002783236,145.75365990583234,0,0,0,0,0,146.7575,140.70750000000004,149.90999999999997,137.55500000000004,143.86,143.57706267483982,141.93293732516017,,,,,9119545,0.75,0.67,0.6608471394609127,1.9647676503754787,0.645852813721777,-31.960802853830316,160.78771947507525,160.78771947507525,169.73616472389926,169.73616472389926,271.7247791724785,-109.42338168963033,,,0.6577622659238996,2.194127389857827,3.7758753873167965,,
1580481000,148.88,149.68,148.81,149.33,143.7579949658815,146.1932911603699,143.7579949658815,146.1932911603699,0,0,0,0,0,146.7575,140.70750000000004,149.90999999999997,137.55500000000004,143.86,143.75865776987652,142.11134223012348,,,,,14788263,0.76,0.67,1.0344323301840634,2.148039085547861,0.6484466392545221,-16.92018095069498,168.80166414262635,168.80166414262635,184.82955347772855,184.82955347772855,271.7247791724785,-109.42338168963033,,,0.34822205852809895,2.121738945491955,3.7690269291174183,,
1580740200,148.66,148.78,147.6802,148.36,143.7658645024132,146.2522482913358,143.7658645024132,146.2522482913358,0,0,0,0,0,152.82,145.51999999999998,155.96,142.38,148.66,143.7525549991846,142.11744500081537,,,,,9115075,0.75,0.68,0.6111458952578771,1.9521292954555651,0.44693172939649045,-53.6825279470308,164.0103432982113,164.0103432982113,167.204557194488,167.204557194488,271.7247791724785,-109.42338168963033,,,1.1048014464608578,2.081859043569167,3.763703801279943,,
1580826600,146.97,147.03,145.8,146.43,143.7699992386721,146.23589737795007,143.7699992386721,146.23589737795007,0,0,0,0,0,152.82,145.51999999999998,155.96,142.38,148.66,143.78858149762726,142.08141850237274,,,,,10525585,0.78,0.67,-0.1043400754265316,1.4423345163320838,0.5339571929836441,-114.86199760760024,104.90577860705275,104.90577860705275,146.4382976653429,146.4382976653429,271.7247791724785,-109.42338168963033,,,2.363892051161857,2.0929191615139784,3.7609069746063803,,
1580913000,146.38,146.81,146.16,146.61,143.7748378016318,146.23416414744224,143.7748378016318,146.23416414744224,0,0,0,0,0,152.82,145.51999999999998,155.96,142.38,148.66,143.7865755524675,142.0834244475325,,,,,6160661,0.78,0.67,-0.060579209071448356,1.4494281925739176,0.5597933631644518,-103.14802618019674,51.09858721541542,51.09858721541542,114.65839418203375,114.65839418203375,271.7247791724785,-109.42338168963033,,,2.122815241411649,2.094091556804083,3.7576340640505466,,
1580999400,147.28,147.63,147,147.4,143.78132823559457,146.2651106514641,143.78132823559457,146.2651106514641,0,0,0,0,0,152.82,145.51999999999998,155.96,142.38,148.66,143.7343345367949,142.13566546320507,,,,,4819778,0.76,0.67,0.09462513578988138,1.5280689224020336,0.7448765879494245,-75.81542618292066,21.434379932654963,21.434379932654963,83.58372276557415,83.58372276557415,271.7247791724785,-109.42338168963033,,,1.5603026853278057,2.0731586598834446,3.753243791565586,,
1581085800,147.83,148.18,147.335,147.79,143.78846833901997,146.3078494494459,143.78846833901997,146.3078494494459,0,0,0,0,0,152.82,145.51999999999998,155.96,142.38,148.66,143.73257728869518,142.13742271130482,,,,,6379311,0.74,0.66,-0.06429155414303711,1.3342597021597282,1.0721079351534644,-64.91492499353058,14.42724085156574,14.42724085156574,60.53156212757135,60.53156212757135,271.7247791724785,-109.42338168963033,,,1.3359673206991256,2.0442491956017066,3.7484140683470715,,
1581345000,148.21,148.4464,147.91,148.17,143.7967315391418,146.37123574554607,143.7967315391418,146.37123574554607,0,0,0,0,0,152.82,145.51999999999998,155.96,142.38,148.66,143.67503525983972,142.1949647401603,,,,,5793599,0.75,0.66,-0.2755142904418515,1.1753205925404782,1.02057582232493,-48.22103925389997,24.407715813248572,24.407715813248572,48.490280022797094,48.490280022797094,271.7247791724785,-109.42338168963033,,,0.9509140829036469,2.001373308829234,3.742824657786745,,
1581431400,148.03,148.16,147.01,147.66,143.80319800959305,146.39719512807366,143.80319800959305,146.39719512807366,0,0,0,0,0,152.82,145.51999999999998,155.96,142.38,148.66,143.66722451079343,142.20277548920657,,,,,5179392,0.73,0.66,0,1.0864753573420123,0.7589082350307658,-72.75382111364218,23.366297057253316,23.366297057253316,40.1156190342825,40.1156190342825,271.7247791724785,-64.89479512735988,,,1.5536061072791947,1.9838138107292322,3.738450594748768,,
1581517800,147.42,147.81,147.1567,147.54,143.80994173584762,146.4278319073649,143.80994173584762,146.4278319073649,0,0,0,0,0,152.82,145.51999999999998,155.96,142.38,148.66,143.66527204658132,142.20472795341868,,,,,5040584,0.73,0.66,-0.3118442533811336,1.0001597126287947,0.6667067130181162,-71.00391858332264,10.826000049512153,10.826000049512153,30.35241270602572,30.35241270602572,271.7247791724785,-64.89479512735988,,,1.4553673073059743,1.9630904184381242,3.733888989778852,,
1581604200,148.24,148.58,147.9501,148.38,143.818241350761,146.48806983256628,143.818241350761,146.48806983256628,0,0,0,0,0,152.82,145.51999999999998,155.96,142.38,148.66,143.86522599217497,142.39477400782502,,,,,7082098,0.73,0.66,-0.030906724480301198,1.128851675823429,0.776105096590322,-66.05436890018237,32.4386854528698,32.4386854528698,36.61123094655796,36.61123094655796,271.7247791724785,-64.89479512735988,,,0.9240608049286952,1.9223441590848132,3.7282749474514794,,
1581690600,148.74,149.13,148.63,149,143.8278692401701,146.5723416038382,143.8278692401701,146.5723416038382,0,0,0,0,0,152.82,145.51999999999998,155.96,142.38,148.66,143.8654484962243,142.3945515037757,,,,,5345393,0.73,0.66,-0.11285946109450609,1.0344039706209622,1.0055128772461372,-33.693459197468094,46.608327119561984,46.608327119561984,74.94761045294636,74.94761045294636,271.7247791724785,-64.89479512735988,,,0.4687604634032123,1.865340876901221,3.7217624309998345,,
1582036200,149.88,151.09,149.47,150.91,145.357914664128,148.17654574804396,145.357914664128,148.17654574804396,0,0,0,0,0,152.82,145.51999999999998,155.96,142.38,148.66,144.60083426883946,143.06916573116055,,,,,11527580,0.72,0.66,0.863272382809996,1.003966064437775,1.0605211308553573,-72.66321218706936,69.39289289758878,69.39289289758878,114.96202445364236,114.96202445364236,271.7247791724785,-64.89479512735988,,,0.9542111192101238,1.8296102981682367,3.7162328579493056,,
1582122600,151,151.82,150.815,151.79,146.2147680365895,149.11057260731744,146.2147680365895,149.11057260731744,0,0,0,0,0,152.82,145.51999999999998,155.96,142.38,148.66,144.96857040336008,143.4314295966399,,,,,9269784,0.72,0.66,1.9222489904677278,0.9051049591672472,1.2002490703936368,-48.91381924484406,94.71311313885887,94.71311313885887,145.35355362139907,145.35355362139907,271.7247791724785,-64.89479512735988,,,0.6423348046643352,1.7830504748935738,3.710091203497188,,
1582209000,152,152.83,151.95,152.41,146.8222704308548,149.80727419473774,146.8222704308548,149.80727419473774,0,0,0,1,0,152.82,145.51999999999998,155.96,142.38,148.66,145.47723256417302,143.932767435827,,,,,8457348,0.71,0.66,2.074540154466256,0.908460637325655,1.439993996857702,-22.77635948598309,118.87584155752158,118.87584155752158,167.20129839484702,167.20129839484702,271.7247791724785,-61.862274079162944,,,0.3018174660455403,1.7249629059191411,3.7032814657600217,,
1582295400,154.43,155.2219,154.18,154.7,149.0386168066012,152.14158059753302,149.0386168066012,152.14158059753302,0,0,0,1,0,152.82,145.51999999999998,155.96,142.38,148.66,146.71675308880523,145.0851469111948,,,,,16353292,0.72,0.66,2.5399800819020473,1.580726906799012,1.7909881183130578,-25.25320413850906,142.32912461812185,142.32912461812185,189.23569073932242,189.23569073932242,271.7247791724785,-60.378150158658,,,0.33613445378150086,1.6704990450509984,3.696553899302522,,
1582554600,158.5,158.53,155.36,156.09,150.3877176622023,153.5814833362457,150.3877176622023,153.5814833362457,0,0,0,1,0,152.82,145.51999999999998,155.96,142.38,148.66,148.3903245931334,146.71967540686657,,,,,27170954,0.74,0.66,2.964342655171531,2.099377934372176,1.9397750660143693,-35.135912670772115,164.45029105368863,164.45029105368863,208.6926239248222,208.6926239248222,271.7247791724785,-60.378150158658,228.6926239248222,,0.46767890319686706,1.6233296277233855,3.6901026006090043,,
1582641000,155.12,156.08,152.91,153.3,150.3928207238163,153.55639771521646,150.3928207238163,153.55639771521646,0,0,0,0,0,152.82,145.51999999999998,155.96,142.38,148.66,148.45782708698582,146.65217291301423,,,,,28091497,0.71,0.66,1.74672689864646,1.266942182281303,1.649049113096857,-153.05781136035225,175.38874805697256,175.38874805697256,197.26566206354042,197.26566206354042,271.7247791724785,-60.378150158658,,,2.037286181049399,1.6395632180498958,3.686800270100394,,
1582727400,153.82,155.28,152.9,153.97,150.3978938092832,153.53190760873738,150.3978938092832,153.53190760873738,0,0,0,0,0,152.82,145.51999999999998,155.96,142.38,148.66,148.45667631920145,146.65332368079856,,,,,17983155,0.7,0.67,2.184977507122729,1.6499104106949967,1.6459660414151347,-153.53912523255414,174.4482450067566,174.4482450067566,175.0752470402339,175.0752470402339,271.7247791724785,-60.378150158658,,,2.0436927413671584,1.6554114346505728,3.683517337975053,,
1582813800,155.58,156.27,153.9,154,150.40493478069322,153.54720142800258,150.40493478069322,153.54720142800258,0,0,0,0,0,152.82,145.51999999999998,155.96,142.38,148.66,148.4487646953106,146.66123530468943,,,,,27878524,0.7,0.65,2.2425624674293054,1.686679100172123,1.6257917840114526,-105.40773801231771,156.966548805768,156.966548805768,169.03901429541193,169.03901429541193,271.7247791724785,-60.378150158658,,,1.4030367095906193,1.645514386609006,3.678960933123136,,
1582900200,152.71,152.77,147.05,148.38,150.39841223367884,153.29595431317895,150.39841223367884,153.29595431317895,0,0,0,0,0,152.82,145.51999999999998,155.96,142.38,148.66,148.82657598353558,146.53342401646447,,,,,42707124,0.71,0.66,0,0.31816254932264315,0.8248962174951308,-177.5951493749393,101.95003125867791,101.95003125867791,146.67601994983391,146.67601994983391,271.7247791724785,-60.378150158658,,,5.791530527259909,1.8081032548698257,3.68318185139314,,
1583159400,150,150.73,149.04,149.2,150.3958389824627,153.13181884991704,150.3958389824627,153.13181884991704,0,0,0,0,0,156.365,139.435,162.73,133.07000000000002,150,148.94871808835137,146.66128191164867,,,,,16295360,0.7,0.66,0.059238965943752685,0.5033000190612572,0.9902754341044627,-138.50064193510235,48.29148716463547,48.29148716463547,113.88117568810111,113.88117568810111,271.7247791724785,-60.378150158658,,,4.516625024024608,1.91431979483668,3.6848470725172784,,
1583245800,150.84,155.24,150.735,153.89,150.39662361986038,153.03992595384184,150.39662361986038,153.03992595384184,0,0,0,0,0,156.365,139.435,162.73,133.07000000000002,150,149.18100685552315,146.6489931444769,,,,,28687689,0.68,0.64,0.8052976118597723,1.1741949235703069,1.3273710639265999,-105.20155142730077,31.815379173061807,31.815379173061807,86.52591018308802,86.52591018308802,271.7247791724785,-60.378150158658,,,3.430713050163361,1.9737861970063537,3.684339312232855,,
1583332200,154.4,154.96,153.7,154.16,150.40327152471582,153.0667484654559,150.40327152471582,153.0667484654559,0,0,0,0,0,156.365,139.435,162.73,133.07000000000002,150,149.23072647347453,146.69927352652547,,,,,12315472,0.67,0.63,0.6366982092431824,1.1904830230951253,1.318359940659989,-46.95269989005619,34.40186909832476,34.40186909832476,69.15122982150027,69.15122982150027,271.7247791724785,-60.378150158658,,,1.5311679159459382,1.9564286173569256,3.680037271481033,,
1583418600,156.06,157.62,155.72,157.49,151.76022911281214,154.49053697796367,151.76022911281214,154.49053697796367,0,0,0,0,0,156.365,139.435,162.73,133.07000000000002,150,149.27410605907448,146.65589394092552,,,,,17973475,0.71,0.63,1.3233898813356866,1.6709530229429024,1.4924530783830599,-34.46339306323705,52.812620625334134,52.812620625334134,63.70502675611156,63.70502675611156,271.7247791724785,-60.378150158658,,,1.123880881325805,1.923779686532176,3.6749300659062976,,
1583505000,158.33,159.25,154.54,157.55,151.8235448133353,154.55020624291498,151.8235448133353,154.55020624291498,0,0,0,0,0,156.365,139.435,162.73,133.07000000000002,150,149.6361388370767,147.0138611629233,,,,,26973448,0.7,0.63,0.7340435300881814,1.6308695859090612,1.4689567262195027,-58.58491956933378,66.07180013807542,66.07180013807542,70.80534690200314,70.80534690200314,271.7247791724785,-60.378150158658,,,1.910504601713754,1.9232590949706692,3.6714047403035153,,
1583760600,158.6,159.37,156.33,157.81,152.0826274954208,154.8656300573769,152.0826274954208,154.8656300573769,0,0,0,0,0,156.365,139.435,162.73,133.07000000000002,150,149.69641361977654,147.07358638022347,,,,,24868674,0.7,0.63,0.4393230735233075,1.5290458715008752,1.6224481617246667,-27.73373549797194,74.93557570684298,74.93557570684298,92.66312684437813,92.66312684437813,259.89175421839076,-60.378150158658,,,0.9378366389962547,1.8846150770893195,3.665943065775429,,
1583847000,156.18,156.41,154.39,154.48,152.0873059619634,154.84831907473466,152.0873059619634,154.84831907473466,0,0,0,0,0,156.365,139.435,162.73,133.07000000000002,150,149.7737713146183,147.0462286853817,,,,,18811547,0.64,0.62,0.2969413923185202,0.8207019872633801,1.3047030076352242,-59.249552115837375,76.57118385205231,76.57118385205231,79.84240014247096,79.84240014247096,235.715055501664,-60.378150158658,,,2.1671630441670464,1.8956953895237403,3.66294850029769,,
1583933400,156.25,156.5,153.61,153.93,152.09043222377767,154.80140460121567,152.09043222377767,154.80140460121567,0,0,0,0,0,156.365,139.435,162.73,133.07000000000002,150,149.92324171124218,147.18675828875783,,,,,18353302,0.65,0.63,-0.01002318760738601,0.945858186588296,1.1773518076154568,-72.76260786155413,51.724939700123514,51.724939700123514,68.28910246807605,68.28910246807605,235.715055501664,-60.378150158658,,,2.6614282998542476,1.9257241311053288,3.6609474609361645,,
1584019800,151.53,151.55,146.85,147.79,152.08018081074314,154.49388285214837,152.08018081074314,154.49388285214837,0,0,0,0,0,156.365,139.435,162.73,133.07000000000002,150,150.20483414300244,147.04516585699756,,,,,32893430,0.66,0.63,-1.393933470739899,-0.0900691130666981,0.4336239165417389,-222.84662205739164,2.9737312121581,2.9737312121581,46.51731204943674,46.51731204943674,235.71505550166404,-181.00812774565838,,,6.945060515810156,2.1225608520741455,3.6675091253814673,,
1584106200,149.42,149.6,141.58,143.28,152.05952570422818,153.99382077951512,152.05952570422818,153.99382077951512,0,0,0,0,0,156.365,139.435,162.73,133.07000000000002,150,150.30937812394654,146.94062187605346,,,,,35177244,0.73,0.65,-1.1257486713489662,-0.661020085012188,0.05513916546337802,-243.77037252306403,-45.21456317213359,-45.21456317213359,15.940020308913297,15.940020308913297,235.71505550166404,-220.13554111646567,,,10.284519358722507,2.442637656256434,3.6807299250484826,,
1584365400,137.56,142.96,136.12,141.64,152.0281118666573,153.30139251365176,152.0281118666573,153.30139251365176,0,0,0,0,0,156.365,139.435,162.73,133.07000000000002,150,149.432479656527,146.05752034347304,,,,,24495962,0.76,0.65,-1.649783655642294,-0.9680385929171748,-0.038938218851568,-243.77037252306403,-86.97869906196745,-86.97869906196745,-18.366219481380284,-18.366219481380284,235.71505550166404,-220.13554111646567,,,13.744376148533044,2.885843087326105,3.7008371103101902,,
1584451800,140.18,146.2,139.93,143.56,152.0042970577329,152.78403594448895,152.0042970577329,152.78403594448895,0,0,0,0,0,156.365,139.435,162.73,133.07000000000002,150,149.4481645973629,146.0418354026371,,,,,24490276,0.76,0.65,-2.1661100453997224,-0.60277381773222,0.2853519066443538,-200.95040390559632,-107.09918183970731,-107.09918183970731,-47.94387360082263,-47.94387360082263,235.71505550166404,-220.13554111646567,,,11.330080476522397,3.2169896516083125,3.716080353799126,,
1584538200,141.75,142.88,138.5,140.7,151.97770125941577,152.23145022117566,151.97770125941577,152.23145022117566,0,0,0,0,0,156.365,139.435,162.73,133.07000000000002,150,149.49025132864554,145.99974867135444,,,,,21953448,0.77,0.66,-2.760719104413708,-0.7143528711616106,0.01876056323666693,-217.02194068328114,-129.9457120119898,-129.9457120119898,-75.27781973787835,-75.27781973787835,235.71505550166404,-220.13554111646567,,,12.236233445282304,3.5706854866543516,3.7331036366991923,,
1584624600,139.08,140.5,137.8503,138.04,151.94987347867766,151.67531087916876,151.94987347867766,151.67531087916876,0,0,0,0,0,156.365,139.435,162.73,133.07000000000002,150,149.52618313757674,145.96381686242324,,,,,20828884,0.79,0.68,-3.8470656330433526,-1.0512828358912973,-0.017271958723884723,-224.3238130220655,-164.46024738174006,-164.46024738174006,-105.00529561916558,-105.00529561916558,235.71505550166404,-220.13554111646567,,,12.647931056333563,3.926655901151576,3.7509154796954647,,
1584711000,140.71,141.17,139.14,140.11,151.92465235284615,151.1910516290053,151.92465235284615,151.1910516290053,0,1,0,0,0,156.365,139.435,162.73,133.07000000000002,150,149.54758351050967,145.94241648949034,,,,,20056048,0.79,0.67,-3.4115029801677514,-0.8800089707672996,0.20338092006955266,-209.8290850624993,-182.16335741154026,-182.16335741154026,-130.72464954995715,-130.72464954995715,235.71505550166404,-220.13554111646567,,,11.830682466256901,4.236617727234138,3.7670588702780052,,
1584970200,142.675,146.93,142.28,146.3,151.9056926078854,150.8476888200247,151.9056926078854,150.8476888200247,0,0,0,0,0,156.365,139.435,162.73,133.07000000000002,150,149.7152741208519,145.77472587914812,,,,,28275212,0.78,0.64,-2.072410306822375,-0.16539239328614042,0.638520623043255,-174.53913717303757,-146.02327126242915,-146.02327126242915,-135.82419012078114,-135.82419012078114,235.71505550166404,-220.13554111646567,,,9.840947975413473,4.456395384025484,3.7791945128457085,,
1585056600,153.5,155.66,152.05,153.4,151.90609601925826,150.89709710159235,151.90609601925826,150.89709710159235,0,0,0,0,0,156.365,139.435,162.73,133.07000000000002,150,149.89516326286957,145.59483673713044,,,,,20743472,0.77,0.65,-0.18259129820441322,0.5322422695499566,1.0116509568361411,-64.73570058703766,-118.71874657670318,-118.71874657670318,-84.50785948854725,-84.50785948854725,235.71505550166404,-220.13554111646567,,,3.6499588112286867,4.424770420386394,3.7789362996556646,,
1585143000,152.58,152.878,151.01,151.3,151.90444148175726,150.90419133290246,151.90444148175726,150.90419133290246,0,0,0,0,0,156.365,139.435,162.73,133.07000000000002,150,149.9133592308634,145.57664076913665,,,,,16457183,0.76,0.64,-0.4433567899698703,0.3693165561314173,0.8350023820597701,-76.42409097080859,-90.79596028856336,-90.79596028856336,-34.950387712283714,-34.950387712283714,235.71505550166404,-220.13554111646567,,,4.308979152144992,4.420229586337712,3.7799953263339647,,
1585229400,153.3107,154.81,152.08,153.24,151.90490673354194,150.95254853553374,151.90490673354194,150.95254853553374,0,0,0,0,0,156.365,139.435,162.73,133.07000000000002,150,149.91860339801258,145.57139660198743,,,,,12778782,0.76,0.65,0.9549867108489589,0.577630775963321,0.9145612602613641,-64.39853547981349,-58.683821417048364,-58.683821417048364,5.540456325981637,5.540456325981637,235.71505550166404,-220.13554111646567,,,3.6309486090868703,4.3892773911514045,3.7796975306951093,,
1585315800,153,153.55,152,152.25,151.9052128139944,150.99590349492456,151.9052128139944,150.99590349492456,0,0,0,0,0,156.365,139.435,162.73,133.07000000000002,150,149.9197545402971,145.5702454597029,,,,,9824572,0.75,0.64,1.6184272230156826,0.3892792686404239,0.8753720803453602,-65.29764243241137,-27.186192796916416,-27.186192796916416,35.80906444334748,35.80906444334748,235.71505550166404,-220.13554111646567,,,3.681642481465054,4.361527002536254,3.7795016165108333,,
1585575000,152.41,153.08,151.57,152.92,151.90466773344698,151.02086414218243,151.90466773344698,151.02086414218243,0,0,0,0,0,156.365,139.435,162.73,133.07000000000002,150,149.92044829444367,145.56955170555634,,,,,12080881,0.75,0.65,2.0587843794908554,0.39266921496846924,0.8889484380075797,-70.13034230262434,10.026591023852788,10.026591023852788,84.4521586653912,84.4521586653912,235.71505550166404,-220.13554111646567,,,3.9541220454977566,4.345550337554352,3.7798505084768412,,
1585661400,151.36,151.8,147.97,148.05,151.89700286285068,150.90508123464585,151.89700286285068,150.90508123464585,0,0,0,0,0,156.365,139.435,162.73,133.07000000000002,150,150.0065598935621,145.4834401064379,,,,,13319495,0.73,0.63,0.7883745636825811,-0.27580815237630046,0.5670601888242612,-110.59015516952286,31.08276232109643,31.08276232109643,73.19510491558371,73.19510491558371,235.71505550166404,-220.13554111646567,,,6.235346302515685,4.41965998323911,3.7847565939794166,,
1585747800,148.2,150.08,147.85,149.45,151.88911594404377,150.78918000975779,151.88911594404377,150.78918000975779,0,0,0,0,0,159.825,124.495,171.45,112.87,148.2,150.01231341822887,145.47768658177114,,,,,11827400,0.72,0.64,1.5644143704036988,-0.2238978432422291,0.6459962551249588,-111.93881559841954,37.09065490709117,37.09065490709117,49.106440079080656,49.106440079080656,235.71505550166404,-220.13554111646567,,,6.3113871110829525,4.493845360801614,3.7898048068008023,,
1585834200,151.2,152.5,150.7,151.9,151.8868821459538,150.7884709897673,151.8868821459538,150.7884709897673,0,0,0,0,0,159.825,124.495,171.45,112.87,148.2,150.0273027405013,145.4626972594987,,,,,9188303,0.74,0.66,2.5279484488657413,-0.048641394738472614,0.8453263229172038,-79.90813041212489,40.728706979448724,40.728706979448724,48.00481112416383,48.00481112416383,235.71505550166404,-220.13554111646567,,,4.505417907610426,4.494299186166665,3.7912346032060165,,
1585920600,152.23,153.09,151.66,152.65,151.88655171209572,150.82506036271758,151.88655171209572,150.82506036271758,0,0,0,0,0,159.825,124.495,171.45,112.87,148.2,150.0169193982497,145.4730806017503,,,,,8469099,0.74,0.65,2.2562945049874847,-0.19287249665712136,0.9096277321464412,-69.11884698095183,46.91074390988819,46.91074390988819,59.27481777076713,59.27481777076713,235.71505550166404,-220.13554111646567,,,3.8970914390723053,4.470879274515906,3.7914461053755795,,
1586179800,154.16,157.22,153.96,156.88,151.89077138899464,150.94950897594435,151.89077138899464,150.94950897594435,0,0,0,0,0,159.825,124.495,171.45,112.87,148.2,150.06291451628906,145.42708548371095,,,,,14739272,0.73,0.66,1.7846690609499165,0.07211203250947626,1.188190820830701,-43.26952209376649,59.76683612823535,59.76683612823535,85.47902056492967,85.47902056492967,235.71505550166404,-220.13554111646567,,,2.4396426081997302,4.3912229346603695,3.788745199287316,,
1586266200,155.33,156.14,154.38,156.04,151.89581340420145,151.08538313375044,151.89581340420145,151.08538313375044,0,0,0,0,0,159.825,124.495,171.45,112.87,148.2,150.06518871361715,145.42481128638286,,,,,9195370,0.73,0.65,0.4241467293454119,0.25432282309598364,1.0914587115098227,-38.54921059262846,74.22797179856582,74.22797179856582,103.15024313922677,103.15024313922677,235.71505550166404,-220.13554111646567,,,2.1734997782143126,4.304253399113465,3.7855179357087487,,
1586352600,155.91,155.94,154.59,154.65,151.90126073006718,151.22408183438768,151.90126073006718,151.22408183438768,0,0,0,0,0,159.825,124.495,171.45,112.87,148.2,150.06710877745104,145.42289122254897,,,,,7600804,0.73,0.65,0.5440928339447545,0.06265840024645382,1.0546107325469214,-25.8895075976734,85.78957652851544,85.78957652851544,108.91278598841468,108.91278598841468,235.71505550166404,-220.13554111646567,,,2.040428363221595,4.215475946725548,3.782031243256227,,
1586439000,158.08,159.08,157.21,158.69,152.75725570649556,152.2696092899814,152.75725570649556,152.2696092899814,0,0,0,0,0,159.825,124.495,171.45,112.87,148.2,150.10892821812647,145.38107178187354,,,,,18123039,0.74,0.66,0.858387333651851,0.4243756297721506,1.2155943775045914,-16.541239281018427,101.18110300759638,101.18110300759638,131.96415596575827,131.96415596575827,235.71505550166404,-220.13554111646567,,,0.9326359568970886,4.086737123595021,3.776338145780984,,
1586784600,159.17,162.38,158.625,161.41,155.3821144919411,155.02753372555185,155.3821144919411,155.02753372555185,0,0,0,1,0,159.825,124.495,171.45,112.87,148.2,151.65437420560656,146.8456257943934,,,,,20549213,0.74,0.67,1.4426042989455818,1.2156749598126948,1.3700928127532805,-30.60205918992154,122.02648980692305,122.02648980692305,163.7172634055764,163.7172634055764,235.71505550166404,-220.13554111646567,,,1.725419738553991,3.9941364418287058,3.7722404067056057,,
1586871000,162.73,164.42,161.78,162.68,156.6150443828115,156.46463641088957,156.6150443828115,156.46463641088957,0,0,0,1,0,159.825,124.495,171.45,112.87,148.2,152.68758975927014,147.85241024072982,,,,,17095086,0.75,0.67,1.5287473786263197,1.2494262864119319,1.3527893458087359,-9.812151260949882,143.51582453245064,143.51582453245064,186.49449398350583,186.49449398350583,235.71505550166404,-220.13554111646567,,,0.5532333415293863,3.8591990653463797,3.765808824157801,,
1586957400,161.8,162.54,160.8061,161.85,156.62345556086782,156.63562474771743,156.62345556086782,156.63562474771743,0,0,0,1,0,159.825,124.495,171.45,112.87,148.2,152.69053494832883,147.84946505167113,,,,,12141890,0.75,0.67,2.2298129813666794,0.7143973016791098,1.316181524324354,-20.429989164326745,158.73064224539178,158.73064224539178,189.16027767127406,189.16027767127406,235.71505550166404,-220.13554111646567,,,1.1518932874354686,3.7530302113106577,3.7605862156928214,,
1587043800,161.88,163.15,160.65,161.71,156.63154116414282,156.79384730663048,156.63154116414282,156.79384730663048,0,0,0,1,0,159.825,124.495,171.45,112.87,148.2,152.68968440057384,147.85031559942612,,,,,9233164,0.74,0.67,1.9621438577716253,0.6763179545851407,1.302618895482674,-22.13185228858683,167.94948034970488,167.94948034970488,186.38715655833113,186.38715655833113,235.71505550166404,-220.13554111646567,,,1.2478485370051642,3.6547877927104424,3.7555657607903483,,
1587130200,159.72,160.07,158.12,158.57,156.6346062167619,156.84764152989987,156.6346062167619,156.84764152989987,0,0,0,0,0,159.825,124.495,171.45,112.87,148.2,152.72156451453736,147.81843548546263,,,,,14652737,0.72,0.66,1.0387469830978855,0.09365950550849883,1.2003915634274558,-49.71489972214579,144.5927610063,144.5927610063,160.1639072352366,160.1639072352366,235.71505550166404,-220.13554111646567,,,2.803048930415541,3.6213862686988776,3.753662630260129,,
1587389400,158.62,160.22,158.46,159.7,156.63833767287227,156.91252617578616,156.63833767287227,156.91252617578616,0,0,0,0,0,159.825,124.495,171.45,112.87,148.2,152.72398704197124,147.81601295802872,,,,,10688689,0.72,0.66,1.0919281527724247,0.18627783428789604,1.2670983279560588,-46.0080870235647,104.87629761750364,104.87629761750364,141.7347040293256,141.7347040293256,235.71505550166404,-220.13554111646567,,,2.594049668059994,3.581098558869902,3.751345721244744,,
1587475800,157.6,159.21,157.04,158.61,156.63925288231707,156.91973691399062,156.63925288231707,156.91973691399062,0,0,0,0,0,159.825,124.495,171.45,112.87,148.2,152.72882571588462,147.81117428411534,,,,,12478080,0.73,0.66,0.2605054544122878,0.0691405990795249,1.1779912711811331,-61.48948123528571,60.29540196917051,60.29540196917051,114.58827000927391,114.58827000927391,235.71505550166404,-220.13554111646567,,,3.466928940250808,3.576621318924055,3.750777455948053,,
1587562200,160.5,161.74,160.42,161.73,156.6468519774573,157.0578884075596,156.6468519774573,157.0578884075596,0,0,0,0,0,159.825,124.495,171.45,112.87,148.2,152.75249276383164,147.78750723616832,,,,,12937093,0.73,0.66,0.853934227995542,0.6345315418944726,1.2817028581182395,-24.639402055274203,55.681452057767395,55.681452057767395,94.95266402543841,94.95266402543841,235.71505550166404,-220.13554111646567,,,1.389230390951573,3.490841282532977,3.746059080193814,,
1587648600,162.39,163.6,161.84,163.34,157.29151134085902,157.85821339765405,157.29151134085902,157.85821339765405,0,0,0,0,0,159.825,124.495,171.45,112.87,148.2,152.75743856658306,147.78256143341687,,,,,14928503,0.73,0.67,1.3152763635293838,0.8261385540260194,1.4040074666111415,-16.287506297001315,72.83161448164212,72.83161448164212,87.57898084417297,87.57898084417297,235.71505550166404,-220.13554111646567,,,0.9183298640871801,3.3899584818096127,3.740409271570224,,
1587735000,163.13,163.31,160.89,162.64,157.29875007943872,157.97806777421664,157.29875007943872,157.97806777421664,0,0,0,0,0,159.825,124.495,171.45,112.87,148.2,152.7586239959787,147.78137600402127,,,,,11203587,0.71,0.67,0.5823518145439207,1.3572463259392429,1.3230418763398513,-26.602926951769,83.62546298545878,83.62546298545878,86.2611415579349,86.2611415579349,235.71505550166404,-220.13554111646567,,,1.4999387780090712,3.315840062052729,3.7359328070476243,,
1587994200,161.88,162,160.41,161.56,157.30502490445483,158.07458668503168,157.30502490445483,158.07458668503168,0,0,0,0,0,159.825,124.495,171.45,112.87,148.2,152.76118793779457,147.77881206220536,,,,,9033533,0.71,0.66,0.021703462800133994,1.7202762794043949,1.2608853016944204,-31.81492896680931,78.18592847936586,78.18592847936586,83.56940386507856,83.56940386507856,235.71505550166404,-220.13554111646567,,,1.7938043345169625,3.256152386463091,3.7320524304791314,,
1588080600,160.89,160.98,159.16,160.84,157.3088146648855,158.11879112875593,157.3088146648855,158.11879112875593,0,0,0,0,0,159.825,124.495,171.45,112.87,148.2,152.75597779218705,147.7840222078129,,,,,10382975,0.71,0.66,-0.2643425934476634,1.829103035583705,1.2234040810562254,-45.387850880977076,50.49266636073216,50.49266636073216,72.54382469696309,72.54382469696309,235.71505550166404,-220.13554111646567,,,2.5590792212562796,3.2288161839059613,3.7297088276635013,,
1588167000,160.1,161.85,159.76,161.73,157.31378366655406,158.1845561825302,157.31378366655406,158.1845561825302,0,0,0,0,0,159.825,124.495,171.45,112.87,148.2,152.75604579814325,147.78395420185672,,,,,12232348,0.71,0.66,-0.017324843691784345,1.7075036196271633,1.2723874534221038,-38.87284836217661,35.023289419413864,35.023289419413864,60.03697960444668,60.03697960444668,235.71505550166404,-220.13554111646567,,,2.191747275621411,3.188146814953626,3.726635977409671,,
1588253400,160.22,160.82,158.13,158.8,157.31551856432318,158.18445986164667,157.31551856432318,158.18445986164667,0,0,0,0,0,159.825,124.495,171.45,112.87,148.2,152.78320321152864,147.75679678847132,,,,,13633483,0.72,0.65,-0.4161435235767774,1.717555890909592,1.0740253669765245,-54.28858725224763,-3.6032380335643026,-3.6032380335643026,38.82357372510968,38.82357372510968,217.3160564058531,-220.13554111646567,,,3.189665727929477,3.1882063801683653,3.7255631097783417,,
1588339800,158,160.45,157.8,159.78,157.31659724851033,158.1715555533468,157.31659724851033,158.1715555533468,0,0,0,0,0,172.70499999999998,149.715,180.98999999999998,141.43,158,152.78346603227246,147.75653396772748,,,,,10914334,0.72,0.66,0.17697857715983117,2.108872467346684,1.1226336968376973,-57.72721178070076,-37.17428306608579,-37.17428306608579,13.490954794711193,13.490954794711193,217.3160564058531,-220.13554111646567,,,3.391698298028647,3.1961864553785726,3.724896047217403,,
1588599000,160.33,160.95,159.91,160.34,157.321847403858,158.24107494341163,157.321847403858,158.24107494341163,0,0,0,0,0,172.70499999999998,149.715,180.98999999999998,141.43,158,152.7796608233863,147.76033917661366,,,,,7986191,0.72,0.66,0.09294612976904275,1.9334029422684256,1.1263654515106483,-33.6593194801414,-43.30319060982597,-43.30319060982597,-5.440427006801194,-5.440427006801194,191.8390213228128,-220.13554111646567,,,2.099914289212689,3.153195390038734,3.721649330418193,,
1588685400,160.16,161.1,159.33,161.02,157.3259398166375,158.28535043582687,157.3259398166375,158.28535043582687,0,0,0,0,0,172.70499999999998,149.715,180.98999999999998,141.43,158,152.76526413205917,147.7747358679408,,,,,10563066,0.73,0.66,0.35235474598417443,1.3470896662306422,1.080661173370731,-37.557518442290764,-33.748973774587945,-33.748973774587945,-14.87660926273011,-14.87660926273011,173.0628268236958,-220.1355411164657,,,2.4550018366597226,3.1258152506905375,3.7191185661948993,,
1588771800,158.99,159.81,158.1,158.95,157.32759108573512,158.28013669324542,157.32759108573512,158.28013669324542,0,0,0,0,0,172.70499999999998,149.715,180.98999999999998,141.43,158,152.77997575713013,147.7600242428698,,,,,13351959,0.72,0.65,-0.39670846745647276,0.48208570861594424,0.8953019409331822,-49.07765502184648,-56.765748556985486,-56.765748556985486,-28.83965569414857,-28.83965569414857,173.0628268236958,-220.1355411164657,,,3.2080323252112213,3.1290394496913487,3.7180974148642627,,
1588858200,159.5,161.96,159.36,161.39,157.33173136328608,158.32404505821617,157.33173136328608,158.32404505821617,0,0,0,0,0,172.70499999999998,149.715,180.98999999999998,141.43,158,152.7925365358963,147.74746346410365,,,,,13696493,0.72,0.66,-0.27431957697596326,0.8847210350306494,1.0256990056741937,-37.276539501325985,-38.72172988111101,-38.72172988111101,-32.13368042313605,-32.13368042313605,173.0628268236958,-220.1355411164657,,,2.436635239377978,3.10188634340455,3.715537050877277,,
1588944600,161.08,162,160,160.42,157.33712930262018,158.39107858534496,157.33712930262018,158.39107858534496,0,0,0,0,0,172.70499999999998,149.715,180.98999999999998,141.43,158,152.79630804581774,147.74369195418222,,,,,12244561,0.73,0.66,-0.31324012605581536,0.6207882022854011,0.9541037271614606,-31.2823220940777,-27.194951917876047,-27.194951917876047,-17.317494907356043,-17.317494907356043,173.0628268236958,-220.1355411164657,,,2.0448144973674567,3.0604325455207424,3.712198943877257,,
1589203800,160.34,160.71,158.89,159.42,157.34032085246508,158.4123892290569,157.34032085246508,158.4123892290569,0,0,0,0,0,172.70499999999998,149.715,180.98999999999998,141.43,158,152.80015260382166,147.73984739617833,,,,,11209822,0.72,0.65,-0.30351332064859066,0.6230157908880452,0.8829871570292387,-41.6785429097743,-25.204985172090232,-25.204985172090232,-21.225051680518607,-21.225051680518607,173.0628268236958,-220.1355411164657,,,2.7243785967919782,3.047253959296085,3.710225276850114,,
1589290200,160.3,160.95,159.72,160.04,157.3451477838288,158.46508769066253,157.3451477838288,158.46508769066253,0,0,0,0,0,172.70499999999998,149.715,180.98999999999998,141.43,158,152.79911098018508,147.74088901981486,,,,,10405991,0.72,0.65,-0.11396218718963819,0.6159137932138198,0.8536659778805802,-33.90479220974889,-23.399958642671272,-23.399958642671272,-19.78990558383335,-19.78990558383335,173.0628268236958,-220.1355411164657,,,2.216236071997064,3.0146650225392606,3.707240283433824,,
1589376600,160.94,161.62,160.54,161.58,157.35158704899598,158.54755484004832,157.35158704899598,158.54755484004832,0,0,0,0,0,172.70499999999998,149.715,180.98999999999998,141.43,158,152.80355584113752,147.7364441588624,,,,,10950397,0.73,0.66,-0.021215306934959426,1.2069169993931526,0.8217575910553591,-26.224701156711923,-11.809817201607004,-11.809817201607004,11.370465680521534,11.370465680521534,173.0628268236958,-220.1355411164657,,,1.7142157462960765,2.9636670117061947,3.7032582164265557,,
1589463000,161.53,163.34,161.51,163.01,157.35993212981717,158.66444680710524,157.35993212981717,158.66444680710524,0,0,0,0,0,172.70499999999998,149.715,180.98999999999998,141.43,158,152.8061156473725,147.73388435262743,,,,,17084368,0.73,0.66,0.6056189106554702,1.1966605465723958,0.80697408094233,-17.139715398851052,10.140657394806656,10.140657394806656,54.04160658763398,54.04160658763398,173.0628268236958,-220.1355411164657,,,1.1203624341863674,2.8913805576858094,3.698097585493009,,
1589549400,164.02,164.8,163.08,163.93,157.93864156870978,159.38857557666907,157.93864156870978,159.38857557666907,0,0,0,0,0,172.70499999999998,149.715,180.98999999999998,141.43,158,153.00002267697147,147.91997732302855,,,,,13918816,0.73,0.66,0.5930910349544573,1.044101946961008,0.8209820049911205,-7.932574298573793,37.337772052927846,37.337772052927846,91.73200136917022,91.73200136917022,173.07060755336715,-220.13554111646567,,,0.5185139998779932,2.798326967183542,3.6917447711361357,,
1589808600,164.33,164.495,162.4102,162.69,157.94760611702404,159.5076666520938,157.94760611702404,159.5076666520938,0,0,0,0,0,172.70499999999998,149.715,180.98999999999998,141.43,158,152.99651780060398,147.92348219939603,,,,,14137907,0.71,0.66,0.33395205400129885,0.865235665063321,0.8186801721903622,-14.183442845850072,61.04122600221328,61.04122600221328,108.44813390078416,108.44813390078416,173.07060755336715,-220.13554111646567,,,0.9271030317818603,2.724945636383476,3.686221011417146,,
1589895000,163.6,164.43,163.04,164.26,158.27512694280395,159.95517349961347,158.27512694280395,159.95517349961347,0,0,0,0,0,172.70499999999998,149.715,180.98999999999998,141.43,158,152.9999975050418,147.92000249495823,,,,,8531719,0.71,0.66,0.4584418508300529,0.6187956087721442,0.9480743523165115,-11.362703488827295,83.08014911467272,83.08014911467272,127.15799533959161,127.15799533959161,173.07060755336715,-220.13554111646567,,,0.7427249482527694,2.6472114917508995,3.6803399004018327,,
1589981400,164.54,164.9599,163.89,164.65,158.66140003326478,160.47466427815976,158.66140003326478,160.47466427815976,0,0,0,0,0,172.70499999999998,149.715,180.98999999999998,141.43,158,153.08081833865594,147.99908166134406,,,,,10666071,0.71,0.66,0.8178453071817127,0.7265465168629369,0.917989776677409,-7.061639110566695,107.48283371819002,107.48283371819002,156.28820292522462,156.28820292522462,173.07060755336715,-220.13554111646567,,,0.46158518068631604,2.5615006560228766,3.6739088220407625,,
1590067800,163.46,163.58,161.37,162.25,158.66687735587564,160.5110617574476,158.66687735587564,160.5110617574476,0,0,0,0,0,172.70499999999998,149.715,180.98999999999998,141.43,158,153.08448766811574,147.99541233188424,,,,,11790992,0.69,0.65,0.12073240657946004,0.6428432210482071,0.8509445139909515,-30.476547740339704,115.00212362678718,115.00212362678718,130.0407034439815,130.0407034439815,173.07060755336715,-220.13554111646567,,,1.9921044640145769,2.5391713935911784,3.6705485735731775,,
1590154200,162.88,163.47,162.74,163.21,158.67505362489487,160.59922011990065,158.67505362489487,160.59922011990065,0,0,0,0,0,172.70499999999998,149.715,180.98999999999998,141.43,158,153.08160559147166,147.99829440852835,,,,,8540909,0.7,0.66,0.39384768557677335,0.37240101306424295,0.9077488559720343,-17.747014080502655,104.6945379940845,104.6945379940845,111.56626174921962,111.56626174921962,173.07060755336715,-220.13554111646567,,,1.1600364409353152,2.485087669957615,3.665532565316159,,
1590499800,162.58,162.58,160.69,160.89,158.67915861265732,160.60433305637514,158.67915861265732,160.60433305637514,0,0,0,0,0,172.70499999999998,149.715,180.98999999999998,141.43,158,153.07268694807772,148.00721305192226,,,,,13972012,0.71,0.65,0.2075265642867142,-0.04186117794864569,0.7346383998421321,-33.230297067416394,58.03794011633204,58.03794011633204,93.72348787159044,93.72348787159044,173.07060755336715,-182.0430795478772,,,2.4051017309444322,2.481950966466902,3.663014221990741,,
1590586200,159.42,161.34,159.2,161.18,158.68030814589878,160.55139842671335,158.68030814589878,160.55139842671335,0,0,0,0,0,172.70499999999998,149.715,180.98999999999998,141.43,158,153.0718380687298,148.00806193127022,,,,,13063451,0.7,0.65,0.16046509602845616,-0.11992251825238308,0.7631676895089271,-43.47986003266742,11.421915950061177,11.421915950061177,66.28963056441401,66.28963056441401,173.07060755336713,-137.61022927689532,,,3.310051624658376,2.5144255020822537,3.662309002016051,,
1590672600,162.12,162.4598,160.9,161.72,158.68481801973314,160.56653966488147,158.68481801973314,160.56653966488147,0,0,0,0,0,172.70499999999998,149.715,180.98999999999998,141.43,158,153.07229375653893,148.00760624346108,,,,,9761610,0.7,0.65,0.019588840190279618,-0.010484272794741515,0.7783916964066068,-29.917334884862818,-14.297683286596438,-14.297683286596438,39.4271926140772,39.4271926140772,173.07060755336713,-137.61022927689532,,,2.2775584573337384,2.505136598366626,3.6595422676610414,,
1590759000,162.58,163.4,162.32,162.91,158.69212767403937,160.63621654076846,158.69212767403937,160.63621654076846,0,0,0,0,0,172.70499999999998,149.715,180.98999999999998,141.43,158,152.9686895660888,148.1112104339112,,,,,12584009,0.7,0.65,-0.013886650556993164,0.09698297363538998,0.8314803782419528,-18.588637408461526,-7.616978540795269,-7.616978540795269,23.74580222911971,23.74580222911971,173.07060755336713,-137.61022927689532,,,1.4151229881567036,2.462390966593688,3.6550579134562375,,
1591018200,162.9235,163.74,162.39,163.66,158.69956118518016,160.7058786372089,158.69956118518016,160.7058786372089,0,0,0,0,0,168.53985,159.34355,172.1198,155.7636,162.9235,152.96820326629026,148.11169673370975,,,,,8155048,0.71,0.66,-0.03727948984171088,0.4194698628442441,0.867085637630506,-16.843611719656334,13.747604082073359,13.747604082073359,20.413069513437595,20.413069513437595,173.07060755336715,-98.4106936111985,,,1.3726085636198113,2.419654401771183,3.650497575094926,,
1591104600,163.89,164.08,161.86,162.6,158.70593149250246,160.7522324161419,158.70593149250246,160.7522324161419,0,0,0,0,0,168.53985,159.34355,172.1198,155.7636,162.9235,152.90607973532323,148.17382026467678,,,,,10388908,0.72,0.66,-0.012526537174559635,0.23740061282109068,0.794195398911971,-24.405269538832293,21.904352414442407,21.904352414442407,24.886918216452035,24.886918216452035,173.07060755336715,-91.97443327784202,,,1.6945034922562965,2.391217111201972,3.6465894950093345,,
1591191000,160.34,160.9,158.82,159.6,158.70627588512482,160.67874487041084,158.70627588512482,160.67874487041084,0,0,0,0,0,168.53985,159.34355,172.1198,155.7636,162.9235,152.93424614446582,148.1456538555342,,,,,17000510,0.71,0.65,-0.6369434830562151,0.08090787640503219,0.5876634096638625,-99.13137496237098,-6.179563521578615,-6.179563521578615,12.5430471024354,12.5430471024354,173.07060755336718,-157.3527465254815,,,3.5408442150015254,2.436300527037248,3.6463782157285998,,
1591277400,161.14,161.87,159.84,161.28,158.70863717206765,160.64773918921827,158.70863717206765,160.64773918921827,0,0,0,0,0,168.53985,159.34355,172.1198,155.7636,162.9235,152.90879889317702,148.171101106823,,,,,10094024,0.71,0.65,-0.45877564812690974,-0.03600754328870867,0.6163192031779141,-81.78763526054952,-25.91936759421954,-25.91936759421954,-0.27775779644957943,-0.27775779644957943,173.07060755336718,-157.3527465254815,,,2.921348314606743,2.455322008902719,3.644929604537547,,
1591363800,158.72,158.72,157.035,158.01,158.70544538950608,160.50904941709206,158.70544538950608,160.50904941709206,0,0,0,0,0,168.53985,159.34355,172.1198,155.7636,162.9235,152.94109641731492,148.13880358268509,,,,,16021182,0.76,0.64,-0.5802251402024169,-0.41830149952011325,0.5187661402191078,-149.96618810936093,-58.13896975902722,-58.13896975902722,-19.564828450642125,-19.564828450642125,173.07060755336713,-209.62334997871176,,,4.624962040692384,2.540405931718,3.646887711303091,,
1591623000,158.9,159.8599,158.47,159.72,158.7050984456709,160.4315102242649,158.7050984456709,160.4315102242649,0,0,0,0,0,168.53985,159.34355,172.1198,155.7636,162.9235,152.94939521335132,148.1305047866487,,,,,9244440,0.75,0.64,-0.47368829386195366,-0.22961954314818908,0.5600433821156127,-121.70598063241631,-73.75217509284467,-73.75217509284467,-37.627277331376305,-37.627277331376305,173.07060755336713,-209.62334997871176,,,3.7534163376860046,2.587974967246157,3.6471005557114484,,
1591709400,161.1,161.775,160.87,161.26,158.70949944777743,160.4501882546859,158.70949944777743,160.4501882546859,0,0,0,0,0,168.53985,159.34355,172.1198,155.7636,162.9235,152.9201229044839,148.15977709551612,,,,,9045618,0.73,0.64,0.050879622482297535,-0.023719088238758106,0.6353042916332334,-74.44152213439051,-56.87918645052482,-56.87918645052482,-44.04458037109248,-44.04458037109248,173.07060755336713,-209.62334997871176,,,2.2957789249924088,2.5765162989224804,3.6444006123933286,,
1591795800,162.1,163.63,160.52,163.57,158.71319934898068,160.45454557803154,158.71319934898068,160.45454557803154,0,0,0,0,0,168.53985,159.34355,172.1198,155.7636,162.9235,152.9322048738105,148.14769512618952,,,,,13009343,0.71,0.63,0.3267346254071469,0.21593168145786437,0.7004063597367014,-81.33425566535247,-36.678947733840396,-36.678947733840396,-21.947682459336235,-21.947682459336235,173.07060755336713,-209.62334997871176,,,2.5083510476768875,2.57384315181481,3.642130783093196,,
1591882200,163.35,164.06,161.9701,162.39,158.71976018744425,160.5150300259519,158.71976018744425,160.5150300259519,0,0,0,0,0,168.53985,159.34355,172.1198,155.7636,162.9235,152.8018290814199,148.2780709185801,,,,,11673902,0.71,0.63,0.09113470663618416,0.0518281195074569,0.6934135461261157,-52.77667597035802,-21.95016334731439,-21.95016334731439,7.50740542573762,7.50740542573762,173.07060755336713,-209.62334997871176,,,1.6276343759489849,2.536736925310268,3.638105815246754,,
1591968600,163.41,163.88,162.56,162.62,158.72747475250432,160.59604453473807,158.72747475250432,160.59604453473807,0,0,0,0,0,168.53985,159.34355,172.1198,155.7636,162.9235,152.71491085113928,148.36498914886073,,,,,6895361,0.71,0.63,-0.03915814730610451,0.30550907764174184,0.8107135154607144,-56.16766593109188,-3.620527421646184,-3.620527421646184,33.03874442969024,33.03874442969024,173.07060755336713,-209.62334997871176,,,1.2693592468873387,2.487035839881918,3.6333730548704115,,
1592227800,160.52,162.56,160.16,162.33,158.73042665110071,160.5807055333758,158.73042665110071,160.5807055333758,0,0,0,0,0,168.53985,159.34355,172.1198,155.7636,162.9235,153.57837996723143,149.23182003276858,,,,,8538826,0.69,0.63,-0.1787305423408708,0.20265009670169656,0.7860630322061426,-120.666421067274,9.018414465684158,9.018414465684158,34.29629824034484,34.29629824034484,173.07060755336713,-209.62334997871176,,,2.7269966595809345,2.4964460681054086,3.631562113021681,,
1592314200,161.85,162.685,161.36,162.25,158.73574627817143,160.61255629677282,158.73574627817143,160.61255629677282,0,0,0,0,0,168.53985,159.34355,172.1198,155.7636,162.9235,153.5679974768586,149.2422025231414,,,,,7969781,0.7,0.64,-0.04733960066685495,0.151254375791404,0.7385583327918792,-88.41704349918257,17.614401218228977,17.614401218228977,34.80637472331862,34.80637472331862,173.07060755336713,-209.62334997871176,,,1.998177953234128,2.476906142032025,3.628298608206921,,
1592400600,162,162.62,161.77,162.56,158.74186626562764,160.6590756576837,158.74186626562764,160.6590756576837,0,0,0,0,0,168.53985,159.34355,172.1198,155.7636,162.9235,153.52598609074462,149.2842139092554,,,,,4758210,0.71,0.64,0.40810200155778487,0.12150388710175494,0.7330339551190452,-77.39850616341823,26.14092493607786,26.14092493607786,43.19397237177562,43.19397237177562,173.07060755336713,-209.62334997871176,,,1.749164895232308,2.4483672696085064,3.6245440952938845,,
1592487000,162.1965,162.32,161.44,162.24,158.74732127808392,160.69095896522552,158.74732127808392,160.69095896522552,0,0,0,0,0,168.53985,159.34355,172.1198,155.7636,162.9235,154.14131131619152,149.95858868380844,,,,,5397628,0.7,0.64,0.1310584528661358,0.2631170897444842,0.6969263425948987,-86.2670849946436,30.001192421315338,30.001192421315338,37.721727391790296,37.721727391790296,173.07060755336713,-209.62334997871176,,,1.9495900394776846,2.428807378230827,3.621197533743802,,
1592573400,162.87,164.09,162.78,164.03,158.75541594086496,160.77361547639313,158.75541594086496,160.77361547639313,0,0,0,0,0,168.53985,159.34355,172.1198,155.7636,162.9235,155.7256844146423,151.51421558535773,,,,,12187390,0.7,0.64,0.8388553614598624,0.2079418217091398,0.8136539311240405,-50.25528004360857,42.10456519337687,42.10456519337687,66.31131073749995,66.31131073749995,173.07060755336713,-209.62334997871176,,,1.1357424840570935,2.3780989510083277,3.6162315895885837,,
1592832600,165.06,165.73,164.41,165.09,159.19012744497968,161.32927779197578,159.19012744497968,161.32927779197578,0,0,0,0,0,168.53985,159.34355,172.1198,155.7636,162.9235,158.7823266649366,154.7976733350634,,,,,12385635,0.7,0.64,0.7400909172200559,0.3699711260320014,0.8728028930772148,-18.22594146262967,62.13728915789163,62.13728915789163,102.20273708692116,102.20273708692116,173.07060755336713,-209.62334997871176,,,0.4118965412805178,2.300992974156257,3.6098293217597965,,
1592919000,165.63,166.52,165.52,166.48,160.54044089020906,162.79906426578944,160.54044089020906,162.79906426578944,0,0,0,0,0,168.53985,159.34355,172.1198,155.7636,162.9235,158.96977664796415,155.40022335203585,,,,,12137343,0.67,0.64,0.7116736908729434,0.5621320308042842,0.8939619146734054,-27.161577890576915,85.65433229039562,85.65433229039562,132.68841855540362,132.68841855540362,197.75280898876233,-209.62334997871176,,,0.5766458433445336,2.233371518045993,3.603769015109616,,
1593005400,166.01,166.99,165.45,165.9,160.5502707785403,162.90342645144477,160.5502707785403,162.90342645144477,0,0,0,0,0,168.53985,159.34355,172.1198,155.7636,162.9235,159.18460517647685,155.65539482352318,,,,,10901444,0.68,0.64,0.3131698398347816,0.46476788253586954,0.8312025068026228,-29.142109611765466,106.17376525847305,106.17376525847305,147.21263119462793,147.21263119462793,197.75280898876233,-209.62334997871176,,,0.6186929360884197,2.170050789341775,3.5978048271395435,,
1593091800,165.89,165.91,165.16,165.8,160.55950740036138,162.99243717883908,160.55950740036138,162.99243717883908,0,0,0,0,0,168.53985,159.34355,172.1198,155.7636,162.9235,159.1705318397414,155.66946816025865,,,,,7093774,0.67,0.62,0.46228441352819255,0.33195435721938144,0.724051700195244,-37.34716959954386,120.45603512205703,120.45603512205703,149.020574849225,149.020574849225,197.75280898876233,-209.62334997871176,,,0.7928880345987466,2.116044406802833,3.5922005977838176,,
1593178200,164.87,166.56,164.22,166.54,160.62461804153156,163.0979261210708,160.62461804153156,163.0979261210708,0,0,0,0,0,168.53985,159.34355,172.1198,155.7636,162.9235,159.16474504310892,155.6752549568911,,,,,9753492,0.68,0.62,0.5331953351237175,0.27655025386351406,0.7164763104827966,-65.61683135656925,134.10013450101937,134.10013450101937,161.38833325894404,161.38833325894404,197.75280898876233,-209.62334997871176,,,1.3930587246307153,2.0876920271098087,3.587806707927368,,
1593437400,166.56,166.8,166.18,166.63,160.72235652792114,163.30365163502466,160.72235652792114,163.30365163502466,0,0,0,0,0,168.53985,159.34355,172.1198,155.7636,162.9235,159.1638139709957,155.67618602900433,,,,,6735695,0.67,0.62,0.5859176180277084,0.21033502044727193,0.6879102312294673,-12.720528324046615,157.53504615206882,157.53504615206882,204.40486945416768,204.40486945416768,197.75280898876233,-209.62334997871176,224.40486945416768,,0.2700594130708688,2.0164123167553405,3.581177842203379,,
1593523800,166.31,167.9906,166.185,167.37,161.44563276546467,164.11389785335714,161.44563276546467,164.11389785335714,0,0,0,1,0,168.53985,159.34355,172.1198,155.7636,162.9235,159.5343501864269,156.3062498135731,,,,,12762295,0.68,0.62,0.6981091884088257,0.36741972283313956,0.6039530031373457,-33.349287832594385,184.67165719311686,184.67165719311686,238.9448792752129,238.9448792752129,197.75280898876233,-209.62334997871176,258.9448792752129,,0.7080121885642602,1.9651025078066706,3.575437251486817,,
1593610200,167.05,167.06,165.34,166.62,161.45345427842076,164.16277636891175,161.45345427842076,164.16277636891175,0,0,0,0,0,173.4684,161.5722,178.9462,156.0944,167.05,160.97176719342082,157.7188328065792,,,,,13214759,0.73,0.63,0.5520889466672506,0.18336492551996986,0.49708281045307623,-57.1300036288325,200.1468264684577,200.1468264684577,231.09716501913937,231.09716501913937,197.75280898876233,-209.62334997871176,251.09716501913937,,1.2128816394813893,1.9356036502252871,3.5707168606536395,,
1593696600,166.2,167.24,166.02,166.98,161.46260521892341,164.23613807993482,161.46260521892341,164.23613807993482,0,0,0,0,0,173.4684,161.5722,178.9462,156.0944,167.05,161.42982516122143,158.2207748387786,,,,,8753455,0.72,0.63,0.6458421728793692,0.18060906953330477,0.6575498520914672,-37.99285955611995,206.34704259062917,206.34704259062917,218.7474748349721,218.7474748349721,197.75280898876233,-209.62334997871176,238.7474748349721,,0.806596164187127,1.8913288468512417,3.5651941419793807,,
1594042200,167.75,168,167.1901,167.98,162.06135857591258,164.92739409620404,162.06135857591258,164.92739409620404,0,0,0,0,0,173.4684,161.5722,178.9462,156.0944,167.05,162.59716496952842,159.36283503047162,,,,,7265701,0.7,0.64,0.5323462347592632,0.4507436997332149,0.6705036506123857,-22.14931842678237,213.41831710212418,213.41831710212418,227.56086612511422,227.56086612511422,197.75280898876233,-209.62334997871176,247.56086612511422,,0.4702345517323424,1.8355996588073633,3.5590104065343318,,
1594128600,167.41,169.04,167.38,169.04,163.0926268835022,166.0241496932518,163.0926268835022,166.0241496932518,0,0,0,0,0,173.4684,161.5722,178.9462,156.0944,167.05,163.2491305885458,160.17086941145416,,,,,11633122,0.71,0.65,0.5286851593157801,0.45570306966378127,0.7193274807330239,-46.25561226134057,221.8547795297643,221.8547795297643,238.72770438504452,238.72770438504452,197.75280898876233,-209.62334997871176,258.7277043850445,,0.9820160908660651,1.8021257933979007,3.553861566742787,,
1594215000,170.32,170.8558,169.7827,170.09,164.11703332070272,167.1624893958008,164.11703332070272,167.1624893958008,0,0,0,1,0,173.4684,161.5722,178.9462,156.0944,167.05,164.2689550644633,161.17684493553665,,,,,11662726,0.66,0.64,0.47908948414297486,0.72940653828483,1.077543237366671,-8.510000957971535,230.15286145199974,230.15286145199974,246.74902529647065,246.74902529647065,197.75280898876233,-209.62334997871176,266.7490252964707,,0.1806690575577623,1.7385392547375031,3.54712192136979,,
1594301400,170.48,170.635,168.78,169.63,164.12637611127073,167.22643490969097,164.12637611127073,167.22643490969097,0,0,0,1,0,173.4684,161.5722,178.9462,156.0944,167.05,165.490636898238,162.40016310176202,,,,,13327389,0.67,0.64,0.4966291620264204,0.6685820338996775,1.0082031748324423,-36.27758299688515,232.8400181999144,232.8400181999144,238.2143316957437,238.2143316957437,197.75280898876233,-209.62334997871176,258.2143316957437,,0.770180492680347,1.700564401323497,3.541573586846934,,
1594387800,169.95,170.15,168.57,169.19,164.13528485030915,167.2797198151933,164.13528485030915,167.2797198151933,0,0,0,0,0,173.4684,161.5722,178.9462,156.0944,167.05,165.40724762889408,162.4835523711059,,,,,8218013,0.68,0.65,0.45292481497054204,0.5907546998016426,0.7341261937333577,-42.093073400966176,216.00091533865577,216.00091533865577,227.2269839128282,227.2269839128282,197.75280898876233,-209.62334997871176,247.2269839128282,,0.8936445411252926,1.668920485237293,3.5362830193230144,,
1594647000,170.29,170.42,169.16,169.4,164.1453428226362,167.3538209989112,164.1453428226362,167.3538209989112,0,0,0,0,0,173.4684,161.5722,178.9462,156.0944,167.05,165.36892327975679,162.52187672024323,,,,,11095948,0.64,0.65,0.3806140607168642,0.5097693043734356,0.730347195386582,-25.7543146466438,199.93885643698783,199.93885643698783,218.1309414208814,218.1309414208814,197.75280898876233,-209.62334997871176,,,0.5467693573990281,1.6249145586554001,3.5303099650534358,,
1594733400,168.97,170.2,168.8141,170.19,164.25101067527976,167.50615926159625,164.25101067527976,167.50615926159625,0,0,0,0,0,173.4684,161.5722,178.9462,156.0944,167.05,165.36366074790558,162.52713925209446,,,,,9812736,0.62,0.65,0.473472757944007,0.5105146385557828,0.5957001038017641,-38.080151035060084,203.01628971490226,203.01628971490226,213.09272418555503,213.09272418555503,197.75280898876233,-209.62334997871176,233.09272418555503,,0.8084493801045898,1.59289631635929,3.524871682166425,,
1594819800,169.62,170.43,169.39,170.34,164.4057736909,167.72225287681874,164.4057736909,167.72225287681874,0,0,0,0,0,173.4684,161.5722,178.9462,156.0944,167.05,165.3584546669526,162.5323453330474,,,,,7533752,0.62,0.64,0.39513344918122845,0.6119624214314111,0.6025538206788211,-26.269559611550495,215.3655117806868,215.3655117806868,219.91108697095035,219.91108697095035,197.75280898876233,-209.62334997871176,239.91108697095035,,0.5577081131854039,1.5523007005485494,3.5189432834272023,,
1594906200,169.8,169.995,168.65,168.73,164.41428742977934,167.75929786204154,164.41428742977934,167.75929786204154,0,0,0,0,0,173.4684,161.5722,178.9462,156.0944,167.05,165.37380923456698,162.51699076543304,,,,,10242371,0.64,0.65,0.2816710886190116,0.7346224737670928,0.5130430525517893,-46.732163940546826,179.67939322478043,179.67939322478043,203.470138928718,203.470138928718,197.75280898876233,-209.62334997871176,,,0.9921333802982258,1.5303333546563798,3.5138947121921795,,
1594992600,169.94,170.27,169.605,170.12,164.42467316918035,167.83196657333403,164.42467316918035,167.83196657333403,0,0,0,0,0,173.4684,161.5722,178.9462,156.0944,167.05,165.31791055728496,162.57288944271508,,,,,10296037,0.62,0.65,0.42145108050040836,0.709239807298463,0.7563541836673517,-20.32434348893645,164.11608902689505,164.11608902689505,190.35212229477702,190.35212229477702,197.75280898876233,-209.62334997871176,,,0.4314899612539707,1.4872414568758932,3.5077360613411543,,
1595251800,170.76,171.07,170.27,170.94,165.01437240735166,168.49582128617507,165.01437240735166,168.49582128617507,0,0,0,0,0,173.4684,161.5722,178.9462,156.0944,167.05,165.42243963512462,162.6825603648754,,,,,10095548,0.63,0.64,0.39489556744647786,1.0587695663202,0.8254825828374628,-18.461922899601603,169.3320514155738,169.3320514155738,183.34543200170927,183.34543200170927,197.75280898876233,-209.62334997871176,,,0.39195039195038467,1.4442888660945006,3.5015107153483656,,
1595338200,172.53,173.25,172.31,173,167.01357985536967,170.59658346064623,167.01357985536967,170.59658346064623,0,0,0,0,0,173.4684,161.5722,178.9462,156.0944,167.05,166.52941585374546,163.7555841462545,,,,,12864620,0.64,0.65,0.5234626765006646,1.0726503175948021,1.2705347896535895,-18.7866272048657,184.14993880999668,184.14993880999668,185.7589524265715,185.7589524265715,197.75280898876233,-209.62334997871176,,,0.39884393063583684,1.4032910254882784,3.4953115809133757,,
1595424600,174.05,175.77,173.76,175.63,169.5610162390706,173.2131304438934,169.5610162390706,173.2131304438934,0,0,0,0,0,173.4684,161.5722,178.9462,156.0944,167.05,167.77780297126117,165.02719702873884,,,,,18712467,0.73,0.66,0.75179352184462,1.187509467726965,1.7371409293691256,-57.21990855630837,189.68179173851547,189.68179173851547,200.74549759555308,200.74549759555308,255.16371525149677,-209.62334997871176,220.74549759555308,,1.0647383704378548,1.3900144507804186,3.4904552907825557,,
1595511000,176.17,178.41,175.65,177.18,171.06666168574517,174.77801633206204,171.06666168574517,174.77801633206204,0,0,0,1,0,173.4684,161.5722,178.9462,156.0944,167.05,169.10580940004468,166.33919059995532,,,,,23006824,0.73,0.66,1.0263647708601489,1.1077743152974266,1.9287134005494122,-46.40673216641515,196.9473724353853,196.9473724353853,211.47853382912496,211.47853382912496,255.16371525149677,-209.62334997871176,231.47853382912496,,0.86352861496783,1.3693679474152192,3.485206686035673,,
1595597400,179.14,179.16,178.2,178.7,172.54554653270546,176.35300184463287,172.54554653270546,176.35300184463287,0,0,0,1,0,173.4684,161.5722,178.9462,156.0944,167.05,169.4869342655474,166.7080657344526,,,,,15601327,0.72,0.67,1.326012592417103,1.367967796424184,1.9248144688702256,-15.036602048281583,203.79699928334838,203.79699928334838,217.4962529792746,217.4962529792746,255.16371525149677,-209.62334997871176,237.4962529792746,,0.2797985450475658,1.3266397355576642,3.4788022741655666,,
1595856600,181.85,182.83,181.53,182.23,175.9651277290715,179.90332055929258,175.9651277290715,179.90332055929258,0,0,0,1,1,173.4684,161.5722,178.9462,156.0944,167.05,171.37714915862188,168.4878508413781,,,,,21115604,0.74,0.67,1.7706838893727912,1.6276866259068983,2.300246425188659,-20.643456623163175,211.6283710964811,211.6283710964811,227.29111472274653,227.29111472274653,255.16371525149677,-209.62334997871176,247.29111472274653,,0.3841299456730443,1.289678567326895,3.472619112670077,,
1595943000,182.02,184.26,181.42,183.75,177.44088460030707,181.4054580457718,177.44088460030707,181.4054580457718,0,0,0,1,0,173.4684,161.5722,178.9462,156.0944,167.05,172.0978516183497,169.19714838165027,,,,,21164633,0.74,0.68,1.8809253961639014,1.7984814781371736,2.605739131544384,-68.14481666879003,218.8546514223457,218.8546514223457,233.30721207407495,233.30721207407495,255.16371525149677,-209.62334997871176,253.30721207407495,,1.2680272108843604,1.2888294945252268,3.4682143336455304,,
1596029400,184.0089,186.14,182.39,185.13,178.78078237185287,182.75410691771887,178.78078237185287,182.75410691771887,0,0,0,1,0,173.4684,161.5722,178.9462,156.0944,167.05,173.04858903456108,170.12641096543885,,,,,25640100,0.75,0.68,2.0478818357009496,1.9202777512463791,2.5262042747404343,-79.53861344694562,224.73803904399585,224.73803904399585,236.50481428729614,236.50481428729614,255.16371525149677,-209.62334997871176,256.50481428729614,,1.4800410522335705,1.2963279869843776,3.464241959456895,,
1596115800,183.44,184.33,182.13,183.76,178.7875340554256,182.73080860722007,178.7875340554256,182.73080860722007,0,0,0,1,0,173.4684,161.5722,178.9462,156.0944,167.05,172.9952347087643,170.17976529123564,,,,,18061227,0.75,0.68,2.0961913747965895,1.7718452903798643,2.0084750807152734,-87.08607311709346,225.65239719241188,225.65239719241188,227.48111348924394,227.48111348924394,255.16371525149677,-209.62334997871176,247.48111348924394,,1.6204829039053639,1.3090399445106908,3.460558125180069,,
1596202200,184.51,185.7501,184.165,185.43,179.08744679480122,183.07204739550312,179.08744679480122,183.07204739550312,0,0,0,0,1,173.4684,161.5722,178.9462,156.0944,167.05,173.0002796281232,170.17472037187676,,,,,15885010,0.73,0.68,2.145858157538838,1.9677203561140184,1.659554499496149,-36.661884207791154,231.1994705828015,231.1994705828015,242.29361736358075,242.29361736358075,255.16371525149677,-209.62334997871176,262.2936173635808,,0.6821981340667717,1.2844579127285765,3.4550069563666557,,
1596461400,185.05,185.82,184.2,185.64,179.30010226923434,183.31604457583578,179.30010226923434,183.31604457583578,0,0,0,0,1,196.53999999999996,174.65000000000003,206.93999999999997,164.25000000000003,185.05,173.00030241656896,170.174697583431,,,,,12896999,0.73,0.68,2.0522037526564954,1.8151716373151157,1.8054561725083034,-41.68647631846797,241.11948011812333,241.11948011812333,260.95949918876704,260.95949918876704,255.16371525149677,-209.62334997871176,280.95949918876704,,0.775694893341951,1.2645064217722382,3.4496536855114615,,
1596547800,185.61,189.6,185.21,189.59,183.11947648181877,187.139623658008,183.11947648181877,187.139623658008,0,0,0,0,0,196.53999999999996,174.65000000000003,206.93999999999997,164.25000000000003,185.05,174.8006855082249,171.83431449177507,,,,,20773210,0.76,0.69,2.3867238057489537,2.132487879677917,1.9679447395689933,-124.15463518964367,254.72086230211073,254.72086230211073,281.9236266700855,281.9236266700855,255.16371525149677,-209.62334997871176,301.9236266700855,,2.3102484308244082,1.3055159123233036,3.4473771515360627,,
1596634200,191.65,193.13,190.62,191.35,184.83101355938865,188.9455204135065,184.83101355938865,188.9455204135065,0,0,0,0,1,196.53999999999996,174.65000000000003,206.93999999999997,164.25000000000003,185.05,176.54715057596042,173.61784942403955,,,,,27193718,0.76,0.69,2.3050860302388254,2.2211934752552147,2.204608612694242,-20.502114176120756,267.09481819195116,267.09481819195116,291.84272997163197,291.84272997163197,255.16371525149677,-209.62334997871176,311.84272997163197,,0.3814998693493545,1.2692799890694233,3.441251522600625,,
1596720600,193.74,194.4499,192.5207,193.89,187.29496918556717,191.4959870165915,187.29496918556717,191.4959870165915,0,0,0,1,1,196.53999999999996,174.65000000000003,206.93999999999997,164.25000000000003,185.05,177.2048988054821,174.28000119451792,,,,,20640119,0.81,0.69,2.437553310506613,2.5176088424138396,2.3081965632373573,-37.953117213966465,275.1132149488167,275.1132149488167,291.15000846254776,291.15000846254776,255.16371525149677,-209.62334997871176,311.15000846254776,,0.7062251792253244,1.2471994082912234,3.435786934501973,,
1596807000,192.705,192.96,189.33,190.81,187.29912629009152,191.4128345845683,187.29912629009152,191.4128345845683,0,0,0,0,0,196.53999999999996,174.65000000000003,206.93999999999997,164.25000000000003,185.05,177.2505538482881,174.23434615171192,,,,,24570160,0.79,0.69,1.7370921154268708,2.2323988831511157,2.467807549618604,-126.3902829881607,265.91743125927786,265.91743125927786,272.0479537189704,272.0479537189704,255.16371525149677,-209.62334997871176,292.0479537189704,,2.3518489865387457,1.290518999595048,3.4336212243162323,,
1597066200,191.2,192.61,189.66,190.15,187.30392783596545,191.34575479693817,187.30392783596545,191.34575479693817,0,0,0,0,0,196.53999999999996,174.65000000000003,206.93999999999997,164.25000000000003,185.05,177.24361785546608,174.24128214453393,,,,,19047223,0.8,0.68,1.1322061797522591,2.1322445546595,2.3648165151981284,-117.24361777191261,230.6983370568509,230.6983370568509,258.26474816493055,258.26474816493055,255.16371525149677,-209.62334997871176,278.26474816493055,,2.181649388828712,1.3254652893689172,3.431119782087486,,
1597152600,183.57,183.98,179.43,179.94,187.28848462350598,190.88414088333275,187.28848462350598,190.88414088333275,0,0,0,0,0,196.53999999999996,174.65000000000003,206.93999999999997,164.25000000000003,185.05,177.71076414611395,173.7741358538861,,,,,45354997,0.77,0.67,-0.4961665772445067,1.1035553279434773,1.4724103405655724,-248.549232743427,158.3816745926645,158.3816745926645,224.97039030750852,224.97039030750852,255.16371525149677,-209.62334997871176,,,7.457836917840003,1.565950451269744,3.4391651709701088,,
1597239000,182.61,183.1,179.04,179.1,187.27230083804443,190.42548829967265,187.27230083804443,190.42548829967265,0,0,0,0,0,196.53999999999996,174.65000000000003,206.93999999999997,164.25000000000003,185.05,177.70827161379077,173.77662838620927,,,,,28779419,0.79,0.68,-0.7816392658244858,0.9710143000145077,1.3860326797468785,-248.54923274342698,90.26480342907072,90.26480342907072,180.06852801469591,180.06852801469591,255.16371525149677,-209.62334997871176,,,7.658981896951877,1.8048928609043373,3.4475963732198225,,
1597325400,181.56,184.7,181.36,183.33,187.26073839880758,190.07489268007762,187.26073839880758,190.07489268007762,0,0,0,0,0,196.53999999999996,174.65000000000003,206.93999999999997,164.25000000000003,185.05,177.75952977311945,173.72537022688059,,,,,18596773,0.76,0.66,-0.058370576071817025,1.444325897650638,1.4018880930540458,-209.7186455404131,45.036729233247954,45.036729233247954,135.05792842087993,135.05792842087993,255.16371525149677,-209.62334997871176,,,6.462427149414602,1.987541264375328,3.4536200111342974,,
1597411800,183.44,183.72,181.49,182.54,187.24945620420456,189.7430929671334,187.24945620420456,189.7430929671334,0,0,0,0,0,196.53999999999996,174.65000000000003,206.93999999999997,164.25000000000003,185.05,177.76226211408235,173.7226378859177,,,,,11791981,0.78,0.67,-0.4172258248119757,1.4402498743814012,1.5154514061653646,-207.54279367127882,13.40328887915663,13.40328887915663,94.50638190697217,94.50638190697217,255.16371525149677,-209.62334997871176,,,6.395378823043983,2.160397639225079,3.459497651118133,,
1597671000,184.69,187.01,184.66,186.5,187.24446688111925,189.5473755958733,187.24446688111925,189.5473755958733,0,0,0,0,0,196.53999999999996,174.65000000000003,206.93999999999997,164.25000000000003,185.05,177.79719990105767,173.68770009894237,,,,,15709818,0.74,0.66,0.12338812657351728,1.6953885932963644,1.8284569367060015,-119.45668992585915,15.224782531545394,15.224782531545394,68.07918211516325,68.07918211516325,255.1637152514968,-104.23526101027443,,,4.760431172314194,2.262359738561907,3.4620969188927506,,
1597757400,189.18,189.4,185.63,188.18,187.2414062080301,189.39699223917236,187.2414062080301,189.39699223917236,0,0,0,0,0,196.53999999999996,174.65000000000003,206.93999999999997,164.25000000000003,185.05,177.79611829251803,173.68878170748198,,,,,16291627,0.73,0.65,-0.19855604186653208,1.7453046376873342,1.6538014880638,-99.87099455117651,32.40098635166809,32.40098635166809,56.1864501939982,56.1864501939982,255.16371525149677,-80.59507205950786,,,4.2601475063180105,2.3407043569052837,3.463691425560933,,
1597843800,187.21,187.46,181.71,182.24,187.23059780401803,189.10031803371461,187.23059780401803,189.10031803371461,0,0,0,0,0,196.53999999999996,174.65000000000003,206.93999999999997,164.25000000000003,185.05,177.92940985409524,173.55549014590483,,,,,24646942,0.76,0.67,-1.225809923485806,1.061866920687781,1.1075690215915281,-147.2673987449551,20.289508067442327,20.289508067442327,44.22080281847958,44.22080281847958,255.16371525149677,-80.59507205950786,,,6.281912424570622,2.495261536029415,3.4693222367477654,,
1597930200,181.19,183.71,180.93,183.5,187.21826813807596,188.78499575788268,187.21826813807596,188.78499575788268,0,0,0,0,0,196.53999999999996,174.65000000000003,206.93999999999997,164.25000000000003,185.05,177.90177018973094,173.5831298102691,,,,,16692201,0.76,0.67,-1.3788619974134917,1.2147134407349351,1.0977058332062148,-156.6983159059621,-1.4967054148169794,-1.4967054148169794,28.981633407380727,28.981633407380727,255.16371525149677,-80.59507205950786,,,6.684202382794357,2.659533726098628,3.4757455737029033,,
1598016600,182.14,182.81,180.47,182.03,187.20505321672115,188.4641802379657,187.20505321672115,188.4641802379657,0,0,0,0,0,196.53999999999996,174.65000000000003,206.93999999999997,164.25000000000003,185.05,177.91097736353302,173.57392263646702,,,,,12713741,0.76,0.67,-1.227280782844177,1.1686386770200445,1.1085052466864953,-162.2601388470689,-26.929082572396563,-26.929082572396563,10.344728080788297,10.344728080788297,255.16371525149677,-80.59507205950786,,,6.921450306875027,2.8266677096584867,3.482630098644306,,
1598275800,182.91,182.925,180.685,181,187.1922899735309,188.16429277765334,187.1922899735309,188.16429277765334,0,0,0,0,0,196.53999999999996,174.65000000000003,206.93999999999997,164.25000000000003,185.05,177.88780558205116,173.5970944179489,,,,,11605788,0.77,0.68,-1.2832120754092207,1.054284033295326,1.0603464074521696,-159.66059116807332,-48.30160216843403,-48.30160216843403,-9.204048668952478,-9.204048668952478,255.16371525149677,-80.59507205950786,,,6.810562690185148,2.9828988853654144,3.4892793146114207,,
1598362200,181.06,181.25,179.731,181.22,187.17766519835902,187.8391279628434,187.17766519835902,187.8391279628434,0,0,0,0,0,196.53999999999996,174.65000000000003,206.93999999999997,164.25000000000003,185.05,177.88785339952565,173.59704660047439,,,,,10056066,0.74,0.68,0.19112214658568777,1.0053322345940539,1.27924782271605,-171.19532831115123,-82.1356576109689,-82.1356576109689,-33.514584982957956,-33.514584982957956,255.16371525149677,-80.59507205950786,,,7.302594254474183,3.152298703761837,3.4968983254802772,,
1598448600,180.26,183.58,180.2,183.36,187.16399733582483,187.54492294469267,187.16399733582483,187.54492294469267,0,0,0,0,0,196.53999999999996,174.65000000000003,206.93999999999997,164.25000000000003,185.05,177.89859867560855,173.58630132439148,,,,,12715762,0.73,0.67,0.6370103502798975,1.1818604228712166,1.3225772410579844,-165.5246870951099,-78.21673508062204,-78.21673508062204,-48.41530168217932,-48.41530168217932,255.16371525149677,-80.59507205950786,,,7.060704523183247,3.3055695202097355,3.5040188173837796,,
1598535000,185,185.17,179.37,181.24,187.14871502346554,187.23003184882236,187.14871502346554,187.23003184882236,0,0,0,0,0,196.53999999999996,174.65000000000003,206.93999999999997,164.25000000000003,185.05,177.9157399209396,173.56916007906045,,,,,16299207,0.74,0.68,-0.31093919096794626,1.1675274291196749,1.297165682838434,-175.56015022797612,-81.43553143028518,-81.43553143028518,-59.42204493154794,-59.42204493154794,255.16371525149677,-80.59507205950786,,,7.488782299241829,3.4696170801717785,3.5119803827820975,,
1598621400,183.98,185.4,183.4046,184.39,187.1414437726694,187.08412683514305,187.1414437726694,187.08412683514305,0,0,0,0,0,196.53999999999996,174.65000000000003,206.93999999999997,164.25000000000003,185.05,177.94158356109284,173.5433164389072,,,,,13200826,0.73,0.67,0.27439598221147915,1.3112093501955793,1.2644804817669448,-126.77812666669578,-55.09484945340329,-55.09484945340329,-46.440458497114,-46.440458497114,255.16371525149677,-80.59507205950786,,,5.407911702511733,3.5456286339890317,3.515768457346992,,
1598880600,184.79,185.53,184.28,184.83,187.13591861028644,186.97792970435313,187.13591861028644,186.97792970435313,0,0,0,0,0,196.53999999999996,174.65000000000003,206.93999999999997,164.25000000000003,185.05,177.93360843683408,173.55129156316596,,,,,10251152,0.75,0.67,-0.24345999295786805,1.2755218097363634,1.192374225316913,-116.19373579138087,-38.859552468044654,-38.859552468044654,-6.38895849732738,-6.38895849732738,255.16371525149677,-80.59507205950786,,,4.956418587859089,3.60095373021923,3.5186468791861767,,
1598967000,186.99,186.99,184.33,185.05,187.13050338828788,186.8778383433981,187.13050338828788,186.8778383433981,0,0,0,0,0,194.69495,171.33504999999997,202.39990000000003,163.63009999999997,186.99,177.8847120821604,173.60018791783963,,,,,10689058,0.73,0.68,-0.4625151347000577,1.1182409488219462,1.2771688317236276,-115.58918981952131,-15.346554560290429,-15.346554560290429,31.679441255218023,31.679441255218023,255.16371525149677,-80.59507205950786,,,4.930630770024227,3.6530979278586417,3.5214680258212177,,
1599053400,183.75,183.86,181.5,182.62,187.11950118371587,186.6718015456178,187.11950118371587,186.6718015456178,0,0,0,0,0,194.69495,171.33504999999997,202.39990000000003,163.63009999999997,186.99,177.90378664492906,173.58111335507095,,,,,11536946,0.71,0.67,0.058057375483145116,0.6397869194033107,1.2098200485806612,-149.80649182676478,-0.5785081715344145,-0.5785081715344145,28.957584605977612,28.957584605977612,255.16371525149677,-80.59507205950786,,,6.390221259477016,3.760436097726029,3.5271998005138365,,
1599139800,182.3,182.82,180.49,181.14,187.10652315937278,186.43463285755436,187.10652315937278,186.43463285755436,0,0,0,0,0,194.69495,171.33504999999997,202.39990000000003,163.63009999999997,186.99,178.58354970017257,174.33635029982744,,,,,12176904,0.72,0.67,-0.35749894156611056,0.3586895194207599,1.1694443088692819,-167.87811263651326,0.30124621777206306,0.30124621777206306,2.0607549963850182,2.0607549963850182,255.1637152514968,-92.73861675295552,,,6.911135179741079,3.883992924471717,3.533960910162642,,
1599226200,180.95,182.1,180.05,181.64,187.09270073547793,186.18968254941498,187.09270073547793,186.18968254941498,0,0,0,0,0,194.69495,171.33504999999997,202.39990000000003,163.63009999999997,186.99,179.42998327524123,175.17991672475884,,,,,11567864,0.74,0.68,-0.05964054568684782,0.26441258439721127,1.1422979285392412,-173.39052827532413,-23.581735953024204,-23.581735953024204,-7.659747839160025,-7.659747839160025,255.1637152514968,-92.73861675295552,,,7.1380679766878,4.011603710833132,3.5411619232825724,,
1599571800,179.5,182.27,179.02,181.29,187.07686856617627,185.9143499004183,187.07686856617627,185.9143499004183,0,0,0,0,0,194.69495,171.33504999999997,202.39990000000003,163.63009999999997,186.99,179.42487982274207,175.18502017725797,,,,,13229196,0.74,0.68,0.04459089026989499,-0.08288464301222874,1.3138458779406936,-150.09193750785667,-45.40491153723802,-45.40491153723802,-20.24146907185269,-20.24146907185269,255.1637152514968,-92.73861675295552,,,7.66929702408581,4.1550426642940215,3.5494099454619996,,
1599658200,182.5,183.22,182.19,183.05,187.06733835925084,185.77288519844112,187.06733835925084,185.77288519844112,0,0,0,0,0,194.69495,171.33504999999997,202.39990000000003,163.63009999999997,186.99,179.41398542330572,175.19591457669432,,,,,8424118,0.74,0.68,0.28506360455816354,-0.06208788608603011,1.3704068489751287,-101.6860619002223,-31.335950233225855,-31.335950233225855,-23.93962945897708,-23.93962945897708,255.1637152514968,-92.73861675295552,,,6.034349373356021,4.228740966610179,3.554374859403846,,
1599744600,184.23,184.68,182.28,182.46,187.05800521567593,185.64046224948265,187.05800521567593,185.64046224948265,0,0,0,0,0,194.69495,171.33504999999997,202.39990000000003,163.63009999999997,186.99,179.40728088602086,175.20261911397918,,,,,9143612,0.76,0.67,-0.1386165376678935,-0.2351532420121518,1.298670951614126,-76.15935156901715,-18.822422736531266,-18.822422736531266,-8.58800929163964,-8.58800929163964,255.1637152514968,-92.73861675295552,,,5.987931301253281,4.297728822870693,3.559237110036912,,
1599831000,183.14,183.5499,182.005,182.45,187.04814676369654,185.50255588675782,187.04814676369654,185.50255588675782,0,0,0,0,0,194.69495,171.33504999999997,202.39990000000003,163.63009999999997,186.99,179.407684842533,175.202215157467,,,,,7662287,0.76,0.67,0.189039962154059,-0.11654187230606168,1.2561554845699325,-79.70915185401378,-10.920733276796547,-10.920733276796547,4.882645642672895,4.882645642672895,255.1637152514968,-92.73861675295552,,,6.129764299344985,4.369573351359881,3.564373028497068,,
1600090200,183.57,184.3,183.39,183.89,187.04104756936349,185.42382820492418,187.04104756936349,185.42382820492418,0,0,0,0,0,194.69495,171.33504999999997,202.39990000000003,163.63009999999997,186.99,180.01740694742907,175.79249305257096,,,,,9709501,0.75,0.66,-0.07769463649062212,-0.13738473938948315,1.4985562911661554,-61.831066782303964,3.1808542233167074,3.1808542233167074,31.384029223543212,31.384029223543212,255.1637152514968,-92.73861675295552,,,5.415441745319511,4.410587798181827,3.5680714674917184,,
1600176600,184.46,184.67,182.92,183.45,187.0330328889052,185.32994082433893,187.0330328889052,185.32994082433893,0,0,0,0,0,194.69495,171.33504999999997,202.39990000000003,163.63009999999997,186.99,180.05942406738077,175.8304759326192,,,,,7993693,0.76,0.66,-0.2144701234941217,-0.19564651066185315,1.3087834988110862,-67.89799817847988,22.122874756599444,22.122874756599444,60.00691582316492,60.00691582316492,255.1637152514968,-92.73861675295552,,,5.657847232967146,4.45949993287929,3.5722468436465147,,
1600263000,184.98,185.01,183.33,183.97,187.0258452108055,185.25565294887465,187.0258452108055,185.25565294887465,0,0,0,0,0,194.69495,171.33504999999997,202.39990000000003,163.63009999999997,186.99,180.05951457405965,175.83038542594036,,,,,12717630,0.75,0.67,-0.16784239126892833,-0.49218373077293853,1.4072722925172727,-62.6055686626665,44.673012258558344,44.673012258558344,89.77328726247615,89.77328726247615,255.1637152514968,-92.73861675295552,,,5.446387126721324,4.498201391461331,3.5759913796766343,,
1600349400,181.92,183.09,181.48,182.96,187.01501255304166,185.11245479401683,187.01501255304166,185.11245479401683,0,0,0,0,0,194.69495,171.33504999999997,202.39990000000003,163.63009999999997,186.99,180.7422557002895,176.48764429971058,,,,,8836188,0.75,0.67,0.0535799270978127,-0.7285249112579849,1.416491389046384,-86.4860433071891,53.95859150611841,53.95859150611841,72.52975000123854,72.52975000123854,255.1637152514968,-92.73861675295552,,,6.4005363866109635,4.57280276382014,3.5816348262439357,,
1600435800,183.07,184.09,182.64,183.2,187.0064960444442,185.01990754719264,187.0064960444442,185.01990754719264,0,0,0,0,0,194.69495,171.33504999999997,202.39990000000003,163.63009999999997,186.99,181.4608533370282,177.2090466629718,,,,,9959667,0.75,0.67,0.32773917578581235,-0.9173544403093824,1.3901583026883513,-31.635349983835113,55.75038321834876,55.75038321834876,59.33396664280946,59.33396664280946,255.1637152514968,-92.73861675295552,,,5.802259012842334,4.62101673437003,3.586071637805571,,
1600695000,179.84,180.29,176.75,179.52,186.98634600239734,184.7023190159302,186.98634600239734,184.7023190159302,0,0,0,0,0,194.69495,171.33504999999997,202.39990000000003,163.63009999999997,186.99,181.51453206775173,177.15536793224825,,,,,17436121,0.75,0.68,-0.33042487510055346,-0.9671204125587857,1.047760319653927,-142.30514245180694,12.544207477982354,12.544207477982354,41.34832463822663,41.34832463822663,255.1637152514968,-199.2424770535572,,,8.840063953788224,4.786469566504077,3.5965691249503915,,
1600781400,179.63,180.02,178.11,178.65,186.96892633006487,184.4499849368741,186.96892633006487,184.4499849368741,0,0,0,0,0,194.69495,171.33504999999997,202.39990000000003,163.63009999999997,186.99,181.51286218986613,177.15703781013386,,,,,7977916,0.77,0.68,-0.41793051618805277,-1.0021088295138616,0.9178574810857961,-118.98767332717333,-29.6360531269436,-29.6360531269436,17.686865383169888,17.686865383169888,255.1637152514968,-199.2424770535572,,,8.138635308680167,4.917927046589414,3.6056441822605407,,
1600867800,176.98,177.26,174.1,174.79,186.94360959414067,184.05186395895745,186.94360959414067,184.05186395895745,0,0,0,0,0,194.69495,171.33504999999997,202.39990000000003,163.63009999999997,186.99,181.57077450392364,177.09912549607634,,,,,18134030,0.79,0.68,-1.269679240292678,-0.46494607970476637,0.621346471384672,-214.9595030948676,-73.56730796525846,-73.56730796525846,-12.73119239963956,-12.73119239963956,255.16371525149685,-265.1248357424406,,,10.206818299035533,5.12533454668534,3.618833341335016,,
1600954200,174.36,176.235,173.77,175.44,186.91769069385268,183.65654380370424,186.91769069385268,183.65654380370424,0,0,0,0,0,194.69495,171.33504999999997,202.39990000000003,163.63009999999997,186.99,181.57145577712447,177.09844422287554,,,,,11759192,0.79,0.68,-1.0825143559435675,-0.3319625523812888,0.7350083854514168,-221.43773469498657,-103.51941130746643,-103.51941130746643,-42.99393203558185,-42.99393203558185,255.16371525149685,-265.1248357424406,,,10.377017896745567,5.331282913354369,3.6323362075795926,,
1601040600,174.41,175.3,173.89,174.94,186.8920609422166,183.2813852231668,186.8920609422166,183.2813852231668,0,0,0,0,0,194.69495,171.33504999999997,202.39990000000003,163.63009999999997,186.99,182.13850560379896,177.65139439620103,,,,,6779192,0.76,0.68,-1.1579863467192832,-0.7433188812571675,0.6097131321100686,-219.08201411312547,-128.32932126694885,-128.32932126694885,-71.43906177937085,-71.43906177937085,255.16371525149685,-265.1248357424406,,,10.315127133941926,5.526727784749959,3.6456884372026943,,
1601299800,175.83,176.805,175.09,176.7,186.86885602524913,182.96752697912106,186.86885602524913,182.96752697912106,0,0,0,0,0,194.69495,171.33504999999997,202.39990000000003,163.63009999999997,186.99,182.14806694421168,177.6418330557883,,,,,7109746,0.78,0.68,-1.1047933745597878,-0.5219206221930459,0.6893096217939366,-195.52480829450954,-129.21697913000244,-129.21697913000244,-90.69836756291471,-90.69836756291471,255.16371525149685,-265.1248357424406,,,9.696219505905402,5.690237264010957,3.6577774103669354,,
1601386200,177.19,178.33,176.95,178.19,186.84937659263124,182.73818866621434,186.84937659263124,182.73818866621434,0,0,0,0,0,194.69495,171.33504999999997,202.39990000000003,163.63009999999997,186.99,182.15299041671557,177.6369095832844,,,,,8762004,0.76,0.67,-0.8150524921708192,-0.7312722813027368,0.930893308507569,-159.01113927565567,-98.04314829106296,-98.04314829106296,-93.1466278056308,-93.1466278056308,255.16371525149685,-265.1248357424406,,,8.73691268244881,5.8097147314006765,3.6679255327886775,,
1601472600,177.71,178.61,176.66,177.12,186.82936245358505,182.5065851891079,186.82936245358505,182.5065851891079,0,0,0,0,0,194.69495,171.33504999999997,202.39990000000003,163.63009999999997,186.99,182.4994353060648,177.9704646939352,,,,,8371844,0.75,0.68,-1.0584307959146124,-0.9645837467781652,0.807565979174373,-164.70413068182097,-85.13592366588928,-85.13592366588928,-69.11451538640623,-69.11451538640623,255.16371525149685,-265.1248357424406,,,8.886482025890965,5.93037227236108,3.6783522190885822,,
1601559000,178.71,179.5,178.0375,178.7,186.81211302810337,182.33754361306444,186.81211302810337,182.33754361306444,0,0,0,0,0,185.32,167.16000000000003,191.93,160.55,178.71,183.09873050098918,178.54126949901078,,,,,10402833,0.76,0.67,-0.6616958206215156,-0.3187160042403748,1.04862101535057,-132.60218562760974,-67.25355751171242,-67.25355751171242,-31.4888252033587,-31.4888252033587,236.03879530372438,-265.12483574244055,,,8.176027644540715,6.018437188917144,3.687338583575,,
1601645400,178.69,179.29,178.16,178.54,186.79514037470057,182.1798870007874,186.79514037470057,182.1798870007874,0,0,0,0,0,185.32,167.16000000000003,191.93,160.55,178.71,183.19250481858174,178.63739518141827,,,,,7488503,0.76,0.67,-0.7229669026453911,-0.44355037317995805,1.0204113558971113,-103.55078739718246,-43.28236491202354,-43.28236491202354,4.660020287354229,4.660020287354229,204.48472610298325,-265.12483574244055,,,8.112847490845319,6.10057092624766,3.6961807592139015,,
1601904600,179.02,180.14,178.9,179.41,186.7796653689569,182.05714241252124,186.7796653689569,182.05714241252124,0,0,0,0,0,185.32,167.16000000000003,191.93,160.55,178.71,183.79348368099932,179.22641631900066,,,,,6969605,0.77,0.67,-0.017456577594284255,-0.23674289414155655,1.03877646894448,-90.36187471664614,-12.01883333286737,-12.01883333286737,50.50822982544497,50.50822982544497,204.48472610298325,-265.12483574244055,,,7.731187786889464,6.164516685488516,3.7042427113171494,,
1601991000,180.16,180.37,177.0513,177.3,186.76056451307485,181.86743827869688,186.76056451307485,181.86743827869688,0,0,0,0,0,185.32,167.16000000000003,191.93,160.55,178.71,183.8083807169639,179.21151928303607,,,,,8632761,0.74,0.68,-0.2144019941213613,-0.33485793463461144,0.8353911458107987,-115.98164408685562,10.383015757801239,10.383015757801239,55.18671393913846,55.18671393913846,176.57213316892665,-265.1248357424406,,,8.68466656351539,6.263346092469962,3.7141936081247384,,
1602077400,177.09,177.42,176.43,177.22,186.7402728756861,181.66105246384603,186.7402728756861,181.66105246384603,0,0,0,0,0,185.32,167.16000000000003,191.93,160.55,178.71,183.8072217091621,179.2126782908379,,,,,6410899,0.76,0.68,0.3947801454206487,-0.3618752235420804,0.7842625902483236,-119.89759530948048,16.25035066546665,16.25035066546665,27.98502048079748,27.98502048079748,153.86046310415992,-265.1248357424405,,,9.005105987931291,6.3708660883704065,3.7247648616308453,,
1602163800,178.18,178.45,176.67,177.85,186.7204965063041,181.4720778574207,186.7204965063041,181.4720778574207,0,0,0,0,0,185.32,167.16000000000003,191.93,160.55,178.71,183.84735305056967,179.25254694943035,,,,,6530845,0.76,0.68,0.3910995112723866,-0.4939525372095995,0.8900756027390506,-110.0404719080794,9.10528971138358,9.10528971138358,13.868663680772295,13.868663680772295,132.05687490787096,-265.1248357424406,,,8.881324462323999,6.4693154363685865,3.7350676780158465,,
1602250200,180.13,181.17,179.93,181.08,186.707208001796,181.41707872575714,186.707208001796,181.41707872575714,0,0,0,0,0,185.32,167.16000000000003,191.93,160.55,178.71,183.88029561361742,179.2196043863826,,,,,15979775,0.77,0.67,0.9904765251160514,-0.014383687526033917,1.2660331378683067,-60.89911048063551,20.01055716262662,20.01055716262662,32.29434412633527,32.29434412633527,132.05687490787096,-265.1248357424406,,,7.1999587394914535,6.497968114922425,3.741990537279534,,
1602509400,180.57,180.83,180.19,180.56,186.69446033346077,181.3743305404333,186.69446033346077,181.3743305404333,0,0,0,0,0,185.32,167.16000000000003,191.93,160.55,178.71,183.88048179488496,179.2194182051151,,,,,4842997,0.75,0.68,0.6161507417775656,-0.3382493749869764,1.123935737475623,-56.979860796238306,31.800325686952956,31.800325686952956,55.379862735605634,55.379862735605634,132.05687490787096,-265.1248357424406,,,7.065862086750214,6.5202384667588085,3.7486316392764785,,
1602595800,178.5633,178.6,177.1,177.72,186.67562604708021,181.21329404865162,186.67562604708021,181.21329404865162,0,0,0,0,0,185.32,167.16000000000003,191.93,160.55,178.71,183.91142947891117,179.18847052108887,,,,,8384295,0.74,0.68,-0.07428639774430369,-0.6255057107027145,1.1710503431153236,-103.558635891576,35.94190570369442,35.94190570369442,44.22506573717733,44.22506573717733,132.05687490787096,-265.1248357424406,,,8.659549228944243,6.604133006452355,3.758443662432658,,
1602682200,179.09,179.59,178.27,178.27,186.6591436773558,181.10399624282215,186.6591436773558,181.10399624282215,0,0,0,0,0,185.32,167.16000000000003,191.93,160.55,178.71,184.38399663090777,179.6709033690922,,,,,9100896,0.74,0.68,0.18300793490822168,-0.5962380126479941,1.0911966933873578,-85.92201231178773,31.454941784454824,31.454941784454824,34.446251063947884,34.446251063947884,132.05687490787096,-265.1248357424406,,,8.056114291608631,6.661073449007503,3.767030416936506,,
1602768600,177.71,179.15,177.59,178.92,186.64134918449392,180.97258462545656,186.64134918449392,180.97258462545656,0,0,0,0,0,185.32,167.16000000000003,191.93,160.55,178.71,184.71560549920582,180.00429450079426,,,,,6821291,0.75,0.68,0.03501612551853798,-0.3327075990832429,1.0382758465406507,-96.17235764021164,20.6695005551356,20.6695005551356,29.85400089434379,29.85400089434379,132.05687490787096,-265.1248357424406,,,8.406828614162661,6.7295344358763325,3.7763007430048896,,
1602855000,179.22,179.32,178.13,178.3,186.6246583769325,180.8672911107328,186.6246583769325,180.8672911107328,0,0,0,0,0,185.32,167.16000000000003,191.93,160.55,178.71,185.7489049578659,181.0109950421341,,,,,7262158,0.74,0.68,-0.038202231749515835,-0.25725058607731677,0.8530821641525765,-75.38859279919093,10.038670384086274,10.038670384086274,23.248890724257954,23.248890724257954,125.02892402622706,-265.12483574244055,,,8.128320181546233,6.7843887788437796,3.7849960865384387,,
1603114200,179.41,179.475,178.37,178.39,186.60847564291265,180.77544440050798,186.60847564291265,180.77544440050798,0,0,0,0,0,185.32,167.16000000000003,191.93,160.55,178.71,186.46852383879678,181.74137616120322,,,,,6084398,0.74,0.68,-0.16160445458738523,-0.2936371786891423,0.9335535792763087,-71.81990201579714,4.1074614502201285,4.1074614502201285,16.86841429957868,16.86841429957868,125.02892402622706,-265.12483574244055,,,8.004538655938925,6.832237793631824,3.7934267410227553,,
1603200600,178.54,179.67,178.08,179.25,186.5917516156541,180.67594069852726,186.5917516156541,180.67594069852726,0,0,0,0,0,185.32,167.16000000000003,191.93,160.55,178.71,186.45115298624006,181.76874701376,,,,,7124678,0.74,0.68,0.3129511427643602,-0.1848614508054746,0.9699463291692357,-45.130891837704205,22.081676889599002,22.081676889599002,32.50820206963965,32.50820206963965,125.02892402622706,-265.12483574244055,,,8.15410799938108,6.884075840916109,3.802139390889605,,
1603287000,180.47,181.31,180.23,180.6,186.57931375028815,180.66380969074189,186.57931375028815,180.66380969074189,0,0,0,0,0,185.32,167.16000000000003,191.93,160.55,178.71,186.44884190886,181.77105809114005,,,,,7548086,0.72,0.68,0.5420470748150076,-0.2196184190011281,1.0662315788646262,-13.049925848906623,40.13085047828173,40.13085047828173,76.2291976556472,76.2291976556472,133.04857346257603,-265.1248357424406,,,7.045231832482333,6.890395683722628,3.8086190960676127,,
1603373400,178.8767,179.027,177.72,178.83,186.56193590063722,180.55470734992846,186.56193590063722,180.55470734992846,0,0,0,0,0,185.32,167.16000000000003,191.93,160.55,178.71,186.45227001339478,181.76762998660527,,,,,8376974,0.69,0.68,0.1562207298117254,-0.32564527667906196,0.9657062056633703,-52.757988993439525,50.82609743432792,50.82609743432792,72.21659134642032,72.21659134642032,133.04857346257603,-265.1248357424406,,,8.33978028779204,6.947234295646918,3.8176723651819473,,
1603459800,179.09,179.2,177.76,178.64,186.54467189284375,180.4514364734607,186.54467189284375,180.4514364734607,0,0,0,0,0,185.32,167.16000000000003,191.93,160.55,178.71,186.4073003908903,181.81259960910975,,,,,5919276,0.69,0.68,-0.38795220013187853,-0.3471197779100317,0.9493142012214326,-52.129917695898705,51.07604615472489,51.07604615472489,51.57594359551884,51.57594359551884,133.04857346257603,-265.1248357424406,,,8.319150033524162,7.001034912818575,3.8266663265572562,,
1603719000,178.75,179.14,178.22,178.55,186.52835226868223,180.37007425881518,186.52835226868223,180.37007425881518,0,0,0,0,0,185.32,167.16000000000003,191.93,160.55,178.71,186.3984373928784,181.82146260712167,,,,,5105103,0.67,0.68,-0.3216464039092285,-0.48442517603783264,0.9682309423782903,-44.90709777417773,30.497242305091785,30.497242305091785,44.21644487151386,44.21644487151386,133.04857346257603,-265.1248357424406,,,8.081902109443494,7.043421861705827,3.8351682961534324,,
1603805400,178.71,179.43,178.51,179.02,186.512638877536,180.30316154278322,186.512638877536,180.30316154278322,0,0,0,0,0,185.32,167.16000000000003,191.93,160.55,178.71,186.39209618036404,181.827803819636,,,,,5826871,0.66,0.68,0.21552230719998147,-0.4107812031846179,0.8975161521256355,-40.353580867006,20.56165944846161,20.56165944846161,36.33151639716311,36.33151639716311,133.04857346257603,-265.1248357424406,,,7.932332766001339,7.078281112854671,3.8433544389503314,,
1603891800,176.45,176.85,175.44,176.13,186.49088435430414,180.1196846195368,186.49088435430414,180.1196846195368,0,0,0,0,0,185.32,167.16000000000003,191.93,160.55,178.71,186.41543981625608,181.804460183744,,,,,11734083,0.64,0.68,-0.3505567172741522,-0.7185073439488068,0.650953303968279,-88.55805295327336,-25.596393373842602,-25.596393373842602,15.68887980682787,15.68887980682787,133.04857346257603,-265.1248357424406,,,9.515704781061421,7.173866354745131,3.8546878062672367,,
1603978200,175.02,176.14,174.83,175.4,186.46796670324662,179.91972051680986,186.46796670324662,179.91972051680986,0,0,0,0,0,185.32,167.16000000000003,191.93,160.55,178.71,186.40548437174795,181.81441562825214,,,,,8474453,0.65,0.68,-0.5757278818421652,-0.698133542996458,0.5226548933460425,-98.13614024077252,-68.9267307227197,-68.9267307227197,-12.516323703021317,-12.516323703021317,133.04857346257603,-265.1248357424406,,,9.830316158646642,7.278040856858916,3.866627123654608,,
1604064600,177.18,177.36,175.95,176.2,183.49106816144214,177.0238761645538,183.49106816144214,177.0238761645538,0,0,0,0,0,185.32,167.16000000000003,191.93,160.55,178.71,186.40844473335136,181.8114552666487,,,,,7304589,0.65,0.68,-0.3471714854612918,-0.6502614968975681,0.6100222560299277,-80.55014390962646,-87.88187343300257,-87.88187343300257,-37.63817361301507,-37.63817361301507,133.04857346257603,-265.1248357424406,,,7.78785178973849,7.298033442462037,3.8744617383720583,,
1604327400,177.4499,177.925,177.1301,177.91,182.8452029056406,176.44484533800542,182.8452029056406,176.44484533800542,0,0,0,0,0,180.68990000000002,171.59000000000003,183.9299,168.35000000000002,177.4499,186.3646092021587,181.85529079784135,,,,,6498368,0.64,0.68,-0.07927166621729562,-0.15254559246034544,0.7172748727426618,-62.02047045392459,-76.89045212976932,-76.89045212976932,-50.72226645193315,-50.72226645193315,133.04857346257603,-265.1248357424406,,,6.847173284249281,7.28035265194389,3.8804012219802044,,
1604413800,178.95,179.39,178.3,178.92,180.9457833049972,174.76514644574584,180.9457833049972,174.76514644574584,0,0,0,0,0,180.68990000000002,171.59000000000003,183.9299,168.35000000000002,177.4499,186.3573470201074,181.86255297989266,,,,,7577092,0.62,0.68,-0.054186641319832904,0.025682516361267654,0.7293202746357292,-43.65095517909563,-48.07703930046433,-48.07703930046433,-42.786584997526674,-42.786584997526674,133.04857346257603,-265.1248357424406,,,5.250292273355296,7.200742441018847,3.883138267037897,,
1604500200,178.93,179.19,177.66,178.82,180.93942849319902,174.8827956047362,180.93942849319902,174.8827956047362,0,0,0,0,0,180.68990000000002,171.59000000000003,183.9299,168.35000000000002,177.4499,185.57862193821754,181.15137806178248,,,,,11117259,0.61,0.68,-0.29016209418887823,0.3918918728849656,0.7179061557881352,-53.70009593975097,-36.35113701533473,-36.35113701533473,-12.899332445075515,-12.899332445075515,133.04857346257603,-265.1248357424406,,,5.590392177702205,7.1375914503005475,3.886549363762501,,
1604586600,181,183.285,180.97,182.93,180.93963363107474,175.12433695357007,180.93963363107474,175.12433695357007,0,0,0,0,0,180.68990000000002,171.59000000000003,183.9299,168.35000000000002,177.4499,185.44156904546747,180.93843095453252,,,,,16102775,0.63,0.68,0.6615055469775475,0.711184989605962,0.8941301343408294,-40.19716958671992,-12.730144061492943,-12.730144061492943,34.511841846190634,34.511841846190634,260.25953525083247,-265.1248357424406,,,3.8314379849080713,7.007938373226333,3.8864392511174373,,
1604673000,183.4,183.53,182.19,183.19,180.94225154589776,175.40377079852811,180.94225154589776,175.40377079852811,0,0,0,0,0,180.68990000000002,171.59000000000003,183.9299,168.35000000000002,177.4499,183.81639343022223,179.35360656977778,,,,,10378266,0.62,0.68,0.7349028042263059,0.7855998954132327,0.9564699752025383,-21.485877766103332,16.671553652284253,16.671553652284253,75.47494907983865,75.47494907983865,260.25953525083247,-265.1248357424406,,,3.1831225422467897,6.85794559554086,3.8850340229278855,,
1604932200,176.42,176.45,173.64,175.08,180.92795214220965,175.3403052770172,180.92795214220965,175.3403052770172,0,0,0,0,0,180.68990000000002,171.59000000000003,183.9299,168.35000000000002,177.4499,183.6319159442268,179.4080840557732,,,,,29800706,0.66,0.68,-0.518365865815989,-0.14118371750282852,0.43128671714796235,-205.19013266628704,29.98713576825846,29.98713576825846,56.61830000020689,56.61830000020689,260.25953525083247,-265.1248357424406,,,7.726644701881188,6.892012227162049,3.89270956873998,,
1605018600,176.75,176.91,175.66,175.66,180.9176769131543,175.35775212889888,180.9176769131543,175.35775212889888,0,0,0,0,0,180.68990000000002,171.59000000000003,183.9299,168.35000000000002,177.4499,183.63129342920857,179.4087065707914,,,,,11728459,0.58,0.67,-0.5023788248890555,-0.21941694659407499,0.40792093041297733,-161.78865957875811,29.050681491142107,29.050681491142107,29.67498434255301,29.67498434255301,260.25953525083247,-265.1248357424406,,,6.653204378786273,6.882647213500254,3.8982250428859264,,
1605105000,174.695,175.28,174.435,174.9,177.9017432980476,172.52338257229562,177.9017432980476,172.52338257229562,0,0,0,0,0,180.68990000000002,171.59000000000003,183.9299,168.35000000000002,177.4499,183.561353053345,179.478646946655,,,,,9008471,0.59,0.68,-0.18697702544748407,-0.1937497780504901,0.3093879161769006,-188.1088598422346,1.5373523885280491,1.5373523885280491,20.29577369121136,20.29577369121136,260.25953525083247,-265.1248357424406,,,5.736287489867608,6.837691930220543,3.9018974953274483,,
1605191400,176.04,176.765,175.84,175.96,177.89780794680274,172.65705776553892,177.89780794680274,172.65705776553892,0,0,0,0,0,180.68990000000002,171.59000000000003,183.9299,168.35000000000002,177.4499,183.56540216160167,179.4745978383983,,,,,7182263,0.59,0.67,0.08557767166300742,-0.2372834298515007,0.308347260095103,-157.92120158085933,-14.469860272396552,-14.469860272396552,8.70722903667539,8.70722903667539,260.25953525083247,-265.1248357424406,,,4.977033234261015,6.764724922535855,3.9040456186819608,,
1605277800,177.65,177.8,176.84,177.16,177.89585848037558,172.8243143237531,177.89585848037558,172.8243143237531,0,0,0,0,0,180.68990000000002,171.59000000000003,183.9299,168.35000000000002,177.4499,183.509019888302,179.53098011169794,,,,,6470910,0.57,0.67,0.1459313721998924,-0.11952706784427873,0.39632767231050214,-136.43532381475603,-9.235150957822167,-9.235150957822167,2.726435705176204,2.726435705176204,260.25953525083247,-265.1248357424406,,,4.436638746284792,6.67342742542797,3.9051097408150333,,
1605537000,177.23,177.91,176.87,177.15,177.89397224964554,172.98617650713533,177.89397224964554,172.98617650713533,0,0,0,0,0,180.68990000000002,171.59000000000003,183.9299,168.35000000000002,177.4499,182.51574056215532,178.58425943784474,,,,,8358474,0.61,0.67,-0.11442333715621514,-0.19480609591741682,0.42006693676464657,-156.86938173833136,1.415935071381897,1.415935071381897,2.289602160578102,2.289602160578102,260.25953525083247,-265.1248357424406,,,4.420426911645505,6.585074464103168,3.9061393455519573,,
1605623400,177.25,177.44,176.0903,176.5,177.89054752387204,173.111420448032,177.89054752387204,173.111420448032,0,0,0,0,0,180.68990000000002,171.59000000000003,183.9299,168.35000000000002,177.4499,182.14574270450538,178.48425729549461,,,,,8229142,0.63,0.67,-0.3622288636407099,-0.06976654254801631,0.37415389009210304,-178.62974070225295,0.21411408329998594,0.21411408329998594,1.5977728014853967,1.5977728014853967,260.25953525083247,-265.1248357424406,,,4.84177249392056,6.516709680958752,3.908008742451795,,
1605709800,176.26,176.86,175.35,175.49,177.88566531103712,173.20301180301112,177.88566531103712,173.20301180301112,0,0,0,0,0,180.68990000000002,171.59000000000003,183.9299,168.35000000000002,177.4499,182.14152301811245,178.48847698188752,,,,,7384661,0.62,0.68,-0.497999816199964,-0.15072100560590637,0.2776013770420373,-197.25582307782958,-27.218687751559038,-27.218687751559038,-8.007714049529415,-8.007714049529415,260.25953525083247,-265.1248357424406,,,5.241826533369368,6.466714263406227,3.910673713063019,,
1605796200,174.3,175.22,174.17,175.16,177.87845878693915,173.24519957544206,177.87845878693915,173.24519957544206,0,0,0,0,0,180.68990000000002,171.59000000000003,183.9299,168.35000000000002,177.4499,182.13401677086992,178.49598322913008,,,,,6965056,0.63,0.68,-1.1362636320964605,-0.23360428529562008,0.2523202828394572,-226.9448372655643,-62.409565801811354,-62.409565801811354,-26.141664633623396,-26.141664633623396,260.25953525083247,-265.1248357424406,,,5.879492029181315,6.443685940495446,3.914607415992326,,
1605882600,176.12,176.38,175.58,175.69,177.87405567247973,173.3404741018953,177.87405567247973,173.3404741018953,0,0,0,0,0,180.68990000000002,171.59000000000003,183.9299,168.35000000000002,177.4499,182.13207911064788,178.49792088935212,,,,,6380936,0.62,0.67,-1.0959832391943856,-0.46004685259295336,0.3680781947049169,-191.46898132937238,-73.81824995167504,-73.81824995167504,-42.03385973964061,-42.03385973964061,260.25953525083247,-265.1248357424406,,,5.117535801134827,6.3916800526773825,3.917010869309294,,
1606141800,175.1,175.24,171.78,172.23,177.86214487193533,173.2844829606445,177.86214487193533,173.2844829606445,0,0,0,0,0,180.68990000000002,171.59000000000003,183.9299,168.35000000000002,177.4499,181.24385076425,177.52614923574998,,,,,15510552,0.64,0.68,-0.42958123161919815,-0.7029101340626277,0.1091045351456653,-280.95420908731177,-105.86517003767932,-105.86517003767932,-63.31096317232018,-63.31096317232018,260.25953525083247,-265.1248357424406,,,7.1710348554444785,6.42224298611923,3.923512415735139,,
1606228200,169.3,169.69,168.86,169.59,177.84448204501837,173.1173228445408,177.84448204501837,173.1173228445408,0,0,0,0,0,180.68990000000002,171.59000000000003,183.9299,168.35000000000002,177.4499,179.77486353456533,176.07513646543467,,,,,19503992,0.68,0.68,-0.9052893646474717,-0.6919348730585922,-0.06896685466415915,-280.95420908731177,-141.85401156008982,-141.85401156008982,-89.49197930157672,-89.49197930157672,260.25953525083247,-265.1248357424406,,,8.748986760335043,6.513487840010046,3.933153723116957,,
1606314600,169.975,170.52,169.24,169.51,176.79171167762365,172.0003115248977,176.79171167762365,172.0003115248977,0,0,0,0,0,180.68990000000002,171.59000000000003,183.9299,168.35000000000002,177.4499,179.75995256560114,176.09004743439888,,,,,10286575,0.68,0.68,-0.8084145326773461,-0.7442183442327265,-0.17639782483110564,-273.5039230124215,-161.23073169728343,-161.23073169728343,-113.40489676681229,-113.40489676681229,260.25953525083247,-265.1248357424406,,,8.00674022938522,6.572046757240445,3.941292757095515,,
1606487400,166.9,167.8298,166.78,167.79,176.77205171423182,171.8023346023527,176.77205171423182,171.8023346023527,0,0,0,0,0,180.68990000000002,171.59000000000003,183.9299,168.35000000000002,177.4499,178.6730544340527,175.09694556594732,,,,,10569141,0.69,0.68,-1.2152733142513932,-0.9400295495633909,-0.3894591977420749,-280.95420908731177,-174.21389231266767,-174.21389231266767,-133.67456194876408,-133.67456194876408,260.25953525083247,-265.1248357424406,,,9.343914768712288,6.680747463572674,3.952087206669175,,
1606746600,166.68,167.43,166.03,166.67,176.75094751500257,171.58300383363297,176.75094751500257,171.58300383363297,0,1,0,0,0,180.68990000000002,171.59000000000003,183.9299,168.35000000000002,177.4499,178.29574168475654,174.72425831524342,,,,,13209977,0.73,0.69,-1.5478613466967697,-0.9844416570255248,-0.5168791365291712,-280.95420908731177,-186.92860599066543,-186.92860599066543,-151.4259099627312,-151.4259099627312,260.25953525083247,-265.1248357424406,,,9.751589933141272,6.801172658457717,3.963674624704084,,
1606833000,169.76,170.48,169.3,170.18,176.7363536138737,171.4992272127062,176.7363536138737,171.4992272127062,0,0,0,0,0,178.51,157.28,187.26,148.53,169.76,177.36213426201138,173.67786573798855,,,,,13555209,0.7,0.68,-1.013534459358748,-0.6844770982764904,-0.40939325682306277,-227.41573218081336,-162.66640808191224,-162.66640808191224,-155.1727426691249,-155.1727426691249,260.25953525083247,-265.1248357424406,,,7.974126216230901,6.847170837193921,3.971687514996845,,
1606919400,170.57,171.76,170.15,171.46,176.72347019006975,171.45173594946283,176.72347019006975,171.45173594946283,0,0,0,0,0,178.51,157.28,187.26,148.53,169.76,177.35277840004017,173.6872215999598,,,,,9199741,0.69,0.68,-0.7342959182353628,-0.6452127685277054,-0.5065937888442313,-213.49900270970534,-142.9627554391536,-142.9627554391536,-118.542780979211,-118.542780979211,260.25953525083247,-265.1248357424406,,,7.51209436321139,6.873246269586763,3.9787612549533176,,
1607005800,172.64,172.85,171.08,172.81,176.71245206781188,171.44221297105253,176.71245206781188,171.44221297105253,0,0,0,0,0,178.51,157.28,187.26,148.53,169.76,177.35587462878757,173.6841253712124,,,,,10457274,0.69,0.67,-0.39220237697448074,-0.6395682348442665,-0.5096787428704447,-177.1548527301393,-118.56764019433643,-118.56764019433643,-69.7774097047021,-69.7774097047021,260.2595352508324,-209.16717822794487,,,7.006577159319447,6.878474931929221,3.984810837179823,,
1607092200,172.78,173.32,171.59,172.32,176.70246475099307,171.45286344277594,176.70246475099307,171.45286344277594,0,0,0,0,0,178.51,157.28,187.26,148.53,169.76,177.3547561261655,173.68524387383445,,,,,10098639,0.7,0.67,-0.41627925689854406,-0.5396116927627728,-0.5921782346812063,-169.69416116181813,-88.8731743449663,-88.8731743449663,-29.48424264622603,-29.48424264622603,260.2595352508324,-209.16717822794487,,,6.729358047507743,6.872627210971515,3.9902944479896694,,
1607351400,172.56,175.29,172.51,174.89,176.694317169073,171.49881389600043,176.694317169073,171.49881389600043,0,0,0,0,0,178.51,157.28,187.26,148.53,169.76,177.38633044559393,173.65366955440606,,,,,10555101,0.7,0.68,-0.1164567801256569,-0.3099657898091002,-0.4115032002372937,-156.23565872484653,-51.65331764148456,-51.65331764148456,22.78639576547892,22.78639576547892,260.2595352508324,-209.16717822794487,,,6.229276512474864,6.847397771814784,3.9947679386280015,,
1607437800,175.51,175.93,174.72,175.5,176.69055729460933,171.62876237066706,176.69055729460933,171.62876237066706,0,0,0,0,0,178.51,157.28,187.26,148.53,169.76,177.37465053903028,173.66534946096968,,,,,6348418,0.7,0.68,0.4864044611684848,-0.25266085176921,-0.4573056782124037,-123.9059952621207,-10.073572728145415,-10.073572728145415,73.08591709853289,73.08591709853289,260.2595352508324,-209.16717822794487,,,5.027993694624124,6.77604859231711,3.996832325752869,,
1607524200,173.92,174.0399,171.24,172.5,176.6799214158988,171.6185089443664,176.6799214158988,171.6185089443664,0,0,0,0,0,178.51,157.28,187.26,148.53,169.76,177.4092633227887,173.63073667721127,,,,,10743185,0.68,0.68,0.43559246783473704,-0.5337931891826904,-0.5989494402498149,-89.55023046999294,19.170438650585563,19.170438650585563,77.65846140804751,77.65846140804751,260.2595352508324,-209.16717822794487,,,6.9196064575745995,6.781678312523287,4.002672034307958,,
1607610600,172.9,173.58,171.7,172.17,175.93219115987165,170.93607996527442,175.93219115987165,170.93607996527442,0,0,0,0,0,178.51,157.28,187.26,148.53,169.76,177.4093013893786,173.63069861062138,,,,,6564030,0.69,0.67,0.40015185447472773,-0.3310089561202567,-0.7809981237986268,-82.59193553482486,33.660593164478115,33.660593164478115,62.64090219226321,62.64090219226321,260.2595352508324,-209.16717822794487,,,6.277292576419215,6.761898479734891,4.007216730695792,,
1607697000,172.25,173.32,172.11,172.49,175.92477599271905,170.98646506467543,175.92477599271905,170.98646506467543,0,0,0,0,0,178.51,157.28,187.26,148.53,169.76,177.40022267685788,173.63977732314208,,,,,6084848,0.68,0.67,0.7196527663705281,-0.24609001224674254,-0.8440791688926167,-76.38997700565265,37.658221563176376,37.658221563176376,45.6534783605729,45.6534783605729,260.2595352508324,-209.16717822794487,,,6.053493449781646,6.73411789032496,4.011305195668991,,
1607956200,171.91,172.52,170.91,171.54,175.9054181207008,170.97931481127415,175.9054181207008,170.97931481127415,0,0,0,0,0,178.51,157.28,187.26,148.53,169.76,177.40259485330682,173.6374051466931,,,,,7644419,0.7,0.67,0.7519998266431245,-0.39297561287201016,-0.9888879315916851,-94.54205074957045,19.77696314697004,19.77696314697004,31.697802091107597,31.697802091107597,260.2595352508324,-209.16717822794487,,,6.703422675910257,6.732914156426344,4.016684051773369,,
1608042600,173.43,173.9799,173.055,173.94,175.89992547710298,171.06468874024378,175.89992547710298,171.06468874024378,0,0,0,0,0,178.51,157.28,187.26,148.53,169.76,176.9642427751713,173.1557572248287,,,,,6848629,0.7,0.67,0.5662937492860092,-0.3302113236426828,-0.7553620098752379,-62.095218932317714,32.928148823719994,32.928148823719994,35.38884228894479,35.38884228894479,260.2595352508324,-209.16717822794487,,,5.532507232927557,6.685839375112666,4.019712669517933,,
1608129000,174.13,175.015,173.02,174.9,175.89437457704884,171.14535584846953,175.89437457704884,171.14535584846953,0,0,0,0,0,178.51,157.28,187.26,148.53,169.76,176.9664966714833,173.15350332851668,,,,,8174737,0.7,0.68,0.5205489010288945,-0.33656770935211705,-0.6936145103716672,-62.47691371658254,42.6940722781447,42.6940722781447,62.22591918699413,62.22591918699413,260.2595352508324,-209.16717822794487,,,5.5516130793165495,6.641359912532426,4.02277340959745,,
1608215400,177.15,177.87,176.575,176.74,175.89586663583597,171.36087718774525,175.89586663583597,171.36087718774525,0,0,0,0,0,178.51,157.28,187.26,148.53,169.76,176.6986164231799,172.8613835768201,,,,,9475790,0.69,0.68,0.5892084563324237,-0.17399305279808755,-0.1535841146389946,-2.501841350939311,60.609056074092884,60.609056074092884,96.43902366598925,96.43902366598925,260.2595352508324,-209.16717822794487,,,3.6110049675200666,6.522522463708412,4.021950695427465,,
1608301800,176.65,176.98,176.1,176.44,175.89641615304708,171.54950553332384,175.89641615304708,171.54950553332384,0,0,0,0,0,178.51,157.28,187.26,148.53,169.76,176.64827321653445,172.91172678346553,,,,,6789888,0.69,0.68,0.6207050421246701,-0.5317688312064676,-0.1285252742518483,-9.704111906672711,78.90504622212949,78.90504622212949,115.49702651820269,115.49702651820269,260.2595352508324,-209.16717822794487,,,3.8702985970849957,6.4185136846251405,4.021647694231976,,
1608561000,176.29,176.94,175.76,175.88,175.8962920448492,171.7175366888798,175.8962920448492,171.7175366888798,0,0,0,0,0,178.51,157.28,187.26,148.53,169.76,176.6466351710706,172.9133648289294,,,,,8168924,0.69,0.68,0.14716389876174077,-0.5989437743097997,-0.3521539366750298,-14.85942135709252,93.20608945497078,93.20608945497078,121.80817592065337,121.80817592065337,260.2595352508324,-209.16717822794487,,,4.0558982477209495,6.325862098864192,4.021716126906279,,
1608647400,176.2,176.34,174.34,174.49,175.89335939341092,171.82384897559038,175.89335939341092,171.82384897559038,0,0,0,0,0,178.51,157.28,187.26,148.53,169.76,176.5925547184307,172.9674452815693,,,,,9447403,0.7,0.68,-0.1497942012829366,-0.05064138735674304,-0.3826197010890749,-36.39041965002191,96.04999265458855,96.04999265458855,101.73779905382408,101.73779905382408,260.2595352508324,-209.16717822794487,,,4.831049729788741,6.267242005959273,4.023333177061888,,
1608733800,175.1,176.21,175.06,175.65,175.89185677724026,171.95394509419467,175.89185677724026,171.95394509419467,0,0,0,0,0,178.51,157.28,187.26,148.53,169.76,176.59658298974472,172.96341701025526,,,,,6542767,0.73,0.68,0.4745259811417033,-0.0008540927505838079,-0.5039276505124153,-25.47329375501538,88.3287249996971,88.3287249996971,93.47623676962473,93.47623676962473,260.2595352508324,-209.16717822794487,,,4.438015175500844,6.195507620451099,4.024161712523305,,
1608820200,175.55,176.37,175.5145,176.35,175.89125617428874,172.0965846983439,175.89125617428874,172.0965846983439,0,0,0,0,0,178.51,157.28,187.26,148.53,169.76,176.5974733611699,172.9625266388301,,,,,3695443,0.71,0.68,0.6408476209242235,0.12634368496811688,-0.553128453738009,-18.58185803379256,92.16672590871121,92.16672590871121,93.03973314932023,93.03973314932023,260.2595352508324,-209.16717822794487,,,4.189912113106611,6.116856816241511,4.024492882154839,,
1609165800,177.26,177.91,175.625,175.71,175.8908753427717,172.2379205925265,175.8908753427717,172.2379205925265,0,0,0,0,0,178.51,157.28,187.26,148.53,169.76,176.58590224781878,172.97409775218122,,,,,7778685,0.7,0.67,0.49432949717992397,-0.02172150960121981,-0.3162807765069952,-16.90638246240611,95.63916002881054,95.63916002881054,100.83801378779117,100.83801378779117,260.2595352508324,-209.16717822794487,,,4.129592226649925,6.038924871551645,4.024702870855129,,
1609252200,176.25,176.97,175.57,176.35,175.89038648094797,172.37157860850584,175.89038648094797,172.37157860850584,0,0,0,0,0,178.51,157.28,187.26,148.53,169.76,176.57803134877355,172.98196865122645,,,,,5983741,0.71,0.68,0.7472146819801408,-0.07034357658074696,-0.3461102368892177,-17.740329579385882,99.2043851872603,99.2043851872603,106.33483550415983,106.33483550415983,260.2595352508324,-209.16717822794487,,,4.159615699546921,5.965226472649499,4.0249724269564116,,
1609338600,176.44,177.72,176.44,177.7,175.891619474992,172.53377160425072,175.891619474992,172.53377160425072,0,0,0,0,0,178.51,157.28,187.26,148.53,169.76,176.5811867672138,172.97881323278617,,,,,5914039,0.71,0.67,0.5793012552313833,0.04803712374175272,-0.2124906196051786,-19.00175832130572,110.38552575471849,110.38552575471849,132.74780688963486,132.74780688963486,260.2595352508324,-209.16717822794487,,,3.6846989464490423,5.875794020641638,4.024292559862491,,
1609425000,178.07,178.4,177.32,178.36,175.8945906648522,172.72376879624088,175.8945906648522,172.72376879624088,0,0,0,0,0,178.51,157.28,187.26,148.53,169.76,176.57241412228862,172.98758587771135,,,,,7540757,0.71,0.68,0.5299543792500983,0.1629895659086298,-0.13024357043263257,-15.625954249137473,127.23375946258577,127.23375946258577,160.93022687832035,160.93022687832035,260.2595352508324,-209.16717822794487,,,3.2043233800971698,5.771030466110482,4.022654259803019,,
1609770600,181.97,182.4,180.955,182.33,175.90474602815917,173.0474386473687,175.90474602815917,173.0474386473687,0,0,0,1,0,182.95,177.42000000000002,187.5,172.87,181.97,176.63579685723536,172.92420314276467,,,,,14331436,0.71,0.68,0.9296122687556417,0.6614057861823353,0.06000956623014995,-20.209484650768704,148.32593619577605,148.32593619577605,190.51028966215665,190.51028966215665,260.2595352508324,-209.16717822794487,,,1.2200447622686748,5.592560438508843,4.017054640427326,,
1609857000,182.87,183.21,181.8239,182.87,175.9165998043267,173.39214932786405,175.9165998043267,173.39214932786405,0,0,0,1,0,182.95,177.42000000000002,187.5,172.87,181.97,176.63400985504268,172.92599014495732,,,,,12718753,0.72,0.68,1.0718861053883406,0.7474695953406254,-0.026200220268544322,-15.32997370762743,167.45160750509828,167.45160750509828,205.7029501237427,205.7029501237427,260.2595352508324,-209.16717822794487,225.7029501237427,,0.7457284786287399,5.4024885969449175,4.010518524219936,,
1609943400,181.49,181.58,178.24,179.9,175.92134086365868,173.58420229539877,175.92134086365868,173.58420229539877,0,0,0,0,0,182.95,177.42000000000002,187.5,172.87,181.97,176.65100860579219,172.9089913942078,,,,,18453495,0.71,0.68,0.6808263691325712,0.41209865548377106,-0.0734101754598182,-67.84989796990271,174.56915054925875,174.56915054925875,188.8042366375797,188.8042366375797,260.2595352508324,-209.16717822794487,,,2.7021125607292915,5.2965914974854815,4.007904326490684,,
1610029800,179.69,179.92,178.84,179.48,175.9272592635315,173.79201789165765,175.9272592635315,173.79201789165765,0,0,0,0,0,182.95,177.42000000000002,187.5,172.87,181.97,176.65179560504296,172.90820439495707,,,,,7110214,0.71,0.68,0.8523154439475435,0.7243341021599407,-0.26454114444292287,-59.05725460447263,155.49488034524413,155.49488034524413,168.21106048125387,168.21106048125387,260.2595352508324,-209.16717822794487,,,2.3745837654893793,5.18200295897583,4.004640948746426,,
1610116200,176.83,176.9899,171.48,173.34,175.9186075966713,173.7059426802201,175.9186075966713,173.7059426802201,0,0,0,0,0,182.95,177.42000000000002,187.5,172.87,181.97,176.80019517747127,172.75980482252874,,,,,24399895,0.72,0.67,-0.3810116017581188,0.3698663099712608,-0.6003447053392853,-166.91367988708285,95.04898699378971,95.04898699378971,143.82370265209914,143.82370265209914,260.2595352508324,-209.16717822794487,,,6.392270320432343,5.229464424130987,4.009411437001543,,
1610375400,172.14,173.68,172.03,173,175.91106112794668,173.64459590844675,175.91106112794668,173.64459590844675,0,0,0,0,0,182.95,177.42000000000002,187.5,172.87,181.97,176.75864132255137,172.80135867744863,,,,,8579195,0.72,0.67,-0.5525221366245727,0.34574014935225506,-0.6313308945489322,-158.85375680210507,38.47470390242567,38.47470390242567,108.70736973554132,108.70736973554132,260.2595352508324,-209.16717822794487,,,6.092035591462414,5.263290744418494,4.0135725242232425,,
1610461800,173.13,174.18,172.32,174.12,175.90410336345528,173.59691371595866,175.90410336345528,173.59691371595866,0,0,0,0,0,182.95,177.42000000000002,187.5,172.87,181.97,176.76420986335816,172.79579013664187,,,,,9798480,0.73,0.68,-0.273947112864953,0.6593911148011132,-0.4696944351030717,-149.8161024993294,-2.998105111291558,-2.998105111291558,71.4722114532637,71.4722114532637,260.2595352508324,-194.62966616251288,,,5.93373000709646,5.289582480209787,4.017409002710502,,
1610548200,173.68,174.46,173.05,173.37,175.8986034566352,173.5794425898426,175.8986034566352,173.5794425898426,0,0,0,0,0,182.95,177.42000000000002,187.5,172.87,181.97,176.73695557918037,172.82304442081966,,,,,14110299,0.73,0.68,-0.5125006977853397,0.7038990853553632,-0.4336497113379089,-139.4496802410817,-32.11070722343452,-32.11070722343452,36.944571894364294,36.944571894364294,260.2595352508324,-194.62966616251288,,,5.535236639554554,5.29921597665468,4.0204416253615385,,
1610634600,173.44,174.22,172.655,173.28,175.8923332199586,173.54732131180958,175.8923332199586,173.54732131180958,0,0,0,0,0,182.95,177.42000000000002,187.5,172.87,181.97,176.73542811506044,172.8245718849396,,,,,13522670,0.72,0.67,-0.7563548557821906,0.3198035681610519,-0.4665135767424131,-145.05890872328422,-109.2437530940065,-109.2437530940065,-11.78486976842597,-11.78486976842597,260.2595352508324,-194.62966616251288,,,5.750859763087503,5.316927497691261,4.0238990042580935,,
1610721000,172.8437,173.07,170.975,171.13,175.88275243430434,173.45123616232686,175.88275243430434,173.45123616232686,0,0,0,0,0,182.95,177.42000000000002,187.5,172.87,181.97,176.75073939672828,172.80926060327172,,,,,16172494,0.74,0.67,-1.2260933018906488,-0.033610361176006236,-0.5650427287051752,-168.91588049568935,-183.6967167955431,-183.6967167955431,-69.08881877746501,-69.08881877746501,260.2595352508324,-194.62966616251288,,,6.667940389759268,5.369908395419419,4.0291818042291245,,
1611066600,172.71,172.85,171.92,172.58,175.87506002184818,173.395607293216,175.87506002184818,173.395607293216,0,0,0,0,0,182.95,177.42000000000002,187.5,172.87,181.97,176.75978759308117,172.80021240691886,,,,,7485700,0.73,0.68,-1.6117672016405813,-0.023160832655401073,-0.5746607349395602,-155.49633387371162,-213.0788893856301,-213.0788893856301,-117.0855089801867,-117.0855089801867,260.2595352508324,-194.62966616251288,,,6.1520825372564065,5.400581891177732,4.033423364135273,,
1611153000,174.37,175.467,173.82,175.39,175.87114122060572,173.41592465426635,175.87114122060572,173.41592465426635,0,0,0,0,0,182.95,177.42000000000002,187.5,172.87,181.97,176.79293144255746,172.76706855744254,,,,,9456038,0.72,0.67,-1.2256835561458637,0.30822033547263983,-0.3870345318331753,-123.2800577405538,-177.53756633079206,-177.53756633079206,-137.2361947637218,-137.2361947637218,241.72923777019446,-194.6296661625129,,,5.114908018996673,5.389378994229456,4.0355841726364945,,
1611239400,175.11,175.51,174.51,175.28,175.86859508430084,173.46223349135394,175.86859508430084,173.46223349135394,0,0,0,0,0,182.95,177.42000000000002,187.5,172.87,181.97,176.78978151065206,172.77021848934794,,,,,7250164,0.72,0.67,-0.7739281266268349,0.03879974042121661,-0.3947697361817679,-113.88080471945085,-133.818494751296,-133.818494751296,-126.98309472644438,-126.98309472644438,241.72923777019446,-194.6296661625129,,,4.738249904470772,5.3638445201212726,4.036988100172627,,
1611325800,172.89,174.29,172.35,173.9,175.86178150770883,173.42286747208516,175.86178150770883,173.42286747208516,0,0,0,0,0,182.95,177.42000000000002,187.5,172.87,181.97,176.78875070851385,172.77124929148616,,,,,7269592,0.73,0.67,-0.9482177616652135,-0.16053590568682338,-0.5523013041593853,-143.30455330725147,-121.43517847024745,-121.43517847024745,-96.66854590815038,-96.66854590815038,241.72923777019446,-194.6296661625129,,,5.917353567334463,5.385550757266888,4.04074507413299,,
1611585000,174.8199,174.96,173.19,174.05,175.856643083118,173.41765698298377,175.856643083118,173.41765698298377,0,0,0,0,0,182.95,177.42000000000002,187.5,172.87,181.97,176.7784379653625,172.7815620346375,,,,,5936770,0.73,0.67,0.12496336557568964,0.15827237824402607,-0.5210891609707036,-131.8619844119956,-104.80907240292177,-104.80907240292177,-71.55686026827043,-71.55686026827043,241.72923777019446,-194.6296661625129,,,5.458813253998581,5.388423796354405,4.0435783771896645,,
1611671400,173.98,174.26,173.4202,173.62,175.8519702657691,173.42158800325893,175.8519702657691,173.42158800325893,0,0,0,0,0,182.95,177.42000000000002,187.5,172.87,181.97,176.77889211384434,172.78110788615567,,,,,4685568,0.73,0.66,0.1093345988023237,0.14834124672920798,-0.5721160295697352,-128.72617565046244,-89.59509366259441,-89.59509366259441,-59.167136181939696,-59.167136181939696,241.72923777019446,-194.6296661625129,,,5.333151372891535,5.386256250336253,4.046154946611646,,
1611757800,172.93,173.52,171.66,172.52,175.8438250704329,173.35702768940564,175.8438250704329,173.35702768940564,0,0,0,0,0,182.95,177.42000000000002,187.5,172.87,181.97,176.78304849053396,172.77695150946604,,,,,9036528,0.73,0.66,-0.28198178454669554,0.003081388345822033,-0.5836773262323115,-152.7038063283544,-83.55240539997081,-83.55240539997081,-71.46702887472362,-71.46702887472362,241.72923777019446,-194.6296661625129,,,6.294011681860365,5.421854502552885,4.050646168859895,,
1611844200,174.28,174.73,172.04,172.68,175.83644779756492,173.30975209374267,175.83644779756492,173.30975209374267,0,0,0,0,0,182.95,177.42000000000002,187.5,172.87,181.97,176.7820855632536,172.7779144367464,,,,,9392363,0.73,0.66,-0.12245590063602368,0.11805473032643604,-0.5889434431079569,-147.527406113834,-82.7104519727941,-82.7104519727941,-81.02654511844068,-81.02654511844068,241.72923777019446,-194.6296661625129,,,6.08657677820842,5.447922042774671,4.054713962285168,,
1611930600,174.87,175.1633,172.61,172.61,175.8302127370303,173.28645985477237,175.8302127370303,173.28645985477237,0,0,0,0,0,182.95,177.42000000000002,187.5,172.87,181.97,176.75151163313492,172.80848836686508,,,,,11252816,0.73,0.66,-0.11902595211796081,-0.13589605471583435,-0.3949655836030839,-139.76280579205297,-81.26516844365337,-81.26516844365337,-78.3746013853719,-78.3746013853719,241.72923777019446,-194.6296661625129,,,5.77542442273049,5.460765273361174,4.05815194522312,,
1612189800,175.02,175.26,174.06,174.23,175.82685826602724,173.3203751545852,175.82685826602724,173.3203751545852,0,0,0,0,0,181.13750000000002,164.8575,187.25500000000002,158.73999999999998,175.02,176.76080779963456,172.7991922003654,,,,,9079082,0.72,0.66,0.5551839927346386,-0.06778377600770305,-0.2527547852086136,-120.01075234190915,-68.21116448108124,-68.21116448108124,-42.103156555936984,-42.103156555936984,241.72923777019446,-194.6296661625129,,,4.983896500900702,5.442064537186254,4.060001584695003,,
1612276200,172.49,172.53,171.51,172.11,175.81846654122,173.2539604426407,175.81846654122,173.2539604426407,0,0,0,0,0,181.13750000000002,164.8575,187.25500000000002,158.73999999999998,175.02,176.7755780815087,172.7844219184913,,,,,7221689,0.72,0.66,-0.08333291334970376,-0.46280142222860515,-0.15638897342744615,-154.7471222025073,-62.549220974755585,-62.549220974755585,-51.22533396210427,-51.22533396210427,241.72923777019446,-194.6296661625129,,,6.375893880670345,5.478685295754257,4.0646287421295195,,
1612362600,172.36,172.5901,171.5,171.85,175.8100718028759,173.18976199390968,175.8100718028759,173.18976199390968,0,0,0,0,0,181.13750000000002,164.8575,187.25500000000002,158.73999999999998,175.02,176.7632326484649,172.79676735153507,,,,,4658060,0.73,0.66,-0.6177800896617015,-0.4597169138111714,-0.2087757481396786,-154.88334326078405,-69.0847107983426,-69.0847107983426,-64.72771758261793,-64.72771758261793,241.72923777019446,-194.6296661625129,,,6.38135269392434,5.514084017251123,4.069257561214025,,
1612449000,168.29,168.395,167.34,168.15,175.48696388373526,172.67578235277924,175.48696388373526,172.67578235277924,0,0,0,0,0,181.13750000000002,164.8575,187.25500000000002,158.73999999999998,175.02,176.81149291833935,172.74850708166068,,,,,13736624,0.74,0.66,-1.2204175678195612,-0.7612962577422052,-0.38815991378478076,-243.8056875499284,-101.73325383256973,-101.73325383256973,-77.06289633260187,-77.06289633260187,241.72923777019446,-261.15956900975357,,,8.492371630119758,5.630879609912638,4.07809495196109,,
1612535400,168.99,170.18,168.67,169.81,175.47362729255897,172.52426147619965,175.47362729255897,172.52426147619965,0,0,0,0,0,181.13750000000002,164.8575,187.25500000000002,158.73999999999998,175.02,176.8251648166237,172.73483518337628,,,,,6538458,0.73,0.66,-0.7044187197153544,-0.4637904969946696,-0.3892858162666473,-179.2104930956237,-115.29501898965158,-115.29501898965158,-89.8069372182851,-89.8069372182851,241.72923777019446,-261.15956900975357,,,7.765079017881564,5.714573704342792,4.0854615534914,,
1612794600,171.9799,172.4,171.49,171.52,175.46589536989651,172.48816494772123,175.46589536989651,172.48816494772123,0,0,0,0,0,181.13750000000002,164.8575,187.25500000000002,158.73999999999998,175.02,176.77239624097868,172.78760375902132,,,,,6887535,0.73,0.66,-0.43318338136946505,-0.40454474456251033,-0.37183181355504136,-127.8043277622152,-98.52174475482364,-98.52174475482364,-92.71187306379795,-92.71187306379795,241.72923777019446,-261.15956900975357,,,6.222999945316342,5.734511988302539,4.089732359469072,,
1612881000,172.57,173.03,171.75,172.08,175.45869318134527,172.4635780870263,175.45869318134527,172.4635780870263,0,0,0,0,0,181.13750000000002,164.8575,187.25500000000002,158.73999999999998,175.02,176.61206890489393,172.62793109510608,,,,,5131799,0.76,0.66,-0.26429288343555335,-0.41653958867266616,-0.28262213859374835,-59.5814951697597,-84.81986303622185,-84.81986303622185,-69.03584298106962,-69.03584298106962,241.72923777019446,-261.15956900975357,,,6.080822442172037,5.748092790415068,4.093710561432514,,
1612967400,173.15,173.22,172.01,172.71,175.45201966849544,172.4500495345939,175.45201966849544,172.4500495345939,0,0,0,0,0,181.13750000000002,164.8575,187.25500000000002,158.73999999999998,175.02,176.35524356209476,172.88475643790528,,,,,6112812,0.75,0.66,0.03282478205325403,-0.29380003846884606,-0.333018771880417,-55.32567408620557,-69.15298910892744,-69.15298910892744,-37.81924125433864,-37.81924125433864,241.72923777019446,-261.15956900975357,,,5.938644939027732,5.755565423693996,4.097396744005132,,
1613053800,172.7,172.871,170.71,171.21,175.4427880607662,172.38658092539413,175.4427880607662,172.38658092539413,0,0,0,0,0,181.13750000000002,164.8575,187.25500000000002,158.73999999999998,175.02,176.36326507212732,172.8767349278727,,,,,5994522,0.75,0.67,-0.25302541770847753,-0.5001679776389292,-0.40675794561705186,-84.4972153685419,-54.254295703786006,-54.254295703786006,-24.456908893503126,-24.456908893503126,241.72923777019446,-261.15956900975357,,,6.649532454749274,5.790622954323615,4.102495916254371,,
1613140200,170.29,171.65,169.88,170.69,175.43193313956584,172.29337775184925,175.43193313956584,172.29337775184925,0,0,0,0,0,181.13750000000002,164.8575,187.25500000000002,158.73999999999998,175.02,176.36208192271377,172.87791807728624,,,,,6018930,0.75,0.66,-0.336248839241802,-0.6884865816672409,-0.48974961319405236,-99.48283262407422,-48.88675943750322,-48.88675943750322,-38.15168690493766,-38.15168690493766,241.72923777019446,-261.15956900975357,,,7.103406791709962,5.842104673436805,4.108491742179358,,
1613485800,168.14,170.065,167.73,168.24,175.416847159267,172.1203590164826,175.416847159267,172.1203590164826,0,0,0,0,0,181.13750000000002,164.8575,187.25500000000002,158.73999999999998,175.02,176.38279366979464,172.8572063302054,,,,,14761087,0.76,0.67,-1.0311494402737384,-0.9825171641915285,-0.5108765071662582,-138.300997804067,-68.94730902929179,-68.94730902929179,-55.57360930143275,-55.57360930143275,241.72923777019446,-261.15956900975357,,,8.279105375403299,5.937673328415883,4.116824636551434,,
1613572200,166.92,167.34,165.85,166.33,175.39807263946827,171.88113709426761,175.39807263946827,171.88113709426761,0,0,0,0,0,181.13750000000002,164.8575,187.25500000000002,158.73999999999998,175.02,176.29913737905062,172.76086262094938,,,,,11425421,0.76,0.67,-1.022444869105954,-1.5424794592677347,-0.6236085469893008,-172.24432363587457,-101.69879057416348,-101.69879057416348,-70.94866972567633,-70.94866972567633,241.72923777019446,-261.15956900975357,,,9.307158090446771,6.069809985750428,4.127194933162613,,
1613658600,166.98,167.3,165.73,166.32,175.37909826856026,171.64663760037476,175.37909826856026,171.64663760037476,0,0,0,0,0,181.13750000000002,164.8575,187.25500000000002,158.73999999999998,175.02,176.23852823728978,172.7014717627102,,,,,7498157,0.76,0.67,-0.9804882010273247,-1.5920682551124778,-0.6584472073610041,-174.4109189017347,-123.97073706198623,-123.97073706198623,-88.62269217111296,-88.62269217111296,241.72923777019446,-261.15956900975357,,,9.372778476513378,6.199338161858779,4.1376756195629145,,
1613745000,166.76,167.94,166.6,167.01,175.3618826876041,171.4551106356542,175.3618826876041,171.4551106356542,0,0,0,0,0,181.13750000000002,164.8575,187.25500000000002,158.73999999999998,175.02,176.24102770731798,172.69897229268201,,,,,8273502,0.77,0.67,-0.2064269191781973,-1.259561791484756,-0.788607146092861,-158.70310322424916,-129.9111756025677,-129.9111756025677,-102.38551998159788,-102.38551998159788,241.72923777019446,-261.15956900975357,,,8.897030677530491,6.305130025218454,4.147184820477935,,
1614004200,168.54,169.89,168.3,169.51,175.3480641407757,171.3370945322952,175.3480641407757,171.3370945322952,0,0,0,0,0,181.13750000000002,164.8575,187.25500000000002,158.73999999999998,175.02,176.27041710074604,172.66958289925395,,,,,10083290,0.75,0.66,-0.0534788165351896,-0.9708279369604743,-0.6175089726162604,-126.10271293933432,-101.49237781289636,-101.49237781289636,-99.70609347549333,-99.70609347549333,241.72923777019446,-261.15956900975357,,,7.9674085415869165,6.370317418017217,4.154817635105525,,
1614090600,169.48,169.74,168.28,169.12,175.33423364299193,171.22293004083264,175.33423364299193,171.22293004083264,0,0,0,0,0,181.13750000000002,164.8575,187.25500000000002,158.73999999999998,175.02,176.27059106319777,172.66940893680226,,,,,8616789,0.74,0.68,-0.42502230322006485,-0.4269414080997943,-0.48995493758551734,-108.14224994218421,-89.88715684936061,-89.88715684936061,-66.67671492228908,-66.67671492228908,241.72923777019446,-261.15956900975357,,,7.978345272598022,6.433377333883131,4.162457050964651,,
1614177000,167.65,169.14,167.15,169,175.3181956137352,171.06937200001568,175.3181956137352,171.06937200001568,0,0,0,0,0,181.13750000000002,164.8575,187.25500000000002,158.73999999999998,175.02,176.26884581403496,172.67115418596504,,,,,8890612,0.73,0.68,-0.5444464314990354,-0.4060580244319044,-0.5272481340702606,-128.6801898471704,-74.8298462266686,-74.8298462266686,-44.715224981284564,-44.715224981284564,241.72923777019446,-261.15956900975357,,,8.596270574725214,6.518196676661252,4.171315819243893,,
1614263400,166.92,167.66,165.45,165.82,175.29882699113034,170.8558358431523,175.29882699113034,170.8558358431523,0,0,0,0,0,181.13750000000002,164.8575,187.25500000000002,158.73999999999998,175.02,176.12287552969488,172.5371244703051,,,,,16359418,0.75,0.68,-1.2000320286251482,-0.8278657321985333,-0.734145686027258,-159.5779755449377,-69.74454110840354,-69.74454110840354,-59.57393087187342,-59.57393087187342,241.72923777019446,-261.15956900975357,,,9.52589271066879,6.636145540739979,4.182014274571415,,
1614349800,165,165.1,160.95,161.81,175.27059596817105,170.47596777087182,175.27059596817105,170.47596777087182,0,0,0,0,0,181.13750000000002,164.8575,187.25500000000002,158.73999999999998,175.02,173.89542377706772,170.26457622293225,,,,,23730391,0.76,0.69,-1.612172910270926,-1.1304104158170198,-0.9052341945449807,-241.3662318037326,-90.1974745955507,-90.1974745955507,-76.56218560411926,-76.56218560411926,241.72923777019446,-261.15956900975357,,,11.986657188166465,6.845969526913566,4.19760796670647,,
1614609000,163.03,163.35,161.16,161.53,175.2428367354674,170.11914942691607,175.2428367354674,170.11914942691607,0,0,0,0,0,170.185,153.795,177.34,146.64,163.03,173.8955368065609,170.26446319343907,,,,,13828347,0.75,0.69,-1.5780711911318288,-1.1512456341205943,-0.9264137799205953,-237.54944651165533,-114.02589737541393,-114.02589737541393,-89.05008952788415,-89.05008952788415,241.72923777019446,-261.15956900975357,,,11.871821512549904,7.043061761644403,4.212941060704159,,
1614695400,161.93,162.925,161.22,162.41,175.21525164708484,169.77865337095858,175.21525164708484,169.77865337095858,0,0,0,0,0,170.185,153.795,177.34,146.64,163.03,173.88847554510022,170.27152445489975,,,,,11424608,0.73,0.69,-1.0224413778333559,-0.8680181955975292,-0.9239762111295474,-236.4589364282047,-125.23017653454508,-125.23017653454508,-101.11011853010446,-101.11011853010446,241.72923777019446,-261.15956900975357,,,11.8390113195166,7.231138214894293,4.22817796431817,,
1614781800,160.61,161.69,159.485,160.62,175.18428980563215,169.3841512779798,175.18428980563215,169.3841512779798,0,0,0,0,0,170.185,153.795,177.34,146.64,163.03,173.1577152288418,169.53728477115826,,,,,13059936,0.73,0.69,-1.0083916085128541,-1.1752866143462912,-1.083228768266759,-267.9928530079843,-141.8596608599069,-141.8596608599069,-114.69329930670527,-114.69329930670527,241.72923777019446,-261.15956900975357,,,12.787772734729582,7.449045450966265,4.245280051771539,,
1614868200,160.6,161.455,158.43,159.04,175.15130301281368,168.96416103178453,175.15130301281368,168.96416103178453,0,0,0,0,0,170.185,153.795,177.34,146.64,163.03,172.5741888050632,169.06581119493677,,,,,13870077,0.74,0.7,-1.2825510668587858,-1.5770303986758156,-1.080866175310631,-261.8255925992953,-176.78532441378997,-176.78532441378997,-135.39064100906683,-135.39064100906683,241.72923777019446,-261.15956900975357,,,13.364685295565154,7.681031327225045,4.2635006416692285,,
1614954600,159.66,159.82,158.55,159.14,175.11861949031058,168.5652998148518,175.11861949031058,168.5652998148518,0,1,0,0,0,170.185,153.795,177.34,146.64,163.03,172.56475637251475,169.07524362748524,,,,,12068139,0.72,0.69,-1.403211146960329,-1.5830743351781043,-1.083491269593891,-259.6253775354356,-202.7077561525443,-202.7077561525443,-157.82967939022598,-157.82967939022598,241.72923777019446,-261.15956900975357,,,13.299064909498547,7.901346369667143,4.281553717129427,,
1615213800,158.58,158.74,157.1297,157.49,175.08319188493533,168.12693915544585,175.08319188493533,168.12693915544585,0,1,0,0,0,170.185,153.795,177.34,146.64,163.03,171.90777866557582,168.43192133442417,,,,,12134854,0.72,0.69,-2.1040754554025076,-1.616592420070928,-1.166620017568899,-268.9244956042503,-222.2421497509791,-222.2421497509791,-179.30050284381036,-179.30050284381036,241.72923777019446,-261.15956900975357,,,14.075736862251867,8.143479330160662,4.301122514622179,,
1615300200,160.75,161.2521,160.415,160.84,175.0543334595908,167.8333160513107,175.0543334595908,167.8333160513107,0,0,0,0,0,170.185,153.795,177.34,146.64,163.03,171.97221483627965,168.36748516372035,,,,,10382555,0.72,0.69,-1.434648999326491,-1.284039712062639,-0.9919307742870479,-212.2184215614759,-192.44304161569517,-192.44304161569517,-183.6813491011053,-183.6813491011053,241.72923777019446,-261.15956900975357,,,12.27921474271341,8.305665032613712,4.317062758834149,,
1615386600,161.06,161.78,160.66,161.66,175.0260173088224,167.56071934341617,175.0260173088224,167.56071934341617,0,0,0,0,0,170.185,153.795,177.34,146.64,163.03,171.94444960610932,168.39525039389068,,,,,7962003,0.74,0.7,-1.2715824355487877,-1.1644101043771669,-0.8017687154856948,-207.98958762226786,-170.16646188762286,-170.16646188762286,-143.13668746065798,-143.13668746065798,241.72923777019446,-261.15956900975357,,,12.145239787827421,8.456236591641701,4.332703472178792,,
1615473000,161.47,161.98,161.12,161.52,174.99866762388967,167.3166715260273,174.99866762388967,167.3166715260273,0,0,0,0,0,170.185,153.795,177.34,146.64,163.03,171.9415292637436,168.39817073625636,,,,,6749209,0.72,0.7,-0.7599039202258997,-1.078747366568208,-0.7729755599868317,-200.04973614457117,-145.34567899027223,-145.34567899027223,-95.70411319557098,-95.70411319557098,241.72923777019446,-261.15956900975357,,,11.8936949745721,8.591038881168384,4.3478103483074495,,
1615559400,159.54,161.69,159.35,161.49,174.967871484781,167.01347656422232,174.967871484781,167.01347656422232,0,0,0,0,0,170.185,153.795,177.34,146.64,163.03,171.90788239032184,168.43181760967812,,,,,8608514,0.72,0.7,-0.05796677836268126,-1.0966346471020185,-0.8156804579608535,-230.60090378701236,-117.8415386223226,-117.8415386223226,-62.83325788642333,-62.83325788642333,241.72923777019446,-261.15956900975357,,,12.861595669054523,8.758511696379605,4.364820908388862,,
1615815000,162.305,162.55,161.43,162.2,174.94125116213408,166.80292454209595,174.94125116213408,166.80292454209595,0,0,0,0,0,170.185,153.795,177.34,146.64,163.03,171.91159975964487,168.4281002403551,,,,,8110140,0.75,0.7,0.12144187036371641,-1.0194618708798475,-0.86178991662695,-170.2871035876716,-79.28952197334065,-79.28952197334065,-2.185488675376753,-2.185488675376753,241.72923777019446,-261.15956900975357,,,11.724175643900036,8.874812243341191,4.379524913854419,,
1615901400,162.36,163.2,161.81,162.35,174.91543567529666,166.6153824031902,174.91543567529666,166.6153824031902,0,0,0,0,0,170.185,153.795,177.34,146.64,163.03,171.91102258931585,168.42867741068412,,,,,7547417,0.76,0.7,-0.010830162070523565,-1.1540625506942266,-0.9049796968367367,-155.0875440166274,-33.63189645647544,-33.63189645647544,57.683354577254995,57.683354577254995,241.72923777019446,-261.15956900975357,,,11.516377754689126,8.978403047707777,4.393784360089853,,
1615987800,162.268,164.15,161.48,163.51,174.88901902060076,166.4223830932612,174.88901902060076,166.4223830932612,0,0,0,0,0,170.185,153.795,177.34,146.64,163.03,171.91655315244697,168.42314684755303,,,,,12626689,0.76,0.7,0.5276111785437122,-0.8459554379776889,-0.8368615465382995,-133.21023624633222,13.37342616971344,13.37342616971344,107.38407142209121,107.38407142209121,213.21053977999577,-261.15956900975357,,,11.696833816372294,9.0850081758907,4.408375867495013,,
1616074200,161.15,162.82,161.11,162.56,174.86192327830184,166.2225876778392,174.86192327830184,166.2225876778392,0,0,0,0,0,170.185,153.795,177.34,146.64,163.03,171.8906678068869,168.44903219311308,,,,,8731762,0.76,0.69,0.6505509456173024,-0.9173827428090585,-1.0910128253770763,-104.99991974687995,48.682700861994896,48.682700861994896,119.30125024655781,119.30125024655781,96.28190559974576,-261.15956900975357,,,11.899163340077646,9.195367201937247,4.423342475831841,,
1616160600,162.56,163.43,162.4299,163.24,174.83749246455898,166.08187055321804,174.83749246455898,166.08187055321804,0,0,0,0,0,170.185,153.795,177.34,146.64,163.03,171.88856267382627,168.45113732617372,,,,,6868892,0.75,0.68,0.7564355486131789,-0.49498429575309794,-1.0658284532278213,-90.9308376497136,79.51083703710945,79.51083703710945,141.16710938733857,141.16710938733857,106.0948769911293,-261.15956900975357,,,11.177393777000056,9.273093734292651,4.436837083826183,,
1616419800,162.27,163.13,162.16,163,174.81257659549894,165.93619327662125,174.81257659549894,165.93619327662125,0,0,0,0,0,170.185,153.795,177.34,146.64,163.03,171.87031153715375,168.4693884628462,,,,,5239970,0.75,0.67,1.0272141570046347,-0.6798069541177924,-0.6752607735890965,-94.3972057916407,102.56412458669101,102.56412458669101,148.67069968585412,148.67069968585412,106.0948769911293,-261.15956900975357,,,11.324984961994863,9.35356005694764,4.450599617049297,,
1616506200,162.45,162.49,161.592,161.81,174.78658699191152,165.77417706969493,174.78658699191152,165.77417706969493,0,0,0,0,0,170.185,153.795,177.34,146.64,163.03,171.8751486911322,168.46455130886778,,,,,6048301,0.73,0.68,0.17685125376586322,-0.958460694802898,-0.7707013389100655,-101.6921191099605,106.53646920687694,106.53646920687694,114.48115844724883,114.48115844724883,106.0948769911293,-261.15956900975357,,,11.635588122710116,9.443051353644208,4.464955238439229,,
1616592600,162.21,162.89,161.94,162.37,174.76133766725235,165.63202502774612,174.76133766725235,165.63202502774612,0,0,0,0,0,170.185,153.795,177.34,146.64,163.03,171.8777559714467,168.4619440285533,,,,,6183666,0.73,0.67,0.129999481345237,-0.9643041827002731,-0.7068477048266693,-92.42651930108052,87.01147536198884,87.01147536198884,100.02813792524758,100.02813792524758,106.0948769911293,-261.15956900975357,,,11.445289003116972,9.521570477152943,4.478901959247776,,
1616679000,163.0599,163.5799,161.32,161.78,174.73491241716795,165.47137698744234,174.73491241716795,165.47137698744234,0,0,0,0,0,170.185,153.795,177.34,146.64,163.03,171.87248612388268,168.46721387611728,,,,,8398596,0.73,0.68,0.04765339771069269,-1.0816552931460721,-0.7952210219609731,-98.93310495248659,55.88944893475356,55.88944893475356,85.31524159508291,85.31524159508291,106.0948769911293,-261.15956900975357,,,11.784327664461099,9.610306053125813,4.493498214403047,,
1616765400,161.71,162.73,161.6499,162.24,174.70919251423652,165.3298367526407,174.70919251423652,165.3298367526407,0,0,0,0,0,170.185,153.795,177.34,146.64,163.03,171.86637937151298,168.473320628487,,,,,6153894,0.77,0.68,0.13757968494093228,-0.8960688291762643,-0.8316116764531367,-54.74906197125096,31.976465818338184,31.976465818338184,67.53564966950134,67.53564966950134,106.0948769911293,-261.15956900975357,,,11.603926286432987,9.688487238745703,4.5077048638976125,,
1617024600,161.46,161.52,159.83,160.31,174.67992419752477,165.12319217410575,174.67992419752477,165.12319217410575,0,0,0,0,0,170.185,153.795,177.34,146.64,163.03,171.87760802520967,168.46209197479033,,,,,8409316,0.74,0.68,-0.34503944105282747,-1.0396482696022384,-0.9382908108393405,-48.99712797258996,-20.62258870933283,-20.62258870933283,38.14957020988995,38.14957020988995,106.0948769911293,-261.15956900975357,,,12.599114124788096,9.802629469570894,4.5238715157675236,,
1617111000,157.94,158.2,157.55,157.57,174.6462044688584,164.83613365747416,174.6462044688584,164.83613365747416,0,0,0,0,0,170.185,153.795,177.34,146.64,163.03,171.90958874015536,168.43011125984464,,,,,8353246,0.69,0.68,-0.8639184835364391,-1.0744140887166573,-1.049015273995176,-89.54860235244153,-74.80823262968235,-74.80823262968235,0.49696926336584824,0.49696926336584824,106.0948769911293,-308.3404888660081,,,13.845901460053586,9.961189155472177,4.542496950221642,,
1617197400,158.06,160.68,158.05,159.96,174.61354112326626,164.57974410227908,174.61354112326626,164.57974410227908,0,0,0,0,0,170.185,153.795,177.34,146.64,163.03,171.94241459458942,168.3972854054106,,,,,10623771,0.7,0.68,-0.6299055875909425,-0.641504406247437,-0.8558334432052974,-82.03613571213602,-96.75021504338805,-96.75021504338805,-31.918758838885445,-31.918758838885445,106.0948769911293,-308.3404888660081,,,13.572483184776067,10.102808529170368,4.560538880760212,,
1617283800,161.56,162.11,161.28,161.98,171.75703238094835,161.88951866846378,171.75703238094835,161.88951866846378,0,0,0,0,0,165.07015,153.61955,168.5803,150.10940000000002,161.56,171.95715779498633,168.38254220501366,,,,,7105228,0.71,0.68,-0.10526549744738041,-0.44448424319215124,-0.7399987109103,-33.50560121576248,-80.07930710812188,-80.07930710812188,-47.972274928630924,-47.972274928630924,106.0948769911293,-308.3404888660081,,,10.350194552529185,10.112509941851105,4.57210662436015,,
1617629400,161.52,162.4047,161.36,161.92,171.33643312396813,161.5127285834372,171.33643312396813,161.5127285834372,0,0,0,0,0,165.07015,153.61955,168.5803,150.10940000000002,161.56,171.95382936469295,168.38587063530704,,,,,6163799,0.7,0.67,-0.23863477447545653,-0.5192793641125245,-0.7709958280807163,-32.30360655331341,-52.260048364915164,-52.260048364915164,-49.40153274072567,-49.40153274072567,106.0948769911293,-308.3404888660081,,,10.095832404724748,10.111855920787326,4.5831430395057335,,
1617715800,162.79,163.53,162.75,163.22,167.42290705255942,158.02998077126986,167.42290705255942,158.02998077126986,0,0,0,0,0,165.07015,153.61955,168.5803,150.10940000000002,161.56,171.89263950844887,168.44706049155113,,,,,6761166,0.7,0.67,0.04337538002430515,-0.6884983607602936,-0.5604062253355141,-11.418949293264259,-38.981539715387235,-38.981539715387235,-18.141553664710365,-18.141553664710365,106.0948769911293,-308.3404888660081,,,7.206796282570265,9.997932013406265,4.588385103927441,,
1617802200,162.82,163.31,162.5,162.76,167.41332861688997,158.21033054494555,167.41332861688997,158.21033054494555,0,0,0,0,0,165.07015,153.61955,168.5803,150.10940000000002,161.56,171.0665150725134,167.6431849274866,,,,,5436014,0.68,0.68,0.18879153143580543,-0.6981773898898082,-0.43168153348606264,-15.17518261341702,-22.118253301864225,-22.118253301864225,11.608319525181798,11.608319525181798,106.0948769911293,-308.3404888660081,,,7.349335766007177,9.894065493900419,4.593901488866661,,
1617888600,164.1679,164.77,164.14,164.51,167.4070132749981,158.4472783667124,167.4070132749981,158.4472783667124,0,0,0,0,0,165.07015,153.61955,168.5803,150.10940000000002,161.56,170.21946757271718,166.83023242728285,,,,,6574524,0.69,0.69,0.4212888417298306,-0.4903102619431388,-0.31428626341011734,-6.058817854617347,5.038691492147471,5.038691492147471,59.352581080170864,59.352581080170864,146.1014593467624,-308.3404888660081,,,6.414276754661041,9.757603190400836,4.597538602284831,,
1617975000,162.75,163.66,162.48,163.27,167.3974270346884,158.61048705821386,167.3974270346884,158.61048705821386,0,0,0,0,0,165.07015,153.61955,168.5803,150.10940000000002,161.56,168.74449193518757,165.37510806481242,,,,,6657898,0.67,0.68,0.29435312967485255,-0.28375914225946547,-0.286984424203635,-33.241622283440734,29.508063736287237,29.508063736287237,78.44680822456677,78.44680822456677,146.1014593467624,-308.3404888660081,,,7.360738924682135,9.663608513313829,4.6030594820498605,,
1618234200,162.73,162.8,161.81,162.28,167.38653467298073,158.74128364416626,167.38653467298073,158.74128364416626,0,0,0,0,0,165.07015,153.61955,168.5803,150.10940000000002,161.56,167.84611272529833,164.7935872747017,,,,,4896669,0.68,0.68,0.007891557171902121,0.053677530355937295,-0.281025988187876,-44.21299515531504,40.87995429084896,40.87995429084896,63.6237353999724,63.6237353999724,146.1014593467624,-308.3404888660081,,,7.742744740293054,9.588280522214975,4.609332579468928,,
1618320600,163.18,163.85,163.03,163.43,167.3780772610467,158.91431565812053,167.3780772610467,158.91431565812053,0,0,0,0,0,165.07015,153.61955,168.5803,150.10940000000002,161.56,167.85523490596475,164.78446509403523,,,,,6995903,0.68,0.67,0.6209976861546195,0.21668845977068688,-0.42186160524933797,-24.235271418468923,48.44332086280022,48.44332086280022,63.57005400670274,63.57005400670274,146.1014593467624,-308.3404888660081,,,7.047152061120923,9.488628425701481,4.614203347664037,,
1618407000,162.77,163.05,162.3,162.72,167.36819279099467,159.05222092642953,167.36819279099467,159.05222092642953,0,0,0,0,0,165.07015,153.61955,168.5803,150.10940000000002,161.56,167.8489212584015,164.79077874159847,,,,,6312296,0.68,0.67,1.0426361763570198,0.0351550237496293,-0.5420339061699904,-36.18915529379473,49.189223773038584,49.189223773038584,50.681029593515305,50.681029593515305,146.1014593467624,-308.3404888660081,,,7.4633673527567,9.409206422840901,4.619895983038847,,
1618493400,164.07,165.79,164.03,165.35,167.36175004815553,159.25188285088328,167.36175004815553,159.25188285088328,0,0,0,0,0,165.07015,153.61955,168.5803,150.10940000000002,161.56,167.88799401402736,164.75170598597265,,,,,8250646,0.69,0.68,1.0611284559285536,0.5354161700133175,-0.45314719271943404,-22.582463461496417,57.23640110356484,57.23640110356484,73.33075576461735,73.33075576461735,168.8607059818192,-308.3404888660082,,,6.476994127373274,9.294217705371583,4.623606468841714,,
1618579800,166.24,166.811,165.94,166.35,167.25434082961488,159.42186291067173,167.25434082961488,159.42186291067173,0,0,0,0,0,165.07015,153.61955,168.5803,150.10940000000002,161.56,167.89431661552732,164.74538338447272,,,,,10057602,0.69,0.68,0.8478686372730945,0.8339862898117061,-0.36293254914003936,-7.0650360604240525,72.00343266093019,72.00343266093019,101.53749577566089,101.53749577566089,175.2227407721624,-308.3404888660081,,,5.328617069831129,9.138703954958231,4.625015081431103,,
1618839000,165.91,166.44,165.72,165.89,166.25152411940556,158.75463386619396,166.25152411940556,158.75463386619396,0,0,0,0,0,165.07015,153.61955,168.5803,150.10940000000002,161.56,167.8750787158098,164.7646212841902,,,,,5721727,0.69,0.67,0.7708212770113662,0.7698878646848897,-0.5392870099435525,-10.856031019675994,87.23854389781427,87.23854389781427,117.70876637158241,117.70876637158241,175.2227407721624,-308.3404888660081,,,4.8843482752683185,8.971866477323333,4.6255332296705385,,
1618925400,165.65,166.81,165.62,166.48,166.25043436092523,159.02724038124518,166.25043436092523,159.02724038124518,0,0,0,0,0,165.07015,153.61955,168.5803,150.10940000000002,161.56,167.86604776428607,164.77365223571394,,,,,6531979,0.73,0.68,0.6392819635578643,1.0548587421000548,-0.548348155645906,-14.80777188265955,100.16698240296591,100.16698240296591,126.02385941326922,126.02385941326922,175.2227407721624,-308.3404888660081,,,4.941743672157485,8.813822445748201,4.626165018766416,,
1619011800,167.18,168.39,167.15,168.13,166.2523731534109,159.34855644472574,166.2523731534109,159.34855644472574,0,0,0,0,0,165.07015,153.61955,168.5803,150.10940000000002,161.56,167.84151530764112,164.7981846923589,,,,,8380178,0.73,0.68,1.0630430972146487,0.843134972401133,-0.272079205094182,-16.708374235362413,118.76146347709442,118.76146347709442,155.95042562535147,155.95042562535147,175.2227407721624,-308.3404888660081,,,4.063594099753191,8.627538981199377,4.62504100094621,,
1619098200,167.11,167.53,166.4901,167.04,166.253002775482,159.63165223120708,166.253002775482,159.63165223120708,0,0,0,0,0,165.07015,153.61955,168.5803,150.10940000000002,161.56,167.72019019494962,164.66950980505038,,,,,7680140,0.73,0.68,0.4944592217280315,0.6177622072161568,-0.3193308618094808,-27.959247865888592,135.01161766378237,135.01161766378237,167.51192603715825,167.51192603715825,175.2227407721624,-308.3404888660081,,,4.442346323824816,8.463413778949395,4.624675976616297,,
1619184600,167.37,167.53,165.78,166.4,166.25222654616036,159.87607763390486,166.25222654616036,159.87607763390486,0,0,0,0,0,165.07015,153.61955,168.5803,150.10940000000002,161.56,167.71417266138386,164.67552733861615,,,,,7107484,0.72,0.68,0.6191727538644559,0.5633869477623528,-0.380107123147766,-40.0659994419408,141.27853926223713,141.27853926223713,153.81238245914665,153.81238245914665,175.2227407721624,-308.3404888660081,,,4.849911037134816,8.321707789074313,4.625125996717233,,
1619443800,166.63,166.865,166.05,166.84,166.25198593368052,160.12140007963407,166.25198593368052,160.12140007963407,0,0,0,0,0,165.07015,153.61955,168.5803,150.10940000000002,161.56,167.71542294850616,164.67427705149385,,,,,4786613,0.73,0.68,0.9093501841171581,0.6189831625032332,-0.2955578596867502,-35.46267184648359,133.60477972166964,133.60477972166964,138.7206194153813,138.7206194153813,175.2227407721624,-308.3404888660081,,,4.6949434655340525,8.179481737170773,4.625265492159424,,
1619530200,166.92,167.15,166.28,166.42,166.25220074699985,160.3660314490602,166.25220074699985,160.3660314490602,0,0,0,0,0,165.07015,153.61955,168.5803,150.10940000000002,161.56,167.71544765274152,164.6742523472585,,,,,5363499,0.73,0.68,0.6061980734832543,0.4977097149337332,-0.4774987778453659,-31.54131870961295,109.63923010499597,109.63923010499597,129.02682297858618,129.02682297858618,175.2227407721624,-308.3404888660081,,,4.562934052688968,8.03765633777933,4.625140953818824,,
1619616600,165.75,166.96,165.49,166.91,164.8033191490558,159.22561809764557,164.8033191490558,159.22561809764557,0,0,0,0,0,165.07015,153.61955,168.5803,150.10940000000002,161.56,167.71247134413957,164.67722865586043,,,,,6932217,0.73,0.68,0.8555339664006578,0.5387857384670837,-0.5059410110614828,-45.01031426669082,86.53524378434872,86.53524378434872,114.8629632471737,114.8629632471737,175.2227407721624,-308.3404888660081,,,4.18041804180418,7.886392090878344,4.624252396552062,,
1619703000,165.58,166.26,164.47,166.22,164.80281781209464,159.43451150558104,164.80281781209464,159.43451150558104,0,0,0,0,0,165.07015,153.61955,168.5803,150.10940000000002,161.56,167.71399778457229,164.67570221542772,,,,,9067627,0.74,0.68,0.1753163188030284,0.318839144083494,-0.6610996451790189,-62.400662960639806,30.281443387618083,30.281443387618083,86.66912329398849,86.66912329398849,175.2227407721624,-308.3404888660081,,,4.771003416131093,7.764219985986295,4.624545605382389,,
1619789400,165.86,166,165.24,165.66,164.80384055372883,159.66510713281315,164.80384055372883,159.66510713281315,0,0,0,0,0,165.07015,153.61955,168.5803,150.10940000000002,161.56,167.71507825316607,164.6746217468339,,,,,6248711,0.74,0.68,-0.13818556706433635,0.36679531121996406,-0.6784796974812142,-49.272654632854746,-20.977791058286186,-20.977791058286186,50.78681850989693,50.78681850989693,175.2227407721624,-308.3404888660081,,,4.325169359041166,7.629355255517859,4.623947451044045,,
1620048600,167.61,168.43,167.41,167.81,164.80915355961548,159.970906853095,164.80915355961548,159.970906853095,0,0,0,0,0,171.945,164.055,175.49999999999997,160.50000000000003,167.61,166.6976603428849,163.6520396571151,,,,,9014708,0.75,0.68,0.38677307772465847,0.5401373400691495,-0.5111060689268182,-12.275540254552086,-8.040270573975553,-8.040270573975553,31.17778881527277,31.17778881527277,175.2227407721624,-308.3404888660081,,,3.068727925424128,7.450507124925948,4.620840119324525,,
1620135000,167.69,168.55,165.5,166.58,164.81067792812775,160.19056148630696,164.81067792812775,160.19056148630696,0,0,0,0,0,171.945,164.055,175.49999999999997,160.50000000000003,167.61,166.68476415986132,163.66493584013867,,,,,10267411,0.74,0.68,0.02003679900057221,0.42298523089679524,-0.5040517128800865,-44.839820652044416,0.8787268502726331,0.8787268502726331,21.07810149360606,21.07810149360606,175.2227407721624,-308.3404888660081,,,4.174627989114706,7.322041276462762,4.619948586596832,,
1620221400,166.63,167.31,166.61,167.27,164.81439485534426,160.44469632998118,164.81439485534426,160.44469632998118,0,0,0,0,0,171.945,164.055,175.49999999999997,160.50000000000003,167.61,166.68765075363382,163.66204924636617,,,,,5949985,0.74,0.68,-0.17314168115700063,0.6594396392764454,-0.5382982917216245,-25.91502942627636,11.75700874487199,11.75700874487199,17.97107057736137,17.97107057736137,175.2227407721624,-308.3404888660081,,,3.5319321405824757,7.173409545643927,4.617774727563837,,
1620307800,167.95,170.29,167.92,170.06,164.820695564924,160.7397239248839,164.820695564924,160.7397239248839,0,0,0,0,0,171.945,164.055,175.49999999999997,160.50000000000003,167.61,166.66012761327391,163.68957238672604,,,,,13574072,0.73,0.69,0.6023596513857166,0.9110229830917905,-0.3961168696691633,-43.69784883462202,27.407862560478378,27.407862560478378,46.281446526712394,46.281446526712394,277.4582029804374,-308.34048886600806,,,2.7734352382606797,7.000861533589682,4.614089733579215,,
1620394200,171.53,172.5501,171,171.59,163.7663501851129,160.14082204707546,163.7663501851129,160.14082204707546,0,0,0,0,0,171.945,164.055,175.49999999999997,160.50000000000003,167.61,166.65779527495448,163.6919047250455,,,,,14748628,0.76,0.7,1.0346874022521542,1.1613915835916875,-0.25928333736220555,-11.940114645052429,47.77505540399157,47.77505540399157,88.50944109101798,88.50944109101798,277.4582029804374,-308.34048886600806,,,0.34384288128679025,6.739801978597412,4.605557771836373,,
1620653400,172.74,172.84,171.78,172.11,164.27766706586394,161.06366179956848,164.27766706586394,161.06366179956848,0,0,0,0,0,171.945,164.055,175.49999999999997,160.50000000000003,167.61,166.64463956866857,163.70506043133145,,,,,8276584,0.76,0.7,1.0491226503944329,1.1665797059784453,-0.26618585118657406,-6.658191693937577,71.25721487558657,71.25721487558657,118.22153381877658,118.22153381877658,277.4582029804374,-308.34048886600806,,,0.19173784207774822,6.483015149714288,4.596738950797894,,
1620739800,170.5582,172.17,170.27,172.14,164.31825467788326,161.45240158547804,164.31825467788326,161.45240158547804,0,0,0,0,0,171.945,164.055,175.49999999999997,160.50000000000003,167.61,166.64310525099208,163.7065947490079,,,,,8348213,0.74,0.69,1.1540894471249339,1.430581030272613,-0.35019913403832575,-37.7231775135358,91.00533640917119,91.00533640917119,130.50157947634045,130.50157947634045,277.4582029804374,-308.34048886600806,,,1.0863250842337495,6.2713802451856395,4.589725136878685,,
1620826200,171.4321,171.835,170.345,170.43,164.33033199121414,161.80183485663576,164.33033199121414,161.80183485663576,0,0,0,0,0,171.945,164.055,175.49999999999997,160.50000000000003,167.61,166.47930595279664,163.5213940472034,,,,,12666262,0.76,0.7,0.705583206481847,1.5765027604042494,-0.49584095827721686,-36.21021584855463,101.81046050244721,101.81046050244721,123.42070868899927,123.42070868899927,277.4582029804374,-308.34048886600806,,,1.042755896363418,6.066336153074964,4.582638285249284,,
1620912600,170.35,171.27,170.225,171.13,164.34214781141154,162.1329060387285,164.34214781141154,162.1329060387285,0,0,0,0,0,171.945,164.055,175.49999999999997,160.50000000000003,167.61,166.45539147344658,163.51430852655344,,,,,8078266,0.74,0.69,0.9937014450921482,1.3562472092314113,-0.6888050828647287,-38.63095451252496,105.80624547510993,105.80624547510993,113.79781542043538,113.79781542043538,277.4582029804374,-308.34048886600806,,,1.1124665969559615,5.872066758717356,4.575704875282664,,
1620999000,172.05,172.7,171.82,172.69,164.88114212314412,163.01084508090466,164.88114212314412,163.01084508090466,0,0,0,0,0,171.945,164.055,175.49999999999997,160.50000000000003,167.61,166.4657770281841,163.50392297181588,,,,,9686777,0.73,0.71,1.4207413345038835,1.2780410303793863,-0.6212428540647894,-17.49445922586622,115.31755626029168,115.31755626029168,134.3401778306552,134.3401778306552,277.4582029804374,-308.34048886600806,,,0.5037929237361772,5.661546216169074,4.567569187067786,,
1621258200,173.3,175,173.28,174.7,166.81322698484192,165.2370492679354,166.81322698484192,165.2370492679354,0,0,0,0,1,171.945,164.055,175.49999999999997,160.50000000000003,167.61,167.54138439055262,164.5883156094474,,,,,11956831,0.72,0.71,1.3648331402321678,1.5147742229205736,-0.32027946939405316,-28.225646543335436,131.18784992164765,131.18784992164765,162.92843724435963,162.92843724435963,277.4582029804374,-308.34048886600806,,,0.8128219805380581,5.471400167712956,4.560067194647147,,
1621344600,175.18,175.21,174.46,175.04,167.1525190018642,165.907933219874,167.1525190018642,165.907933219874,0,0,0,1,1,171.945,164.055,175.49999999999997,160.50000000000003,167.61,167.6255913903857,164.7141086096143,,,,,7294010,0.72,0.71,1.6937568137798915,1.394398881415348,-0.2750104549855305,-13.418640132362297,147.33744010214951,147.33744010214951,179.63662046315326,179.63662046315326,277.4582029804374,-308.34048886600806,,,0.3313528336380165,5.269829684023742,4.551618214904871,,
1621431000,175.14,177,174.345,175.16,167.28126959814733,166.34839726369137,167.28126959814733,166.34839726369137,0,0,0,1,1,171.945,164.055,175.49999999999997,160.50000000000003,167.61,168.52831847944975,165.60138152055026,,,,,20741106,0.74,0.7,1.5769125543608185,1.4704898836034006,0.1170038104222379,-18.842585267327358,160.3800694721026,160.3800694721026,186.46532821200879,186.46532821200879,277.4582029804374,-308.34048886600806,,,0.4652888787394369,5.081416319110632,4.543453720726719,,
1621517400,175.32,176.46,175.11,175.96,168.059417741493,167.42228372305405,168.059417741493,167.42228372305405,0,0,0,1,1,171.945,164.055,175.49999999999997,160.50000000000003,167.61,168.5287629524913,165.60093704750872,,,,,9802799,0.75,0.7,1.1595201088881222,1.3430154376407055,0.1906131248371519,-19.562429484889137,171.223770555363,171.223770555363,192.9111727218838,192.9111727218838,277.4582029804374,-308.34048886600806,,,0.4830643328029065,4.90108879023582,4.535341054616981,,
1621603800,176.58,176.8602,175.145,176.04,168.1498479776487,167.79861962697797,168.1498479776487,167.79861962697797,0,0,0,1,1,171.945,164.055,175.49999999999997,160.50000000000003,167.61,168.49818293160553,165.6315170683945,,,,,7677190,0.75,0.7,0.8674006235481954,1.5103429420503254,0.12293711261581912,-20.58872687680698,184.1467839472432,184.1467839472432,209.99281073100363,209.99281073100363,277.4582029804374,-308.34048886600806,229.99281073100363,,0.5084071801863109,4.728826766312309,4.527295232690046,,
1621863000,176.15,176.59,175.87,176.35,168.4607965583127,168.3992320789015,168.4607965583127,168.3992320789015,0,0,0,1,1,171.945,164.055,175.49999999999997,160.50000000000003,167.61,168.49704698250363,165.63265301749635,,,,,5557339,0.74,0.71,0.8244295908361452,1.6751831283628287,0.19174095206767233,-14.926666746132673,200.12782783221007,200.12782783221007,232.0899156021438,232.0899156021438,277.4582029804374,-308.34048886600806,252.0899156021438,,0.2721859937623985,4.554056539937803,4.5187935159289525,,
1621949400,176.15,177.95,176.04,177.95,170.0013465036477,170.16756657533597,170.0013465036477,170.16756657533597,0,0,0,1,0,171.945,164.055,175.49999999999997,160.50000000000003,167.61,168.98641524541387,166.09328475458614,,,,,8986945,0.75,0.71,1.1280173542048828,1.7143348575158828,0.30024005709479246,-64.63046469254922,219.75059605731272,219.75059605731272,258.99613250751804,258.99613250751804,277.4582029804374,-308.34048886600806,278.99613250751804,,1.0733352065186832,4.417557664117445,4.511909483342718,,
1622035800,178.368,178.61,177.04,177.64,170.01542792921484,170.43743063120513,170.01542792921484,170.43743063120513,0,0,0,1,1,171.945,164.055,175.49999999999997,160.50000000000003,167.61,169.25765393990343,166.4820460600966,,,,,8495383,0.76,0.71,1.4146969198288204,1.7702778989194068,0.42404092258478365,-32.32706145083669,237.41370796440262,237.41370796440262,272.7399317785824,272.7399317785824,277.4582029804374,-308.34048886600806,292.7399317785824,,0.5113796010115182,4.264374210662311,4.503916416644754,,
1622122200,177.39,177.82,176.81,177.71,170.0290262750106,170.68778237115788,170.0290262750106,170.68778237115788,0,0,0,1,1,171.945,164.055,175.49999999999997,160.50000000000003,167.61,169.14628903332908,166.59341096667092,,,,,7992951,0.72,0.71,1.3233193430475922,1.4853149814607858,0.34101270772314896,-40.497637421926946,247.0133551164807,247.0133551164807,266.2126494206369,266.2126494206369,277.4582029804374,-308.34048886600806,286.2126494206369,,0.6406293902781605,4.1222665706472466,4.496197561447218,,
1622208600,177.46,178.43,177.2411,178.38,170.45349755647308,171.3414987889405,170.45349755647308,171.3414987889405,0,0,0,0,1,171.945,164.055,175.49999999999997,160.50000000000003,167.61,169.14529539400806,166.59440460599197,,,,,9968324,0.69,0.72,1.1336038393901997,1.4364761708146574,0.19550656114257176,-42.81796775808313,251.9466827689395,251.9466827689395,261.8133380738571,261.8133380738571,277.4582029804374,-308.34048886600806,281.8133380738571,,0.6384684381657174,3.985647036040128,4.488489810951151,,
1622554200,178.76,178.85,177.19,177.9,170.46698087803856,171.57131844427616,170.46698087803856,171.57131844427616,0,0,0,0,1,185.16500000000002,172.20499999999998,191.72000000000003,165.64999999999998,178.76,169.2666098206927,166.71309017930727,,,,,9143250,0.69,0.72,0.6398375729128923,1.4600739043037112,0.1740445138066307,-44.73911812461017,257.3260091321866,257.3260091321866,268.08466185868076,268.08466185868076,277.4582029804374,-308.34048886600806,288.08466185868076,,0.6671151474380523,3.8555085306047525,4.480854696738338,,
1622640600,178.34,178.78,177.97,178.77,170.85394267508133,172.18296439149287,170.85394267508133,172.18296439149287,0,0,0,0,1,185.16500000000002,172.20499999999998,191.72000000000003,165.64999999999998,178.76,169.24015753373467,166.7395424662653,,,,,6613106,0.69,0.72,0.7435022675097236,1.4870992634619025,0.32570085204375215,-30.011103478129836,266.01365047185794,266.01365047185794,283.38893315120066,283.38893315120066,277.4582029804374,-308.34048886600806,303.38893315120066,,0.44750237735638604,3.7218612304773657,4.472796050745567,,
1622727000,175.83,175.83,174.66,175.27,170.86162930310314,172.28171480751274,170.86162930310314,172.28171480751274,0,0,0,0,0,185.16500000000002,172.20499999999998,191.72000000000003,165.64999999999998,178.76,169.29712745302413,166.68257254697585,,,,,10153899,0.71,0.72,0.02304635487308079,0.8997811025836523,0.08574504738056415,-158.48182266881645,225.19169259879055,225.19169259879055,252.40633118083548,252.40633118083548,277.4582029804374,-308.34048886600806,272.4063311808355,,2.2990434636684083,3.666064455308387,4.468452888733425,,
1622813400,176.65,177.57,176.61,177.16,170.87315771608397,172.45229854055148,170.87315771608397,172.45229854055148,0,0,0,0,0,185.16500000000002,172.20499999999998,191.72000000000003,165.64999999999998,178.76,169.31108100739743,166.66861899260255,,,,,8375264,0.67,0.72,0.24848709846700465,1.2744886025192932,0.24763886657922052,-83.28971702302722,175.7502049301211,175.7502049301211,226.85428909726403,226.85428909726403,277.4582029804374,-308.34048886600806,,,1.2082564188622233,3.5696798264281453,4.461939009672743,,
1623072600,176.96,177.9,176.63,177.87,170.88470265571218,172.61696918602004,170.88470265571218,172.61696918602004,0,0,0,0,0,185.16500000000002,172.20499999999998,191.72000000000003,165.64999999999998,178.76,169.4980323814958,166.90196761850416,,,,,7709094,0.66,0.71,0.3793894854301041,1.4524293931075551,0.37725815673847213,-102.87834827539865,141.07803454033626,141.07803454033626,198.26220424495477,198.26220424495477,277.4582029804374,-308.34048886600806,,,1.1970688594283239,3.476636259094819,4.455415792589338,,
1623159000,177.23,177.54,176.37,177.32,170.89571024281364,172.76508804147022,170.89571024281364,172.76508804147022,0,0,0,0,0,185.16500000000002,172.20499999999998,191.72000000000003,165.64999999999998,178.76,169.43611490828104,166.96388509171894,,,,,5905832,0.67,0.71,0.20087234048944203,1.3244157711343933,0.3270985021621011,-115.37758685091386,108.83206057376817,108.83206057376817,168.45215635455924,168.45215635455924,277.4582029804374,-308.34048886600806,,,1.3425071320691422,3.3929449207800864,4.449196194866021,,
1623245400,177.38,177.8,176.78,176.98,170.9075068257451,172.92331596141258,170.9075068257451,172.92331596141258,0,0,0,0,0,185.16500000000002,172.20499999999998,191.72000000000003,165.64999999999998,178.76,169.4358852400907,166.96411475990928,,,,,6346094,0.7,0.72,-0.1990115360330582,1.3375261540011398,0.30810499524692025,-95.66724909721627,81.3368595923856,81.3368595923856,139.41372410050135,139.41372410050135,277.4582029804374,-308.34048886600806,,,1.1131621636739994,3.303541675403377,4.442530792206297,,
1623331800,176.7,177.85,176.48,177.74,170.91868643248685,173.06369180606308,170.91868643248685,173.06369180606308,0,0,0,0,0,185.16500000000002,172.20499999999998,191.72000000000003,165.64999999999998,178.76,169.43631810487372,166.96368189512626,,,,,9896612,0.71,0.72,0.020756271829669867,1.3812604805478594,0.24760136770659302,-81.55782733400258,81.95658122962625,81.95658122962625,120.26134314354299,120.26134314354299,277.4582029804375,-120.11283197616808,,,1.2809755551826483,3.2242253569633483,4.43621399852593,,
1623418200,176.33,176.57,175.48,175.74,170.927865680374,173.15973918621745,170.927865680374,173.15973918621745,0,0,0,0,0,185.16500000000002,172.20499999999998,191.72000000000003,165.64999999999998,178.76,169.46501929290017,166.9349807070998,,,,,7836860,0.73,0.72,-0.4068792800346278,1.2136801754324054,0.25804204840810885,-167.5077833835931,39.00568956697257,39.00568956697257,93.17612528468618,93.17612528468618,277.4582029804375,-113.85321670080202,,,1.8403535268781228,3.1699558734305944,4.431027464117043,,
1623677400,173.16,175.06,172.95,174.71,170.9320221925011,173.15379647303246,170.9320221925011,173.15379647303246,0,0,0,0,0,185.16500000000002,172.20499999999998,191.72000000000003,165.64999999999998,178.76,169.47230965346472,166.9276903465353,,,,,7733645,0.74,0.72,-0.7669104036143766,1.1756959426515174,0.20678544487086845,-239.28930936017795,-15.908325799815351,-15.908325799815351,56.81464158985234,56.81464158985234,277.4582029804375,-170.01280552309532,,,3.255579795267674,3.1733136742869505,4.428678917326135,,
1623763800,174.78,174.915,173.34,174.05,170.93694182848014,173.16322798389393,170.93694182848014,173.16322798389393,0,0,0,0,0,185.16500000000002,172.20499999999998,191.72000000000003,165.64999999999998,178.76,169.4765778160635,166.92342218393648,,,,,7550154,0.76,0.72,-0.8059251605778278,0.7994955631444726,0.4355558170176846,-227.40780044355662,-58.945793893426796,-58.945793893426796,18.227829762092632,18.227829762092632,277.4582029804375,-178.33738732295296,,,3.037422386306431,3.1679846041700674,4.425899183997424,,
1623850200,173.91,174.465,171.03,171.11,170.9372824042474,173.0826072786432,170.9372824042474,173.0826072786432,0,0,0,0,0,185.16500000000002,172.20499999999998,191.72000000000003,165.64999999999998,178.76,169.52552745535738,166.8744725446426,,,,,16919749,0.79,0.71,-1.5716726705318325,0.5758941789879333,0.0936023618841783,-276.28366290314676,-98.94934425426008,-98.94934425426008,-20.831228243358275,-20.831228243358275,277.4582029804375,-239.19224664844705,,,4.3295855009229784,3.213537580513319,4.425706749066206,,
1623936600,167.02,167.615,165.44,165.85,170.92656515668648,172.788124640265,170.92656515668648,172.788124640265,0,0,0,0,0,185.16500000000002,172.20499999999998,191.72000000000003,165.64999999999998,178.76,169.68034042947545,166.71965957052456,,,,,27232236,0.82,0.7,-1.8589397355755715,-0.1695241809285596,-0.3811263983183493,-302.3257824110257,-140.76935032461444,-140.76935032461444,-60.81060227044366,-60.81060227044366,277.45820298043753,-287.8910101281807,,,7.456508362700684,3.37992859157949,4.431762296745796,,
1624023000,166.14,166.72,164.87,164.93,170.9147418496801,172.48306092888208,170.9147418496801,172.48306092888208,0,0,0,0,0,185.16500000000002,172.20499999999998,191.72000000000003,165.64999999999998,178.76,169.6830993268574,166.71690067314256,,,,,15744310,0.83,0.69,-2.384600286872532,-0.6016021358555168,-0.4784198561514673,-302.3257824110257,-167.38446666827062,-167.38446666827062,-96.33522373638598,-96.33522373638598,277.45820298043753,-287.8910101281807,,,7.775353806567101,3.552298207853514,4.438442799262921,,
1624282200,166.52,167.2218,166,166.95,170.90517733049992,172.23383108853375,170.90517733049992,172.23383108853375,0,0,0,0,0,185.16500000000002,172.20499999999998,191.72000000000003,165.64999999999998,178.76,169.70393719817233,166.69606280182765,,,,,8370991,0.81,0.7,-2.105170865706496,-0.5353438238376919,-0.38119848174201987,-277.74821880494954,-172.11678263676384,-172.11678263676384,-121.59574336984527,-121.59574336984527,277.45820298043753,-287.8910101281807,,,7.143256698551216,3.6931201094495023,4.4438470228379225,,
1624368600,166.35,166.915,166.01,166.25,170.89565170146795,171.9947632027089,170.89565170146795,171.9947632027089,0,0,0,0,0,185.16500000000002,172.20499999999998,191.72000000000003,165.64999999999998,178.76,169.69816810458343,166.70183189541655,,,,,7223919,0.8,0.7,-2.139006080667525,-0.673523890222385,-0.3308669708534644,-277.53071824206415,-169.1256514447939,-169.1256514447939,-137.43904606149482,-137.43904606149482,277.45820298043753,-287.8910101281807,,,7.137662918834267,3.8282002196214537,4.449229272380372,,
1624455000,166.97,168.03,165.97,166.14,170.88606598378271,171.7635175869164,170.88606598378271,171.7635175869164,0,0,0,0,0,185.16500000000002,172.20499999999998,191.72000000000003,165.64999999999998,178.76,169.69693425118294,166.70306574881704,,,,,8474276,0.78,0.7,-2.098575782981441,-0.6894906637626803,-0.3044399409379094,-278.40072049360646,-187.5921741039449,-187.5921741039449,-154.15675540897817,-154.15675540897817,277.45820298043753,-287.8910101281807,,,7.160038037702081,3.9588605262128507,4.454645473709687,,
1624541400,167,167.23,166.01,166.04,170.87657853925967,171.54289336782165,170.87657853925967,171.54289336782165,0,0,0,0,0,185.16500000000002,172.20499999999998,191.72000000000003,165.64999999999998,178.76,169.69464512539028,166.7053548746097,,,,,6903352,0.79,0.7,-2.2681318611575154,-0.512419280436342,-0.15018957204751346,-277.53071824206415,-208.00503782110223,-208.00503782110223,-172.1061828796862,-172.1061828796862,277.45820298043753,-287.8910101281807,,,7.137662918834267,4.0835194435705535,4.46000614792572,,
1624627800,167.45,167.525,166.29,166.59,170.8676638968236,171.34179166712275,170.8676638968236,171.34179166712275,0,0,0,0,0,185.16500000000002,172.20499999999998,191.72000000000003,165.64999999999998,178.76,169.69501838481975,166.70498161518023,,,,,7473679,0.78,0.69,-1.8075401864394125,-0.5317488566201628,0.018089184790405152,-271.44070248126644,-217.87984060965826,-217.87984060965826,-187.36406878967688,-187.36406878967688,277.45820298043753,-287.8910101281807,,,6.981037086759533,4.1971475864407095,4.465043172778534,,
1624887000,166.68,166.91,166.3575,166.58,170.8589005823444,171.15119689586305,170.8589005823444,171.15119689586305,0,0,0,0,0,185.16500000000002,172.20499999999998,191.72000000000003,165.64999999999998,178.76,169.67148428152095,166.72851571847903,,,,,6508902,0.79,0.69,-1.615655902119427,-0.7092338952725888,0.018091880334077333,-269.9725736817886,-230.38136643986851,-230.38136643986851,-201.70316800640742,-201.70316800640742,277.45820298043753,-287.8910101281807,,-250.38136643986851,6.943279073670092,4.30483901731245,4.469994693060036,,
1624973400,164.34,165.2782,164.01,164.83,170.84551137039168,170.87693819406448,170.84551137039168,170.87693819406448,0,0,0,0,0,185.16500000000002,172.20499999999998,191.72000000000003,165.64999999999998,178.76,169.89364072064012,167.00635927935986,,,,,7451415,0.78,0.69,-1.8791068046122321,-1.1570661596875293,-0.15434314114815167,-302.3257824110257,-252.20933370606954,-252.20933370606954,-218.53855657296145,-218.53855657296145,277.45820298043753,-287.8910101281807,,-272.2093337060695,8.256418862225216,4.459802932799224,4.477559976115311,,
1625059800,164.57,166.1,164.29,165.63,170.83270275626504,170.62430532370902,170.83270275626504,170.62430532370902,0,0,0,0,0,185.16500000000002,172.20499999999998,191.72000000000003,165.64999999999998,178.76,171.49220725105263,168.6377927489474,,,,,7955839,0.77,0.69,-1.1415097314546654,-1.1062827547457486,-0.271950334942423,-296.59060496691416,-247.80922865633852,-247.80922865633852,-228.29544726742049,-228.29544726742049,277.45820298043753,-287.8910101281807,,-267.8092286563385,8.099793030150483,4.602547642499274,4.484797204994502,,
1625146200,166.65,166.88,165.5,166.2,170.82231314036838,170.42855609532828,170.82231314036838,170.42855609532828,0,0,0,0,0,174.07,156.58999999999997,181.49,149.17,166.65,171.5103444498201,168.69965555017993,,,,,7430497,0.76,0.69,0.07566618156250904,-1.058916451091748,-0.20635541818407024,-271.8064452977174,-223.02469919346402,-223.02469919346402,-212.4832030455511,-212.4832030455511,277.45820298043753,-287.8910101281807,,-243.02469919346402,7.422945684398953,4.713151487279653,4.490667631526779,,
1625232600,167.35,167.715,166.4,167.29,170.8137245027253,170.27542448374678,170.8137245027253,170.27542448374678,0,0,0,0,0,174.07,156.58999999999997,181.49,149.17,166.65,171.74311376936177,168.9168862306382,,,,,7873574,0.76,0.69,0.5119326134515355,-1.0177590448276463,-0.12066702483161344,-236.12620160417163,-199.66216019277815,-199.66216019277815,-152.93708219140638,-152.93708219140638,277.45820298043753,-287.8910101281807,,,6.919505509873024,4.7996751744401775,4.495520454460538,,
1625578200,169.27,169.65,167.54,168.12,170.8074079702523,170.17255685693317,170.8074079702523,170.17255685693317,0,0,0,0,0,174.07,156.58999999999997,181.49,149.17,166.65,171.73716324784758,168.9228367521524,,,,,7932050,0.76,0.69,0.25053672795755033,-0.9285924690046949,0.16528811745681277,-212.657686361909,-162.0117217445936,-162.0117217445936,-86.71084484822444,-86.71084484822444,277.45820298043753,-287.8910101281807,,,6.28181462214019,4.857798290036256,4.499089473776581,,
1625664600,168.72,169.23,168.19,168.76,170.80238977250957,170.09895854881813,170.80238977250957,170.09895854881813,0,0,0,0,0,174.07,156.58999999999997,181.49,149.17,166.65,171.73709085558428,168.92290914441568,,,,,7108909,0.76,0.69,0.5417073771352104,-0.8915759951803961,0.5137015480247122,-199.2765153904432,-117.24707265002581,-117.24707265002581,-27.717774460890254,-27.717774460890254,277.45820298043753,-287.8910101281807,,,5.918218940538128,4.899383413585349,4.501924897286594,,
1625751000,169.82,169.855,167.91,168.65,170.79682775498208,170.0173758606292,170.79682775498208,170.0173758606292,0,0,0,0,0,174.07,156.58999999999997,181.49,149.17,166.65,171.72014141886524,168.9398585811347,,,,,7244275,0.76,0.7,0.5423577977143382,-1.0832051148861666,0.5274629010545564,-202.51248839902698,-71.96155090380567,-71.96155090380567,18.609492588634616,18.609492588634616,277.45820298043753,-287.8910101281807,,,6.074844772612862,4.9454799374687815,4.505067594340193,,
1625837400,168.84,169.62,168.66,169.21,170.79276036686022,169.96811014060452,170.79276036686022,169.96811014060452,0,0,0,0,0,174.07,156.58999999999997,181.49,149.17,166.65,171.71071441285594,168.94928558714403,,,,,4997398,0.75,0.7,0.6941716304756642,-0.996199928278422,0.5074522880062878,-187.06138297692422,-27.079987687690306,-27.079987687690306,62.683138744540436,62.683138744540436,277.45820298043753,-287.8910101281807,,,5.6553112938412555,4.9733164612480945,4.507365783549986,,
1626096600,168.7,169.16,167.64,169,170.7866835229704,169.8811764096004,170.7866835229704,169.8811764096004,0,0,0,0,0,174.07,156.58999999999997,181.49,149.17,166.65,171.95078378617228,169.1992162138277,,,,,7315422,0.77,0.69,0.5305930939454298,-1.037860872782148,0.6378471523647196,-208.07488635098417,12.98284289178676,12.98284289178676,93.1085040507409,93.1085040507409,277.45820298043753,-287.8910101281807,,,6.225876824970646,5.022436475511724,4.510799372044333,,
1626183000,169.51,169.9,168.93,169.22,170.78317046897845,169.84773419745923,170.78317046897845,169.84773419745923,0,0,0,0,0,174.07,156.58999999999997,181.49,149.17,166.65,171.9438377210628,169.20616227893714,,,,,7040277,0.78,0.69,0.5812210521545085,-1.0872989131089732,0.7824929320201619,-141.8926690436944,56.68101998904186,56.68101998904186,144.07737418355205,144.07737418355205,277.45820298043753,-287.8910101281807,,,5.504279241483472,5.041332270255714,4.512784346808447,,
1626269400,170.91,171.04,170.28,171.04,170.78233476374572,169.86801520932357,170.78233476374572,169.86801520932357,0,0,0,0,0,174.07,156.58999999999997,181.49,149.17,166.65,172.81839937779037,170.04160062220967,,,,,8830335,0.78,0.68,1.3729394484749897,-0.8113039350609598,0.9083273583758773,-92.84733242760187,101.21035231815864,101.21035231815864,190.2690169763922,190.2690169763922,277.45820298043753,-287.8910101281807,,,4.749118979694584,5.029872925527827,4.513256543877151,,
1626355800,170.89,171.3,170.34,171.07,170.7816194095724,169.88983029915403,170.7816194095724,169.88983029915403,0,0,0,1,0,174.07,156.58999999999997,181.49,149.17,166.65,172.77818256468868,170.08181743531136,,,,,6520126,0.79,0.68,1.2146102099214133,-0.9196286383797457,1.0629248532901188,-78.05187675846463,138.64242633903729,138.64242633903729,213.50657438079458,213.50657438079458,277.45820298043753,-287.8910101281807,233.50657438079458,,4.715556301392855,5.017546783404887,4.513660739196863,,
1626442200,170.65,170.95,169.28,169.41,170.77880878138146,169.86963695408915,170.77880878138146,169.86963695408915,0,0,0,1,0,174.07,156.58999999999997,181.49,149.17,166.65,172.79054940364554,170.06945059635447,,,,,9460348,0.78,0.68,0.7098853865810345,-0.7094856650542057,0.652799368870613,-39.16148632837315,158.03526908060383,158.03526908060383,196.8209545637369,196.8209545637369,277.45820298043753,-287.8910101281807,,,5.308496951390059,5.02895659391411,4.515248823536909,,
1626701400,169.51,169.91,168.89,169.61,170.7752323402598,169.8350943284386,170.7752323402598,169.8350943284386,0,0,0,0,0,174.07,156.58999999999997,181.49,149.17,166.65,172.78903854000026,170.07096145999975,,,,,6707365,0.77,0.68,0.509698293454904,-0.9043068663709554,0.6024742299371065,-45.78263749228738,158.42088962186125,158.42088962186125,159.1921307043761,159.1921307043761,266.80046830571797,-287.89101012818065,,,5.526654360351302,5.0484741533822355,4.517269613820254,,
1626787800,170.51,170.8,168.92,169.39,170.77172238553402,169.803071021441,170.77172238553402,169.803071021441,0,0,0,0,0,174.07,156.58999999999997,181.49,149.17,166.65,172.78768556162694,170.07231443837304,,,,,6540058,0.79,0.68,0.2846055000914622,-1.0370303551749744,0.611907985416783,-40.128849624641724,121.52614413978458,121.52614413978458,146.1226411278357,146.1226411278357,205.08459562404613,-287.89101012818065,,,5.509873021200438,5.066568226630008,4.519252837411423,,
1626874200,168.33,169,168.14,168.76,170.7666765865619,169.74202117746293,170.7666765865619,169.74202117746293,0,0,0,0,0,174.07,156.58999999999997,181.49,149.17,166.65,172.7740738120107,170.08592618798932,,,,,4622581,0.77,0.67,0,-1.0966036028001473,0.5904209718526122,-49.98460252356857,69.95547896371505,69.95547896371505,120.73358707312882,120.73358707312882,162.6930269836916,-287.8910101281806,,,5.946187839122909,5.101063113394436,4.522103856395861,,
1626960600,168.49,169.191,168.06,169.09,170.76148262734802,169.68025956266047,170.76148262734802,169.68025956266047,0,0,0,0,0,174.07,156.58999999999997,181.49,149.17,166.65,172.7670049939962,170.0929950060038,,,,,4793605,0.77,0.68,0.10267141562454679,-1.0129206014693326,0.5572246709477511,-51.349369827966065,22.063123674305245,22.063123674305245,87.8434326068543,87.8434326068543,162.6930269836916,-287.8910101281806,,,5.990938076858537,5.135960170785185,4.52503859010308,,
1627047000,168.5,168.88,167.95,168.56,170.7560814632574,169.6166493837326,170.7560814632574,169.6166493837326,0,0,0,0,0,174.07,156.58999999999997,181.49,149.17,166.65,172.76610465221302,170.093895347787,,,,,5831463,0.78,0.68,-0.1513145350753165,-1.174600535812916,0.5022400818155877,-53.22592487151324,-24.746235172647587,-24.746235172647587,50.313543347020335,50.313543347020335,162.6930269836916,-287.8910101281806,,,6.052469653745048,5.171901719136552,4.528090400420046,,
1627306200,168.58,168.86,168.08,168.16,170.7509482335606,169.56058078044896,170.7509482335606,169.56058078044896,0,0,0,0,0,174.07,156.58999999999997,181.49,149.17,166.65,172.7661615115833,170.09383848841668,,,,,5229817,0.78,0.68,-0.19769245025053991,-0.9904566197450383,0.3770377910709431,-51.008178001866455,-63.81732633022862,-63.81732633022862,12.269920121270687,12.269920121270687,162.6930269836916,-287.8910101281806,,,5.979750517424622,5.203582064167457,4.5309908202342415,,
1627392600,168.73,168.905,167.93,168.44,170.74552855677024,169.50088741650978,170.74552855677024,169.50088741650978,0,0,0,0,0,174.07,156.58999999999997,181.49,149.17,166.65,172.76530414230731,170.0946958576927,,,,,6300183,0.77,0.67,-0.1848985508539007,-0.8311506429293017,0.4836519868007209,-53.56711669761238,-98.67976134470683,-98.67976134470683,-24.71330703405515,-24.71330703405515,162.6930269836916,-287.8910101281806,,,6.063657213178947,5.237310501383594,4.534053090749616,,
1627479000,168.26,169.38,167.72,169.29,170.73970432388958,169.43538202762704,170.73970432388958,169.43538202762704,0,0,0,0,0,174.07,156.58999999999997,181.49,149.17,166.65,172.76806495945405,170.09193504054593,,,,,7905846,0.77,0.66,-0.40977911185383653,-0.6323852820739903,0.4947855295894492,-57.14963087165667,-86.02793360176591,-86.02793360176591,-45.15151588995873,-45.15151588995873,162.6930269836916,-287.8910101281806,,,6.181126587235001,5.2743228969071785,4.53734394688645,,
1627565400,170.7,171.52,170.67,171.17,170.73972689267302,169.48697488928875,170.73972689267302,169.48697488928875,0,0,0,0,0,174.07,156.58999999999997,181.49,149.17,166.65,172.78440665263554,170.0755933473645,,,,,8119591,0.77,0.66,0.0234432439422455,0.008119079497685786,0.6700462168836551,-8.784191798020226,-42.51654008601097,-42.51654008601097,-37.246588478115456,-37.246588478115456,176.40267836524322,-287.89101012818065,,,4.530961570733357,5.245171472351342,4.537331194886145,,
1627651800,170.72,170.99,169.38,169.82,170.73719776801235,169.48646214853233,170.73719776801235,169.48646214853233,0,0,0,0,0,174.07,156.58999999999997,181.49,149.17,166.65,172.7938817366937,170.06611826330632,,,,,7391706,0.77,0.65,0.09989796448296402,0.5704613540458786,0.6811107398675382,-31.447406636912266,-29.983111597820315,-29.983111597820315,-4.916254621439002,-4.916254621439002,176.40267836524322,-287.89101012818065,,,5.252559154220514,5.245461185365819,4.538760221777921,,
1627911000,169.3,170.245,169.1,169.61,170.73411985039394,169.47509892702124,170.73411985039394,169.47509892702124,0,0,0,0,0,174.53000000000003,166.29000000000002,177.54000000000002,163.28,169.3,172.7667998547517,170.09320014524832,,,,,10783240,0.75,0.64,0,0.6772511496997878,0.6144346584985394,-36.36655404380361,-16.911128355737766,-16.911128355737766,9.232838128427336,9.232838128427336,176.40267836524322,-287.89101012818065,,,5.409184986295249,5.2518817265787385,4.5404993321965375,,
1627997400,169.42,169.83,169.21,169.49,170.73126566487866,169.46845191027532,170.73126566487866,169.46845191027532,0,0,0,0,0,174.53000000000003,166.29000000000002,177.54000000000002,163.28,169.3,172.75689229824368,170.10310770175633,,,,,5402340,0.77,0.64,0.024405722907957415,0.36313332818519284,0.6567313318506455,-34.434031848238924,-7.574869541171287,-7.574869541171287,11.097648087961673,11.097648087961673,176.40267836524322,-287.89101012818065,,,5.347653409408738,5.255637478846582,4.542112027655503,,
1628083800,171.28,171.4,168.99,169.53,170.72798201719658,169.45352438438218,170.72798201719658,169.45352438438218,0,0,0,0,0,174.53000000000003,166.29000000000002,177.54000000000002,163.28,169.3,172.75423022402308,170.10576977597694,,,,,9796349,0.78,0.63,0.18863224437690343,0.47091907902099994,0.619217268895707,-38.2990762393678,0.6094345508787509,0.6094345508787509,16.978042734978832,16.978042734978832,176.40267836524322,-287.89101012818065,,,5.470716563181742,5.2640719527420785,4.5439673813728385,,
1628170200,169.37,169.4371,168.203,168.86,170.72314822695245,169.40862813401424,170.72314822695245,169.40862813401424,0,0,0,0,0,174.53000000000003,166.29000000000002,177.54000000000002,163.28,169.3,172.7083644664653,170.15163553353472,,,,,7893245,0.79,0.63,-0.05621457283821542,0.39063672796474125,0.7347223462546723,-52.125394129451735,-13.819134834973568,-13.819134834973568,-4.200088577738688,-4.200088577738688,176.40267836524322,-287.89101012818065,,,5.910947026906084,5.289439602709295,4.546698609435842,,
1628256600,165.84,165.93,164.55,164.64,170.71109838034513,169.22367016797446,170.71109838034513,169.22367016797446,0,0,0,0,0,174.53000000000003,166.29000000000002,177.54000000000002,163.28,169.3,172.80233451854792,170.0576654814521,,,,,13547643,0.74,0.63,-0.9125681493585636,-0.1910242248524461,0.5868922660542333,-133.35903152200927,-61.968942255356254,-61.968942255356254,-23.456373136944542,-23.456373136944542,176.40267836524322,-355.98184027116054,,,7.954354757509647,5.393946079368132,4.553507113228197,,
1628515800,163.01,163.295,161.26,161.72,170.69256491704775,168.91823604374017,170.69256491704775,168.91823604374017,0,0,0,0,0,174.53000000000003,166.29000000000002,177.54000000000002,163.28,169.3,171.46219831388265,168.64780168611736,,,,,11546973,0.74,0.63,-1.4729336191556905,-0.6491415555382598,0.14105874767705348,-199.6356499068151,-105.0715247261243,-105.0715247261243,-50.661423666671126,-50.661423666671126,176.40267836524322,-355.98184027116054,,,9.79470828438777,5.566524989368903,4.563979043640105,,
1628602200,161.39,162.11,160.68,161.77,170.6729212308998,168.60226208124055,170.6729212308998,168.60226208124055,0,0,0,0,0,174.53000000000003,166.29000000000002,177.54000000000002,163.28,169.3,171.1698525386126,168.36014746138736,,,,,6870766,0.73,0.64,-1.5267452021235854,-0.6427580935928011,-0.016661826509757286,-211.31967381659814,-131.52525257231258,-131.52525257231258,-77.61603330188494,-77.61603330188494,176.40267836524322,-355.98184027116054,,,10.119147507971139,5.745059205784677,4.575078281331075,,
1628688600,163.15,164.17,162.68,164,170.65727283683208,168.37632631334876,170.65727283683208,168.37632631334876,0,0,0,0,0,174.53000000000003,166.29000000000002,177.54000000000002,163.28,169.3,171.19015070295484,168.33984929704513,,,,,7382417,0.73,0.63,-1.189683470603847,-0.11068487193378591,0.16302291167619562,-171.0299361966556,-133.09897077031576,-133.09897077031576,-96.11034579136188,-96.11034579136188,176.40267836524322,-355.98184027116054,,,9.00039156458019,5.872719298286461,4.583920066112792,,
1628775000,163.65,164.1,162.9335,164.04,170.64215713685837,168.1690925363547,170.64215713685837,168.1690925363547,0,0,0,0,0,174.53000000000003,166.29000000000002,177.54000000000002,163.28,169.3,171.18666632615756,168.34333367384238,,,,,5222080,0.74,0.64,-1.5861519595056153,-0.21104759523552993,0.06376790322466824,-165.92321195332784,-124.43632982862722,-124.43632982862722,-105.55234047045033,-105.55234047045033,176.40267836524322,-355.98184027116054,,,8.858589248755385,5.989812237520537,4.592460863680509,,
1628861400,165.02,166.46,164.89,166.39,170.63094163808344,168.04594380943882,170.63094163808344,168.04594380943882,0,0,0,0,0,174.53000000000003,166.29000000000002,177.54000000000002,163.28,169.3,171.20687114835422,168.32312885164575,,,,,7466887,0.76,0.63,-0.7612575817694753,0.02487644411968565,0.2801973584470213,-126.50977612661954,-99.84444844983331,-99.84444844983331,-88.42866440859926,-88.42866440859926,176.40267836524322,-355.98184027116054,,,7.7641662471332005,6.059394747701426,4.598797937373721,,
1629120600,166.73,167.39,166.59,167.22,170.6231111852601,167.9936244443628,170.6231111852601,167.9936244443628,0,0,0,0,0,174.53000000000003,166.29000000000002,177.54000000000002,163.28,169.3,171.18808890477962,168.34191109522035,,,,,7781796,0.76,0.63,-0.5306465827402903,-0.009097589913320471,0.20678291764482865,-92.26349914966805,-81.38038974215334,-81.38038974215334,-44.452272326793384,-44.452272326793384,176.40267836524322,-355.98184027116054,,,6.813223695250885,6.08895666721317,4.603222364462387,,
1629207000,167.29,167.73,166.56,166.97,170.6152370370378,167.94219211321132,170.6152370370378,167.94219211321132,0,0,0,0,0,174.53000000000003,166.29000000000002,177.54000000000002,163.28,169.3,171.18704230231236,168.3429576976876,,,,,7106992,0.74,0.62,-0.5604002712798306,-0.14885372509143113,0.28471867397489853,-92.86784521396721,-55.89843868645157,-55.89843868645157,-4.934536575048014,-4.934536575048014,176.40267836524322,-355.98184027116054,,,6.83000503440175,6.118017387495075,4.607671480686042,,
1629293400,167.24,167.51,166.26,167.1,170.606785214786,167.88112967739912,170.606785214786,167.88112967739912,0,0,0,0,0,174.53000000000003,166.29000000000002,177.54000000000002,163.28,169.3,171.18708656755035,168.34291343244965,,,,,7697931,0.74,0.62,-0.5404916039005551,-0.21414462804693007,0.37332753678179154,-98.91130585695883,-29.14970384465017,-29.14970384465017,24.347765838952633,24.347765838952633,176.40267836524322,-355.98184027116054,,,6.997818425910399,6.152519389001559,4.612446999058118,,
1629379800,167.24,167.29,166.16,166.61,170.5981524770941,167.8185794939717,170.5981524770941,167.8185794939717,0,0,0,0,0,174.53000000000003,166.29000000000002,177.54000000000002,163.28,169.3,171.1831826349288,168.3468173650712,,,,,6934268,0.74,0.63,-0.5075045116045537,-0.2659912612443098,0.24703486926599402,-100.92579273795583,-4.003947942607915,-4.003947942607915,46.2875638614766,46.2875638614766,176.40267836524322,-355.98184027116054,,,7.053756223079942,6.1878620099458095,4.617324739765454,,
1629466200,166.8,167.14,166.36,166.7,170.58993259202498,167.76624696479632,170.58993259202498,167.76624696479632,0,0,0,0,0,174.53000000000003,166.29000000000002,177.54000000000002,163.28,169.3,171.18322023034463,168.34677976965534,,,,,7154348,0.73,0.63,0.4876407348709743,-0.3337760592125695,0.317752514439845,-96.89681897596124,21.667035142343916,21.667035142343916,73.00900131224759,73.00900131224759,176.40267836524322,-355.98184027116054,,,6.9418806287408374,6.217431367545615,4.621969207076094,,
1629725400,168.82,168.91,167.96,168.73,170.58489396546747,167.77808433872588,170.58489396546747,167.77808433872588,0,0,0,0,0,174.53000000000003,166.29000000000002,177.54000000000002,163.28,169.3,171.20873368833819,168.3212663116618,,,,,8190548,0.73,0.63,1.6994962915599277,-0.0361644919301866,0.2671512325736278,-64.66502888000734,54.2962607768943,54.2962607768943,119.55471204599509,119.55471204599509,176.40267836524322,-355.98184027116054,,,6.046875874028082,6.210742916819437,4.62481617344363,,
1629811800,169.04,169.27,168.52,168.65,170.5809730984036,167.81119867838368,170.5809730984036,167.81119867838368,0,0,0,0,0,174.53000000000003,166.29000000000002,177.54000000000002,163.28,169.3,171.19342485674068,168.3365751432593,,,,,4519173,0.72,0.64,1.686511600951276,-0.07711900502748374,0.18276063412272375,-53.38390234642338,86.7246336349466,86.7246336349466,151.58137935105123,151.58137935105123,176.40267836524322,-355.98184027116054,,,5.733624209878615,6.192032379292346,4.627031574115828,,
1629898200,167.88,167.92,166.74,167.48,170.5735391861191,167.77390853413334,170.5735391861191,167.77390853413334,0,0,0,0,0,174.53000000000003,166.29000000000002,177.54000000000002,163.28,169.3,171.19919387115726,168.33080612884268,,,,,5588751,0.73,0.63,0.8379584790242608,-0.47454651314529456,0.12616612551869089,-89.24176882817225,105.61958560074694,105.61958560074694,143.40948953234766,143.40948953234766,176.40267836524322,-355.98184027116054,,,6.729316999496559,6.213102364398393,4.631231944596109,,
1629984600,167.21,168.21,166.83,167.67,169.70926019908362,166.92970385360405,169.70926019908362,166.92970385360405,0,0,0,0,0,174.53000000000003,166.29000000000002,177.54000000000002,163.28,169.3,171.1995933103496,168.33040668965037,,,,,4371866,0.73,0.64,0.8778810747823516,-0.4552220147261689,0.09452408057557905,-87.42873063527477,111.47293045758553,111.47293045758553,123.17962017126271,123.17962017126271,176.40267836524322,-355.98184027116054,,,6.206780232754254,6.212854437667251,4.634379893223798,,
1630071000,167.58,170.19,166.87,170.19,169.70380713175277,166.93167625150193,169.70380713175277,166.93167625150193,0,0,0,0,0,174.53000000000003,166.29000000000002,177.54000000000002,163.28,169.3,171.2353400687851,168.2946599312149,,,,,10036431,0.73,0.63,0.8918102903104813,0.10380327057303808,0.15948390356971504,-86.62293588287608,119.49049297226765,119.49049297226765,135.52561800163187,135.52561800163187,176.40267836524322,-355.98184027116054,,,6.184291898577612,6.211734338095108,4.637476620507222,,
1630330200,169.66,169.835,169.09,169.35,169.70275616845257,167.01975953575675,169.70275616845257,167.01975953575675,0,0,0,0,0,174.53000000000003,166.29000000000002,177.54000000000002,163.28,169.3,171.2021783356674,168.25782166433262,,,,,3768628,0.72,0.63,0.5004123134647599,-0.03476945391814884,0.18109516158266187,-22.28695524779975,128.62278390940654,128.62278390940654,146.88736578368434,146.88736578368434,176.40267836524322,-355.98184027116054,,,4.936189351773768,6.161712966082507,4.638073449141121,,
1630416600,169.23,169.92,168.75,169.69,169.57724919441821,166.97385477170317,169.57724919441821,166.97385477170317,0,0,0,0,0,174.53000000000003,166.29000000000002,177.54000000000002,163.28,169.3,170.75457746748717,167.82542253251287,,,,,6336002,0.73,0.63,0.6429575084830356,0.04035753897604325,0.260119635519588,-29.17565050621068,135.70722987964473,135.70722987964473,149.87612182012109,149.87612182012109,176.40267836524322,-355.98184027116054,,,5.057949814335551,6.118428136602234,4.638912362957694,,
1630503000,169.94,170,169.16,169.7,169.57658695826552,167.06295066300893,169.57658695826552,167.06295066300893,0,0,0,0,0,175.3,155.32,180.66,149.96,169.94,170.69685205579106,167.883147944209,,,,,4764866,0.72,0.63,0.6161448664597948,0.12734551258970764,0.2262718530807437,-20.86869445930353,140.09838660766178,140.09838660766178,148.88070006369588,148.88070006369588,176.40267836524322,-355.98184027116054,,,4.8272757961066795,6.067794711484761,4.6392887134734755,,
1630589400,169.5,169.63,168.82,169.25,169.57525351778946,167.1353525977929,169.57525351778946,167.1353525977929,0,0,0,0,0,175.3,155.32,180.66,149.96,169.94,170.67656923321698,167.9034307667831,,,,,4601128,0.74,0.63,0.6291831385529729,0.021692801594193106,0.2250784294706932,-27.757389717714467,140.5279037498214,140.5279037498214,141.38693803414068,141.38693803414068,176.40267836524322,-355.98184027116054,,,5.0185664453696495,6.026648504970443,4.640046511139602,,
1630675800,170.59,171.55,170.15,171.06,167.67219891335796,165.44884571904655,167.67219891335796,165.44884571904655,0,0,0,0,0,175.3,155.32,180.66,149.96,169.94,170.6686561044747,167.86134389552527,,,,,8353646,0.74,0.64,1.031915558185358,0.3378454930001707,0.3269924729758881,-18.343618886498998,148.68889956648746,148.68889956648746,165.01089119981958,165.01089119981958,176.40267836524322,-355.98184027116054,,,3.1808353249118038,5.915047988105399,4.6371310042740115,,
1631021400,169.56,169.78,167.63,167.71,166.69150435012023,164.60550022952316,166.69150435012023,164.60550022952316,0,0,0,0,0,175.3,155.32,180.66,149.96,169.94,170.72526458837757,167.8047354116224,,,,,10007697,0.77,0.64,-0.23581405917931952,-0.06026858797400404,0.11655839659294472,-69.14133272603507,130.86551414366934,130.86551414366934,142.74777109221475,142.74777109221475,176.40267836524322,-355.98184027116054,,,4.0524297407131895,5.842004135266489,4.635962769981183,,
1631107800,168.02,168.08,166.7,167.29,166.06321771741102,164.09307690867857,166.06321771741102,164.09307690867857,0,0,0,0,0,175.3,155.32,180.66,149.96,169.94,170.72550714607388,167.80449285392612,,,,,6575990,0.77,0.64,-0.3152412989574672,-0.15409286351579524,0.12821511852583373,-87.88810807157823,78.2635678838079,78.2635678838079,121.25303668941247,121.25303668941247,176.40267836524322,-355.98184027116054,,,4.222924446998002,5.7785108141579204,4.635137518586611,,
1631194200,168.17,168.28,166.83,168.03,163.3224836998827,161.5933462086584,163.3224836998827,161.5933462086584,0,0,0,0,0,175.3,155.32,180.66,149.96,169.94,170.0801940359866,167.1698059640134,,,,,6641424,0.75,0.63,0.12827874223236693,-0.16785472409999666,0.01707019744479067,-86.91641190993178,36.745450019966825,36.745450019966825,93.08384113293059,93.08384113293059,176.40267836524322,-355.98184027116054,,,2.535491032307049,5.651333567810828,4.630942420711927,,
1631280600,167.81,168.08,167.145,167.18,163.33020151466815,161.8126365534169,163.33020151466815,161.8126365534169,0,0,0,0,0,175.3,155.32,180.66,149.96,169.94,169.30443326304598,166.43556673695403,,,,,7426272,0.78,0.64,-0.11402500219123649,-0.5251023854604081,0.04684535252389744,-87.77904012222079,3.819192998507816,3.819192998507816,63.328958421456335,63.328958421456335,176.40267836524322,-355.98184027116054,,,2.3514634573815374,5.521926896813601,4.6263880171887894,,
1631539800,167.45,168.22,167.395,167.74,163.33839841473875,162.03303315916526,163.33839841473875,162.03303315916526,0,0,0,0,0,175.3,155.32,180.66,149.96,169.94,169.2297386991164,166.36526130088362,,,,,5474323,0.75,0.63,-0.5654164560276306,-0.2777475707206168,0.03678704845693758,-94.59073714223713,-23.09761233528922,-23.09761233528922,34.52010150254115,34.52010150254115,176.40267836524322,-355.98184027116054,,,2.2054098264882733,5.391867403859666,4.62155089792665,,
1631626200,168.22,169.16,167.48,168.82,163.34674706925475,162.24808676076663,163.34674706925475,162.24808676076663,0,0,0,0,0,175.3,155.32,180.66,149.96,169.94,169.0087887317064,166.13621126829358,,,,,7922917,0.71,0.63,-0.12294486394424022,-0.10564154201610797,-0.09548122401160061,-97.223339149183,-11.295862976713835,-11.295862976713835,19.24811334278949,19.24811334278949,176.40267836524322,-355.98184027116054,,,2.1557515919845756,5.264960901433192,4.6166242259867065,,
1631712600,168.1332,168.36,167.45,167.83,163.35501970248302,162.45354218191304,163.35501970248302,162.45354218191304,0,0,0,0,0,175.3,155.32,180.66,149.96,169.94,167.50031400179083,164.7296859982092,,,,,5624883,0.71,0.63,-0.4299317162651805,-0.22179214998086635,-0.2864952367580234,-98.03805986831027,-15.790307239050765,-15.790307239050765,7.568639815509407,7.568639815509407,176.40267836524322,-355.98184027116054,,,2.173278027691768,5.1437184357962735,4.611742415400703,,
1631799000,164.38,164.44,163.233,164.03,163.35493448829223,162.48722170419094,163.35493448829223,162.48722170419094,0,0,0,0,0,175.3,155.32,180.66,149.96,169.94,167.4278579436112,164.8021420563888,,,,,11780399,0.71,0.64,-1.2623763203709362,-0.707690104513375,-0.5912506406584384,-212.56063562029402,-53.45900057852283,-53.45900057852283,-12.773906982501337,-12.773906982501337,176.40267836524322,-355.98184027116054,,,4.636910673599337,5.123843621592472,4.61179270163087,,
1631885400,163.86,164.32,163.4,163.77,163.35517977402992,162.5260639903011,163.35517977402992,162.5260639903011,0,0,0,0,0,175.3,155.32,180.66,149.96,169.94,167.42329863816926,164.80670136183076,,,,,8369679,0.71,0.65,-1.2236313046199672,-0.657701857013551,-0.6125211689818045,-208.0253569504857,-84.73610946228021,-84.73610946228021,-36.7613078090943,-36.7613078090943,176.40267836524322,-355.98184027116054,,,4.539346848162635,5.100922179497184,4.611647954670894,,
1632144600,164.29,165.28,164.07,164.94,163.35674984441147,162.58939481421086,163.35674984441147,162.58939481421086,0,0,0,0,0,175.3,155.32,180.66,149.96,169.94,167.40661206524183,164.82338793475822,,,,,7566577,0.68,0.64,-1.3479213942104,0.03963573188547348,-0.4045448322556529,-189.82992755664463,-95.9683091779311,-95.9683091779311,-56.4969749320399,-56.4969749320399,176.40267836524322,-355.98184027116054,,,4.147923117368695,5.063549667256851,4.610721431519441,,
1632231000,165.81,166.63,165.49,166.04,163.36112556899806,162.7053714881634,163.36112556899806,162.7053714881634,0,0,0,0,0,175.3,155.32,180.66,149.96,169.94,167.41149138107588,164.81850861892414,,,,,7181458,0.69,0.64,-0.37441839299237456,0.579907932599619,-0.37279496663278533,-151.266480184622,-84.13579920399977,-84.13579920399977,-65.70991635602653,-65.70991635602653,176.40267836524322,-355.98184027116054,,,3.3183384938949456,4.995110013399521,4.608139247827884,,
1632317400,165.89,167.15,165.03,165.42,163.3645826607683,162.7989412337256,163.3645826607683,162.7989412337256,0,0,0,0,0,175.3,155.32,180.66,149.96,169.94,167.4137332180937,164.81626678190628,,,,,9777794,0.68,0.64,-0.4202340037111466,0.4897267390876756,-0.5275523138333487,-163.75886454457307,-67.50153422708468,-67.50153422708468,-66.30712231304591,-66.30712231304591,176.40267836524322,-355.98184027116054,,,3.587077174738557,4.939893039334385,4.606099163765768,,
1632403800,164.1,164.2,163.27,163.51,163.36455152658095,162.82051216573637,163.36455152658095,162.82051216573637,0,0,0,0,0,175.3,155.32,180.66,149.96,169.94,167.43565007089447,164.79434992910555,,,,,8451899,0.71,0.64,-1.0141573806525868,-0.0650347316886539,-0.8049514277611562,-211.55581340003693,-83.4939313075374,-83.4939313075374,-72.03605864454308,-72.03605864454308,176.40267836524322,-355.98184027116054,,,4.6152947362271295,4.927163694114493,4.606117536537918,,
1632490200,163,164,162.74,163.3,163.36347210295142,162.8206607082565,163.36347210295142,162.8206607082565,0,0,0,0,0,175.3,155.32,180.66,149.96,169.94,167.43368226685948,164.79631773314054,,,,,6937521,0.7,0.64,-0.8780950225815229,-0.09854065448830768,-0.8458700504070362,-225.94921277128466,-103.74382372816902,-103.74382372816902,-82.60531367241839,-82.60531367241839,176.40267836524322,-355.98184027116054,,,4.92492843372085,4.927076036844154,4.606754521347475,,
1632749400,163.85,164.3608,163.51,163.64,163.36391791293553,162.85069754322683,163.36391791293553,162.85069754322683,0,0,0,0,0,175.3,155.32,180.66,149.96,169.94,167.43461274917277,164.79538725082725,,,,,4942989,0.69,0.64,-0.9256836710819473,-0.36137676814301184,-0.8302553307514999,-205.0380476470196,-109.58725692314164,-109.58725692314164,-91.5992947559928,-91.5992947559928,176.40267836524322,-355.98184027116054,,,4.475083250569607,4.90935082953927,4.606491441885382,,
1632835800,162.73,162.82,161.73,162.05,163.36084195306952,162.81045058074736,163.36084195306952,162.81045058074736,0,0,0,0,0,175.3,155.32,180.66,149.96,169.94,167.4319946429469,164.7980053570531,,,,,9282755,0.7,0.64,-1.541048027789557,-0.6859510068356064,-1.0126125911061656,-253.37814364856857,-126.2948581206194,-126.2948581206194,-103.16448254420166,-103.16448254420166,176.40267836524322,-355.98184027116054,,,5.514985102529648,4.933101193185951,4.608306614034521,,
1632922200,162.35,162.74,160.97,161.32,163.35626884227418,162.74227604816903,163.35626884227418,162.74227604816903,0,0,0,0,0,175.3,155.32,180.66,149.96,169.94,167.43041398003882,164.7995860199612,,,,,8360656,0.71,0.64,-1.4988823159640134,-0.7549279679590722,-1.0770387708569242,-274.0177351997915,-152.92841029215685,-152.92841029215685,-119.75245846018672,-119.75245846018672,176.40267836524322,-355.98184027116054,,,5.958988140445165,4.973332053862784,4.611005278422954,,
1633008600,162.66,164.95,162.34,164.22,163.35441475867324,162.72996326196633,163.35441475867324,162.72996326196633,0,0,0,0,0,175.3,155.32,180.66,149.96,169.94,167.4817557956345,164.7482442043655,,,,,10574824,0.69,0.63,0.043698562580332265,-0.37539825194201065,-0.8649697463600171,-236.81215569298124,-131.03282272920302,-131.03282272920302,-123.51257988319215,-123.51257988319215,176.40267836524322,-355.98184027116054,,,5.158614243150076,4.9805980220701285,4.612099402228602,,
1633095000,164.27,164.96,163.885,164.59,163.35562042349108,162.7781156830657,163.35562042349108,162.7781156830657,0,0,0,0,0,169.56,155.68,174.85000000000002,150.39,164.27,167.4753974316533,164.7546025683467,,,,,6654686,0.69,0.63,0.18880178183493013,-0.26394671606168674,-0.9436561972884363,-194.85403865792924,-112.31229001545519,-112.31229001545519,-89.91171027998126,-89.91171027998126,176.40267836524322,-355.98184027116054,,,4.256002804229712,4.952182523331288,4.611387920514319,,
1633354200,163.69,165.54,163.47,165.36,163.3560028002673,162.80826800921997,163.3560028002673,162.80826800921997,0,0,0,0,0,169.56,155.68,174.85000000000002,150.39,164.27,167.47493747002582,164.75506252997423,,,,,7651658,0.69,0.63,0.096477045662139,-0.17583659569849008,-0.8730458320974713,-206.12434193918907,-90.64545370252304,-90.64545370252304,-47.31178107665875,-47.31178107665875,176.40267836524322,-355.98184027116054,,,4.498451831512526,4.934389162867808,4.611162273982846,,
1633440600,163.94,164.85,163.49,164.59,163.35642397349355,162.83801436179957,163.35642397349355,162.83801436179957,0,0,0,0,0,169.56,155.68,174.85000000000002,150.39,164.27,167.47522093150866,164.75477906849136,,,,,5617283,0.7,0.63,-0.3308839539073809,-0.5367447885943427,-0.9324405301844373,-205.58119479310395,-66.89926683310199,-66.89926683310199,-19.406893094259896,-19.406893094259896,176.40267836524322,-355.98184027116054,,,4.486767541041059,4.916835373776562,4.610913733057888,,
1633527000,164.23,165.06,164.1531,165.03,163.35815593158847,162.89233807310154,163.35815593158847,162.89233807310154,0,0,0,0,0,169.56,155.68,174.85000000000002,150.39,164.27,167.47669584670547,164.75330415329455,,,,,6067156,0.7,0.63,-0.08985348265528781,-0.47230214918983626,-0.9507627881522214,-128.42233827502022,-37.32196349043187,-37.32196349043187,21.832643194908368,21.832643194908368,176.40267836524322,-355.98184027116054,,,4.099374890459773,4.884778099921002,4.609891677428322,,
1633613400,164.02,164.8507,163.96,164.16,163.3595024731837,162.93703461925443,163.3595024731837,162.93703461925443,0,0,0,0,0,169.56,155.68,174.85000000000002,150.39,164.27,167.47827926578762,164.7517207342124,,,,,4791505,0.69,0.63,0.15289630375748894,-0.44019231126315367,-0.9901875884760736,-133.73600548899626,-14.496976452104956,-14.496976452104956,31.152997624548874,31.152997624548874,176.40267836524322,-355.98184027116054,,,4.212186714961722,4.8584019671775005,4.609097062118698,,
1633699800,166.32,166.42,164.135,164.23,163.36119247823228,162.9867724773229,163.36119247823228,162.9867724773229,0,0,0,0,0,169.56,155.68,174.85000000000002,150.39,164.27,167.47831139167315,164.75168860832687,,,,,8536109,0.69,0.63,0.21912845347810347,-0.4557686623337637,-1.043159029205082,-121.04487881530665,8.627465542845986,8.627465542845986,54.87634953274787,54.87634953274787,143.88020833331632,-355.98184027116054,,,4.109949173336448,4.829050877222949,4.608099763639612,,
1633959000,164.04,164.58,163.91,163.92,163.36243405170234,163.02582453703573,163.36243405170234,163.02582453703573,0,0,0,0,0,169.56,155.68,174.85000000000002,150.39,164.27,167.47812119195123,164.7518788080488,,,,,3820087,0.7,0.63,0.06583746118741378,-0.8184221788007762,-0.8305610010395001,-126.85813340088686,18.378923014157714,18.378923014157714,37.88183795678117,37.88183795678117,143.88020833331632,-355.98184027116054,,,4.241397441140382,4.806005644435397,4.607367091666586,,
1634045400,164.5701,165.44,164.31,164.66,163.36446435329734,163.0788745551912,163.36446435329734,163.0788745551912,0,0,0,0,0,169.56,155.68,174.85000000000002,150.39,164.27,167.46179327214904,164.76820672785098,,,,,5453049,0.7,0.63,0.6197457511277175,-0.6152464272226803,-0.9049929014302368,-116.52345858207718,27.76820704117516,27.76820704117516,46.54677509521005,46.54677509521005,143.88020833331632,-355.98184027116054,,,4.007711631711156,4.774699996877584,4.606168978859483,,
1634131800,165.28,167.92,165.28,167.59,163.36840927966438,163.16750300400722,163.36840927966438,163.16750300400722,0,0,0,0,0,169.56,155.68,174.85000000000002,150.39,164.27,167.51400248413907,164.71599751586095,,,,,11118291,0.68,0.63,1.4597602843494433,-0.26835187485214107,-0.7235547035012891,-107.92882312378146,45.462911333235866,45.462911333235866,80.85231991735728,80.85231991735728,233.87622149834488,-355.98184027116054,,,3.4410235438452923,4.722398959503769,4.603841015952361,,
1634218200,168.19,168.22,167.71,168,163.37715291746724,163.34699700385008,163.37715291746724,163.34699700385008,0,0,0,0,0,169.56,155.68,174.85000000000002,150.39,164.27,167.500867139296,164.72913286070403,,,,,5083847,0.68,0.63,0.8642922925535611,-0.2171707543029789,-0.6578574891053356,-8.884782312229847,67.87715897098654,67.87715897098654,112.7056542464879,112.7056542464879,233.87622149834488,-355.98184027116054,,,2.021382251562762,4.616476735662945,4.598681258181353,,
1634304600,165.39,166.09,165.1,165.33,163.38071644810168,163.41812261154223,163.38071644810168,163.41812261154223,0,0,0,0,0,169.56,155.68,174.85000000000002,150.39,164.27,167.53921153454633,164.6907884654537,,,,,8699223,0.68,0.63,0.16715936982387752,-0.49716347283048734,-0.8157985528827177,-88.84782312230108,80.74138594735757,80.74138594735757,106.46983990009961,106.46983990009961,233.87622149834488,-355.98184027116054,,,3.5461821580884463,4.574504399287474,4.596578362876472,,
1634563800,165.42,165.59,164.81,164.92,163.38369923242115,163.4752001561876,163.38369923242115,163.4752001561876,0,0,0,0,0,169.56,155.68,174.85000000000002,150.39,164.27,167.539749122642,164.690250877358,,,,,4029594,0.69,0.63,-0.09891503122098719,-0.7703699886866625,-0.893761564362953,-92.9178111563423,80.82460691499698,80.82460691499698,80.99104885027579,80.99104885027579,233.87622149834493,-326.92249811892725,,,3.7156043699246277,4.540822045194814,4.594818175078366,,
1634650200,166.5,166.5,165.2001,165.45,163.38744768350523,163.54518442457243,163.38744768350523,163.54518442457243,0,0,0,0,0,169.56,155.68,174.85000000000002,150.39,164.27,167.53998497862128,164.69001502137874,,,,,6588473,0.67,0.63,0.1940497557730725,-0.2889395202249996,-0.7248390666194929,-67.69589108407735,60.385459753504506,60.385459753504506,74.01155786116615,74.01155786116615,233.8762214983449,-231.62252355004577,,,3.4877022842787846,4.499523231041244,4.5926061553165285,,
1634736600,166.21,167.11,165.9258,166.9,163.392624095726,163.64059844713822,163.392624095726,163.64059844713822,0,0,0,0,0,169.56,155.68,174.85000000000002,150.39,164.27,167.55159543613206,164.67840456386796,,,,,5022036,0.66,0.63,0.4188288537499216,-0.04974986251222419,-0.5507695247518124,-52.10453897898621,59.17261550814188,59.17261550814188,69.0652437434914,69.0652437434914,233.8762214983449,-231.62252355004577,,,3.063737804521808,4.443217920197345,4.589551473296958,,
1634823000,166.7,166.94,166.24,166.75,163.39841165997032,163.74446909627005,163.39841165997032,163.74446909627005,0,0,0,0,0,169.56,155.68,174.85000000000002,150.39,164.27,167.55034490633437,164.67965509366564,,,,,4412389,0.67,0.63,0.5833313885969321,-0.16260932249514212,-0.5169047264041791,-44.21173879231302,66.72546561744646,66.72546561744646,68.28531770147642,68.28531770147642,233.8762214983449,-231.62252355004577,,,2.880177601215154,4.3819222214137294,4.586136140885206,,
1634909400,168.67,169.54,166.67,167.77,163.30024011614938,163.75981587193903,163.30024011614938,163.75981587193903,0,0,0,0,0,169.56,155.68,174.85000000000002,150.39,164.27,167.55541817359924,164.6745818264008,,,,,10703927,0.66,0.63,0.7961399048990102,0.07525678945241122,-0.2403191859722756,-33.41000715555522,74.93134026320836,74.93134026320836,88.22338538667225,88.22338538667225,233.8762214983449,-231.62252355004577,,,2.5663509879574504,4.310723349513483,4.582100606114122,,
1635168600,168.66,169.21,168.53,168.93,163.31073973629694,163.94787407303946,163.31073973629694,163.94787407303946,0,0,0,0,0,169.56,155.68,174.85000000000002,150.39,164.27,167.56219263973253,164.66780736026752,,,,,4881346,0.67,0.63,1.1535945345308745,0.15459559128557418,0.23364763813300984,-9.992805138638289,88.47713574447607,88.47713574447607,115.56872670701149,115.56872670701149,233.8762214983449,-231.62252355004577,,,1.479013211738572,4.199675893130154,4.575900631300185,,
1635255000,167.88,167.91,166.63,167.68,163.31746013642422,164.05479273684182,163.31746013642422,164.05479273684182,0,0,0,0,0,169.56,155.68,174.85000000000002,150.39,164.27,167.5665002928331,164.66349970716692,,,,,6658890,0.65,0.63,0.6960809505002326,-0.14796576534370784,0.21093696690425565,-57.45862954716964,97.12920019174457,97.12920019174457,114.43332908628157,114.43332908628157,233.8762214983449,-231.62252355004577,,,2.5897345960481744,4.1365409403034095,4.571932267593388,,
1635341400,167.73,168.2,166.86,168.12,163.32462205423354,164.16644792363235,163.32462205423354,164.16644792363235,0,0,0,0,0,169.56,155.68,174.85000000000002,150.39,164.27,167.54846623409517,164.68153376590485,,,,,5823080,0.66,0.63,0.12011606813582043,0.03789144041283859,0.08872612662207033,-51.71276659245225,100.77076824645307,100.77076824645307,108.05390435587006,108.05390435587006,233.8762214983449,-231.62252355004577,,,2.4552788495264752,4.070609093606275,4.5677031898350124,,
1635427800,168.98,169.25,167.53,168.08,163.33309493724207,164.29973624035264,163.33309493724207,164.29973624035264,0,0,0,0,0,169.56,155.68,174.85000000000002,150.39,164.27,167.5393941114498,164.69060588855024,,,,,7000717,0.68,0.63,0.01809505401825352,0.5416893406283616,0.13942715306695125,-34.974817985233656,104.76741987083642,104.76741987083642,112.76072311960311,112.76072311960311,233.8762214983449,-231.62252355004577,,,2.063603414006782,3.991902988523942,4.562699993479711,,
1635514200,166.29,166.73,165.64,166.65,163.33781242987496,164.35442109367213,163.33781242987496,164.35442109367213,0,0,0,0,0,169.56,155.68,174.85000000000002,150.39,164.27,167.54984719140685,164.68015280859316,,,,,7531872,0.67,0.63,0.30204804007414315,0.38410615632056383,0.03871047245262532,-82.19082226529929,77.28829194467022,77.28829194467022,95.60771056211435,95.60771056211435,233.8762214983449,-231.62252355004577,,,3.1684788962937076,3.959611847652168,4.559914336941877,,
1635773400,167.38,167.84,166.91,167.52,163.34503258486023,164.45626732529286,163.34503258486023,164.45626732529286,0,0,0,0,0,172.575,164.345,175.60999999999999,161.31,167.38,167.55432173150803,164.67567826849196,,,,,4975560,0.67,0.63,0.5960020706538065,0.3414136142641739,0.11232475570336332,-50.4636659501229,55.37396241144197,55.37396241144197,82.19646117855689,82.19646117855689,233.8762214983449,-231.62252355004577,,,2.4260493394130744,3.8994721414467133,4.555650870413348,,
1635859800,167.43,167.63,166.963,167.16,163.35234314912623,164.5561772341049,163.35234314912623,164.5561772341049,0,0,0,0,0,172.575,164.345,175.60999999999999,161.31,167.38,167.55486877309144,164.6751312269086,,,,,3760736,0.68,0.63,0.39391527151705896,0.14842879093355343,0.043468850119386795,-49.139619269253416,35.77406746282485,35.77406746282485,66.72232993997955,66.72232993997955,233.8762214983449,-231.62252355004577,,,2.395066058692861,3.840475824475974,4.551334017642677,,
1635946200,165.34,165.95,164.38,165.77,163.354529876101,164.55188793080666,163.354529876101,164.55188793080666,0,0,0,0,0,172.575,164.345,175.60999999999999,161.31,167.38,167.5627223774732,164.66727762252683,,,,,9055208,0.69,0.63,-0.25743908361101137,0.046448508663239685,-0.061630157902089526,-113.66815845200922,-6.141187928309016,-6.141187928309016,42.434490650550025,42.434490650550025,233.8762214983449,-231.62252355004577,,,3.9050625511516466,3.8430086372867844,4.5500427659613765,,
1636032600,167.51,168.14,167.37,167.65,163.3626265197052,164.6638491884221,163.3626265197052,164.6638491884221,0,0,0,0,0,172.575,164.345,175.60999999999999,161.31,167.38,167.482895586696,164.74710441330404,,,,,6656097,0.65,0.63,0.2033674585687862,0.5508079370852307,0.21488019503841793,-38.971940040688835,-6.045776987635605,-6.045776987635605,26.27440143782148,26.27440143782148,233.8762214983449,-231.62252355004577,,,2.1571378463696935,3.77689605725082,4.545261737151003,,
1636119000,168.42,169.94,167.85,169.84,163.37165643674874,164.7900551026016,163.37165643674874,164.7900551026016,0,0,0,0,0,172.575,164.345,175.60999999999999,161.31,167.38,167.4530025309813,164.7769974690187,,,,,9368948,0.66,0.63,0.4683498684031417,0.8776983821730354,0.3216149296416966,-49.447837647485855,22.41390115424365,22.41390115424365,24.987568009962203,24.987568009962203,233.8762214983449,-231.62252355004577,,,1.8765345492809589,3.7023720765461197,4.539929614897517,,
1636381800,170.43,170.7,170.06,170.45,163.38503974057141,164.99711176524468,163.38503974057141,164.99711176524468,0,0,0,0,0,172.575,164.345,175.60999999999999,161.31,167.38,167.6003973288678,164.91960267113214,,,,,4966135,0.7,0.63,0.3673632158219674,0.9809703387370827,0.3480130407343516,-9.656101248274165,34.97708889655307,34.97708889655307,54.956130669734804,54.956130669734804,233.8762214983449,-231.62252355004577,,,0.58459020226821,3.580106120692084,4.532026838848307,,
1636468200,170.73,171.31,170.12,171.29,163.61776123391,165.4116163395448,163.61776123391,165.4116163395448,0,0,0,0,0,172.575,164.345,175.60999999999999,161.31,167.38,167.57562853424875,164.94437146575126,,,,,5781180,0.71,0.63,0.8800151184323116,1.3456326159396528,0.3257864010953161,-28.826244225028397,50.13808386813104,50.13808386813104,80.46007381128699,80.46007381128699,233.8762214983449,-231.62252355004577,,,0.6830521338081543,3.466496160422126,4.524336579697378,,
1636554600,173.67,174.65,172.11,173.15,165.40788856146986,167.40043587613908,165.40788856146986,167.40043587613908,0,0,0,0,0,172.575,164.345,175.60999999999999,161.31,167.38,169.15465937201935,166.46534062798065,,,,,11461779,0.7,0.63,1.2261386017807283,1.735109411552185,0.40871286726024286,-25.348079049277136,71.2750845871081,71.2750845871081,113.54908602506221,113.54908602506221,233.8762214983449,-231.62252355004577,,,0.6006352873231255,3.354109459516283,4.516497016675651,,
1636641000,173.98,174.27,173.74,174.12,166.34932040357452,168.55020964288173,166.34932040357452,168.55020964288173,0,0,0,0,0,172.575,164.345,175.60999999999999,161.31,167.38,169.128224850791,166.491775149209,,,,,5959640,0.72,0.64,1.4720596700771769,1.4257816951792348,0.43368912645831686,-9.21020183474969,95.39866161130661,95.39866161130661,143.64581565970363,143.64581565970363,233.8762214983449,-231.62252355004577,,,0.21824029405007778,3.2311341981254516,4.50790909115592,,
1636727400,173.51,174.67,173.4,174.45,166.67807140010902,169.04772593814442,166.67807140010902,169.04772593814442,0,0,0,1,0,172.575,164.345,175.60999999999999,161.31,167.38,169.1354380213245,166.5045619786755,,,,,7894848,0.73,0.64,1.9172247285850852,1.4167609553687064,0.4695740954205175,-25.401100611545154,118.09853791128668,118.09853791128668,163.49829051124684,163.49829051124684,233.8762214983449,-231.62252355004577,,,0.60189165950128,3.12802664759117,4.500104860523243,,
1636986600,174.1,174.59,173.69,174.18,166.69209643227663,169.23007394057012,166.69209643227663,169.23007394057012,0,0,0,1,1,172.575,164.345,175.60999999999999,161.31,167.38,169.13547736294444,166.50452263705554,,,,,5630808,0.71,0.66,1.6281029776018086,1.2611066038133796,0.40094371888437197,-18.38555853788038,136.25752744380446,136.25752744380446,172.57550650884005,172.57550650884005,233.8762214983449,-231.62252355004577,,,0.4356549154485474,3.0224434424091067,4.4919840814122045,,
1637073000,173.97,174.48,172.86,172.92,166.7044516841602,169.37304751152817,166.7044516841602,169.37304751152817,0,0,0,1,1,172.575,164.345,175.60999999999999,161.31,167.38,169.14594788345875,166.49405211654124,,,,,8667323,0.7,0.65,1.4051285298545049,1.1915351533777443,0.3152855294617978,-38.46452378319697,145.01474194522106,145.01474194522106,162.52917094805423,162.52917094805423,233.8762214983449,-231.62252355004577,,,0.9114359415305102,2.9396588345315147,4.484830139074779,,
1637159400,174.24,174.605,173.89,174.5,166.76650515639173,169.59706326744802,166.76650515639173,169.59706326744802,0,0,0,0,1,172.575,164.345,175.60999999999999,161.31,167.38,169.15581180357324,166.48418819642674,,,,,6523061,0.71,0.65,2.134199048858824,1.3426198624438515,0.4214903082302277,-14.752601561071776,158.65823457485388,158.65823457485388,185.94521983411948,185.94521983411948,233.8762214983449,-231.62252355004577,,,0.34957020057307375,2.8380867312390268,4.476567881455395,,
1637245800,173.96,174.36,173.53,173.94,166.7800380132221,169.75167647264612,166.7800380132221,169.75167647264612,0,0,0,0,1,172.575,164.345,175.60999999999999,161.31,167.38,169.15837469611193,166.48162530388805,,,,,6253445,0.71,0.65,1.5340989432713281,1.4064269089413548,0.23109222731127452,-23.459054941375875,168.92916528105863,168.92916528105863,189.47102669346813,189.47102669346813,233.8762214983449,-231.62252355004577,,,0.555873925501432,2.7485881898375526,4.468734327097844,,
1637332200,173.69,174.1,172.235,172.61,166.79098229291597,169.84994994430707,166.79098229291597,169.84994994430707,0,0,0,0,0,172.575,164.345,175.60999999999999,161.31,167.38,169.14712028178866,166.49287971821133,,,,,8787253,0.7,0.65,0.6642424427923692,1.1998245185344585,0.12221160420755167,-54.778102517748565,148.1664790521856,148.1664790521856,162.0082698714343,162.0082698714343,233.8762214983449,-231.62252355004577,,,1.2979942693409665,2.691702153739647,4.462399182127301,,
1637591400,169.9,170.44,168.42,168.74,166.794358552071,169.79625778962836,166.794358552071,169.79625778962836,0,0,0,0,0,172.575,164.345,175.60999999999999,161.31,167.38,169.23232958513333,166.40767041486666,,,,,13100511,0.7,0.64,-0.3924186880698019,0.6640565154438985,-0.051566194480492544,-147.0423237562534,79.2006644170072,79.2006644170072,134.4057347199586,134.4057347199586,233.8762214983449,-231.62252355004577,,,3.4842406876790903,2.722782096247076,4.460444819501031,,
1637677800,167.28,167.6,166.53,167.28,166.793989603915,169.6712947390547,166.793989603915,169.6712947390547,0,0,0,0,0,172.575,164.345,175.60999999999999,161.31,167.38,169.23660162552758,166.4033983744724,,,,,8053370,0.72,0.64,-0.9132680381784077,0.3583756127032982,-0.17863605027720347,-192.75120400285147,14.767267258420759,14.767267258420759,94.52624556611265,94.52624556611265,233.8762214983449,-231.62252355004577,,,4.567335243553008,2.7951175137884854,4.460658386781854,,
1637764200,166.5825,167.44,166.32,167.12,166.7932060083028,169.54307925909177,166.7932060083028,169.54307925909177,0,0,0,0,0,172.575,164.345,175.60999999999999,161.31,167.38,169.23651980889642,166.40348019110357,,,,,5359457,0.73,0.65,-1.3610192880037042,-0.06327885224581947,-0.17457670736761574,-197.82996847469593,-32.84775823769317,-32.84775823769317,52.068244298177376,52.068244298177376,233.8762214983449,-231.62252355004577,,,4.68767908309456,2.8693356145455864,4.461111974586674,,
1637937000,168.6,168.64,166.37,166.85,166.79252287941506,169.42183301363718,166.79252287941506,169.42183301363718,0,0,0,0,0,172.575,164.345,175.60999999999999,161.31,167.38,169.2003994996607,166.43960050033928,,,,,9605192,0.73,0.65,-1.633311702354093,-0.15460062760143314,-0.14757946008383271,-183.34805535272716,-64.05243371093471,-64.05243371093471,13.36135162847335,13.36135162847335,233.87622149834493,-200.19950305603308,,,4.659025787965613,2.9395195429149994,4.461507406781237,,
1638196200,166.84,167.255,166.38,166.62,166.79186089564,169.30572975820044,166.79186089564,169.30572975820044,0,0,0,0,0,172.575,164.345,175.60999999999999,161.31,167.38,169.19707028965345,166.44292971034653,,,,,7394940,0.77,0.65,-1.755614579017698,0.17620401805376404,-0.19045666038150202,-155.0996429629126,-103.15923543262846,-103.15923543262846,-25.47884405856059,-25.47884405856059,233.87622149834493,-133.77372339311293,,,4.65329512893983,3.0067264286414632,4.461890599033302,,
1638282600,167.77,169.01,165.37,165.5,166.78920243231207,169.15496780689847,166.78920243231207,169.15496780689847,0,0,0,0,0,172.575,164.345,175.60999999999999,161.31,167.38,169.2028587636773,166.43714123632265,,,,,12925270,0.78,0.66,-1.9445537055227833,0.07923052675521036,-0.23612618605397304,-174.39159362701855,-184.09351613698584,-184.09351613698584,-78.35040141803567,-78.35040141803567,233.87622149834493,-133.77372339311293,,,5.23209169054441,3.0939956545984417,4.463429462353005,,
1638369000,166.84,167.47,166.06,166.16,166.78791411576398,169.03690632427498,166.78791411576398,169.03690632427498,0,0,0,0,0,171.985,159.235,177.13,154.09,166.84,169.20587886860744,166.43412113139257,,,,,7825484,0.77,0.66,-1.523594859108725,0.0965603829318162,-0.15450910319107775,-161.21194416342135,-244.4862059900821,-244.4862059900821,-133.72900294205115,-133.72900294205115,233.87622149834493,-133.77372339311293,,,4.836676217765041,3.1623360688402693,4.464175210116066,,
1638455400,165.89,165.9405,164.63,165.24,166.78379980184638,168.86795705665637,166.78379980184638,168.86795705665637,0,0,0,0,0,171.985,159.235,177.13,154.09,166.84,169.20937508866646,166.43062491133352,,,,,9604118,0.78,0.66,-2.063987600602511,-0.22334830068735606,-0.2463060159078981,-188.5262901531955,-287.0456310712505,-287.0456310712505,-184.83454565178425,-184.83454565178425,233.87622149834493,-133.77372339311293,,,5.6561604584527245,3.260133103727032,4.466556799023832,,
1638541800,165.49,166.93,165,166.63,166.78042557646808,168.71999795639533,166.78042557646808,168.71999795639533,0,0,0,0,0,171.985,159.235,177.13,154.09,166.84,169.20215116213384,166.43784883786614,,,,,9507938,0.76,0.66,-1.6403006078111873,-0.016216618901735678,-0.20442528482460884,-181.45894189010704,-279.6341062508384,-279.6341062508384,-216.4343991848023,-216.4343991848023,233.87622149834493,-133.77372339311293,,-299.6341062508384,5.444126074498568,3.3457798868945434,4.468509984389415,,
1638801000,166.14,166.8,165.93,166.22,166.77889765323835,168.61394705614453,166.77889765323835,168.61394705614453,0,0,0,0,0,171.985,159.235,177.13,154.09,166.84,169.14003989088823,166.49996010911175,,,,,4813624,0.77,0.66,-1.4443862522234587,-0.20811587380706886,-0.3761012129663792,-163.695066526128,-249.65835703925387,-249.65835703925387,-227.50905180295283,-227.50905180295283,233.87622149834493,-133.77372339311293,,-269.6583570392539,4.9111747851002825,3.407167922118298,4.469394429545681,,
1638887400,166.2,167.08,166.18,166.81,166.77786728829682,168.52176089708004,166.77786728829682,168.52176089708004,0,0,0,0,0,171.985,159.235,177.13,154.09,166.84,169.14129235257386,166.49870764742613,,,,,4900713,0.76,0.66,-0.4488834897190252,-0.28435627686124815,-0.23187331559039173,-158.91983121323045,-217.81945117674636,-217.81945117674636,-198.44024992433344,-198.44024992433344,233.87622149834493,-133.77372339311293,,-237.81945117674636,4.767908309455583,3.460530290249172,4.469990860874172,,
1638973800,166.51,166.96,166.28,166.9,166.7770367842243,168.43707223444946,166.7770367842243,168.43707223444946,0,0,0,0,0,171.985,159.235,177.13,154.09,166.84,169.13794171132963,166.50205828867036,,,,,4288935,0.76,0.66,-0.08916126063949581,-0.10541182527825087,-0.20904183328829254,-157.00973708807155,-193.97917200562128,-193.97917200562128,-146.2986136633711,-146.2986136633711,233.87622149834493,-133.77372339311293,,,4.710601719197707,3.509552699227546,4.470471601849844,,
1639060200,166.54,166.58,165.65,165.88,166.77496178565443,168.33124587231418,166.77496178565443,168.33124587231418,0,0,0,0,0,171.985,159.235,177.13,154.09,166.84,169.13991012438404,166.50008987561597,,,,,4913771,0.77,0.66,-0.29046169815204387,-0.3011366560751082,-0.2779313144565933,-170.5867997597467,-174.9572009056171,-174.9572009056171,-136.9132587056087,-136.9132587056087,233.87622149834488,-121.88688635314352,,,5.071633237822346,3.570810759564597,4.471672723999639,,
1639146600,166.72,166.915,166.18,166.58,166.77393928458417,168.2501460341842,166.77393928458417,168.2501460341842,0,0,0,0,0,171.985,159.235,177.13,154.09,166.84,169.14105319380954,166.49894680619045,,,,,6450614,0.75,0.66,-0.06331820908507729,-0.20160702533319386,-0.22695788136296716,-160.37086711876748,-152.7682086099212,-152.7682086099212,-108.39022401852944,-108.39022401852944,233.87622149834488,-121.88688635314352,,,4.767908309455583,3.617755761521106,4.472264603291259,,
1639405800,166.9,167.255,166.67,167,166.77388805724235,168.19125011127502,166.77388805724235,168.19125011127502,0,0,0,0,0,171.985,159.235,177.13,154.09,166.84,169.13495662457407,166.5050433754259,,,,,6610673,0.76,0.66,0.08921949905873582,0.047435710837155455,-0.1436376259773448,-150.92594826201355,-121.76229215358754,-121.76229215358754,-59.75045924092022,-59.75045924092022,233.87622149834488,-121.88688635314352,,,4.4871060171919845,3.65184792841016,4.472294256465886,,
1639492200,165.34,166.14,165.16,165.44,166.77085011906604,168.07604030298972,166.77085011906604,168.07604030298972,0,0,0,0,0,171.985,159.235,177.13,154.09,166.84,169.1437814054882,166.4962185945118,,,,,8637879,0.78,0.65,-0.014100948694617338,-0.27882462285608517,0.06299824557172966,-180.03171861650122,-101.80924094847734,-101.80924094847734,-61.90313853825692,-61.90313853825692,233.87622149834488,-121.88688635314352,,,5.352435530085962,3.718537638279799,4.474052780489102,,
1639578600,165.27,166.4,163.8,166.15,166.76512814080618,167.9125485264019,166.76512814080618,167.9125485264019,0,0,0,0,0,171.985,159.235,177.13,154.09,166.84,169.05547845655136,166.58452154344863,,,,,14231184,0.76,0.66,-0.0023382792416992318,-0.13553493182703022,0.35476567752704946,-190.24765125748038,-92.24920739411043,-92.24920739411043,-73.12914028537662,-73.12914028537662,233.87622149834488,-121.88688635314352,,,6.131805157593117,3.8131755802136547,4.477364973050748,,
1639665000,167.01,168.18,166.94,168.16,166.7656285840813,167.87737407438613,166.7656285840813,167.87737407438613,0,0,0,0,0,171.985,159.235,177.13,154.09,166.84,169.07941583194417,166.5605841680558,,,,,11186197,0.71,0.65,0.6792210034466108,0.3199445951805091,0.5060868581350346,-134.41796668285548,-74.5335954370843,-74.5335954370843,-39.10237152303202,-39.10237152303202,233.87622149834488,-121.88688635314352,,,4.332378223495703,3.8335364681854998,4.4770752892354535,,
1639751400,168.73,169.125,167.78,167.8,166.76778956593128,167.87619077735138,166.76778956593128,167.87619077735138,0,0,0,0,0,171.985,159.235,177.13,154.09,166.84,169.0723558577743,166.56764414222567,,,,,9867792,0.72,0.65,0.27030599104207065,0.019886121016722474,0.2973318943990834,-119.48263705142703,-49.52359158920776,-49.52359158920776,0.4964161065453183,0.4964161065453183,233.87622149834488,-121.88688635314352,,,3.8510028653295123,3.834221424936245,4.475824395281595,,
1640010600,167.88,168,167.06,167.09,166.76852205431103,167.84710094294545,166.76852205431103,167.84710094294545,0,0,0,0,0,171.985,159.235,177.13,154.09,166.84,169.06839762476105,166.57160237523894,,,,,6972959,0.75,0.65,0.20314681123860714,-0.36283244915533036,0.24054861406676295,-122.72129512576618,-26.261379780204237,-26.261379780204237,20.263043837802822,20.263043837802822,233.87622149834488,-121.88688635314352,,,4.263610315186245,3.851060204946049,4.475400391125561,,
1640097000,167.69,167.7754,166.74,167.02,166.7686201121446,167.8067283569476,166.7686201121446,167.8067283569476,0,0,0,0,0,171.985,159.235,177.13,154.09,166.84,169.06577010387522,166.5742298961248,,,,,4548504,0.75,0.65,0.049082389250078046,-0.4529653380344533,0.04920628253384064,-105.51230389604264,-8.921934777467364,-8.921934777467364,25.756955228006394,25.756955228006394,233.87622149834488,-121.88688635314352,,,4.446991404011456,3.8744300558897904,4.475343629912546,,
1640183400,167.58,168.64,167.11,168.59,166.76944984219026,167.78230371549867,166.76944984219026,167.78230371549867,0,0,0,0,0,171.985,159.235,177.13,154.09,166.84,169.05482666793864,166.58517333206134,,,,,4672941,0.71,0.65,0.39215342733171304,-0.3524493991256225,0.10576372551965209,-29.97095054462007,14.412418883730595,14.412418883730595,61.08112620612653,61.08112620612653,233.87622149834488,-121.88688635314352,,,4.234957020057299,3.888568368210085,4.474863336985762,,
1640269800,168.69,169.16,168.01,168.97,166.77205813421384,167.79377807959676,166.77205813421384,167.79377807959676,0,0,0,0,0,171.985,159.235,177.13,154.09,166.84,169.05478753811556,166.58521246188442,,,,,4551124,0.71,0.65,0.7211716730904045,-0.5395943151169612,0.15457686703692763,-16.705110115991868,43.04173147008751,43.04173147008751,100.30035664280135,100.30035664280135,215.25884602561177,-121.88688635314355,,,3.719197707736395,3.8819263815248424,4.4733535155487,,
1640615400,168.96,169.42,168.78,169.37,166.77618429178784,167.83469658627925,166.77618429178784,167.83469658627925,0,0,0,0,0,171.985,159.235,177.13,154.09,166.84,169.05496043215598,166.585039567844,,,,,4763297,0.72,0.65,0.6481520589359124,-0.6095086637730568,0.17523615363426195,-10.242435503732533,72.05129020539385,72.05129020539385,130.07040767600654,130.07040767600654,215.25884602561177,-121.88688635314355,,,3.277936962750716,3.858240521965073,4.470965070887765,,
1640701800,169.33,169.65,168.62,168.64,166.77998572177427,167.86779868093495,166.77998572177427,167.86779868093495,0,0,0,0,0,171.985,159.235,177.13,154.09,166.84,169.03982767898768,166.6001723210123,,,,,4545714,0.71,0.64,0.3799498299242759,-0.7439494187469131,0.1571348793255919,-13.020045131863315,94.43465074105416,94.43465074105416,139.20137181237476,139.20137181237476,215.25884602561177,-121.88688635314355,,,3.369627507163321,3.8390792272669647,4.468764596234968,,
1640788200,167.36,168.69,167.28,168.59,166.78112900704545,167.84757912481984,166.78112900704545,167.84757912481984,0,0,0,0,0,171.985,159.235,177.13,154.09,166.84,169.72502890060872,167.2849710993913,,,,,5889714,0.73,0.65,0.7741671080295345,-0.7533860553928224,0.15366311499988777,-36.28252576745916,102.17305424524677,102.17305424524677,117.64986125363203,117.64986125363203,215.25884602561177,-121.88688635314355,,,4.137535816618911,3.850783407241551,4.4681028004715,,
1640874600,168.43,169.81,168.37,169.8,166.78442605198643,167.8704701395328,166.78442605198643,167.8704701395328,0,0,0,0,0,171.985,159.235,177.13,154.09,166.84,170.2462626379373,167.8937373620627,,,,,5426311,0.76,0.65,0.9148415668053071,-0.43381254817270803,0.08802855777931361,-24.762019732208017,111.97136299728972,111.97136299728972,131.5679805013756,131.5679805013756,215.25884602561177,-121.88688635314355,,,3.512893982808021,3.837532841577491,4.466194291345299,,
1640961000,170.53,171.04,170.04,170.96,166.7910198061283,167.9572987615119,166.7910198061283,167.9572987615119,0,0,0,0,0,171.985,159.235,177.13,154.09,166.84,170.25320925951448,167.8867907404855,,,,,7039330,0.74,0.64,0.6910501939522847,-0.4860953469653388,0.18948665976358892,-15.822715960575803,127.5789713888311,127.5789713888311,158.79418817191387,158.79418817191387,215.25884602561177,-121.88688635314355,,,2.5558739255014373,3.7872717076137246,4.462377467437519,,
1641220200,168.86,169.01,168,168.33,166.7935652211011,167.96152233949184,166.7935652211011,167.96152233949184,0,0,0,0,0,174.65999999999997,165.24,178.27999999999997,161.62000000000003,168.86,170.30777598861008,167.8522240113899,,,,,9014423,0.71,0.64,0.1302805018781304,-0.7680655355176675,0.0697798816600579,-50.907868742721405,130.47569375784272,130.47569375784272,136.26913849586597,136.26913849586597,215.25884602561177,-121.88688635314355,,,3.7249283667621778,3.7848268707175854,4.460904042660945,,
1641306600,168.9,169.72,168.73,169.57,166.7975495063736,167.99392146343334,166.7975495063736,167.99392146343334,0,0,0,0,0,174.65999999999997,165.24,178.27999999999997,161.62000000000003,168.86,170.4681502245296,168.00184977547042,,,,,6965598,0.71,0.64,0.6096396901640784,-0.4176562796248558,0.15514900466616682,-38.352887600090995,116.07785260829618,116.07785260829618,125.67641337466054,125.67641337466054,215.25884602561177,-121.88688635314355,,,3.3065902578796624,3.766072493743549,4.458597721412631,,
1641393000,170.62,170.93,168.9,169.06,166.80186209477247,168.03165003349477,166.80186209477247,168.03165003349477,0,0,0,0,0,174.65999999999997,165.24,178.27999999999997,161.62000000000003,168.86,170.46940482187168,168.00059517812838,,,,,8715585,0.72,0.64,0.5097791479967531,0.04569742042175044,-0.09237267693048554,-35.429124868245246,99.95939634269892,99.95939634269892,117.10407436400666,117.10407436400666,215.25884602561177,-121.88688635314355,,,3.209169054441258,3.744233143182675,4.4561013604396615,,
1641479400,167.16,167.75,166.86,166.99,166.8021309017759,167.9886990517891,166.8021309017759,167.9886990517891,0,0,0,0,0,174.65999999999997,165.24,178.27999999999997,161.62000000000003,168.86,170.49283358136876,167.97716641863127,,,,,10902661,0.7,0.65,-0.39174167510886226,-0.041314733414305575,-0.191741955092489,-70.51427765039084,55.20858096604971,55.20858096604971,96.47224323135435,96.47224323135435,215.25884602561177,-121.88688635314355,,,4.378223495701998,3.7690955099481385,4.455945760310316,,
1641565800,167.37,168.01,166.86,167.75,166.80239917170243,167.94743242230717,166.80239917170243,167.94743242230717,0,0,0,0,0,174.65999999999997,165.24,178.27999999999997,161.62000000000003,168.86,170.4960707009921,167.97392929900792,,,,,8191936,0.69,0.66,-0.2975772432163461,0.0897017642128959,-0.15706293727738888,-70.51427765039084,13.594099379938342,13.594099379938342,68.84619528088236,68.84619528088236,215.25884602561177,-121.88688635314355,,,4.378223495701998,3.792982881938486,4.4557904710703395,,
1641825000,167.36,168.3,167.31,168.26,166.80355701551522,167.9252546802559,166.80355701551522,167.9252546802559,0,0,0,0,0,174.65999999999997,165.24,178.27999999999997,161.62000000000003,168.86,170.49642115752334,167.97357884247668,,,,,7026475,0.68,0.66,-0.26991822205819493,0.20094536240821048,-0.11649441595182863,-62.77490571315301,-9.812735701965934,-9.812735701965934,42.626551619932926,42.626551619932926,215.25884602561177,-121.88688635314355,,,4.120343839541546,3.805820566550371,4.455120248030322,,
1641911400,168.44,170.31,168.37,170.29,166.80680924925045,167.94509959475567,166.80680924925045,167.94509959475567,0,0,0,0,0,174.65999999999997,165.24,178.27999999999997,161.62000000000003,168.86,170.51722976249604,167.95277023750398,,,,,8368980,0.69,0.65,0.3985380179976843,0.5179939802538639,0.08343145416867034,-44.544385149881165,3.9169429455001143,3.9169429455001143,29.72334872845532,29.72334872845532,215.25884602561177,-121.88688635314355,,,3.512893982808021,3.794333249540867,4.453237678069837,,
1641997800,170.19,170.75,170.01,170.74,166.81329894106014,168.02783686554957,166.81329894106014,168.02783686554957,0,0,0,0,0,174.65999999999997,165.24,178.27999999999997,161.62000000000003,168.86,170.46443405442633,168.00556594557366,,,,,6280745,0.68,0.64,0.5192199112915903,0.7442474424442272,-0.025387792805178493,-16.33867408972502,29.86147870306729,29.86147870306729,30.137738652291237,30.137738652291237,215.25884602561177,-121.88688635314355,,,2.5730659025788016,3.7464404124050996,4.449481091105819,,
1642084200,170.09,170.22,169.27,170.16,166.81831193018888,168.0786001257241,166.81831193018888,168.0786001257241,0,0,0,0,0,174.65999999999997,165.24,178.27999999999997,161.62000000000003,168.86,170.46600861030223,168.0039913896978,,,,,7034202,0.69,0.63,0.08727073713810517,0.5721062731854977,0.20044244891879667,-29.065641275405007,35.34517185399327,35.34517185399327,46.31255815584523,46.31255815584523,215.25884602561177,-121.88688635314355,,,2.9971346704871,3.7170558735063546,4.446579300055632,,
1642170600,170.22,170.56,169.4796,169.67,166.82372949676193,168.13551008157805,166.82372949676193,168.13551008157805,0,0,0,0,0,174.65999999999997,165.24,178.27999999999997,161.62000000000003,168.86,170.41771580906254,168.05228419093746,,,,,7865900,0.69,0.64,-0.31037332360395337,0.6366739756912398,0.19506300343680102,-25.460813813082673,41.44862171827368,41.44862171827368,53.65552144683449,53.65552144683449,215.25884602561177,-121.88688635314355,,,2.8770200573065874,3.6841132924789126,4.443443317552637,,
1642516200,169.6401,170.005,169.09,169.39,166.8283656016635,168.17506262739852,166.8283656016635,168.17506262739852,0,0,0,0,0,174.65999999999997,165.24,178.27999999999997,161.62000000000003,168.86,170.41692139640188,168.05307860359815,,,,,9323046,0.71,0.64,0.26004809156438025,0.39491587266316763,0.11141409972860757,-32.16139005030034,42.20206527936905,42.20206527936905,43.7089524015598,43.7089524015598,215.25884602561177,-121.88688635314355,,,3.100286532951287,3.6612181254386136,4.440759687613373,,
1642602600,170.3919,172.1895,170.2,172.08,166.83518804801383,168.2561582106378,166.83518804801383,168.2561582106378,0,0,0,0,0,174.65999999999997,165.24,178.27999999999997,161.62000000000003,168.86,170.45939104464614,168.01060895535386,,,,,15784477,0.72,0.63,0.5989117382892715,0.8235535326280284,0.3953016509647374,-32.12293106066472,52.981089020968284,52.981089020968284,74.53913650416676,74.53913650416676,215.25884602561177,-121.88688635314355,,,2.464183381088832,3.6142755864445046,4.4368104842037335,,
1642689000,172.31,172.5999,171.585,171.65,166.8447364235423,168.38784416316182,166.8447364235423,168.38784416316182,0,0,0,0,0,174.65999999999997,165.24,178.27999999999997,161.62000000000003,168.86,170.44859891075842,168.0214010892416,,,,,9570477,0.72,0.63,0.6309387936283484,0.6899076864243704,0.31999794963881273,-8.45789940161116,69.92571741375333,69.92571741375333,103.81497419932344,103.81497419932344,215.25884602561177,-121.88688635314355,,,1.6704871060171873,3.5380485872120606,4.431283364566997,,
1642775400,172.04,172.12,170.74,171.09,166.85259429282593,168.48156007833194,166.85259429282593,168.48156007833194,0,0,0,0,0,174.65999999999997,165.24,178.27999999999997,161.62000000000003,168.86,170.4508240539901,168.01917594600994,,,,,10982517,0.7,0.63,1.0123781468417816,0.5976493188122135,0.18481196150723864,-22.89613171345228,84.03145119012567,84.03145119012567,112.24291874287033,112.24291874287033,215.25884602561177,-121.88688635314355,,,2.15472779369627,3.4838007129565396,4.426734801987834,,
1643034600,171.78,172.14,170.85,172.03,166.8606540444886,168.5758714478091,166.8606540444886,168.5758714478091,0,0,0,0,0,174.65999999999997,165.24,178.27999999999997,161.62000000000003,168.86,170.44957653584146,168.02042346415854,,,,,15735970,0.71,0.63,1.0497970333953772,0.8807335953747412,0.3432278675586051,-19.966867485067628,95.0062737645054,95.0062737645054,116.95591891326484,116.95591891326484,198.41918778955983,-121.88688635314355,,,2.091690544412611,3.429208157327366,4.422069378895776,,
1643121000,171.95,173.1499,171.775,172.58,166.87052736308104,168.70239609691464,166.87052736308104,168.70239609691464,0,0,0,0,0,174.65999999999997,165.24,178.27999999999997,161.62000000000003,168.86,170.44309098055254,168.0269090194475,,,,,17382097,0.7,0.64,1.0555860220730073,0.8549850753948502,0.7143521293119822,-13.029886637932423,114.27555329526079,114.27555329526079,152.8141123567716,152.8141123567716,198.41918778955983,-121.88688635314355,,,1.5616045845272173,3.3559688015312816,4.416354164521413,,
1643207400,171.39,171.725,169.48,169.79,166.87584139432363,168.73485899507483,166.87584139432363,168.73485899507483,0,0,0,0,0,174.65999999999997,165.24,178.27999999999997,161.62000000000003,168.86,170.48293418883304,167.98706581116696,,,,,17799403,0.67,0.64,-0.11817011112810703,0.3881985329970218,0.49313709514771353,-50.17720320197573,117.47074101841439,117.47074101841439,123.86111646472156,123.86111646472156,198.41918778955983,-121.88688635314355,,,2.8767908309455645,3.337177508567136,4.413278113904878,,
1643293800,168.02,169.09,167.325,167.6,166.87688217075853,168.68238413252288,166.87688217075853,168.68238413252288,0,0,0,0,0,174.65999999999997,165.24,178.27999999999997,161.62000000000003,168.86,170.51245673107658,167.95754326892344,,,,,15875306,0.67,0.64,-0.7372090720607193,0.30216830078909773,0.21549177164809696,-85.05845252463926,67.02208117543891,67.02208117543891,100.65452107075589,100.65452107075589,198.41918778955983,-121.88688635314355,,,4.111747851002872,3.3675528161136357,4.412675655837141,,
1643380200,166.56,167.46,166.365,167.1,166.87602196662115,168.59469651948277,166.87602196662115,168.59469651948277,0,0,0,0,0,174.65999999999997,165.24,178.27999999999997,161.62000000000003,168.86,170.51396466572785,167.9560353342722,,,,,9782484,0.69,0.64,-0.7434147850908794,0.13646770149525214,0.08797091929768851,-100.59719932267002,12.973160074607911,12.973160074607911,71.42740073870657,71.42740073870657,198.41918778955983,-121.88688635314355,,,4.661891117478505,3.4183111808730424,4.4131735888274335,,
1643639400,167.79,168.14,167.46,168.09,166.8773294152393,168.5529594010717,166.8773294152393,168.5529594010717,0,0,0,0,0,174.65999999999997,165.24,178.27999999999997,161.62000000000003,168.86,170.50706048416686,167.96293951583317,,,,,8539265,0.67,0.64,-0.38403769451321,-0.00991143508025617,0.22188289153107424,-82.87331625616582,-20.70989941140403,-20.70989941140403,40.71496735533637,40.71496735533637,198.41918778955983,-121.88688635314355,,,4.034383954154723,3.442470897472324,4.412416766380535,,
1643725800,168.57,168.85,167.87,168.23,166.8794452405835,168.52877667946103,166.8794452405835,168.52877667946103,0,0,0,0,0,171.96245,162.97255,175.3549,159.58010000000002,168.57,170.50249064751014,167.96750935248986,,,,,9763909,0.68,0.64,-0.28286188750393026,0.06111109781482609,0.3974482958732413,-76.23697647784013,-38.875238588460775,-38.875238588460775,14.184898707403988,14.184898707403988,198.41918778955983,-121.88688635314355,,,3.7994269340974185,3.456469173418406,4.411192011470879,,
1643812200,168.34,169.12,168.155,168.84,166.88212057476812,168.51660700575667,166.88212057476812,168.51660700575667,0,0,0,0,0,171.96245,162.97255,175.3549,159.58010000000002,168.57,170.503775602223,167.966224397777,,,,,9085285,0.68,0.63,-0.7786367093614144,0.25006172598432924,0.4676517753723305,-71.6239110221747,-37.875357066472965,-37.875357066472965,-3.1685198838883295,-3.1685198838883295,198.41918778955983,-121.88688635314355,,,3.636103151862464,3.4635136431613103,4.409643382380753,,
1643898600,168.31,168.82,167.03,168.6,166.88256528890446,168.46123810357014,166.88256528890446,168.46123810357014,0,0,0,0,0,171.96245,162.97255,175.3549,159.58010000000002,168.57,170.49105235098224,167.97894764901778,,,,,10650800,0.68,0.64,-0.7353281801678837,0.226023272459147,0.418115366761405,-89.83337992611736,-42.272724676822726,-42.272724676822726,-16.20325481486646,-16.20325481486646,198.41918778955983,-121.88688635314355,,,4.280802292263609,3.495564178420224,4.409385957625274,,
1643985000,168.04,169.1,167.99,168.86,166.88490801559996,168.4453111191164,166.88490801559996,168.4453111191164,0,0,0,0,0,171.96245,162.97255,175.3549,159.58010000000002,168.57,170.46894748383207,168.00105251616796,,,,,9619611,0.69,0.64,-0.5411815592021716,0.0383914114349362,0.5816203248680465,-74.29463312808615,-29.375354368423675,-29.375354368423675,-20.5939546660522,-20.5939546660522,198.41918778955983,-121.88688635314355,,,3.730659025787961,3.504783584199351,4.408029859859365,,
1644244200,169.45,170.3,169.19,170.11,166.88961968789647,168.47659695758244,166.88961968789647,168.47659695758244,0,0,0,0,0,171.96245,162.97255,175.3549,159.58010000000002,168.57,170.44790419822505,168.02209580177498,,,,,7796866,0.69,0.63,-0.4626940427718379,0.16148473995787235,0.7529675767420677,-54.87119963054749,-9.405279255868635,-9.405279255868635,12.972071564498489,12.972071564498489,198.41918778955983,-121.88688635314355,,,3.042979942693411,3.486673637473628,4.405302487397495,,
1644330600,170.1,170.78,169.95,170.63,166.8958252429656,168.53616178277528,166.8958252429656,168.53616178277528,0,0,0,0,0,171.96245,162.97255,175.3549,159.58010000000002,168.57,170.44724522457446,168.02275477542557,,,,,5801993,0.69,0.63,-0.4907980068912078,0.1865658168371418,0.5651573378089918,-42.56969174877303,12.506734871293126,12.506734871293126,56.330763125616656,56.330763125616656,198.41918778955983,-121.88688635314355,,,2.6074498567335307,3.4521942735230358,4.401710374249315,,
1644417000,170.68,171.42,170.55,171.21,166.90320521251013,168.61668485011742,166.90320521251013,168.61668485011742,0,0,0,0,0,171.96245,162.97255,175.3549,159.58010000000002,168.57,170.4448731946586,168.02512680534142,,,,,8002766,0.69,0.63,0.3631170707528614,0.3820166859560761,0.5821082035307947,-32.857975000003236,38.78074835219827,38.78074835219827,91.32877531400857,91.32877531400857,198.41918778955983,-121.88688635314355,,,2.2636103151862397,3.405583137901985,4.397438446059378,,
1644503400,170.5201,171.99,170.46,170.56,166.91039241488272,168.69055603246576,166.91039241488272,168.69055603246576,0,0,0,0,0,171.96245,162.97255,175.3549,159.58010000000002,168.57,170.42483399989695,168.04516600010308,,,,,10693524,0.68,0.63,0.7688073252435965,0.29367948103110075,0.45630102169679165,-34.26090555425317,62.99592932028639,62.99592932028639,111.42629125646263,111.42629125646263,198.41918778955983,-121.38444613698198,,,2.3151862464183335,3.3628224754908613,4.393278102004151,,
1644589800,170.75,174.2,170.71,173.81,166.91805976270513,168.77123618805535,166.91805976270513,168.77123618805535,0,0,0,0,0,171.96245,162.97255,175.3549,159.58010000000002,168.57,170.48604199225923,167.9839580077408,,,,,25741494,0.68,0.63,1.6991177023941793,0.5769304398864054,0.7901028265560014,-49.74396231222521,90.74157365453028,90.74157365453028,146.23286232301808,146.23286232301808,198.41918778955983,-121.38444613698198,,,2.1719197707736346,3.3161204086392053,4.388839823620074,,
1644849000,173.78,175,173.68,174.74,167.1607047426623,169.18717053357366,167.1607047426623,169.18717053357366,0,0,0,0,0,171.96245,162.97255,175.3549,159.58010000000002,168.57,170.65678189492039,168.14321810507963,,,,,13650704,0.68,0.63,1.6732514738978306,0.5399059472901462,0.8295002545456795,-16.91869944074915,119.4204355208013,119.4204355208013,176.77815925334335,176.77815925334335,198.41918778955983,-121.38444613698198,,,0.606615543092596,3.2098653158726718,4.381282931950689,,
1644935400,173.1,173.34,172.39,173.08,167.17119983808155,169.31369325774725,167.17119983808155,169.31369325774725,0,0,0,0,0,171.96245,162.97255,175.3549,159.58010000000002,168.57,170.6726503085138,168.12734969148624,,,,,12607006,0.7,0.64,1.2243152584153507,0.6918730707600691,0.7691857406884347,-37.50843743939698,138.75397516168425,138.75397516168425,177.42105444345012,177.42105444345012,198.41918778955983,-121.38444613698198,,,1.3448552134600107,3.1367276647976654,4.375216143302356,,
1645021800,173.49,174.86,173.48,174.86,167.29840527394805,169.58933283213318,167.29840527394805,169.58933283213318,0,0,0,0,0,171.96245,162.97255,175.3549,159.58010000000002,168.57,170.68168053733524,168.11831946266477,,,,,12772069,0.66,0.63,1.5021712314999112,0.7588296941750186,0.9089872876410275,-22.011115553260076,152.4011230184649,152.4011230184649,179.69541873202618,179.69541873202618,198.41918778955983,-121.38444613698198,,,0.7892027908040854,3.044667865817525,4.368051281459202,,
1645108200,176.7,177.53,176.39,177.25,169.59866629347138,172.08342263416162,169.59866629347138,172.08342263416162,0,0,0,0,0,171.96245,162.97255,175.3549,159.58010000000002,168.57,171.973970948909,169.356029051091,,,,,18612546,0.7,0.62,2.130601825686722,1.1615185963549708,1.1256949218890802,-13.532114030592279,168.15484207151613,168.15484207151613,199.66228017761858,199.66228017761858,198.41918778955983,-121.38444613698198,,,0.485190409026806,2.94429620084534,4.360293317678118,,
1645194600,177.07,177.25,176.51,177.12,169.61248993724067,172.2573040994886,169.61248993724067,172.2573040994886,0,0,0,1,0,171.96245,162.97255,175.3549,159.58010000000002,168.57,171.97200522322478,169.35799477677526,,,,,12760663,0.69,0.62,2.0508748118478453,1.4683995480568681,1.057534551417642,-11.643912072835176,181.9278089675497,181.9278089675497,209.4737427596169,209.4737427596169,198.41918778955983,-121.38444613698198,229.4737427596169,,0.4174894217207386,2.845205738918885,4.352415587616265,,
1645540200,177.67,178.07,176.8175,177.49,169.8560988004063,172.66049216945086,169.8560988004063,172.66049216945086,0,0,0,1,0,171.96245,162.97255,175.3549,159.58010000000002,168.57,172.23309906051657,169.63690093948344,,,,,14960494,0.68,0.63,1.823483695125128,1.4090005667852632,0.8276394930997121,-10.567489881630252,190.758608187559,190.758608187559,208.42020662757756,208.42020662757756,198.41918778955983,-121.38444613698198,228.42020662757756,,0.37889458561046463,2.7484876544754178,4.3444764847151545,,
1645626600,177.39,178.39,177.36,178.29,170.63517228381687,173.5928643767479,170.63517228381687,173.5928643767479,0,0,0,1,0,171.96245,162.97255,175.3549,159.58010000000002,168.57,172.29586363071832,169.89413636928165,,,,,11772201,0.69,0.63,1.9350420290884065,1.4834620633253472,0.8800388843420593,-14.548204761042701,197.00492531242745,197.00492531242745,209.49755956216435,209.49755956216435,198.41918778955983,-121.38444613698198,229.49755956216435,,0.5216220763923823,2.6611595925898084,4.336838413969255,,
1645713000,182.59,182.6,175.27,177.14,170.64449301851454,173.65981871491465,170.64449301851454,173.65981871491465,0,0,0,1,0,171.96245,162.97255,175.3549,159.58010000000002,168.57,174.4082520296331,171.99174797036687,,,,,32725999,0.67,0.62,1.4859784117639412,0.9963862658596454,1.0215600744957398,-47.24255739607496,207.84615689363977,207.84615689363977,229.5286200560644,229.5286200560644,198.41918778955983,-121.38444613698198,249.5286200560644,,1.6938695383924964,2.623226649287953,4.3315577568751955,,
1645799400,176.42,176.79,175.79,176.55,170.65482370179421,173.74433562805527,170.65482370179421,173.74433562805527,0,0,0,0,0,171.96245,162.97255,175.3549,159.58010000000002,168.57,174.41109618616557,171.9889038138344,,,,,11530929,0.65,0.62,1.5066263542281384,0.8428225617416275,1.0084190905208354,-39.02141936604169,195.49717478195362,195.49717478195362,203.7298295230777,203.7298295230777,198.41918778955983,-120.67580667499095,,,1.4022098827752538,2.5753436388364745,4.325704913969901,,
1646058600,178.86,178.99,176.5,178.38,170.75251361560157,173.9374040950349,170.75251361560157,173.9374040950349,0,0,0,0,0,171.96245,162.97255,175.3549,159.58010000000002,168.57,174.42685334513902,171.97314665486093,,,,,16055844,0.62,0.62,1.1214861959491702,1.1896143796019707,1.1111251824237172,-41.51104921455014,185.20043775363325,185.20043775363325,197.55336559992955,197.55336559992955,198.41918778955983,-120.67580667499095,,,1.0539298127592756,2.5156803515393293,4.319167900780669,,
1646145000,179.0456,181.76,179.03,181.62,173.86436544858154,177.17354206807585,173.86436544858154,177.17354206807585,0,0,0,0,0,190.385,171.2606,198.17,163.47560000000001,179.0456,174.47911455449042,171.92088544550953,,,,,21942127,0.64,0.63,1.636109075089696,1.689734085482739,1.2216487791449167,-57.831923239749166,197.03837427086262,197.03837427086262,197.3817018235739,197.3817018235739,179.28334838900338,-120.67580667499092,,,1.4260543992952337,2.472949922039561,4.313387454224254,,
1646231400,180.13,180.71,178.788,179.73,173.8742594636693,177.23796473207287,173.8742594636693,177.23796473207287,0,0,0,0,0,190.385,171.2606,198.17,163.47560000000001,179.0456,174.49279471041632,171.90720528958363,,,,,19727192,0.66,0.63,1.584266862810216,1.4532011170322334,1.0698950415995614,-63.23552378956334,191.725226939735,191.725226939735,195.4962101956276,195.4962101956276,179.28334838900338,-120.67580667499092,,,1.5592996366038947,2.4371204990812996,4.307884781261976,,
1646317800,179.96,181.3,179.5,180.8,173.88554206214346,177.3275033700308,173.88554206214346,177.3275033700308,0,0,0,0,0,190.385,171.2606,198.17,163.47560000000001,179.0456,174.4954090943999,171.9045909056001,,,,,14826051,0.64,0.64,1.3977930320210314,1.2038499538744525,1.06526033590859,-51.99265992208339,182.5184469823619,182.5184469823619,191.17028912453904,191.17028912453904,179.28334838900338,-120.67580667499092,,,1.167272326836254,2.3873225315422784,4.301609831303083,,
1646404200,182.1137,183.98,181.36,183.68,175.8688547614512,179.41898822356478,175.8688547614512,179.41898822356478,0,0,0,0,0,190.385,171.2606,198.17,163.47560000000001,179.0456,175.21876196176922,172.56123803823073,,,,,22412092,0.65,0.66,1.4666455217226473,1.6359183490745546,1.1766963734196425,-56.259512021812625,190.8335193839898,190.8335193839898,191.05803254435597,191.05803254435597,179.28334838900338,-120.67580667499092,,,1.2630662020905885,2.3432340480343687,4.2955388150609,,
1646663400,184.45,186.64,184.22,186.41,178.49426600865397,182.17021616098978,178.49426600865397,182.17021616098978,0,0,0,0,0,190.385,171.2606,198.17,163.47560000000001,179.0456,176.58156045633993,173.85843954366007,,,,,27951785,0.69,0.66,2.0908152653018464,2.0608247593334883,1.484235480586241,-56.45277522546033,196.68856092260046,196.68856092260046,207.94961767908944,207.94961767908944,202.91983463905592,-120.67580667499095,227.94961767908944,,1.174829676519499,2.297414268759276,4.289303631966911,,
1646749800,188.35,193.3,188.26,191.51,183.3875188503573,187.19885815712638,183.3875188503573,187.19885815712638,0,0,0,1,0,190.385,171.2606,198.17,163.47560000000001,179.0456,180.0434949927713,177.05650500722874,,,,,47347678,0.71,0.69,3.051727471640828,2.525781388873321,1.7916831475104023,-89.05002723233152,205.6832735169331,205.6832735169331,223.6726987055984,223.6726987055984,232.69805846907929,-120.67580667499092,243.6726987055984,,1.6970393190956088,2.273870153086191,4.284124282690445,,
1646836200,186.04,187.225,184.76,185.82,183.3903959355714,187.105863719592,183.3903959355714,187.105863719592,0,0,0,0,0,190.385,171.2606,198.17,163.47560000000001,179.0456,180.2089402917992,176.89105970820083,,,,,26839671,0.71,0.68,1.5265776962017246,1.6009870343181378,1.2716489677405416,-184.95005655945775,206.50803312743406,206.50803312743406,208.15755234843598,208.15755234843598,232.69805846907929,-120.67580667499092,228.15755234843598,,3.5246201242754944,2.3229191715642026,4.282606791864441,,
1646922600,186.8799,187.38,184.99,186.4,183.3937222174184,187.02544553450997,183.3937222174184,187.02544553450997,0,0,0,0,0,190.385,171.2606,198.17,163.47560000000001,179.0456,180.20901449536143,176.8909855046386,,,,,18455213,0.72,0.68,1.9258499661505746,2.080774422299794,1.455353957496672,-178.64805463224613,182.47517831563468,182.47517831563468,198.49708152350092,198.49708152350092,232.69805846907929,-120.67580667499092,,,3.40452195707795,2.3653349670745456,4.280852376610122,,
1647009000,183.7399,185.78,183.44,185.09,183.3939759192817,186.88800453315665,183.3939759192817,186.88800453315665,0,0,0,0,0,190.385,171.2606,198.17,163.47560000000001,179.0456,180.21135905956038,176.88864094043964,,,,,14824715,0.72,0.68,1.775514238335703,2.211511379531654,1.2832694429654614,-188.96998136046534,144.51065906201842,144.51065906201842,180.50160736967342,180.50160736967342,232.69805846907929,-120.67580667499092,,,4.213879170800476,2.4378268966324255,4.280718564011102,,
1647264600,183.03,183.29,181.95,182.3,183.39128186150091,186.6981063161701,183.39128186150091,186.6981063161701,0,0,0,0,0,190.385,171.2606,198.17,163.47560000000001,179.0456,180.25264623940444,176.84735376059558,,,,,13186389,0.73,0.66,0.7930098716544134,1.8951570127227533,1.0894591334713095,-188.96998136046534,95.85323417895162,95.85323417895162,152.28548297276615,152.28548297276615,232.69805846907929,-120.67580667499092,,,4.991906427862776,2.537986878249302,4.2821395187840325,,
1647351000,179.1,180.27,178.01,178.89,183.38079977985956,186.36269038220266,183.38079977985956,186.36269038220266,0,0,0,0,0,190.385,171.2606,198.17,163.47560000000001,179.0456,180.31168857270876,176.78831142729126,,,,,16962273,0.76,0.65,-0.5314304883513661,1.3115013490448113,0.9327261085608993,-188.96998136046537,33.623761654051364,33.623761654051364,112.73157586652789,112.73157586652789,232.69805846907929,-120.67580667499092,,,7.049240248550989,2.714898775123878,4.28766819157078,,
1647437400,179.13,180.115,176.87,180.01,183.3680836963833,185.99616919074373,183.3680836963833,185.99616919074373,0,0,0,0,0,190.385,171.2606,198.17,163.47560000000001,179.0456,180.2991309984005,176.8008690015995,,,,,17548090,0.76,0.65,0.054984896934096514,1.4268790990973774,0.8673604526218525,-188.96998136046534,-15.043715897612024,-15.043715897612024,70.13981194514793,70.13981194514793,232.69805846907929,-120.67580667499092,,,7.644509425095289,2.908216839828639,4.294375167062337,,
1647523800,181.16,182.03,180.65,180.89,183.3628699427442,185.79077432051847,183.3628699427442,185.79077432051847,0,0,0,0,0,190.385,171.2606,198.17,163.47560000000001,179.0456,181.59475489815046,178.0702451018496,,,,,10954139,0.73,0.65,0.017581778714329005,1.455357882517862,0.7659841242006139,-140.1785517469025,-37.764097556230574,-37.764097556230574,34.17184211135509,34.17184211135509,232.69805846907929,-120.67580667499092,,,5.670722155501011,3.0165503816197123,4.297125111095181,,
1647610200,179.93,180.93,179.035,179.3,183.35447210070075,185.5307341510864,183.35447210070075,185.5307341510864,0,0,0,0,0,190.385,171.2606,198.17,163.47560000000001,179.0456,181.5922357164651,178.0727642835349,,,,,13996452,0.75,0.65,-0.8395167956566362,1.289979264717933,0.609315407144563,-161.02462551036928,-63.4488295137061,-63.4488295137061,1.6316182363346954,1.6316182363346954,232.69805846907929,-120.67580667499092,,,6.514020155605449,3.1537060590309176,4.301554471823474,,
1647869400,179.33,181.29,179.32,180.67,183.34665477382623,185.29195634123985,183.34665477382623,185.29195634123985,0,0,0,0,0,190.385,171.2606,198.17,163.47560000000001,179.0456,181.59689274602374,178.06810725397628,,,,,10582224,0.75,0.65,-1.0852723425773676,1.4231757492959527,0.6433475090952467,-157.34590661093404,-73.75725551580307,-73.75725551580307,-23.49800634771122,-23.49800634771122,232.69805846907929,-120.67580667499092,,,6.365202861469374,3.2796471101069353,4.30567764542916,,
1647955800,179.6,179.71,178.3231,179.36,183.33688117587653,185.023839190603,183.33688117587653,185.023839190603,0,0,0,0,0,190.385,171.2606,198.17,163.47560000000001,179.0456,181.60298563917917,178.06201436082085,,,,,9621751,0.76,0.65,-2.227725701303692,1.1023719511703358,0.41978289978945454,-170.21367808759007,-99.9799542922532,-99.9799542922532,-48.99198899589187,-48.99198899589187,232.69805846907929,-120.67580667499092,,,6.8857500913790295,3.4210629132940764,4.310832635331158,,
1648042200,180.29,181.89,179.76,181.81,183.32996932537526,184.82202196744208,183.32996932537526,184.82202196744208,0,0,0,0,0,190.385,171.2606,198.17,163.47560000000001,179.0456,181.62450238803171,178.0404976119683,,,,,12557272,0.74,0.66,-0.7501411505816977,1.3149730700422275,0.5117378026440113,-151.66648094163045,-80.32924626578391,-80.32924626578391,-59.437741419189216,-59.437741419189216,232.69805846907929,-120.67580667499092,,,6.1354498459610465,3.527509459673173,4.314478224163585,,
1648128600,182.35,183.51,181.77,183.13,183.32704710894095,184.7061544393071,183.32704710894095,184.7061544393071,0,0,0,0,0,190.385,171.2606,198.17,163.47560000000001,179.0456,181.62026339835697,178.04473660164305,,,,,10970070,0.74,0.66,-0.6115926681768299,1.4013509960525987,0.5782130941672412,-125.72183186140234,-51.797740605079824,-51.797740605079824,-36.51773897686105,-36.51773897686105,232.69805846907929,-120.67580667499092,,,5.085896297843444,3.5886226690131835,4.316019519016092,,
1648215000,181.81,183.13,181.35,182.38,183.32329996187013,184.57852485345194,183.32329996187013,184.57852485345194,0,0,0,0,0,190.385,171.2606,198.17,163.47560000000001,179.0456,181.62425329187056,178.04074670812946,,,,,7914035,0.74,0.65,-0.5102255272242822,1.3942976953054047,0.5468524461471146,-131.14310181846508,-35.21936794532357,-35.21936794532357,-2.0626226258110663,-2.0626226258110663,232.69805846907929,-120.67580667499092,,,5.305205994465039,3.655939662168158,4.317995915570435,,
1648474200,180.38,181.325,178.85,179.06,183.31461524666162,184.35884152586559,183.31461524666162,184.35884152586559,0,0,0,0,0,190.385,171.2606,198.17,163.47560000000001,179.0456,181.67724058229157,177.98775941770842,,,,,9489725,0.76,0.65,-0.6064912991542681,0.5951002732760826,0.4038946706914332,-163.41256584859923,-26.05166011350675,-26.05166011350675,-7.716244449873106,-7.716244449873106,232.69805846907929,-120.67580667499092,,,6.610620855307816,3.7718095128795173,4.3225765847807,,
1648560600,177.02,179.33,176.69,179.14,183.3016753560589,184.06391440720418,183.3016753560589,184.06391440720418,0,0,0,0,0,190.385,171.2606,198.17,163.47560000000001,179.0456,181.6734472302769,177.9915527697231,,,,,10458927,0.76,0.65,0.04792001794576134,0.4984972251287072,0.3039235280066503,-188.96998136046534,-31.132625206464585,-31.132625206464585,-27.745315144492693,-27.745315144492693,232.69805846907929,-120.67580667499092,,,7.738499295075972,3.927365974926437,4.32940160518089,,
1648647000,179.76,180.92,179.6801,180.58,183.29467580289992,183.8966392931962,183.29467580289992,183.8966392931962,0,0,0,0,0,190.385,171.2606,198.17,163.47560000000001,179.0456,181.6799879987623,177.9850120012377,,,,,8361286,0.75,0.65,0.10895452943435073,0.8608367815135449,0.4378389811122768,-150.84318370419476,-35.61718460938887,-35.61718460938887,-30.36927163279142,-30.36927163279142,232.69805846907929,-120.67580667499092,,,6.177170904913572,4.015593619239658,4.333093451933602,,
1648733400,180.91,181.96,180.56,180.65,183.28943069640064,183.77008481111005,183.28943069640064,183.77008481111005,0,0,0,0,0,190.385,171.2606,198.17,163.47560000000001,179.0456,181.67484505042978,177.99015494957027,,,,,9844398,0.75,0.65,-0.0460693333672194,0.6638083442917301,0.5391183156222936,-139.62356922382554,-28.74439269244346,-28.74439269244346,-25.494634811747538,-25.494634811747538,232.69805846907929,-120.67580667499092,,,5.717717090491353,4.082343559288744,4.335859932729922,,
1648819800,179.5501,180.4599,178.98,179.5,183.2810707949093,183.58715207341947,183.2810707949093,183.58715207341947,0,0,0,0,0,201.60500000000002,171.24509999999998,209.91000000000003,162.94009999999997,179.5501,181.6772970906218,177.98770290937819,,,,,13034395,0.76,0.66,0.038639070508773146,0.2538707180568996,0.736291753410771,-159.77016642689827,-34.17493283197298,-34.17493283197298,-30.5545727389533,-30.5545727389533,232.69805846907929,-120.67580667499092,,,6.542739282543994,4.178829666083067,4.340269282080199,,
1649079000,180.2439,180.81,179.58,180.37,183.2739144097047,183.43468728622653,183.2739144097047,183.43468728622653,0,0,0,0,0,201.60500000000002,171.24509999999998,209.91000000000003,162.94009999999997,179.5501,181.64146960383326,178.02353039616673,,,,,7063124,0.75,0.67,-0.0575215423718856,0.36698679913361815,0.9035863975218532,-152.11955989408563,-32.704458485512745,-32.704458485512745,-31.27120132113978,-31.27120132113978,232.69805846907929,-120.67580667499092,,,6.229439715941716,4.259245746469681,4.344043848381621,,
1649165400,180.91,181.49,178.93,179.24,183.2654866086863,183.26296621617846,183.2654866086863,183.26296621617846,0,0,0,0,0,201.60500000000002,171.24509999999998,209.91000000000003,162.94009999999997,179.5501,181.6432510146016,178.02174898539843,,,,,10828531,0.76,0.65,-0.023264034749861055,0.1979397051536769,0.840586334263219,-160.4077169712991,-43.515725151527406,-43.515725151527406,-35.352709264602325,-35.352709264602325,232.69805846907929,-120.67580667499092,,,6.568847579760841,4.34981836738306,4.348489010682079,,
1649251800,179.78,180.31,178.7,179.66,183.25662070137625,183.08904989397536,183.25662070137625,183.08904989397536,0,0,0,0,0,201.60500000000002,171.24509999999998,209.91000000000003,162.94009999999997,179.5501,181.6413401544656,178.02365984553438,,,,,8942121,0.76,0.65,-0.41178195112920246,0.15448259951069226,0.8911448015655207,-163.34044947554403,-56.878356739884126,-56.878356739884126,-42.52792508969626,-42.52792508969626,232.69805846907929,-120.67580667499092,,,6.688945746958384,4.441548852856602,4.353165247917397,,
1649338200,179.87,180.88,179.8,180.34,183.24994833234254,182.96465970205477,183.24994833234254,182.96465970205477,0,0,0,0,0,201.60500000000002,171.24509999999998,209.91000000000003,162.94009999999997,179.5501,181.6166674119616,178.04833258803842,,,,,10140585,0.76,0.65,-0.5302065234364038,0.36297195412509964,0.9552258913057641,-86.46375658845409,-40.665778438140805,-40.665778438140805,-36.941485135029886,-36.941485135029886,232.69805846907929,-120.67580667499092,,,6.114563208187552,4.507157258948012,4.356684524561293,,
1649424600,180.52,181.82,180.52,181.47,183.24471347053964,182.87310049805262,183.24471347053964,182.87310049805262,0,0,0,0,0,201.60500000000002,171.24509999999998,209.91000000000003,162.94009999999997,179.5501,181.61870724612783,178.0462927538722,,,,,10655681,0.75,0.65,-0.17332689836385154,0.5589056990715227,1.1173454063850852,-77.03134677880456,-24.83566238015863,-24.83566238015863,6.824569735805717,6.824569735805717,232.69805846907929,-120.67580667499092,,,5.738603728264833,4.555449277352593,4.35944560189137,,
1649683800,183.17,183.33,181.11,182.37,183.24065610096815,182.8080377334231,183.24065610096815,182.8080377334231,0,0,0,0,0,201.60500000000002,171.24509999999998,209.91000000000003,162.94009999999997,179.5501,181.62020551305068,178.04479448694934,,,,,10071319,0.75,0.65,0.643706637312904,0.44970185841844873,1.1323843280165031,-47.51997939948426,0.7415066626573683,0.7415066626573683,51.89584474828937,51.89584474828937,232.6980584690793,-87.0990119429346,,,5.430525821105936,4.589766004558606,4.361585622309381,,
1649770200,184.04,184.64,182.96,183.77,183.2402661786885,182.8173499791712,183.2402661786885,182.8173499791712,0,0,0,0,0,201.60500000000002,171.24509999999998,209.91000000000003,162.94009999999997,179.5501,181.60947308532073,178.0555269146793,,,,,12024560,0.75,0.64,0.9012616253011295,0.23832885129517645,1.3034711907234309,-9.740618420380427,31.597518441293982,31.597518441293982,93.30954199856721,93.30954199856721,232.6980584690793,-87.0990119429346,,,4.464518824082284,4.58485435042228,4.361791283052184,,
1649856600,184.5,184.94,184.13,184.65,183.2421913211886,182.87172056822334,183.2421913211886,182.87172056822334,0,0,0,0,0,201.60500000000002,171.24509999999998,209.91000000000003,162.94009999999997,179.5501,181.61100537624563,178.0539946237544,,,,,8651635,0.76,0.65,0.7857902687802347,0.5510180008513118,1.2567885727925285,-6.223435010506613,63.12916854955117,63.12916854955117,126.19246876606555,126.19246876606555,232.6980584690793,-87.0990119429346,,,3.853584669207872,4.556177108021715,4.360775885222325,,
1649943000,184.28,184.41,182.88,184.04,183.24164008977763,182.8754295655479,183.24164008977763,182.8754295655479,0,0,0,0,0,201.60500000000002,171.24509999999998,209.91000000000003,162.94009999999997,179.5501,181.61088091264102,178.054119087359,,,,,11567178,0.75,0.66,0.6563791592894569,0.3618920208586864,1.2499602954436522,-21.18361532422414,88.47146137952367,88.47146137952367,139.1560470394687,139.1560470394687,232.6980584690793,-87.0990119429346,,,4.506292099629261,4.554220833182796,4.361066626909452,,
1650288600,185.95,186.1,184.39,184.61,183.24407677291495,182.93761664140877,183.24407677291495,182.93761664140877,0,0,0,0,0,201.60500000000002,171.24509999999998,209.91000000000003,162.94009999999997,179.5501,181.6088307362549,178.0561692637451,,,,,8886690,0.76,0.66,1.0299894943703565,0.10576373961708561,1.2869243344902268,-3.111717505253477,111.6211346552841,111.6211346552841,157.92048120680494,157.92048120680494,232.6980584690793,-87.0990119429346,,,3.717821523680228,4.521420860261126,4.359781421907995,,
1650375000,183.19,183.6506,181.33,181.82,183.24045584030173,182.87856500841235,183.24045584030173,182.87856500841235,0,0,0,0,0,201.60500000000002,171.24509999999998,209.91000000000003,162.94009999999997,179.5501,181.64638022285746,178.01861977714256,,,,,12585622,0.75,0.65,0.28776189155880644,-0.5088765454760018,1.066647241057694,-39.73423891323366,115.69307492020964,115.69307492020964,123.83695545006074,123.83695545006074,232.6980584690793,-87.0990119429346,,,5.315649313351773,4.552567074107818,4.3616912478649255,,
1650461400,181.59,182.72,181.35,182.71,183.23688170275867,182.82260559631774,183.23688170275867,182.82260559631774,0,0,0,0,0,201.60500000000002,171.24509999999998,209.91000000000003,162.94009999999997,179.5501,181.6175922855133,178.04740771448675,,,,,7038625,0.75,0.64,0.6924316973004936,-0.9488837062848549,1.209626340331131,-39.49487602821441,83.73087884475115,83.73087884475115,105.03900956172347,105.03900956172347,232.6980584690793,-87.0990119429346,,,5.305205994465039,4.582082325886533,4.363576392213777,,
1650547800,181.77,182.32,180.775,182.06,183.2321773437122,182.7465171415602,183.2321773437122,182.7465171415602,0,0,0,0,0,201.60500000000002,171.24509999999998,209.91000000000003,162.94009999999997,179.5501,181.61880601709046,178.04619398290956,,,,,9639834,0.77,0.64,0.4773798289176359,-0.41748317720562966,1.1069577928694074,-46.37655897252433,42.30474008064769,42.30474008064769,84.12758640136488,84.12758640136488,232.6980584690793,-87.0990119429346,,,5.605451412458872,4.622214446928585,4.366057660985495,,
1650634200,180.7235,181.605,179.74,180.29,183.22543513123725,182.63323019483232,183.22543513123725,182.63323019483232,0,0,0,0,0,201.60500000000002,171.24509999999998,209.91000000000003,162.94009999999997,179.5501,181.63258244522106,178.03241755477896,,,,,9146973,0.79,0.64,-0.009840817947754602,-0.6717194650276785,0.9415437690456779,-58.7635882722824,-2.116747133030529,-2.116747133030529,55.37947522323308,55.37947522323308,232.6980584690793,-87.0990119429346,,,6.145893164847779,4.681966553513652,4.369613775878327,,
1650893400,177.17,177.51,176.48,177.05,183.21225803806794,182.397821167584,183.21225803806794,182.397821167584,0,0,0,0,0,201.60500000000002,171.24509999999998,209.91000000000003,162.94009999999997,179.5501,181.6789320103426,177.9860679896574,,,,,13073688,0.8,0.65,-0.8488733411127992,-0.8740533277261255,0.8152595751374042,-122.74249101517626,-57.81325832159982,-57.81325832159982,17.648564041622116,17.648564041622116,232.6980584690793,-168.74184750386698,,,7.848154143386769,4.806130772724362,4.3765639064827395,,
1650979800,177.95,178.3,176.915,177.32,183.19996771231757,182.18853210218856,183.19996771231757,182.18853210218856,0,0,0,0,0,201.60500000000002,171.24509999999998,209.91000000000003,162.94009999999997,179.5501,181.67804385254777,177.98695614745228,,,,,9042403,0.8,0.65,-0.965673475048415,-0.550014791599881,0.7814908458875777,-116.20724210555547,-94.90465240832083,-94.90465240832083,-19.869174775025527,-19.869174775025527,232.6980584690793,-168.74184750386698,,,7.621011957600126,4.916518270170471,4.383046320171286,,
1651066200,176.4561,176.64,175.5,175.98,183.18490304156367,181.9325151570047,183.18490304156367,181.9325151570047,0,0,0,0,0,201.60500000000002,171.24509999999998,209.91000000000003,162.94009999999997,179.5501,181.6476426740559,178.01735732594412,,,,,8854721,0.81,0.66,-1.4756566149573986,-0.3269405314248015,0.5396165566135201,-137.46558051271253,-123.05526451892084,-123.05526451892084,-54.26453802299063,-54.26453802299063,232.6980584690793,-168.74184750386698,,,8.359876768837132,5.05155193678485,4.3909920353534355,,
1651152600,175.92,176.965,175.69,176.93,183.1702442942279,181.69391456261235,183.1702442942279,181.69391456261235,0,0,0,0,0,201.60500000000002,171.24509999999998,209.91000000000003,162.94009999999997,179.5501,181.62404719917458,178.04095280082544,,,,,6384762,0.79,0.66,-1.4587600645103114,-0.34467464289524175,0.6328101601274526,-134.61110397747592,-137.11873119355832,-137.11873119355832,-81.88260241317985,-81.88260241317985,232.6980584690793,-168.74184750386698,,,8.260665239413083,5.177399517280074,4.398723650146762,,
1651239000,178.0667,178.615,176.71,176.91,183.15763241751614,181.5042708542746,183.15763241751614,181.5042708542746,0,0,0,0,0,201.60500000000002,171.24509999999998,209.91000000000003,162.94009999999997,179.5501,181.95785071434466,178.37214928565538,,,,,7719702,0.79,0.65,-1.3524899629627134,-0.443470393794667,0.6839061665097207,-119.28707205146847,-139.8408237893312,-139.8408237893312,-101.20200953856363,-101.20200953856363,232.6980584690793,-168.74184750386698,,,7.728055976189224,5.277425260766708,4.4053756627862075,,
1651498200,173.6121,174.65,172.98,173.63,183.13766771738125,181.1772523894011,183.13766771738125,181.1772523894011,0,0,0,0,0,178.9121,170.2,184.2121,164.9,173.6121,182.00749906339504,178.32250093660497,,,,,14318600,0.79,0.66,-2.0327801130449594,-0.6240012037274558,0.4508738118873961,-175.32495350637774,-167.55998713285345,-167.55998713285345,-123.3213354033269,-123.3213354033269,232.6980584690793,-168.74184750386698,,,9.675734948566655,5.449907993621608,4.415905851169385,,
1651584600,173.89,175.205,173.85,174.09,183.119463785878,180.89683464864027,183.119463785878,180.89683464864027,0,0,0,0,0,178.9121,170.2,184.2121,164.9,173.6121,182.008112532462,178.32188746753803,,,,,7214348,0.79,0.66,-1.4526437622447936,-0.7184565438108509,0.3715616708622128,-162.25445568713616,-182.69130763191149,-182.69130763191149,-143.11132614618842,-143.11132614618842,232.6980584690793,-168.74184750386698,,,9.221450576993368,5.597811624342069,4.42550733913307,,
1651671000,174.32,176.35,173.67,175.8,183.1009401819102,180.6204254467328,183.1009401819102,180.6204254467328,0,0,0,0,0,178.9121,170.2,184.2121,164.9,173.6121,182.01858661421483,178.31141338578522,,,,,10491681,0.8,0.65,-1.2890814904576402,-0.39059656361530287,0.4592556285734486,-164.9586966152552,-171.50839825627355,-171.50839825627355,-152.57701684955012,-152.57701684955012,232.6980584690793,-168.74184750386698,,,9.315440446974051,5.74360098993548,4.435277435252632,,
1651757400,177.56,177.61,174.66,175.13,183.0844118298984,180.39329111548838,183.0844118298984,180.39329111548838,0,0,0,0,0,178.9121,170.2,184.2121,164.9,173.6121,182.50568903266597,178.78431096733405,,,,,12794160,0.79,0.65,-1.29696897367279,-0.7227847137089946,0.3862563497013387,-150.08537151060094,-150.54565219012824,-150.54565219012824,-146.48292287128444,-146.48292287128444,232.6980584690793,-168.74184750386698,,,8.798496162080307,5.863400800607827,4.4439951549865535,,
1651843800,175.39,176.56,174.86,175.42,183.06831210596252,180.18282871880257,183.06831210596252,180.18282871880257,0,0,0,0,0,178.9121,170.2,184.2121,164.9,173.6121,183.11190071702612,179.3780992829739,,,,,7643269,0.79,0.66,-0.9205254893034813,-0.8283478538875018,0.45669508922490704,-147.0806593682463,-140.13768379735268,-140.13768379735268,-119.32174701180153,-119.32174701180153,232.6980584690793,-168.74184750386698,,,8.694062973212874,5.974407160317829,4.452486798979014,,
1652103000,174.27,174.27,172.79,172.88,183.04815004381274,179.9002550435554,183.04815004381274,179.9002550435554,0,0,0,0,0,178.9121,170.2,184.2121,164.9,173.6121,183.52045798787066,179.72954201212934,,,,,10742410,0.78,0.66,-0.7967528224115712,-1.0173473385231664,0.28693776653020464,-178.17943004161435,-137.1846404783901,-137.1846404783901,-131.27855384046492,-131.27855384046492,232.6980584690793,-168.74184750386698,,,9.774946477990705,6.123447917873627,4.463121084051965,,
1652189400,173.8039,173.96,171.2,171.42,183.0248832105584,179.56703327714146,183.0248832105584,179.56703327714146,0,0,0,0,0,178.9121,170.2,184.2121,164.9,173.6121,183.78728334646638,179.9727166535336,,,,,11010440,0.79,0.67,-1.1215095136719186,-0.8303148859582735,0.10719258565483049,-202.06689157333167,-149.72711996169792,-149.72711996169792,-141.36546697282603,-141.36546697282603,232.6980584690793,-168.74184750386698,,,10.605190329486712,6.299202522250611,4.47539295067621,,
1652275800,172.51,173.32,172.2,172.82,183.00364088646137,179.28570256039083,183.00364088646137,179.28570256039083,0,0,0,0,0,178.9121,170.2,184.2121,164.9,173.6121,183.79464639462302,179.96535360537695,,,,,9179592,0.78,0.67,-0.6079116066500359,-0.6895734741113627,0.12277610354803825,-187.0433308615598,-151.89775300390036,-151.89775300390036,-144.87622898318415,-144.87622898318415,232.6980584690793,-168.74184750386698,,,10.083024385149603,6.447587693344689,4.4865970094863465,,
1652362200,172.072,172.4,169.9,170.17,182.97789155402089,178.9261103031206,182.97789155402089,178.9261103031206,0,0,0,0,0,178.9121,170.2,184.2121,164.9,173.6121,183.54234378998302,179.65765621001705,,,,,11626799,0.77,0.68,-1.276256633739956,-1.1117656395369133,0.12171044180908622,-214.67374650959692,-162.06422327934624,-162.06422327934624,-150.6055604152382,-150.6055604152382,232.6980584690793,-168.74184750386698,,,11.284006057124946,6.637251158590973,4.500178246344765,,
1652448600,168.312,169.62,168.01,168.79,182.9484552072596,178.50724323241,182.9484552072596,178.50724323241,0,0,0,0,0,178.9121,170.2,184.2121,164.9,173.6121,182.54610925915233,178.76389074084764,,,,,13031057,0.78,0.68,-1.5290049696120902,-1.262674314247102,-0.05107749359743857,-214.67374650959692,-183.305165465584,-183.305165465584,-161.50542876535346,-161.50542876535346,232.6980584690793,-168.74184750386698,,,12.270899691922093,6.858178552054938,4.515704163318945,,
1652707800,168.43,170.43,168.34,170.4,182.9197304216307,178.11761408604096,182.9197304216307,178.11761408604096,0,0,0,0,0,178.9121,170.2,184.2121,164.9,173.6121,182.555023678008,178.75497632199202,,,,,7319277,0.77,0.68,-0.6167355571044797,-0.9703704053281673,0.08759189250124796,-209.94583164178948,-186.99114409570026,-186.99114409570026,-170.00066720880238,-170.00066720880238,232.6980584690793,-168.74184750386698,,,12.09858493029084,7.063684684534778,4.530854774241966,,
1652794200,170.44,170.53,169.1409,169.33,182.8926472259831,177.77435827874524,182.8926472259831,177.77435827874524,0,0,0,0,0,178.9121,170.2,184.2121,164.9,173.6121,182.548330967353,178.761669032647,,,,,6441110,0.76,0.68,-0.9086555943754188,-1.1743845202265886,0.1552280905606461,-199.61112871850082,-181.476732275054,-181.476732275054,-173.82602223088625,-173.82602223088625,232.6980584690793,-168.74184750386698,,,11.680382225471257,7.244731646924444,4.545139544374292,,
1652880600,169.01,170.21,168.81,169.42,182.86496361514196,177.43171677761796,182.86496361514196,177.43171677761796,0,0,0,0,0,178.9121,170.2,184.2121,164.9,173.6121,182.53285728181183,178.7771427181882,,,,,7472850,0.77,0.69,-1.2063585967870407,-1.0514546370513074,0.11030807431828459,-148.85896633824132,-182.14869851562645,-182.14869851562645,-176.60024765913298,-176.60024765913298,160.9954945290497,-168.74184750386695,,,11.853166936452398,7.425454599454952,4.559740997705117,,
1652967000,171.5489,172.5197,170.89,171.91,182.8414496019249,177.18326513928002,182.8414496019249,177.18326513928002,0,0,0,0,0,178.9121,170.2,184.2121,164.9,173.6121,182.53693324861794,178.77306675138206,,,,,10580267,0.78,0.68,-0.6043055024994579,-0.818560727626357,0.2376577328703227,-126.58366777827446,-163.47662940105212,-163.47662940105212,-137.2293928848904,-137.2293928848904,160.9954945290497,-168.74184750386695,,,10.767061772231218,7.556498017995198,4.57214323701486,,
1653053400,171.71,172.24,170.89,172.03,182.8179825697532,176.9445567024455,182.8179825697532,176.9445567024455,0,0,0,0,0,178.9121,170.2,184.2121,164.9,173.6121,182.53711302072466,178.7728869792753,,,,,6578056,0.76,0.68,-0.6358554885147736,-0.8753589246055085,0.11206672511503075,-120.04971988521586,-137.75706631107562,-137.75706631107562,-86.31794013112261,-86.31794013112261,160.9954945290497,-168.74184750386695,,,10.767061772231218,7.6824024789456296,4.584520696625682,,
1653312600,173.13,173.38,172.28,172.83,182.79731187530817,176.76917408666333,182.79731187530817,176.76917408666333,0,0,0,0,0,178.9121,170.2,184.2121,164.9,173.6121,182.5397851597121,178.77021484028788,,,,,5518503,0.77,0.68,-0.009506486063709569,-0.9035309658312004,0.13411721289101547,-86.9327450995925,-103.28430282785907,-103.28430282785907,-34.33877586142596,-34.33877586142596,160.9954945290497,-168.74184750386695,,,10.041251109602626,7.774906346814531,4.595423254893368,,
1653399000,173.47,174.41,173.35,174.13,182.7787989644684,176.64221039699027,182.7787989644684,176.64221039699027,0,0,0,0,0,178.9121,170.2,184.2121,164.9,173.6121,182.5450438828653,178.76495611713474,,,,,6793991,0.78,0.68,0.5195035644272717,-0.857223202934394,0.2555597806695423,-43.8081890345181,-63.53042184110151,-63.53042184110151,15.977340132413616,15.977340132413616,160.9954945290497,-168.74184750386695,,,9.482533549161923,7.841872119455606,4.605187711025772,,
1653485400,172.79,173.16,171.73,173.08,182.75711864685707,176.4573315578926,182.75711864685707,176.4573315578926,0,0,0,0,0,178.9121,170.2,184.2121,164.9,173.6121,182.54436136473447,178.76563863526553,,,,,4595917,0.76,0.67,0.04944936936375624,-1.1038851033348593,0.2201960249069011,-61.6845785145986,-28.139116400121978,-28.139116400121978,42.643494481837095,42.643494481837095,160.9954945290497,-168.74184750386695,,,10.328442378988044,7.9393846786529565,4.6166227852874355,,
1653571800,172.13,172.93,171.76,172.76,182.73554098722298,176.28086757523013,182.73554098722298,176.28086757523013,0,0,0,0,0,178.9121,170.2,184.2121,164.9,173.6121,182.54344982512293,178.76655017487707,,,,,6466982,0.77,0.67,0.5068676942815037,-1.2380830045029927,0.2208506718793508,-57.17571205213579,-2.0846659107087007,-2.0846659107087007,50.02423506811786,50.02423506811786,160.9954945290497,-168.74184750386695,,,10.31277740065793,8.032458903045308,4.628003713589874,,
1653658200,173.4901,173.52,172.64,172.85,182.71574709913662,176.14548845463287,182.71574709913662,176.14548845463287,0,0,0,0,0,178.9121,170.2,184.2121,164.9,173.6121,182.5277024180214,178.7822975819786,,,,,3847871,0.78,0.68,0.8032886286749028,-1.172329067571282,0.04981170091879052,-47.44367595815531,18.612494926263984,18.612494926263984,60.00681660020936,60.00681660020936,160.9954945290497,-168.74184750386695,,,9.853271369641275,8.103863313500051,4.63844380880676,,
1654003800,172.71,173.07,171.08,171.14,182.6929070449925,175.95485361327474,182.6929070449925,175.95485361327474,0,0,0,0,0,178.9121,170.2,184.2121,164.9,173.6121,182.4906134226217,178.8193865773783,,,,,6243967,0.74,0.68,0.1442936174887365,-1.3997057227028575,-0.032907137492336765,-64.48202811014248,24.757783487254276,24.757783487254276,37.04836060923486,37.04836060923486,160.9954945290497,-168.74184750386695,,,10.667850242807154,8.204411820531702,4.650490574908659,,
1654090200,172.2099,172.53,171.39,172.23,182.67072581213537,175.7837299421659,182.67072581213537,175.7837299421659,0,0,0,0,0,177.00990000000002,163.20999999999998,181.80990000000003,158.40999999999997,172.2099,182.48469289216186,178.82530710783817,,,,,6946516,0.71,0.68,0.572825383616964,-1.0185315623005737,0.07428773813134565,-49.08425854752439,15.746709802602396,15.746709802602396,21.754092259036984,21.754092259036984,160.9954945290497,-168.74184750386695,,,10.505978800062662,8.29466934914076,4.662189852081794,,
1654176600,173.66,174.45,173.49,174.35,177.78823471850927,171.19239802987474,177.78823471850927,171.19239802987474,0,0,0,0,0,177.00990000000002,163.20999999999998,181.80990000000003,158.40999999999997,172.2099,182.50192922867672,178.80807077132332,,,,,5623129,0.76,0.68,0.9665667098839229,-0.8774713065169127,0.14931798898599058,-25.71080209632218,26.868217294424223,26.868217294424223,37.096467365198706,37.096467365198706,160.9954945290497,-168.74184750386695,,,6.925965665236049,8.240994694869986,4.666712880679505,,
1654263000,173.5285,173.965,172.25,172.58,177.777452031759,171.2394216365463,177.777452031759,171.2394216365463,0,0,0,0,0,177.00990000000002,163.20999999999998,181.80990000000003,158.40999999999997,172.2099,182.47560526297784,178.83439473702214,,,,,5519407,0.72,0.69,0.12872371466920274,-0.9929287212973416,0,-39.51227161988915,31.828123211822863,31.828123211822863,41.74793504662015,41.74793504662015,160.9954945290497,-168.74184750386695,,,7.591201716738201,8.215512617296191,4.672556015217085,,
1654522200,172.81,172.89,171.65,171.82,176.5185725877219,170.10453455616314,176.5185725877219,170.10453455616314,0,0,0,0,0,177.00990000000002,163.20999999999998,181.80990000000003,158.40999999999997,172.2099,182.44085201554242,178.86914798445756,,,,,3766042,0.69,0.69,-0.04058238888261495,-0.9017240377317296,0.1324906338056856,-42.051816425170735,25.532010986206508,25.532010986206508,29.729419136617413,29.729419136617413,160.9954945290497,-168.74184750386695,,,7.261332324814954,8.178093782296926,4.677728395456041,,
1654608600,172.11,173.05,171.985,172.94,176.09098214169822,169.7947266333581,176.09098214169822,169.7947266333581,0,0,0,0,0,177.00990000000002,163.20999999999998,181.80990000000003,158.40999999999997,172.2099,179.34172695391524,176.04827304608474,,,,,3860035,0.67,0.69,0.021119038553430475,-0.4447191707477783,0.3524086630005792,-38.31511655715148,18.058394442251732,18.058394442251732,25.839077571828852,25.839077571828852,160.9954945290497,-168.74184750386695,,,6.858922285404816,8.12636156673253,4.6820864252061885,,
1654695000,172.89,173.45,172.67,172.78,176.08438637318332,169.91218049087348,176.08438637318332,169.91218049087348,0,0,0,0,0,177.00990000000002,163.20999999999998,181.80990000000003,158.40999999999997,172.2099,179.2105310875485,176.17946891245145,,,,,5140816,0.69,0.68,-0.2574176559376262,-0.49081255749579106,0.3762086647507924,-18.854275396025567,18.78147688152336,18.78147688152336,23.48654400839369,23.48654400839369,160.9954945290497,-168.74184750386695,,,6.487950176008675,8.06211013964532,4.6856945445884115,,
1654781400,172.45,172.59,171.58,172.23,176.0756477390711,169.98271066770195,176.0756477390711,169.98271066770195,0,0,0,0,0,177.00990000000002,163.20999999999998,181.80990000000003,158.40999999999997,172.2099,178.56264203139904,175.54735796860098,,,,,4701143,0.7,0.68,-0.16304342261300767,-0.40844969048723,0.27256397454084247,-31.087108837494206,-6.409894828511639,-6.409894828511639,13.521064396091914,13.521064396091914,160.9954945290497,-168.74184750386695,,,7.0782561603032725,8.023527630651515,4.690474887476952,,
1654867800,170.89,174.94,170.46,174.54,176.06471118015185,170.0069926023019,176.06471118015185,170.0069926023019,0,0,0,0,0,177.00990000000002,163.20999999999998,181.80990000000003,158.40999999999997,172.2099,178.59081548433076,175.51918451566925,,,,,16856138,0.7,0.69,0.33892218401025775,-0.256542300850779,0.4112707744899527,-47.75879074565153,11.185526611816655,11.185526611816655,12.742551801333494,12.742551801333494,175.55555555552436,-168.74184750386698,,,7.684809098294068,8.010244550951223,4.696457573212851,,
1655127000,171.18,171.335,169.61,169.93,176.05211515381788,169.9973223041724,176.05211515381788,169.9973223041724,0,0,0,0,0,177.00990000000002,163.20999999999998,181.80990000000003,158.40999999999997,172.2099,178.66393365991837,175.44606634008161,,,,,13265243,0.68,0.69,-0.542451273773851,-0.7314584789264152,0.06909985968739842,-66.61388211414638,-16.705721833380565,-16.705721833380565,2.926460589762142,2.926460589762142,175.5555555555244,-221.8724003327915,,,8.14513945301922,8.015534547110752,4.703348046499177,,
1655213400,169.61,169.7309,168.3,168.57,176.0369530855785,169.93717240989113,176.0369530855785,169.93717240989113,0,0,0,0,0,177.00990000000002,163.20999999999998,181.80990000000003,158.40999999999997,172.2099,178.62168091249055,175.48831908750947,,,,,7347935,0.68,0.69,-0.48079951872511906,-0.5387007160611916,-0.0018989995346111808,-87.84181460700958,-53.85663680193,-53.85663680193,-16.001238540801907,-16.001238540801907,175.55555555552436,-238.4987425034203,,,8.854589764419169,8.04843867327971,4.711642235745771,,
1655299800,170.4,171.84,169.08,170.77,176.02336416832458,169.90966368793462,176.02336416832458,169.90966368793462,0,0,0,0,0,177.00990000000002,163.20999999999998,181.80990000000003,158.40999999999997,172.2099,178.64393742077948,175.46606257922053,,,,,9000294,0.7,0.69,-0.26919352135230246,-0.3496424706771331,0.11973079797074389,-76.86158778113332,-67.20441610837842,-67.20441610837842,-33.068964396660746,-33.068964396660746,175.55555555552436,-238.4987425034203,,,8.432168968318436,8.063486920143975,4.719075855591071,,
1655386200,170.56,172.77,170.17,172.69,176.01195844571055,169.92555138644698,176.01195844571055,169.92555138644698,0,0,0,0,0,177.00990000000002,163.20999999999998,181.80990000000003,158.40999999999997,172.2099,178.66124476642338,175.44875523357663,,,,,8823558,0.69,0.68,-0.3009017285005455,-0.322789528220904,0.15977438437460426,-61.51742465266562,-54.43490959383185,-54.43490959383185,-40.19094612905111,-40.19094612905111,175.55555555552436,-238.4987425034203,,,7.841862984023838,8.054795785394166,4.725315190513014,,
1655472600,172.15,172.3,170.97,171.27,176.0021579293355,169.9718748614883,176.0021579293355,169.9718748614883,0,0,0,0,0,177.00990000000002,163.20999999999998,181.80990000000003,158.40999999999997,172.2099,178.65986029833059,175.45013970166943,,,,,7407223,0.68,0.68,-0.239200839143396,-0.40100334700599044,0.039398999761838555,-50.25565354920265,-40.116860084316976,-40.116860084316976,-39.96868799484869,-39.96868799484869,175.55555555552436,-238.4987425034203,,,7.40861088545898,8.029455201082982,4.730676420672746,,
1655818200,171.06,171.91,170.47,170.63,175.99138798342275,169.99696996495933,175.99138798342275,169.99696996495933,0,0,0,0,0,177.00990000000002,163.20999999999998,181.80990000000003,158.40999999999997,172.2099,178.65014358749696,175.45985641250306,,,,,5608485,0.7,0.67,-0.22099188009540574,-0.5030357483461376,-0.03603136221891494,-57.2942604888669,-38.24302759180154,-38.24302759180154,-34.49536260677068,-34.49536260677068,175.55555555552436,-238.4987425034203,,,7.679393447062012,8.01572728916059,4.736567963183014,,
1655904600,171.61,172.3,171.1,171.31,175.9818857097296,170.04553977025503,175.9818857097296,170.04553977025503,0,0,0,0,0,177.00990000000002,163.20999999999998,181.80990000000003,158.40999999999997,172.2099,178.6472208841164,175.46277911588362,,,,,6558656,0.69,0.66,-0.3031703501638958,-0.16865097131263215,0.04714736188166795,-48.42561574489,-31.74134926806508,-31.74134926806508,-18.737992620592156,-18.737992620592156,175.55555555552436,-238.4987425034203,,,7.3382074194421945,7.989157882504967,4.7417660440147005,,
1655991000,171.39,172.13,169.9,170.26,175.97002879522464,170.04561664200975,175.97002879522464,170.04561664200975,0,0,0,0,0,177.00990000000002,163.20999999999998,181.80990000000003,158.40999999999997,172.2099,178.61865362482362,175.4913463751764,,,,,6535261,0.7,0.65,-0.46840665887726785,-0.12547345604238616,-0.21864941918643893,-65.31827240008406,-30.76631142394256,-30.76631142394256,-28.816235735697525,-28.816235735697525,175.55555555552436,-238.4987425034203,,,7.988085567289466,7.989115830927889,4.748252196908356,,
1656077400,170.24,170.7401,169.85,170.09,175.95809666975964,170.04374932271523,175.95809666975964,170.04374932271523,0,0,0,0,0,177.00990000000002,163.20999999999998,181.80990000000003,158.40999999999997,172.2099,178.60754546309954,175.50245453690047,,,,,6143081,0.68,0.65,-0.39969018213205915,-0.29337731368632847,-0.2853368585699486,-66.02213309405064,-56.30002745899935,-56.30002745899935,-39.277550102294825,-39.277550102294825,175.55555555552436,-238.4987425034203,,,8.015163823449775,7.9901373208307085,4.754779492865482,,
1656336600,170.595,170.67,169.75,169.9,175.9459905825074,170.0380728786872,175.9459905825074,170.0380728786872,0,0,0,0,0,177.00990000000002,163.20999999999998,181.80990000000003,158.40999999999997,172.2099,178.60614562802942,175.50385437197062,,,,,5719684,0.67,0.66,-0.8550968649339487,-0.029465406924654474,-0.19699322220677593,-67.42985448198341,-82.78927313262983,-82.78927313262983,-53.78145777907316,-53.78145777907316,175.55555555552436,-238.4987425034203,,,8.069320335770378,7.993242537102852,4.761401952092065,,
1656423000,170.0699,170.21,169.51,169.62,175.9334339579669,170.0233013932485,175.9334339579669,170.0233013932485,0,0,0,0,0,177.00990000000002,163.20999999999998,181.80990000000003,158.40999999999997,172.2099,178.55699129767217,175.55300870232782,,,,,2984448,0.68,0.65,-0.05870698394817512,0.09136269138120524,-0.32145315379382927,-70.80838581302237,-104.66412450184094,-104.66412450184094,-70.74234668666242,-70.74234668666242,175.55555555552436,-238.4987425034203,,,8.19929596533984,8.001323063700381,4.768270871199453,,
1656509400,170.58,170.7,169.17,169.49,175.92022989411484,169.99590918174854,175.92022989411484,169.99590918174854,0,0,0,0,0,177.00990000000002,163.20999999999998,181.80990000000003,158.40999999999997,172.2099,178.55670614316276,175.55329385683726,,,,,4785576,0.69,0.66,0.17564701956229772,-0.09923032618185404,-0.46966421037978845,-75.59463853199411,-127.1951759547644,-127.1951759547644,-89.5599564426964,-89.5599564426964,175.55555555552436,-238.4987425034203,,,8.383428107229904,8.016307575211343,4.775493962580134,,
1656595800,169.51,169.96,168.24,168.46,175.90521265156914,169.9334852922682,175.90521265156914,169.9334852922682,0,0,0,0,0,177.00990000000002,163.20999999999998,181.80990000000003,158.40999999999997,172.2099,178.5475844195545,175.5624155804455,,,,,9144391,0.69,0.66,-0.4345466453369345,-0.09529293799408194,-0.5235582818811655,-88.68644743976931,-162.2716661674084,-162.2716661674084,-113.79719301760039,-113.79719301760039,175.55555555552436,-238.4987425034203,,,8.887083671811533,8.050455657430959,4.783708927034143,,
1656682200,167.135,168.68,166.96,168.32,175.8876935453722,169.8238152808067,175.8876935453722,169.8238152808067,0,0,0,0,0,170.48499999999999,164.89000000000001,173.83499999999998,161.54000000000002,167.135,178.0177977711694,175.04220222883058,,,,,11380332,0.68,0.66,-0.8152150977535344,-0.1207606236256233,-0.5547945143819422,-106.70528120530982,-191.60928002844318,-191.60928002844318,-139.73455535454798,-139.73455535454798,175.55555555552436,-238.4987425034203,,,9.580287029515299,8.11044904457152,4.793292499666473,,
1657027800,167.18,167.33,164.41,164.75,175.8651654863405,169.6194460541084,175.8651654863405,169.6194460541084,0,0,0,0,0,170.48499999999999,164.89000000000001,173.83499999999998,161.54000000000002,167.135,176.7937120599422,173.71628794005778,,,,,14035426,0.66,0.66,-1.1997882136723936,-0.7578609813313281,-0.7978269785398738,-146.71619453952948,-218.0108052044076,-218.0108052044076,-165.82663863783452,-165.82663863783452,175.55555555552434,-250.44404973358488,,,10.96127809369077,8.22224626218404,4.8056161472069805,,
1657114200,164.32,164.57,161.47,162.14,175.83686705380035,169.30895013041788,175.83686705380035,169.30895013041788,0,0,0,0,0,170.48499999999999,164.89000000000001,173.83499999999998,161.54000000000002,167.135,175.33699296689053,172.23300703310946,,,,,11861144,0.67,0.67,-1.550988470855418,-1.0346363797879194,-0.8798520171971405,-197.95840354562904,-235.47268196760717,-235.47268196760717,-189.0419864144254,-189.0419864144254,175.5555555555244,-269.9354533073092,,,12.553479555916603,8.392098548212768,4.821096393777829,,
1657200600,162.43,163.04,162.06,162.23,175.809792194552,169.03353639981324,175.809792194552,169.03353639981324,0,0,0,0,0,170.48499999999999,164.89000000000001,173.83499999999998,161.54000000000002,167.135,175.33439681553534,172.23560318446465,,,,,4588418,0.67,0.67,-1.6529916558611557,-1.1043166898316978,-0.8431824706988007,-189.02225526009562,-237.64796790330783,-237.64796790330783,-205.24398024405286,-205.24398024405286,175.5555555555244,-269.9354533073092,,-257.64796790330786,12.233956133225021,8.542759629977954,4.8359073023481525,,
1657287000,162.35,163.38,161.84,162.3,175.78233626609136,168.76038203119313,175.78233626609136,168.76038203119313,0,1,1,0,0,170.48499999999999,164.89000000000001,173.83499999999998,161.54000000000002,167.135,175.33263335721315,172.23736664278684,,,,,4584112,0.66,0.66,-1.4859817336804837,-1.246704564353534,-0.9550622125326398,-192.35437834961652,-228.09614189986667,-228.09614189986667,-212.86136746265746,-212.86136746265746,175.5555555555244,-269.9354533073092,,-248.09614189986667,12.353100460330356,8.692184760580009,4.850926669297168,,
1657546200,161.93,162.435,161.3757,161.43,175.75401679902623,168.47991383389143,175.75401679902623,168.47991383389143,0,0,0,0,0,170.48499999999999,164.89000000000001,173.83499999999998,161.54000000000002,167.135,175.2825470864044,172.19315291359555,,,,,4321663,0.67,0.67,-1.6194733547715898,-1.2360985800989492,-1.1786533338808565,-199.38667266991013,-226.70853383255107,-226.70853383255107,-217.47708958595533,-217.47708958595533,175.5555555555244,-269.9354533073092,,-246.70853383255107,12.604549147034936,8.84561081495079,4.866418422499441,,
1657632600,161.22,161.62,160.72,160.83,175.6864592975233,168.14990623711634,175.6864592975233,168.14990623711634,0,1,1,0,0,170.48499999999999,164.89000000000001,173.83499999999998,161.54000000000002,167.135,174.9421876059776,171.87781239402236,,,,,5375081,0.68,0.68,-1.703929749689934,-1.2725486608736332,-1.1188136401439182,-209.31791407808672,-256.6732147150726,-256.6732147150726,-230.54246462899442,-230.54246462899442,175.5555555555244,-269.9354533073092,,-276.6732147150726,12.94079410649478,9.006206238148593,4.882551041248682,,
1657719000,160.1,162.705,160.06,161.6,175.65572811011566,167.8422824631118,175.65572811011566,167.8422824631118,0,1,1,0,0,170.48499999999999,164.89000000000001,173.83499999999998,161.54000000000002,167.135,174.6089113315662,171.55108866843378,,,,,8456636,0.68,0.68,-1.5161783237593442,-1.2049679211259694,-1.135101040655264,-219.31428334664943,-268.69135773189,-268.69135773189,-243.2587623299596,-243.2587623299596,175.5555555555244,-269.9354533073092,,-288.69135773189,13.298304533882243,9.174523818373443,4.899365733541656,,
1657805400,159.02,159.83,158.22,159.33,173.8171499444396,165.81485701079674,173.8171499444396,165.81485701079674,0,1,1,0,0,170.48499999999999,164.89000000000001,173.83499999999998,161.54000000000002,167.135,173.68856774944027,170.63143225055975,,,,,12213614,0.69,0.68,-1.9260013987455191,-1.2801024021156078,-1.419785740459694,-221.5106790341831,-284.6314850076174,-284.6314850076174,-257.04966988917886,-257.04966988917886,175.5555555555244,-269.9354533073092,,-304.6314850076174,13.403754583766627,9.340376005251606,4.9163575194561915,,
1657891800,159.01,159.25,158.35,159.01,173.7867332612339,165.53167046135374,173.7867332612339,165.53167046135374,0,1,1,0,0,170.48499999999999,164.89000000000001,173.83499999999998,161.54000000000002,167.135,173.6808133945238,170.6391866054762,,,,,6783785,0.7,0.68,-1.8022793203638205,-1.4238004098566126,-1.5741538977493517,-219.52060382516837,-288.72669193122533,-288.72669193122533,-267.6086772365277,-267.6086772365277,175.5555555555244,-269.9354533073092,,-308.72669193122533,13.33260357944284,9.496933949337537,4.933173195899721,,
1658151000,160.08,160.43,159.05,159.16,173.14072922329547,164.72071722224644,173.14072922329547,164.72071722224644,0,1,1,0,0,170.48499999999999,164.89000000000001,173.83499999999998,161.54000000000002,167.135,173.68233331773584,170.63766668226418,,,,,5791779,0.69,0.68,-1.7489520761190127,-1.6165656744925223,-1.8095881021228133,-208.8048142381655,-272.2366897443626,-272.2366897443626,-269.1513480724727,-269.1513480724727,175.5555555555244,-269.9354533073092,,-292.2366897443626,12.638690541579695,9.620140090209778,4.948568834952029,,
1658237400,159.47,159.87,159.33,159.54,171.43363112087445,162.97891090030024,171.43363112087445,162.97891090030024,0,1,1,0,0,170.48499999999999,164.89000000000001,173.83499999999998,161.54000000000002,167.135,172.44570695772867,169.42489304227126,,,,,3796198,0.68,0.68,-1.0173225127915617,-1.4033721531459264,-1.5165544429059763,-204.5184984033644,-260.48080434510746,-260.48080434510746,-243.13971689037697,-243.13971689037697,175.5555555555244,-269.9354533073092,,-280.48080434510746,11.625714127239437,9.698790052446236,4.961909784586969,,
1658323800,159.71,159.815,158.025,158.04,168.58876376435205,160.21266738796868,168.58876376435205,160.21266738796868,0,1,1,0,0,170.48499999999999,164.89000000000001,173.83499999999998,161.54000000000002,167.135,171.86001408670535,168.88498591329463,,,,,4795846,0.69,0.69,-0.8117704705044076,-1.4864641399022596,-1.6280908098345674,-205.00864276716777,-259.4922638515412,-259.4922638515412,-257.51518286440876,-257.51518286440876,175.5555555555244,-269.9354533073092,,-279.4922638515412,10.881457252424989,9.745169158327757,4.973737052254977,,
1658410200,158.31,160.31,158.2699,160.27,168.5685272753124,160.14395105902872,168.5685272753124,160.14395105902872,0,0,0,0,0,170.48499999999999,164.89000000000001,173.83499999999998,161.54000000000002,167.135,171.69067481361162,168.6543251863884,,,,,5863333,0.67,0.68,-0.38346836076811425,-1.3425336091173623,-1.41873799875549,-201.22944693625476,-247.89637250549544,-247.89637250549544,-224.70458981340386,-224.70458981340386,175.5555555555244,-269.9354533073092,,-267.89637250549544,10.743345364313099,9.784313323268359,4.985264741190158,,
1658496600,160.55,162.13,160.35,160.67,168.18242678031535,159.82012326168086,168.18242678031535,159.82012326168086,0,0,0,0,0,170.48499999999999,164.89000000000001,173.83499999999998,161.54000000000002,167.135,171.33272109792793,168.29727890207207,,,,,5733753,0.68,0.68,-0.32065067084227494,-1.291972038043586,-1.2627333895056776,-169.13020133444945,-218.23957257340663,-218.23957257340663,-158.925972709229,-158.925972709229,175.5555555555244,-269.9354533073092,,-238.23957257340663,9.370937658961177,9.768102512903372,4.994027324442448,,
1658755800,160.64,160.7,159.81,160.23,168.1660407128222,159.8264399965169,168.1660407128222,159.8264399965169,0,0,0,0,0,170.48499999999999,164.89000000000001,173.83499999999998,161.54000000000002,167.135,169.8152402082196,166.8247597917804,,,,,3713368,0.67,0.68,-0.24192012390707882,-1.3091421746040726,-1.1315645091323558,-162.25458881790544,-181.49217605262365,-181.49217605262365,-107.99738301105768,-107.99738301105768,175.5555555555244,-269.9354533073092,,,9.676143107443625,9.764496261708873,5.003382201131761,,
1658842200,160.23,160.5,159.79,160.04,168.13067607504047,159.8143665680796,168.13067607504047,159.8143665680796,0,0,0,0,0,170.48499999999999,164.89000000000001,173.83499999999998,161.54000000000002,167.135,169.77429554135787,166.8657044586421,,,,,2672764,0.66,0.68,-0.1605871338850113,-1.5680616047680098,-1.2089571160538781,-160.08541653518492,-145.46067068776344,-145.46067068776344,-73.39765995804302,-73.39765995804302,175.5555555555244,-269.9354533073092,,,9.677237013170542,9.761074330393644,5.012720572384586,,
1658928600,160.02,162.21,159.51,161.67,167.0609699306184,158.8454062682533,167.0609699306184,158.8454062682533,0,0,0,0,0,170.48499999999999,164.89000000000001,173.83499999999998,161.54000000000002,167.135,169.79376950200833,166.84623049799163,,,,,5709082,0.65,0.67,0.01410312825288548,-0.9137094873171874,-1.153124877347278,-165.30545100158886,-103.1655018989263,-103.1655018989263,-18.575164321252018,-18.575164321252018,175.5555555555244,-269.9354533073092,,,9.266211604095574,9.741667948970191,5.021219055964428,,
1659015000,163.31,163.76,162.88,163.64,167.05287448620157,159.00869229694925,167.05287448620157,159.00869229694925,0,0,0,0,0,170.48499999999999,164.89000000000001,173.83499999999998,161.54000000000002,167.135,169.8150926324447,166.82490736755528,,,,,5606353,0.66,0.67,0.8860635355966746,-0.5530840767867347,-0.9536200282886064,-112.97187836479101,-54.00291968506862,-54.00291968506862,44.322244742646745,44.322244742646745,175.5555555555244,-269.9354533073092,,,7.349260523321965,9.647848049925162,5.02587048746764,,
1659101400,163.89,164.69,163.28,164.1,167.04558642529008,159.18110436373556,167.04558642529008,159.18110436373556,0,0,0,0,0,170.48499999999999,164.89000000000001,173.83499999999998,161.54000000000002,167.135,169.8110026002529,166.8289973997471,,,,,7537307,0.7,0.67,1.0623582585036406,-0.748395696857929,-1.0145953386867161,-104.17020423453614,-5.851596725427896,-5.851596725427896,90.45104919385356,90.45104919385356,175.5555555555244,-269.9354533073092,,,7.121729237770198,9.548784567095556,5.030058017438274,,
1659360600,164.98,165.41,164.41,165.03,166.68018500903906,159.05989250338374,166.68018500903906,159.05989250338374,0,0,0,0,0,170.3075,152.6975,175.635,147.37,164.98,169.31082790341975,166.32417209658027,,,,,4666912,0.72,0.67,1.2797968594158173,-0.8886644807338154,-0.9241366832568011,-69.50187320522858,36.915783227371435,36.915783227371435,122.45054313297008,122.45054313297008,183.04684515745976,-269.9354533073092,,,6.276365294721235,9.420454399551465,5.03254814186841,,
1659447000,165.66,166.46,164.02,164.05,166.67509772630373,159.2588771110942,166.67509772630373,159.2588771110942,0,0,0,0,0,170.3075,152.6975,175.635,147.37,164.98,169.26689757786278,166.3681024221372,,,,,5725388,0.7,0.67,1.030834463206703,-0.8875181595192391,-1.1873695720443744,-73.85348881122484,71.02137473400765,71.02137473400765,139.23255774728008,139.23255774728008,183.04684515745976,-269.9354533073092,,,6.4986888610192555,9.305875358824713,5.035477493954625,,
1659533400,164.77,164.91,163.475,164.45,165.83446467475008,158.6609577443881,165.83446467475008,158.6609577443881,0,0,0,0,0,170.3075,152.6975,175.635,147.37,164.98,169.26667402864072,166.3683259713593,,,,,4417759,0.71,0.68,1.4795527460859406,-0.7628021365883273,-1.240325194799021,-27.23991679184053,97.17583071206222,97.17583071206222,149.48474266817138,149.48474266817138,183.04684515745976,-269.9354533073092,,,6.339521026698749,9.189547737957028,5.038082975538529,,
1659619800,165.53,167.31,165.34,167.17,165.8336605495258,158.92648881323564,165.8336605495258,158.92648881323564,0,0,0,0,0,170.3075,152.6975,175.635,147.37,164.98,169.29491141313912,166.34008858686087,,,,,5502000,0.73,0.68,1.5424382557273455,-0.4998824998171436,-0.9959595086340608,-31.64688946799833,125.34057442521359,125.34057442521359,181.67006185151632,181.67006185151632,183.04684515745976,-269.9354533073092,,,5.270998052022453,9.035879122822339,5.038548340326709,,
1659706200,164.99,165.84,164.87,165.29,165.83192836061568,159.16335984016757,165.83192836061568,159.16335984016757,0,0,0,0,0,170.3075,152.6975,175.635,147.37,164.98,168.78036438326393,165.80463561673614,,,,,6023291,0.72,0.68,1.0364231452042367,-0.6074535206240966,-0.9239405470710134,-39.77477911278484,144.92930417156686,144.92930417156686,184.1067636642734,184.1067636642734,183.04684515745976,-269.9354533073092,,,5.540277300332295,8.898796698410964,5.039550795791255,,
1659965400,166.03,166.8103,165.93,166.69,165.83229633591915,159.43209474839628,165.83229633591915,159.43209474839628,0,0,0,0,0,170.3075,152.6975,175.635,147.37,164.98,167.97501528811824,164.9899847118818,,,,,3457314,0.72,0.68,1.4758244759294656,-0.42245993889973826,-0.8480111258083759,-21.44379395645774,159.2303464546612,159.2303464546612,187.83243102084987,187.83243102084987,183.04684515745976,-269.9354533073092,,,4.9329666552079665,8.74327395161869,5.039337840465414,,
1660051800,167.48,167.8,166.82,167.2,165.83442401556766,159.72484397394936,165.83442401556766,159.72484397394936,0,0,0,0,0,170.3075,152.6975,175.635,147.37,164.98,167.94828325774816,165.01671674225187,,,,,3205494,0.72,0.68,1.6414532085631943,-0.33663075065655695,-0.9061690766152548,-6.570306150478469,170.4174494163641,170.4174494163641,192.79165533976985,192.79165533976985,183.04684515745976,-269.9354533073092,,,4.423054887131889,8.57385359614862,5.038106505893319,,
1660138200,167.3925,167.98,166.6201,166.78,165.83615203751458,159.99835201418665,165.83615203751458,159.99835201418665,0,0,0,0,0,170.3075,152.6975,175.635,147.37,164.98,167.93927535109137,165.02572464890866,,,,,4077274,0.73,0.68,1.1619043663916564,-0.3553526641356329,-0.9407975167388225,-10.026632991216799,178.38218080544596,178.38218080544596,194.3116435836097,194.3116435836097,183.04684515745976,-269.9354533073092,,,4.5375845078491945,8.415568533862368,5.037106461941183,,
1660224600,167.16,167.66,166.31,166.34,165.8372632222548,160.24909507245383,165.8372632222548,160.24909507245383,0,0,0,0,0,170.3075,152.6975,175.635,147.37,164.98,167.92860411566798,165.03639588433202,,,,,4445977,0.73,0.68,0.6090528705297658,-0.39608331470153657,-0.9020921066149042,-15.38834861559426,178.5766867617717,178.5766867617717,178.9656986744232,178.9656986744232,183.04684515745976,-269.9354533073092,,,4.715251518276607,8.270458062662927,5.036463395120674,,
1660311000,167.17,167.94,166.83,167.87,165.83940075827428,160.51019330490664,165.83940075827428,160.51019330490664,0,0,0,0,0,170.3075,152.6975,175.635,147.37,164.98,167.90796581929985,165.05703418070019,,,,,5151653,0.74,0.69,0.8463972650901277,-0.07449653447616222,-0.8510712801013259,-17.910121489598858,183.86262923241492,183.86262923241492,194.4345141737014,194.4345141737014,183.04684515745976,-269.9354533073092,,,4.417325541423158,8.119354826535877,5.035226356451948,,
1660570200,165.99,166.25,165.44,165.71,165.83878457294307,160.70708768510636,165.83878457294307,160.70708768510636,0,0,0,0,0,170.3075,152.6975,175.635,147.37,164.98,167.9231577983269,165.04184220167312,,,,,5236292,0.74,0.69,0.15073680982091608,-0.327504645122811,-0.9204811796753012,-41.847687711274695,153.9887951312042,153.9887951312042,173.90468453201134,173.90468453201134,183.04684515745976,-269.9354533073092,,,5.213704594935256,8.005407758629971,5.035582956329037,,
1660656600,165.31,165.72,165.18,165.42,165.83765533303708,160.88616659941593,165.83765533303708,160.88616659941593,0,0,0,0,0,170.3075,152.6975,175.635,147.37,164.98,167.90848060983845,165.05651939016158,,,,,4291529,0.74,0.69,0.3098715290986518,0.08712165058668683,-0.9803353925413452,-46.325218083674294,99.18743769492227,99.18743769492227,148.99893558631499,148.99893558631499,183.04684515745976,-269.9354533073092,,,5.362667583361972,7.901770889011618,5.0362364720673645,,
1660743000,165.21,165.228,163.95,164.35,165.83409538232172,161.01046987002707,165.83409538232172,161.01046987002707,0,0,0,0,0,170.3075,152.6975,175.635,147.37,164.98,167.9088281678256,165.05617183217444,,,,,5569071,0.74,0.68,-0.0226221072625395,0.29275775809482013,-1.0995173297438683,-67.50738099925803,40.6955660218744,40.6955660218744,112.89781239816813,112.89781239816813,183.04684515745976,-269.9354533073092,,,6.0673771055345505,7.82983387789487,5.038296693113253,,
1660829400,164.6,164.9125,163.545,163.92,165.8297414454939,161.11417497316324,165.8297414454939,161.11417497316324,0,0,0,0,0,170.3075,152.6975,175.635,147.37,164.98,167.90935815433275,165.05564184566728,,,,,3646087,0.75,0.68,-0.7235993035974332,0.2238556348167382,-1.1998422441631673,-74.4819956178038,-7.9133289910080435,-7.9133289910080435,72.6274319351094,72.6274319351094,183.04684515745976,-269.9354533073092,,,6.299415606737714,7.769817475104394,5.0408164112223925,,
1660915800,163.65,163.74,162.615,162.72,165.823556647401,161.17770732715684,165.823556647401,161.17770732715684,0,0,0,0,0,170.3075,152.6975,175.635,147.37,164.98,167.8798366806328,165.08516331936727,,,,,8172954,0.75,0.67,-0.5892740650917226,0.05662404977526824,-1.3611897989368293,-90.49777733446406,-60.0102910280122,-60.0102910280122,28.414857614068865,28.414857614068865,183.04684515745976,-269.9354533073092,,,6.832244757648668,7.733049917557111,5.04439568863783,,
1661175000,161.66,162.12,161.36,161.64,165.81490178896465,161.1900246868762,165.81490178896465,161.1900246868762,0,0,0,0,0,170.3075,152.6975,175.635,147.37,164.98,167.88457780341093,165.0804221965891,,,,,4458113,0.73,0.67,-1.1456970051077127,0.02840287921298245,-1.5180060071439117,-112.11047201662433,-107.2611375142854,-107.2611375142854,-16.810474095382553,-16.810474095382553,183.04684515745976,-269.9354533073092,,,7.551277644093032,7.725921593107539,5.049404443793585,,
1661261400,161.96,163.43,161.91,162.77,165.80735213504065,161.22321195405752,165.80735213504065,161.22321195405752,0,0,0,0,0,170.3075,152.6975,175.635,147.37,164.98,167.88951471899048,165.07548528100955,,,,,4425075,0.72,0.66,-1.0032517945100161,0.2637038878395387,-1.4956130400734209,-102.63877315193284,-127.63847527866307,-127.63847527866307,-53.753141156476055,-53.753141156476055,183.04684515745976,-269.9354533073092,,,7.236163630113439,7.706715398480319,5.053773593017001,,
1661347800,162.44,163.61,162.37,163.25,165.80072745545016,161.27295658331016,165.80072745545016,161.27295658331016,0,0,0,0,0,170.3075,152.6975,175.635,147.37,164.98,167.88065776169262,165.0843422383074,,,,,3202411,0.71,0.66,-0.8006628307076379,0.22299796106434508,-1.4244261625206502,-94.71698864691776,-124.55839415906479,-124.55839415906479,-77.35489215733897,-77.35489215733897,183.04684515745976,-269.9354533073092,,,6.972613727512311,7.677927097658044,5.057607439439569,,
1661434200,163.97,163.985,163.24,163.75,165.7958368911036,161.35452691337645,165.7958368911036,161.35452691337645,0,0,0,0,0,170.3075,152.6975,175.635,147.37,164.98,167.87910036154253,165.0858996384575,,,,,2857488,0.71,0.67,-0.589583297315898,0.6064656261503745,-1.4261983568626988,-79.7344831700416,-98.22021222394895,-98.22021222394895,-84.30999884620896,-84.30999884620896,183.04684515745976,-269.9354533073092,,,6.474160650853664,7.6307205703323815,5.060437715586251,,
1661520600,163.12,163.61,161.55,161.76,165.78761324097152,161.36728664226362,165.78761324097152,161.36728664226362,0,0,0,0,0,170.3075,152.6975,175.635,147.37,164.98,167.89882480951292,165.06617519048712,,,,,6689259,0.72,0.66,-1.3692618378474761,0.3756349673436594,-1.3835230689753917,-108.83843059063993,-100.72214176243406,-100.72214176243406,-89.78071315161732,-89.78071315161732,183.04684515745976,-269.9354533073092,,,7.442420075627353,7.623336237206694,5.065196921100819,,
1661779800,161.88,162.62,161.7,161.86,165.77970272500554,161.3853695190376,165.77970272500554,161.3853695190376,0,0,0,0,0,170.3075,152.6975,175.635,147.37,164.98,167.89887350216398,165.06612649783608,,,,,4702256,0.71,0.66,-0.8755789262851625,0.3691071809253796,-1.4335266630452865,-106.25523999117893,-113.52731731722955,-113.52731731722955,-97.69624787348806,-97.69624787348806,183.04684515745976,-269.9354533073092,,,7.356479889996565,7.61287128241414,5.06977490905066,,
1661866200,161.27,161.43,160.34,160.51,165.76911790437615,161.34994326338906,165.76911790437615,161.34994326338906,0,0,0,0,0,170.3075,152.6975,175.635,147.37,164.98,167.89491226943954,165.07008773056046,,,,,4856576,0.72,0.66,-1.1152910973058887,0.13189741347554396,-1.4825393905887416,-129.67616809296197,-134.74963336569175,-134.74963336569175,-110.0473763708893,-110.0473763708893,183.04684515745976,-269.9354533073092,,,8.135670906382485,7.633373228452115,5.075900575378996,,
1661952600,159.5,160.575,159.255,159.27,165.75640807839338,161.27378274325616,165.75640807839338,161.27378274325616,0,0,0,0,0,170.3075,152.6975,175.635,147.37,164.98,167.89303709005938,165.07196290994065,,,,,5438641,0.72,0.66,-1.1598707220512734,0.16861377245815595,-1.458328624390021,-148.36124676239953,-154.8043113030161,-154.8043113030161,-124.96635468159823,-124.96635468159823,183.04684515745976,-269.9354533073092,,,8.757304915778615,7.677448980896291,5.083256028606567,,
1662039000,158.17,158.39,157.32,157.87,165.73989617414085,161.12548538077553,165.73989617414085,161.12548538077553,0,0,0,0,0,162.53249999999997,154.89249999999998,166.89499999999998,150.53,158.17,167.5170034012005,164.7429965987995,,,,,7390755,0.74,0.66,-1.385022179502992,-0.3244379707233382,-1.3550793150486777,-181.68440549545153,-177.26353003607693,-177.26353003607693,-142.39874646642446,-142.39874646642446,183.04684515745976,-269.9354533073092,,,9.86593331041595,7.763271895779416,5.092811827371421,,
1662125400,159.3499,160.06,159.14,159.26,165.72701726070602,161.0536624246667,165.72701726070602,161.0536624246667,0,0,0,0,0,162.53249999999997,154.89249999999998,166.89499999999998,150.53,158.17,167.52123109005268,164.7387689099473,,,,,5196908,0.73,0.67,-0.7944088702503852,-0.1892921539917544,-1.2683750491098018,-150.34169288865343,-174.55202524529088,-174.55202524529088,-153.11650605937993,-153.11650605937993,183.04684515745976,-269.9354533073092,,,8.823192391428902,7.804837405412729,5.100265135191716,,
1662471000,159.17,159.46,158.32,158.33,165.71254210134396,160.95282076095427,165.71254210134396,160.95282076095427,0,0,0,0,0,162.53249999999997,154.89249999999998,166.89499999999998,150.53,158.17,167.52297892300706,164.73702107699293,,,,,4863819,0.73,0.66,-0.7683946405458636,-0.25689420994281503,-1.2544845491155274,-164.4631348323756,-173.38950158999734,-173.38950158999734,-159.8741712362524,-159.8741712362524,183.04684515745976,-269.9354533073092,,,9.292998739543943,7.863196673417875,5.108642225310302,,
1662557400,158.15,160.15,158.08,159.94,163.9446583184983,159.20680637634055,163.9446583184983,159.20680637634055,0,0,0,0,0,162.53249999999997,154.89249999999998,166.89499999999998,150.53,158.17,167.5338389772934,164.72616102270658,,,,,3981410,0.73,0.66,-0.6480480161208504,-0.013446397428531962,-1.1930695456955014,-168.59623979151348,-157.19430178325032,-157.19430178325032,-151.83456287724616,-151.83456287724616,183.04684515745976,-269.9354533073092,,,8.460246684810926,7.886610399354857,5.115338737716896,,
1662643800,159.54,159.86,158.7115,158.98,163.93448174843138,159.1928643615821,163.93448174843138,159.1928643615821,0,0,0,0,0,162.53249999999997,154.89249999999998,166.89499999999998,150.53,158.17,167.53731983834783,164.72268016165216,,,,,4607118,0.73,0.67,-0.973739734532094,-0.35762710038808365,-1.2576936248103427,-157.72100736778123,-149.3307791412875,-149.3307791412875,-133.6037338573619,-133.6037338573619,183.04684515745976,-269.9354533073092,,,8.094562510857605,7.894765384119671,5.121291232768126,,
1662730200,159.72,160.24,159.41,159.82,163.92570715952343,159.20658732779458,163.92570715952343,159.20658732779458,0,0,0,0,0,162.53249999999997,154.89249999999998,166.89499999999998,150.53,158.17,167.54334912782483,164.7166508721752,,,,,3927788,0.73,0.68,-0.8919549439208752,-0.5008929741747501,-0.9853246187252656,-145.69194980962274,-130.88788285666993,-130.88788285666993,-94.00209028743483,-94.00209028743483,183.04684515745976,-269.9354533073092,,,7.690080491053333,7.88673852556805,5.126423678838626,,
1662989400,161.04,161.62,160.55,160.63,163.9192050473166,159.2640309619987,163.9192050473166,159.2640309619987,0,0,0,0,0,162.53249999999997,154.89249999999998,166.89499999999998,150.53,158.17,166.42227749385142,163.6677225061486,,,,,4537530,0.73,0.68,-0.2623541930902386,-0.4585017217602304,-0.9679004335088118,-126.05970125371589,-100.43347160927215,-100.43347160927215,-39.52464911447656,-39.52464911447656,183.04684515745976,-269.9354533073092,,,7.029938039261095,7.853138506497189,5.130226904333976,,
1663075800,158.47,159.2675,158.39,158.54,162.60112219088543,158.01202169555782,162.60112219088543,158.01202169555782,0,0,0,0,0,162.53249999999997,154.89249999999998,166.89499999999998,150.53,158.17,166.33943502449134,163.7505649755087,,,,,6526388,0.74,0.67,-0.7650090256241973,-0.846816245728815,-1.2205868233564547,-163.25764588596036,-79.19388362719921,-79.19388362719921,-36.71470766305334,-36.71470766305334,183.04684515745976,-269.9354533073092,,,7.541883135835629,7.840932413530068,5.13504539830301,,
1663162200,158.68,158.98,157.73,157.93,162.59166100768687,158.0062875114183,162.59166100768687,158.0062875114183,0,0,0,0,0,162.53249999999997,154.89249999999998,166.89499999999998,150.53,158.17,166.33260654840294,163.75739345159712,,,,,6091085,0.76,0.67,-0.5994389880209611,-0.8032337260194021,-1.2208829246495627,-139.2170596557862,-70.5600604531429,-70.5600604531429,-53.292414105030254,-53.292414105030254,183.04684515745976,-269.9354533073092,,,7.927149611814846,7.844313480129472,5.140624028100237,,
1663248600,156.76,157.485,154.62,154.98,162.5760670795996,157.88003702077444,162.5760670795996,157.88003702077444,0,0,0,0,0,162.53249999999997,154.89249999999998,166.89499999999998,150.53,158.17,164.98951901233758,162.4004809876624,,,,,13181203,0.76,0.68,-0.9888924369849509,-1.2206220671609258,-1.4259564874625388,-157.41244055643068,-83.89624967843564,-83.89624967843564,-75.0054568615738,-75.0054568615738,183.0468451574598,-194.7395042994518,,,9.742571945595701,7.918754988579128,5.149818729234093,,
1663335000,154.66,156.56,154.34,155.84,161.56545279305163,156.8177190483364,161.56545279305163,156.8177190483364,0,0,0,0,0,162.53249999999997,154.89249999999998,166.89499999999998,150.53,158.17,164.5930173271002,162.04698267289982,,,,,7141210,0.77,0.68,-0.4795242164514777,-1.4592343875590605,-1.2252302121656935,-146.84788044238033,-104.73733637115504,-104.73733637115504,-84.91608336476754,-84.91608336476754,183.0468451574598,-194.7395042994518,,,9.350405262539638,7.974898136577579,5.158211509520418,,
1663594200,154.87,156.04,154.815,155.96,161.39127415480434,156.5947333194728,161.39127415480434,156.5947333194728,0,0,0,0,0,162.53249999999997,154.89249999999998,166.89499999999998,150.53,158.17,164.58643913808731,162.0535608619127,,,,,5582767,0.78,0.68,-0.7729125691342891,-1.2156192761580398,-1.1213724587224831,-133.92181239768703,-117.86766812692584,-117.86766812692584,-95.89994495215365,-95.89994495215365,183.0468451574598,-194.7395042994518,,,8.98053971426892,8.014335061192925,5.165848528910526,,
1663680600,155.03,155.23,154.59,155.07,161.1980682565148,156.35405501769455,161.1980682565148,156.35405501769455,0,0,0,0,0,162.53249999999997,154.89249999999998,166.89499999999998,150.53,158.17,164.58857533013006,162.05142466986993,,,,,5943724,0.77,0.68,-0.7690977116176343,-1.5033603260707458,-1.2788223938316647,-134.870658636301,-133.03808190961968,-133.03808190961968,-108.27932393797566,-108.27932393797566,183.0468451574598,-194.7395042994518,,,9.011183048852267,8.05342713914035,5.173531514964355,,
1663767000,155.97,157.25,154.01,155.79,160.91889018640202,156.02068189742133,160.91889018640202,156.02068189742133,0,0,0,0,0,162.53249999999997,154.89249999999998,166.89499999999998,150.53,158.17,164.33790263017727,161.80209736982272,,,,,7816071,0.77,0.68,-0.9698498115367884,-1.4726590975929361,-1.0528539072392036,-143.4105038337962,-146.54928726113008,-146.54928726113008,-121.03597837902713,-121.03597837902713,183.0468451574598,-194.7395042994518,,,9.202924183468939,8.098505454604217,5.181582249566762,,
1663853400,156.26,156.48,155.31,155.7,160.78488204183262,155.88348488280644,160.78488204183262,155.88348488280644,0,0,0,0,0,162.53249999999997,154.89249999999998,166.89499999999998,150.53,158.17,163.6340364608928,161.1160635391072,,,,,5975237,0.77,0.67,-0.771205293249939,-1.4337512653685567,-0.9662963282827133,-124.269471494583,-145.05443908021167,-145.05443908021167,-129.04213194608863,-129.04213194608863,183.0468451574598,-194.7395042994518,,,8.366275296477673,8.1090062327169,5.187945272637513,,
1663939800,153.9,154,152.64,153.01,159.79377835790004,154.85233036370022,159.79377835790004,154.85233036370022,0,0,0,0,0,162.53249999999997,154.89249999999998,166.89499999999998,150.53,158.17,162.9645218076842,160.37547819231577,,,,,9597991,0.76,0.68,-1.5974860619911193,-1.7345783319908883,-1.27535129918399,-165.0651699714015,-169.1375190810571,-169.1375190810571,-142.40726099107812,-142.40726099107812,183.0468451574598,-194.7395042994518,,,9.390953342039666,8.159278668376617,5.196342891157797,,
1664199000,153.22,153.51,151.0301,151.23,159.64408142523277,154.58557480534893,159.64408142523277,154.58557480534893,0,0,0,0,0,162.53249999999997,154.89249999999998,166.89499999999998,150.53,158.17,162.1687119487162,159.56138805128376,,,,,8240501,0.77,0.68,-2.1799995981220226,-2.131939241356144,-1.3273291465317765,-198.68261276956997,-191.47785471053692,-191.47785471053692,-158.76412556423105,-158.76412556423105,183.0468451574598,-194.7395042994518,,,10.272041349809879,8.242132106864196,5.20648414681944,,
1664285400,152.25,152.73,151.5,151.54,159.20218425154323,154.07391728804637,159.20218425154323,154.07391728804637,0,0,0,0,0,162.53249999999997,154.89249999999998,166.89499999999998,150.53,158.17,162.17106010554474,159.55903989445525,,,,,7151310,0.76,0.68,-1.6579942802424947,-1.8538916458594086,-1.321007928403025,-166.46482784253186,-197.40598141778497,-197.40598141778497,-171.64474418208235,-171.64474418208235,183.0468451574598,-194.7395042994518,,,9.751593494966345,8.301326671103496,5.215565284378175,,
1664371800,153.2,154.88,152.93,154.69,159.1899509163753,154.03491661008377,159.1899509163753,154.03491661008377,0,0,0,0,0,162.53249999999997,154.89249999999998,166.89499999999998,150.53,158.17,161.87305960576114,159.11704039423884,,,,,8977243,0.74,0.67,-0.7454245420616789,-1.3607376158683469,-1.2132046450259562,-143.48753982951823,-170.3317066151303,-170.3317066151303,-167.7056314812262,-167.7056314812262,183.0468451574598,-194.7395042994518,,,8.899743849407278,8.324794011429134,5.222926280512099,,
1664458200,154.14,155.03,153.16,154.66,159.17819696849043,154.00637478223734,159.17819696849043,154.00637478223734,0,0,0,0,0,162.53249999999997,154.89249999999998,166.89499999999998,150.53,158.17,161.22452425418504,158.48557574581497,,,,,6317021,0.75,0.68,-0.07505917193900005,-1.2374364042792294,-1.2234995713783137,-120.94730873176464,-155.38724900133045,-155.38724900133045,-125.49833377373075,-125.49833377373075,183.0468451574598,-194.7395042994518,,,8.762733067254427,8.341968092049733,5.229998821544552,,
1664544600,154.94,156.045,154.57,154.67,159.16925551600593,154.03369341822804,159.16925551600593,154.03369341822804,0,0,0,0,0,162.53249999999997,154.89249999999998,166.89499999999998,150.53,158.17,160.87178164504206,158.13831835495787,,,,,6832430,0.73,0.68,-0.2761556587691431,-1.198384504031352,-1.2883162483571338,-98.11789704343963,-130.41831797589992,-130.41831797589992,-80.48045592503885,-80.48045592503885,183.0468451574598,-194.7395042994518,,,7.922797402752137,8.325530025802768,5.235379038490021,,
1664803800,155.438,158.48,155.23,158.43,159.16163742306685,154.08556426457204,159.16163742306685,154.08556426457204,0,0,0,0,0,160.73295,145.73515,166.0279,140.4402,155.438,160.90196868534954,158.10813131465042,,,,,10362232,0.72,0.68,0.5609747304754054,-0.5391570657388096,-1.0645458457322523,-87.43178944464924,-95.03459791034406,-95.03459791034406,-24.267157779232313,-24.267157779232313,183.0468451574598,-194.7395042994518,,,7.529636027878723,8.294318496472414,5.23996296853875,,
1664890200,159.18,161.08,158.92,160.7,159.1613334521916,154.27865978360845,159.1613334521916,154.27865978360845,0,0,0,0,0,160.73295,145.73515,166.0279,140.4402,155.438,160.89768432647483,158.11241567352513,,,,,8024496,0.78,0.69,1.2742666217064742,-0.1178414516502515,-0.8368202918813462,-29.284540873182173,-51.7456130235456,-51.7456130235456,34.83235675005131,34.83235675005131,189.30211202938034,-194.73950429945174,,,5.331506522904639,8.178129791626619,5.240145872743277,,
1664976600,159.32,160.08,158.38,159.81,159.15996195678264,154.44321822346694,159.15996195678264,154.44321822346694,0,0,0,0,0,160.73295,145.73515,166.0279,140.4402,155.438,160.9017689647156,158.10833103528438,,,,,5296309,0.8,0.7,0.9165643507884306,-0.3729350534077706,-0.8875274706534122,-38.16861507066427,-10.236410149023271,-10.236410149023271,72.78199560002139,72.78199560002139,189.30211202938034,-194.73950429945174,,,5.653184011437427,8.079112310050572,5.240971123769639,,
1665063000,159.41,159.94,158.9511,159.63,159.15972284997588,154.62349550882118,159.15972284997588,154.62349550882118,0,0,0,0,0,160.73295,145.73515,166.0279,140.4402,155.438,160.90181260624294,158.10828739375702,,,,,5712627,0.8,0.69,0.8997902728490307,-0.45638578533244967,-0.9088206212517619,-28.772884007364063,24.668885126591093,24.668885126591093,94.47947567781983,94.47947567781983,189.30211202938034,-194.73950429945174,,,5.312980282361355,7.970636544258838,5.24111499821238,,
1665149400,158.46,158.98,157.68,157.88,159.15696995716874,154.74735450847524,159.15696995716874,154.74735450847524,0,0,0,0,0,160.73295,145.73515,166.0279,140.4402,155.438,160.9146407192284,158.09545928077156,,,,,5030041,0.77,0.68,1.1343401400255906,-0.7376159845644988,-0.9204599485271932,-49.68500754888178,46.11305997797853,46.11305997797853,89.00140968075341,89.00140968075341,189.30211202938034,-194.73950429945174,,,6.070173348424374,7.896108575794742,5.242771458452563,,
1665408600,155.94,156.35,155.12,155.48,159.14915882838318,154.76696805716247,159.14915882838318,154.76696805716247,0,0,0,0,0,160.73295,145.73515,166.0279,140.4402,155.438,160.94447293583352,158.06562706416645,,,,,6110794,0.76,0.67,0.9904479744216318,-0.7899663067734255,-1.1425242989606323,-91.80210004064942,48.31121721899359,48.31121721899359,52.70753170102372,52.70753170102372,189.30211202938034,-194.73950429945174,,,7.5951629236909515,7.884306785516162,5.247471541300192,,
1665495000,155.49,156.81,154.92,155.16,159.14096770185293,154.77804774119534,159.14096770185293,154.77804774119534,0,0,0,0,0,160.73295,145.73515,166.0279,140.4402,155.438,160.94072937424974,158.06937062575025,,,,,5306673,0.76,0.67,0.841919721448046,-0.8422946348509397,-1.2930674021256925,-95.09249789156904,14.9974812381219,14.9974812381219,37.20663855870303,37.20663855870303,189.30211202938034,-194.73950429945174,,,7.714302734258663,7.877639959976652,5.252400274952457,,
1665581400,155.51,156.29,155.26,155.99,159.1334654686824,154.80189292781512,159.1334654686824,154.80189292781512,0,0,0,0,0,160.73295,145.73515,166.0279,140.4402,155.438,160.9191132317329,158.09098676826707,,,,,3998472,0.75,0.67,0.3000146235058681,-0.5804128564921054,-1.1439208548498154,-89.4988215450061,-11.649586318805714,-11.649586318805714,20.921230266200116,20.921230266200116,189.30211202938034,-194.73950429945174,,,7.511765056293568,7.8632919245381,5.256914490299792,,
1665667800,153.48,155.73,152.92,154.91,159.12134965356017,154.73395595025374,159.12134965356017,154.73395595025374,0,0,0,0,0,160.73295,145.73515,166.0279,140.4402,155.438,160.92488742876967,158.0852125712303,,,,,7083767,0.77,0.67,0.05758658951564375,-0.5630555424701162,-1.1687133210120606,-127.99647640076246,-45.9745857851248,-45.9745857851248,-1.377375084241521,-1.377375084241521,189.30211202938034,-194.73950429945174,,,8.905700839935674,7.904170705534083,5.2642047727166466,,
1665754200,154.02,154.1996,152.72,152.98,159.10886244146513,154.66091846200848,159.10886244146513,154.66091846200848,0,0,0,0,0,160.73295,145.73515,166.0279,140.4402,155.438,160.94497190449482,158.06512809550512,,,,,5474648,0.76,0.67,-0.3869061699832629,-0.6332477555453723,-1.3622877895353556,-131.28687425168164,-96.36152603726168,-96.36152603726168,-33.03875873524824,-33.03875873524824,189.30211202938034,-194.73950429945174,,,9.024840650503368,7.948118546513271,5.271718530714223,,
1666013400,154.92,155.33,153.325,153.42,159.09759688214154,154.61423342428267,159.09759688214154,154.61423342428267,0,0,0,0,0,160.73295,145.73515,166.0279,140.4402,155.438,160.9454165018838,158.06468349811612,,,,,4348044,0.76,0.67,-1.123960032633414,-0.7524819259271103,-1.3275203681079235,-121.33342075265078,-124.58138258774855,-124.58138258774855,-63.552966686081675,-63.552966686081675,189.30211202938034,-194.73950429945174,,,8.664442723536078,7.9762096907102435,5.2784972004301505,,
1666099800,154.08,154.2393,153.24,153.75,159.08618569955982,154.56607917235002,159.08618569955982,154.56607917235002,0,0,0,0,0,160.73295,145.73515,166.0279,140.4402,155.438,160.93523728380222,158.07486271619774,,,,,4528441,0.76,0.67,-1.5383616556865056,-0.594061157970306,-1.2722176872435023,-122.73183983929117,-137.18608883354102,-137.18608883354102,-88.09734073523478,-88.09734073523478,189.30211202938034,-194.73950429945174,,,8.71507714302734,8.005184884918757,5.2853634940217535,,
1666186200,152.09,152.49,151.54,151.69,159.0714346791811,154.45381332245393,159.0714346791811,154.45381332245393,0,0,0,0,0,160.73295,145.73515,166.0279,140.4402,155.438,160.92810272740417,158.0819972725958,,,,,8257060,0.75,0.67,-1.7906215465773814,-1.0495133272231274,-1.5378773702798145,-150.70022157210587,-167.30565452430164,-167.30565452430164,-114.50011199825707,-114.50011199825707,189.30211202938034,-194.73950429945174,,,9.72776553285281,8.07273706719068,5.294239422171266,,
1666272600,151.92,153.23,151.27,151.45,159.05617906543648,154.33546770196554,159.05617906543648,154.33546770196554,0,0,0,0,0,160.73295,145.73515,166.0279,140.4402,155.438,160.92652832582712,158.08357167417284,,,,,5019849,0.73,0.67,-1.8062356549049419,-0.9638900054813033,-1.2777511358190858,-155.14225867084667,-189.53949803644883,-189.53949803644883,-139.51324067765432,-139.51324067765432,189.30211202938034,-194.73950429945174,,,9.888604277119196,8.143947546011406,5.303418972331002,,
1666359000,151.98,154.31,151.83,154.15,159.04206162474628,154.2435042626728,159.04206162474628,154.2435042626728,0,0,0,0,0,160.73295,145.73515,166.0279,140.4402,155.438,160.97353812161217,158.0365618783878,,,,,6898351,0.75,0.67,-0.8184771051932076,-0.7096041173659279,-0.9878443958758671,-145.9291446882725,-167.8411723824915,-167.8411723824915,-148.95588457926672,-148.95588457926672,189.30211202938034,-194.73950429945174,,,9.55501280752963,8.199283438619963,5.311913665308422,,
1666618200,153.45,154.06,153.06,153.65,159.03040535776378,154.20290017394052,159.03040535776378,154.20290017394052,0,0,0,0,0,160.73295,145.73515,166.0279,140.4402,155.438,160.9744380841563,158.0356619158437,,,,,4673274,0.74,0.67,-0.40899230820348115,-0.8717796329973827,-1.1612066381860704,-125.6931979051187,-143.38803055696295,-143.38803055696295,-132.25232251235542,-132.25232251235542,189.30211202938034,-194.73950429945174,,,8.822302972538274,8.223715577204995,5.318927430158032,,
1666704600,153.9599,154.79,153.83,154,159.02029545694907,154.1937825200605,159.02029545694907,154.1937825200605,0,0,0,0,0,160.73295,145.73515,166.0279,140.4402,155.438,160.959430430156,158.05066956984396,,,,,3434053,0.75,0.67,-0.2624848459923379,-0.5804734876832086,-1.2666215544047772,-113.02516617907905,-125.2300779914276,-125.2300779914276,-88.9141728603569,-88.9141728603569,189.30211202938034,-194.73950429945174,,,8.363614701852619,8.229201817387255,5.32501072141017,,
1666791000,154.78,155.73,154.78,154.98,159.0120848766155,154.22190477417578,159.0120848766155,154.22190477417578,0,0,0,0,0,160.73295,145.73515,166.0279,140.4402,155.438,160.94325199831763,158.06684800168233,,,,,4451056,0.75,0.67,-0.22768724564688655,-0.37923712101681756,-1.114891539010104,-97.39577638721235,-96.33780690068784,-96.33780690068784,-38.55326471920827,-38.55326471920827,189.30211202938034,-194.73950429945174,,,7.797700601656045,8.21228020108407,5.329951160731341,,
1666877400,154.7148,155.09,154.22,154.74,159.00278300873015,154.22718301832575,159.00278300873015,154.22718301832575,0,0,0,0,0,160.73295,145.73515,166.0279,140.4402,155.438,160.9413835254457,158.06871647455426,,,,,3654871,0.72,0.67,-0.038617456151346714,-0.031462204707691045,-1.0923490777996558,-106.60889036978655,-63.2709306046534,-63.2709306046534,2.8628219874154865,2.8628219874154865,189.30211202938034,-194.73950429945174,,,8.13129207124561,8.209104195992365,5.335548245467633,,
1666963800,152.96,153.54,152.5,153.16,158.99009752819322,154.16547780192082,158.99009752819322,154.16547780192082,0,0,0,0,0,160.73295,145.73515,166.0279,140.4402,155.438,160.94695430090832,158.06314569909162,,,,,4645440,0.7,0.66,0.041340201335769794,-0.34884296250284713,-1.240816038568453,-134.90631188769288,-43.40163038832682,-43.40163038832682,-3.6630299556736645,-3.6630299556736645,189.30211202938034,-194.73950429945174,,,9.155894442127838,8.24623322525258,5.34318130480162,,
1667223000,152.16,152.8721,151.89,151.91,158.97623079986516,154.08251004498274,158.97623079986516,154.08251004498274,0,0,0,0,0,160.73295,145.73515,166.0279,140.4402,155.438,160.95063217233283,158.05946782766713,,,,,6097760,0.67,0.65,-0.3447785539297032,-0.5252020883154493,-1.2584833083494373,-144.9420253329971,-38.94938295510033,-38.94938295510033,-30.04488808864736,-30.04488808864736,189.30211202938034,-194.73950429945174,,,9.519270864359337,8.296156269923433,5.351525140085451,,
1667309400,153.82,153.98,152.87,153.46,158.96433023882648,154.04084298439517,158.96433023882648,154.04084298439517,0,0,0,0,0,158.725,146.365,163.63,141.46,153.82,160.96660921221692,158.04349078778304,,,,,4603597,0.69,0.66,-0.06557050215951153,-0.20838338955948751,-1.1329685371289606,-128.81907586349203,-38.18738748516259,-38.18738748516259,-36.6633965452871,-36.6633965452871,189.30211202938034,-194.73950429945174,,,8.93548579257759,8.32122801590987,5.358685900629891,,
1667395800,154.16,155.42,152.26,152.39,158.95124686172593,153.97712757324243,158.95124686172593,153.97712757324243,0,0,0,0,0,158.725,146.365,163.63,141.46,153.82,160.92736710374243,158.08273289625754,,,,,7220403,0.68,0.66,0.16220449129006556,-0.44289471601423175,-1.2075171262063535,-138.85478930879623,-39.877281712458185,-39.877281712458185,-38.750685560927785,-38.750685560927785,189.30211202938034,-194.73950429945174,,,9.298862214809086,8.359566611945134,5.366558380778101,,
1667482200,150.699,151.955,150.5703,151.81,158.9348473615027,153.85031068801723,158.9348473615027,153.85031068801723,0,0,0,0,0,158.725,146.365,163.63,141.46,153.82,160.68228150995233,157.86801849004766,,,,,5378810,0.67,0.66,0.08699907610118669,-0.5279366093941872,-1.2809937870113468,-152.8580140797982,-73.09463364196327,-73.09463364196327,-50.198668254606275,-50.198668254606275,189.30211202938034,-194.73950429945174,,,10.305414904390304,8.435874388119455,5.376426225980123,,
1667568600,154.95,156.6,154.66,156.47,158.9265701439972,153.88724360221264,158.9265701439972,153.88724360221264,0,0,0,0,0,158.725,146.365,163.63,141.46,153.82,160.80490208586423,157.74539791413576,,,,,7691954,0.68,0.66,0.5188919063651599,0.4501197791480384,-0.8828320488068286,-84.67137438627745,-49.3762057365166,-49.3762057365166,-47.73128070033726,-47.73128070033726,200.29836405471116,-194.73950429945177,,,7.869184487996668,8.413651254781307,5.381406761968168,,
1667831400,156.22,156.569,155.81,155.85,156.8797027972517,152.0640959786588,156.8797027972517,152.0640959786588,0,0,0,0,0,158.725,146.365,163.63,141.46,153.82,160.80378775602722,157.74651224397277,,,,,4425710,0.66,0.66,0.4990646765250274,0.6147663837607583,-0.8696885475746139,-35.65643849299567,-37.10408737643805,-37.10408737643805,-12.559850656280943,-12.559850656280943,200.29836405471116,-194.73950429945177,,,5.974292438597553,8.317990124734886,5.38259134873466,,
1667917800,155.99,159.87,155.975,159.45,156.60408587492194,151.96548567621645,156.60408587492194,151.96548567621645,0,0,0,0,0,158.725,146.365,163.63,141.46,153.82,160.85584104784067,157.65445895215936,,,,,11299635,0.7,0.68,1.202746619263381,1.024205106048051,-0.5969871814649681,-65.6579522665976,-15.074827153551642,-15.074827153551642,28.983693292221176,28.983693292221176,242.88440707689819,-194.7395042994518,,,5.709708620481195,8.215704575548466,5.383244929697191,,
1668004200,159.359,160.35,158.45,158.65,155.59694053733642,151.27767092361717,155.59694053733642,151.27767092361717,0,0,0,0,0,158.725,146.365,163.63,141.46,153.82,160.85770396551368,157.65259603448635,,,,,6040627,0.7,0.68,0.8065599297047561,0.5034061925788523,-0.4203677513334774,-18.894374752977757,10.395881669566275,10.395881669566275,61.33729931580211,61.33729931580211,242.88440707689819,-194.7395042994518,,,3.5898996045025897,8.034300459036864,5.379661822154344,,
1668090600,162.01,163.51,161.655,163.48,155.2028044115441,151.3052367469195,155.2028044115441,151.3052367469195,0,0,0,0,0,158.725,146.365,163.63,141.46,153.82,160.10590326471038,156.71439673528963,,,,,9939858,0.73,0.69,1.8257426695454364,1.0642917052669811,0.08904798579264461,-33.632200876016455,41.57106411450448,41.57106411450448,103.92142900438091,103.92142900438091,242.88440707689819,-194.7395042994518,,,1.3817715959004309,7.773416974207984,5.371674029494496,,
1668177000,163.914,164.58,163.42,164.56,155.82399951589244,152.34835361708969,155.82399951589244,152.34835361708969,0,0,0,0,0,158.725,146.365,163.63,141.46,153.82,159.8246488109552,156.46565118904482,,,,,4622422,0.72,0.69,2.4022472535529356,1.191482836323025,0.15451182066526933,-20.870729107760514,73.45460618127902,73.45460618127902,137.2216903148281,137.2216903148281,242.88440707689819,-194.7395042994518,,,0.692756441419552,7.495744012137849,5.362325542805036,,
1668436200,164.2,165.24,164.15,164.92,156.18085784162858,153.13168040168804,156.18085784162858,153.13168040168804,0,0,0,1,1,158.725,146.365,163.63,141.46,153.82,159.58237514469357,156.22792485530644,,,,,6187552,0.72,0.7,2.7680500319102253,0.7644157911461872,0.17391799481707357,-14.066124192692936,102.24981582413767,102.24981582413767,159.840235109855,159.840235109855,242.88440707689819,-194.7395042994518,,,0.46689303904922497,7.2201027975069225,5.3525444588814475,,
1668522600,165.27,166.23,164.56,165.5,156.74578642139295,154.097641294114,156.74578642139295,154.097641294114,0,0,0,1,1,158.725,146.365,163.63,141.46,153.82,160.07902940780988,156.72127059219008,,,,,9903495,0.72,0.7,2.533994597398088,0.556979389494075,0.2714334078457778,-17.111453601816063,126.09578462157705,126.09578462157705,173.78772221645585,173.78772221645585,242.88440707689819,-194.7395042994518,,,0.5679758308157086,6.9592350733229535,5.3429848812029945,,
1668609000,165.41,165.71,164.8301,165.12,156.76195228069088,154.51878473356052,156.76195228069088,154.51878473356052,0,0,0,1,1,158.725,146.365,163.63,141.46,153.82,160.07883345690755,156.72146654309245,,,,,3645845,0.72,0.7,2.6975379474702006,0.6194775476599538,0.2871207658462154,-12.194641242400877,149.02702149380085,149.02702149380085,194.88949523824843,194.88949523824843,242.88440707689819,-194.7395042994518,,,0.4047734138972886,6.702197361188614,5.333118324824762,,
1668695400,163.79,164.1099,163.4,163.92,156.77525707133884,154.86789121459736,156.77525707133884,154.86789121459736,0,0,0,1,0,158.725,146.365,163.63,141.46,153.82,160.07873889400986,156.72156110599013,,,,,4578129,0.73,0.69,2.5696571481699015,0.49981993138026026,0.154154708056328,-38.22771549341885,159.8954397598932,159.8954397598932,181.63227629207796,181.63227629207796,242.88440707689819,-194.7395042994518,,,1.2688821752265826,6.489126177425397,5.3249979728775125,,
1668781800,163.38,163.69,162.68,162.79,156.78711110316434,155.175354304221,156.78711110316434,155.175354304221,0,0,0,0,0,158.725,146.365,163.63,141.46,153.82,160.07916169749618,156.72113830250382,,,,,4321075,0.73,0.69,1.2982298246247304,0.5771109749768872,0.2326606163706893,-51.334360805448185,141.38531603718462,141.38531603718462,153.72539851899035,153.72539851899035,242.88440707689819,-194.7395042994518,,,1.7039274924471257,6.301471327034092,5.317763066822707,,
1669041000,162.44,162.5,161.28,161.88,156.79617221984134,155.4164070766045,156.79617221984134,155.4164070766045,0,0,0,0,0,158.725,146.365,163.63,141.46,153.82,160.07716946397446,156.72313053602554,,,,,4766512,0.73,0.68,1.2439298467124875,0.7640648088548366,0.19342900030419122,-76.8195044677276,89.12846602641558,89.12846602641558,132.1930876881321,132.1930876881321,242.88440707689819,-194.7395042994518,,,2.5498489425981865,6.154348880585625,5.312232768872208,,
1669127400,162.3,162.6,161.72,162.07,156.80608556205942,155.66508915203175,156.80608556205942,155.66508915203175,0,0,0,0,0,158.725,146.365,163.63,141.46,153.82,160.076260499782,156.724039500218,,,,,3203837,0.73,0.68,0.528221559345844,0.8265649860836355,0.19591927228772713,-68.80988788815414,45.06328019250697,45.06328019250697,103.14981852292372,103.14981852292372,242.88440707689819,-194.7395042994518,,,2.2839879154078555,6.002570019206104,5.306182329604547,,
1669213800,161.69,163.24,161.56,163.08,156.8156626138835,155.8978072245011,156.8156626138835,155.8978072245011,0,0,0,0,0,158.725,146.365,163.63,141.46,153.82,160.07979862157134,156.72050137842865,,,,,4167005,0.73,0.68,0.9168111485169685,0.8615988005204925,0.24284471450286355,-71.7224757352717,21.089259946316577,21.089259946316577,75.796298997388,75.796298997388,242.88440707689819,-194.7395042994518,,,2.380664652567974,5.860534514632059,5.300337139440638,,
1669386600,162.85,163.43,162.765,163.22,156.8276040472224,156.16818145099126,156.8276040472224,156.16818145099126,0,0,0,0,0,158.725,146.365,163.63,141.46,153.82,160.0619463957768,156.7383536042232,,,,,1436508,0.73,0.68,-0.05294020306908189,1.0309505303911477,0.3636791203481631,-46.95400404382588,21.194167908957343,21.194167908957343,57.59558863457779,57.59558863457779,242.88440707689813,-169.83728498373247,,,1.652567975830824,5.695516218992795,5.2930488893634955,,
1669645800,162.93,163.06,161.91,161.93,156.8378304127624,156.3947586489916,156.8378304127624,156.3947586489916,0,0,0,0,0,158.725,146.365,163.63,141.46,153.82,160.06958094993908,156.7307190500609,,,,,4053918,0.73,0.68,-0.5301393897153341,1.120434196540254,0.11452312770424178,-61.632495253138664,-2.2028256009250953,-2.2028256009250953,37.662783889410164,37.662783889410164,242.88440707689813,-169.83728498373247,,,2.1691842900302136,5.557228692366811,5.28680740165254,,
1669732200,162.7,163.6299,162.6,162.73,156.84940118116847,156.63923870197232,156.84940118116847,156.63923870197232,0,0,0,0,0,158.725,146.365,163.63,141.46,153.82,160.0637434127554,156.7365565872446,,,,,2620637,0.72,0.69,-0.43990816011630557,1.1606420595075064,0.14158016081512018,-49.786695329833506,-2.2859421127914907,-2.2859421127914907,24.34654188867628,24.34654188867628,242.88440707689813,-169.83728498373247,,,1.7522658610271937,5.408014463686826,5.27974538059235,,
1669818600,163.69,164.81,162.4,164.81,156.86055322676054,156.86636659601263,156.86055322676054,156.86636659601263,0,0,0,0,0,158.725,146.365,163.63,141.46,153.82,160.07395892444754,156.72634107555243,,,,,4874746,0.7,0.7,-0.13714995289891982,1.366230402304583,0.31343317410525523,-53.22026052499424,26.540925674406573,26.540925674406573,30.92969324586716,30.92969324586716,242.88440707689813,-169.83728498373247,,,1.873111782477338,5.269390829129591,5.2729389198568555,,
1669905000,167.48,167.95,166.975,167.84,159.094195028391,159.3940744806899,159.094195028391,159.3940744806899,0,0,0,0,0,174.05984999999998,159.65015,181.88969999999998,151.8203,167.48,160.96833092308654,157.55196907691348,,,,,8625780,0.71,0.7,0.5330791634921458,1.9891953321257552,0.5257354821155468,-14.64313064306051,43.14857979801623,43.14857979801623,76.36388804523556,76.36388804523556,242.88440707689813,-169.83728498373247,,,0.5153717826501484,5.082958709659809,5.263433291211088,,
1669991400,166.18,167.47,165.76,167.26,159.10755487848414,159.6445343049766,159.10755487848414,159.6445343049766,0,0,0,0,0,174.05984999999998,159.65015,181.88969999999998,151.8203,167.48,160.96320122565552,157.5570987743445,,,,,5185941,0.71,0.7,0.6595145435196956,1.9507958385123492,0.37305337244929776,-35.211227442272516,63.23603103517002,63.23603103517002,103.41093350947762,103.41093350947762,242.88440707689813,-169.83728498373247,,,1.2392755004766518,4.932226034789881,5.255393015904925,,
1670250600,166.55,166.72,164.3201,164.39,159.11803988172392,159.82927017536966,159.11803988172392,159.82927017536966,0,0,0,0,0,174.05984999999998,159.65015,181.88969999999998,151.8203,167.48,160.996097223988,157.52420277601203,,,,,5436175,0.71,0.7,0.31648370394840586,1.2349656936606488,0.04919371616597558,-59.58653820868007,75.40799815931685,75.40799815931685,99.7519324076105,99.7519324076105,242.88440707689813,-169.83728498373247,,,2.0971758817921873,4.821047597417422,5.249082891760843,,
1670337000,165.2,165.54,164.45,164.84,159.12876088096124,160.01180467829633,159.12876088096124,160.01180467829633,0,0,0,0,0,174.05984999999998,159.65015,181.88969999999998,151.8203,167.48,160.98598533411354,157.53431466588648,,,,,3597758,0.7,0.7,0.5887919466712928,1.3539425610254294,0.04840221426322862,-64.2948472008587,77.91834725523103,77.91834725523103,82.9390454470594,82.9390454470594,242.88440707689816,-138.12330556379064,,,2.0197807435653092,4.711193995305575,5.2426307396165965,,
1670423400,165.4699,166.64,165.318,166.33,159.14117738269758,160.22087978895138,159.14117738269758,160.22087978895138,0,0,0,0,0,174.05984999999998,159.65015,181.88969999999998,151.8203,167.48,160.98910373956724,157.5311962604328,,,,,4610697,0.7,0.7,0.8431804946029146,1.4828434829670054,0.08423116012784623,-50.94146011278093,78.57571866015508,78.57571866015508,79.89046147000316,79.89046147000316,242.88440707689819,-129.1295209103449,,,1.502621544327926,4.585367624679,5.235158193771864,,
1670509800,166.58,167.045,166.07,166.47,159.1550565487661,160.45095116977683,159.1550565487661,160.45095116977683,0,0,0,0,0,174.05984999999998,159.65015,181.88969999999998,151.8203,167.48,160.98665465492584,157.53364534507415,,,,,3217874,0.7,0.7,0.6669463255079463,1.3733322968094739,0.15776467433603228,-35.75193671674191,81.74106714389417,81.74106714389417,88.07176411137237,88.07176411137237,242.88440707689819,-129.1295209103449,,,1.0545757864633045,4.446905199650933,5.226805381769249,,
1670596200,167.26,168.085,166.6,167.06,159.16995633588147,160.6925766140993,159.16995633588147,160.6925766140993,0,0,0,0,0,174.05984999999998,159.65015,181.88969999999998,151.8203,167.48,161.05358967819953,157.60171032180048,,,,,5431272,0.7,0.7,0.7583432870018638,1.4816836335645756,0.1705270859222458,-25.046554536022615,89.3740771450518,89.3740771450518,104.64009714736704,104.64009714736704,242.88440707689819,-129.1295209103449,,,0.7387988560533896,4.301489264607892,5.2178383357638225,,
1670855400,166.438,166.6,165.43,165.68,159.18251206747811,160.87930302138952,159.18251206747811,160.87930302138952,0,0,0,0,0,174.05984999999998,159.65015,181.88969999999998,151.8203,167.48,161.04081079629952,157.6144892037005,,,,,3504409,0.72,0.7,0.750728035153204,1.5299492548352625,-0.09631309827851128,-48.679190670817725,90.15151476424231,90.15151476424231,91.70639000262334,91.70639000262334,242.88440707689819,-129.1295209103449,,,1.4358913250714946,4.189112874822151,5.210281998080122,,
1670941800,169.21,169.79,168.02,168.51,159.8343497649529,161.77655127742844,159.8343497649529,161.77655127742844,0,0,0,0,0,174.05984999999998,159.65015,181.88969999999998,151.8203,167.48,161.93016408704807,158.43013591295193,,,,,6750199,0.68,0.7,1.135301953450665,2.016565199136563,0.20755787153786,-9.858076382609923,97.81778283621054,97.81778283621054,113.15031898014699,113.15031898014699,242.88440707689819,-129.1295209103449,,,0.29078392973709616,4.036237229916855,5.200452831110406,,
1671028200,168.43,168.81,167.14,168.1,159.84897384134658,161.98741985478418,159.84897384134658,161.98741985478418,0,0,0,0,0,174.05984999999998,159.65015,181.88969999999998,151.8203,167.48,161.8844556865158,158.4758443134842,,,,,5642965,0.68,0.7,0.6381249075243758,1.760672631341151,0.09013255230761295,-27.562376824849323,106.92639518649386,106.92639518649386,125.14361988706052,125.14361988706052,242.88440707689819,-129.1295209103449,,,0.8130081300813035,3.9098360887468337,5.191686707831626,,
1671114600,165.73,166.21,165.1,165.35,159.85953353397127,162.1108190761652,159.85953353397127,162.1108190761652,0,0,0,0,0,174.05984999999998,159.65015,181.88969999999998,151.8203,167.48,161.91882734874883,158.44147265125116,,,,,8370909,0.68,0.69,-0.46759791011389845,1.5475924072340443,-0.11624730299347728,-68.60416421367577,94.42155514060586,94.42155514060586,102.75811517119786,102.75811517119786,242.88440707689819,-129.1295209103449,,,2.023618776333747,3.835866782377693,5.185356901774687,,
1671201000,166.02,166.98,165.84,166.79,159.87153586457273,162.2581085241587,159.87153586457273,162.2581085241587,0,0,0,0,0,174.05984999999998,159.65015,181.88969999999998,151.8203,167.48,161.92569409539706,158.43460590460293,,,,,5371967,0.68,0.7,-0.08868565082083349,1.7980360614237267,0.0006307864675965339,-53.71645702361103,68.72349308822942,68.72349308822942,91.41324114354171,91.41324114354171,242.88440707689819,-129.1295209103449,,,1.584475698771579,3.747576935961767,5.17816233393652,,
1671460200,166.71,167.11,165.99,166.32,159.88381091779036,162.40544544477993,159.88381091779036,162.40544544477993,0,0,0,0,0,174.05984999999998,159.65015,181.88969999999998,151.8203,167.48,161.9220615971052,158.4382384028948,,,,,3940525,0.68,0.7,0.37299427117999295,1.1546883086545825,-0.0012733045523482883,-50.69867853913837,46.44409497647028,46.44409497647028,76.4235257545179,76.4235257545179,242.88440707689819,-129.1295209103449,,,1.4954602100765426,3.659258632985876,5.170804287735002,,
1671546600,168.1,169.53,168.03,169.08,160.43984858853696,163.15423561112524,160.43984858853696,163.15423561112524,0,0,0,0,0,174.05984999999998,159.65015,181.88969999999998,151.8203,167.48,161.94769706421357,158.41260293578642,,,,,7803118,0.7,0.7,0.806684975800839,1.5370681655655198,0.07535147237292081,-21.053234959364307,59.58452571272019,59.58452571272019,70.81052574058533,70.81052574058533,242.88440707689819,-129.1295209103449,,,0.6210078069552941,3.5401115417689906,5.161713785275901,,
1671633000,169.04,169.71,168.675,168.8,160.456310529419,163.37089499892426,160.456310529419,163.37089499892426,0,0,0,0,0,174.05984999999998,159.65015,181.88969999999998,151.8203,167.48,161.94829603779337,158.41200396220665,,,,,3990060,0.67,0.7,0.4662912058196265,1.0630588785187285,0.19517283316006678,-8.120533484326167,72.45638467607047,72.45638467607047,75.74810254704073,75.74810254704073,242.88440707689819,-129.1295209103449,,,0.23953158268275437,3.4106770335695304,5.15187925540059,,
1671719400,167.76,167.7632,166.06,166.76,160.46756705183776,163.47753441073112,160.46756705183776,163.47753441073112,0,0,0,0,0,174.05984999999998,159.65015,181.88969999999998,151.8203,167.48,161.9286264516398,158.4316735483602,,,,,5672656,0.65,0.7,0.054396350503948504,0.9215690809465131,0.08431469479740152,-60.55311388312355,60.617746806929546,60.617746806929546,68.5101720530235,68.5101720530235,242.88440707689819,-129.1295209103449,,,1.7861367400047374,3.3469695710767935,5.145154495130068,,
1671805800,166.8801,167.795,166.66,167.26,160.479987896889,163.60328600246717,160.479987896889,163.60328600246717,0,0,0,0,0,174.05984999999998,159.65015,181.88969999999998,151.8203,167.48,161.9085338180198,158.45176618198022,,,,,2912300,0.69,0.7,0.037377131653448484,0.41678779719768577,0.1842682356435939,-48.52269390634419,42.82781197139957,42.82781197139957,59.949385359148856,59.949385359148856,242.88440707689819,-129.1295209103449,,,1.4312751360302907,3.2718442991141856,5.137734156750248,,
1672151400,167.89,170.61,167.8,168.67,160.494638870122,163.76836498276256,160.494638870122,163.76836498276256,0,0,0,0,0,174.05984999999998,159.65015,181.88969999999998,151.8203,167.48,162.3283048129666,158.85199518703342,,,,,6885715,0.71,0.7,0.5690046101700442,0.45464414081215815,0.3045475374721388,-25.6648959504629,53.387126937148295,53.387126937148295,57.76196588514867,57.76196588514867,242.88440707689819,-129.1295209103449,,,0.7570380884788273,3.1732244477167204,5.1289815172532025,,
1672237800,168.05,168.34,167.1,167.91,160.50787595529658,163.89979380696798,160.50787595529658,163.89979380696798,0,0,0,0,0,174.05984999999998,159.65015,181.88969999999998,151.8203,167.48,162.28929454524894,158.89100545475105,,,,,3662456,0.71,0.7,-0.11287433575573864,0.33182329430388136,0.33703484483043883,-39.70038592337262,49.902706885835116,49.902706885835116,55.14221288537748,55.14221288537748,242.88440707689819,-129.1295209103449,,,1.1710432931156955,3.0947075396931507,5.121073548773407,,
1672324200,168.54,169.35,168.52,168.85,160.52389538395735,164.0811979714006,160.52389538395735,164.0811979714006,0,0,0,0,0,174.05984999999998,159.65015,181.88969999999998,151.8203,167.48,162.29116785137612,158.88913214862387,,,,,3345874,0.7,0.69,0.141717137814675,0.37120601437053136,0.4722739496508793,-11.228391978327554,56.77025094068637,56.77025094068637,60.02632705130413,60.02632705130413,242.88440707689819,-129.1295209103449,,,0.33120416370948796,2.9863348582820266,5.1115033801718806,,
1672410600,169.26,169.8999,168.795,169.64,161.07103751449392,164.78851656502678,161.07103751449392,164.78851656502678,0,0,0,0,0,174.05984999999998,159.65015,181.88969999999998,151.8203,167.48,162.2922047632588,158.8880952367412,,,,,2864455,0.71,0.7,0.8236084269037071,0.5017019812712069,0.4466103746999649,-16.550315155565443,64.70649676448205,64.70649676448205,80.57898841207344,80.57898841207344,242.88440707689819,-121.71440178753042,,,0.4981136524404615,2.8887575560921612,5.102285818278311,,
1672756200,171.32,172.09,170.02,171.06,162.4345165543258,166.3193767481149,162.4345165543258,166.3193767481149,0,0,0,0,0,173.75495,168.17505,176.89990000000003,165.03009999999998,171.32,162.98287644104536,159.67742355895462,,,,,7992927,0.71,0.7,0.8103125500166611,0.7959766684270209,0.5047441429859882,-20.306881704472612,81.26568415900097,81.26568415900097,114.38405894803881,114.38405894803881,242.88440707689816,-118.23754789272928,,,0.6079738103589337,2.7993150562594855,5.093306173906844,,
1672842600,172.86,173.09,171.845,172.67,163.9790984144582,168.0403855844358,163.9790984144582,168.0403855844358,0,0,0,0,0,173.75495,168.17505,176.89990000000003,165.03009999999998,171.32,163.4750120483976,160.18528795160242,,,,,7574633,0.69,0.7,1.2040500332766577,1.1050549622784973,0.5726345873858352,-15.958623425202072,102.27750614278438,102.27750614278438,144.30115011035122,144.30115011035122,242.88440707689816,-118.23754789272928,,,0.4777900040539692,2.708274858133779,5.084084363377667,,
1672929000,170.824,171,169.79,170.52,163.99076614989386,168.11012732622262,163.99076614989386,168.11012732622262,0,0,0,0,0,173.75495,168.17505,176.89990000000003,165.03009999999998,171.32,163.49276963655586,160.16753036344411,,,,,4692610,0.7,0.7,0.26747120546180525,0.9677578470673946,0.5669157142306541,-55.710103593433374,115.23715019075277,115.23715019075277,141.15643828668956,141.15643828668956,242.88440707689816,-118.23754789272928,,,1.667921468697513,2.6674766859990235,5.077258863088596,,
1673015400,171.76,173.96,171.23,173.71,164.9910307711757,169.20627620248854,164.9910307711757,169.20627620248854,0,0,0,0,0,173.75495,168.17505,176.89990000000003,165.03009999999998,171.32,163.96889380206244,160.56140619793757,,,,,7888954,0.67,0.71,0.9063315824900408,1.2920156817286406,0.7603886463711922,-47.68537780269558,127.98248577546383,127.98248577546383,153.47315694488594,153.47315694488594,242.88440707689816,-118.23754789272928,,,1.4276668009901663,2.6188566905084802,5.069966970856631,,
1673274600,174.51,175.035,173.881,174.1,165.3784820710015,169.75467558908858,165.3784820710015,169.75467558908858,0,0,0,0,0,173.75495,168.17505,176.89990000000003,165.03009999999998,171.32,164.49287092415304,161.11242907584696,,,,,5134503,0.67,0.71,1.3716142323647578,1.2157606251492072,0.8794758464316279,-4.201493645210405,142.95292571113112,142.95292571113112,172.89380558246566,172.89380558246566,242.88440707689816,-118.23754789272928,,,0.12578977599080648,2.521089360527395,5.060088494942812,,
1673361000,174.61,174.98,174.06,174.74,166.00256596298428,170.52333326231596,166.00256596298428,170.52333326231596,0,0,0,0,0,173.75495,168.17505,176.89990000000003,165.03009999999998,171.32,164.45691293270585,161.14838706729418,,,,,4398411,0.66,0.71,1.3963645521775225,1.2723534981211937,1.0109376913201646,-12.997952592035967,157.04121682070212,157.04121682070212,185.21779903984412,185.21779903984412,242.88440707689816,-118.23754789272928,,,0.38914959368204577,2.437483879474636,5.0507559496855485,,
1673447400,174.76,174.79,173.72,174.62,166.01800579123008,170.64909274222515,166.01800579123008,170.64909274222515,0,0,0,1,1,173.75495,168.17505,176.89990000000003,165.03009999999998,171.32,164.45578159267237,161.14951840732763,,,,,3374201,0.65,0.71,1.1019414222014914,1.413360880690103,1.104773721627727,-19.496928888053947,165.63641487609135,165.63641487609135,182.8268109868698,182.8268109868698,242.88440707689816,-118.23754789272928,,,0.5837243905230686,2.364787428927516,5.0418308117052035,,
1673533800,176.01,176.71,174.88,176.64,167.83730368102718,172.598453793013,167.83730368102718,172.598453793013,0,0,0,1,1,173.75495,168.17505,176.89990000000003,165.03009999999998,171.32,165.31199786945285,161.96830213054716,,,,,6936919,0.66,0.72,1.6201027164532473,1.537813773344345,1.133513440608736,-31.93225970087113,177.65770350133232,177.65770350133232,201.70028075181423,201.70028075181423,242.88440707689813,-103.61425853942004,221.70028075181423,,0.9963768115941978,2.311124267463464,5.033747986530156,,
1673620200,176.96,178.825,176.8934,178.76,169.8657620928148,174.75787411622522,169.8657620928148,174.75787411622522,0,0,0,1,0,173.75495,168.17505,176.89990000000003,165.03009999999998,171.32,166.38207956466712,163.0132204353329,,,,,7468768,0.67,0.72,1.8231916268725128,1.5180628382996846,1.3361143496830237,-33.46470156901115,193.46532232275638,193.46532232275638,225.08055996560452,225.08055996560452,242.88440707689813,-103.61425853942004,245.08055996560452,,1.0441933318415624,2.2614407013606446,5.02577684835895,,
1673965800,178.21,178.24,177.09,177.59,169.88022950122075,174.84998493519677,169.88022950122075,174.84998493519677,0,0,0,1,1,173.75495,168.17505,176.89990000000003,165.03009999999998,171.32,166.36386240546452,163.03143759453553,,,,,6610834,0.65,0.72,1.45433087218841,1.040813402405139,1.1415389166218854,-29.940025511758755,205.17169712461995,205.17169712461995,228.58444672834707,228.58444672834707,242.88440707689813,-103.61425853942004,248.58444672834707,,0.9342134705750658,2.209392574663171,5.017601896555186,,
1674052200,178.92,179.18,176.9,177.08,169.89429217954,174.93110709460083,169.89429217954,174.93110709460083,0,0,0,0,0,173.75495,168.17505,176.89990000000003,165.03009999999998,171.32,166.5466102933871,163.20368970661295,,,,,5384664,0.64,0.72,1.0916015570265487,1.0514167486511372,1.177147678313802,-44.37823603014657,209.332185706199,209.332185706199,217.6531628693571,217.6531628693571,242.88440707689816,-5.435146643710141,237.6531628693571,,1.040501230700372,2.163553698429336,5.0096556414785525,,
1674138600,178.37,180.03,178.09,179.89,170.98251439831859,176.11812289312644,170.98251439831859,176.11812289312644,0,0,0,0,0,173.75495,168.17505,176.89990000000003,165.03009999999998,171.32,166.99885102011447,163.60144897988553,,,,,6678687,0.63,0.72,1.2835598588603325,1.671057883487815,1.28496355382906,-52.10991238792759,215.03322488860536,215.03322488860536,226.4353032534181,226.4353032534181,242.88440707689816,-5.435146643710141,246.4353032534181,,1.0006114847962548,2.117948121424117,5.001645563243423,,
1674225000,179.06,179.66,178.645,179.29,170.99784893498529,176.21770434829796,170.99784893498529,176.21770434829796,0,0,0,0,1,173.75495,168.17505,176.89990000000003,165.03009999999998,171.32,166.9701387833817,163.63016121661832,,,,,5754818,0.63,0.72,1.5904209703051662,1.5650652112494174,1.1974339007568209,-36.04268940164957,221.4526398000855,221.4526398000855,234.29146962304583,234.29146962304583,242.88440707689816,-5.435146643710141,254.29146962304583,,0.6920896103174029,2.0620321013807166,4.993035061838976,,
1674484200,178.35,179.69,177.78,179.63,171.01144184420608,176.27979829542352,171.01144184420608,176.27979829542352,0,0,0,0,0,173.75495,168.17505,176.89990000000003,165.03009999999998,171.32,166.96785603401545,163.63244396598455,,,,,5265507,0.62,0.72,1.053842519893676,1.4275760618695317,1.371182626814953,-59.97155240151589,224.0963772384793,224.0963772384793,229.38385211526693,229.38385211526693,238.36048344718284,-5.435146643710141,249.38385211526693,,1.172939018288946,2.027165705965353,4.985402502311403,,
1674570600,179.56,180.32,178.35,180.28,171.39615345848105,176.72892547103936,171.39615345848105,176.72892547103936,0,0,0,0,0,173.75495,168.17505,176.89990000000003,165.03009999999998,171.32,167.0846175376636,163.80568246233642,,,,,4604628,0.61,0.72,1.1021007407598067,1.4870605827408234,1.4646141569201234,-54.736826820501435,224.83438430388415,224.83438430388415,226.3103984346938,226.3103984346938,238.36048344718284,-5.435146643710141,246.3103984346938,,1.0705569114710487,1.9896516355930274,4.977580632999034,,
1674657000,179.35,181.22,179.2925,181.11,172.19948928645482,177.61191369948892,172.19948928645482,177.61191369948892,0,0,0,0,0,173.75495,168.17505,176.89990000000003,165.03009999999998,171.32,167.53516378512109,164.25513621487892,,,,,6925348,0.63,0.73,1.1356580677609796,1.5126683124721336,1.750826002691212,-44.4143549047216,232.02565447964886,232.02565447964886,246.40819483117832,246.40819483117832,205.59642290494062,-5.435146643710141,266.4081948311783,,1.0035337640108353,1.9509803465113729,4.969640479414642,,
1674743400,180.146,180.265,178.46,179.47,172.21205074642197,177.64621120146975,172.21205074642197,177.64621120146975,0,0,0,0,0,173.75495,168.17505,176.89990000000003,165.03009999999998,171.32,167.5530298039,164.23727019610004,,,,,5860129,0.64,0.72,0.865034883797381,1.496647138223182,1.5741618899759529,-64.75820660110644,225.04526596437066,225.04526596437066,229.69885830788945,229.69885830788945,205.59642290494062,-5.435146643710141,249.69885830788945,,1.4631991607310504,1.9318516725592034,4.9626346026540356,,
1674829800,179.27,179.72,178.262,179.22,172.22419546021533,177.6714766445494,172.22419546021533,177.6714766445494,0,0,0,0,0,173.75495,168.17505,176.89990000000003,165.03009999999998,171.32,167.5528122258117,164.2374877741883,,,,,6052728,0.64,0.72,0.4559945503395262,1.1455977904778332,1.5520447233141552,-69.59674430186851,180.68146110525623,180.68146110525623,213.35972590701172,213.35972590701172,205.59642290494062,-5.435146643710141,,,1.5725249848158647,1.9177604299026019,4.955861156864149,,
1675089000,179.286,179.43,178.65,178.76,172.23708338137374,177.71081481535137,172.23708338137374,177.71081481535137,0,0,0,0,0,173.75495,168.17505,176.89990000000003,165.03009999999998,171.32,167.5539835784934,164.23631642150661,,,,,4210726,0.65,0.72,0,1.1450237150871025,1.5925813913014355,-60.11516537310264,130.03520355518145,130.03520355518145,185.5848851230683,185.5848851230683,205.59642290494062,-5.435146643710141,,,1.358290541659769,1.8958204342852358,4.948673203587017,,
1675175400,178.82,179.699,178.54,179.41,172.24972797002232,177.74433972455327,172.24972797002232,177.74433972455327,0,0,0,0,0,173.75495,168.17505,176.89990000000003,165.03009999999998,171.32,167.5329321187397,164.2573678812603,,,,,5976888,0.64,0.72,0.32167513679607884,1.5409377960337611,1.5862939753596608,-62.80324187352626,94.42540391221908,94.42540391221908,155.19839138611854,155.19839138611854,205.59642290494062,-5.435146643710141,,,1.4190271105957823,1.8771226568856494,4.941620963640981,,
1675261800,179.75,181.73,178.63,181.67,172.7940760157607,178.3083042131496,172.7940760157607,178.3083042131496,0,0,0,0,0,186.935,174.035,192.65,168.32,179.75,167.78760460863762,164.51269539136237,,,,,7996005,0.63,0.72,0.8106222422312316,1.6108223207414758,1.7387511332438532,-74.05966394484724,102.9581305738393,102.9581305738393,137.7849711153588,137.7849711153588,205.59642290494062,-5.435146643710141,,,1.6733637914900603,1.869132113144646,4.935090979281039,,
1675348200,181.08,181.11,177.74,177.9,172.80403650324172,178.28755894988885,172.80403650324172,178.28755894988885,0,0,0,0,0,186.935,174.035,192.65,168.32,179.75,167.85294452122662,164.4473554787734,,,,,8842396,0.62,0.72,-0.3382989895938553,1.2293006231222279,1.65820596389217,-114.81068261981865,74.4467685365949,74.4467685365949,116.67223692243749,116.67223692243749,205.5964229049406,-47.46679392349503,,,2.163263059393394,1.8806666600563615,4.929552861558986,,
1675434600,174.92,175.43,173.12,173.46,172.80483862811036,178.08826252048144,172.80483862811036,178.08826252048144,0,0,0,0,0,186.935,174.035,192.65,168.32,179.75,167.93710943459212,164.36319056540788,,,,,13674441,0.65,0.72,-0.9652549045491495,0.4439670850216295,1.4544868035333103,-245.75651169690155,18.740603791010322,18.740603791010322,84.02835921196177,84.02835921196177,205.59642290494062,-253.96825396826532,,,4.706335663565797,1.9914772092135944,4.929106873151407,,
1675693800,174.11,174.455,173.28,173.82,172.8059556338484,177.90299340203117,172.8059556338484,177.90299340203117,0,0,0,0,0,186.935,174.035,192.65,168.32,179.75,169.99960345666352,166.3903965433365,,,,,8956963,0.64,0.72,-0.9683563361468737,0.5140538114525999,1.4672515769409786,-241.15755943122863,-26.998211844178698,-26.998211844178698,47.019502193248286,47.019502193248286,205.59642290494062,-253.96825396826532,,,4.618263885066322,2.0944884514038975,4.928485808240148,,
1675780200,173.72,175.27,173.47,173.98,172.80744623198257,177.73236620979466,172.80744623198257,177.73236620979466,0,0,0,0,0,186.935,174.035,192.65,168.32,179.75,170.47786028899029,167.06213971100965,,,,,6794153,0.66,0.73,-1.0473423924327694,0.7491699795613738,1.2457887821162257,-235.69630361574198,-55.136237267009655,-55.136237267009655,12.96758903982898,12.96758903982898,205.59642290494062,-253.96825396826532,,,4.513678648098194,2.189358655195831,4.927657022705398,,
1675866600,174.942,174.99,173.83,174.41,172.8096459398108,177.58240675058704,172.8096459398108,177.58240675058704,0,0,0,0,0,186.935,174.035,192.65,168.32,179.75,170.55695080100287,167.14804919899711,,,,,4075638,0.63,0.72,-1.1287123418558804,0.7530160339321308,1.298729606722619,-225.3486610179773,-71.12942487074191,-71.12942487074191,-15.064748930361318,-15.064748930361318,205.59642290494062,-253.96825396826532,,,4.315517146474363,2.2727374195596948,4.926433966009632,,
1675953000,175.49,175.52,172.87,173.03,172.80994235151945,177.40105746625028,172.80994235151945,177.40105746625028,0,0,0,0,0,186.935,174.035,192.65,168.32,179.75,171.75762438860093,168.42237561139902,,,,,5361340,0.63,0.72,-1.0916160231720653,0.4540084272163477,1.2037082409810884,-245.75651169690155,-155.1178415540073,-155.1178415540073,-61.7491131382433,-61.7491131382433,205.59642290494062,-253.96825396826532,,,4.84394781747123,2.373569199869951,4.926269158520045,,
1676039400,173.63,173.68,172.63,173.36,172.8097634457222,177.21750227149536,172.8097634457222,177.21750227149536,0,0,0,0,0,186.935,174.035,192.65,168.32,179.75,173.18087551723332,169.8291244827667,,,,,2971125,0.63,0.72,-0.9946640654816985,0.5700652900159957,0.955578601900949,-245.75651169690158,-226.94040472831188,-226.94040472831188,-116.81287700159949,-116.81287700159949,205.59642290494062,-253.96825396826532,,,4.976055485220451,2.4756274855699707,4.9263686317002655,,
1676298600,172.7,172.9014,172.07,172.48,172.80847720507143,177.01940414320143,172.80847720507143,177.01940414320143,0,0,0,0,0,186.935,174.035,192.65,168.32,179.75,173.0663169236461,169.9436830763539,,,,,3970786,0.64,0.72,-1.0691028998531666,0.3777244891313489,0.7435982666630724,-245.75651169690155,-270.8233994472744,-270.8233994472744,-168.14971781682448,-168.14971781682448,205.59642290494062,-253.96825396826532,,,5.284306709968622,2.585771768879722,4.927083792695806,,
1676385000,171.97,173.51,171.41,172.61,172.80588803982653,176.80345103954647,172.80588803982653,176.80345103954647,0,0,0,0,0,186.935,174.035,192.65,168.32,179.75,173.06131377416492,169.9486862258351,,,,,5403099,0.69,0.72,-1.1540983526656388,0.30778546934144974,0.8129527753491288,-245.75651169690155,-282.83759701673415,-282.83759701673415,-206.37901088346104,-206.37901088346104,205.59642290494062,-253.96825396826532,,-302.83759701673415,5.647602796278963,2.7058435738757707,4.928523391104564,,
1676471400,170.6,170.99,170.16,170.89,172.80083152026643,176.54743727328975,172.80083152026643,176.54743727328975,0,0,0,0,0,186.935,174.035,192.65,168.32,179.75,173.07797225732975,169.93202774267027,,,,,5435337,0.71,0.72,-1.7969929601401753,-0.017376033987717712,0.7120548571124009,-245.75651169690155,-294.52033433342154,-294.52033433342154,-235.75945203344787,-235.75945203344787,205.59642290494062,-253.96825396826532,,-314.52033433342154,6.335663565806128,2.848189455912255,4.931334859985086,,
1676557800,170.34,171.6,169.96,170.75,172.7953894992469,176.29369855669015,172.7953894992469,176.29369855669015,0,0,0,0,0,186.935,174.035,192.65,168.32,179.75,173.07692376082005,169.93307623917994,,,,,4540398,0.72,0.72,-1.2361616683377332,-0.19745534358358632,0.8357480141776635,-245.75651169690158,-290.99254918592743,-290.99254918592743,-254.17048441760772,-254.17048441760772,205.59642290494062,-253.96825396826532,,-310.99254918592743,6.445753288930467,2.9892703905404203,4.93436067103193,,
1676644200,169.87,171.47,169.52,171.26,172.78908802172595,176.03282802505524,172.78908802172595,176.03282802505524,0,0,0,0,0,186.935,174.035,192.65,168.32,179.75,173.07661662426978,169.93338337573022,,,,,4809799,0.72,0.72,-0.3931206606147562,0.07766016314716845,1.0486093899730933,-245.75651169690155,-274.51923275584284,-274.51923275584284,-260.9534005303528,-260.9534005303528,205.59642290494062,-253.96825396826532,,-294.51923275584284,6.687950679804028,3.134316676393895,4.937864347373133,,
1676989800,171.2,171.5,170.34,170.62,172.78442111259162,175.81402300446484,172.78442111259162,175.81402300446484,0,0,0,0,0,186.935,174.035,192.65,168.32,179.75,173.07014202238238,169.93985797761763,,,,,4035933,0.73,0.71,-0.5699590310233664,-0.31795557078710496,1.02825746395023,-229.17047551653465,-258.2793612461794,-258.2793612461794,-252.93128267783257,-252.93128267783257,205.59642290494062,-253.96825396826532,,-278.2793612461794,6.236582814994212,3.2559741720252804,4.940459189466282,,
1677076200,170.81,170.96,169.56,169.66,172.77822067080822,175.57351621997603,172.77822067080822,175.57351621997603,0,0,0,0,0,186.935,174.035,192.65,168.32,179.75,173.06750549749455,169.94249450250544,,,,,4105675,0.73,0.71,-0.7816542334605825,-0.46350437278094414,0.919561469968618,-244.94743676127405,-273.86896909554605,-273.86896909554605,-263.4758971959683,-263.4758971959683,205.59642290494062,-253.96825396826532,,-293.86896909554605,6.665932735179163,3.389698037247001,4.9439066890581165,,
1677162600,169.84,170.125,169.08,169.57,172.77108316697044,175.32380577997696,172.77108316697044,175.32380577997696,0,0,0,0,0,186.935,174.035,192.65,168.32,179.75,173.20305698061003,170.08694301938993,,,,,5073479,0.71,0.71,-0.873544250846855,-0.5377104968584616,0.9929884382811148,-245.75651169690153,-288.48695207271373,-288.48695207271373,-271.8129154882168,-271.8129154882168,205.59642290494062,-253.96825396826532,,-308.48695207271373,6.930148070677589,3.528539215028593,4.947875203307106,,
1677249000,168.42,168.84,168.19,168.35,172.76219948431915,175.0493349650759,172.76219948431915,175.0493349650759,0,0,0,0,0,186.935,174.035,192.65,168.32,179.75,173.21233560989646,170.07766439010348,,,,,6496496,0.72,0.7,-0.8486609303488265,-0.6504631431476238,1.0508185240132573,-245.75651169690158,-296.0470568346018,-296.0470568346018,-279.8909626036785,-279.8909626036785,205.59642290494062,-253.96825396826532,,-316.0470568346018,7.420047338580939,3.6811473767365284,4.952814608172788,,
1677508200,168.88,169.23,168.55,169.01,172.75404563919565,174.79960418213176,172.75404563919565,174.79960418213176,0,0,0,0,0,186.935,174.035,192.65,168.32,179.75,173.3858550111039,170.25414498889612,,,,,4509151,0.72,0.69,-0.8092505650731003,-0.8042989601733425,1.0924096672061459,-239.19328141419476,-281.35257431643385,-281.35257431643385,-280.37816650793025,-280.37816650793025,205.59642290494062,-253.96825396826532,,-301.35257431643385,7.2218858369571075,3.8199998653726297,4.957348217021508,,
1677594600,168.781,170.25,168.59,169.78,172.7459872063501,174.5612197044011,172.7459872063501,174.5612197044011,0,0,0,0,0,186.935,174.035,192.65,168.32,179.75,173.38817694748928,170.2518230525107,,,,,6761585,0.72,0.69,-0.5094314464426477,-0.9438567640007967,1.1309876753550732,-238.4640336050053,-267.105329247171,-267.105329247171,-240.55965472565254,-240.55965472565254,205.59642290494062,-253.96825396826532,,-287.105329247171,7.199867892332243,3.9525437095671245,4.961828775813338,,
1677681000,170.95,171.49,170.47,170.76,172.74166355558816,174.40517187285596,172.74166355558816,174.40517187285596,0,0,0,0,0,177.71999999999997,161.42000000000002,184.48999999999998,154.65,170.95,173.6279235732335,170.50207642676654,,,,,6590468,0.73,0.69,-0.34901633194175125,-0.7230719979247576,1.36462229060903,-204.18938657309326,-235.18077716822864,-235.18077716822864,-171.3316730103439,-171.3316730103439,205.59642290494062,-253.96825396826532,,-255.18077716822864,6.165024494963389,4.039307661935606,4.964232763264187,,
1677767400,170.52,170.975,170.36,170.66,172.7371309610715,174.2509729758812,172.7371309610715,174.2509729758812,0,0,0,0,0,177.71999999999997,161.42000000000002,184.48999999999998,154.65,170.95,173.62564683107436,170.50435316892563,,,,,3952266,0.74,0.69,-0.043831892869049295,-0.6816852972254404,1.3769427134956933,-206.19481804836445,-193.69803818352256,-193.69803818352256,-110.73256021411042,-110.73256021411042,205.59642290494062,-253.96825396826532,,,6.225573842681772,4.125043590592318,4.966752925261026,,
1677853800,171.45,172.595,170.98,172.49,172.73383379631412,174.1268916827094,172.73383379631412,174.1268916827094,0,0,0,0,0,177.71999999999997,161.42000000000002,184.48999999999998,154.65,170.95,174.58764640557894,171.46245359442102,,,,,6894466,0.75,0.69,0.3325923496986569,-0.7751536386405375,1.2943694884200767,-194.89147700592574,-144.2762093255193,-144.2762093255193,-45.43255160951274,-45.43255160951274,205.59642290494062,-253.96825396826532,,,5.884295700996311,4.19403386943169,4.968586177560197,,
1678113000,172.32,172.37,171.54,171.62,172.73165091160618,174.02941749907373,172.73165091160618,174.02941749907373,0,0,0,0,0,177.71999999999997,161.42000000000002,184.48999999999998,154.65,170.95,174.5442764405022,171.5058235594978,,,,,4264124,0.73,0.69,0.0694468845994153,-0.8159900747406875,1.287954333521438,-118.40758555245122,-94.79394849123463,-94.79394849123463,4.170573177334717,4.170573177334717,205.59642290494062,-253.96825396826532,,,5.57604447624814,4.248230363816649,4.969799880454678,,
1678199400,170.42,170.47,168.52,168.62,172.72349876193266,173.81851877361987,172.72349876193266,173.81851877361987,0,0,0,0,0,177.71999999999997,161.42000000000002,184.48999999999998,154.65,170.95,174.59137909789519,171.4587209021048,,,,,8713268,0.72,0.68,-0.38045499527442467,-1.1485530364944694,1.02709030466907,-111.8516179588849,-64.2821714509081,-64.2821714509081,-3.2586173702550383,-3.2586173702550383,205.59642290494062,-253.96825396826532,,,7.23839929542576,4.365491890546418,4.974332546618457,,
1678285800,168.61,169.59,168.52,168.54,172.71536290027046,173.61589058641908,172.71536290027046,173.61589058641908,0,0,0,0,0,177.71999999999997,161.42000000000002,184.48999999999998,154.65,170.95,174.60943428757838,171.57056571242157,,,,,5718595,0.73,0.67,-0.21446925247373308,-1.2214801063251546,0.9475218994479436,-111.8516179588849,-50.926406347402896,-50.926406347402896,-24.214876140392494,-24.214876140392494,205.59642290494062,-253.96825396826532,,,7.23839929542576,4.478154926031883,4.9788561565061835,,
1678372200,169.751,170.65,169.71,170.2,172.70959714022996,173.46740860263793,172.70959714022996,173.46740860263793,0,0,0,0,0,177.71999999999997,161.42000000000002,184.48999999999998,154.65,170.95,174.9501212631979,171.87987873680206,,,,,5582980,0.71,0.68,0.12058398825567339,-1.1288072944695045,1.0808956197439288,-89.25341331184362,-43.205789421156716,-43.205789421156716,-27.764555568664353,-27.764555568664353,205.59642290494062,-253.96825396826532,,,6.583365442835901,4.560712201200668,4.982061969266083,,
1678458600,171.93,173.88,171.92,173.87,172.70821432876096,173.4105494417502,172.70821432876096,173.4105494417502,0,0,0,0,0,177.71999999999997,161.42000000000002,184.48999999999998,154.65,170.95,175.00498850789583,171.82501149210415,,,,,13803589,0.72,0.67,1.0514931447668776,-0.5777181681062646,1.445419718629764,-47.28531896733872,-27.89229053770402,-27.89229053770402,2.7347072292013763,2.7347072292013763,205.59642290494062,-253.96825396826532,,,5.366874002311885,4.592326389479539,4.982830824476964,,
1678714200,176.66,178.02,176.3,177.86,172.71549801641578,173.52596711070115,172.71549801641578,173.52596711070115,0,0,0,0,0,177.71999999999997,161.42000000000002,184.48999999999998,154.65,170.95,175.07486761591542,171.75513238408456,,,,,20554417,0.73,0.67,1.6407942798306283,-0.13728246619049495,1.7842389183571759,-34.241861767310255,-3.698961995669954,-3.698961995669954,44.687695088398186,44.687695088398186,287.7323775388114,-253.9682539682653,,,2.9559090658886866,4.528153161103427,4.9787810307535105,,
1678800600,177.35,177.59,176.21,176.83,172.7225891292701,173.63336447890896,172.7225891292701,173.63336447890896,0,0,0,0,0,177.71999999999997,161.42000000000002,184.48999999999998,154.65,170.95,175.08053249937984,171.74946750062014,,,,,10019032,0.73,0.66,1.2977996748687255,-0.19481904447305265,1.5865265237374289,-36.21735379234745,22.119171380035503,22.119171380035503,73.75543813144641,73.75543813144641,287.7323775388114,-253.9682539682653,,,3.005449441294644,4.4684392897383765,4.974838310295051,,
1678887000,178.86,180.13,177.49,178.21,172.73219794219864,173.78624430326548,172.73219794219864,173.78624430326548,0,0,0,0,0,177.71999999999997,161.42000000000002,184.48999999999998,154.65,170.95,175.07458016989378,171.7554198301062,,,,,14546095,0.75,0.66,1.3760269144291781,-0.12179536869883854,1.7812928148833465,-15.77289766334562,47.402214684245166,47.402214684245166,97.96830129266449,97.96830129266449,287.7323775388114,-253.9682539682653,,,2.3008752132988266,4.383436776936826,4.969495726684669,,
1678973400,179.51,179.654,177.87,178.57,172.74253920505137,173.94788178156878,172.74253920505137,173.94788178156878,0,0,0,0,0,177.71999999999997,161.42000000000002,184.48999999999998,154.65,170.95,175.0379650922707,171.79203490772932,,,,,10765891,0.76,0.66,1.4626119906655577,-0.3108867677430269,1.8541670600432776,-15.30384649040018,71.56985285125386,71.56985285125386,119.90512918527124,119.90512918527124,287.7323775388114,-253.9682539682653,,,2.091704739362571,4.2935649323260705,4.963745894542168,,
1679059800,181.02,184.81,180.77,183.77,174.75145213284313,176.1484766620522,174.75145213284313,176.1484766620522,0,0,0,1,0,177.71999999999997,161.42000000000002,184.48999999999998,154.65,170.95,176.69945161033567,173.2105483896643,,,,,24156266,0.77,0.65,2.014993781798085,0.5869891295253888,1.7920034546215078,-63.73202219678645,100.76061476090868,100.76061476090868,159.14213858021836,159.14213858021836,287.7323775388114,-253.9682539682653,,,1.6324753768297326,4.189208479169351,4.9570900093918935,,
1679319000,184.19,184.54,182.74,183.84,174.83386698561154,176.47186477427903,174.83386698561154,176.47186477427903,0,0,0,1,0,177.71999999999997,161.42000000000002,184.48999999999998,154.65,170.95,177.02729725561912,173.62270274438083,,,,,11845702,0.76,0.65,2.196442001372019,1.065746256223022,1.8466783972009806,-23.35951024625349,128.70899285394455,128.70899285394455,184.6057490400163,184.6057490400163,287.7323775388114,-253.9682539682653,,,0.5983463881636174,4.04839035795344,4.948381230927901,,
1679405400,182.65,182.73,179.9,180.37,174.84406785077513,176.6078465478367,174.84406785077513,176.6078465478367,0,0,0,1,0,177.71999999999997,161.42000000000002,184.48999999999998,154.65,170.95,177.15513651568745,173.64486348431257,,,,,10734493,0.76,0.65,2.1073703967076605,0.6579501956565418,1.3225984069256398,-83.66951851839926,144.96133731990363,144.96133731990363,177.46602625182183,177.46602625182183,287.7323775388114,-253.9682539682653,,,2.143167972149694,3.973675754588587,4.9427764092320405,,
1679491800,180.4,183.94,180.28,183.44,174.85499998294142,176.75324864399997,174.85499998294142,176.75324864399997,0,0,0,0,0,177.71999999999997,161.42000000000002,184.48999999999998,154.65,170.95,177.221078295025,173.648921704975,,,,,11969861,0.77,0.66,2.6479032458259075,0.940264448459487,1.5600338746804,-75.59986952423901,153.78566655730003,153.78566655730003,171.4343250320928,171.4343250320928,287.7323775388114,-253.9682539682653,,,1.9364664926022641,3.8937851952950053,4.936769796012001,,
1679578200,183.91,186.24,183.5996,185.74,176.6760431685668,178.7776927192029,176.6760431685668,178.7776927192029,0,0,0,0,0,177.71999999999997,161.42000000000002,184.48999999999998,154.65,170.95,177.92909694793852,174.37090305206152,,,,,11347149,0.78,0.66,2.7220689851777538,1.118164162807182,1.3531531249211637,-44.98840129996952,165.93941432397895,165.93941432397895,190.24690985733682,190.24690985733682,287.7323775388114,-253.9682539682653,,,1.1523635188973833,3.7862784628872554,4.929208544709075,,
1679664600,185.606,185.99,183.62,183.65,176.6899595658324,178.96841849492043,176.6899595658324,178.96841849492043,0,0,0,0,0,177.71999999999997,161.42000000000002,184.48999999999998,154.65,170.95,177.95010135917505,174.349898640825,,,,,9253075,0.77,0.65,1.6750024494782392,1.055221733475678,1.151493897745836,-44.55962005042777,174.84146421596225,174.84146421596225,192.64556399992887,192.64556399992887,287.7323775388114,-253.9682539682653,,,1.1413804242489525,3.6825569711759494,4.921640456556307,,
1679923800,181.15,182.15,180.69,181.95,176.69805255371284,179.0379118872765,176.69805255371284,179.0379118872765,0,0,0,0,0,177.71999999999997,161.42000000000002,184.48999999999998,154.65,170.95,178.24366803108478,174.6563319689152,,,,,6925046,0.77,0.65,0.6840700266744798,0.8510188501470375,1.023942593144777,-106.14437795031144,158.63486453105799,158.63486453105799,169.43926432099417,169.43926432099417,287.7323775388114,-253.9682539682653,,,2.7188543124798166,3.6447647100506106,4.917239285439272,,
1680010200,182.31,183.62,182.12,183.44,176.70895794321592,179.1601976956186,176.70895794321592,179.1601976956186,0,0,0,0,0,177.71999999999997,161.42000000000002,184.48999999999998,154.65,170.95,178.471804384325,174.86819561567503,,,,,6202597,0.78,0.66,1.11344902713269,1.0927882353521339,1.076286798796922,-76.08765310497564,131.39958831353275,131.39958831353275,156.75937231850702,156.75937231850702,287.7323775388114,-253.9682539682653,,,1.9489609131043417,3.5782626003664433,4.911308659320721,,
1680096600,182.49,183.27,182.24,182.53,176.72007890636635,179.28234680559433,176.72007890636635,179.28234680559433,0,0,0,0,0,177.71999999999997,161.42000000000002,184.48999999999998,154.65,170.95,178.4705130716901,174.86948692830993,,,,,4996493,0.77,0.66,0.7230751934804098,0.9897303272370346,1.0483580209094152,-73.56541046061172,102.31404370949141,102.31404370949141,138.61092944883515,138.61092944883515,287.7323775388114,-253.9682539682653,,,1.884354473995908,3.5118348307048537,4.905260798810581,,
1680183000,182.75,184.4401,182.55,184.18,176.73179083662336,179.4117410485122,176.73179083662336,179.4117410485122,0,0,0,0,0,177.71999999999997,161.42000000000002,184.48999999999998,154.65,170.95,179.0243497692833,175.4056502307167,,,,,6360296,0.78,0.66,0.9363620282399516,1.3382496388565026,1.227935830318113,-67.04961696267178,95.50612060865363,95.50612060865363,124.24265983544132,124.24265983544132,287.7323775388114,-253.9682539682653,,,1.7174545062991264,3.4414669748458055,4.8988915554689,,
1680269400,184.11,184.42,182.8,183.22,176.74397387191482,179.545766889747,176.74397387191482,179.545766889747,0,0,0,0,0,177.71999999999997,161.42000000000002,184.48999999999998,154.65,170.95,179.02793124758543,175.40206875241455,,,,,8003334,0.78,0.66,-0.09248566455142165,1.3029611333023567,1.2927237747809324,-61.794944786913796,87.54938679724066,87.54938679724066,112.01156882270776,112.01156882270776,287.7323775388114,-253.9682539682653,,,1.5828577581565615,3.3685803388972078,4.892266113316428,,
1680528600,183.85,185.035,183.32,184.54,176.757161136906,179.6947250509334,176.757161136906,179.6947250509334,0,0,0,0,0,195.10000000000002,174.99,203.96,166.13,183.85,179.0311089803946,175.3988910196054,,,,,9206635,0.77,0.65,0.11767255149598313,1.3835620771792783,1.4419911560201268,-50.86522666133759,102.97712986306885,102.97712986306885,109.00008916949479,109.00008916949479,287.7323775388114,-253.9682539682653,,,1.3028965220200366,3.2875731303922207,4.88509454570145,,
1680615000,184.7224,188.23,184.66,187.98,178.9004264245557,181.97285434569602,178.9004264245557,181.97285434569602,0,0,0,0,0,195.10000000000002,174.99,203.96,166.13,183.85,180.06952933520253,176.35047066479743,,,,,13765361,0.77,0.67,1.3146424676733794,1.8304019163995808,1.6604692298426273,-68.95051237263426,116.85972041481276,116.85972041481276,132.5789829054487,132.5789829054487,287.7323775388114,-253.9682539682653,,,1.7661453346100613,3.2279092952635087,4.878862878946022,,
1680701400,188.34,188.86,186.78,187.83,178.9161938043268,182.16184044978635,178.9161938043268,182.16184044978635,0,0,0,0,0,195.10000000000002,174.99,203.96,166.13,183.85,180.37988024040564,176.67011975959434,,,,,11440827,0.76,0.67,0.747106673696236,1.9303096180657828,1.5793027191238496,-24.921871941915814,129.75390263614568,129.75390263614568,155.54226707881156,155.54226707881156,287.7323775388114,-253.9682539682653,,,0.6383657835939933,3.1263585693156846,4.870390357276987,,
1680787800,186.8901,187.26,185.95,186.49,178.9302879225999,182.3111918046967,178.9302879225999,182.3111918046967,0,0,0,0,0,195.10000000000002,174.99,203.96,166.13,183.85,180.36336958380676,176.68663041619325,,,,,6648428,0.76,0.66,0.13099700327225808,1.8689438325799712,1.5417263446305816,-42.15950003507467,138.13001063205323,138.13001063205323,154.8822266238683,154.8822266238683,287.7323775388114,-253.9682539682653,,,1.0799021172465162,3.046105375116894,4.862816954200003,,
1681133400,185.18,185.36,184.19,185.11,178.94087256211515,182.3863568319635,178.94087256211515,182.3863568319635,0,0,0,0,0,195.10000000000002,174.99,203.96,166.13,183.85,180.3321068659303,176.71789313406973,,,,,6408114,0.76,0.67,0.25726872595371314,1.8600530848577619,1.544151592739662,-78.71157888321802,124.89586729940825,124.89586729940825,133.71862952117158,133.71862952117158,287.7323775388114,-253.9682539682653,,,2.0161719331843773,3.0057158283744423,4.8571293517604115,,
1681219800,185.905,186.51,185.635,186.28,178.9542942952578,182.51467421110218,178.9542942952578,182.51467421110218,0,0,0,0,0,195.10000000000002,174.99,203.96,166.13,183.85,180.33577311723602,176.714226882764,,,,,6031494,0.75,0.67,0.7691236458764674,1.9066880097246084,1.55905831324716,-48.70149141982759,105.11508201746874,105.11508201746874,124.18411368660396,124.18411368660396,287.7323775388114,-253.9682539682653,,,1.2474731354399398,2.9367651345338737,4.849917251428103,,
1681306200,187.54,187.66,185.97,187.19,178.96835184911342,182.65096541850994,178.96835184911342,182.65096541850994,0,0,0,0,0,195.10000000000002,174.99,203.96,166.13,183.85,180.33684520241704,176.71315479758294,,,,,10000948,0.75,0.66,0.6604134491456018,1.912627066881236,1.4622914849180968,-41.74413550270919,102.57060620646459,102.57060620646459,116.97961119322417,116.97961119322417,287.7323775388114,-253.9682539682653,,,1.069262687519944,2.863529744454896,4.8423634960556585,,
1681392600,189.76,190.41,188.99,189.72,180.6416652929419,184.52421322551896,180.6416652929419,184.52421322551896,0,0,0,0,0,195.10000000000002,174.99,203.96,166.13,183.85,181.1400356735364,177.45996432646362,,,,,14060106,0.76,0.67,1.2637121902862063,2.056577583945381,1.3940685523051413,-15.02175946121547,118.90889154896774,118.90889154896774,122.76745226045489,122.76745226045489,287.7323775388114,-253.9682539682653,,,0.38477756694074944,2.7663237767092435,4.833457230463021,,
1681479000,188.08,188.4869,185.17,186.36,180.65080382382513,184.55132251079272,180.65080382382513,184.55132251079272,0,0,0,0,0,195.10000000000002,174.99,203.96,166.13,183.85,181.17447007021207,177.42552992978796,,,,,13272541,0.74,0.65,0.37418447047211373,1.6791094973663583,1.2033494239742075,-93.62877472401578,110.57964837951094,110.57964837951094,116.1324771591488,116.1324771591488,287.7323775388114,-253.9682539682653,,,2.39827113641156,2.7518903398348247,4.828591723781599,,
1681738200,185.89,185.93,184.1,185.53,180.65780761238892,184.53582751036947,180.65780761238892,184.53582751036947,0,0,0,0,0,195.10000000000002,174.99,203.96,166.13,183.85,181.16097361430025,177.43902638569978,,,,,7468062,0.74,0.65,0.3992597124833383,1.3821953591390712,1.3574527491228072,-115.64697009867423,74.49211291524077,74.49211291524077,102.2523557445128,102.2523557445128,287.7323775388114,-253.9682539682653,,,2.9622601728863613,2.7601401372093948,4.824862789613976,,
1681824600,185.24,186.99,185.04,186.25,180.66665674802852,184.5574342746687,180.66665674802852,184.5574342746687,0,0,0,0,0,195.10000000000002,174.99,203.96,166.13,183.85,181.15518321441493,177.44481678558512,,,,,8056928,0.74,0.65,0.29407375803207286,1.561947666206469,1.3739897223132524,-85.71518354300603,46.459914751268514,46.459914751268514,83.65487541343137,83.65487541343137,287.7323775388115,-194.40777937192752,,,2.466793168880459,2.7486363345298286,4.820151361800323,,
1681911000,184.3499,185.58,184.28,185.36,180.6739849063741,184.54868783252485,180.6739849063741,184.54868783252485,0,0,0,0,0,195.10000000000002,174.99,203.96,166.13,183.85,181.1575895545661,177.44241044543392,,,,,7373518,0.76,0.66,-0.4414709731059909,1.815508343332546,1.2079791930620258,-89.33868879135856,17.784295131730175,17.784295131730175,61.698015319530974,61.698015319530974,287.7323775388115,-144.58438287154576,,,2.867383512544802,2.753293086608847,4.816249727735877,,
1681997400,186.14,187.03,185.78,186.09,180.6842654560117,184.59851968222975,180.6842654560117,184.59851968222975,0,0,0,0,0,195.10000000000002,174.99,203.96,166.13,183.85,181.12747101415687,177.47252898584313,,,,,5789908,0.75,0.67,-0.29367514721966387,1.9058837589481457,1.245445346132022,-64.27107802911068,10.279257125213645,10.279257125213645,44.558429254758536,44.558429254758536,287.73237753881153,-141.68613293693608,,,2.0767446763651685,2.7267617764032126,4.810776191169702,,
1682083800,184.98,185.68,183.22,184.25,180.68946172882687,184.54700910645602,180.68946172882687,184.54700910645602,0,0,0,0,0,195.10000000000002,174.99,203.96,166.13,183.85,181.14054614448835,177.4594538555117,,,,,10698705,0.75,0.67,-0.3784054383564422,1.5014851493552586,1.0805554170037255,-106.03096629168013,-30.564825153380994,-30.564825153380994,19.51734445204536,19.51734445204536,287.73237753881153,-141.68613293693608,,,3.426101623445077,2.7541868684440702,4.808009608616806,,
1682343000,184.07,185.025,183.46,184.81,180.6951223447533,184.5068362003205,180.6951223447533,184.5068362003205,0,0,0,0,0,195.10000000000002,174.99,203.96,166.13,183.85,181.14118535477496,177.45881464522506,,,,,8303396,0.74,0.67,-0.05126632405413571,1.1491397429839665,1.2174872838503252,-102.1159767670641,-63.448171479589384,-63.448171479589384,-8.13782752516622,-8.13782752516622,287.73237753881153,-141.68613293693608,,,3.299599409656331,2.7755755955504333,4.804995802025476,,
1682429400,184.84,186.2204,184.3,185.75,180.70243318921933,184.5008504669746,180.70243318921933,184.5008504669746,0,0,0,0,0,195.10000000000002,174.99,203.96,166.13,183.85,181.1427561561018,177.45724384389823,,,,,8451933,0.75,0.67,-0.08999686176878123,0.8101320487995272,1.0787183175713433,-88.41351343090847,-63.78617322565191,-63.78617322565191,-26.687276091994782,-26.687276091994782,287.73237753881153,-141.68613293693608,,,2.856841661395735,2.778762500093386,4.801103386160082,,
1682515800,186.63,186.65,184.3,184.74,180.7097294266035,184.4950994682697,180.7097294266035,184.4950994682697,0,0,0,0,0,195.10000000000002,174.99,203.96,166.13,183.85,181.14504739745172,177.45495260254827,,,,,8203595,0.74,0.66,-0.41581596028509077,0.820498183674579,1.048291510187858,-88.41351343090847,-60.60408405287337,-60.60408405287337,-37.99287874562098,-37.99287874562098,287.73237753881153,-141.68613293693608,,,2.856841661395735,2.781824427987596,4.797218747349364,,
1682602200,183.9,184.989,183.38,184.75,180.71519130587103,184.453856351867,180.71519130587103,184.453856351867,0,0,0,0,0,195.10000000000002,174.99,203.96,166.13,183.85,181.13258186885815,177.46741813114187,,,,,9107425,0.74,0.66,-0.8450553532514606,0.683481769729518,1.2615897750806913,-103.42097327526959,-77.77332411267912,-77.77332411267912,-51.25302720130702,-51.25302720130702,287.73237753881153,-141.68613293693608,,,3.3417668142525843,2.803782952939164,4.79431075147904,,
1682688600,184.79,185.38,184.17,184.8,180.7222049096555,184.44490120081338,180.7222049096555,184.44490120081338,0,0,0,0,0,195.10000000000002,174.99,203.96,166.13,183.85,181.13210201231976,177.46789798768023,,,,,6700418,0.74,0.66,-0.27030579914189307,0.6504327304000297,1.1622670236752684,-90.53413275674245,-83.81717383705424,-83.81717383705424,-62.10774274655609,-62.10774274655609,287.73237753881153,-141.68613293693608,,,2.925363693864649,2.80855082513232,4.790576591523767,,
1682947800,186.05,186.22,183.91,183.97,180.7286902145313,184.42620311450696,180.7286902145313,184.42620311450696,0,0,0,0,0,194.005,182.455,197.6,178.86,186.05,181.13425643532403,177.465743564676,,,,,7997658,0.75,0.66,-0.2758989978240166,0.020617424940159123,1.1606964278263028,-94.77537140840951,-92.18267843608412,-92.18267843608412,-72.1327213097321,-72.1327213097321,287.73237753881153,-141.68613293693608,,,3.062407758802447,2.818505999001737,4.787123706743104,,
1683034200,184.65,187.64,184.515,187.52,180.73635926505173,184.4317265217812,180.73635926505173,184.4317265217812,0,0,0,0,0,194.005,182.455,197.6,178.86,186.05,181.1801692531166,177.41983074688346,,,,,13554921,0.73,0.64,0.21994654430917257,0.3727836732605669,1.1726195385349831,-84.90633531510714,-65.07435612432806,-65.07435612432806,-50.957625753519984,-50.957625753519984,287.73237753881153,-141.68613293693608,,,2.743516761543334,2.8155652445916033,4.783040575983464,,
1683120600,187.61,189.205,186.93,189.11,180.74878991587082,184.53079214837803,180.74878991587082,184.53079214837803,0,0,0,0,0,194.005,182.455,197.6,178.86,186.05,181.1692870411542,177.43071295884582,,,,,11133826,0.73,0.64,0.6528492052656569,0.9027845806438034,1.2942371425245527,-45.5117532236595,-42.84752307676651,-42.84752307676651,1.6061430183566117,1.6061430183566117,287.73237753881153,-141.68613293693608,,,1.4705882352941135,2.7628210481485644,4.7764222895884805,,
1683207000,188.86,191.36,188.81,190.44,181.44951192229053,185.37208704387047,181.44951192229053,185.37208704387047,0,0,0,0,0,194.005,182.455,197.6,178.86,186.05,181.58820530050252,177.9617946994975,,,,,14146787,0.74,0.64,0.7530855467471725,0.7097762488971168,1.524918553588948,-26.48877718604505,-11.86307198847637,-11.86307198847637,50.10583018810391,50.10583018810391,287.73237753881153,-141.68613293693608,,,0.8559126233984433,2.688040325609344,4.768589103442246,,
1683293400,186.56,187.58,185.77,187.46,181.45823757279544,185.38952284607163,181.45823757279544,185.38952284607163,0,0,0,0,0,194.005,182.455,197.6,178.86,186.05,181.52894887448818,178.02105112551183,,,,,12508113,0.74,0.64,0.553233354325605,0.16977478854101682,1.2783472518809706,-75.89115917719656,12.35748161834671,12.35748161834671,60.79858883199287,60.79858883199287,287.73237753881153,-141.68613293693608,,,2.452215921024988,2.6787923097432906,4.763960985195658,,
1683552600,187.82,188.67,187.49,187.69,181.4703479872354,185.47305136191196,181.4703479872354,185.47305136191196,0,0,0,0,0,194.005,182.455,197.6,178.86,186.05,181.52884372348564,178.02115627651438,,,,,6075441,0.72,0.64,0.49712699181232345,0.4051633267367658,1.1990898761930295,-47.15245066483387,29.27031874297407,29.27031874297407,63.095992992228794,63.095992992228794,287.7323775388115,-123.35358924955909,,,1.5490443184204938,2.634488466946318,4.757537575272032,,
1683639000,188.12,189.33,188.07,189.02,181.4835814577904,185.57582189673894,181.4835814577904,185.57582189673894,0,0,0,0,0,194.005,182.455,197.6,178.86,186.05,181.53372868930924,178.0162713106908,,,,,7098810,0.71,0.63,0.5678840710911189,0.723681521302601,1.3518583062046776,-37.99764582886585,44.18603159739247,44.18603159739247,74.01745730622929,74.01745730622929,287.7323775388115,-123.35358924955909,,,1.2444864524259633,2.5799785840239515,4.750518492109502,,
1683725400,188.975,189.64,187.82,188.75,181.49629398235027,185.66485633216095,181.49629398235027,185.66485633216095,0,0,0,0,0,194.005,182.455,197.6,178.86,186.05,181.534598956106,178.01540104389403,,,,,9392097,0.72,0.64,0.7004328177020533,0.5392906674100136,1.2676921746425234,-48.5796939901175,56.1980171296754,56.1980171296754,80.22198819424126,80.22198819424126,287.7323775388115,-123.35358924955909,,,1.3757613946649887,2.5327543805196786,4.7437757206860365,,
1683811800,188.44,188.81,186.86,187.13,181.50708220616173,185.7131286328605,181.50708220616173,185.7131286328605,0,0,0,0,0,194.005,182.455,197.6,178.86,186.05,181.5364762033851,178.0135237966149,,,,,8245523,0.74,0.64,0.4203914641428573,0.4748148900375656,1.1215061779177684,-66.37988720787006,56.514950287100405,56.514950287100405,57.14881660195041,57.14881660195041,287.7323775388115,-123.35358924955909,,,1.8798571728628355,2.5071505684547044,4.738053605705371,,
1683898200,187.43,187.92,186.58,186.81,181.51729502892664,185.7486373139248,181.51729502892664,185.7486373139248,0,0,0,0,0,194.005,182.455,197.6,178.86,186.05,181.53765328406334,178.01234671593667,,,,,7087462,0.72,0.64,0.35583637740181745,0.2697173637668817,1.004077162868126,-75.7226297191835,19.964927322424423,19.964927322424423,44.33160929887508,44.33160929887508,287.7323775388115,-123.35358924955909,,,2.0268851081705446,2.488316628835718,4.732636685630377,,
1684157400,187.3,187.88,187.032,187.21,181.52838151238535,185.80030173298658,181.52838151238535,185.80030173298658,0,0,0,0,0,194.005,182.455,197.6,178.86,186.05,181.53192527211536,178.01807472788462,,,,,5518086,0.72,0.64,0.5766475671866029,0.4116724952532555,0.9190491232231917,-110.04017965113623,-5.671502805545678,-5.671502805545678,27.663905264068163,27.663905264068163,287.7323775388115,-123.35358924955909,,,1.7895400126023877,2.460913624277548,4.726756372597354,,
1684243800,186.58,186.82,184.4601,184.87,181.53435857030266,185.75008986110475,181.53435857030266,185.75008986110475,0,0,0,0,0,194.005,182.455,197.6,178.86,186.05,181.55937709241178,177.99062290758823,,,,,9527806,0.71,0.64,-0.4641075538739227,0.03390651496879008,0.9212461372390954,-201.47749985255442,-47.0254717924341,-47.0254717924341,2.76744624523408,2.76744624523408,287.7323775388115,-123.35358924955909,,,3.140044108380585,2.4875461922815885,4.723586118323195,,
1684330200,184.305,184.45,183.48,184.23,181.53838502670564,185.66379614106143,181.53838502670564,185.66379614106143,0,0,0,0,0,194.005,182.455,197.6,178.86,186.05,181.54447895036284,178.00552104963717,,,,,7474277,0.72,0.65,-0.8468972436498773,-0.3779935481991834,0.6625139950819826,-216.21641008842317,-90.1196290398255,-90.1196290398255,-28.19491218311911,-28.19491218311911,287.7323775388114,-116.59230932653992,,,3.6546943919344717,2.533316709915035,4.7214504705182225,,
1684416600,182.1,182.28,181.335,181.84,181.53816058109783,185.49761001788255,181.53816058109783,185.49761001788255,0,0,0,0,0,194.005,182.455,197.6,178.86,186.05,181.5727603666989,177.9772396333011,,,,,8812591,0.72,0.66,-1.4801581015768732,-0.6034885917488758,0.4857231054525573,-243.53572936388133,-129.0827993589005,-129.0827993589005,-61.82420790837958,-61.82420790837958,287.7323775388115,-167.67943637164672,,,4.7810333963453004,2.621462462324065,4.721569517323072,,
1684503000,182.25,184.34,181.81,183.64,181.53887614437238,185.35638217404403,181.53887614437238,185.35638217404403,0,0,0,0,0,194.005,182.455,197.6,178.86,186.05,181.583239822297,177.96676017770298,,,,,8434976,0.7,0.66,-0.6652096018105115,-0.2880264971765901,0.554217429396994,-230.8306803306202,-141.51336012700463,-141.51336012700463,-88.38725864792126,-88.38725864792126,287.7323775388115,-167.67943637164672,,,4.531611006091155,2.696370248354147,4.721189979838093,,
1684762200,183.22,183.84,182.91,183.21,181.54176610212588,185.26339855937562,181.54176610212588,185.26339855937562,0,0,0,0,0,194.005,182.455,197.6,178.86,186.05,181.5815858796068,177.96841412039322,,,,,4834298,0.71,0.66,-0.7810850056751928,-0.1939208534898724,0.5365860111307053,-201.40846151675217,-142.58187144574984,-142.58187144574984,-106.45212958053078,-106.45212958053078,287.7323775388115,-167.67943637164672,,,3.954001260239446,2.7456891115653352,4.719657135243491,,
1684848600,182.78,183.76,182.48,183.43,181.54379973628747,185.1573672433217,181.54379973628747,185.1573672433217,0,0,0,0,0,194.005,182.455,197.6,178.86,186.05,181.5749567132915,177.9750432867085,,,,,6345012,0.71,0.66,-0.9692695808989142,-0.2895066457456597,0.4199523324520014,-165.39669301658483,-138.9580667087204,-138.9580667087204,-117.28744195659398,-117.28744195659398,186.10221992771557,-167.67943637164672,,,4.179794160890574,2.801928525264364,4.718578487942087,,
1684935000,183.54,183.54,181.77,181.95,181.54442491163954,185.02792931221103,181.54442491163954,185.02792931221103,0,0,0,0,0,194.005,182.455,197.6,178.86,186.05,181.58677325598447,177.96322674401554,,,,,6732940,0.71,0.66,-1.1771427941538977,-0.5280745180777,0.19435972611020344,-180.149413122335,-154.00999929201436,-154.00999929201436,-129.52829440173412,-129.52829440173412,186.10221992771557,-167.67943637164672,,,4.552614996849394,2.870582896699071,4.718246892555288,,
1685021400,181.18,181.31,180.1,180.2,181.5417455411867,184.8387320842812,181.5417455411867,184.8387320842812,0,0,0,0,0,194.005,182.455,197.6,178.86,186.05,181.76003295352817,178.11996704647183,,,,,6919174,0.71,0.66,-1.2041790187333632,-0.9420293716815823,0.15929494132459035,-189.18805149698514,-180.32475841095467,-180.32475841095467,-146.4604490714743,-146.4604490714743,186.10221992771557,-167.67943637164672,,,5.429531611006093,2.9709338266718954,4.719668040843901,,
1685107800,181.01,181.3,180.09,180.92,181.5390517439016,184.6565661201917,181.5390517439016,184.6565661201917,0,0,0,0,0,194.005,182.455,197.6,178.86,186.05,181.76009361880196,178.11990638119804,,,,,5823674,0.7,0.66,-1.0278624872302673,-0.549421199334742,0.23564612273364682,-189.18805149698517,-190.30652942618988,-190.30652942618988,-161.07580918971283,-161.07580918971283,186.10221992771557,-167.67943637164672,,,5.43478260869565,3.067555347535572,4.7210968411792695,,
1685453400,181.72,182.4,181.17,182.04,181.53849959256516,184.5234733311646,181.53849959256516,184.5234733311646,0,0,0,0,0,194.005,182.455,197.6,178.86,186.05,181.76205054501816,178.11794945498184,,,,,4906066,0.71,0.65,-0.9025181916759376,-0.3549319701484934,0.13019810047498936,-169.44668960164785,-171.9243053845021,-171.9243053845021,-164.69197458797592,-164.69197458797592,186.10221992771557,-167.67943637164672,,,4.867674858223068,3.1381482695233167,4.7213897043501865,,
1685539800,182.39,183.445,182.1,182.32,181.5397881048677,184.4317057495503,181.5397881048677,184.4317057495503,0,0,0,0,0,194.005,182.455,197.6,178.86,186.05,181.75898620608493,178.12101379391507,,,,,8497893,0.72,0.66,-0.45495068537470085,-0.4018150747683823,0.1858043558246054,-152.44718352510702,-153.77493099108509,-153.77493099108509,-131.94084379730342,-131.94084379730342,186.10221992771557,-167.67943637164672,,,4.37933207309389,3.186822144173143,4.720706272519505,,
1685626200,182.81,184.21,182.72,183.76,181.5423004163465,184.36760748486205,181.5423004163465,184.36760748486205,0,0,0,0,0,188.445,174.45499999999998,194.08,168.82,182.81,181.76502785353497,178.11497214646505,,,,,7300542,0.72,0.65,-0.08542442341464772,-0.16687369592536874,0.2566223498067522,-141.1141794740798,-129.08386625752226,-129.08386625752226,-79.7017367903966,-79.7017367903966,186.10221992771557,-167.67943637164672,,,4.053770216341104,3.220820107787573,4.71937373294672,,
1685712600,183.53,183.56,180.96,181.05,181.54132638954061,184.23769346584785,181.54132638954061,184.23769346584785,0,0,0,0,0,188.445,174.45499999999998,194.08,168.82,182.81,181.78694077425138,178.09305922574862,,,,,8726111,0.71,0.66,-0.14363120918585104,-0.5169612863268244,0.04706879380863085,-173.2852877479631,-106.83731449351126,-106.83731449351126,-62.34421096548927,-62.34421096548927,186.10221992771557,-167.67943637164672,,,4.977945809703838,3.289726998058799,4.719890360472709,,
1685971800,180.79,182.44,180.6,182.14,181.53964222093015,184.09889764365775,181.53964222093015,184.09889764365775,0,0,0,0,0,188.445,174.45499999999998,194.08,168.82,182.81,181.78575982021482,178.09424017978517,,,,,6403343,0.73,0.66,-0.2697404617138505,-0.218341582161142,0.06260307430205718,-179.8657417130759,-90.19461852074728,-90.19461852074728,-56.90922657521932,-56.90922657521932,186.10221992771557,-167.67943637164672,,,5.166981726528042,3.363344830547789,4.720783649915377,,
1686058200,182.36,182.65,181.52,182.34,181.5397811975117,184.00126244194567,181.5397811975117,184.00126244194567,0,0,0,0,0,188.445,174.45499999999998,194.08,168.82,182.81,181.73626520007463,178.14373479992534,,,,,4967156,0.72,0.66,-0.156824715771822,-0.2548327788508092,0.1760407500986052,-138.12269128443532,-75.57752263039333,-75.57752263039333,-46.34333084968541,-46.34333084968541,186.10221992771557,-167.67943637164672,,,4.68388993908842,3.415130913235657,4.720709936207431,,
1686144600,181.94,183,180.15,180.15,181.53721000630787,183.85426783637917,181.53721000630787,183.85426783637917,0,0,0,0,0,188.445,174.45499999999998,194.08,168.82,182.81,182.36179187133317,178.70820812866688,,,,,9066528,0.71,0.67,-0.5896564006870841,-0.5739765066369762,0.05703884993711001,-163.35310289239226,-69.61857924338817,-69.61857924338817,-57.70069246937784,-57.70069246937784,186.10221992771557,-167.67943637164672,,,5.403276622558282,3.493097411640466,4.72207370581053,,
1686231000,182,183.04,181.96,182.53,181.53822417212945,183.7833083133839,181.53822417212945,183.7833083133839,0,0,0,0,0,188.445,174.45499999999998,194.08,168.82,182.81,183.48777604140363,179.79222395859634,,,,,6394890,0.73,0.66,0.10494622264561569,-0.22738488110657448,0.231441176003952,-130.0194933957485,-58.249512586017104,-58.249512586017104,-35.51137927127496,-35.51137927127496,186.10221992771557,-167.67943637164672,,,4.452846040747737,3.5307346127819272,4.7215357883978175,,
1686317400,182.36,182.79,181.72,182.04,181.53876158637095,183.7058138697218,181.53876158637095,183.7058138697218,0,0,0,0,0,188.445,174.45499999999998,194.08,168.82,182.81,185.59578394664388,181.97421605335617,,,,,4380811,0.71,0.67,0.33685591941450604,-0.27938646551063245,0.16120146880842803,-129.6522004621883,-44.68279757640833,-44.68279757640833,-17.549367557190777,-17.549367557190777,186.10221992771557,-167.67943637164672,,,4.578869985297206,3.5718379607237027,4.721250741838176,,
1686576600,181.8,181.94,181.04,181.88,181.53795287191267,183.60495842385035,181.53795287191267,183.60495842385035,0,0,0,0,0,188.445,174.45499999999998,194.08,168.82,182.81,185.52196547408568,182.04803452591437,,,,,4875450,0.68,0.66,0.17513426368537546,-0.3010972049618782,0.012717486657454494,-114.72753117007532,-35.38116629939906,-35.38116629939906,-16.777903745380517,-16.777903745380517,186.10221992771557,-167.67943637164672,,,4.935937828187359,3.625332073173258,4.721679687065647,,
1686663000,182.1,182.43,180.165,180.54,181.5354150040367,183.474087505268,181.5354150040367,183.474087505268,0,0,0,0,0,188.445,174.45499999999998,194.08,168.82,182.81,186.17142367474867,182.67857632525136,,,,,5126686,0.64,0.66,-0.27479773168685845,-0.3589840853290382,0.1649663765678183,-130.99764296485904,-37.25250773092631,-37.25250773092631,-36.00494677657481,-36.00494677657481,186.10221992771557,-167.67943637164672,,,5.395400126023948,3.694746506618383,4.72302578184878,,
1686749400,181.69,181.96,180.14,180.64,181.5328327562764,183.3473781913359,181.5328327562764,183.3473781913359,0,0,0,0,0,188.445,174.45499999999998,194.08,168.82,182.81,186.3545064563361,182.87549354366388,,,,,6807003,0.63,0.66,-0.307499198532271,-0.7068857634685747,0.4604398100478942,-131.46250330185296,-58.89658098890225,-58.89658098890225,-43.63549151401729,-43.63549151401729,186.10221992771557,-167.67943637164672,,,5.4085276202478525,3.7619536091136565,4.724395415891536,,
1686835800,180.28,182.05,180.18,181.91,181.53033478873138,183.22719081128352,181.53033478873138,183.22719081128352,0,0,0,0,0,188.445,174.45499999999998,194.08,168.82,182.81,187.38569830834086,183.8743016916591,,,,,6739009,0.64,0.66,-0.3351353346733177,-0.7317400873515962,0.5164484695418722,-88.31163570067524,-56.741208299966864,-56.741208299966864,-48.00406377600048,-48.00406377600048,186.10221992771557,-167.67943637164672,,,5.387523629489598,3.825701453049968,4.725720347387236,,
1686922200,181.925,182.618,181.41,181.63,181.5302747791635,183.1594696029979,181.5302747791635,183.1594696029979,0,0,0,0,0,188.445,174.45499999999998,194.08,168.82,182.81,187.2532387883818,184.0067612116182,,,,,8779096,0.63,0.66,0.10669670904856529,-0.8895670091245842,0.4881602511958392,-53.284424990911084,-43.26412627541582,-43.26412627541582,-33.78425127424651,-33.78425127424651,186.10221992771557,-167.67943637164672,,,4.741650913673599,3.8616210397410904,4.725752176690506,,
1687267800,180.06,180.09,179.22,179.75,181.52588302136297,183.00938059895876,181.52588302136297,183.00938059895876,0,0,0,0,0,188.445,174.45499999999998,194.08,168.82,182.81,186.92737149174255,183.65262850825746,,,,,7586229,0.63,0.67,-0.4349324316642209,-0.7870718179852301,0.33828118595151824,-86.00355392823322,-57.24050873058776,-57.24050873058776,-47.9229204271398,-47.9229204271398,186.10221992771557,-167.67943637164672,,,5.89161940768746,3.941228818876242,4.728081581747443,,
1687354200,179.15,179.95,178.19,179.49,181.51946267566595,182.82518920292117,181.51946267566595,182.82518920292117,0,0,0,0,0,188.445,174.45499999999998,194.08,168.82,182.81,186.34808744066987,183.20191255933014,,,,,6702339,0.64,0.67,-0.5203670936433088,-0.8397673909628139,0.4143208331332811,-105.51537343177516,-85.88013801542346,-85.88013801542346,-60.575326289901014,-60.575326289901014,186.10221992771557,-167.67943637164672,,,6.432472169712246,4.038924636556086,4.731486957547572,,
1687440600,178.36,178.99,177.63,177.71,181.51194746552474,182.62647982241444,181.51194746552474,182.62647982241444,0,0,0,0,0,188.445,174.45499999999998,194.08,168.82,182.81,186.03072348358185,182.95927651641819,,,,,7948565,0.64,0.67,-0.4485315466462773,-1.1440148255585412,0.27698518312616294,-127.10041978910385,-113.68477313324676,-113.68477313324676,-78.27847523768293,-78.27847523768293,186.10221992771557,-201.12089671737908,,,6.726528040327663,4.144320848468697,4.735473053617063,,
1687527000,179.6,179.95,178.09,178.2,181.5053571608983,182.4534217901629,181.5053571608983,182.4534217901629,0,0,0,0,0,188.445,174.45499999999998,194.08,168.82,182.81,186.0025037088186,182.9874962911814,,,,,5419784,0.63,0.67,-0.7855317702602294,-1.0685995424048764,0.3660548307043072,-117.56270476414643,-124.53546876716422,-124.53546876716422,-93.69747308084335,-93.69747308084335,186.10221992771557,-201.12089671737908,,,6.4849821466078525,4.236111487611408,4.738968576280381,,
1687786200,179.05,179.075,178.42,178.51,181.49943277096645,182.2999621121173,181.49943277096645,182.2999621121173,0,0,0,0,0,188.445,174.45499999999998,194.08,168.82,182.81,185.9825587012706,183.00744129872942,,,,,3222050,0.65,0.68,-0.6424812571181229,-0.8811620913007898,0.3775003759533423,-110.72043094189485,-131.50919873518555,-131.50919873518555,-106.30138163229076,-106.30138163229076,186.10221992771557,-201.12089671737908,,,6.311699222852347,4.317507085071838,4.742110895254551,,
1687872600,179.07,179.29,177.43,177.69,181.49156197621926,182.11408516654407,181.49156197621926,182.11408516654407,0,0,0,0,0,188.445,174.45499999999998,194.08,168.82,182.81,185.87056459470213,182.9194354052979,,,,,5036916,0.65,0.67,-0.7692397951271915,-0.9411671418513436,0.4428979542761548,-131.24725240865024,-152.37645264148495,-152.37645264148495,-121.65973863535548,-121.65973863535548,186.10221992771557,-201.12089671737908,,,6.8315479941188775,4.41609692464231,4.7462855947527816,,
1687959000,177.23,177.685,176.7,177.28,181.48226295129177,181.90715633648352,181.48226295129177,181.90715633648352,0,0,0,0,0,188.445,174.45499999999998,194.08,168.82,182.81,185.48966618443865,182.57033381556136,,,,,5866741,0.64,0.67,-0.6176569674316472,-1.0475210544033298,0.43604809858929694,-146.38319146999578,-187.5226083099394,-187.5226083099394,-143.61402852688346,-143.61402852688346,186.10221992771557,-201.12089671737908,,,7.214870825456841,4.525852763889938,4.751217832975967,,
1688045400,175.83,177.63,175.79,177.09,181.47118250583463,181.67301295073906,181.47118250583463,181.67301295073906,0,0,0,0,0,188.445,174.45499999999998,194.08,168.82,182.81,185.02745374582094,182.12254625417904,,,,,6862511,0.64,0.68,-0.6983693595216889,-0.863422330796594,0.4032386096292183,-165.25127988893283,-209.9835933302983,-209.9835933302983,-165.7372167946884,-165.7372167946884,186.10221992771557,-201.12089671737908,,,7.692711615206893,4.650043307078839,4.7570949434299745,,
1688131800,177.69,178.53,177.32,178.27,181.46315057275604,181.5074516585532,181.46315057275604,181.5074516585532,0,0,0,0,0,188.445,174.45499999999998,194.08,168.82,182.81,185.02021183347054,182.1297881665294,,,,,6420904,0.64,0.67,-0.7093922345672243,-0.6621660353390699,0.5298486878250382,-133.52801034940114,-189.07625065718676,-189.07625065718676,-173.51689474885453,-173.51689474885453,186.10221992771557,-201.12089671737908,,,6.889308968704057,4.737857646750416,4.76135511131264,,
1688391000,178.61,179.34,178.46,178.47,181.45738963255073,181.39264178959036,181.45738963255073,181.39264178959036,0,0,0,0,0,182.82000000000002,171.57999999999998,187.03000000000003,167.36999999999998,178.61,185.01648336155125,182.1335166384487,,,,,4085711,0.6,0.67,-0.6167840300863693,-0.37932675119280984,0.6136331477911228,-109.8910644179851,-162.43276888178767,-162.43276888178767,-140.26451714765395,-140.26451714765395,186.10221992771557,-201.12089671737908,,,6.290695232094093,4.79875323833252,4.7644107359295855,,
1688563800,179.41,179.42,177.825,177.84,181.45038415875942,181.25768132725347,181.45038415875942,181.25768132725347,0,0,0,0,0,182.82000000000002,171.57999999999998,187.03000000000003,167.36999999999998,178.61,185.0072162960876,182.1427837039124,,,,,5652091,0.61,0.67,-0.37647681641482483,-0.6460614849124352,0.575982122419262,-98.21161814496023,-142.02205305616906,-142.02205305616906,-101.20062140493182,-101.20062140493182,186.10221992771557,-201.12089671737908,,,6.624133585381227,4.870336781354038,4.76812646589852,,
1688650200,177.51,177.8,176.66,177.31,181.44108828631434,181.08278402030237,181.44108828631434,181.08278402030237,0,0,0,0,0,182.82000000000002,171.57999999999998,187.03000000000003,167.36999999999998,178.61,184.93740902925558,182.21259097074437,,,,,5132954,0.6,0.67,-0.43184667031136303,-0.6610823297013879,0.6307931573070815,-122.52969150072592,-125.73197816544172,-125.73197816544172,-93.15182838398704,-93.15182838398704,186.10221992771557,-201.12089671737908,,,7.235874816215082,4.9631029787995695,4.773057032033019,,
1688736600,178.38,179.65,178.35,178.64,181.43515384418384,180.98035719597678,181.43515384418384,180.98035719597678,0,0,0,0,0,182.82000000000002,171.57999999999998,187.03000000000003,167.36999999999998,178.61,184.95097864419373,182.19902135580625,,,,,5201148,0.58,0.66,0.18549815640682926,-0.5344081048054011,0.6732264132359438,-87.25282972283385,-101.69604833384557,-101.69604833384557,-53.62418867065328,-53.62418867065328,186.10221992771557,-201.12089671737908,,,6.348456206679271,5.01743055636348,4.7762046827316125,,
1688995800,178.37,178.92,178.2601,178.78,181.42905343490477,180.87845687456593,181.42905343490477,180.87845687456593,0,0,0,0,0,182.82000000000002,171.57999999999998,187.03000000000003,167.36999999999998,178.61,184.94337709967417,182.2066229003258,,,,,3320497,0.59,0.66,0.1155831574156312,-0.3572077189967199,0.6274931448242796,-89.12939177835607,-73.54495485934483,-73.54495485934483,-17.242767910343325,-17.242767910343325,186.10221992771557,-201.12089671737908,,,6.395662675908424,5.071478874777007,4.77944036303766,,
1689082200,179.43,179.71,179.13,179.45,181.4246858955743,180.81432523242609,181.4246858955743,180.81432523242609,0,0,0,0,0,182.82000000000002,171.57999999999998,187.03000000000003,167.36999999999998,178.61,184.93785717346915,182.21214282653082,,,,,2819610,0.62,0.66,0.18686953162617753,-0.08527447274873731,0.6019848603141268,-70.97120120996057,-41.34788145646043,-41.34788145646043,23.04626534930837,23.04626534930837,186.10221992771557,-201.12089671737908,,,5.938878386893511,5.105494541918831,4.781756922525883,,
1689168600,181.18,181.95,181.1,181.88,181.42422378589282,180.82919090958583,181.42422378589282,180.82919090958583,0,0,0,0,0,182.82000000000002,171.57999999999998,187.03000000000003,167.36999999999998,178.61,184.96649408781101,182.18350591218896,,,,,7062010,0.69,0.66,0.8337438599865064,0.10831924883196876,0.7748568450367569,-23.49092092575919,-4.563897664030563,-4.563897664030563,69.00406992082917,69.00406992082917,261.2205203014776,-201.12089671737908,,,4.904431842049991,5.097609730159268,4.782002027260197,,
1689255000,181.96,182.15,181.49,182.01,181.42453402807885,180.85861479548444,181.42453402807885,180.85861479548444,0,0,0,0,0,182.82000000000002,171.57999999999998,187.03000000000003,167.36999999999998,178.61,184.9613587286632,182.18864127133673,,,,,4527900,0.68,0.66,0.9435029369077351,-0.0033646171882150055,0.6505693971190499,-12.997119444974574,31.929481901960088,31.929481901960088,104.91624103394139,104.91624103394139,261.2205203014776,-201.12089671737908,,,4.699642932157104,5.082003189061145,4.781837473623628,,
1689341400,181.59,182.17,181.1101,181.43,181.42409219985092,180.87213574468112,181.42409219985092,180.87213574468112,0,0,0,0,0,182.82000000000002,171.57999999999998,187.03000000000003,167.36999999999998,178.61,184.92435760177125,182.22564239822873,,,,,5389968,0.66,0.66,0.8661378216082147,-0.09960620158226785,0.6733969837572731,-22.492514977948193,61.741546671492515,61.741546671492515,121.36567621055738,121.36567621055738,261.2205203014776,-201.12089671737908,,,4.899128334383538,5.074831626132611,4.782071820997773,,
1689600600,180.99,181.6307,180.64,181.56,181.4227213862648,180.8668755193995,181.4227213862648,180.8668755193995,0,0,0,0,0,182.82000000000002,171.57999999999998,187.03000000000003,167.36999999999998,178.61,184.86395644226263,182.28604355773734,,,,,4152919,0.64,0.66,0.6530235546202169,-0.24458075675477936,0.9051387330294214,-34.242410845415094,82.52913212476149,82.52913212476149,124.10430303129944,124.10430303129944,261.2205203014776,-201.12089671737908,,,5.145977735769803,5.077621669647796,4.782798905742572,,
1689687000,182.79,184.23,182.32,183.64,181.42467638849004,180.92704510687403,181.42467638849004,180.92704510687403,0,0,0,0,0,182.82000000000002,171.57999999999998,187.03000000000003,167.36999999999998,178.61,184.88841225152362,182.26158774847636,,,,,8242597,0.72,0.66,1.0203096773224554,0.2909023930782831,1.0518635100416256,-32.69984268381971,108.314730166569,108.314730166569,159.88592625018407,159.88592625018407,261.2205203014776,-201.12089671737908,,,4.263810123923547,5.0457074913841,4.781761965119557,,
1689773400,183.45,183.835,182.87,183.67,181.42771539670485,181.00620804385937,181.42771539670485,181.00620804385937,0,0,0,0,0,182.82000000000002,171.57999999999998,187.03000000000003,167.36999999999998,178.61,184.88506838125681,182.26493161874316,,,,,3911565,0.73,0.66,1.1547391732038403,0.17083240900237626,0.9292478804936837,-19.814849459774052,133.79919081243173,133.79919081243173,184.7681121041572,184.7681121041572,261.2205203014776,-201.12089671737908,,,3.975005250997686,5.003719168231691,4.78015006359284,,
1689859800,183.73,183.77,182.47,182.74,181.42995712418397,181.06673714017862,181.42995712418397,181.06673714017862,0,0,0,0,0,182.82000000000002,171.57999999999998,187.03000000000003,167.36999999999998,178.61,184.8856188268847,182.26438117311528,,,,,4972856,0.7,0.66,1.0807229252790087,0.04469564180975672,0.6001025544428122,-29.72227418966143,150.54825597053653,150.54825597053653,184.04638628674616,184.04638628674616,261.2205203014776,-201.12089671737908,,,4.18504515858013,4.9716143051081,4.778961042803604,,
1689946200,182.06,182.46,181.68,182.18,181.43063173532445,181.09422195821082,181.43063173532445,181.09422195821082,0,0,0,0,0,182.82000000000002,171.57999999999998,187.03000000000003,167.36999999999998,178.61,184.88358257260091,182.26641742739906,,,,,3845361,0.71,0.66,0.6990723682813236,0.22950847569401583,0.28561551066393837,-49.289438031188524,152.18932239756276,152.18932239756276,155.4714552516152,155.4714552516152,261.2205203014776,-201.12089671737908,,,4.599873976055446,4.957036252988388,4.778603226486425,,
1690205400,182.22,182.54,181.34,181.4,181.430632471118,181.10742894024176,181.430632471118,181.10742894024176,0,0,0,0,0,182.82000000000002,171.57999999999998,187.03000000000003,167.36999999999998,178.61,184.86774233129015,182.2822576687098,,,,,4370026,0.7,0.66,0.5166412868722203,-0.1260057354119601,0.3037006696173184,-57.71074905159275,110.36261049941625,110.36261049941625,138.2470850981806,138.2470850981806,261.2205203014776,-201.12089671737908,,,4.778407897500522,4.950031219439844,4.77860283621872,,
1690291800,181.72,182.47,181.1,182.41,181.43015848016674,181.11080035434995,181.43015848016674,181.11080035434995,0,0,0,0,0,182.82000000000002,171.57999999999998,187.03000000000003,167.36999999999998,178.61,184.8724435699763,182.27755643002365,,,,,4090149,0.73,0.66,0.5815804721720282,0.04137479330526185,0.27698581771842856,-63.655203889525325,76.48454132307637,76.48454132307637,117.6595705064792,117.6595705064792,261.2205203014776,-201.12089671737908,,,4.904431842049991,4.9482430085618105,4.778854242823778,,
1690378200,182.66,183.64,182.31,183.3,181.4320788428437,181.16101602672836,181.4320788428437,181.16101602672836,0,0,0,0,0,182.82000000000002,171.57999999999998,187.03000000000003,167.36999999999998,178.61,184.8720032603536,182.27799673964634,,,,,6158432,0.73,0.66,0.27500885256998503,0.158776435060811,0.3110102215260446,-33.68524408161624,79.57893813922038,79.57893813922038,104.96602638405959,104.96602638405959,261.2205203014776,-201.12089671737908,,,4.269061121613104,4.9216084247599,4.777835675149031,,
1690464600,181.64,181.64,180.32,180.42,181.43005910489597,181.13200363352334,181.43005910489597,181.13200363352334,0,0,0,0,0,182.82000000000002,171.57999999999998,187.03000000000003,167.36999999999998,178.61,184.91560304679587,182.2343969532041,,,,,7592752,0.69,0.66,-0.3046138169865469,-0.013381195152343883,-0.21188326714970893,-82.97468211280545,38.72808368283624,38.72808368283624,82.88671215031847,82.88671215031847,261.2205203014776,-201.12089671737908,,,5.314009661835752,4.936996708566796,4.778906951845708,,
1690551000,181.48,182.27,181.25,181.86,181.42988296282826,181.14023486358124,181.42988296282826,181.14023486358124,0,0,0,0,0,182.82000000000002,171.57999999999998,187.03000000000003,167.36999999999998,178.61,184.92912839479428,182.2208716052057,,,,,3829197,0.71,0.66,0.08252394254768868,0.13577064830471783,-0.12500418047596087,-59.93991961581747,14.878667837184974,14.878667837184974,60.21736404594064,60.21736404594064,261.2205203014776,-201.12089671737908,,,4.825666876706573,4.932630832807572,4.779000378269006,,
1690810200,182.43,183.09,182.31,182.35,181.43180387598943,181.18929624148,181.43180387598943,181.18929624148,0,0,0,0,0,182.82000000000002,171.57999999999998,187.03000000000003,167.36999999999998,178.61,184.93076386871775,182.21923613128223,,,,,5496890,0.7,0.67,0.15460495041649663,0.049619450888946356,0.13001579289848228,-33.68524408161624,14.787717299788683,14.787717299788683,45.07414846388999,45.07414846388999,261.2205203014776,-201.12089671737908,,,4.269061121613104,4.906608491192102,4.7779815186153485,,
1690896600,180.85,181.375,180.19,180.46,180.07937099644153,179.8555292909571,180.07937099644153,179.8555292909571,0,0,0,0,0,188.015,177.065,191.79999999999998,173.28,180.85,184.94747362601234,182.20252637398764,,,,,6289869,0.68,0.66,-0.6105817661449313,-0.13113591362711968,-0.19093474368136049,-86.1945951500187,-8.729106047024876,-8.729106047024876,27.139730293585036,27.139730293585036,261.2205203014776,-201.12089671737908,,,4.671463337213,4.897387112604687,4.777768695076083,,
1690983000,180.57,180.79,179.41,179.6,180.07822559984524,179.8418261815078,180.07822559984524,179.8418261815078,0,0,0,0,0,188.015,177.065,191.79999999999998,173.28,180.85,184.87416311710274,182.27583688289727,,,,,6348266,0.7,0.67,-0.7840391565998767,-0.017046817128300074,-0.389873076223859,-105.51407337329884,-45.4936398549957,-45.4936398549957,2.928606910724792,2.928606910724792,261.2205203014776,-201.12089671737908,,,5.084118082742574,4.904709895747349,4.778380781764727,,
1691069400,179.44,179.95,179.28,179.54,180.0768253488965,179.8236133900761,180.0768253488965,179.8236133900761,0,0,0,0,0,188.015,177.065,191.79999999999998,173.28,180.85,184.8566644727913,182.2933355272087,,,,,4638874,0.65,0.67,-0.6375674724064152,0.005855701279289413,-0.27160604320946957,-108.73398641051207,-75.58221896718949,-75.58221896718949,-23.241668381913303,-23.241668381913303,261.2205203014776,-201.12089671737908,,,5.1528938736641665,4.914442600763694,4.77912905967062,,
1691155800,180.25,180.77,179.85,180.19,179.81983852238972,179.5813477463186,179.81983852238972,179.5813477463186,0,0,0,0,0,188.015,177.065,191.79999999999998,173.28,180.85,183.98194095404077,181.44805904595918,,,,,5326191,0.63,0.67,-0.41167881991533156,0.30365842273070864,-0.12151936695976691,-94.61590617042295,-84.60079198918325,-84.60079198918325,-43.69470958433662,-43.69470958433662,261.2205203014776,-201.12089671737908,,,4.715231788079474,4.90663041203098,4.779001392794314,,
1691415000,180.15,180.15,179.27,179.78,178.35469058785878,178.1645168126557,178.35469058785878,178.1645168126557,0,0,0,0,0,188.015,177.065,191.79999999999998,173.28,180.85,183.93446777956726,181.49553222043266,,,,,4510408,0.66,0.67,-0.3372874413682353,0.19333531883476546,-0.2511818345229482,-108.98167202875904,-106.4400365387397,-106.4400365387397,-64.60981856913764,-64.60981856913764,261.2205203014776,-201.12089671737908,,,4.24122643021206,4.880536138234159,4.777926917344598,,
1691501400,178.64,179.33,178.46,178.64,178.35507582144947,178.179535761179,178.35507582144947,178.179535761179,0,0,0,0,0,188.015,177.065,191.79999999999998,173.28,180.85,183.94053039318968,181.48946960681025,,,,,6162879,0.65,0.67,-0.7815254247345156,0.015899028184725245,-0.2686238053589599,-129.04420710678073,-148.02343993959863,-148.02343993959863,-92.41435902595796,-92.41435902595796,261.2205203014776,-201.12089671737908,,,4.673895625233695,4.872432588704729,4.777719062615106,,
1691587800,178.68,178.92,177.78,177.79,178.35411523039764,178.16756573132886,178.35411523039764,178.16756573132886,0,0,0,0,0,188.015,177.065,191.79999999999998,173.28,180.85,183.93013164123394,181.499868358766,,,,,4643998,0.67,0.67,-1.135150637457164,0.012269892245434863,-0.43671840814582663,-153.4480367558483,-181.91364858525802,-181.91364858525802,-122.24745554572465,-122.24745554572465,261.2205203014776,-201.12089671737908,,,5.037124085251859,4.878891078765401,4.778237354368626,,
1691674200,178.22,178.7,177.54,177.6,176.1277818871848,176.00618658786112,176.1277818871848,176.00618658786112,0,0,0,0,0,188.015,177.065,191.79999999999998,173.28,180.85,183.51232783568153,181.0876721643185,,,,,5934598,0.69,0.67,-0.6299639151867747,0.04200305234236937,-0.4120912808177936,-159.7005883384298,-197.7331707990969,-197.7331707990969,-147.40936063018208,-147.40936063018208,261.2205203014776,-201.12089671737908,,,3.9649483420782237,4.8430501871306095,4.7766124012971165,,
1691760600,177.7,178.36,177.49,177.6,175.52212113572034,175.48159873604885,175.52212113572034,175.48159873604885,0,0,0,0,0,188.015,177.065,191.79999999999998,173.28,180.85,183.05153495741519,180.6584650425848,,,,,5289694,0.69,0.68,-0.9441416880767054,0.06701627314642188,-0.5052571420710541,-161.00320325146714,-202.28379093181826,-202.28379093181826,-165.70083739739414,-165.70083739739414,261.2205203014776,-201.12089671737908,,,3.658470390273018,4.7965960774499194,4.774378351325041,,
1692019800,176.86,177.58,176.5787,177.06,175.0774855223485,175.09731320749538,175.0774855223485,175.09731320749538,0,0,0,0,0,188.015,177.065,191.79999999999998,173.28,180.85,183.0323028603547,180.63769713964524,,,,,9554477,0.68,0.68,-1.2029197337262267,-0.1624924637362932,-0.8029277789272505,-184.74466265649372,-218.2459017856103,-218.2459017856103,-183.21585886013287,-183.21585886013287,261.2205203014776,-201.12089671737908,,,3.9079777971266836,4.761748301750969,4.772647281286682,,
1692106200,176.75,177.43,176.33,176.59,175.08013650032584,175.1485675915152,175.08013650032584,175.1485675915152,0,0,0,0,0,188.015,177.065,191.79999999999998,173.28,180.85,182.4974927845183,180.1125072154817,,,,,7582703,0.68,0.68,-0.9124904832817399,-0.25877977444711486,-0.8487473469354286,-191.22386923394316,-236.9010903414676,-236.9010903414676,-201.11093602057778,-201.11093602057778,261.2205203014776,-201.12089671737908,,-256.9010903414676,4.043317370483227,4.733574539740469,4.771190078667694,,
1692192600,176.62,176.945,175.56,175.57,175.0812591047208,175.16791788204398,175.0812591047208,175.16791788204398,0,0,0,0,0,188.015,177.065,191.79999999999998,173.28,180.85,181.16418217959165,178.84581782040834,,,,,6559418,0.7,0.69,-0.9671123438199847,-0.3176244988393578,-0.8412480050996327,-232.6419130191995,-252.90676689092712,-252.90676689092712,-218.3762129773609,-218.3762129773609,261.2205203014776,-201.12089671737908,,-272.9067668909271,4.462342185459288,4.722937976827482,4.7705729999599855,,
1692279000,176.53,176.56,174.93,175.3,175.08113331230376,175.1620505141207,175.08113331230376,175.1620505141207,0,0,0,0,0,188.015,177.065,191.79999999999998,173.28,180.85,180.79034711657766,178.47965288342232,,,,,7937672,0.67,0.68,-1.0288754616549824,-0.2851414633474832,-0.7696194693271419,-247.24139947532439,-259.299303311449,-259.299303311449,-232.0172430887236,-232.0172430887236,261.2205203014776,-201.12089671737908,,-279.299303311449,4.805180670439695,4.726163180498549,4.77064214615475,,
1692365400,175.83,176.055,175.1,175.33,175.0813440349565,175.16301323905714,175.0813440349565,175.16301323905714,0,1,1,0,0,188.015,177.065,191.79999999999998,173.28,180.85,180.7560590656565,178.5139409343435,,,,,6253027,0.67,0.69,-1.1838972977489106,-0.46956649558793584,-0.8600725371570218,-232.4338489885975,-257.3923710400106,-257.3923710400106,-240.47561907248593,-240.47561907248593,261.2205203014776,-201.12089671737908,,-277.3923710400106,4.7126686983021315,4.725633985118297,4.77052631509011,,
1692624600,175.9,175.94,174.96,175.81,175.08127741350805,175.15850291595686,175.08127741350805,175.15850291595686,0,1,1,0,0,188.015,177.065,191.79999999999998,173.28,180.85,180.6779692791466,178.48203072085334,,,,,4206360,0.65,0.69,-0.9752944703233687,-0.4236073824731938,-0.8950040370241636,-236.40223177620734,-244.66708540557056,-244.66708540557056,-241.87277451684747,-241.87277451684747,261.2205203014776,-201.12089671737908,,-264.66708540557056,4.78885502829777,4.7281132417135705,4.770562935895719,,
1692711000,175.83,176.25,175.31,176.1,175.08190323286166,175.1677577035664,175.08190323286166,175.1677577035664,0,0,0,0,0,188.015,177.065,191.79999999999998,173.28,180.85,180.67854965316818,178.4814503468318,,,,,5892540,0.66,0.69,-0.6290207509924882,-0.476815849698582,-1.0586507343315226,-226.48127480718202,-232.91888622529066,-232.91888622529066,-215.01110964217702,-215.01110964217702,261.2205203014776,-201.12089671737908,,-252.91888622529066,4.598389203308657,4.723026024521221,4.770218932434006,,
1692797400,177.32,178.22,177.07,177.89,175.0860091205083,175.2449789700932,175.0860091205083,175.2449789700932,0,0,0,0,0,188.015,177.065,191.79999999999998,173.28,180.85,180.70406304909147,178.4559369509085,,,,,7949056,0.65,0.68,0.024828767884569693,-0.5591004234303703,-0.668762560982562,-176.59303404865415,-204.36392393698225,-204.36392393698225,-147.25399936036544,-147.25399936036544,261.2205203014776,-201.12089671737908,,-224.36392393698225,3.6406181976491063,4.6805786587615295,4.767961987908961,,
1692883800,177.66,178.49,177.41,177.85,175.09077933205575,175.3323719516582,175.09077933205575,175.3323719516582,0,0,0,0,0,188.015,177.065,191.79999999999998,173.28,180.85,180.6905718742744,178.46942812572556,,,,,5526428,0.65,0.68,0.06228509218401809,-0.5838812349688103,-0.6105382605943634,-166.9555329930293,-163.68885452936158,-163.68885452936158,-82.33871571412024,-82.33871571412024,261.2205203014776,-201.12089671737908,,,3.4555942533739628,4.6325400546286835,4.765339874553247,,
1692970200,177.58,178.38,176.63,177.62,175.0939971555681,175.38605540453432,175.0939971555681,175.38605540453432,0,0,0,0,0,188.015,177.065,191.79999999999998,173.28,180.85,180.6703877797665,178.4896122202335,,,,,6132927,0.65,0.68,0.005010138462318261,-0.5394086939067361,-0.6871569664003815,-162.98147642376844,-121.10467543658504,-121.10467543658504,-35.93631725103198,-35.93631725103198,261.2205203014776,-201.12089671737908,,,3.8800609490639943,4.603031070096735,4.76357108549133,,
1693229400,177.65,178.73,177.51,178.13,175.01336309281507,175.3892329128563,175.01336309281507,175.3892329128563,0,0,0,0,0,188.015,177.065,191.79999999999998,173.28,180.85,180.66845823839057,178.4915417616094,,,,,4740683,0.67,0.68,0.27877494034466316,-0.503157247145899,-0.5997792482584973,-137.9074031278042,-78.63463282162252,-78.63463282162252,6.305452408302543,6.305452408302543,261.2205203014776,-201.12089671737908,,,3.353841128110196,4.554043229234518,4.76075444221984,,
1693315800,178.03,179.88,177.9,179.87,175.0192458838384,175.48995711235213,175.0192458838384,175.48995711235213,0,0,0,0,0,188.015,177.065,191.79999999999998,173.28,180.85,180.68200213126917,178.4779978687308,,,,,7576640,0.68,0.68,0.8474623962161542,-0.5407868695726429,-0.5083452778375158,-126.7950297352741,-29.90043208344212,-29.90043208344212,67.56796939291868,67.56796939291868,261.2205203014776,-201.12089671737908,,,3.141503783960354,4.498649525498276,4.757519176169371,,
1693402200,180.58,180.88,180.29,180.32,175.029844393561,175.6795195785344,175.029844393561,175.6795195785344,0,0,0,0,0,188.015,177.065,191.79999999999998,173.28,180.85,180.68298474907832,178.47701525092162,,,,,6593692,0.68,0.68,1.2392708360438596,-0.48235733016966875,-0.32567672949662685,-4.8945859012971935,19.81288917619115,19.81288917619115,119.23953169545769,119.23953169545769,261.2205203014776,-201.12089671737908,,,1.8402569826318917,4.394398837542732,4.751690480477987,,
1693488600,180.37,180.49,179.94,180.02,175.0397294197477,175.84805998721933,175.0397294197477,175.84805998721933,0,0,0,0,0,188.015,177.065,191.79999999999998,173.28,180.85,180.66805590049242,178.49194409950755,,,,,4795626,0.67,0.68,1.239694923373327,-0.3956666047775837,-0.3977805389695468,-10.949333513761136,61.55069677321794,61.55069677321794,145.02631196727154,145.02631196727154,261.2205203014776,-201.12089671737908,,,2.03081613763815,4.301709319899415,4.746254168104681,,
1693575000,180.8,181.12,179.51,180.11,175.04874414618178,175.9932968504656,175.04874414618178,175.9932968504656,0,0,0,1,0,184.0225,171.7075,187.245,168.485,180.8,180.61644323587984,178.54355676412013,,,,,4970732,0.66,0.68,1.2610006014338573,-0.30342590103022854,-0.4681366648213068,-22.358471216197657,93.10131821444683,93.10131821444683,156.20256109690462,156.20256109690462,261.22052030147756,-181.68979790601867,,,2.2649316709315603,4.221835686606558,4.741296480797642,,
1693920600,179.33,179.4438,178.64,178.64,175.05601998205353,176.09906167985912,175.05601998205353,176.09906167985912,0,0,0,0,0,184.0225,171.7075,187.245,168.485,180.8,180.62274252658423,178.53725747341574,,,,,7056834,0.67,0.67,0.7419333124583016,-0.40488639283963457,-0.5073055931699999,-46.373125485447055,103.66347678362648,103.66347678362648,124.78779392198578,124.78779392198578,261.22052030147756,-181.68979790601867,,,2.738607284804269,4.1636698669280365,4.73729510378267,,
1694007000,178.33,179.01,177.7,177.83,175.06142194013134,176.1641847512372,175.06142194013134,176.1641847512372,0,0,0,0,0,184.0225,171.7075,187.245,168.485,180.8,180.62653233627648,178.53346766372348,,,,,6427224,0.68,0.68,0.4617876399793993,-0.681415118078204,-0.5868889735705601,-72.31999331658987,76.5804869481066,76.5804869481066,94.63581350511986,94.63581350511986,261.22052030147756,-181.68979790601867,,,3.250394729678227,4.1278551556633385,4.734324273864379,,
1694093400,178.31,178.3701,177.9,178.02,175.06720870948175,176.23451868256123,175.06720870948175,176.23451868256123,0,0,0,0,0,184.0225,171.7075,187.245,168.485,180.8,180.592434037391,178.56756596260897,,,,,3257213,0.67,0.67,0.03551897390554182,-0.8083127405044742,-0.5943948886866228,-66.7993831397505,33.1248642437704,33.1248642437704,74.1321637513367,74.1321637513367,261.22052030147756,-181.68979790601867,,,3.141503783960354,4.089174709714202,4.731141815343093,,
1694179800,178.36,179.045,177.9,178.08,175.0729839168554,176.3020944205,175.0729839168554,176.3020944205,0,0,0,0,0,184.0225,171.7075,187.245,168.485,180.8,180.54597290520462,178.61402709479535,,,,,3293699,0.69,0.67,0.06297279376239051,-0.3646276060391097,-0.5196680616095021,-66.7993831397505,3.2926157656407042,3.2926157656407042,50.51898108943804,50.51898108943804,261.22052030147756,-181.68979790601867,,,3.141503783960354,4.052011143998365,4.72796571538029,,
1694439000,178.97,179.07,178.261,178.41,175.07946165128726,176.38103542361765,175.07946165128726,176.38103542361765,0,0,0,0,0,184.0225,171.7075,187.245,168.485,180.8,180.54582227413871,178.61417772586125,,,,,3689085,0.69,0.67,0.2169188002902242,-0.5341746193662409,-0.7897897555833729,-56.83468177055653,-9.634897778104156,-9.634897778104156,30.467688133590645,30.467688133590645,261.22052030147756,-181.68979790601867,,,2.9449556269396155,4.008597202152924,4.724403257661129,,
1694525400,177.11,177.7,177.05,177.49,175.0835310585774,176.40986540700519,175.0835310585774,176.40986540700519,0,0,0,0,0,184.0225,171.7075,187.245,168.485,180.8,180.55187710164046,178.6081228983595,,,,,4445435,0.71,0.67,-0.17515677852731942,-0.750160024612029,-0.9985146053234363,-90.26197639131571,-58.7579079022973,-58.7579079022973,0.7258227882946642,0.7258227882946642,261.22052030147756,-181.68979790601867,,,3.6042903032612714,3.992742029647369,4.72216526974025,,
1694611800,177.53,177.75,177.035,177.08,175.08756266485395,176.43698244986774,175.08756266485395,176.43698244986774,0,0,0,0,0,184.0225,171.7075,187.245,168.485,180.8,180.53973926297087,178.6202607370291,,,,,3874788,0.71,0.66,-0.757604280512664,-0.5281679828543984,-1.142152203061704,-90.67602215457904,-101.6593693133226,-101.6593693133226,-33.402574578911086,-33.402574578911086,261.22052030147756,-181.68979790601867,,,3.6124571241901187,3.9778288961000254,4.7199480706482415,,
1694698200,176.5,177.39,176.36,177.17,175.09025105113795,176.43683019693174,175.09025105113795,176.43683019693174,0,0,0,0,0,184.0225,171.7075,187.245,168.485,180.8,180.53971885958944,178.6202811404105,,,,,6184382,0.7,0.65,-0.8623989619671544,-0.3856389430802751,-0.9032897400659031,-109.3080815014099,-130.0863623796933,-130.0863623796933,-65.63050384583849,-65.63050384583849,261.22052030147756,-181.68979790601867,,,3.979964065987899,3.9779126282524913,4.71846958112844,,
1694784600,178.55,179.105,178.34,178.34,175.0968505495373,176.51355450293443,175.0968505495373,176.51355450293443,0,0,0,0,0,184.0225,171.7075,187.245,168.485,180.8,180.53811125122564,178.62188874877432,,,,,5620888,0.71,0.65,-0.4586552777667991,-0.1896519309269073,-0.816106980924366,-54.65404075070495,-106.58085476190625,-106.58085476190625,-79.28062081786108,-79.28062081786108,261.22052030147756,-181.68979790601867,,,2.9019437033810553,3.9357177684536113,4.714840158795279,,
1695043800,178.82,179.41,178.38,179.39,175.10351598300474,176.58882295379973,175.10351598300474,176.58882295379973,0,0,0,0,0,184.0225,171.7075,187.245,168.485,180.8,180.5476484397221,178.61235156027786,,,,,5049308,0.71,0.65,-0.19624743258846272,-0.12583689335191545,-0.8336938295628457,-53.5499187153374,-73.44512336062883,-73.44512336062883,-61.77412844616434,-61.77412844616434,261.22052030147756,-181.68979790601867,,,2.880165514237487,3.89432356240592,4.711174475189769,,
1695130200,179.54,179.65,179.03,179.22,175.11145381320853,176.6863749948272,175.11145381320853,176.6863749948272,0,0,0,0,0,184.0225,171.7075,187.245,168.485,180.8,180.5194512241538,178.64054877584613,,,,,4225102,0.7,0.65,0.15988941339611165,-0.08856384215576499,-0.828810245963442,-35.60793564061077,-55.56774407320159,-55.56774407320159,-19.812985498347103,-19.812985498347103,261.22052030147756,-181.68979790601867,,,2.5262699406544273,3.8406744007686067,4.706809031564323,,
1695216600,179.34,180.66,179.32,179.35,175.11994940998534,176.79136028914772,175.11994940998534,176.79136028914772,0,0,0,0,0,184.0225,171.7075,187.245,168.485,180.8,180.51905862603107,178.6409413739689,,,,,9330262,0.72,0.64,0.42088329496682203,0.11299055467055821,-0.6823984850056576,-27.603050884194563,-31.18929085913839,-31.18929085913839,17.567615568988018,17.567615568988018,261.22052030147756,-181.68979790601867,,,2.3683780693635295,3.7829372897331135,4.702136841829656,,
1695303000,177.86,178.485,177.69,178.05,175.12520385671863,176.82894616016154,175.12520385671863,176.82894616016154,0,0,0,0,0,184.0225,171.7075,187.245,168.485,180.8,180.50631016156987,178.6536898384301,,,,,7573300,0.71,0.63,0.008250417938713662,0.04133604122597627,-0.76525508131822,-65.0606496620825,-17.959898595528205,-17.959898595528205,8.498885931692163,8.498885931692163,215.24699733654197,-181.6897979060187,,,3.2558392769641147,3.762266779428447,4.699247136405349,,
1695389400,178.65,178.95,178.51,178.62,175.13206978307883,176.89689336956695,175.13206978307883,176.89689336956695,0,0,0,0,0,184.0225,171.7075,187.245,168.485,180.8,180.5070294194721,178.65297058052784,,,,,3637075,0.73,0.64,0.14854853147588398,0.16243751349700206,-0.7492601170405777,-40.44243070007141,-10.805531350669746,-10.805531350669746,3.5032031390471765,3.5032031390471765,176.833503575075,-181.6897979060187,,,2.809386399520878,3.7248989213928563,4.695471190877108,,
1695648600,178.41,178.71,177.64,177.7,175.1372011121836,176.92839951193687,175.1372011121836,176.92839951193687,0,0,0,0,0,184.0225,171.7075,187.245,168.485,180.8,180.51346884876972,178.64653115123025,,,,,5582074,0.72,0.63,-0.20410192298485386,0.016672639207155837,-0.6630394982583807,-59.8816100973434,-15.389363465889556,-15.389363465889556,-12.33347538907635,-12.33347538907635,176.833503575075,-181.6897979060187,,,3.2830620133935873,3.7075719838242573,4.6926491945185,,
1695735000,176.825,177.14,176.16,176.28,175.13939471635504,176.90121129578247,175.13939471635504,176.90121129578247,0,0,0,0,0,184.0225,171.7075,187.245,168.485,180.8,180.52504791186715,178.63495208813285,,,,,7181080,0.71,0.63,-0.3509258110089087,-0.13092342160243572,-0.7404391152243752,-93.99262007413816,-49.88598332292686,-49.88598332292686,-24.85097803369319,-24.85097803369319,176.833503575075,-185.70917332697653,,,4.088855011705772,3.722524259427454,4.691442812534858,,
1695821400,175.27,175.32,173.7,174.1,175.13671800363505,176.77958340183022,175.13671800363505,176.77958340183022,0,0,0,0,0,184.0225,171.7075,187.245,168.485,180.8,179.94524849147766,177.98475150852232,,,,,10919579,0.7,0.63,-0.8579844623991023,-0.4150546516554214,-0.7233741008988868,-188.20257249372398,-92.40110641440293,-92.40110641440293,-47.367687493929765,-47.367687493929765,176.83350357507504,-279.3360314387992,,,5.428213644035498,3.789414039216005,4.6929148821282665,,
1695907800,173.91,174.135,172.32,173.23,175.13131696866276,176.6091487586212,175.13131696866276,176.6091487586212,0,0,0,0,0,184.0225,171.7075,187.245,168.485,180.8,179.25699136825384,177.29300863174612,,,,,10061917,0.7,0.63,-1.1648512444978512,-0.40305967676148746,-0.9897525333820004,-227.43513292292917,-125.18641324393658,-125.18641324393658,-73.30726274393203,-73.30726274393203,176.83350357507504,-279.3360314387992,,,6.179561169488754,3.883145299226701,4.695885204380735,,
1695994200,173.92,174.03,171.265,171.45,175.1238399117823,176.40443900338116,175.1238399117823,176.40443900338116,0,0,0,0,0,184.0225,171.7075,187.245,168.485,180.8,178.73832930263916,176.75667069736082,,,,,10427383,0.71,0.64,-2.0004502287600547,-0.6565615974031213,-1.1078837268870496,-243.94092781490593,-149.65891731603844,-149.65891731603844,-98.75781426796749,-98.75781426796749,176.83350357507504,-279.3360314387992,,,6.753960908150488,3.995726303498222,4.699997243748906,,
1696253400,170.23,170.46,169.5,169.65,175.11288658528525,176.13923355226817,175.11288658528525,176.13923355226817,0,0,0,0,0,175.1575,166.33749999999998,180.085,161.40999999999997,170.23,177.8741826089798,175.85581739102022,,,,,12706027,0.75,0.64,-2.8017119830933486,-0.9651487136042286,-1.292172093145973,-243.940927814906,-174.10351384601145,-174.10351384601145,-123.8730474606488,-123.8730474606488,176.83350357507504,-279.3360314387992,,,7.714923504110627,4.141577174110473,4.7060210724409375,,
1696339800,169.14,170.08,168.745,169.16,175.10046173696298,175.85511655021844,175.10046173696298,175.85511655021844,0,0,0,0,0,175.1575,166.33749999999998,180.085,161.40999999999997,170.23,177.49376503118216,175.48123496881786,,,,,11459840,0.77,0.64,-2.8952792010691564,-1.1264097131326536,-1.2085821413619053,-243.940927814906,-192.85222715756015,-192.85222715756015,-146.86610735961926,-146.86610735961926,176.83350357507504,-279.3360314387992,,,8.125986824195559,4.29782853293734,4.712854170846041,,
1696426200,169.21,169.41,168.5,169.14,175.0875770981279,175.57262962668045,175.0875770981279,175.57262962668045,0,1,0,0,0,175.1575,166.33749999999998,180.085,161.40999999999997,170.23,177.36946833081547,175.36053166918455,,,,,10034600,0.76,0.64,-2.9584983222068084,-1.185867651873995,-1.0632271349769848,-234.68358149850073,-203.0336783492492,-203.0336783492492,-165.58863102282925,-165.58863102282925,176.83350357507504,-279.3360314387992,,,8.259378232699945,4.453183423124108,4.719940133007587,,
1696512600,168.74,169,168.3,168.83,175.07432259843134,175.29345591583024,175.07432259843134,175.29345591583024,0,1,0,0,0,175.1575,166.33749999999998,180.085,161.40999999999997,170.23,177.25210652992607,175.2778934700739,,,,,6970219,0.76,0.64,-2.691068120424902,-1.528100027661351,-1.1575885314369738,-238.99365645715062,-210.56027350029723,-210.56027350029723,-180.57917851531857,-180.57917851531857,176.83350357507504,-279.3360314387992,,,8.368269178417801,4.606716197841508,4.727229501729686,,
1696599000,169.17,170.23,168.5,169.7,175.06149018564727,175.03299489952317,175.06149018564727,175.03299489952317,0,1,0,0,0,175.1575,166.33749999999998,180.085,161.40999999999997,170.23,177.26039385605947,175.2696061439405,,,,,9948433,0.75,0.65,-2.5854895166311502,-1.3697809552204951,-1.1698632276042764,-234.68358149850073,-213.12864053789156,-213.12864053789156,-191.42899918950957,-191.42899918950957,176.83350357507504,-279.3360314387992,,,8.259378232699945,4.749957846267329,4.734286741951404,,
1696858200,171.18,172.86,171.075,172.82,175.05377681864297,174.88271862895363,175.05377681864297,174.88271862895363,0,0,0,0,0,175.1575,166.33749999999998,180.085,161.40999999999997,170.23,177.34099666427315,175.1890033357268,,,,,10201547,0.76,0.64,-1.3796055044838533,-0.7838108457093086,-0.8725504818565051,-179.1913664058802,-181.88678360336144,-181.88678360336144,-162.80235243106517,-162.80235243106517,176.83350357507504,-279.3360314387992,,,6.857407306582458,4.832602923142432,4.738528741081536,,
1696944600,172.08,172.795,171.9,172.53,175.04771073109325,174.77036495722996,175.04771073109325,174.77036495722996,0,0,0,0,0,175.1575,166.33749999999998,180.085,161.40999999999997,170.23,177.29418853294194,175.23581146705803,,,,,5843995,0.74,0.64,-1.0696148663951413,-0.912619063331759,-1.0242517719337125,-161.41230720144793,-156.9257897059668,-156.9257897059668,-107.00380191117749,-107.00380191117749,176.83350357507504,-279.3360314387992,,,6.408232155496261,4.894392304803366,4.741864811839608,,
1697031000,173.6,174.125,173.26,173.79,175.04434687348865,174.7152173118484,175.04434687348865,174.7152173118484,0,0,0,0,0,175.1575,166.33749999999998,180.085,161.40999999999997,170.23,177.3091140873276,175.22088591267237,,,,,7128002,0.74,0.66,-0.09060331355148983,-0.9930368746793025,-0.6801394958109948,-132.1037974826272,-121.73551914609007,-121.73551914609007,-51.35497802633661,-51.35497802633661,176.83350357507504,-279.3360314387992,,,5.667773724614797,4.9247209879332265,4.7437147796973,,
1697117400,174.06,174.23,173.24,173.26,174.68902355407192,174.32315238581438,174.68902355407192,174.32315238581438,0,0,0,0,0,175.1575,166.33749999999998,180.085,161.40999999999997,170.23,177.30895892364924,175.22104107635076,,,,,5912663,0.74,0.65,0.008930325097089848,-1.165653024215709,-0.8380221516498628,-132.53480497849182,-83.57532264912899,-83.57532264912899,-7.254929655206837,-7.254929655206837,176.83350357507504,-279.3360314387992,,,5.488270594653574,4.946820972510495,4.745202403703207,,
1697203800,176.8921,179.095,176.72,178.83,174.69321291760025,174.41972680205697,174.69321291760025,174.41972680205697,0,0,0,0,0,175.1575,166.33749999999998,180.085,161.40999999999997,170.23,177.5291963193109,175.00080368068907,,,,,18802885,0.76,0.65,1.9615250159022914,-0.17391640735558359,-0.29240102459983514,-57.53950069797932,-38.383104551189646,-38.383104551189646,52.00133164468906,52.00133164468906,176.83350357507504,-279.3360314387992,,,3.5897435897435965,4.893602251617676,4.742893794684306,,
1697463000,177.84,178.33,177.535,177.96,174.69900599868396,174.5441551627606,174.69900599868396,174.5441551627606,0,0,0,0,0,175.1575,166.33749999999998,180.085,161.40999999999997,170.23,177.30707651086846,174.82792348913154,,,,,8385428,0.75,0.64,2.2277039414513906,-0.31343704176231596,-0.18428878513598362,-39.975945241479984,5.502624501871729,5.502624501871729,93.27408260799449,93.27408260799449,176.83350357507504,-279.3360314387992,,,3.1451172940534717,4.825034214066138,4.739701434043686,,
1697549400,178.37,179.13,177.98,178.29,174.7056677249603,174.6809804504955,174.7056677249603,174.6809804504955,0,0,0,0,0,175.1575,166.33749999999998,180.085,161.40999999999997,170.23,177.27534847252505,174.79465152747497,,,,,8231866,0.73,0.66,2.4692438877958502,-0.05175110093832518,-0.3542429651553678,-30.386028458483526,43.43220403536429,43.43220403536429,119.29136310234944,119.29136310234944,176.83350357507504,-279.3360314387992,,,2.902345881069297,4.749634671595674,4.736030393977803,,
1697635800,180.894,182.02,179.75,180.87,174.71581723999535,174.88115768773096,174.71581723999535,174.88115768773096,0,0,0,0,0,175.1575,166.33749999999998,180.085,161.40999999999997,170.23,177.24757118044454,174.69242881955546,,,,,13920793,0.76,0.67,3.133772914014943,0.4459886068320277,-0.09680852805451585,-23.938919346827145,77.01731905079261,77.01731905079261,144.18754908164925,144.18754908164925,176.83350357507504,-279.3360314387992,,,1.9367157665030066,4.639324126297922,4.730437357759072,,
1697722200,181.04,183.43,180.82,183.09,174.5282932741687,174.92244586837032,174.5282932741687,174.92244586837032,0,0,0,1,0,175.1575,166.33749999999998,180.085,161.40999999999997,170.23,177.2743536701644,174.6656463298356,,,,,13406560,0.79,0.68,3.7658934011069265,0.7331226760333763,0.09887290343860682,-47.930757204359026,110.3269680840543,110.3269680840543,176.94626615057769,176.94626615057769,176.83350357507504,-279.3360314387992,,,1.2398274072860398,4.506010529473926,4.723463112103782,,
1697808600,183.43,185.23,183.09,183.59,175.02107614348853,175.70190028816123,175.02107614348853,175.70190028816123,0,0,0,1,0,175.1575,166.33749999999998,180.085,161.40999999999997,170.23,178.07280949754795,175.45719050245202,,,,,12785667,0.8,0.68,3.6603012976098954,0.7988629079724116,0.25182658662460355,-10.528682755491197,140.12398499852387,140.12398499852387,199.71801882746297,199.71801882746297,176.83350357507504,-279.3360314387992,,,0.2723459883435917,4.339984469037442,4.714569771197168,,
1698067800,183.5099,183.56,182.705,182.97,175.03644632102402,175.97687870823333,175.03644632102402,175.97687870823333,0,0,0,1,0,175.1575,166.33749999999998,180.085,161.40999999999997,170.23,178.06953476566315,175.4604652343368,,,,,9479805,0.8,0.69,2.6238563014422764,0.6592543852745508,0.19208291904564478,-18.635768477219226,161.22605141225657,161.22605141225657,203.43018423972197,203.43018423972197,176.83350357507504,-279.3360314387992,223.43018423972197,,0.48205239936815236,4.188693015324921,4.706113193031676,,
1698154200,182.07,183.4,181.68,182.95,175.0497583163866,176.20127954320458,175.0497583163866,176.20127954320458,0,0,0,1,0,175.1575,166.33749999999998,180.085,161.40999999999997,170.23,178.06504329781737,175.4649567021826,,,,,6593963,0.8,0.69,2.715043411030516,0.7984207353271116,0.08567008386015018,-40.2195681259763,173.69559666681855,173.69559666681855,198.63468717594247,198.63468717594247,176.83350357507504,-279.3360314387992,,,1.0403616754725185,4.065229041213062,4.698789014175414,,
1698240600,183.42,184.2993,182.04,183.72,175.1874634005499,176.55078298192151,175.1874634005499,176.55078298192151,0,0,0,1,0,175.1575,166.33749999999998,180.085,161.40999999999997,170.23,178.01876036249496,175.511239637505,,,,,10087016,0.79,0.69,2.6228733281441152,0.9937812310745205,0.17607200104509668,-35.351341788542015,188.95351466782117,188.95351466782117,219.4693506698264,219.4693506698264,176.83350357507504,-279.3360314387992,239.4693506698264,,0.9144350097975217,3.941668490961472,4.69122786731352,,
1698327000,183.4,184.49,182.87,184.01,175.4788148755819,177.0667971790689,175.4788148755819,177.0667971790689,0,0,0,1,0,175.1575,166.33749999999998,180.085,161.40999999999997,170.23,178.00729782310637,175.5227021768936,,,,,7671406,0.82,0.69,2.857936089069968,1.0267096586172213,0.3638830311582678,-23.950604733132877,209.08660628184606,209.08660628184606,249.3527895098958,249.3527895098958,176.83350357507504,-279.3360314387992,269.35278950989584,,0.6195315471985144,3.811388610813905,4.683092609930673,,
1698413400,183.76,186.36,183.47,186.15,177.53154133533704,179.29745109604022,177.53154133533704,179.29745109604022,0,0,0,1,0,175.1575,166.33749999999998,180.085,161.40999999999997,170.23,178.60044439103186,176.05955560896817,,,,,14102828,0.84,0.7,1.8599090011008885,1.1488481676832887,0.5619966264468014,-55.657643016665034,230.75090865003904,230.75090865003904,274.079513386425,274.079513386425,176.83350357507504,-279.3360314387992,294.079513386425,,1.4396991673381718,3.7183811816579935,4.676612303352067,,
1698672600,185.54,185.7,184.73,185.1,177.54595224175995,179.51104909227394,177.54595224175995,179.51104909227394,0,0,0,1,1,175.1575,166.33749999999998,180.085,161.40999999999997,170.23,178.5846241158868,176.07537588411319,,,,,8756405,0.84,0.7,1.8452311443895575,0.845185840150704,0.6375089383149359,-29.490243687934715,245.05162896927854,245.05162896927854,273.6530696077575,273.6530696077575,176.83350357507504,-279.3360314387992,293.6530696077575,,0.7628256782165006,3.602477044268131,4.668792549855292,,
1698759000,185.08,186.21,183.495,184.09,177.55789149802015,179.66832363767494,177.55789149802015,179.66832363767494,0,0,0,0,0,175.1575,166.33749999999998,180.085,161.40999999999997,170.23,178.58614874806992,176.0738512519301,,,,,10104569,0.84,0.69,1.5183545800048022,0.7322410229891907,0.514231333200054,-55.13844858553931,245.72596652189864,245.72596652189864,247.07464162713885,247.07464162713885,176.83350357507504,-279.3360314387992,267.0746416271388,,1.4262691377921037,3.517135557739659,4.6623139815994215,,
1698845400,183.91,185,182.67,183.51,177.56817503149065,179.78740114207986,177.56817503149065,179.78740114207986,0,0,0,0,0,195.39000000000001,174.88,204.42000000000002,165.85,183.91,178.58851707468355,176.07148292531647,,,,,9048562,0.83,0.69,0.6810457705761664,0.624842029315886,0.43563735403200365,-72.27186481268465,194.31274060290247,194.31274060290247,228.58822454889992,228.58822454889992,176.83350357507504,-279.3360314387992,,,1.869460112812258,3.4525208344091727,4.656733853989457,,
1698931800,184.13,184.28,183.5,184.12,177.58007977668248,179.93403246984144,177.58007977668248,179.93403246984144,0,0,0,0,0,195.39000000000001,174.88,204.42000000000002,165.85,183.91,178.58815148783486,176.07184851216516,,,,,7343699,0.83,0.68,0.2622258475905497,0.9174638972806122,0.5622502130438864,-55.03460969931428,147.00857072164942,147.00857072164942,201.3950066064831,201.3950066064831,176.83350357507504,-279.3360314387992,,,1.423583131882893,3.3729546499963776,4.650274012386847,,
1699018200,184.48,185.47,184.35,184.79,177.59364205485093,180.1079135494555,177.59364205485093,180.1079135494555,0,0,0,0,0,195.39000000000001,174.88,204.42000000000002,165.85,183.91,178.5888261259069,176.0711738740931,,,,,8530399,0.83,0.68,0.3061893131987575,0.934226658876421,0.6614800394797662,-37.38199904104382,130.86614246846398,130.86614246846398,177.8853852271434,177.8853852271434,176.83350357507504,-279.3360314387992,,,0.9669621273166862,3.2786020020481543,4.642914747881212,,
1699281000,184.14,184.23,183.34,183.35,177.60517943336274,180.23576399849645,177.60517943336274,180.23576399849645,0,0,0,0,0,195.39000000000001,174.88,204.42000000000002,165.85,183.91,178.59317581265373,176.06682418734627,,,,,8274666,0.83,0.68,0.09661260923472487,0.8539461708259086,0.5481370313197151,-58.35745405851809,85.73077299984801,85.73077299984801,147.16718115137826,147.16718115137826,176.83350357507504,-279.3360314387992,,,1.5095353209777074,3.209226838084607,4.636654249525761,,
1699367400,182.25,182.65,181.75,182.59,177.61354870522413,180.29687129267307,177.61354870522413,180.29687129267307,0,0,0,0,0,195.39000000000001,174.88,204.42000000000002,165.85,183.91,178.59198782341525,176.0680121765848,,,,,6795795,0.83,0.69,-0.0918328672158129,0.9644811568621778,0.3769747698913652,-91.37821987810666,24.659440023793707,24.659440023793707,106.33126744218342,106.33126744218342,176.83350357507504,-279.3360314387992,,,2.3636852001074433,3.1760683424776595,4.632112852823626,,
1699453800,182.01,182.065,180.5699,180.77,177.6195669915274,180.30976657531335,177.6195669915274,180.30976657531335,0,0,0,0,0,195.39000000000001,174.88,204.42000000000002,165.85,183.91,178.61268336470903,176.047316635291,,,,,6738304,0.83,0.68,-0.741550060005152,1.0215069613154126,0.19838838992423735,-115.88627380495996,-32.84637877409932,-32.84637877409932,59.93871870342251,59.93871870342251,176.83350357507504,-279.3360314387992,,,2.9976363147999012,3.169071008058924,4.628847165434967,,
1699540200,180.98,182.28,180.89,181.49,177.62620641811773,180.33458357235986,177.62620641811773,180.33458357235986,0,0,0,0,0,195.39000000000001,174.88,204.42000000000002,165.85,183.91,178.61527196290254,176.04472803709746,,,,,6486286,0.83,0.68,-0.6388033862012158,1.28411644777122,0.3191172304695851,-107.35160008909338,-67.13180438768747,-67.13180438768747,17.581877673052517,17.581877673052517,168.95395579896785,-279.3360314387992,,,2.825678216492087,3.155604624075911,4.625244430272244,,
1699626600,180.51,180.585,179.245,179.51,177.62957873296665,180.2945626479536,177.62957873296665,180.2945626479536,0,0,0,0,0,195.39000000000001,174.88,204.42000000000002,165.85,183.91,178.63750976770126,176.02249023229876,,,,,7611618,0.84,0.68,-1.6428392241100704,1.2500487484289102,0.19048387658405083,-140.9244864287428,-104.63328657629658,-104.63328657629658,-23.156510410063845,-23.156510410063845,168.95395579896785,-279.3360314387992,,,3.709374160623154,3.177321076489528,4.623414519643575,,
1699885800,179.4,180.73,179.11,180.51,177.63267727695674,180.25086999509267,177.63267727695674,180.25086999509267,0,0,0,0,0,195.39000000000001,174.88,204.42000000000002,165.85,183.91,178.64115842254714,176.01884157745286,,,,,5385908,0.82,0.67,-1.150712612284244,1.7150466608967614,0.1619206535712869,-143.679708104033,-128.82631278522706,-128.82631278522706,-58.37977786845158,-58.37977786845158,168.95395579896785,-279.3360314387992,,,3.7818963201719,3.2010299095751114,4.621733164599675,,
1699972200,181.7,182.75,181.62,182.12,177.64073446521456,180.30633783842237,177.64073446521456,180.30633783842237,0,0,0,0,0,195.39000000000001,174.88,204.42000000000002,165.85,183.91,178.64716846244121,176.0128315375588,,,,,6831639,0.82,0.68,-0.49292112701321944,2.0374553589629505,0.2868452637987081,-92.45299399307821,-106.41984598657251,-106.41984598657251,-74.39313390782522,-74.39313390782522,168.95395579896785,-279.3360314387992,,,2.433521353746979,3.170931534836753,4.61736111302954,,
1700058600,182.03,182.18,181.31,181.64,177.64816236838095,180.3475951780921,177.64816236838095,180.3475951780921,0,0,0,0,0,195.39000000000001,174.88,204.42000000000002,165.85,183.91,178.64827760059234,176.0117223994077,,,,,4909399,0.82,0.67,-0.4690881529233686,1.964154529417232,0.18726300615030197,-98.77979932152287,-80.09409659677934,-80.09409659677934,-76.29345480414325,-76.29345480414325,168.95395579896785,-279.3360314387992,,,2.600053720118186,3.148544169553672,4.613330528827919,,
1700145000,182.8457,184.32,182.8,183.69,177.65852268332927,180.4450816416963,177.65852268332927,180.4450816416963,0,0,0,0,0,195.39000000000001,174.88,204.42000000000002,165.85,183.91,178.6692235836663,175.99077641633372,,,,,8253348,0.8,0.67,-0.10641429142208955,2.3154799769246246,0.15114884845834287,-68.37031564609522,-63.21316489454378,-63.21316489454378,-37.05258507534482,-37.05258507534482,168.95395579896785,-279.3360314387992,,,1.799623959172707,3.0956453377740263,4.607708737479956,,
1700231400,183.96,184.125,183.45,183.67,177.6701480126333,180.56398040084548,177.6701480126333,180.56398040084548,0,0,0,0,0,195.39000000000001,174.88,204.42000000000002,165.85,183.91,178.66859221906265,175.9914077809374,,,,,4871297,0.81,0.67,-0.27636593698451256,2.167199505853178,0.1386233979855751,-55.10443350580853,-41.00140911245334,-41.00140911245334,3.422102451727554,3.422102451727554,168.95395579896785,-279.3360314387992,,,1.4504431909750293,3.031127606527007,4.601400514609816,,
1700490600,182.32,183.48,182.225,183.37,177.67932703758308,180.630657640028,177.67932703758308,180.630657640028,0,0,0,0,0,195.39000000000001,174.88,204.42000000000002,165.85,183.91,178.66940168024487,175.99059831975515,,,,,5393464,0.81,0.66,0.0049728622967557855,1.6067754351196146,0.1624907812095905,-80.10551907788805,-17.90887699549154,-17.90887699549154,28.276187238432062,28.276187238432062,168.95395579896785,-279.3360314387992,,,2.108514638732211,2.9949467058291717,4.596419723649022,,
1700577000,185.57,186.115,185.065,185.35,177.69410530524024,180.80497890904653,177.69410530524024,180.80497890904653,0,0,0,0,0,195.39000000000001,174.88,204.42000000000002,165.85,183.91,178.67168332944425,175.98831667055578,,,,,7322379,0.8,0.66,0.6842268250183497,1.9419175143447842,0.3149675297745505,-22.143818649556408,10.791613306942722,10.791613306942722,68.19259391181124,68.19259391181124,168.95395579896785,-279.3360314387992,,,0.5828632822992252,2.9003551990240757,4.588400629860111,,
1700663400,185.47,185.72,184.2715,184.56,177.70728448544958,180.94165757928,177.70728448544958,180.94165757928,0,0,0,0,0,195.39000000000001,174.88,204.42000000000002,165.85,183.91,178.67599392079543,175.9840060792046,,,,,4338209,0.8,0.66,0.9469896533200729,1.6160793269445748,0.07542783989832628,-38.33839938542992,39.40170023051445,39.40170023051445,96.62187407765792,96.62187407765792,168.95395579896785,-279.3360314387992,,,1.0091324200913254,2.826189599850242,4.5812492448256075,,
1700836200,185.47,185.75,185.16,185.52,177.72219480615794,181.10747100754352,177.72219480615794,181.10747100754352,0,0,0,0,0,195.39000000000001,174.88,204.42000000000002,165.85,183.91,178.679133762667,175.98086623733303,,,,,2445058,0.8,0.66,1.002191370598779,1.8438680802301315,0.15153416530989924,-20.204958952129854,66.45425948786115,66.45425948786115,120.55937800255455,120.55937800255455,168.95395579896785,-279.3360314387992,,,0.531829170024179,2.736214681033534,4.573158495425405,,
1701095400,186.56,186.8,185.93,186.77,178.32935807647726,181.87646921509287,178.32935807647726,181.87646921509287,0,0,0,0,0,195.39000000000001,174.88,204.42000000000002,165.85,183.91,178.90659653243256,176.19340346756746,,,,,6320420,0.8,0.67,1.8203738892955599,1.1538042179539523,0.3308741164557827,-17.08669179079287,92.33129000093479,92.33129000093479,144.08535102708208,144.08535102708208,168.95395579896785,-279.3360314387992,,,0.44975103067944716,2.6465494398431777,4.564919919072266,,
1701181800,187.9,189.4,187.52,189.26,180.72047573158505,184.4281377866218,180.72047573158505,184.4281377866218,0,0,0,1,0,195.39000000000001,174.88,204.42000000000002,165.85,183.91,180.23046787033212,177.46953212966793,,,,,10901890,0.8,0.69,2.15688765566359,1.6312335951457535,0.5764107122364058,-37.90814946059413,120.27751062024049,120.27751062024049,176.16995185885193,176.16995185885193,207.20042987640727,-279.3360314387992,,,0.9193701785902888,2.5788169197940447,4.557636103406967,,
1701268200,189.16,189.99,189.02,189.54,181.00390062172036,184.8705661960762,181.00390062172036,184.8705661960762,0,0,0,1,0,195.39000000000001,174.88,204.42000000000002,165.85,183.91,180.5272978842581,177.76270211574192,,,,,8407253,0.79,0.69,1.8127402484403308,1.620892542008634,0.6655109129090931,-11.312136554423276,145.35704355604858,145.35704355604858,195.51610942766473,195.51610942766473,207.20042987640727,-279.3360314387992,,,0.27434842249656105,2.4884456061745355,4.549078086062491,,
1701354600,188.89,189.24,188.28,188.75,181.01846345764102,185.00476360015165,181.01846345764102,185.00476360015165,0,0,0,1,0,195.39000000000001,174.88,204.42000000000002,165.85,183.91,180.53071140665736,177.75928859334263,,,,,7558123,0.8,0.69,1.7394703234181008,1.1177842033424787,0.5148471062583124,-27.410177035718704,161.84478294771316,161.84478294771316,194.82026173104234,194.82026173104234,207.20042987640727,-279.3360314387992,,,0.6647673314339934,2.416928811086671,4.5413172254138825,,
1701441000,188.805,192.395,188.685,192.01,183.38808562727317,187.46674430503478,183.38808562727317,187.46674430503478,0,0,0,1,0,195.43,183.365,200.87,177.925,188.805,181.79046683267327,178.90453316732675,,,,,16727571,0.79,0.69,1.9911089470068273,1.236507668433384,0.6962923874190408,-71.40193374741239,176.55521584996788,176.55521584996788,205.97608165447733,205.97608165447733,207.20042987640727,-279.3360314387992,225.97608165447733,,1.7316806416332424,2.3900563338532033,4.53570356590583,,
1701700200,189.599,190.38,187.26,187.86,183.39591662502087,187.46049943032753,183.39591662502087,187.46049943032753,0,0,0,0,0,195.43,183.365,200.87,177.925,188.805,181.86630266186594,178.8286973381341,,,,,18460544,0.8,0.68,0.9587425494386959,0.5643446741245989,0.5776878152216619,-102.00276249630376,177.13661869913344,177.13661869913344,178.29942439746455,178.29942439746455,207.20042987640727,-279.3360314387992,,,2.4738294880474974,2.393341555586313,4.53158393737864,,
1701786600,187.5501,187.88,186.3,187.15,183.40183307532052,187.41722886443233,183.40183307532052,187.41722886443233,0,0,0,0,0,195.43,183.365,200.87,177.925,188.805,181.86502145096284,178.82997854903718,,,,,7027722,0.81,0.68,0.8659959925256573,0.5540999790913764,0.40733300207113216,-122.61805765345105,128.1781034076327,128.1781034076327,160.81711360196653,160.81711360196653,207.20042987640727,-279.3360314387992,,,2.9738034477370867,2.416104767043206,4.528471488847887,,
1701873000,188.32,188.46,187.5,187.84,183.4101113309143,187.42224341876832,183.4101113309143,187.42224341876832,0,0,0,0,0,195.43,183.365,200.87,177.925,188.805,181.86639158823533,178.82860841176472,,,,,5778604,0.8,0.68,0.5638177765617397,0.647661118899892,0.4211893002024324,-96.84893870701664,88.22617710891328,88.22617710891328,136.62013477094877,136.62013477094877,207.20042987640727,-279.3360314387992,,,2.348835998125093,2.413466776105241,4.524116572782507,,
1701959400,188.45,188.59,187.26,188.15,183.41789832126213,187.41774367685582,183.41789832126213,187.41774367685582,0,0,0,0,0,195.43,183.365,200.87,177.925,188.805,181.86644968262976,178.82855031737031,,,,,5802025,0.8,0.68,0.8253083603239976,0.5906715312540602,0.6026754620205279,-92.29351154107145,59.735516772701665,59.735516772701665,110.99192877153307,110.99192877153307,207.20042987640724,-233.02449549435661,,,2.4738294880474974,2.4158339412794474,4.520020095090729,,
1702045800,185.93,186.78,184.9,185.64,183.42100162131953,187.32179686599875,183.42100162131953,187.32179686599875,0,0,0,0,0,195.43,183.365,200.87,177.925,188.805,181.90005343670907,178.794946563291,,,,,7883204,0.81,0.67,0.027001992583860084,0.21349654681249708,0.467966381643198,-135.4913414425734,3.1214795033101765,3.1214795033101765,75.0351123487921,75.0351123487921,207.2004298764072,-224.55619471764035,,,3.7029321389510885,2.4663083804038255,4.518387551721818,,
1702305000,184.5,184.53,183.1513,183.59,183.42063975394427,187.1617219692929,183.42063975394427,187.1617219692929,0,0,0,0,0,195.43,183.365,200.87,177.925,188.805,181.91716787074353,178.7778321292565,,,,,8519527,0.83,0.67,-0.7047973835820213,-0.32867038941895166,0.311255353299239,-164.20467820600518,-55.341875260787575,-55.341875260787575,31.576116478932214,31.576116478932214,207.20042987640727,-212.76408837352986,,,4.613665954898182,2.5505184813643886,4.518577918161731,,
1702391400,183.844,183.98,183.26,183.49,183.42049362056977,187.01214463716377,183.42049362056977,187.01214463716377,0,0,0,0,0,195.43,183.365,200.87,177.925,188.805,181.91601668203265,178.7789833179674,,,,,5056911,0.83,0.68,-1.2630380976858284,-0.2080454888067282,0.25290736285665694,-162.18981727595985,-94.69381208049793,-94.69381208049793,-10.513859707544505,-10.513859707544505,207.20042987640727,-212.76408837352986,,,4.557054320087495,2.6292061613143143,4.518654794089655,,
1702477800,183.82,187.66,183.38,187.63,183.42058514180738,186.8730919062946,183.42058514180738,186.8730919062946,0,0,0,0,0,195.43,183.365,200.87,177.925,188.805,181.9908250175527,178.70417498244734,,,,,10635500,0.78,0.68,-0.4013339855043574,0.44216654888992296,0.5796695305102353,-163.2768543468248,-90.26982835208145,-90.26982835208145,-37.099182589056824,-37.099182589056824,207.20042987640727,-212.76408837352986,,,4.494557575126294,2.702357197150078,4.51860664779802,,
1702564200,188.8649,189.82,188.08,188.73,183.4299731834821,186.92196281193011,183.4299731834821,186.92196281193011,0,0,0,0,0,195.43,183.365,200.87,177.925,188.805,181.9895958987747,178.70540410122535,,,,,9107157,0.77,0.67,-0.004218984936611897,0.6539056349381202,0.7496458496100764,-74.35434966199516,-54.50191479303323,-54.50191479303323,-42.90009332371562,-42.90009332371562,207.20042987640727,-212.76408837352986,,,2.046768397479287,2.676647832457106,4.513667910035145,,
1702650600,188.52,188.96,186.82,187,183.43685016013848,186.91999956440344,183.43685016013848,186.91999956440344,0,0,0,0,0,195.43,183.365,200.87,177.925,188.805,182.00116254679324,178.69383745320678,,,,,8324824,0.79,0.67,-1.0333003927530164,0.3576379611794831,0.6838230910094972,-99.99651240441517,-37.79122935350168,-37.79122935350168,-27.573501413073792,-27.573501413073792,207.20042987640727,-212.76408837352986,,,2.7029842195718965,2.6776806319518034,4.51005016040385,,
1702909800,187.5,188.49,187.24,187.85,183.44454416581252,186.9344191893288,183.44454416581252,186.9344191893288,0,0,0,0,0,195.43,183.365,200.87,177.925,188.805,182.00302836112124,178.69197163887878,,,,,5357987,0.8,0.67,-0.0021488121479759275,0.38593583193715125,0.7765911155609461,-120.3653548975618,-26.96846655351429,-26.96846655351429,-5.3229409535395185,-5.3229409535395185,207.20042987640727,-212.76408837352986,,,2.484245612207688,2.6700949449030147,4.506002598868992,,
1702996200,188.23,189.7239,188.13,189.13,183.4539832384083,186.98282627994334,183.4539832384083,186.98282627994334,0,0,0,0,0,195.43,183.365,200.87,177.925,188.805,182.00862429558265,178.6863757044174,,,,,6025564,0.79,0.67,0.42764627188425247,0.7356913135293403,0.8747308079856185,-98.363216993413,-6.690200251316959,-6.690200251316959,33.86633235307771,33.86633235307771,207.20042987640727,-212.76408837352986,,,2.020728087078796,2.644629577929516,4.501037015428852,,
1703082600,188.69,188.96,188.085,188.1,183.46331444072916,187.0275879944554,183.46331444072916,187.0275879944554,0,0,0,0,0,195.43,183.365,200.87,177.925,188.805,182.00454609914152,178.69045390085853,,,,,6002395,0.79,0.67,0.055818957270973926,0.7026037021397146,0.8381539764076649,-99.5040274997796,15.17046756731704,15.17046756731704,58.891803204585045,58.891803204585045,207.20042987640727,-212.76408837352986,,,2.0441643664392393,2.621081922576956,4.496128178967335,,
1703169000,189.21,189.62,188.75,189.43,183.47394238390453,187.09641199467282,183.47394238390453,187.09641199467282,0,0,0,0,0,195.43,183.365,200.87,177.925,188.805,182.00959849854442,178.68540150145563,,,,,4619995,0.77,0.67,0.27597701135968555,1.1220134599875788,0.983206684895756,-82.64538335013553,40.46725300491837,40.46725300491837,91.06082388012102,91.06082388012102,207.20042987640727,-212.76408837352986,,,1.6978282381125938,2.584875895735216,4.490537170094498,,
1703255400,191.6,191.88,190.07,190.27,183.48716008143919,187.2137840733131,183.48716008143919,187.2137840733131,0,0,0,0,0,195.43,183.365,200.87,177.925,188.805,182.00548792068054,178.6895120793195,,,,,7176292,0.77,0.68,1.0128734499819827,1.1342974191517001,1.1334217097360586,-49.1816084967065,70.07210899327998,70.07210899327998,129.28182097000322,129.28182097000322,207.20042987640727,-212.76408837352986,,,1.010364043539398,2.5231303329040076,4.483583777234248,,
1703601000,190.97,191.74,190.4,191.72,183.5010041172405,187.3393650900459,183.5010041172405,187.3393650900459,0,0,0,1,0,195.43,183.365,200.87,177.925,188.805,181.99854745206306,178.696452547937,,,,,4502664,0.75,0.68,1.7913763701737784,1.5885895709857323,1.2630347497020504,-40.815664783348886,100.51516265489329,100.51516265489329,161.4012699781199,161.4012699781199,207.20042987640727,-212.76408837352986,,,0.8384979948960916,2.457066319648795,4.476300888558248,,
1703687400,191.77,193.1823,191.54,192.59,184.07027661972117,188.04820733620954,184.07027661972117,188.04820733620954,0,0,0,1,0,195.43,183.365,200.87,177.925,188.805,182.3666898049949,179.1156101950051,,,,,5813295,0.74,0.68,2.0051807989065047,1.562174650954205,1.3267461909919698,-26.538746859348567,128.16910662743115,128.16910662743115,183.4769945725069,183.4769945725069,207.20042987640727,-212.76408837352986,,,0.5451996469183298,2.382091156012306,4.468446540423103,,
1703773800,192.34,192.89,191.44,191.47,184.08502431878264,188.18166979361308,184.08502431878264,188.18166979361308,0,0,0,1,0,195.43,183.365,200.87,177.925,188.805,182.36853034239968,179.1137696576003,,,,,6171506,0.73,0.67,0.8252194540756143,1.1951814768416977,1.1972020199926385,-29.066246560238735,147.84879543395607,147.84879543395607,187.20817304700594,187.20817304700594,207.20042987640727,-212.76408837352986,,,0.5971234228153101,2.31209242137713,4.460711629099211,,
1703860200,190.99,191.64,190.74,191.17,184.09835793652735,188.28272195856945,184.09835793652735,188.28272195856945,0,0,0,0,0,195.43,183.365,200.87,177.925,188.805,182.34715668452162,179.1351433154784,,,,,4612349,0.73,0.67,0.5231892081092963,1.225831199732554,1.1543633566716156,-46.75874446647063,155.09348630711153,155.09348630711153,169.58286805342246,169.58286805342246,207.20042987640727,-212.76408837352986,,,0.9605898540941867,2.2590923206993674,4.4537183787995005,,
1704205800,191.44,191.89,190.5,190.72,184.11119018840242,188.37049364646867,184.11119018840242,188.37049364646867,0,0,0,0,0,198.1978,186.4245,203.2133,181.409,191.44,182.32517450787992,179.15712549212012,,,,,6025646,0.71,0.68,0.8063874034315642,0.8956773362726931,0.9745323678677107,-52.82474374860762,137.93585767620257,137.93585767620257,149.37427676347522,149.37427676347522,207.20042987640727,-212.76408837352986,,,1.0852069162469513,2.2130575989561354,4.4469880861670275,,
1704292200,188.77,189.86,188.16,189.13,184.11936822998402,188.36397624856795,184.11936822998402,188.36397624856795,0,0,0,0,0,198.1978,186.4245,203.2133,181.409,191.44,182.3384757120064,179.1438242879936,,,,,8661568,0.71,0.67,0.2744471785778787,0.6912796775202521,0.8515182799076348,-111.968236749441,82.56874605087324,82.56874605087324,127.10576652594123,127.10576652594123,207.20042987640727,-212.76408837352986,,,2.3002232722363605,2.216475860653399,4.442698845779554,,
1704378600,189.08,189.75,188.69,189.32,184.12857828347057,188.37829090548684,184.12857828347057,188.37829090548684,0,0,0,0,0,198.1978,186.4245,203.2133,181.409,191.44,182.33798843215163,179.14431156784838,,,,,4416743,0.7,0.67,0.040463615790841595,0.7545700498040598,0.8843908714829958,-98.57248833472234,33.33633402714488,33.33633402714488,95.84928902634245,95.84928902634245,207.20042987640727,-212.76408837352986,,,2.025027259982349,2.2089680723917895,4.437868333120618,,
1704465000,189.68,191.26,189.08,189.35,184.13854136382326,188.40718537978148,184.13854136382326,188.40718537978148,0,0,0,0,0,198.1978,186.4245,203.2133,181.409,191.44,182.43715970210476,179.24514029789523,,,,,7481883,0.7,0.67,0.26796166233950125,0.5024099357284321,0.8466150415353565,-88.71523950124973,3.153398349585153,3.153398349585153,64.95065880075668,64.95065880075668,207.20042987640727,-212.76408837352986,,,1.8225245339841065,2.193813423826782,4.432642870984481,,
1704724200,187.21,188.74,187.11,187.87,184.14458783462484,188.35846438449593,184.14458783462484,188.35846438449593,0,0,0,0,0,198.1978,186.4245,203.2133,181.409,191.44,183.74903468454897,180.50826531545104,,,,,6214968,0.7,0.67,-0.3304328727650259,0.4154676293698174,0.5948636131591586,-138.50698360878886,-41.04829719916251,-41.04829719916251,29.617673467450288,29.617673467450288,207.20042987640727,-212.76408837352986,,,2.8454229191546756,2.2193667373690524,4.429471602349457,,
1704810600,188.68,188.78,187.73,187.93,184.151848598192,188.33572460471177,184.151848598192,188.33572460471177,0,0,0,0,0,198.1978,186.4245,203.2133,181.409,191.44,184.1191035741446,180.96319642585544,,,,,4437269,0.7,0.66,-0.4951203556481872,0.30194714111709153,0.5663497925391775,-122.83648546326953,-80.42572911480931,-80.42572911480931,-7.063460726636244,-7.063460726636244,207.20042987640727,-212.76408837352986,,,2.523495508593392,2.2312933558484382,4.425663458305988,,
1704897000,188.14,188.44,187.205,187.5,184.1580563932006,188.29349422805643,184.1580563932006,188.29349422805643,0,0,0,0,0,198.1978,186.4245,203.2133,181.409,191.44,184.7955759522494,181.62672404775057,,,,,4504726,0.68,0.66,-0.8858739486881361,0.09082010793549729,0.5574250551719551,-136.10585889294308,-110.68492923881348,-110.68492923881348,-41.603950230695325,-41.603950230695325,207.20042987640727,-212.76408837352986,,,2.796095332052542,2.2534424529544816,4.422407577933853,,
1704983400,188.02,188.55,186.56,187.87,184.16297596084658,188.22787876813263,184.16297596084658,188.22787876813263,0,0,0,0,0,198.1978,186.4245,203.2133,181.409,191.44,184.78959671520755,181.63270328479246,,,,,6831086,0.68,0.66,-0.9862558640801846,-0.17063836064923202,0.5779416231113824,-152.40823196368586,-126.12083630123458,-126.12083630123458,-69.77624558754174,-69.77624558754174,207.20042987640727,-212.76408837352986,,,3.1310036865880893,2.287856618979329,4.419827350378717,,
1705069800,190.67,191.08,189.16,189.71,184.1730285563294,188.26577763997057,184.1730285563294,188.26577763997057,0,0,0,0,0,198.1978,186.4245,203.2133,181.409,191.44,186.55332173742738,183.3489782625726,,,,,6833678,0.68,0.67,-0.36760079577677596,0.02070865676994846,0.8260610945439785,-86.69323974053788,-89.11584044051853,-89.11584044051853,-76.22277720520067,-76.22277720520067,207.20042987640727,-212.76408837352986,,,1.7809855132665282,2.2679793207160817,4.414554939115756,,
1705415400,189.15,189.26,187.54,187.91,184.17985667110196,188.2392961638933,184.17985667110196,188.2392961638933,0,0,0,0,0,198.1978,186.4245,203.2133,181.409,191.44,186.81871614005487,183.89858385994515,,,,,6548068,0.67,0.66,-0.6763790029219755,-0.10191167876281829,0.7494221174936073,-127.63873489496106,-75.47876092885791,-75.47876092885791,-73.99072837617237,-73.99072837617237,207.20042987640727,-212.76408837352986,,,2.622150682797659,2.2818683937388884,4.410973711830405,,
1705501800,187.31,187.42,185.45,185.84,184.18253707735352,188.13271200060336,184.18253707735352,188.13271200060336,0,0,0,0,0,198.1978,186.4245,203.2133,181.409,191.44,187.0630356807524,184.0992643192476,,,,,8643163,0.69,0.66,-1.0115154767349384,-0.7334147453164858,0.5788494830786572,-180.4634786435687,-88.86279143623346,-88.86279143623346,-79.94010443131643,-79.94010443131643,207.20042987640727,-212.76408837352986,,,3.7073575990446104,2.337769931201858,4.409567885431232,,
1705588200,186.36,187.4,186.3,187.37,184.18689344682932,188.06330760842283,184.18689344682932,188.06330760842283,0,0,0,0,0,198.1978,186.4245,203.2133,181.409,191.44,187.64258282930808,184.6497171706919,,,,,4685239,0.69,0.66,-0.3661892118179503,-0.05925901589658146,0.6842780554802512,-158.9797311860004,-93.29974822901782,-93.29974822901782,-84.39331903055023,-84.39331903055023,207.20042987640727,-212.76408837352986,,,3.2660055039202405,2.3741713262104223,4.407283045508134,,
1705674600,188.26,188.3,187.44,187.93,184.19349605732518,188.04088378064154,184.19349605732518,188.04088378064154,0,0,0,0,0,198.1978,186.4245,203.2133,181.409,191.44,187.60882640005286,184.68347359994712,,,,,5719650,0.69,0.66,-0.2888637992649475,0.09467143463770222,0.6997957731605537,-130.16623459585122,-83.1604042185274,-83.1604042185274,-80.69457459448174,-80.69457459448174,207.20042987640727,-212.76408837352986,,,2.6740744586946392,2.385932233366666,4.403820091288726,,
1705933800,187.23,187.7601,186.85,187.22,184.19891844282503,187.99643343630265,184.19891844282503,187.99643343630265,0,0,0,0,0,198.1978,186.4245,203.2133,181.409,191.44,187.5862559905482,184.7060440094518,,,,,4397522,0.69,0.66,-0.4421148790184318,-0.07489689604171759,0.7181886429441324,-145.07848283110414,-80.28914818073034,-80.28914818073034,-74.54663610513622,-74.54663610513622,207.20042987640727,-212.76408837352986,,,2.980424736486842,2.409245664861575,4.4009761445258855,,
1706020200,187.45,188.15,187.28,187.95,184.20518054383837,187.97042036036922,184.20518054383837,187.97042036036922,0,0,0,0,0,198.1978,186.4245,203.2133,181.409,191.44,187.58756553180973,184.7047344681903,,,,,5040771,0.71,0.66,0.016832988484166055,-0.02426016891274578,0.8088489959972612,-134.21023411727563,-72.3473571602546,-72.3473571602546,-56.463775119303136,-56.463775119303136,207.20042987640727,-212.76408837352986,,,2.7571525001298105,2.4228890701662116,4.397691781600019,,
1706106600,188.33,188.37,186.32,186.4,184.20953123206246,187.90815681682534,184.20953123206246,187.90815681682534,0,0,0,0,0,198.1978,186.4245,203.2133,181.409,191.44,187.59904366281177,184.69325633718825,,,,,6085437,0.72,0.66,-0.32006422771498905,0.09292300067836988,0.682703424935261,-158.4742312458228,-71.5346197511121,-71.5346197511121,-69.90914493282712,-69.90914493282712,207.20042987640727,-212.76408837352986,,,3.2556207487408533,2.4555452144240406,4.395409921394506,,
1706193000,187.34,187.64,186.46,187.14,184.21415015067973,187.85377027498905,184.21415015067973,187.85377027498905,0,0,0,0,0,198.1978,186.4245,203.2133,181.409,191.44,187.60150648911454,184.6907935108855,,,,,4651026,0.71,0.66,-0.07543196938819442,0.43860433689087325,0.6461998798098851,-135.45622390417753,-78.41773005870519,-78.41773005870519,-73.82898985364314,-73.82898985364314,207.20042987640727,-159.9634722441772,,,3.1829274624850696,2.4840700084656495,4.392987379019063,,
1706279400,187.27,187.38,186.76,187.01,184.21935324728176,187.8131635975385,184.21935324728176,187.8131635975385,0,0,0,0,0,198.1978,186.4245,203.2133,181.409,191.44,187.5988551648757,184.69344483512432,,,,,5064774,0.71,0.66,-0.17982673855857734,0.43509379257316694,0.5562227380866902,-128.82704492028665,-84.40565209598357,-84.40565209598357,-77.35454393442328,-77.35454393442328,207.20042987640727,-159.9634722441772,,,3.0271561347941285,2.505367503615786,4.390258445464168,,
1706538600,188.31,188.54,187.1899,188.33,184.22539629973474,187.7908395741056,184.22539629973474,187.7908395741056,0,0,0,0,0,198.1978,186.4245,203.2133,181.409,191.44,187.60705491602053,184.68524508397948,,,,,5629695,0.72,0.66,-0.2864583480581639,0.08482185282549547,0.667241838013224,-119.32743143637045,-68.34189985727222,-68.34189985727222,-50.316611702970135,-50.316611702970135,207.20042987640727,-159.9634722441772,,,2.803935822212996,2.517076065129402,4.387088969693436,,
1706625000,189.7,189.83,187.975,188.59,184.2329802232118,187.79987135551323,184.2329802232118,187.79987135551323,0,0,0,0,0,198.1978,186.4245,203.2133,181.409,191.44,187.5831528284905,184.7091471715095,,,,,4976467,0.73,0.67,0.14278959469436814,-0.01689911685766557,0.6776210304873435,-77.6816901494423,-46.978600543209396,-46.978600543209396,-4.2520019150837385,-4.2520019150837385,207.20042987640727,-159.9634722441772,,,2.3962822576457805,2.512339053071221,4.383111333905129,,
1706711400,189.37,190.46,188.13,188.45,184.24085558740117,187.8145665964735,184.24085558740117,187.8145665964735,0,0,0,0,0,198.1978,186.4245,203.2133,181.409,191.44,187.57665823597813,184.7156417640219,,,,,7886115,0.72,0.67,0.5540947835587463,0.17662351334233678,0.7681620676357959,-67.67465754290484,-19.719782665619363,-19.719782665619363,34.797853089560704,34.797853089560704,207.20042987640727,-159.9634722441772,,,2.315800405005456,2.5046316551078576,4.378980842538696,,
1706797800,189.71,191.36,188.99,190.41,184.25041631549828,187.86207378876867,184.25041631549828,187.86207378876867,0,0,0,0,0,192.93,182.23,196.15,179.01,189.71,187.5889365064361,184.7033634935639,,,,,10278129,0.71,0.66,0.6354344638074227,0.30815227441171805,0.8617071654809241,-38.9440929568329,12.511911123461637,12.511911123461637,76.97529870162364,76.97529870162364,210.4437803271262,-159.96347224417718,,,1.8692559322913933,2.479714960095447,4.373966407153587,,
1706884200,188.07,188.87,187.85,188.61,184.2577029961866,187.86345913038556,184.2577029961866,187.86345913038556,0,0,0,0,0,192.93,182.23,196.15,179.01,189.71,187.60531510530774,184.6869848946923,,,,,7337573,0.71,0.66,0.14063296594649558,-0.061695946443959794,0.7954088251774712,-57.72207574692544,34.511767893494074,34.511767893494074,78.51148143355896,78.51148143355896,210.4437803271262,-159.96347224417718,,,2.4611869775170097,2.4789883725433515,4.3701446700314355,,
1707143400,186.875,187.82,186.7,187.57,184.26270039279763,187.82014308605673,184.26270039279763,187.82014308605673,0,0,0,0,0,192.93,182.23,196.15,179.01,189.71,187.61021024988187,184.68208975011814,,,,,5436062,0.7,0.66,0.07263590154084584,-0.06320653378905193,0.8294785755471474,-83.65191446136471,39.20768954780522,39.20768954780522,48.5995328564275,48.5995328564275,210.4437803271262,-159.96347224417718,,,3.05831040033232,2.5017068834370364,4.3675236225395295,,
1707229800,187.94,188.854,187.742,188.55,184.26974890350132,187.81897982778,184.26974890350132,187.81897982778,0,0,0,0,0,192.93,182.23,196.15,179.01,189.71,187.61264856572342,184.6796514342766,,,,,4866122,0.69,0.66,0.12391753467862214,-0.10411112270298865,1.073919344850141,-60.15722581749895,31.527967965231213,31.527967965231213,36.647782353613884,36.647782353613884,210.4437803271262,-159.96347224417718,,,2.5172646554857536,2.5023169921448294,4.363826801426535,,
1707316200,188.45,189.39,188.28,188.5,184.2778475070907,187.83874924629842,184.2778475070907,187.83874924629842,0,0,0,0,0,192.93,182.23,196.15,179.01,189.71,187.60005458058293,184.69224541941708,,,,,6276879,0.7,0.66,0.43729058970810075,-0.20846783960293042,1.1404898429582802,-48.02657083630891,25.41331951241464,25.41331951241464,32.90296140654747,32.90296140654747,210.4437803271262,-159.96347224417718,,,2.2379147411599782,2.4919482764199334,4.3595792248825465,,
1707402600,187.91,188.5298,187.8199,188.33,184.2850198417419,187.83988068762005,184.2850198417419,187.83988068762005,0,0,0,0,0,192.93,182.23,196.15,179.01,189.71,187.59636791544884,184.69593208455117,,,,,3873445,0.68,0.66,0.24744441467648412,-0.3972546318404079,1.2770591621013967,-58.40076109066869,12.849141348339932,12.849141348339932,26.218354720478292,26.218354720478292,210.4437803271262,-159.96347224417718,,,2.476816034062004,2.491354855150995,4.355817460265523,,
1707489000,187.56,187.77,187.14,187.6,184.29083298891123,187.8145716410467,184.29083298891123,187.8145716410467,0,0,0,0,0,192.93,182.23,196.15,179.01,189.71,187.57883586939403,184.71346413060598,,,,,4412654,0.69,0.67,0.12285438262674597,-0.5825184127924968,1.3733866028787554,-73.73093269236196,-19.860911749601534,-19.860911749601534,10.858599230451683,10.858599230451683,210.4437803271262,-159.96347224417718,,,2.8298457863855946,2.504629009317058,4.352768565812216,,
1707748200,186.6,187.27,186.36,187.11,184.29509166425805,187.75997275316254,184.29509166425805,187.75997275316254,0,0,0,0,0,192.93,182.23,196.15,179.01,189.71,187.57847282102333,184.71382717897666,,,,,4706253,0.69,0.67,-0.25211409243281496,-0.5116605372188631,1.3765827388664091,-91.31812764650269,-59.01929092454745,-59.01929092454745,-12.434030821214696,-12.434030821214696,210.4437803271262,-159.96347224417718,,,3.23485123838205,2.533265175162744,4.35053496475841,,
1707834600,185.35,185.38,184.33,184.53,184.29532644614767,187.62870323343066,184.29532644614767,187.62870323343066,0,0,0,0,0,192.93,182.23,196.15,179.01,189.71,187.5928270674848,184.69947293251522,,,,,9525794,0.7,0.67,-0.825378578484737,-0.7688356838803864,1.1628316903904454,-166.02491493968398,-102.07985171173024,-102.07985171173024,-42.31597111805321,-42.31597111805321,210.4437803271262,-238.1437464629422,,,4.28890388909081,2.602113752179531,4.350411825746087,,
1707921000,184.27,184.88,183.78,184.42,184.29447284685466,187.48122859682553,184.29447284685466,187.48122859682553,0,0,0,0,0,192.93,182.23,196.15,179.01,189.71,188.69644958757397,185.79585041242603,,,,,7031562,0.7,0.67,-0.8233366460674515,-0.7342639827288796,1.1850693927963873,-181.04361612666233,-132.20482542875374,-132.20482542875374,-72.27892255495338,-72.27892255495338,210.4437803271262,-238.1437464629422,,,4.574484656524223,2.6794616307812835,4.35085952370968,,
1708007400,185.6,186.02,185.095,185.66,184.29622205195585,187.39059022047945,184.29622205195585,187.39059022047945,0,0,0,0,0,192.93,182.23,196.15,179.01,189.71,188.69019391294722,185.80210608705278,,,,,6228859,0.7,0.67,-0.9581662793994355,-0.40686042743123346,1.2041118103223385,-145.13526692506946,-134.8001139468346,-134.8001139468346,-93.11931968558045,-93.11931968558045,210.4437803271262,-238.1437464629422,,,3.8916870034788955,2.7269998806909936,4.349942096096831,,
1708093800,185.076,186.67,184.835,186.34,184.29745347642745,187.2934121726175,184.29745347642745,187.2934121726175,0,0,0,0,0,192.93,182.23,196.15,179.01,189.71,189.1515938906848,186.25570610931516,,,,,6518526,0.67,0.67,-0.4630006734583771,-0.3496065989624237,1.003187048634636,-152.2350165770952,-117.46929349567232,-117.46929349567232,-101.23597762227774,-101.23597762227774,210.4437803271262,-238.1437464629422,,,4.026688820811047,2.777968074421192,4.34929623540695,,
1708439400,187.96,188.03,187.4,187.47,184.30375606688415,187.29962738153446,184.30375606688415,187.29962738153446,0,0,0,0,0,192.93,182.23,196.15,179.01,189.71,189.13496230208892,186.272337697911,,,,,5531152,0.69,0.67,-0.020575707194062185,-0.22123307808263173,1.1139940464838332,-82.19325558691587,-92.37867821193217,-92.37867821193217,-74.66407939124102,-74.66407939124102,210.4437803271262,-238.1437464629422,,,2.6948439690534283,2.7747083055832404,4.345990636473177,,
1708525800,187.88,188.04,187.1,187.48,184.3094526581591,187.29395179794489,184.3094526581591,187.29395179794489,0,0,0,0,0,192.93,182.23,196.15,179.01,189.71,189.1349399660477,186.27236003395225,,,,,5789951,0.67,0.67,-0.22185258373327812,-0.04685476826733841,1.0265134879820101,-90.38527441617694,-73.05612437414743,-73.05612437414743,-34.41101669857794,-34.41101669857794,210.4437803271262,-238.1437464629422,,,2.850615296744384,2.7776850503346577,4.343002873556636,,
1708612200,187.56,187.64,187.05,187.56,184.31503896653442,187.28655760979018,184.31503896653442,187.28655760979018,0,0,0,0,0,192.93,182.23,196.15,179.01,189.71,189.60085735682944,186.73274264317055,,,,,4550823,0.67,0.67,-0.19545078974373245,-0.044551867522439934,1.078294532739553,-91.75061088771993,-49.21719875753311,-49.21719875753311,-1.5393475243044605,-1.5393475243044605,210.4437803271262,-238.1437464629422,,,2.8765771846928665,2.781563173250666,4.340072952100365,,
1708698600,187.56,189.18,187.46,188.62,184.3214251024654,187.29537103685723,184.3214251024654,187.29537103685723,0,0,0,0,0,192.93,182.23,196.15,179.01,189.71,189.58502739843917,186.74857260156082,,,,,6827271,0.69,0.68,0.06083410694626474,0.1362463161803257,0.7209243689733479,-81.55557323740078,-19.258918712004032,-19.258918712004032,40.65764137905413,40.65764137905413,210.4437803271262,-238.1437464629422,,,2.6636897035152374,2.7769406842414335,4.336723535020274,,
1708957800,187.79,188.36,187.53,188.2,184.32793694042252,187.30655648639225,184.32793694042252,187.30655648639225,0,0,0,0,0,192.93,182.23,196.15,179.01,189.71,189.58215646221578,186.7514435377842,,,,,4491937,0.66,0.67,0.1275766438003656,0.040452804315224425,0.7650838970678532,-80.72747591501873,12.591609543853146,12.591609543853146,76.29266605556751,76.29266605556751,210.4437803271262,-238.1437464629422,,,2.6273430603873527,2.7710741107569596,4.333308189416612,,
1709044200,188.58,188.72,187.88,188,184.3351280754067,187.33089152614156,184.3351280754067,187.33089152614156,0,0,0,0,0,192.93,182.23,196.15,179.01,189.71,189.5776762515448,186.7559237484552,,,,,5165376,0.67,0.67,0.18990281125769432,-0.2077703852505622,0.724785299693937,-85.97493905271702,42.045376212264415,42.045376212264415,100.95290954908695,100.95290954908695,210.4437803271262,-238.1437464629422,,,2.4456098447479144,2.7583108062075854,4.329536564352339,,
1709130600,188.34,188.52,188.0301,188.34,184.3426017435877,187.3600996623713,184.3426017435877,187.3600996623713,0,0,0,0,0,192.93,182.23,196.15,179.01,189.71,189.5696582170052,186.76394178299475,,,,,2824131,0.66,0.67,0.824384901650428,0.05275091181606897,0.5496735554978993,-80.87421243144682,68.1346957937269,68.1346957937269,120.3133349566519,120.3133349566519,210.4437803271262,-238.1437464629422,,,2.3676722571265376,2.7429916474200935,4.325616755546693,,
1709217000,189.64,189.918,189.23,189.31,184.3524339079362,187.43474673443518,184.3524339079362,187.43474673443518,0,0,0,0,0,192.93,182.23,196.15,179.01,189.71,189.5397131650421,186.7938868349579,,,,,6848639,0.65,0.67,1.0580913694426148,0.43018174922712893,0.4518838662318269,-40.09898343170222,98.28565096859447,98.28565096859447,158.5875613183296,158.5875613183296,210.4437803271262,-238.1437464629422,,,1.7446388701386435,2.7038405581149387,4.320459956574848,,
1709303400,190.27,193.4,189.44,192.89,184.6492622774458,187.7952568641353,184.6492622774458,187.7952568641353,0,0,0,1,0,195.15000000000003,186.48000000000002,198.94000000000003,182.69,190.27,189.71807123248792,186.83322876751203,,,,,13410997,0.67,0.68,1.5185009636204545,0.6632442816161039,0.6584272441877487,-131.37160047935785,129.91355142701389,129.91355142701389,193.16935234385275,193.16935234385275,271.06774284221535,-238.1437464629422,,,1.7885841671418885,2.6679481506257994,4.315401263688869,,
1709562600,194.15,196.3299,193.88,196.01,187.64848630874104,190.95318068237805,187.64848630874104,190.95318068237805,0,0,0,1,0,195.15000000000003,186.48000000000002,198.94000000000003,182.69,190.27,191.23729758780703,188.24390241219297,,,,,12216341,0.72,0.69,2.0345113418125695,0.9731826372414645,0.931356995489427,-82.05137372773343,159.24604119723514,159.24604119723514,217.91102073767766,217.91102073767766,285.32477043545987,-238.1437464629422,237.91102073767766,,1.0866792510586172,2.6059376055447334,4.3089502706566405,,
1709649000,197.44,198.14,196.65,197.19,188.79388791461295,192.2812738792987,188.79388791461295,192.2812738792987,0,0,0,1,0,195.15000000000003,186.48000000000002,198.94000000000003,182.69,190.27,192.10156619483809,189.1897338051619,,,,,9672210,0.74,0.69,2.0306865809831014,1.2041780414793397,1.0161661742261492,-20.677277420912475,182.4739973532546,182.4739973532546,228.92990966529345,228.92990966529345,285.32477043545987,-238.1437464629422,248.92990966529345,,0.2738475581926021,2.5144830938838654,4.300888127374994,,
1709735400,198.08,199.3,197.44,198.81,190.35911364690838,194.00183888965708,190.35911364690838,194.00183888965708,0,0,0,1,0,195.15000000000003,186.48000000000002,198.94000000000003,182.69,190.27,192.59360497204221,189.8576950279578,,,,,10459292,0.73,0.69,2.364806557177046,1.305411768952369,1.0713520482058376,-52.031557195338486,198.5275643760578,198.5275643760578,230.63469842166418,230.63469842166418,285.32477043545987,-238.1437464629422,250.63469842166418,,0.6891001458679163,2.442899448863632,4.293671767771583,,
1709821800,199.54,200.11,198.91,199.94,191.45602383666483,195.25414899024724,191.45602383666483,195.25414899024724,0,0,0,1,1,195.15000000000003,186.48000000000002,198.94000000000003,182.69,190.27,193.00136669221123,190.25993330778877,,,,,8403737,0.77,0.69,2.5832241178207367,1.641322016445083,1.1293661375208015,-38.89752948725996,209.34526756301227,209.34526756301227,230.98067393692122,230.98067393692122,285.32477043545987,-238.1437464629422,250.98067393692122,,0.5151545463639097,2.3673016095499175,4.286122282813725,,
1709908200,200.89,203.3,200.4459,201.63,193.0890648291971,197.04388281733088,193.0890648291971,197.04388281733088,0,0,0,1,1,195.15000000000003,186.48000000000002,198.94000000000003,182.69,190.27,194.6178168351456,191.8334831648544,,,,,13540110,0.79,0.69,2.906770629278539,1.8839194949235425,1.1681748941433763,-44.34224863138696,219.85111742993996,219.85111742993996,240.8628171637953,240.8628171637953,285.32477043545987,-238.1437464629422,260.8628171637953,,0.5872638000297579,2.297496205255009,4.278731956174796,,
1710163800,201.71,202.41,201.46,202,193.45941982238523,197.5646801440749,193.45941982238523,197.5646801440749,0,0,0,1,1,195.15000000000003,186.48000000000002,198.94000000000003,182.69,190.27,194.61786512193515,191.83343487806488,,,,,7329560,0.8,0.69,3.1004209857506355,1.956759161194333,1.286827198623378,-20.184912547671935,229.17744597232465,229.17744597232465,247.83010305709402,247.83010305709402,285.32477043545987,-238.1437464629422,267.830103057094,,0.2673267326732634,2.2178817161341566,4.270717160523444,,
1710250200,200.42,200.6277,199.16,199.79,193.4708663362266,197.62835543254258,193.4708663362266,197.62835543254258,0,0,0,1,0,195.15000000000003,186.48000000000002,198.94000000000003,182.69,190.27,194.6039777966309,191.8473222033691,,,,,9436586,0.77,0.68,2.6173060084737636,1.4662331364199324,1.1864426392665115,-106.15768821368371,226.3051176311086,226.3051176311086,228.2200031919193,228.2200031919193,285.32477043545987,-238.1437464629422,248.2200031919193,,1.4059405940594076,2.1860408878174997,4.264993331219819,,
1710336600,200.44,201.86,200.35,201.19,193.4846438260643,197.73573365087424,193.4846438260643,197.73573365087424,0,0,0,0,1,195.15000000000003,186.48000000000002,198.94000000000003,182.69,190.27,194.6322439055208,191.92775609447918,,,,,5929990,0.8,0.7,2.8837176858875275,1.6303597185458572,1.3573550096244464,-61.67612167344314,214.81880087544386,214.81880087544386,223.75293575309414,223.75293575309414,285.32477043545987,-238.1437464629422,243.75293575309414,,0.8168316831683197,2.1323464092038065,4.258103897357579,,
1710423000,200.37,200.47,199.34,200.35,193.496395986252,197.7996891939772,193.496395986252,197.7996891939772,0,0,0,0,0,195.15000000000003,186.48000000000002,198.94000000000003,182.69,190.27,194.69869775844504,191.98130224155497,,,,,6865044,0.82,0.7,2.487140537059757,1.5548732796699272,1.2531443690300303,-99.42938403112606,185.2045890031935,185.2045890031935,210.9034868364606,210.9034868364606,285.32477043545987,-238.1437464629422,,,1.3168316831683153,2.1003654395553557,4.2522272295969605,,
1710509400,199.94,200.634,199.57,199.71,193.5085796106551,197.87006608833104,193.5085796106551,197.87006608833104,0,0,0,0,0,195.15000000000003,186.48000000000002,198.94000000000003,182.69,190.27,194.80339618203865,192.2766038179614,,,,,4556710,0.82,0.69,1.50608953401386,1.2011816725177336,1.1464239014442554,-90.8321064645253,147.07626993743966,147.07626993743966,189.6277478701203,189.6277478701203,285.32477043545987,-238.1437464629422,,,1.2029702970297063,2.065173473181801,4.24613480815327,,
1710768600,199.66,200.145,199.51,200.03,193.5206202108336,197.9353536927102,193.5206202108336,197.9353536927102,0,0,0,0,0,195.15000000000003,186.48000000000002,198.94000000000003,182.69,190.27,194.79785789684058,192.28214210315946,,,,,7206823,0.8,0.68,0.875032588576378,1.4914790748992617,1.2938093355677558,-93.07487452537787,109.5001353612724,109.5001353612724,162.91854370050433,162.91854370050433,285.32477043545987,-238.1437464629422,,,1.2326732673267373,2.032526406285524,4.2401139059737964,,
1710855000,199.62,199.81,198.935,199.8,193.53149939123153,197.97575746946666,193.53149939123153,197.97575746946666,0,0,0,0,0,195.15000000000003,186.48000000000002,198.94000000000003,182.69,190.27,194.77414560377161,192.30585439622845,,,,,4657527,0.82,0.66,0.5645534684456129,1.6056537977532668,1.340084199419232,-114.56806844188027,68.49884140539379,68.49884140539379,131.44530960213416,131.44530960213416,285.32477043545987,-238.1437464629422,,,1.5173267326732662,2.0123224975164162,4.234673771761408,,
1710941400,199.16,202.66,199.12,202.18,193.71483561375393,198.19132556917705,193.71483561375393,198.19132556917705,0,0,0,0,0,195.15000000000003,186.48000000000002,198.94000000000003,182.69,190.27,194.7988181892492,192.28118181075084,,,,,9593754,0.83,0.68,0.7159036959642375,1.7626724663460087,1.6673700011514834,-114.27933802998399,78.6951034197895,78.6951034197895,113.86190754135261,113.86190754135261,285.32477043545987,-238.1437464629422,,,1.5135028192699584,1.9927609415067513,4.229236866761425,,
1711027800,203.88,203.92,200.6,201.97,193.7286237543858,198.28640299783677,193.7286237543858,198.28640299783677,0,0,0,0,0,195.15000000000003,186.48000000000002,198.94000000000003,182.69,190.27,195.10425693677786,192.59574306322213,,,,,7396540,0.81,0.67,0.42866380448114677,1.7418713570591888,1.5880949359727308,-59.0069784599268,99.13278983916595,99.13278983916595,108.95220164062373,108.95220164062373,285.32477043545987,-238.1437464629422,,,0.7814818478583502,1.945259800579363,4.222348245345035,,
1711114200,201.32,201.86,199.715,200.35,193.74063379683457,198.34339307635298,193.74063379683457,198.34339307635298,0,0,0,0,0,195.15000000000003,186.48000000000002,198.94000000000003,182.69,190.27,195.11381120682586,192.5861887931741,,,,,6918508,0.79,0.67,-0.26891465232346234,1.560931987806411,1.6392585581523582,-92.05835563526495,90.62791744009982,90.62791744009982,102.84410690711576,102.84410690711576,285.32477043545987,-238.1437464629422,,,1.2192106044119118,1.9167872830826003,4.216347970338176,,
1711373400,201.19,201.95,200.965,200.99,193.75509237066709,198.44667766159404,193.75509237066709,198.44667766159404,0,0,0,0,0,195.15000000000003,186.48000000000002,198.94000000000003,182.69,190.27,195.10624095548894,192.59375904451105,,,,,4034750,0.8,0.66,-0.2124869205348969,1.751254699905763,1.6071989114378484,-45.375619511905505,83.14872651667626,83.14872651667626,96.2789801103026,96.2789801103026,285.32477043545987,-238.1437464629422,,,0.6009496488277789,1.86518580722947,4.209124397268225,,
1711459800,202.65,202.76,201.07,201.64,193.76972974854786,198.54998834153153,193.76972974854786,198.54998834153153,0,0,0,0,0,195.15000000000003,186.48000000000002,198.94000000000003,182.69,190.27,195.10459568201534,192.59540431798465,,,,,5752677,0.79,0.65,0.3947590296933764,1.9113581797258787,1.5231231122816067,-41.454269677543685,93.18013064301081,93.18013064301081,95.246030287872,95.246030287872,285.32477043545987,-238.1437464629422,,,0.5490157285587167,1.813571294340421,4.201811492835239,,
1711546200,202.32,203.22,202.32,203.1,194.6667969928288,199.56618914460685,194.6667969928288,199.56618914460685,0,0,0,0,0,195.15000000000003,186.48000000000002,198.94000000000003,182.69,190.27,195.10343181772197,192.59656818227802,,,,,6040980,0.78,0.67,0.40392231162535736,2.472038106716789,1.6755902947634183,-28.99807448448348,103.02826511487552,103.02826511487552,118.59273476888258,118.59273476888258,285.32477043545987,-238.1437464629422,,,0.3840472673559828,1.7575115285763254,4.194183592284831,,
1711632600,204.54,206.05,203.87,205.72,197.1914158347186,202.2091477983991,197.1914158347186,202.2091477983991,0,0,0,0,0,195.15000000000003,186.48000000000002,198.94000000000003,182.69,190.27,196.20546685368538,193.62453314631466,,,,,9194473,0.78,0.67,1.1267635089927124,2.8032303922684045,1.6805659613004664,-72.2970202026666,117.99800063263733,117.99800063263733,147.93747166816095,147.93747166816095,285.32477043545987,-238.1437464629422,,,0.8992805755395655,1.7238554127709622,4.187600369474151,,
1711978200,208.68,208.73,206.29,207.82,199.2185433240901,204.35299477203944,199.2185433240901,204.35299477203944,0,0,0,0,0,214.35500000000002,200.375,222.66000000000003,192.07,208.68,197.5617514424611,194.9482485575389,,,,,13677114,0.79,0.66,1.6958513428597777,2.8777795339990537,1.830308899877417,-59.18740173804702,136.47930835683187,136.47930835683187,173.44192380522097,173.44192380522097,285.32477043545987,-238.1437464629422,,,0.7362140313733043,1.685124378206348,4.1807044926747485,,
1712064600,209.07,211.03,208.36,210.89,202.1739143788929,207.41152471674152,202.1739143788929,207.41152471674152,0,0,0,0,0,214.35500000000002,200.375,222.66000000000003,192.07,208.68,198.7579444859452,196.0520555140548,,,,,13421070,0.81,0.68,2.2481160568984935,3.1496972783571775,2.0714904100689826,-96.44722118515462,155.30970345825466,155.30970345825466,192.97049366110022,192.97049366110022,285.32477043545987,-238.1437464629422,,,1.1996775570202347,1.6660872479637554,4.174748394901213,,
1712151000,210.57,212.83,210.3,212.74,203.96019501316508,209.27388835511687,203.96019501316508,209.27388835511687,0,0,0,1,0,214.35500000000002,200.375,222.66000000000003,192.07,208.68,199.67194653580407,196.93805346419595,,,,,11416226,0.81,0.69,2.6769233960490446,3.216695756557457,2.0359885821362167,-92.20741702335792,172.0982709693182,172.0982709693182,205.6754059914453,205.6754059914453,285.32477043545987,-238.1437464629422,225.6754059914453,,1.1469399266710527,1.6457285294816886,4.168698827532122,,
1712237400,212,213.45,211.02,211.52,203.97433488326865,209.3430378313868,203.97433488326865,209.3430378313868,0,0,0,0,1,214.35500000000002,200.375,222.66000000000003,192.07,208.68,199.97347529786765,197.2565247021324,,,,,12307274,0.79,0.68,1.9225968330105219,3.0810477544967396,2.0264719196216063,-64.99867101646544,184.22212259051267,184.22212259051267,208.46982583290162,208.46982583290162,285.32477043545987,-238.1437464629422,228.46982583290162,,0.808498636833693,1.6128959846719633,4.1619851408374196,,
1712323800,212.49,215.74,212.22,215.14,206.28738168851748,211.7260677591521,206.28738168851748,211.7260677591521,0,0,0,0,0,214.35500000000002,200.375,222.66000000000003,192.07,208.68,201.1777689442137,198.34223105578627,,,,,13382720,0.78,0.7,2.6605894511985784,3.463955991247062,2.171460927327183,-109.1156068043443,195.90574600052872,195.90574600052872,219.2729928205608,219.2729928205608,285.32477043545987,-238.1437464629422,239.2729928205608,,1.3572557404480747,1.6028708770553401,4.1563812858915865,,
1712583000,215.98,216.81,214.61,216.48,207.5863419492952,213.10691763981876,207.5863419492952,213.10691763981876,0,0,0,0,1,214.35500000000002,200.375,222.66000000000003,192.07,208.68,201.71956178517155,198.87043821482848,,,,,10331406,0.79,0.7,3.3245972652901217,3.521492492854459,2.189617729771811,-69.44628404020307,208.86230271486787,208.86230271486787,234.77541614354612,234.77541614354612,285.32477043545987,-238.1437464629422,254.77541614354612,,0.8638211382113712,1.5738885343555766,4.14980274413798,,
1712669400,217.81,218.86,216.45,217.67,208.74290716288044,214.364015829231,208.74290716288044,214.364015829231,0,0,0,1,1,214.35500000000002,200.375,222.66000000000003,192.07,208.68,202.73126057583312,199.90873942416687,,,,,13079306,0.79,0.7,3.427168277331072,3.73347908311962,2.0663551948303502,-45.059507276035205,221.77348598274034,221.77348598274034,247.59585251848532,247.59585251848532,285.32477043545987,-238.1437464629422,267.59585251848534,,0.5604814627647351,1.5341470805677004,4.142631273046325,,
1712755800,215.37,217.78,214.68,215.61,208.75482922649107,214.3775799143592,208.75482922649107,214.3775799143592,0,0,0,0,0,214.35500000000002,200.375,222.66000000000003,192.07,208.68,202.76164028727018,199.8783597127298,,,,,13317492,0.78,0.69,2.8425970031557024,3.478912506387477,1.8811112323158194,-110.43272684864306,226.8629462097798,226.8629462097798,237.04186666385874,237.04186666385874,285.32477043545987,-238.1437464629422,257.04186666385874,,1.3736389948086465,1.5278526458320512,4.1370988209419535,,
1712842200,216.85,219.84,215.89,219.8,210.8078429904398,216.45394004304336,210.8078429904398,216.45394004304336,0,0,0,0,0,214.35500000000002,200.375,222.66000000000003,192.07,208.68,203.31301290721356,200.30698709278644,,,,,11415224,0.77,0.7,3.2942261723718844,3.86369103666595,2.1968492440973444,-143.01258420363106,232.8885454751376,232.8885454751376,244.93974400585313,244.93974400585313,285.32477043545987,-238.1437464629422,264.93974400585313,,1.7788898999090192,1.537697244031148,4.132387114806024,,
1712928600,221.87,225.09,216.02,216.89,210.81833241503432,216.4384051393946,210.81833241503432,216.4384051393946,0,0,0,0,0,214.35500000000002,200.375,222.66000000000003,192.07,208.68,206.01050077336302,202.85949922663698,,,,,30898775,0.77,0.69,2.1517855400940187,3.333361432626272,1.7116998040917824,-138.2576900996732,238.8673778843515,238.8673778843515,250.8250427027793,250.8250427027793,285.32477043545987,-238.1437464629422,270.82504270277934,,1.7197452229299366,1.5448363804585514,4.127566651485592,,
1713187800,217.94,221.03,215.16,220.95,211.9279266020364,217.47854591535196,211.9279266020364,217.47854591535196,0,0,0,0,0,214.35500000000002,200.375,222.66000000000003,192.07,208.68,206.05361980402418,202.81638019597585,,,,,13238952,0.77,0.69,2.4499400879443143,3.256832360913106,2.276770590337997,-210.67341870761064,244.100760306978,244.100760306978,254.56752515223098,254.56752515223098,285.32477043545987,-238.1437464629422,274.567525152231,,2.6205023761031874,1.5870193606799097,4.124555534052261,,
1713274200,220.18,221.99,218.78,221.22,212.2001234399888,217.7858762121067,212.2001234399888,217.7858762121067,0,0,0,0,0,214.35500000000002,200.375,222.66000000000003,192.07,208.68,206.02398743130937,202.84601256869067,,,,,10746123,0.75,0.7,1.9011433831200695,2.8820700164696404,2.3552205663052757,-88.6728410521163,247.71513976788384,247.71513976788384,254.94389868969554,254.94389868969554,285.32477043545987,-238.1437464629422,274.9438986896955,,1.1029744146098897,1.5680372059320657,4.11851840893849,,
1713360600,221.05,221.76,218.52,219.59,212.21280451203677,217.8157242037888,212.21280451203677,217.8157242037888,0,0,0,0,0,214.35500000000002,200.375,222.66000000000003,192.07,208.68,206.00565908909016,202.86434091090982,,,,,11521054,0.74,0.69,1.249356226413586,2.5447631832635182,2.1861465119482193,-98.12158641012836,246.5067012747507,246.5067012747507,247.31232693683947,247.31232693683947,285.32477043545987,-238.1437464629422,267.31232693683944,,1.2205044751830705,1.5544084713928894,4.112728171308609,,
1713447000,221.31,221.4599,219.312,220.34,212.22702684068406,217.8751499212873,212.22702684068406,217.8751499212873,0,0,0,0,1,214.35500000000002,200.375,222.66000000000003,192.07,208.68,205.99918530433882,202.87081469566115,,,,,6496885,0.75,0.7,1.6220526561322606,2.432164685264034,2.218417591541026,-69.33925439649053,239.64726152083375,239.64726152083375,244.75730513150424,244.75730513150424,285.32477043545987,-238.1437464629422,264.75730513150427,,0.8624898291293676,1.5272744069903983,4.106234188606952,,
1713533400,220.49,222.36,220.08,221.03,212.2427398739694,217.96206168907995,212.2427398739694,217.96206168907995,0,0,0,0,1,214.35500000000002,200.375,222.66000000000003,192.07,208.68,205.9992143748054,202.8707856251946,,,,,8688967,0.76,0.69,1.0657727944790405,2.370755485483967,2.473763900933466,-41.42911426205387,246.12938564613947,246.12938564613947,248.87354667540993,248.87354667540993,285.32477043545987,-238.1437464629422,268.8735466754099,,0.5153241117439591,1.4875900816866163,4.099059543098734,,
1713792600,216.35,216.9578,215.14,215.57,212.24865008401142,217.85377691695916,212.24865008401142,217.85377691695916,0,0,0,0,0,214.35500000000002,200.375,222.66000000000003,192.07,208.68,206.14382563700644,202.72617436299356,,,,,13404253,0.78,0.7,-0.15594730093995562,1.4808165031232783,2.1540829955051404,-220.95527606429042,192.5577332406045,192.5577332406045,228.2721681776278,228.2721681776278,285.32477043545987,-238.1437464629422,,,2.748395262634487,1.5370334221159445,4.096360913167737,,
1713879000,213.96,215.86,213.87,215.04,212.25203639752988,217.70043272413722,212.25203639752988,217.70043272413722,0,0,0,0,0,214.35500000000002,200.375,222.66000000000003,192.07,208.68,206.14745410908654,202.7225458909135,,,,,10730332,0.78,0.71,-0.4522331023692549,1.3949889639880746,2.1452152984512693,-267.10876300535034,124.38275859863928,124.38275859863928,193.64236498463163,193.64236498463163,285.32477043545987,-238.1437464629422,,,3.322484404665037,1.607051107706105,4.094814706357542,,
1713965400,214.76,216.35,214.36,214.64,212.2563851759564,217.5721255584848,212.2563851759564,217.5721255584848,0,0,0,0,0,214.35500000000002,200.375,222.66000000000003,192.07,208.68,206.12930489379934,202.74069510620063,,,,,5741072,0.81,0.72,-0.1682697540485074,1.6050749048688144,1.794751298238372,-249.30151213832667,67.00691188572802,67.00691188572802,151.4305472849971,151.4305472849971,285.32477043545987,-238.1437464629422,,,3.10098544435403,1.6656367679668078,4.092829033506386,,
1714051800,214.47,217.05,214.3357,215.92,212.26067719958087,217.44790663462263,212.26067719958087,217.44790663462263,0,0,0,0,0,214.35500000000002,200.375,222.66000000000003,192.07,208.68,206.13139989805566,202.73860010194434,,,,,6606512,0.79,0.72,-0.6606538622294815,1.5819970509878978,1.7972850164235217,-226.36174803976837,28.882073884452296,28.882073884452296,110.58105615148216,110.58105615148216,285.32477043545987,-188.29848811095695,,,3.1119699846306825,1.722355717639901,4.090869275166974,,
1714138200,216.77,217.0676,215.53,216.62,212.2673229993819,217.3749259822845,212.2673229993819,217.3749259822845,0,0,0,0,0,214.35500000000002,200.375,222.66000000000003,192.07,208.68,206.1298140699002,202.7401859300998,,,,,6268504,0.78,0.71,-0.04743139961514524,1.7864023587110252,2.011703157695383,-162.36878711420016,11.64065336190972,11.64065336190972,77.60092188829135,77.60092188829135,285.32477043545987,-106.88573826245289,,,2.5721001717747027,1.755679029566756,4.087834771463893,,
1714397400,216.02,217.215,215.25,216.18,212.2734016747078,217.29393672807726,212.2734016747078,217.29393672807726,0,0,0,0,0,214.35500000000002,200.375,222.66000000000003,192.07,208.68,206.12896531376907,202.74103468623096,,,,,6409870,0.78,0.71,-0.8551757463703434,1.8860975995969071,1.9913386479048634,-152.0057827606904,-1.6192496822281655,-1.6192496822281655,51.19419803145152,51.19419803145152,285.32477043545987,-64.6322615836873,,,2.698671006238133,1.7926591070832805,4.085059219485419,,
1714483800,213.38,214.1271,211.8,211.87,212.27264402900408,217.08218234658403,212.27264402900408,217.08218234658403,0,0,0,0,0,214.35500000000002,200.375,222.66000000000003,192.07,208.68,206.22243522425103,202.64756477574898,,,,,11248615,0.82,0.72,-1.6208193939933677,1.3105190605058576,1.5369374209411064,-238.05900941882638,-46.8226574588372,-46.8226574588372,18.52191286802195,18.52191286802195,285.32477043545987,-159.8455771777455,,,4.258204502305392,1.889347161797873,4.085405164106438,,
1714570200,212.96,215.5,212.41,213.79,212.2730944904846,216.90241441142388,212.2730944904846,216.90241441142388,0,0,0,0,0,234.49,203.56,243.89000000000001,194.16,212.96,206.23044146593094,202.63955853406907,,,,,10373880,0.81,0.72,-1.0088542975508241,1.5440971335513887,1.7388698104661455,-222.6432986178199,-72.63244882440824,-72.63244882440824,-11.862874362788116,-11.862874362788116,285.32477043545987,-159.8455771777455,,,3.982460898652926,1.9714300534392477,4.085199481258379,,
1714656600,211.9,213.705,211.49,213.13,212.2717242717224,216.69397855215234,212.2717242717224,216.69397855215234,0,0,0,0,0,234.49,203.56,243.89000000000001,194.16,212.96,206.22182258563274,202.64817741436727,,,,,6286967,0.8,0.73,-1.2480968754635393,1.1926737915640384,1.5906869142086595,-238.0590094188264,-91.71404686041147,-91.71404686041147,-38.479931861995894,-38.479931861995894,285.32477043545987,-159.8455771777455,,,4.39833649760419,2.0666028551712063,4.085825129642687,,
1714743000,212.89,213.225,210.71,212.96,212.26881393351715,216.4634342952052,212.26881393351715,216.4634342952052,0,0,0,0,0,234.49,203.56,243.89000000000001,194.16,212.96,206.19904569349097,202.67095430650903,,,,,8679910,0.82,0.72,-1.41449289591197,1.2171067168375338,1.5400023464852708,-238.0590094188264,-106.51689185475875,-106.51689185475875,-61.158918526250176,-61.158918526250176,285.32477043545987,-159.8455771777455,,,4.750926679323746,2.1718704561183646,4.087154003867823,,
1715002200,215.14,215.91,214.47,215.2,212.27334677281084,216.38790746009911,212.27334677281084,216.38790746009911,0,0,0,0,0,234.49,203.56,243.89000000000001,194.16,212.96,206.20152676592275,202.66847323407725,,,,,6840477,0.8,0.72,-0.06688121432317796,1.6675053152141353,1.5907435278469395,-152.89232289030252,-77.74106792157228,-77.74106792157228,-66.6863016580242,-66.6863016580242,285.32477043545987,-159.8455771777455,,,3.051261187957689,2.206356367170887,4.085084287951919,,
1715088600,214.52,214.93,213.88,214.21,212.2767035225155,216.2924365793109,212.2767035225155,216.2924365793109,0,0,0,0,0,234.49,203.56,243.89000000000001,194.16,212.96,206.2081654037469,202.66183459625313,,,,,5660735,0.79,0.72,-0.15001540710772865,1.4759559682569157,1.4543794372316412,-166.25624444664015,-62.07855213143528,-62.07855213143528,-52.86305307825742,-52.86305307825742,285.32477043545987,-159.8455771777455,,,3.3179640177199183,2.2499488240551626,4.083551580119288,,
1715175000,213.62,214.8,213.5,213.58,212.2793019170759,216.1859567134556,212.2793019170759,216.1859567134556,0,0,0,0,0,234.49,203.56,243.89000000000001,194.16,212.96,206.2117808630384,202.6582191369616,,,,,4462736,0.8,0.72,-0.19843745289736714,1.373711231139093,1.5466611929870455,-174.8635159575015,-54.81460038121675,-54.81460038121675,-40.28669688077969,-40.28669688077969,285.32477043545987,-159.8455771777455,,,3.489738721634571,2.2985680357249434,4.0823651408415955,,
1715261400,214.48,216.95,214.44,216.95,212.28375446069813,216.12014664626125,212.28375446069813,216.12014664626125,0,0,0,0,0,234.49,203.56,243.89000000000001,194.16,212.96,206.2440212153292,202.6259787846708,,,,,7732469,0.78,0.71,0.1888442302417481,1.5586140608086274,1.7795134930077532,-153.57184432537056,-37.97214614533401,-37.97214614533401,-4.2872376735685265,-4.2872376735685265,285.32477043545987,-159.8455771777455,,,3.0648223487930575,2.3286172244727124,4.08033208831003,,
1715347800,219.22,219.6,218.08,218.71,212.29539810812932,216.19823501307454,212.29539810812932,216.19823501307454,0,0,0,0,0,234.49,203.56,243.89000000000001,194.16,212.96,206.24295699254384,202.6270430074562,,,,,8700917,0.76,0.71,0.3840779109436957,1.4512545829832884,1.9474082335442593,-71.1232435371182,-10.10442068078902,-10.10442068078902,45.63103024830096,45.63103024830096,285.32477043545987,-159.8455771777455,,,1.4194015007684597,2.292961705896075,4.075015543679577,,
1715607000,217.06,217.31,215.8,216.26,212.30250860141976,216.18474344393437,212.30250860141976,216.18474344393437,0,0,0,0,0,234.49,203.56,243.89000000000001,194.16,212.96,206.272259436955,202.597740563045,,,,,4896343,0.76,0.71,0.014556391481700494,0.922303233737257,1.8808205836425844,-122.76687260228708,14.950839300229209,14.950839300229209,65.06135926226567,65.06135926226567,285.32477043545987,-159.8455771777455,,,2.450049724256391,2.2991220203415774,4.071768858725685,,
1715693400,217.31,218.3795,216.98,218.09,212.31193895386448,216.2175927206428,212.31193895386448,216.2175927206428,0,0,0,0,0,234.49,203.56,243.89000000000001,194.16,212.96,206.22984364806538,202.64015635193462,,,,,4662679,0.73,0.71,1.1529645468580372,0.7741246867752619,1.9893772465965287,-91.62442467471189,37.02872208800567,37.02872208800567,81.1844876635586,81.1844876635586,264.86172358390075,-159.8455771777455,,,1.9166440647319452,2.2841228848274744,4.067462915081341,,
1715779800,219.06,221.19,217.65,220.89,212.32267573917144,216.27516555512742,212.32267573917144,216.27516555512742,0,0,0,0,0,234.49,203.56,243.89000000000001,194.16,212.96,206.77833888152205,203.14666111847797,,,,,9297715,0.74,0.7,1.2964399923473182,0.8634342753307782,2.167487407278535,-77.1460368133774,62.60000680026004,62.60000680026004,113.74257622476878,113.74257622476878,264.86172358390075,-159.8455771777455,,,1.6137781394087305,2.257834855595367,4.062560447997081,,
1715866200,220.14,220.585,219.41,220.03,212.33687239104123,216.39881004316163,212.33687239104123,216.39881004316163,0,0,0,0,0,234.49,203.56,243.89000000000001,194.16,212.96,206.78370366352448,203.14129633647556,,,,,4301652,0.74,0.71,1.2638274159403253,0.9067775541551242,2.2275148930059925,-35.03753809031562,87.71803342279671,87.71803342279671,137.95408666787006,137.95408666787006,264.86172358390075,-159.8455771777455,,,0.8181900370671741,2.201378196045242,4.0560781894337845,,
1715952600,222.18,223.8501,221.67,223.66,214.69290177076022,218.89952635336158,214.69290177076022,218.89952635336158,0,0,0,1,0,234.49,203.56,243.89000000000001,194.16,212.96,207.9344786401419,204.20552135985807,,,,,10481937,0.75,0.7,1.9301757446603232,0.8783526529597259,2.4345952030269307,-42.53383557760161,112.79137731780838,112.79137731780838,162.93806510783173,162.93806510783173,264.86172358390075,-159.8455771777455,,,0.8897433604578419,2.149941535826128,4.049751846119147,,
1716211800,223.79,225.66,223.02,224.56,215.57176070262685,219.90801859489395,215.57176070262685,219.90801859489395,0,0,0,1,0,234.49,203.56,243.89000000000001,194.16,212.96,208.22047708308963,204.4895229169104,,,,,5990860,0.74,0.69,1.6746049538648762,0.8296821449718151,2.5366565971164268,-32.78371104843078,136.15256314595396,136.15256314595396,182.8749348022451,182.8749348022451,264.86172358390075,-159.8455771777455,,,0.6857855361595975,2.092523653486264,4.043030634710636,,
1716298200,224.77,225.21,223.7,224.23,215.58801812380042,220.0570610029373,215.58801812380042,220.0570610029373,0,0,0,1,0,234.49,203.56,243.89000000000001,194.16,212.96,208.22244288444625,204.48755711555378,,,,,4002615,0.73,0.69,1.8008880795991544,0.6698898196456655,2.4837273951776733,-18.307786689383807,154.8459010565356,154.8459010565356,192.2325768776989,192.2325768776989,264.86172358390075,-159.8455771777455,,,0.3829711435696534,2.0254823785875735,4.03571782853453,,
1716384600,223.09,223.24,219.7407,220.11,215.59641148019642,220.04654461066525,215.59641148019642,220.04654461066525,0,0,0,0,0,234.49,203.56,243.89000000000001,194.16,212.96,208.5083869790511,204.61161302094888,,,,,8903115,0.71,0.69,1.1484057057276025,0.4526116510691355,2.0063414582061183,-102.59385626993716,156.99083050895044,156.99083050895044,161.28068941378007,161.28068941378007,264.86172358390075,-159.8455771777455,,,2.146107944424652,2.0302127929341256,4.031942384210634,,
1716471000,218.78,219.23,215.66,215.72,215.59671635236387,219.87801344946269,215.59671635236387,219.87801344946269,0,0,0,0,0,234.49,203.56,243.89000000000001,194.16,212.96,208.62786445613503,204.56213554386497,,,,,9537911,0.74,0.7,-0.20657578342193225,-0.3904862978712027,1.7974788670156325,-189.4643041110621,102.78238523047534,102.78238523047534,138.92134874945873,138.92134874945873,264.86172358390075,-159.8455771777455,,,3.963306020662632,2.1060203704921063,4.031805248619129,,
1716557400,216.96,217.21,215.74,215.92,215.59717885715435,219.7191972357583,215.59717885715435,219.7191972357583,0,0,0,0,0,234.49,203.56,243.89000000000001,194.16,212.96,208.8016293266337,204.7383706733663,,,,,4212379,0.73,0.69,-0.46520430423445347,-0.09416288145649018,1.9675489328083107,-187.76125418646802,49.038285402670994,49.038285402670994,108.96032763386282,108.96032763386282,264.86172358390075,-159.8455771777455,,,3.9276807980049844,2.1774580343161407,4.031597207758761,,
1716903000,218.43,218.59,217.21,218.19,215.60054813016703,219.6236796971011,215.60054813016703,219.6236796971011,0,0,0,0,0,234.49,203.56,243.89000000000001,194.16,212.96,208.88673184330477,204.80336815669526,,,,,3809677,0.73,0.69,0.32568692180212727,-0.26319259005590073,2.0009237172975527,-156.46771182205669,15.867387396780131,15.867387396780131,77.92934755483526,77.92934755483526,264.86172358390075,-159.8455771777455,,,3.2730673316708203,2.2204231048006378,4.030081663550793,,
1716989400,216.92,217.16,216.12,216.16,215.60175462740946,219.48959029721476,215.60175462740946,219.48959029721476,0,0,0,0,0,234.49,203.56,243.89000000000001,194.16,212.96,209.51497713754654,205.37502286245345,,,,,4184972,0.72,0.69,-0.32051418821817695,-0.4782898935845632,1.8135069002183446,-179.67176704464748,-19.27068093353995,-19.27068093353995,45.529338058710195,45.529338058710195,264.86172358390075,-159.8455771777455,,,3.758460990381189,2.280738315999875,4.029538964903102,,
1717075800,216.69,217.51,216.41,216.57,215.6035323404416,219.37201812869654,215.6035323404416,219.37201812869654,0,0,0,0,0,234.49,203.56,243.89000000000001,194.16,212.96,209.61957408263447,205.48042591736555,,,,,3071290,0.74,0.69,-0.7083822200852327,-0.2876032023404201,1.8927557338515635,-173.4982110679951,-57.34331178160545,-57.34331178160545,11.238454778604982,11.238454778604982,264.86172358390075,-159.8455771777455,,,3.629319558247242,2.3336238549115365,4.0287393257289645,,
1717162200,217.77,217.96,214.65,215.3,215.60182518291825,219.19072722168883,215.60182518291825,219.19072722168883,0,0,0,0,0,234.49,203.56,243.89000000000001,194.16,212.96,211.82450307647287,207.7154969235271,,,,,5617183,0.74,0.69,-0.7802912706508144,-0.47935147754692525,1.7606427888054963,-210.96530940905885,-100.39365985856327,-100.39365985856327,-25.9722501004511,-25.9722501004511,264.86172358390075,-159.8455771777455,,,4.4130744567153535,2.4151709373352155,4.029507228088578,,
1717421400,215.92,217.82,215.54,217.22,215.60188187585948,219.05109870319123,215.60188187585948,219.05109870319123,0,0,0,0,0,233.135,208.445,240.60999999999999,200.97,215.92,213.19647035135105,209.11352964864895,,,,,6172606,0.71,0.69,-1.0414037296783851,-0.3599438076866082,1.9933660328595877,-192.01887899795292,-107.86754680840247,-107.86754680840247,-53.27068233643489,-53.27068233643489,264.86172358390075,-159.8455771777455,,,4.016743854649096,2.477977718406348,4.029481726842945,,
1717507800,216.24,216.24,214.2,215.27,215.59928790607754,218.86492228345824,215.59928790607754,218.86492228345824,0,0,0,0,0,233.135,208.445,240.60999999999999,200.97,215.92,213.61098044319303,209.489019556807,,,,,5509361,0.7,0.7,-1.4870597865927973,-0.02888134542323244,1.8010549671279583,-220.5449652348994,-138.88374782840813,-138.88374782840813,-81.8083708337593,-81.8083708337593,264.86172358390075,-159.8455771777455,,,4.6134663341645945,2.5617223700047105,4.030648529255176,,
1717594200,216.69,218.0795,215.93,217.82,215.60012109707438,218.75321160567557,215.60012109707438,218.75321160567557,0,0,0,0,0,233.135,208.445,240.60999999999999,200.97,215.92,214.36375226072298,210.206247739277,,,,,5479226,0.7,0.7,-1.0205091770474046,0.26645110098709057,1.9604610366394986,-183.71651061555775,-117.77656122897471,-117.77656122897471,-93.79776763216444,-93.79776763216444,264.86172358390075,-159.8455771777455,,,3.8430708941930867,2.611971331737588,4.030273748765541,,
1717680600,218.36,219.97,218.1,219.43,215.60524493104626,218.73012879760986,215.60524493104626,218.73012879760986,0,0,0,0,0,233.135,208.445,240.60999999999999,200.97,215.92,214.37932261609419,210.21567738390584,,,,,5283914,0.69,0.7,-0.11052637790860657,0.4609576483799946,1.969320613663913,-137.52128141095076,-85.36038238892644,-85.36038238892644,-68.48561190245044,-68.48561190245044,264.86172358390075,-159.8455771777455,,,2.8767367296045636,2.6223542885166853,4.027968979496489,,
1717767000,215.07,215.19,211.54,211.6,215.5973827034118,218.45326884476242,215.5973827034118,218.45326884476242,0,0,0,0,0,233.135,208.445,240.60999999999999,200.97,215.92,214.59959112484415,209.99540887515587,,,,,12195073,0.68,0.71,-0.6342516012208121,-0.38360566825975023,1.35061469715698,-227.11620361585358,-80.89649489813372,-80.89649489813372,-71.9687199165483,-71.9687199165483,264.86172358390075,-159.8455771777455,,,5.7980049875311765,2.7468896100466655,4.031505514977078,,
1718026200,213.13,214.02,212.76,213.54,215.59194937133705,218.23463085085015,215.59194937133705,218.23463085085015,0,0,0,0,0,233.135,208.445,240.60999999999999,200.97,215.92,214.61011935739745,209.9848806426026,,,,,4219641,0.69,0.7,-0.3679027961483139,-0.2739936770457578,1.4812633172620722,-205.83496180238654,-80.5400206749812,-80.5400206749812,-79.82707222867619,-79.82707222867619,264.86172358390075,-159.8455771777455,,,5.254720342002143,2.845235913260606,4.03394950064546,,
1718112600,213.95,214.38,213.24,214.15,215.5874763456201,218.0432021900325,215.5874763456201,218.0432021900325,0,0,0,0,0,233.135,208.445,240.60999999999999,200.97,215.92,214.588306245269,210.00669375473103,,,,,4004085,0.7,0.7,-0.6195467596071929,-0.18140425310432323,1.390584146605382,-191.06785338149317,-80.70873894043208,-80.70873894043208,-80.59626009679816,-80.59626009679816,251.10896817742884,-159.84557717774553,,,5.040969006056285,2.9313430933702405,4.035961527629298,,
1718199000,216.47,216.55,214.2,214.72,215.58491115811637,217.89655112375672,215.58491115811637,217.89655112375672,0,0,0,0,0,233.135,208.445,240.60999999999999,200.97,215.92,214.58323170149473,210.01176829850533,,,,,5911883,0.69,0.7,-0.22291418763625243,0.259875486993803,1.5440858821624208,-155.6265623431523,-77.05063782640433,-77.05063782640433,-69.95939328561667,-69.95939328561667,205.89787494519504,-159.84557717774553,,,4.6134663341645945,2.9973087106562937,4.037115383386611,,
1718285400,214.44,214.96,212.26,212.97,215.578513733225,217.680333432629,215.578513733225,217.680333432629,0,0,0,0,0,233.135,208.445,240.60999999999999,200.97,215.92,214.59220856656813,210.00279143343187,,,,,5861099,0.69,0.7,-0.5542476844355578,-0.07383555112236857,1.505042509493992,-177.48674035802077,-84.1286289525049,-84.1286289525049,-79.40996820177118,-79.40996820177118,191.4829319436264,-159.8455771777455,,,5.477377983612403,3.094566329203592,4.0399930309395105,,
1718371800,215.34,216.04,214.98,215.73,215.5775093101816,217.57819486664357,215.5775093101816,217.57819486664357,0,0,0,0,0,233.135,208.445,240.60999999999999,200.97,215.92,214.61088279218762,209.9841172078124,,,,,7076496,0.7,0.7,0.06612444106332019,0.23318774569065198,1.5908866931608983,-138.23764005120643,-72.8314207978294,-72.8314207978294,-59.67432598994581,-59.67432598994581,191.4829319436264,-159.8455771777455,,,4.266120413252588,3.140509626617278,4.040444833901175,,
1718631000,214.9,215.24,213.6,214.61,215.57377722364777,217.42648526403008,215.57377722364777,217.42648526403008,0,0,0,0,0,233.135,208.445,240.60999999999999,200.97,215.92,214.6171315665444,209.97786843345565,,,,,3852657,0.7,0.71,-0.39890395815330426,0.1485090522031185,1.5328579485814238,-158.15078653039896,-64.01799921523147,-64.01799921523147,-46.391156050035605,-46.391156050035605,191.4829319436264,-159.8455771777455,,,4.880655504096905,3.2087506414204006,4.042123576498969,,
1718717400,214.38,215.83,214.04,215.47,215.57092292350063,217.29780741053872,215.57092292350063,217.29780741053872,0,0,0,0,0,233.135,208.445,240.60999999999999,200.97,215.92,214.71106608921758,210.0689339107824,,,,,4921415,0.7,0.7,0.030843922928424986,0.02404827857936595,1.5947485157092565,-151.80166736312017,-51.1805155542617,-51.1805155542617,-25.505548232322177,-25.505548232322177,191.4829319436264,-159.8455771777455,,,4.684716779479876,3.2666316664423407,4.043407479002427,,
1718890200,216.32,218.7413,216.15,218.16,215.5722479526245,217.25609339443915,215.5722479526245,217.25609339443915,0,0,0,0,0,233.135,208.445,240.60999999999999,200.97,215.92,215.01372446957262,210.36127553042735,,,,,7290516,0.71,0.69,0.051494778163212476,0.3512196091716592,1.7913534702007046,-121.35475499276035,-28.755445390621357,-28.755445390621357,16.094694936659344,16.094694936659344,191.4829319436264,-159.8455771777455,,,3.7451015318845724,3.28539519057733,4.04281146312407,,
1718976600,217.83,217.9,214.255,214.78,215.56982198268918,217.1424446338729,215.56982198268918,217.1424446338729,0,0,0,0,0,233.135,208.445,240.60999999999999,200.97,215.92,215.05571914842196,210.31928085157804,,,,,8935399,0.68,0.7,-0.6895318323733266,0.10554979812181216,1.6039405832355398,-144.14925063790153,-10.034105521775889,-10.034105521775889,27.40857421591506,27.40857421591506,191.4829319436264,-159.8455771777455,,,4.588973993587462,3.3365159279502765,4.04390269695117,,
1719235800,215.55,215.94,215.2,215.63,215.56927009061587,217.06994092274064,215.56927009061587,217.06994092274064,0,0,0,0,0,233.135,208.445,240.60999999999999,200.97,215.92,215.67625140126586,210.9487485987341,,,,,4626923,0.68,0.7,0.6194888775031653,-0.11426093666927926,1.8273270498348,-72.2827921060367,2.6732190002553775,2.6732190002553775,28.087868044317908,28.087868044317908,191.4829319436264,-159.8455771777455,,,4.168151050944075,3.369129070028465,4.044150945410696,,
1719322200,214.96,215.31,214.12,214.56,215.5665830374878,216.95835108263316,215.5665830374878,216.95835108263316,0,0,0,0,0,233.135,208.445,240.60999999999999,200.97,215.92,215.73430438523053,210.9956956147695,,,,,3847694,0.68,0.69,0.1550773865134023,-0.3556692906105092,1.7686484406480723,-78.41365897473932,5.524055631257884,5.524055631257884,11.225728893262897,11.225728893262897,191.4829319436264,-159.8455771777455,,,4.649091556822229,3.4193236773537103,4.045359617960968,,
1719408600,212.39,213.11,212.1204,212.58,215.55994610034995,216.773505785275,215.55994610034995,216.773505785275,0,0,0,0,0,233.135,208.445,240.60999999999999,200.97,215.92,216.38133382208952,211.5986661779105,,,,,4690348,0.67,0.7,-0.2376924581762673,-0.3185259510206236,1.5670010342452179,-107.94208693818375,-21.577085251745117,-21.577085251745117,-3.509657996409782,-3.509657996409782,191.4829319436264,-159.8455771777455,,,5.539543997149988,3.502469572247682,4.048345001335971,,
1719495000,214.71,215.5,214.45,214.99,215.55793042382578,216.686352617225,215.55793042382578,216.686352617225,0,0,0,0,0,233.135,208.445,240.60999999999999,200.97,215.92,217.17533861734805,212.35466138265195,,,,,4977837,0.68,0.69,0.04079634924614367,-0.26625351463414465,1.662751375457733,-73.54049372772185,-25.96366212577248,-25.96366212577248,-10.99432603953068,-10.99432603953068,191.4829319436264,-159.8455771777455,,,4.5021375133594645,3.541672236605007,4.049251679681672,,
1719581400,215.64,215.8148,214.82,215.01,215.5566506427592,216.61698192635342,215.5566506427592,216.61698192635342,0,0,0,0,0,233.135,208.445,240.60999999999999,200.97,215.92,218.37684531945862,213.57315468054134,,,,,3955080,0.68,0.69,0.311525959015343,-0.49983095470620703,1.5925512119898741,-68.0766417840959,-17.099631887252272,-17.099631887252272,-13.02942798877121,-13.02942798877121,191.4829319436264,-159.8455771777455,,,4.33737085856787,3.572876104132962,4.049827342376749,,
1719840600,215.25,216,214.485,215.57,215.5547107813351,216.53732577237878,215.5547107813351,216.53732577237878,0,0,0,0,0,219.465,207.325,223.68,203.10999999999999,215.25,219.40989118167104,214.61010881832894,,,,,3797921,0.65,0.69,-0.024137636405519795,-0.3808707617060767,1.6254021935285903,-73.02364286818931,-9.432837112896589,-9.432837112896589,-2.239655361147342,-2.239655361147342,191.4829319436264,-159.8455771777455,,,4.486551478446735,3.6087065109687964,4.050699918073192,,
1719927000,215.33,216.08,214.6204,215.56,215.55304261993382,216.4660500950306,215.55304261993382,216.4660500950306,0,0,0,0,0,219.465,207.325,223.68,203.10999999999999,215.25,220.35890725003557,215.60109274996447,,,,,4921672,0.62,0.69,0.14407031195718378,-0.6805137689417895,1.6195613290075446,-71.0241684001709,-2.6407085612248355,-2.6407085612248355,10.943548542118672,10.943548542118672,191.4829319436264,-159.8455771777455,,,4.426255789098688,3.64076726697389,4.051450279453863,,
1720013400,217.34,218.7397,217.33,217.99,215.556737439874,216.50276577757842,215.556737439874,216.50276577757842,0,0,0,0,0,219.465,207.325,223.68,203.10999999999999,215.25,220.5736786892984,215.79632131070161,,,,,5055313,0.61,0.68,0.378819831705303,-0.5471309974851344,1.6811788934343017,-31.011051571930704,16.0917390093485,16.0917390093485,53.55663415049518,53.55663415049518,191.4829319436264,-159.8455771777455,,,3.219629497684356,3.6242520603350847,4.049788299869908,,
1720186200,219.58,221.28,219.58,220.93,215.56487542700714,216.62539457061456,215.56487542700714,216.62539457061456,0,0,0,0,0,219.465,207.325,223.68,203.10999999999999,215.25,220.59348742740346,215.77651257259657,,,,,5950550,0.63,0.67,0.40888493983717045,-0.2736251837724081,1.866816377002922,-24.26022413817211,43.48166878383673,43.48166878383673,98.2615283328132,98.2615283328132,270.6175180751296,-159.8455771777455,,,2.2176701104381857,3.5690919838685398,4.046127724066848,,
1720445400,219.64,220.04,217.41,218.19,215.5687048467334,216.65896733255124,215.5687048467334,216.65896733255124,0,0,0,0,0,219.465,207.325,223.68,203.10999999999999,215.25,220.5769133338637,215.79308666613633,,,,,5790811,0.63,0.67,0.506596870718341,-0.16069515741458137,1.707992545499381,-63.256288123234384,66.78124913809619,66.78124913809619,113.38040984661508,113.38040984661508,270.6175180751296,-159.8455771777455,,,3.1840042750267217,3.5539905050904292,4.044405199693141,,
1720531800,218.57,219.29,217.265,218.56,215.57223980208457,216.68559410382375,215.57223980208457,216.68559410382375,0,0,0,0,0,219.465,207.325,223.68,203.10999999999999,215.25,220.57153854225461,215.79846145774542,,,,,3904495,0.6,0.67,0.4389400425326906,0.2455353715862124,1.727736081975905,-65.86201590103826,81.87981312130692,81.87981312130692,112.0769410877284,112.0769410877284,270.6175180751296,-159.8455771777455,,,3.2485749910937014,3.5420134261101652,4.042815129346289,,
1720618200,220.14,220.71,219.16,219.36,215.57951604623625,216.78474727622282,215.57951604623625,216.78474727622282,0,0,0,0,0,219.465,207.325,223.68,203.10999999999999,215.25,220.5689723417925,215.80102765820752,,,,,5556185,0.58,0.67,0.7227429139240416,0.2971640777171463,1.7093894986789828,-31.807849425603745,95.48775384859354,95.48775384859354,122.70363530316679,122.70363530316679,270.6175180751296,-159.8455771777455,,,2.404702529390811,3.4974129987878375,4.039542177098626,,
1720704600,222.65,224.1489,221.48,223.25,215.59136676342658,216.97008267715526,215.59136676342658,216.97008267715526,0,0,0,0,0,219.465,207.325,223.68,203.10999999999999,215.25,220.60050284543746,215.76949715456254,,,,,9323981,0.61,0.66,1.6025432172626346,0.4274868706623882,1.6750914930716696,-31.477304249042042,114.37635981843268,114.37635981843268,152.15357175811096,152.15357175811096,270.6175180751296,-159.8455771777455,,,1.3715710723192074,3.414046648730244,4.034211565500666,,
1720791000,222.03,223.62,221.86,223.11,215.60394545121196,217.16290296432564,215.60394545121196,217.16290296432564,0,0,0,0,0,219.465,207.325,223.68,203.10999999999999,215.25,220.54442766934096,215.82557233065904,,,,,5179297,0.61,0.66,1.2056965127511796,0.5925828533389824,1.4711943309646947,-24.534871630447274,132.474113128199,132.474113128199,168.66961974773167,168.66961974773167,270.6175180751296,-156.6310821026251,,,1.2023512646953993,3.3273134964151523,4.028553502961595,,
1721050200,223.39,225.59,223.02,223.83,215.6187935122485,217.39319696572463,215.6187935122485,217.39319696572463,0,0,0,1,0,219.465,207.325,223.68,203.10999999999999,215.25,220.51551552731604,215.854484472684,,,,,5719339,0.59,0.66,1.310578471589303,0.6183449247545117,1.4387362380945283,-14.260251385905065,147.6181457437666,147.6181457437666,177.90621097490177,177.90621097490177,270.6175180751296,-156.6310821026251,,,0.6857855361595975,3.2237241646404247,4.021874645885068,,
1721136600,225.45,228.29,225.3,228.29,219.21252474470796,221.1737915817912,219.21252474470796,221.1737915817912,0,0,0,1,0,219.465,207.325,223.68,203.10999999999999,215.25,221.85174379514208,217.14825620485792,,,,,11070663,0.65,0.65,1.855066040440305,1.0951284951937443,1.5539197434952718,-51.611295154929294,163.22745086777275,163.22745086777275,194.446061115785,194.446061115785,270.6175180751296,-156.6310821026251,,,1.3097376144377681,3.148665868554046,4.016455790677381,,
1721223000,228.79,229.65,226.67,227.23,219.22745716280048,221.38996446093662,219.22745716280048,221.38996446093662,0,0,0,1,0,219.465,207.325,223.68,203.10999999999999,215.25,222.54321992575322,217.8167800742468,,,,,8620511,0.63,0.65,1.698524214025223,0.8347236187328452,1.4274195960029552,-27.96331041839004,177.72539482039014,177.72539482039014,206.72128272562495,206.72128272562495,270.6175180751296,-156.6310821026251,226.72128272562495,,0.7096237242104361,3.0530171570111593,4.009848733601523,,
1721309400,227.71,228.32,225.57,225.78,219.24018392171595,221.5549540899195,219.24018392171595,221.5549540899195,0,0,0,0,0,219.465,207.325,223.68,203.10999999999999,215.25,222.540845956286,217.819154043714,,,,,5485459,0.64,0.66,1.1181557441334047,0.881982545985328,1.2492292462402652,-46.95074341853128,184.69867390771674,184.69867390771674,198.64523208236992,198.64523208236992,270.6175180751296,-156.6310821026251,,,1.1914669937360371,2.9800151898238996,4.0042176012541395,,
1721395800,221.52,222.68,221.41,221.73,219.24465668111313,221.5519676550207,219.24465668111313,221.5519676550207,0,0,0,0,0,219.465,207.325,223.68,203.10999999999999,215.25,222.59365312064793,217.76634687935206,,,,,8665956,0.65,0.67,0.11129056810667827,0.3185234721791223,1.0006392314954216,-118.75776276452025,148.62005898973177,148.62005898973177,172.6724689350551,172.6724689350551,270.6175180751296,-156.6310821026251,,,3.013710631214681,2.9813365796823614,4.002238566348966,,
1721655000,221.58,221.92,220.4,221.8,219.24712270173026,221.50988657051008,219.24712270173026,221.50988657051008,0,0,0,0,0,219.465,207.325,223.68,203.10999999999999,215.25,222.59217967188607,217.76782032811394,,,,,5334060,0.65,0.67,0.5086426295702684,0.1917044135903486,1.128925900803447,-136.1916785191953,94.48361103728953,94.48361103728953,146.60951630246657,146.60951630246657,270.6175180751296,-156.6310821026251,,,3.4561303605063673,2.999955943636244,4.001147441062567,,
1721741400,222.34,222.75,221.86,222.58,219.25247170732123,221.5261380775489,219.25247170732123,221.5261380775489,0,0,0,0,0,219.465,207.325,223.68,203.10999999999999,215.25,222.48960985991152,217.8703901400885,,,,,4435700,0.65,0.67,0.5653656674467357,0.9208737856760401,1.089324320759315,-110.99017653718941,54.47068447065767,54.47068447065767,115.89657235853028,115.89657235853028,270.6175180751296,-156.6310821026251,,,2.8165929300451085,2.9927652372209055,3.998780698782812,,
1721827800,223.47,224.88,221.74,221.8,219.25757266295096,221.53709344705678,219.25757266295096,221.53709344705678,0,0,0,0,0,219.465,207.325,223.68,203.10999999999999,215.25,222.49082767202293,217.86917232797708,,,,,6838783,0.64,0.68,0.3416659806803898,0.6859769633881896,1.0961905274021781,-113.06153286447763,26.297540974338276,26.297540974338276,86.03022856379961,86.03022856379961,270.6175180751296,-156.6310821026251,,,2.8691576503569944,2.9879178808733013,3.9965237096750683,,
1721914200,219.02,219.2607,217.52,218.33,219.25431617411388,221.38378390011337,219.25431617411388,221.38378390011337,0,0,0,0,0,219.465,207.325,223.68,203.10999999999999,215.25,222.53302848731911,217.8269715126809,,,,,9777054,0.65,0.68,-0.6772987292222282,0.34634123499803166,0.9551360471955446,-185.9042303741107,-32.73041403608677,-32.73041403608677,46.44334769717082,46.44334769717082,270.6175180751296,-156.6310821026251,,,4.717683647991581,3.0557518325249986,3.9979645886727035,,
1722000600,219.96,221.04,219.7,220.63,219.2553782796601,221.32112178638346,219.2553782796601,221.32112178638346,0,0,0,0,0,219.465,207.325,223.68,203.10999999999999,215.25,222.54472125210273,217.81527874789728,,,,,6328784,0.62,0.68,-0.3438387446423262,0.4915599857371358,1.0618740278563479,-148.27459042837646,-63.81520612214611,-63.81520612214611,9.69049642406518,9.69049642406518,270.6175180751296,-156.6310821026251,,,3.7627578956590315,3.083477560491039,3.9974946452301188,,
1722259800,221.26,221.55,219.045,220.32,219.25514265872172,221.23548759868214,219.25514265872172,221.23548759868214,0,0,0,0,0,219.465,207.325,223.68,203.10999999999999,215.25,222.5438000163498,217.8161999836502,,,,,4665057,0.64,0.68,-0.48545974908346845,0.6168402239375105,1.059802703785678,-159.58074371482428,-77.99174073640616,-77.99174073640616,-19.5369159627586,-19.5369159627586,270.6175180751296,-156.6310821026251,,,4.049673660694732,3.121367603636282,3.997598899007271,,
1722346200,221.41,222.92,220.355,222.52,219.25749871734567,221.2040704379495,219.25749871734567,221.2040704379495,0,0,0,0,0,219.465,207.325,223.68,203.10999999999999,215.25,222.55773753673304,217.80226246326697,,,,,4939531,0.63,0.67,-0.7813937599041192,0.5617972604592262,1.036746350585302,-136.96843714192866,-63.14367233594393,-63.14367233594393,-34.07250142048704,-34.07250142048704,270.6175180751296,-156.6310821026251,,,3.4758421306233314,3.1352685654789116,3.996556427941569,,
1722432600,223.73,226.6,223.64,226.55,219.26634787075756,221.30142061685345,219.26634787075756,221.30142061685345,0,0,0,0,0,219.465,207.325,223.68,203.10999999999999,215.25,222.53474876120205,217.82525123879793,,,,,7316552,0.65,0.66,-0.09136845682613404,0.980723971129693,1.238587817469351,-80.26505768241573,-30.17694588401066,-30.17694588401066,-22.38583481105789,-22.38583481105789,270.6175180751296,-156.6310821026251,,,2.036882912085508,3.0921946182870133,3.9926409963414566,,
1722519000,226.74,227.57,225.05,225.77,219.27796835453228,221.44969431815332,219.27796835453228,221.44969431815332,0,0,0,0,0,237.23250000000002,219.15750000000003,244.815,211.57500000000002,226.74,222.5273127993058,217.8326872006942,,,,,7217224,0.66,0.67,-0.0013541766340266108,0.8438214680553785,1.293080996747143,-55.9266208367796,-14.301116585079193,-14.301116585079193,17.450542012783743,17.450542012783743,270.6175180751296,-156.6310821026251,,,1.41924744842086,3.0265888469197133,3.9874993508910657,,
1722605400,227.95,228.76,222.865,225.34,219.2852436425352,221.50732395273553,219.2852436425352,221.50732395273553,0,0,0,0,0,237.23250000000002,219.15750000000003,244.815,211.57500000000002,226.74,222.52600115491563,217.83399884508435,,,,,11109387,0.66,0.67,0.49757807681779803,0.5807205359726518,1.2341892318103584,-93.64256729615127,5.155723947909454,5.155723947909454,44.06940501388675,44.06940501388675,270.6175180751296,-156.6310821026251,,,2.376363397433082,3.0010898096849434,3.9842802980370036,,
1722864600,220.56,223.1,220.241,222.48,219.28731406482785,221.4608206604714,219.28731406482785,221.4608206604714,0,0,0,0,0,237.23250000000002,219.15750000000003,244.815,211.57500000000002,226.74,222.97504596273356,218.21495403726644,,,,,8939011,0.65,0.68,0.09349910433386575,0.6312426574475339,1.0506543207261863,-138.936225652852,14.099858251592403,14.099858251592403,31.988126858958303,31.988126858958303,270.6175180751296,-156.6310821026251,,,3.5257786149196106,3.0216658412627737,3.983364210758048,,
1722951000,221.5,222.14,220.11,220.7,219.28912122953346,221.41105514437447,219.28912122953346,221.41105514437447,0,0,0,0,0,237.23250000000002,219.15750000000003,244.815,211.57500000000002,226.74,222.9710332510532,218.2189667489468,,,,,14362267,0.65,0.68,-0.2570354705078442,0.41310409241982304,0.8790282609370149,-141.19745631014155,4.254792807339655,4.254792807339655,10.818169770174821,10.818169770174821,270.6175180751296,-156.6310821026251,,,3.5831617679267507,3.0436852893672435,3.9825646054776658,,
1723037400,221.94,222.31,220.35,220.55,219.29139950879514,221.37255886420292,219.29139950879514,221.37255886420292,0,0,0,0,0,237.23250000000002,219.15750000000003,244.815,211.57500000000002,226.74,222.96709747915443,218.22290252084557,,,,,5287817,0.63,0.67,-0.17169271075261755,0.49104446583316574,0.7320601507840082,-137.05474365556557,-20.37962398172204,-20.37962398172204,0.4189051862092015,0.4189051862092015,270.6175180751296,-156.6310821026251,,,3.4780323273029907,3.0607185065411944,3.9815565489778164,,
1723123800,222.73,224.25,222.515,224.01,219.29795565363273,221.4196251832538,219.29795565363273,221.4196251832538,0,0,0,0,0,237.23250000000002,219.15750000000003,244.815,211.57500000000002,226.74,223.00121426398576,218.18878573601424,,,,,6327054,0.64,0.66,0.7855304184174949,0.9373273437020307,0.7840907666172715,-99.68402325074209,-16.12655298121843,-16.12655298121843,-5.0962475362666755,-5.0962475362666755,270.6175180751296,-156.6310821026251,,,2.5296771650094203,3.0398933558928896,3.9786556910677895,,
1723210200,224.82,225.28,223.82,224.56,219.30708001796114,221.515510470185,219.30708001796114,221.515510470185,0,0,0,0,0,237.23250000000002,219.15750000000003,244.815,211.57500000000002,226.74,222.96533704556512,218.22466295443488,,,,,4441017,0.65,0.66,0.5378093645744688,0.7759494424512431,0.6523664946825632,-77.1580231914834,-1.1589380832031813,-1.1589380832031813,6.715680822923808,6.715680822923808,270.6175180751296,-156.6310821026251,,,1.958035831617679,2.997467570627195,3.9746184885514055,,
1723469400,226.14,228.535,225.965,228.41,219.43547923379174,221.80283185209498,219.43547923379174,221.80283185209498,0,0,0,0,0,237.23250000000002,219.15750000000003,244.815,211.57500000000002,226.74,222.99973846946273,218.19026153053727,,,,,5561259,0.65,0.65,1.0964790924362975,1.0744625133978312,0.7331694210295711,-42.18171246931359,13.313934706096017,13.313934706096017,42.25968028469441,42.25968028469441,270.6175180751296,-156.6310821026251,,,1.0704435007223823,2.921897999258379,3.9688159411231756,,
1723555800,228.07,228.87,227.59,228.06,219.45178836619175,222.0301011912285,219.45178836619175,222.0301011912285,0,0,0,0,0,237.23250000000002,219.15750000000003,244.815,211.57500000000002,226.74,222.977234769458,218.21276523054203,,,,,6740238,0.63,0.65,0.7469066503568644,1.0035502008398107,0.7819669998549154,-14.146831993798344,32.78999132972271,32.78999132972271,71.7421045769761,71.7421045769761,270.6175180751296,-156.6310821026251,,,0.3590035462545393,2.821392334434699,3.961603528745816,,
1723642200,226.55,227.48,225.35,226.2,219.46363414368187,222.16149330137642,219.46363414368187,222.16149330137642,0,0,0,0,0,237.23250000000002,219.15750000000003,244.815,211.57500000000002,226.74,222.980426301907,218.209573698093,,,,,5462495,0.64,0.65,-0.04617594990569007,0.8517746017228291,0.5121823027730863,-52.79183646466259,48.58382124575152,48.58382124575152,80.17148107780916,80.17148107780916,270.6175180751296,-156.6310821026251,,,1.3396961604132929,2.763286602120134,3.9563649525853113,,
1723728600,226.51,227.5,225.12,226.91,219.47500130822996,222.2788033679891,219.47500130822996,222.2788033679891,0,0,0,0,0,237.23250000000002,219.15750000000003,244.815,211.57500000000002,226.74,222.95712214937214,218.23287785062786,,,,,5273310,0.64,0.65,0.15147906441086365,0.7087313624414825,0.4817916514313958,-56.7598503165815,59.57228454893755,59.57228454893755,81.54921115530962,81.54921115530962,270.6175180751296,-156.6310821026251,,,1.44039227704566,2.7114083932936843,3.9513380341526645,,
1723815000,229.99,232.02,229.005,231.99,222.92718554209583,225.89102501870562,222.92718554209583,225.89102501870562,0,0,0,0,0,237.23250000000002,219.15750000000003,244.815,211.57500000000002,226.74,224.2263883519322,219.33361164806783,,,,,11924536,0.65,0.65,0.8683883556827469,0.8504924116270262,0.645288346339262,-50.70321848752422,78.1911387002161,78.1911387002161,115.42884700277322,115.42884700277322,270.6175180751296,-156.6310821026251,,,1.2866933919565555,2.6555372167706595,3.946014068833591,,
1724074200,230.15,231.78,229.74,231.61,222.9408425140397,226.04284756699167,222.9408425140397,226.04284756699167,0,0,0,0,0,237.23250000000002,219.15750000000003,244.815,211.57500000000002,226.74,224.18779385615235,219.37220614384765,,,,,5164817,0.65,0.65,1.207223127437938,1.0446355262792384,0.7276751993707963,-38.21850639763115,98.88159430541735,98.88159430541735,140.26250551581987,140.26250551581987,270.6175180751296,-156.6310821026251,,,0.9698693909220225,2.5894325961491442,3.940067725820781,,
1724160600,233.71,234.01,231.13,232.46,223.40799547405848,226.6828578023327,223.40799547405848,226.6828578023327,0,0,0,1,0,237.23250000000002,219.15750000000003,244.815,211.57500000000002,226.74,225.19321856671823,220.35678143328172,,,,,9073611,0.64,0.65,1.5694736780933383,1.0815149789586997,0.565501564496999,-21.356292676396016,117.86472563949383,117.86472563949383,155.8309883076468,155.8309883076468,270.6175180751296,-111.71107164002933,,,0.5721414436892422,2.5103231391899326,3.9333386023799584,,
1724247000,231.69,232.87,230.48,232.15,223.42216491367074,226.83254181008436,223.42216491367074,226.83254181008436,0,0,0,1,0,237.23250000000002,219.15750000000003,244.815,211.57500000000002,226.74,225.19313195892337,220.35686804107658,,,,,5337388,0.65,0.64,1.5577481428718558,0.9970083480723239,0.6946084547085584,-31.793578570875265,131.15102409163723,131.15102409163723,157.72362099592402,157.72362099592402,270.6175180751296,-111.71107164002933,,,0.8517594424847363,2.44528142559365,3.9271816010614864,,
1724333400,230.35,230.38,228.26,229.37,223.43191483392314,226.8901676214536,223.43191483392314,226.8901676214536,0,0,0,0,0,237.23250000000002,219.15750000000003,244.815,211.57500000000002,226.74,225.1592413861632,220.39075861383677,,,,,5765369,0.66,0.64,0.7058741640185355,0.46690575820235386,0.3747371363021639,-67.44092424125023,121.47225863228758,121.47225863228758,127.92476893852067,127.92476893852067,270.6175180751296,-111.71107164002933,,,1.8067624537554923,2.4202414659137226,3.922944999368567,,
1724419800,231.04,232.73,230.5199,232.02,223.44611540568354,227.03327089120052,223.44611540568354,227.03327089120052,0,0,0,0,0,237.23250000000002,219.15750000000003,244.815,211.57500000000002,226.74,225.1038876841407,220.44611231585927,,,,,5418171,0.6,0.63,0.9833716712971283,0.6825104506631516,0.48171412165448124,-31.152889790583117,112.78340663451975,112.78340663451975,122.87764817052036,122.87764817052036,270.6175180751296,-111.71107164002933,,,0.8345951991740519,2.358059259374912,3.9167744702972493,,
1724679000,233.45,233.5,232.06,232.76,223.7511309719493,227.5121785353884,223.7511309719493,227.5121785353884,0,0,0,0,0,237.23250000000002,219.15750000000003,244.815,211.57500000000002,226.74,225.10456063170366,220.4454393682963,,,,,3151384,0.59,0.63,0.5651314839075814,0.6835147588053196,0.5932357586271435,-12.53535884077083,120.40930576034323,120.40930576034323,122.05486736712798,122.05486736712798,270.6175180751296,-109.80554692087628,,,0.3007389585839443,2.277380031892913,3.90954962412,,
1724765400,231.69,233.47,231.5701,233.39,224.37119576606665,228.26367351549695,224.37119576606665,228.26367351549695,0,0,0,0,0,237.23250000000002,219.15750000000003,244.815,211.57500000000002,226.74,225.09022355839505,220.45977644160493,,,,,4435606,0.58,0.63,0.6948101662865871,0.38345176038323786,0.5869268629672291,-32.50217020109387,123.9269165634461,123.9269165634461,127.67101495608235,127.67101495608235,270.6175180751296,-109.80554692087628,,,0.7797677706842582,2.2186501392964955,3.903296313723525,,
1724851800,232,232.02,230.73,231.75,224.3839538164841,228.36143533841863,224.3839538164841,228.36143533841863,0,0,0,0,0,237.23250000000002,219.15750000000003,244.815,211.57500000000002,226.74,225.08295818708186,220.4670418129181,,,,,4961482,0.59,0.63,0.7359415478046479,0.34447291352174225,0.48491458441451074,-49.14686398896281,112.20671672006452,112.20671672006452,120.02018328231891,120.02018328231891,270.6175180751296,-109.80554692087628,,,1.1397232100775512,2.176339279327125,3.8977746891408156,,
1724938200,231.95,233.61,231.92,232.95,224.39904022244517,228.501563364363,224.39904022244517,228.501563364363,0,0,0,0,0,237.23250000000002,219.15750000000003,244.815,211.57500000000002,226.74,225.08563333343386,220.46436666656612,,,,,5524161,0.59,0.64,0.798781176559771,0.5501961902725797,0.8064634974922593,-27.160109046532092,119.21653612700005,119.21653612700005,119.75230089721262,119.75230089721262,270.6175180751296,-109.80554692087628,,,0.6298470371481207,2.11569252473187,3.8912453631628083,,
1725024600,232.53,232.86,230.5501,231.29,224.4113867934293,228.58301182066248,224.4113867934293,228.58301182066248,0,0,0,0,0,237.23250000000002,219.15750000000003,244.815,211.57500000000002,226.74,225.08894938199845,220.4610506180015,,,,,5742963,0.6,0.64,-0.09038869155433008,0.7456896796505992,0.754567652966966,-52.470744000848,93.9114593065735,93.9114593065735,111.13868703366624,111.13868703366624,270.6175180751296,-109.80554692087628,,,1.216804490338061,2.0804420135791717,3.8859018249553663,,
1725370200,230.38,230.54,228.52,230.29,224.41969311352233,228.58245057279336,224.41969311352233,228.58245057279336,0,0,0,0,0,240.95999999999998,223.43,247.90999999999997,216.48000000000002,230.38,225.08336397479204,220.46663602520795,,,,,6417918,0.59,0.63,-0.17132717493694677,0.6643472630764399,0.7306208414616122,-89.97940888204812,45.07862839281542,45.07862839281542,89.11866748671596,89.11866748671596,270.6175180751296,-109.80554692087628,,,2.0866361026607723,2.0806849190333523,3.8823068884472853,,
1725456600,229.79,231.06,229.375,230.43,224.42967404636246,228.61510545229166,224.42967404636246,228.61510545229166,0,0,0,0,0,240.95999999999998,223.43,247.90999999999997,216.48000000000002,230.38,225.06619050339629,220.48380949660367,,,,,4695980,0.6,0.63,-0.2668186644583864,0.6221445382875783,0.6844184174499276,-74.18220259988168,4.9204189142044115,4.9204189142044115,61.05258462921212,61.05258462921212,270.6175180751296,-109.80554692087628,,,1.7202964994215635,2.06655203983289,3.877987187370311,,
1725543000,232.72,232.89,231.33,232.35,224.44350207024584,228.72237974828022,224.44350207024584,228.72237974828022,0,0,0,0,0,240.95999999999998,223.43,247.90999999999997,216.48000000000002,230.38,225.05542101061448,220.4945789893855,,,,,4838112,0.58,0.62,0.02648786295804961,0.8443371604793098,0.7442083346970573,-38.061105194459486,3.532504745512668,3.532504745512668,41.879224667978974,41.879224667978974,270.6175180751296,-109.80554692087628,,,0.8826427867517778,2.0201242259865717,3.872002483273171,,
1725629400,231.83,232.76,229.62,230.63,224.45392004812746,228.75905897383785,224.45392004812746,228.75905897383785,0,0,0,0,0,240.95999999999998,223.43,247.90999999999997,216.48000000000002,230.38,225.0602227964584,220.48977720354156,,,,,6315824,0.6,0.63,0.17104115606200884,1.0127395300406767,0.6937416558706013,-67.94283852996931,-5.874511913495777,-5.874511913495777,25.961312474154056,25.961312474154056,270.6175180751296,-100.45176271902363,,,1.6153219932302079,2.004249628623577,3.867493631145213,,
1725888600,231.26,231.62,230.39,231.6,224.46584028779156,228.82419391604031,224.46584028779156,228.82419391604031,0,0,0,0,0,240.95999999999998,223.43,247.90999999999997,216.48000000000002,230.38,225.09887030691158,221.03152969308843,,,,,3548806,0.61,0.62,-0.05632640553180331,0.8932429659057203,0.9658830250979783,-54.06591925461775,-7.9224479370945415,-7.9224479370945415,14.666725670404524,14.666725670404524,270.6175180751296,-100.45176271902363,,,1.2854021166288188,1.9760595301139785,3.8623346071401854,,
1725975000,232.39,232.74,231.12,232.62,224.47918066683692,228.91511572325442,224.47918066683692,228.91511572325442,0,0,0,0,0,240.95999999999998,223.43,247.90999999999997,216.48000000000002,230.38,225.08898773196532,221.0414122680347,,,,,4378349,0.63,0.62,-0.018759691945979217,1.005302069379302,0.9156883595945352,-40.90987890266044,12.139769148523733,12.139769148523733,13.824406829777594,13.824406829777594,270.6175180751296,-100.45176271902363,,,0.9726209349157985,1.936708996968952,3.8565609534494274,,
1726061400,231.72,232.87,231.09,232.25,224.49243505111897,229.00130726351895,224.49243505111897,229.00130726351895,0,0,0,0,0,240.95999999999998,223.43,247.90999999999997,216.48000000000002,230.38,225.09018906857122,221.0402109314288,,,,,4637312,0.62,0.62,-0.15236809811116409,0.78750732295279,0.9328106322765812,-41.45053809520664,20.44295557924135,20.44295557924135,33.68005307816887,33.68005307816887,270.6175180751296,-100.45176271902363,,,0.9854749560820872,1.8994057012478984,3.850824517890252,,
1726147800,234.63,236.45,234.42,236.33,227.33457622352506,231.9861438215244,227.33457622352506,231.9861438215244,0,0,0,0,0,240.95999999999998,223.43,247.90999999999997,216.48000000000002,230.38,226.37061650089976,222.1997834991002,,,,,9944986,0.63,0.62,0.6082461850597697,0.767092646311106,1.1258306764144275,-33.99375132108438,38.30798509947376,38.30798509947376,74.03804413993859,74.03804413993859,270.6175180751296,-100.45176271902363,,,0.8081919350061461,1.8566130045325355,3.844745331910463,,
1726234200,238.13,238.98,237.7575,238.68,229.6114550900647,234.42917620154358,229.6114550900647,234.42917620154358,0,0,0,0,0,240.95999999999998,223.43,247.90999999999997,216.48000000000002,230.38,227.6417320966095,223.45866790339048,,,,,7455078,0.64,0.62,0.7784890678231848,1.044864545712813,1.1510526311128413,-16.37783911014825,63.12687440928519,63.12687440928519,112.76465302890807,112.76465302890807,273.3804114215411,-100.45176271902363,,,0.38650075414781865,1.7989615437331348,3.837835752334514,,
1726493400,238.73,239.278,238.05,238.66,229.6283279070676,234.57141635050266,229.6283279070676,234.57141635050266,0,0,0,0,0,240.95999999999998,223.43,247.90999999999997,216.48000000000002,230.38,227.7684975887374,223.62990241126258,,,,,4713541,0.65,0.62,1.0090538847895116,1.0807096626024426,1.2048184085549878,-11.184865733759537,87.65192283635449,87.65192283635449,136.70201969049307,136.70201969049307,273.3804114215411,-100.45176271902363,,,0.26395173453996795,1.7387650806275203,3.830695124926333,,
1726579800,238.08,238.6,236.61,237.34,229.6423186605,234.65217257205157,229.6423186605,234.65217257205157,0,0,0,0,0,240.95999999999998,223.43,247.90999999999997,216.48000000000002,230.38,227.76942704127063,223.62897295872935,,,,,5257119,0.62,0.62,0.9677352970286289,1.219016967845792,1.1722146477560575,-36.75027312521005,105.1284568720198,105.1284568720198,140.08152494335044,140.08152494335044,273.3804114215411,-100.45176271902363,,,0.8672699849170409,1.7045888023643643,3.8247741955756647,,
1726666200,238.19,240.2896,235.3,235.51,229.65369025158793,234.6789030594221,229.65369025158793,234.6789030594221,0,0,0,0,0,240.95999999999998,223.43,247.90999999999997,216.48000000000002,230.38,228.295320034796,224.11467996520395,,,,,11081114,0.63,0.62,0.69512934972803,1.221611271548798,0.8991621061353857,-60.0076923493769,112.2954082405281,112.2954082405281,126.62931097754473,126.62931097754473,273.3804114215411,-100.45176271902363,,,1.4161220043572964,1.6932763789131067,3.8199617036851183,,
1726752600,238.24,239.515,237.39,239.17,230.13971034739856,235.2488109766606,230.13971034739856,235.2488109766606,0,0,0,0,0,240.95999999999998,223.43,247.90999999999997,216.48000000000002,230.38,228.30988382755635,224.10011617244362,,,,,6108226,0.63,0.62,0.9161393820114261,1.5213594688352705,0.9732750464558333,-31.536940125168787,123.37567700314403,123.37567700314403,145.5362145283759,145.5362145283759,273.3804114215411,-100.45176271902363,,,0.7442404983902668,1.6560592855592697,3.8138164065716422,,
1726839000,241.11,242.625,240.47,242.21,233.07975983925832,238.32714393340626,233.07975983925832,238.32714393340626,0,0,0,0,0,240.95999999999998,223.43,247.90999999999997,216.48000000000002,230.38,229.453369807685,225.292030192315,,,,,7737416,0.65,0.62,1.5577368571699675,1.4552737307249008,1.24091274237912,-30.441316703403388,140.74039730547742,140.74039730547742,175.4698379101442,175.4698379101442,273.3804114215411,-100.45176271902363,,,0.7183848726311916,1.6192877399542471,3.807631728182151,,
1727098200,242.97,243.46,242.585,242.68,233.55013265324502,238.93848549000117,233.55013265324502,238.93848549000117,0,0,0,0,0,240.95999999999998,223.43,247.90999999999997,216.48000000000002,230.38,229.87385392536336,225.70654607463666,,,,,5426166,0.66,0.62,1.517503817597628,1.477725451152874,1.1921478187510177,-1.6588070551245404,158.3539064781082,158.3539064781082,193.58092482336974,193.58092482336974,273.3804114215411,-100.45176271902363,,,0.039146200758199634,1.557321405083814,3.800102286568916,,
1727184600,243.39,246.19,243.15,246.07,236.82531790507997,242.31163119784182,236.82531790507997,242.31163119784182,0,0,0,1,0,240.95999999999998,223.43,247.90999999999997,216.48000000000002,230.38,231.2694242646284,227.04097573537157,,,,,8386348,0.66,0.62,1.8249572437037136,1.4089397408668676,1.199322211432753,-50.2840717006872,173.95776308812285,173.95776308812285,205.1654763081521,205.1654763081521,273.3804114215411,-100.45176271902363,225.1654763081521,,1.1866542040882624,1.5427854364173217,3.7948806120784453,,
1727271000,246.19,246.47,244.79,245.73,236.84125693024464,242.4093240920441,236.84125693024464,242.4093240920441,0,0,0,1,0,240.95999999999998,223.43,247.90999999999997,216.48000000000002,230.38,232.5624702816781,228.35752971832184,,,,,7393448,0.67,0.62,1.8330944432852636,1.412789548890271,1.2296475285563964,-22.042332800301352,185.86977628902935,185.86977628902935,209.69380269084238,209.69380269084238,273.3804114215411,-100.45176271902363,229.69380269084238,,0.5201771853537616,1.502683152061888,3.7883377480889853,,
1727357400,246.44,247.37,245.19,246.98,237.73209437330334,243.38037910895747,237.73209437330334,243.38037910895747,0,0,0,1,0,240.95999999999998,223.43,247.90999999999997,216.48000000000002,230.38,233.01943165716017,228.83556834283985,,,,,7041063,0.7,0.62,1.4227158483206634,1.6744791021373844,1.097252015744346,-30.711250435208957,196.1818923359275,196.1818923359275,216.8061244297238,216.8061244297238,273.3804114215411,-100.45176271902363,236.8061244297238,,0.7247550408939962,1.4721761673102058,3.7822167037189653,,
1727443800,246.31,246.75,244.19,245.02,237.74505302590413,243.41322306546894,237.74505302590413,243.41322306546894,0,0,0,0,0,240.95999999999998,223.43,247.90999999999997,216.48000000000002,230.38,233.0391531548304,228.8158468451696,,,,,8329633,0.66,0.62,0.838380142752865,1.4543600683124072,0.9585609434761226,-47.86837358337048,199.7171738713584,199.7171738713584,206.78773694222016,206.78773694222016,273.3804114215411,-100.45176271902363,226.78773694222016,,1.1296461251923202,1.4587436166389163,3.776916862403228,,
1727703000,243.97,244.08,242.5,243.06,237.7546429299483,243.37916725897998,237.7546429299483,243.37916725897998,0,0,0,0,0,240.95999999999998,223.43,247.90999999999997,216.48000000000002,230.38,233.1274359183933,228.8629640816067,,,,,6919352,0.64,0.61,0.5803920246275261,0.8672935656764351,0.8812187803827347,-76.86391170376338,160.29642522357773,160.29642522357773,186.57692432209817,186.57692432209817,273.3804114215411,-100.45176271902363,,,1.8139120576564864,1.4726717907964681,3.7729947748812562,,
1727789400,245.2,246.98,245.06,245.61,237.76927740960872,243.4458352096082,237.76927740960872,243.4458352096082,0,0,0,0,0,256.795,235.77499999999998,266.22,226.35,245.2,234.47532940211843,230.1596705978816,,,,,10605494,0.66,0.61,1.0934623204369283,1.09516448719299,1.2118487038915697,-32.941676444469884,143.18978906463784,143.18978906463784,172.1145459029447,172.1145459029447,273.3804114215411,-100.45176271902363,,,0.7773908818527766,1.4454058727986763,3.767009552317763,,
1727875800,245.61,246.07,243.99,245.66,237.7817661660331,243.46834755432945,237.7817661660331,243.46834755432945,0,0,0,0,0,256.795,235.77499999999998,266.22,226.35,245.2,234.4590012449031,230.17599875509688,,,,,6798783,0.68,0.61,1.366409632703371,1.039415755433041,1.4667778900251758,-51.299798213002575,128.0042367140693,128.0042367140693,157.4111095066529,157.4111095066529,273.3804114215411,-100.45176271902363,,,1.2106243420519802,1.4361987539458647,3.761901889559989,,
1727962200,244.72,245.91,243.69,245.49,237.79363656330375,243.47833000317928,237.79363656330375,243.47833000317928,0,0,0,0,0,256.795,235.77499999999998,266.22,226.35,245.2,234.43310291130743,230.2018970886926,,,,,5674503,0.66,0.62,0.8396194821688916,1.0541408579222318,1.450471937015902,-56.44693515745122,110.73496785210858,110.73496785210858,141.8523956218048,141.8523956218048,273.3804114215411,-100.45176271902363,,,1.332091667341482,1.4321161230986341,3.757047123881231,,
1728048600,245,246.69,244.045,245,237.80618544129914,243.50170333638792,237.80618544129914,243.50170333638792,0,0,0,0,0,256.795,235.77499999999998,266.22,226.35,245.2,234.39457254075998,230.24042745924,,,,,5951628,0.65,0.62,0.36870278328237394,1.2592907651159395,1.3110069663133703,-53.83763831099798,93.86467829358763,93.86467829358763,125.8564898457324,125.8564898457324,273.3804114215411,-69.70426028056664,,,1.1883553324155811,1.422556876405181,3.7519148725496314,,
1728307800,244.58,244.82,243.81,244.17,237.8182444114464,243.51503653888253,237.8182444114464,243.51503653888253,0,0,0,0,0,256.795,235.77499999999998,266.22,226.35,245.2,234.52876648139372,230.36123351860624,,,,,3849026,0.68,0.62,0.1968350939787843,0.9692604184799924,1.3847353277914782,-58.14831803947626,52.335766543040016,52.335766543040016,101.34958207816828,101.34958207816828,273.3804114215411,-69.70426028056664,,,1.2835047372256814,1.4171038513393184,3.746982984167366,,
1728394200,243.79,244.04,240.63,242.37,237.8239891778571,243.40438804716163,237.8239891778571,243.40438804716163,0,0,0,0,0,256.795,235.77499999999998,266.22,226.35,245.2,234.5448259907976,230.34517400920237,,,,,7669807,0.66,0.62,-0.483717669454969,0.7668374401394432,1.2774651221138777,-131.64526165017406,-4.1316407724707815,-4.1316407724707815,66.1891744612886,66.1891744612886,273.3804114215411,-69.70426028056664,,,2.5710583852943536,1.4623569703179473,3.744633484469318,,
1728480600,241.16,241.84,240.64,241.05,237.8297422464328,243.29846694727294,237.8297422464328,243.29846694727294,0,0,0,0,0,256.795,235.77499999999998,266.22,226.35,245.2,234.50052820734192,230.38947179265804,,,,,4120486,0.67,0.62,-0.6121295804587759,0.6090340762191025,1.2813496163532487,-131.85538991017492,-54.87357749788921,-54.87357749788921,25.834923808229334,25.834923808229334,273.3804114215411,-70.7938886240371,,,2.567009474451374,1.5056766763623954,3.742280589344407,,
1728567000,241.77,243.02,241.5101,242.82,237.83720489728907,243.23047996894852,237.83720489728907,243.23047996894852,0,0,0,0,0,256.795,235.77499999999998,266.22,226.35,245.2,234.50735633038423,230.38264366961576,,,,,4792690,0.69,0.62,-0.5470850560584626,0.8957577169573512,1.2759751276179352,-113.75958947471054,-76.36255099647187,-76.36255099647187,-8.230901126671064,-8.230901126671064,273.3804114215411,-70.7938886240371,,,2.2147137420033993,1.533482051485572,3.739228507731338,,
1728653400,244.5,245.92,244.47,245.47,237.85050738500678,243.2800729113427,237.85050738500678,243.2800729113427,0,0,0,0,0,256.795,235.77499999999998,266.22,226.35,245.2,234.52516075951633,230.36483924048363,,,,,5789546,0.66,0.62,0.05937067329053332,1.003094808040908,1.5116915073520427,-52.201424081157356,-52.7910528767375,-52.7910528767375,-23.084285043359877,-23.084285043359877,273.3804114215411,-70.7938886240371,,,1.0162766215887888,1.5131994856072668,3.733788044422362,,
1728912600,245.16,245.86,244.26,245.07,237.86336790971205,243.31956809129002,237.86336790971205,243.31956809129002,0,0,0,0,0,256.795,235.77499999999998,266.22,226.35,245.2,234.45571171124595,230.43428828875403,,,,,3922892,0.65,0.62,0.2673163360102034,1.1119228883349845,1.34800168211748,-56.56887390468067,-23.984953664835473,-23.984953664835473,-23.384507917185076,-23.384507917185076,273.3804114215411,-70.7938886240371,,,1.1013037492914401,1.497046711634097,3.7285283355409815,,
1728999000,244.99,246.55,244.53,245.92,237.87673680499736,243.3679967935924,237.87673680499736,243.3679967935924,0,0,0,0,0,256.795,235.77499999999998,266.22,226.35,245.2,234.4495190057396,230.4404809942604,,,,,5640831,0.69,0.62,0.04161508586251594,1.2919878132818232,1.326782842609257,-50.953581274436424,-14.085015649265173,-14.085015649265173,4.513968886574634,4.513968886574634,273.3804114215411,-70.7938886240371,,,0.9919831565308888,1.477240297708481,3.7230607128056965,,
1729085400,247.62,248.09,246.36,247.15,238.0571091138101,243.6465846923607,238.0571091138101,243.6465846923607,0,0,0,0,0,256.795,235.77499999999998,266.22,226.35,245.2,234.80258582101877,230.80741417898125,,,,,5431939,0.68,0.62,0.20490240441661967,1.4152457509197416,1.8918988826819563,-16.91491008279809,4.4123555655807465,4.4123555655807465,41.40709799527259,41.40709799527259,273.3804114215411,-70.7938886240371,,,0.31964394092655957,1.4318443621484058,3.7162606792954485,,
1729171800,247.75,249.06,247.62,248.63,239.4989370668079,245.20460510057958,239.4989370668079,245.20460510057958,0,0,0,0,0,256.795,235.77499999999998,266.22,226.35,245.2,235.21018402239486,231.36981597760516,,,,,5176170,0.66,0.62,0.4316016262384337,1.3650178375052862,1.848289963909788,-29.079888442251907,32.04748046354666,32.04748046354666,87.3177302594785,87.3177302594785,273.3804114215411,-70.7938886240371,,,0.40622611913284434,1.3916240388928935,3.709647223630788,,
1729258200,250,251.37,249.9,251.27,242.0577094358083,247.89080092392658,242.0577094358083,247.89080092392658,0,0,0,0,0,256.795,235.77499999999998,266.22,226.35,245.2,236.3910215508425,232.49897844915748,,,,,7833614,0.6,0.61,0.863458318314354,1.7433042457234351,1.9494340855196748,-39.03056334751792,64.5008831484774,64.5008831484774,129.4076885183389,129.4076885183389,273.3804114215411,-70.7938886240371,,,0.5452302304294203,1.3584321248355025,3.7033247121558603,,
1729517400,252.74,253.14,250.73,251.22,242.07504747889362,248.00235382887064,242.07504747889362,248.00235382887064,0,0,0,1,0,256.795,235.77499999999998,266.22,226.35,245.2,237.2838599272477,233.3761400727523,,,,,9258590,0.6,0.61,0.9805506323139964,1.6610129978027324,1.9242979692420195,-15.384309640628034,95.5949586978397,95.5949586978397,157.7831097965643,157.7831097965643,273.3804114215411,-70.7938886240371,,,0.21490826600868407,1.3135880519403331,3.696354849126595,,
1729603800,253.06,253.94,252.52,253.93,244.65348467794846,250.7025201618516,244.65348467794846,250.7025201618516,0,0,0,1,0,256.795,235.77499999999998,266.22,226.35,245.2,237.69726406253145,233.76273593746862,,,,,5756321,0.6,0.61,1.6119338477759098,1.7874916203582996,2.1666487265422045,-39.749346434017504,124.24537739268888,124.24537739268888,181.54621478238724,181.54621478238724,273.3804114215411,-70.7938886240371,,,0.5552711377151169,1.2838501337354227,3.6900789575953037,,
1729690200,253.08,253.18,250.2,250.87,244.6646411521184,250.68427623393583,244.6646411521184,250.68427623393583,0,0,0,1,0,256.795,235.77499999999998,266.22,226.35,245.2,238.439517198048,234.54548280195198,,,,,8080958,0.6,0.61,1.366642909644425,1.5527946539324213,1.8214642826134537,-105.15252638218891,142.05687141723993,142.05687141723993,177.67985946634204,177.67985946634204,273.3804114215411,-70.7938886240371,,,1.4689087543811357,1.2911073345450585,3.6856410550913794,,
1729776600,253.27,253.32,251.4,252.8,244.6781489620043,250.71333598946777,244.6781489620043,250.71333598946777,0,0,0,0,0,256.795,235.77499999999998,266.22,226.35,245.2,238.43065320492883,234.55434679507118,,,,,5962188,0.62,0.61,1.3800676320004526,1.351040600783567,1.9917404004140367,-71.32329537451388,155.61083649668603,155.61083649668603,182.7187666555782,182.7187666555782,273.3804114215411,-70.7938886240371,,,0.9963375733469858,1.2795477360667027,3.6802678213616202,,
1729863000,252,253.5499,251.77,253.32,244.69236165139088,250.7556208526259,244.69236165139088,250.7556208526259,0,0,0,0,0,256.795,235.77499999999998,266.22,226.35,245.2,238.96455413623931,235.0854458637607,,,,,4424475,0.6,0.62,1.0806533633163062,1.1966843060765806,1.978668285086886,-60.8926158138141,167.56004438410173,167.56004438410173,191.45846015893315,191.45846015893315,273.3804114215411,-70.7938886240371,,,0.8506281258614565,1.2627273591959087,3.6746141955963854,,
1730122200,253.01,253.63,252.95,253.33,244.70888000972977,250.84205925056213,244.70888000972977,250.84205925056213,0,0,0,0,0,256.795,235.77499999999998,266.22,226.35,245.2,238.95153878790072,235.09846121209932,,,,,4029110,0.6,0.62,1.1456565705257942,1.206297433576053,1.8265877566982627,-27.627205322934735,178.04854661279072,178.04854661279072,199.0255510701687,199.0255510701687,273.3804114215411,-70.7938886240371,,,0.38593313117789085,1.228343271822653,3.668043404258886,,
1730208600,254.49,256.29,254.23,256.09,246.80534398302046,253.02570638321245,246.80534398302046,253.02570638321245,0,0,0,0,0,256.795,235.77499999999998,266.22,226.35,245.2,240.09464985881647,236.30535014118357,,,,,8875470,0.6,0.61,1.4014086008219502,1.5456365621282313,2.1725900088117562,-51.99304063476526,190.0718539241443,190.0718539241443,214.11846854685152,214.11846854685152,273.3804114215411,-70.7938886240371,234.11846854685152,,0.7263071576398865,1.2086555810703876,3.662165809360546,,
1730295000,256.76,257.71,255.9101,257.5,248.17973185282432,254.47793923995803,248.17973185282432,254.47793923995803,0,0,0,0,0,256.795,235.77499999999998,266.22,226.35,245.2,240.80604970095555,237.01395029904444,,,,,6386196,0.61,0.61,1.5481283651109055,1.9928861203865396,2.392763395407956,-44.19951137762237,202.5976637148352,202.5976637148352,227.64928329621696,227.64928329621696,273.3804114215411,-70.7938886240371,247.64928329621696,,0.6174368932038835,1.1854705344873875,3.6560824349026904,,
1730381400,255.52,255.6,252.2,253.51,248.18787025072078,254.390686720744,248.18787025072078,254.390686720744,0,0,0,0,0,256.795,235.77499999999998,266.22,226.35,245.2,240.875149632931,236.944850367069,,,,,9930827,0.62,0.62,0.7135687933300264,1.2584946599642834,2.1999205846753407,-147.34097131983086,198.99468163265902,198.99468163265902,201.39666968744314,201.39666968744314,273.3804114215411,-70.7938886240371,,,2.0582524271844704,1.219697275377469,3.6528899673548016,,
1730467800,254.33,254.86,252.435,252.47,248.1964572232468,254.31597939836186,248.1964572232468,254.31597939836186,0,0,0,0,0,266.25,245.79000000000002,274.78999999999996,237.25000000000003,254.33,240.83324719855946,236.98675280144053,,,,,6473012,0.63,0.62,0.17325117911824,0.8872178206907687,2.2691122041194003,-140.80792825187572,151.79680377842368,151.79680377842368,184.86338105110332,184.86338105110332,273.3804114215411,-70.7938886240371,,,1.9669902912621349,1.2490028838435343,3.6495215364335376,,
1730730600,253.32,253.58,252.27,252.83,248.2047006653582,254.23779589254374,248.2047006653582,254.23779589254374,0,0,0,0,0,266.25,245.79000000000002,274.78999999999996,237.25000000000003,254.33,240.93005161091196,237.129948389088,,,,,4581435,0.58,0.62,0.232505380698108,0.8760578222472214,2.1284965787353,-145.39495849107777,104.48328260451146,104.48328260451146,158.07001490223936,158.07001490223936,273.3804114215411,-70.7938886240371,,,2.0310679611650446,1.279672102562025,3.646287862956478,,
1730817000,253.78,253.9893,252.41,253.4,248.2132045601327,254.1681137006793,248.2132045601327,254.1681137006793,0,0,0,0,0,266.25,245.79000000000002,274.78999999999996,237.25000000000003,254.33,242.0191949973519,238.20580500264808,,,,,6029884,0.61,0.62,-0.07621147262203522,0.6279761857000311,2.173184980237753,-141.5029328335732,69.1945333796473,69.1945333796473,128.44485439470867,128.44485439470867,273.3804114215411,-70.7938886240371,,,1.9766990291262148,1.307006491839052,3.642952021130643,,
1730903400,245.635,247.35,244.9506,245.7,248.2069366069656,253.8115639084958,248.2069366069656,253.8115639084958,0,0,0,0,0,266.25,245.79000000000002,274.78999999999996,237.25000000000003,254.33,242.87812063102666,238.6518793689733,,,,,14600217,0.65,0.63,-0.711432331124476,-0.0024332920168522267,1.6083528753449474,-248.48371002206213,7.6667732125715204,7.6667732125715204,88.18549400066296,88.18549400066296,273.3804114215411,-191.28412631971503,,,4.873553398058249,1.4468710763966677,3.645410765140489,,
1730989800,248.29,250.24,248.12,249.65,248.2069503200386,253.59204375522145,248.2069503200386,253.59204375522145,0,0,0,0,0,266.25,245.79000000000002,274.78999999999996,237.25000000000003,254.33,243.57829817834426,239.2517018216557,,,,,8821445,0.64,0.62,-0.4258673856467727,0.21331910119889316,1.8016833663073124,-185.72817824015038,-28.538944820851306,-28.538944820851306,49.27734772682487,49.27734772682487,273.3804114215411,-191.28412631971503,,,3.6427184466019398,1.532982737973345,3.6454053858826696,,
1731076200,249.07,249.35,247.78,247.96,248.20629147824033,253.36793223540883,248.20629147824033,253.36793223540883,0,0,0,0,0,266.25,245.79000000000002,274.78999999999996,237.25000000000003,254.33,243.5412416572863,239.2887583427137,,,,,6267916,0.64,0.62,-0.720552200617695,0.23591486468362086,1.5606267812590917,-192.46032969021985,-53.04720206404504,-53.04720206404504,15.169164463201568,15.169164463201568,273.3804114215411,-191.28412631971503,,,3.774757281553397,1.6208954651725627,3.645663831228665,,
1731335400,242.73,242.73,241.06,242.14,248.19234164511695,252.89171528500066,248.19234164511695,252.89171528500066,0,0,0,0,0,266.25,245.79000000000002,274.78999999999996,237.25000000000003,254.33,243.6704245084834,239.15957549151656,,,,,11653848,0.71,0.64,-1.4635260727644197,-0.07240535827051939,1.060282813041,-267.10036527830084,-88.54306892228297,-88.54306892228297,-19.40157999862661,-19.40157999862661,273.3804114215411,-226.09727164888147,,,6.3844660194174745,1.8077021535743238,3.6511359634727985,,
1731421800,241.29,241.66,239.39,240.05,248.17511638708476,252.36933821500062,248.17511638708476,252.36933821500062,0,0,0,0,0,266.25,245.79000000000002,274.78999999999996,237.25000000000003,254.33,243.67226836675906,239.15773163324096,,,,,10145510,0.72,0.64,-2.0961664200259267,-0.4374033800404662,1.1176558000505588,-267.10036527830084,-123.38232865149483,-123.38232865149483,-54.061829549582676,-54.061829549582676,273.3804114215411,-226.09727164888147,,,7.03300970873787,2.0126161753454435,3.6578929539728287,,
1731508200,241.31,241.47,237.59,237.63,248.1543651055921,251.79756416735356,248.1543651055921,251.79756416735356,0,0,0,0,0,266.25,245.79000000000002,274.78999999999996,237.25000000000003,254.33,245.28056015701307,240.68943984298687,,,,,8431694,0.73,0.64,-2.5657807243329134,-0.6275081558574648,0.967069442665367,-267.10036527830084,-146.61161729572007,-146.61161729572007,-84.91175879829514,-84.91175879829514,273.3804114215411,-226.09727164888147,,,7.732038834951455,2.2369072600358755,3.6660331055831756,,
1731594600,236.57,237.9886,236.1326,237.01,248.13077251597053,251.19163121961418,248.13077251597053,251.19163121961418,0,0,0,0,0,266.25,245.79000000000002,274.78999999999996,237.25000000000003,254.33,245.18533144126874,240.78466855873123,,,,,8262426,0.74,0.64,-2.166867833306061,-0.6639647033032714,0.8929139155079276,-267.1003652783008,-162.4962912744708,-162.4962912744708,-110.77326962368701,-110.77326962368701,273.3804114215411,-226.09727164888147,,,8.29801941747573,2.4745979328766543,3.6752878234890547,,
1731681000,237.57,237.88,236.33,236.59,248.10761752592862,250.61712411296264,248.10761752592862,250.61712411296264,0,1,0,0,0,266.25,245.79000000000002,274.78999999999996,237.25000000000003,254.33,245.18544843264493,240.784551567355,,,,,7299482,0.77,0.65,-2.105514249454784,-0.6634172365887825,0.6667462383844106,-264.63279261593,-181.64950804321447,-181.64950804321447,-134.39868243019617,-134.39868243019617,273.3804114215411,-226.09727164888147,,,8.221359223300965,2.699961120736431,3.684370883228939,,
1731940200,240.46,241.495,240.45,241.09,248.09265825015254,250.2250996379445,248.09265825015254,250.2250996379445,0,0,0,0,0,266.25,245.79000000000002,274.78999999999996,237.25000000000003,254.33,245.25415509908822,240.71584490091172,,,,,6512986,0.74,0.63,-1.5359434568668509,-0.24089818165413884,0.8885566723006704,-213.13127605581542,-156.6849604047295,-156.6849604047295,-141.8274417550406,-141.8274417550406,273.3804114215411,-226.09727164888147,,,6.621359223300975,2.8537414384840605,3.6902389918005114,,
1732026600,242.75,243.31,242.03,243.25,248.08085413776462,249.90978984822118,248.08085413776462,249.90978984822118,0,0,0,0,0,266.25,245.79000000000002,274.78999999999996,237.25000000000003,254.33,245.26738231012482,240.70261768987513,,,,,6579103,0.75,0.63,-1.3207286897474426,0.06911898662880253,0.9535947610149649,-193.38069446237316,-131.15882058119274,-131.15882058119274,-109.821578233497,-109.821578233497,273.3804114215411,-226.09727164888147,,,6.007766990291262,2.9774287150255194,3.6948694173719216,,
1732113000,243.74,245.21,243.51,244.62,248.07200108254432,249.66430397182037,248.07200108254432,249.66430397182037,0,0,0,0,0,266.25,245.79000000000002,274.78999999999996,237.25000000000003,254.33,245.36867603343214,240.8613239665679,,,,,6630737,0.76,0.63,-0.14480038030194733,0.2816771101168662,0.7854691734931585,-174.88014967864268,-107.4551463088534,-107.4551463088534,-60.04779776417472,-60.04779776417472,273.3804114215411,-226.09727164888147,,,5.433009708737868,3.073726008896592,3.6983422251468787,,
1732199400,246.23,246.81,245.69,246.66,248.0674778036581,249.51308028665093,248.0674778036581,249.51308028665093,0,0,0,0,0,266.25,245.79000000000002,274.78999999999996,237.25000000000003,254.33,245.35685551870026,240.87314448129973,,,,,7646429,0.77,0.62,-0.3935405425590195,0.3000101888429994,0.9365602893088969,-147.62934722693132,-75.59814692211354,-75.59814692211354,-11.88414814863382,-11.88414814863382,273.3804114215411,-226.09727164888147,,,4.586407766990292,3.1330468621551684,3.7001165818738384,,
1732285800,248.2,250.39,247.86,249.84,248.06725586998448,249.4520340008999,248.06725586998448,249.4520340008999,0,0,0,0,0,266.25,245.79000000000002,274.78999999999996,237.25000000000003,254.33,245.38467600022253,240.84532399977752,,,,,7502963,0.79,0.61,0.2486661733502384,0.33710320112955355,1.1650092917561563,-112.84628065074739,-36.79098669311053,-36.79098669311053,40.823333764895494,40.823333764895494,241.6416416416357,-226.0972716488815,,,3.7436893203883446,3.156993625223136,3.700203640292449,,
1732545000,244.27,244.3999,241.48,242.48,248.05441459951498,249.14568756949208,248.05441459951498,249.14568756949208,0,0,0,0,0,266.25,245.79000000000002,274.78999999999996,237.25000000000003,254.33,245.57189383749562,240.65810616250442,,,,,10733109,0.74,0.62,0.044215091052022204,-0.1921352857785487,0.982269217009342,-187.53085228474862,-10.213780087897149,-10.213780087897149,42.94063312252962,42.94063312252962,241.6416416416357,-226.0972716488815,,,6.221359223300975,3.277164825147757,3.7052409141845737,,
1732631400,242.71,243.09,241.58,242.95,248.04179678812733,248.85523707657083,248.04179678812733,248.85523707657083,0,0,0,0,0,266.25,245.79000000000002,274.78999999999996,237.25000000000003,254.33,245.56076417349755,240.66923582650247,,,,,4945897,0.73,0.62,0.3838583061579777,-0.22155248561476001,1.0099554803523276,-186.3602477136825,2.4572359636618764,2.4572359636618764,27.799268066779934,27.799268066779934,241.6416416416357,-226.0972716488815,,,6.182524271844655,3.391100489724106,3.7101905312827954,,
1732717800,244.85,245.1835,243.2,243.49,248.03240858275646,248.6390709167053,248.03240858275646,248.6390709167053,0,0,0,0,0,266.25,245.79000000000002,274.78999999999996,237.25000000000003,254.33,245.5574111920216,240.67258880797846,,,,,6930587,0.73,0.62,0.7835230798061328,-0.2716534900623904,0.9949519001770799,-167.3964536624161,7.42032293518087,7.42032293518087,17.346496878218858,17.346496878218858,241.6416416416357,-226.0972716488815,,,5.553398058252432,3.4758964728036483,3.713873263604413,,
1732890600,245.25,245.81,244.73,245.59,248.02606550866503,248.49078186114824,248.02606550866503,248.49078186114824,0,0,0,0,0,266.25,245.79000000000002,274.78999999999996,237.25000000000003,254.33,245.55675045440407,240.67324954559595,,,,,2708494,0.74,0.61,1.1473431064534383,-0.22373406808407245,1.1331420040776718,-149.48620372510862,11.481861709629442,11.481861709629442,19.604939258526585,19.604939258526585,241.6416416416357,-226.0972716488815,,,4.959223300970877,3.534066152339618,3.716361475467283,,
1733149800,244.46,244.5805,243.14,243.44,248.01659005310327,248.28657865090713,248.01659005310327,248.28657865090713,0,0,0,0,0,253.82370000000003,226.76889999999997,263.1874,217.40519999999998,244.46,246.00135077725102,241.08364922274896,,,,,4765001,0.73,0.62,0.9261491859988782,-0.5755025563314131,1.2263058650001244,-123.30228081743729,7.134018400460411,7.134018400460411,10.032580606573099,10.032580606573099,241.6416416416357,-226.0972716488815,,,5.576699029126219,3.6141694024096807,3.7200784336164516,,
1733236200,244.96,245.18,243.3,243.93,248.00745001303713,248.09659517440096,248.00745001303713,248.09659517440096,0,0,0,0,0,253.82370000000003,226.76889999999997,263.1874,217.40519999999998,244.46,246.12531151399833,241.2046884860017,,,,,3557819,0.74,0.62,0.37683699407139265,-0.5359534581512831,1.1261195266827966,-120.14403465664942,-0.5017656177299008,-0.5017656177299008,6.5211318651387655,6.5211318651387655,241.6416416416357,-226.0972716488815,,,5.514563106796112,3.6886946457189524,3.7236638175788483,,
1733322600,244.93,245.34,244.365,244.67,248.0004348281959,247.95540908913034,248.0004348281959,247.95540908913034,0,0,0,0,0,253.82370000000003,226.76889999999997,263.1874,217.40519999999998,244.46,246.11560216432474,241.21439783567524,,,,,4608584,0.74,0.63,0.18675348353453902,-0.6735495692317638,1.1785744013605661,-107.47538149730968,7.759996568882366,7.759996568882366,10.237725976369568,10.237725976369568,241.6416416416357,-226.0972716488815,,,5.100970873786404,3.7440780272117937,3.7264156798290133,,
1733409000,244.16,244.38,242.15,242.86,247.98905234102665,247.73376559543894,247.98905234102665,247.73376559543894,0,0,0,0,0,253.82370000000003,226.76889999999997,263.1874,217.40519999999998,244.46,246.50445850746095,241.595541492539,,,,,4806206,0.73,0.64,-0.23377047376728965,-0.5989521248068702,0.9899872323178075,-133.82380097894128,-9.04896331742438,-9.04896331742438,2.1570099401134515,2.1570099401134515,241.6416416416357,-226.0972716488815,,,5.961165048543688,3.8310226162836325,3.730880713532739,,
1733495400,242.79,243.86,242.435,242.95,247.97825633235328,247.53187870934332,247.97825633235328,247.53187870934332,0,0,0,0,0,253.82370000000003,226.76889999999997,263.1874,217.40519999999998,244.46,246.85577239551213,241.94422760448782,,,,,3540698,0.74,0.64,-0.4894351233016406,-0.7320124767934351,0.7851967199792467,-89.34094474668656,-36.456292582278316,-36.456292582278316,-10.714090900683804,-10.714090900683804,241.6416416416357,-226.0972716488815,,,5.850485436893203,3.910217236699694,3.7351156880049876,,
1733754600,246.28,247.11,245.2595,245.36,247.97306881720374,247.44756601485926,247.97306881720374,247.44756601485926,0,0,0,0,0,253.82370000000003,226.76889999999997,263.1874,217.40519999999998,244.46,246.86911920377042,241.93088079622953,,,,,4711536,0.74,0.65,-0.5825177143251514,-0.5893537551058433,0.9395935834349898,-55.26349728726506,-14.033574444942253,-14.033574444942253,-11.82058541543662,-11.82058541543662,241.6416416416357,-226.0972716488815,,,4.753592233009708,3.9432907659667533,3.7371506061768254,,
1733841000,247.86,248.86,247.83,248.59,247.97297617221432,247.466355582904,247.97297617221432,247.466355582904,0,0,0,0,0,253.82370000000003,226.76889999999997,263.1874,217.40519999999998,244.46,248.57790727848817,243.55209272151183,,,,,4641963,0.73,0.63,0.827926233742792,-0.3549420458571649,1.130029469906047,-24.250546784718313,1.408183856876855,1.408183856876855,27.86572240150381,27.86572240150381,241.6416416416357,-226.0972716488815,,,3.755339805825238,3.9359201400788506,3.737186948234065,,
1733927400,249.35,251.26,248.97,250.96,247.97513865738472,247.52866712867245,247.97513865738472,247.52866712867245,0,0,0,0,0,253.82370000000003,226.76889999999997,263.1874,217.40519999999998,244.46,248.98434901384698,244.02565098615304,,,,,11033776,0.75,0.62,1.0793289242256217,-0.3786189271343892,1.396902058362241,-23.90209783744098,23.43422978364086,23.43422978364086,67.48632163716888,67.48632163716888,241.6416416416357,-226.0972716488815,,,3.3126213592233014,3.911477050633535,3.7363386653389385,,
1734013800,247.81,248.24,246.87,247.28,247.97314297575159,247.5070056726461,247.97314297575159,247.5070056726461,0,0,0,0,0,253.82370000000003,226.76889999999997,263.1874,217.40519999999998,244.46,249.01483465043913,243.99516534956086,,,,,10149585,0.72,0.63,0.5029742617459678,-0.7404584892907485,1.2972362326559619,-49.12541716338354,41.67051316689337,41.67051316689337,78.14307993339841,78.14307993339841,241.6416416416357,-226.0972716488815,,,4.128155339805824,3.9199742384442127,3.737121515837374,,
1734100200,245.67,245.94,244.27,244.29,247.96600842435146,247.3852525090129,247.96600842435146,247.3852525090129,0,0,0,0,0,253.82370000000003,226.76889999999997,263.1874,217.40519999999998,244.46,249.04524913315322,243.9647508668468,,,,,6602591,0.72,0.63,-0.16970663983846565,-0.6731957411433186,1.1503197046009865,-80.35428870978862,46.09804513059117,46.09804513059117,54.95310905798675,54.95310905798675,241.6416416416357,-226.0972716488815,,,5.1378640776698985,3.9677346242962,3.7399202022746016,,
1734359400,245.41,245.54,244.29,244.88,247.95892768823887,247.26905044983593,247.95892768823887,247.26905044983593,0,0,0,0,0,253.82370000000003,226.76889999999997,263.1874,217.40519999999998,244.46,249.03919757928742,243.9708024207126,,,,,3310036,0.72,0.62,0.19242054657811583,-0.5646148022872708,1.0102170161021793,-80.11406662097033,27.98933527126165,27.98933527126165,40.06180851081466,40.06180851081466,241.6416416416357,-226.0972716488815,,,5.130097087378644,4.013317465985708,3.7426977784686155,,
1734445800,243.8,244.55,243.23,243.94,247.94976439615448,247.11625239297962,247.94976439615448,247.11625239297962,0,0,0,0,0,253.82370000000003,226.76889999999997,263.1874,217.40519999999998,244.46,249.45037594769408,244.39222405230586,,,,,4421339,0.72,0.62,0.0013381038602418185,-0.6626246202084588,0.9389774394856555,-92.84583732835092,0.496382288790425,0.496382288790425,26.87333310347325,26.87333310347325,241.6416416416357,-226.0972716488815,,,5.541747572815538,4.073255901547662,3.7462922835522257,,
1734532200,243.57,243.7095,238.82,239.26,247.93189633542292,246.79823465207846,247.93189633542292,246.79823465207846,0,0,0,0,0,253.82370000000003,226.76889999999997,263.1874,217.40519999999998,244.46,249.4802518036487,244.36234819635123,,,,,8015848,0.71,0.63,-0.7068088646927678,-1.0298349252147372,0.5061495024363205,-145.8148079128304,-43.893882101474816,-43.893882101474816,3.284261368490565,3.284261368490565,241.6416416416357,-226.0972716488815,,,7.254368932038838,4.198005432155159,3.753301427705046,,
1734618600,239.67,240.05,238.73,239.6,247.91388595313435,246.48919407748716,247.91388595313435,246.48919407748716,0,0,0,0,0,253.82370000000003,226.76889999999997,263.1874,217.40519999999998,244.46,249.44993498441272,244.39266501558723,,,,,8113568,0.71,0.65,-0.4309299170791221,-0.460160236508354,0.541477569090173,-146.89580731251368,-85.16205232441438,-85.16205232441438,-26.19784319581108,-26.19784319581108,241.6416416416357,-226.0972716488815,,,7.289320388349518,4.319233469652977,3.760366400653387,,
1734705000,241.41,242.955,241.17,242.1,247.90073792925196,246.2870021528798,247.90073792925196,246.2870021528798,0,0,0,0,0,253.82370000000003,226.76889999999997,263.1874,217.40519999999998,244.46,249.47009302287861,244.37250697712136,,,,,9527805,0.71,0.65,-0.1135386419639038,-0.5666259065324729,0.7603699445841481,-117.58871247665657,-95.12062997489838,-95.12062997489838,-49.172105455506845,-49.172105455506845,241.6416416416357,-226.0972716488815,,,6.341747572815539,4.3985477482083715,3.7655240053929715,,
1734964200,241.6,241.67,240.65,240.96,247.886587603719,246.072551088061,247.886587603719,246.072551088061,0,0,0,0,0,253.82370000000003,226.76889999999997,263.1874,217.40519999999998,244.46,249.43625275900746,244.40634724099252,,,,,5835498,0.71,0.65,-0.5815860056118951,-0.5285922838977362,0.6693703450152887,-123.83448678593739,-99.78308021568397,-99.78308021568397,-66.04243037556589,-66.04243037556589,241.6416416416357,-226.0972716488815,,,6.5436893203883475,4.4826709471173904,3.771074785243112,,
1735050600,241.49,241.66,240.82,241.44,247.87280181430097,245.87310986892135,247.87280181430097,245.87310986892135,0,0,0,0,0,253.82370000000003,226.76889999999997,263.1874,217.40519999999998,244.46,249.43704435028192,244.40555564971805,,,,,2421008,0.71,0.65,-0.9330556858105757,-0.05414471235101907,0.4404802749499402,-121.79259903098026,-98.53216320516796,-98.53216320516796,-76.87234131876657,-76.87234131876657,241.6416416416357,-226.0972716488815,,,6.4776699029126235,4.560906200285831,3.776482567695998,,
1735223400,242.39,243.56,242.195,243.07,247.86176334913753,245.73487222700285,247.86176334913753,245.73487222700285,0,0,0,0,0,253.82370000000003,226.76889999999997,263.1874,217.40519999999998,244.46,249.44096677422556,244.40163322577436,,,,,4651778,0.71,0.64,-1.0279359269046071,0.23748607668196917,0.5392617341392202,-105.27733042470831,-74.61317716511245,-74.61317716511245,-70.0948488578042,-70.0948488578042,241.6416416416357,-226.0972716488815,,,5.943689320388352,4.615132989309459,3.7808126511179605,,
1735309800,241.2,241.95,241.05,241.4,247.84848210368472,245.5576027279047,247.84848210368472,245.5576027279047,0,0,0,0,0,253.82370000000003,226.76889999999997,263.1874,217.40519999999998,244.46,249.43800244576212,244.40459755423785,,,,,4728440,0.7,0.65,-0.7782546713015009,0.29978704197815187,0.4195671064584574,-119.03004500956729,-70.9387319918115,-70.9387319918115,-63.58984164520957,-63.58984164520957,241.6416416416357,-226.0972716488815,,,6.388349514563102,4.684670892260582,3.7860225149809876,,
1735569000,241.08,241.08,239.58,240.63,247.83231970187916,245.33021438563392,247.83231970187916,245.33021438563392,0,0,0,0,0,253.82370000000003,226.76889999999997,263.1874,217.40519999999998,244.46,249.42791023172754,244.4146897682724,,,,,3522539,0.71,0.65,-0.48997554345232297,0.2883900552818084,0.3982033569639167,-136.68636853772713,-78.65748987558547,-78.65748987558547,-73.51165128640282,-73.51165128640282,241.6416416416357,-226.0972716488815,,,6.959223300970869,4.773869025935496,3.792362576491457,,
1735655400,241.05,242.52,241.05,242.13,247.8190972848924,245.16881382149143,247.8190972848924,245.16881382149143,0,0,0,0,0,253.82370000000003,226.76889999999997,263.1874,217.40519999999998,244.46,249.4139848686765,244.42861513132343,,,,,2522102,0.71,0.65,-0.3710693253325027,0.446712834629048,0.612729066047062,-107.57470687370292,-71.25673212781061,-71.25673212781061,-66.74689381062619,-66.74689381062619,196.6268942254354,-226.09727164888153,,,6.388349514563102,4.8371819862738334,3.797549363580511,,
1735828200,244.22,245.53,244.08,245.42,247.81189469291456,245.1313779853545,247.81189469291456,245.1313779853545,0,0,0,0,0,250.485,232.46499999999997,256.75,226.2,244.22,249.44970489889036,244.39289510110956,,,,,6241899,0.72,0.65,0.19875442231211263,0.339692670815664,0.6306613640756316,-74.68355028164237,-54.51499056590113,-54.51499056590113,-21.031507442082166,-21.031507442082166,196.6268942254354,-226.09727164888153,,,5.211650485436889,4.8518670254566985,3.800374740447357,,
1735914600,244.56,244.82,243.36,243.49,247.80328231590576,245.06745728004648,247.80328231590576,245.06745728004648,0,0,0,0,0,250.485,232.46499999999997,256.75,226.2,244.22,249.4613156181309,244.38128438186908,,,,,4875546,0.71,0.65,0.585219885187557,0.018855869813640097,0.5086498541985285,-81.33519322320893,-32.777160059852584,-32.777160059852584,10.698500952244522,10.698500952244522,190.66219102836894,-226.09727164888147,,,5.491262135922325,4.876941343514174,3.8037531368419124,,
1736173800,242.33,243.79,242.05,243.19,247.7920959376522,244.95518444553485,247.7920959376522,244.95518444553485,0,0,0,0,0,250.485,232.46499999999997,256.75,226.2,244.22,249.46088071154227,244.38171928845765,,,,,3758903,0.7,0.65,0.49600494270511025,-0.11172794674179082,0.46334122909466974,-95.35481205510419,-14.146207009500849,-14.146207009500849,23.11569909120263,23.11569909120263,190.66219102836894,-226.09727164888147,,,5.999999999999996,4.920982859454795,3.8081412424626078,,
1736260200,245.52,245.77,243.81,244.56,247.78441322848604,244.9156438790433,247.78441322848604,244.9156438790433,0,0,0,0,0,250.485,232.46499999999997,256.75,226.2,244.22,249.464854997797,244.37774500220291,,,,,5090333,0.7,0.65,0.3374017761053667,-0.163217599770967,0.6118080386579887,-76.51929362446641,6.1726136896882124,6.1726136896882124,46.810255088066334,46.810255088066334,190.66219102836894,-226.09727164888147,,,5.316504854368931,4.936493525922016,3.8111549559729103,,
1736346600,245.72,246.45,244.51,245.86,247.7781304847728,244.90483039359063,247.7781304847728,244.90483039359063,0,0,0,0,0,250.485,232.46499999999997,256.75,226.2,244.22,249.45917077749073,244.38342922250925,,,,,6303334,0.7,0.64,0.6746912483911064,-0.30515073813729476,0.6129093182155135,-69.02789424864466,32.34529644248347,32.34529644248347,84.690661948074,84.690661948074,190.66219102836894,-226.09727164888147,,,5.044660194174761,4.940735356049575,3.8136195019033834,,
1736519400,248.01,249.04,247.55,248.21,247.77787348080722,245.01246449580276,247.77787348080722,245.01246449580276,0,0,0,0,0,250.485,232.46499999999997,256.75,226.2,244.22,249.468746395126,244.37385360487394,,,,,12380131,0.71,0.63,0.9509446591332342,0.4626940008505328,0.8269857862560235,-36.493816959360835,63.05925841622986,63.05925841622986,124.48718236372264,124.48718236372264,190.66219102836894,-226.09727164888147,,,3.864077669902908,4.898513486004608,3.813720317423862,,
1736778600,246.34,246.79,245.151,245.74,247.7728717156108,245.02274000577128,247.7728717156108,245.02274000577128,0,0,0,0,0,250.485,232.46499999999997,256.75,226.2,244.22,249.4797074766829,244.36289252331704,,,,,8448595,0.72,0.63,0.3702409092506495,0.22347614750369466,0.7537661888446234,-62.16791282021327,85.50792182921333,85.50792182921333,130.40524865518026,130.40524865518026,190.66219102836894,-226.09727164888147,,,4.795728155339802,4.894482688723635,3.8156823710460714,,
1736865000,245.62,247.04,245.52,247.03,247.76860983406112,245.0469384369175,247.76860983406112,245.0469384369175,0,0,0,0,0,250.485,232.46499999999997,256.75,226.2,244.22,249.46286188402004,244.3797381159799,,,,,4914837,0.71,0.63,0.7855584600340674,0.28272804229344944,0.8088261697335686,-58.2188751492443,100.47550491967756,100.47550491967756,130.41067110060604,130.41067110060604,190.66219102836894,-226.09727164888147,,,4.652427184466015,4.8849903160076495,3.817354188855102,,
1736951400,248.21,248.9,247.0102,248.88,247.76730411611095,245.12804273350898,247.76730411611095,245.12804273350898,0,0,0,0,0,250.485,232.46499999999997,256.75,226.2,244.22,249.47233847087833,244.37026152912162,,,,,6344973,0.71,0.62,1.1520700548544496,0.25989582463009114,0.7968629464801339,-20.17783533107596,115.81140228083936,115.81140228083936,146.48319700316296,146.48319700316296,190.66219102836894,-226.09727164888147,,,4.073708737864078,4.853175352158882,3.817866385756219,,
1737037800,250.56,251.39,250.27,250.6,247.77244896303182,245.33252341062627,247.77244896303182,245.33252341062627,0,0,0,0,0,250.485,232.46499999999997,256.75,226.2,244.22,249.47870044103942,244.36389955896055,,,,,9235998,0.71,0.61,1.1839965840873259,0.574746184319446,0.9769147171513345,-3.5367331195276237,134.48797594218456,134.48797594218456,171.84112326487497,171.84112326487497,190.66219102836894,-226.09727164888147,,,2.8077669902912583,4.772963259536622,3.8158482051458993,,
1737124200,249.7,250.81,249.15,249.27,247.77536814592287,245.48550288471935,247.77536814592287,245.48550288471935,0,0,0,0,0,250.485,232.46499999999997,256.75,226.2,244.22,249.48019641441712,244.36240358558283,,,,,8312858,0.71,0.62,0.533317381055616,0.4296851789614178,0.8645929695955343,-15.540190979743214,148.46072610263332,148.46072610263332,176.40622642353085,176.40622642353085,190.66219102836894,-226.09727164888147,,,3.2427184466019394,4.71295365902938,3.814703090743214,,
1737469800,251.95,253.3598,251.83,253.13,247.78358259518177,245.7365302225735,247.78358259518177,245.7365302225735,0,0,0,0,0,250.485,232.46499999999997,256.75,226.2,244.22,249.51709548776734,244.3255045122326,,,,,7668119,0.72,0.61,1.3299587300258155,0.6706119283323762,0.9872783525608242,-13.793330719749338,161.9209242165949,161.9209242165949,188.84132044451803,188.84132044451803,190.66219102836894,-226.09727164888147,,,2.2019417475728105,4.614482603678142,3.811480790357259,,
1737556200,254.29,254.68,253.7801,254.43,247.79563797261397,246.0534231158059,247.79563797261397,246.0534231158059,0,0,0,0,0,250.485,232.46499999999997,256.75,226.2,244.22,249.50163461847578,244.34096538152417,,,,,5213777,0.72,0.61,1.5513258255131275,0.923207161698773,1.0684814539409606,-6.860371517413363,175.63090070924525,175.63090070924525,203.05085369454596,203.05085369454596,190.66219102836894,-226.09727164888147,223.05085369454596,,1.4446213592232993,4.4901743195818735,3.8067518004848635,,
1737642600,253.19,254.54,252.82,254.07,247.80577016447688,246.32061436616647,247.80577016447688,246.32061436616647,0,0,0,1,0,250.485,232.46499999999997,256.75,226.2,244.22,249.5020892561381,244.34051074386187,,,,,6511526,0.7,0.61,1.309477827010205,0.8898776808708022,0.842590510436717,-16.995227178082114,185.88826231338777,185.88826231338777,206.40298552167283,206.40298552167283,190.66219102836894,-226.09727164888147,226.40298552167283,,1.8174757281553426,4.385362610114166,3.8027772229177716,,
1737729000,255.96,257.07,255.61,255.65,247.82140079351888,246.6856451753364,247.82140079351888,246.6856451753364,0,0,0,1,0,250.485,232.46499999999997,256.75,226.2,244.22,249.48791424733594,244.354685752664,,,,,7341337,0.72,0.62,1.3401568183732018,0.8149140211358973,0.797637133696809,-0.4202266686833863,194.28284663557244,194.28284663557244,211.0720152799418,211.0720152799418,190.66219102836894,-226.09727164888147,231.0720152799418,,0.7339805825242666,4.242171158051817,3.796645761098804,,
1737988200,253.86,254.26,251.92,252.99,247.82970129143393,246.893102227284,247.82970129143393,246.893102227284,0,0,0,0,0,250.485,232.46499999999997,256.75,226.2,244.22,249.48074224536643,244.36185775463352,,,,,5799780,0.7,0.61,0.6458128222339208,0.34269394906156836,0.6711866979915359,-36.5176914741179,183.4885866719118,183.4885866719118,190.68475998101889,190.68475998101889,190.66219102836897,-197.71734057448896,,,2.166990291262141,4.1607915162169276,3.793389706214015,,
1738074600,254.225,255.25,253.891,255.18,247.84188388625623,247.16894488503758,247.84188388625623,247.16894488503758,0,0,0,0,0,250.485,232.46499999999997,256.75,226.2,244.22,249.48363088999804,244.35896911000194,,,,,5332005,0.71,0.61,1.2860569866432434,0.3250209764033943,0.8388160467448971,-17.09251616539803,173.61464016483563,173.61464016483563,184.99472004229114,184.99472004229114,190.66219102836897,-194.8179508890825,,,1.4015533980582557,4.052586099818548,3.7886108124914264,,
1738161000,254.55,254.82,253.3,254.2,246.07578223875498,245.70416141124178,246.07578223875498,245.70416141124178,0,0,0,0,0,250.485,232.46499999999997,256.75,226.2,244.22,249.4858557148641,244.35674428513585,,,,,5671753,0.7,0.61,0.9704141387143006,0.5401870060524269,0.8844358791170748,-22.83536838469866,153.93368320350996,153.93368320350996,174.64104109603073,174.64104109603073,190.66219102836897,-194.8179508890825,,,0.9192255036182259,3.929709213693045,3.78287777491126,,
1738247400,257.2,258.29,256.45,258.05,248.40204511664362,248.342368323449,248.40204511664362,248.342368323449,0,0,0,0,0,250.485,232.46499999999997,256.75,226.2,244.22,249.8202336624258,244.60236633757418,,,,,12981164,0.71,0.62,1.2219786475036991,1.0785403481875953,0.8726866078474129,-15.546509560747701,162.8429226301188,162.8429226301188,170.70833494072676,170.70833494072676,190.66219102836897,-194.8179508890825,,,0.6200348769618379,3.7999180632329974,3.7765584084817907,,
1738333800,259.08,259.99,257.86,258.56,248.91090738857739,249.18744988863213,248.91090738857739,249.18744988863213,0,0,0,0,0,250.485,232.46499999999997,256.75,226.2,244.22,250.65868291471273,245.4639170852873,,,,,8965576,0.69,0.63,1.057670723047813,1.0739662542524,0.7492433802185738,-8.428493469085232,171.43283411668068,171.43283411668068,172.8818324685885,172.8818324685885,190.66219102836897,-194.8179508890825,,,0.2707301980197976,3.6615185391069898,3.769553756712636,,
1738593000,259.75,261.3897,259.5236,259.94,250.2579658995085,250.87077280186648,250.2579658995085,250.87077280186648,0,0,0,1,1,268.96000000000004,250.78,277.93,241.81,259.75,251.36552841702652,246.15677158297345,,,,,11521093,0.69,0.62,1.4246825717079739,1.260375758747525,0.7890585974905874,-5.307777773942714,175.19336878798072,175.19336878798072,182.71443813058076,182.71443813058076,190.66219102836897,-194.8179508890825,,,0.1601908132646034,3.524211569466112,3.7623422423401123,,
1738679400,261.83,262.54,261.35,262.5,252.7398736110099,253.6559667452676,252.7398736110099,253.6559667452676,0,0,0,1,1,268.96000000000004,250.78,277.93,241.81,259.75,251.91519155850693,246.75740844149303,,,,,9850412,0.69,0.62,1.227665779040223,1.8598999225262711,0.7381452303558166,-14.5158896458753,180.74140755094214,180.74140755094214,191.83748507686502,191.83748507686502,190.66219102836897,-194.8179508890825,,,0.43809523809522943,3.4031873996084303,3.7557003901837787,,
1738765800,264.45,265.99,263.89,264.13,254.32841499094874,255.57071031372166,254.32841499094874,255.57071031372166,0,0,0,1,1,268.96000000000004,250.78,277.93,241.81,259.75,253.65963960510055,248.46296039489948,,,,,12681127,0.67,0.63,1.2633086854719582,1.9586470049628624,0.8270741614880011,-3.0107079935611307,189.47901148213853,189.47901148213853,206.95421934453128,206.95421934453128,190.66219102836897,-194.8179508890825,226.95421934453128,,0.09086434710180938,3.273292377941504,3.748378040447351,,
1738852200,263.66,263.72,261.49,263.43,254.34277659935844,255.80387461514434,254.34277659935844,255.80387461514434,0,0,0,1,1,268.96000000000004,250.78,277.93,241.81,259.75,253.6616784024169,248.46092159758314,,,,,8731433,0.67,0.63,1.237987768819075,1.7093434471294895,0.746065150403274,-33.11778792917101,194.82385084475024,194.82385084475024,205.51352956997363,205.51352956997363,190.66219102836897,-194.8179508890825,225.51352956997363,,0.99950781811986,3.184124355987714,3.7428857922508927,,
1738938600,265.22,266.345,263.26,263.9,254.36061061214693,256.09661286553086,254.36061061214693,256.09661286553086,0,0,0,1,1,268.96000000000004,250.78,277.93,241.81,259.75,253.8407694341531,248.636830565847,,,,,9154042,0.66,0.63,1.089233333451757,1.8552421542124087,0.8669458493247356,-10.913816476658743,198.98955551797889,198.98955551797889,207.32096486443618,207.32096486443618,190.66219102836897,-194.8179508890825,227.32096486443618,,0.32938325824404824,3.072173724703649,3.7360656073677623,,
1739197800,268,268.66,267.24,268.37,258.4613829537361,260.4838766619975,258.4613829537361,260.4838766619975,0,0,0,0,1,268.96000000000004,250.78,277.93,241.81,259.75,254.85732209146872,249.9352779085313,,,,,13250312,0.67,0.64,2.023525673589614,2.143493851504768,1.155348847213734,-14.03909299911246,207.94264075774134,207.94264075774134,225.8488112372663,225.8488112372663,190.66219102836897,-194.8179508890825,245.8488112372663,,0.4210604762082183,2.9682084992724556,3.7294422204923188,,
1739284200,267.7,268.36,266.711,267.39,258.47789885193043,260.72872816544856,258.47789885193043,260.72872816544856,0,0,0,0,1,268.96000000000004,250.78,277.93,241.81,259.75,254.81752671247733,249.97507328752263,,,,,7169450,0.68,0.64,1.59459961163062,1.9251040398740558,0.985083849225902,-22.946371442886193,215.93271082210646,215.93271082210646,231.91285095083668,231.91285095083668,190.66219102836897,-194.8179508890825,251.91285095083668,,0.6181763982561359,2.8760503776639723,3.7232259051631758,,
1739370600,267.15,268.43,266.3451,267.67,258.49365799308544,260.9497721197447,258.49365799308544,260.9497721197447,0,0,0,0,1,268.96000000000004,250.78,277.93,241.81,259.75,254.8043140994053,249.9882859005947,,,,,9328598,0.69,0.65,1.773912782854733,2.103305674069494,0.9997802518013925,-31.362910157887647,218.652613954652,218.652613954652,224.09242021974308,224.09242021974308,190.66219102836897,-194.8179508890825,244.09242021974308,,0.7545180161717041,2.7928530301544714,3.7172944208694867,,
1739457000,268.4,270.39,268.22,270.31,260.3780051676341,263.04808424780254,260.3780051676341,263.04808424780254,0,0,0,0,1,268.96000000000004,250.78,277.93,241.81,259.75,255.55496092230533,250.96763907769468,,,,,8347547,0.67,0.65,1.602143783516797,2.4014214218236076,1.1364794804540574,-32.70563803147508,221.2599716794458,221.2599716794458,226.47468712903347,226.47468712903347,190.66219102836897,-194.8179508890825,246.47468712903347,,0.7731863416077743,2.713650414917346,3.711412087044788,,
1739543400,270.07,270.21,265.45,266.29,260.3882361263402,263.14418290475146,260.3882361263402,263.14418290475146,0,0,0,0,0,268.96000000000004,250.78,277.93,241.81,259.75,255.5925571952019,250.9300428047981,,,,,11546721,0.66,0.63,1.0012468040316018,1.9293485303222837,0.9700883975353968,-76.05234489615849,197.8207771230834,197.8207771230834,213.446906827325,213.446906827325,190.66219102836897,-194.8179508890825,,,1.7979357034515975,2.677740034075552,3.707588957407239,,
1739889000,269.68,271.0099,269.6,270.7,260.7815976066436,263.7625561445787,260.7815976066436,263.7625561445787,0,0,0,0,1,268.96000000000004,250.78,277.93,241.81,259.75,255.92028128097022,251.22221871902985,,,,,8185949,0.68,0.65,1.3680756991869611,1.9655199779714745,1.197001415633877,-17.188694060793384,197.42204582253322,197.42204582253322,208.1052864923944,208.1052864923944,190.66219102836897,-194.8179508890825,,,0.4063538973032752,2.58866606792762,3.7009930831612774,,
1739975400,270.68,271.33,269.24,270.85,260.9427449852979,264.118413466626,260.9427449852979,264.118413466626,0,0,0,0,1,268.96000000000004,250.78,277.93,241.81,259.75,256.1771239806002,251.48287601939984,,,,,9342452,0.69,0.65,1.0609699529011498,2.163815627080854,1.3064289159666338,-25.14406486795339,197.3117110781935,197.3117110781935,204.5074280209941,204.5074280209941,190.66219102836897,-194.8179508890825,,,0.5944249584640995,2.510460534223168,3.694786153841203,,
1740061800,270.23,271.84,270.17,270.99,261.0958069806963,264.48721891074416,261.0958069806963,264.48721891074416,0,0,0,0,1,268.96000000000004,250.78,277.93,241.81,259.75,257.64280117699633,252.92719882300355,,,,,7356900,0.7,0.65,0.8665329373749857,2.2019991480704078,1.3813447971451271,-12.799677866176335,195.37934425982226,195.37934425982226,201.46473343393683,201.46473343393683,190.66219102836897,-194.8179508890825,,,0.3025941916675867,2.423877540397459,3.688008547523174,,
1740148200,270.795,271.51,269.51,270.74,261.11264812559,264.6847711103228,261.11264812559,264.6847711103228,0,0,0,0,1,268.96000000000004,250.78,277.93,241.81,259.75,257.58164291753576,252.98835708246418,,,,,8917431,0.69,0.66,0.9265037736475557,2.0635672967476446,1.2796899283862895,-23.101857612123617,182.0168919116887,182.0168919116887,194.98211959318746,194.98211959318746,190.66219102836897,-194.8179508890825,,,0.5461456142293141,2.350240994273218,3.6817310991050043,,
1740407400,271.45,272.32,270.375,272.21,262.3043743228747,266.0535207858844,262.3043743228747,266.0535207858844,0,0,0,0,1,268.96000000000004,250.78,277.93,241.81,259.75,257.81532735105236,253.23467264894762,,,,,5374360,0.68,0.67,1.0549688459599091,2.0730516187543295,1.2165213264385013,-28.51480758485708,200.2213298302812,200.2213298302812,210.69975030446867,210.69975030446867,190.66219102836897,-194.8179508890825,230.69975030446867,,0.6741118989015759,2.2845104415135458,3.675721869933769,,
1740493800,271.46,271.6796,266.45,268.62,262.3127723761757,266.07132781388896,262.3127723761757,266.07132781388896,0,0,0,0,0,268.96000000000004,250.78,277.93,241.81,259.75,257.8615841556619,253.18841584433807,,,,,10079777,0.66,0.65,0.030999392789698165,1.5798296026833474,1.065925005709755,-89.50697094756315,172.86322193069907,172.86322193069907,191.10196053042048,191.10196053042048,190.66219102836897,-194.8179508890825,,,2.116013372028945,2.2779027132984635,3.6726055692386543,,
1740580200,267.08,269.08,266.6612,269.03,262.3215714083911,266.09663605648154,262.3215714083911,266.09663605648154,0,0,0,0,0,268.96000000000004,250.78,277.93,241.81,259.75,257.85108588590043,253.19891411409952,,,,,7276033,0.65,0.65,0.20512366038265006,1.8299957377780056,1.0476154907884867,-86.06360510047071,118.68415852021394,118.68415852021394,166.96269319368497,166.96269319368497,189.94043679681596,-194.81795088908254,,,2.038426215054543,2.268511478073212,3.6693404756239008,,
1740666600,266.49,266.67,264.4475,264.93,262.32597411286986,266.0350081719136,262.32597411286986,266.0350081719136,0,0,0,0,0,268.96000000000004,250.78,277.93,241.81,259.75,257.88136177773407,253.16863822226588,,,,,9374626,0.69,0.64,-0.33748795966637435,1.3792726506880895,0.790600904065036,-120.39877713963494,53.12978203402747,53.12978203402747,129.01838947379915,129.01838947379915,189.94043679681596,-194.81795088908254,,,2.8516586458983832,2.2913799944585125,3.667706745694379,,
1740753000,262.555,263.4,261.25,263.27,262.32404329546154,265.85165883183856,262.32404329546154,265.85165883183856,0,0,0,0,0,268.96000000000004,250.78,277.93,241.81,259.75,257.6725575347798,253.37744246522013,,,,,11504491,0.73,0.63,-0.8564497335306389,1.0977450828639364,0.6454425970550716,-169.99299162001915,-7.113587362617729,-7.113587362617729,83.6410638616602,83.6410638616602,189.94043679681596,-194.81795088908254,,,4.026303221777297,2.359416199451406,3.668423222170069,,
1741012200,265.07,266.88,265.07,266.74,262.3296723797863,265.8238055443155,262.3296723797863,265.8238055443155,0,0,0,0,0,278.7182,258.67179999999996,285.1164,252.2736,265.07,257.7052685814554,253.3447314185445,,,,,7725647,0.7,0.64,0.05514107827471518,1.21333139370571,0.6696471387322167,-110.74360950428255,-32.8366591488345,-32.8366591488345,44.815156191495305,44.815156191495305,189.94043679681596,-194.81795088908254,,,2.622974909077546,2.369751835123019,3.6663344143517027,,
1741098600,269.01,269.4,267.52,269.06,262.34013637103544,265.89216218963645,262.34013637103544,265.89216218963645,0,0,0,0,0,278.7182,258.67179999999996,285.1164,252.2736,265.07,257.7171934046426,253.33280659535734,,,,,8481343,0.69,0.63,-0.1972545482295608,1.4924046264930646,0.7707096868990303,-72.74335134104844,-24.218829794152594,-24.218829794152594,21.803827529612672,21.803827529612672,189.94043679681596,-194.81795088908254,,,1.7229344990999589,2.3443864493966244,3.662451497438113,,
1741185000,267.97,270.26,267.96,269.62,262.35144978487955,265.9749205351409,262.35144978487955,265.9749205351409,0,0,0,0,0,278.7182,258.67179999999996,285.1164,252.2736,265.07,257.7054695913427,253.34453040865725,,,,,6990354,0.69,0.64,-0.14841195397124163,1.2291617034011209,0.6731010804276036,-59.811098527072005,-3.926404878415031,-3.926404878415031,13.227083393603438,13.227083393603438,189.94043679681593,-159.16811091854973,,,1.5612945887366372,2.31367696466486,3.6582533817364116,,
1741271400,268.25,269.51,268.16,268.25,262.36313619889575,266.0621981612138,262.36313619889575,266.0621981612138,0,0,0,0,0,278.7182,258.67179999999996,285.1164,252.2736,265.07,257.690554654725,253.35944534527493,,,,,6136447,0.7,0.64,-0.3305201381053314,1.0251318465380566,0.7548843385957739,-56.32184939024673,9.58918353092938,9.58918353092938,12.01445010604542,12.01445010604542,189.9404367968159,-131.05977736311385,,,1.4878219022078376,2.2812904916273298,3.653916855303787,,
1741357800,269.09,270.34,267.64,268.39,262.3737706920049,266.1258648999897,262.3737706920049,266.1258648999897,0,0,0,0,0,278.7182,258.67179999999996,285.1164,252.2736,265.07,257.69074161156226,253.35925838843767,,,,,10431236,0.71,0.64,-0.284328253663262,1.0659420207099293,0.6733678401763924,-63.553296719365456,15.666153992945539,15.666153992945539,22.969561766745777,22.969561766745777,189.9404367968159,-131.05977736311385,,,1.6788508871826875,2.2576654091000887,3.649970669553295,,
1741613400,267.62,268.44,265.64,266.04,262.38042789341944,266.1093878450882,262.38042789341944,266.1093878450882,0,0,0,0,0,278.7182,258.67179999999996,285.1164,252.2736,265.07,257.7149679338409,253.3350320661591,,,,,7593890,0.71,0.63,-0.7426831492629639,0.7688322724773411,0.548427039616073,-91.36655567751231,-0.7260941584874239,-0.7260941584874239,10.202071275801218,10.202071275801218,189.9404367968159,-131.05977736311385,,,2.413577752470517,2.263779618644027,3.6475003540346482,,
1741699800,268.47,269.73,268.4401,269.16,262.39261045307296,266.2022667139083,262.39261045307296,266.2022667139083,0,0,0,0,0,278.7182,258.67179999999996,285.1164,252.2736,265.07,257.72070856348273,253.32929143651722,,,,,8436562,0.69,0.62,0.06548180444233685,1.2020188019338354,0.6784818907369394,-52.426602473159,9.70948491473533,9.70948491473533,10.03787582211259,10.03787582211259,189.9404367968159,-131.05977736311385,,,1.3849234047242964,2.2293146690785473,3.6429797207692927,,
1741786200,268.47,271.23,268.36,270.33,262.4046102323875,266.2883935094413,262.4046102323875,266.2883935094413,0,0,0,0,0,278.7182,258.67179999999996,285.1164,252.2736,265.07,257.7220009362759,253.327999063724,,,,,7236239,0.69,0.61,0.15735834630275855,1.1162269776210938,0.6035916965279833,-53.5405234944322,19.155903456107694,19.155903456107694,37.39195872409791,37.39195872409791,189.9404367968159,-131.05977736311385,,,1.4143492156790587,2.1973552395334695,3.6385269125673143,,
1741872600,271.57,275.345,271.55,275.13,265.23214772098163,269.24059501656205,265.23214772098163,269.24059501656205,0,0,0,0,0,278.7182,258.67179999999996,285.1164,252.2736,265.07,259.29101437551594,254.7839856244841,,,,,13741460,0.69,0.62,1.2366211637667015,1.5268652015763515,0.733029523685724,-51.72860105893506,38.56167149782689,38.56167149782689,77.37320758126529,77.37320758126529,206.04508594264598,-131.05977736311388,,,1.3012030676407458,2.1622120171063037,3.6338569348551735,,
1741959000,276.27,276.3,274.66,275.24,265.35682703329553,269.5567721179627,265.35682703329553,269.5567721179627,0,0,0,0,0,278.7182,258.67179999999996,285.1164,252.2736,265.07,259.7428172650879,255.2871827349121,,,,,13364965,0.68,0.61,1.4621331883686688,1.2368172793004046,0.9188350097435724,-9.43481474825345,61.649426289685394,61.649426289685394,107.82493587340241,107.82493587340241,206.04508594264598,-131.05977736311388,,,0.21072518529282955,2.0856831217410696,3.627017510780124,,
1742218200,275.54,276.79,275.39,276.73,266.81052784525076,271.18806086481294,266.81052784525076,271.18806086481294,0,0,0,0,0,278.7182,258.67179999999996,285.1164,252.2736,265.07,259.97857417947415,255.54142582052583,,,,,8583359,0.69,0.61,1.2089500802550162,1.3096763582822384,1.0339291715527212,-21.68031001931805,84.67158002142818,84.67158002142818,130.7158874849138,130.7158874849138,206.04508594264598,-131.05977736311388,,,0.48422650236693954,2.0228809013734566,3.6207382080660118,,
1742304600,279.9,280.215,278.97,279.96,269.94283971235944,274.5348075472403,269.94283971235944,274.5348075472403,0,0,0,1,0,278.7182,258.67179999999996,285.1164,252.2736,265.07,261.66319029720165,257.2818097027983,,,,,9596547,0.69,0.61,1.3002221842970834,1.4271530262546273,1.1479953950039328,-15.83274228335657,108.23201452226812,108.23201452226812,155.35288352394798,155.35288352394798,206.04508594264598,-131.05977736311388,,,0.35362194599226754,1.957419765868312,3.614210503246684,,
1742391000,279.85,281.479,279.06,281.11,271.0677335003539,275.79656066347235,271.0677335003539,275.79656066347235,0,0,0,1,0,278.7182,258.67179999999996,285.1164,252.2736,265.07,262.25119873493736,257.9578012650626,,,,,8822197,0.66,0.62,1.3737684734125524,1.3194777135809035,1.1750444125554609,-32.65085052718471,131.76007006709528,131.76007006709528,178.8161811567496,178.8161811567496,206.04508594264598,-131.05977736311388,,,0.729251894276266,1.9092563199235257,3.608446350181808,,
1742477400,279.49,280.9,279.43,280.75,271.0844748919616,275.9397073041205,271.0844748919616,275.9397073041205,0,0,0,1,0,278.7182,258.67179999999996,285.1164,252.2736,265.07,262.2542153118557,257.9547846881443,,,,,5863288,0.62,0.62,1.5154209950942656,1.181450901864803,1.5464099255773156,-26.75777018813182,151.25617629134862,151.25617629134862,190.2483887398553,190.2483887398553,206.04508594264598,-131.05977736311388,,,0.5976308206751829,1.8578200258353554,3.6024307347382383,,
1742563800,279.46,279.46,276.59,278.49,271.0955652518178,275.9669815274883,271.0955652518178,275.9669815274883,0,0,0,1,0,278.7182,258.67179999999996,285.1164,252.2736,265.07,262.27129026144104,257.93770973855885,,,,,9359340,0.63,0.61,1.2212357035555437,1.0711334004658415,1.2496456453906144,-71.9911436014026,158.52442872270274,158.52442872270274,173.06093358541094,173.06093358541094,206.04508594264598,-131.05977736311388,,,1.6079114937213326,1.8480196912426488,3.598445681309633,,
1742823000,278.91,279.089,276.86,277.25,271.1071675190469,276.00366852641037,271.1071675190469,276.00366852641037,0,0,0,0,0,278.7182,258.67179999999996,285.1164,252.2736,265.07,262.1641783029269,258.044821697073,,,,,7870109,0.63,0.61,1.3653835668315972,0.9464054798216891,1.2758878078508977,-67.69078767830939,137.3555957707221,137.3555957707221,151.46815107204253,151.46815107204253,206.04508594264598,-131.05977736311388,,,1.511863683255665,1.8348371026941397,3.5942766863085263,,
1742909400,278.78,279.96,278.27,278.47,271.12153561591197,276.0936579959629,271.12153561591197,276.0936579959629,0,0,0,0,0,278.7182,258.67179999999996,285.1164,252.2736,265.07,262.5933853553138,258.4656146446862,,,,,5090179,0.62,0.61,1.1201786033578431,0.7036794881850835,1.6196669362409755,-45.233373413270776,114.71745881638243,114.71745881638243,139.21792032015583,139.21792032015583,206.04508594264598,-131.05977736311388,,,1.0102806730461498,1.8025015564334341,3.5891138571111987,,
1742995800,278.93,279.02,277.78,278.24,271.13490577452154,276.16109493729766,271.13490577452154,276.16109493729766,0,0,0,0,0,278.7182,258.67179999999996,285.1164,252.2736,265.07,262.57882943551755,258.4801705644824,,,,,3741843,0.61,0.61,0.9524223537608416,0.7625552060928099,1.726132120692979,-53.03772305147601,91.77782055440385,91.77782055440385,123.40455373157184,123.40455373157184,206.04508594264598,-131.05977736311388,,,1.1845896624097474,1.7782697174521132,3.584309612965941,,
1743082200,280.55,282.065,279.5868,281.97,271.97966617134296,277.1080989548479,271.97966617134296,277.1080989548479,0,0,0,0,0,278.7182,258.67179999999996,285.1164,252.2736,265.07,262.89253212857074,258.75246787142925,,,,,8476335,0.62,0.62,0.8034957762215235,0.9968760352559063,2.0101969542044387,-37.84203811014721,105.97723245380847,105.97723245380847,117.59544663898404,117.59544663898404,206.04508594264598,-131.05977736311388,,,0.845196297478471,1.7416786029433429,3.578836859088843,,
1743168600,283.82,284.64,282.86,284.06,274.01335148994366,279.3075496521734,274.01335148994366,279.3075496521734,0,0,0,0,0,278.7182,258.67179999999996,285.1164,252.2736,265.07,264.1963214093362,260.02367859066385,,,,,9563660,0.64,0.62,1.0485789551603262,0.9610014867340732,2.165288673016428,-18.914205192025918,121.54851544737133,121.54851544737133,129.4546530641459,129.4546530641459,206.04508594264598,-131.05977736311388,,,0.42244596212067476,1.689943989577748,3.5725303837702254,,
1743427800,287.53,288.39,285.85,288.14,277.9648817111286,283.41943102534844,277.9648817111286,283.41943102534844,0,0,0,0,0,278.7182,258.67179999999996,285.1164,252.2736,265.07,266.1171644625734,261.85283553742664,,,,,13925100,0.66,0.64,1.3390296064532434,1.5384972860785775,2.358695121766035,-35.583516405448975,132.54567146729607,132.54567146729607,154.53998350714554,154.53998350714554,206.04508594264598,-131.05977736311388,,,0.7947525508433275,1.654838442960712,3.5669803781100318,,
1743514200,288.54,289.13,285.91,287.57,277.9808006287887,283.51797490670737,277.9808006287887,283.51797490670737,0,0,0,0,0,300.04999999999995,276.88,311.71,265.22,288.54,266.4717534432618,262.2382465567383,,,,,15923553,0.64,0.64,0.8822579492676325,1.1678124680106643,2.0857995809856296,-34.65119719831926,143.95102513327987,143.95102513327987,166.76173246524743,166.76173246524743,206.04508594264598,-131.05977736311388,,,0.7739293399041999,1.6202929879388879,3.561399856555175,,
1743600600,288.28,289.03,287.36,288.16,278.01881256358195,283.68786373227636,278.01881256358195,283.68786373227636,0,0,0,0,0,300.04999999999995,276.88,311.71,265.22,288.54,267.2032694729872,262.9767305270128,,,,,11074787,0.66,0.64,0.8140054659805269,1.1976284380355138,1.997484650575777,-12.43005998252593,153.87370851425146,153.87370851425146,173.71907527619462,173.71907527619462,206.04508594264598,-131.05977736311388,,,0.2776235424764059,1.567639284195261,3.554838864918654,,
1743687000,282.78,289.09,282.45,286.42,278.0277801708475,283.64155927218707,278.0277801708475,283.64155927218707,0,0,0,0,0,300.04999999999995,276.88,311.71,265.22,288.54,267.7246074428396,263.45539255716045,,,,,20524385,0.66,0.63,0.6913118228483328,1.1252855033937001,1.949726773970842,-88.71955312527814,156.05999888240268,156.05999888240268,160.43257961870515,160.43257961870515,206.04508594264598,-131.05977736311388,,,1.9815380344253317,1.5838706077336953,3.5516954067158704,,
1743773400,283.64,284.03,278.02,279.72,278.0279672234532,283.42508243798363,278.0279672234532,283.42508243798363,0,0,0,0,0,300.04999999999995,276.88,311.71,265.22,288.54,267.8653655585067,263.31463444149335,,,,,21517158,0.62,0.6,0.14778028176650462,0.6407435878510886,1.4948714631512028,-157.55101027851464,108.30524166249326,108.30524166249326,140.1417464757662,140.1417464757662,206.04508594264598,-131.05977736311388,,,3.5188784008884104,1.6597532662887822,3.5516298382726585,,
1744032600,278.855,280.14,272.58,273.71,278.01739346276696,283.00589489139605,278.01739346276696,283.00589489139605,0,0,0,0,0,300.04999999999995,276.88,311.71,265.22,288.54,267.97675218428856,263.2032478157115,,,,,19806990,0.69,0.58,-0.4168840295161948,0.10387477759264756,1.0398070168926605,-186.00476891287653,46.5346984345331,46.5346984345331,108.93939712868851,108.93939712868851,206.04508594264595,-141.78383192443312,,,5.406718489727943,1.8066930789726707,3.555336309104737,,
1744119000,277.8665,278.32,274.24,275.2,278.01012434495925,282.6675931309492,278.01012434495925,282.6675931309492,0,0,0,0,0,300.04999999999995,276.88,311.71,265.22,288.54,268.8652502570992,264.07474974290085,,,,,12639534,0.65,0.58,-0.3960474045122164,0.47698503665686404,1.517029236133747,-166.18654578095234,-0.8886024041132643,-0.8886024041132643,72.33006395108792,72.33006395108792,206.04508594264595,-141.78383192443312,,,4.8306496390894,1.9252796107419543,3.557884387686125,,
1744205400,282.22,285.87,281.04,285.38,278.01632030031396,282.606558106206,278.01632030031396,282.606558106206,0,0,0,0,0,300.04999999999995,276.88,311.71,265.22,288.54,269.47603060705086,264.16396939294907,,,,,25342180,0.64,0.58,0.8137924109657494,1.1127341233023809,1.8461622317269204,-85.00346307186638,-4.758346028222315,-4.758346028222315,46.633927291317846,46.633927291317846,206.04508594264595,-141.78383192443312,,,2.470849528039979,1.946674509459524,3.5557124898646544,,
1744291800,288.805,292.86,287.231,292.35,282.0692620826487,286.73801915574666,282.0692620826487,286.73801915574666,0,0,0,0,0,300.04999999999995,276.88,311.71,265.22,288.54,271.77941680960646,266.2315831903935,,,,,19837799,0.68,0.59,1.1468457707998634,1.8615994921423276,2.083826930779154,-60.23825083942096,19.344539750278592,19.344539750278592,37.53746477763809,37.53746477763809,206.04508594264595,-141.78383192443312,,,1.7509834102958877,1.9390003487080087,3.5521066375578236,,
1744378200,297.96,299.275,296.81,297.93,287.47175421695204,292.39170078481726,287.47175421695204,292.39170078481726,0,0,0,0,0,300.04999999999995,276.88,311.71,265.22,288.54,275.06445892287877,269.3615410771211,,,,,21080132,0.7,0.61,1.5022917708517218,2.3385920422009874,2.185695682647857,-12.932846033249174,41.90511058175814,41.90511058175814,50.64040218999823,50.64040218999823,206.04508594264595,-141.78383192443312,,,0.37592723122881366,1.8777033637088247,3.5457606247579654,,
1744637400,295.54,296.58,294.53,296.23,287.48592453819685,292.47688898933427,287.48592453819685,292.47688898933427,0,0,0,0,0,300.04999999999995,276.88,311.71,265.22,288.54,275.23176435414445,269.56323564585557,,,,,12427590,0.7,0.59,0.8618955240061266,1.9594566234033388,2.218953102325896,-39.260425458078075,51.81408638223934,51.81408638223934,71.63203798320176,71.63203798320176,206.04508594264595,-141.78383192443312,,,1.1412076662303339,1.848821179493982,3.5409563231425256,,
1744723800,296.93,298.02,296.09,297.78,287.50315226139725,292.6193011858309,287.50315226139725,292.6193011858309,0,0,0,0,0,300.04999999999995,276.88,311.71,265.22,288.54,275.9846010700533,270.3005989299467,,,,,7924134,0.73,0.59,1.1041969411699157,1.9166333706599064,2.288566899112245,-21.24681848319535,64.87788946185205,64.87788946185205,91.00549562107746,91.00549562107746,206.04508594264595,-141.78383192443312,,,0.6175947370187734,1.8005377895929935,3.535115440852568,,
1744810200,304.65,308.0599,303.8,307.47,296.72351535836367,302.06169670772545,296.72351535836367,302.06169670772545,0,0,0,0,0,300.04999999999995,276.88,311.71,265.22,288.54,281.6719990466713,275.53790095332874,,,,,20778079,0.76,0.61,2.001476353468014,2.4207784094586184,2.5554038938240984,-41.063280112628156,86.23298363136912,86.23298363136912,128.94317197040328,128.94317197040328,206.04508594264595,-141.78383192443312,,,1.1936123849481302,1.7767367933324105,3.530437113068543,,
1744896600,306.31,307.13,302.73,306.12,296.73561103197335,302.08976350350093,296.73561103197335,302.08976350350093,0,0,0,0,0,300.04999999999995,276.88,311.71,265.22,288.54,281.6811567952014,275.5287432047987,,,,,18287825,0.74,0.61,2.0511326717453406,2.430668952941989,2.5893026083252906,-53.035408101868384,109.8559652809912,109.8559652809912,157.10192858023538,157.10192858023538,206.04508594264595,-141.78383192443312,,,1.5416138159820498,1.76751628441671,3.526463440147291,,
1745242200,315.015,316.41,313.945,315.59,304.5908855776801,310.22037340817707,304.5908855776801,310.22037340817707,0,0,0,1,1,300.04999999999995,276.88,311.71,265.22,288.54,287.38758413250923,280.8524158674908,,,,,20372259,0.76,0.62,3.698323675985469,2.928276630928389,2.874317493515757,-17.932175892597577,134.49397704822698,134.49397704822698,183.77000058269851,183.77000058269851,206.04508594264595,-141.78383192443312,,,0.5212459203396755,1.718642936805846,3.520459009538285,,
1745328600,317.49,317.63,310.36,311.11,304.6025167753271,310.2278999411897,304.6025167753271,310.2278999411897,0,0,0,0,0,300.04999999999995,276.88,311.71,265.22,288.54,288.08461579878167,281.4653842012183,,,,,35242287,0.75,0.62,3.9139942451983147,2.8016845602203824,2.5586447110455555,-57.01232821780283,153.764451400044,153.764451400044,192.30540010367807,192.30540010367807,206.04508594264595,-141.78383192443312,,,1.6572134731772115,1.716233938232174,3.5167362412338674,,
1745415000,304.18,304.74,300.59,303.65,304.5947994590927,309.8558254336921,304.5947994590927,309.8558254336921,0,0,0,0,0,300.04999999999995,276.88,311.71,265.22,288.54,288.2258175876871,281.32418241231284,,,,,25421464,0.75,0.63,3.000626158140609,2.1473364551502323,2.1429367252270315,-163.51528169542044,155.77699878573753,155.77699878573753,159.80209355712458,159.80209355712458,206.04508594264595,-141.78383192443312,,,4.753002313127793,1.8353228941104336,3.5192063033155736,,
1745501400,306.98,308.495,304.71,308.07,304.595247012621,309.6582950245277,304.595247012621,309.6582950245277,0,0,0,0,0,300.04999999999995,276.88,311.71,265.22,288.54,288.24696981665153,281.3030301833485,,,,,10844971,0.74,0.62,2.2934772892539126,2.3250404115173793,2.188113680627185,-118.60308432307825,131.23956007010992,131.23956007010992,147.597852547195,147.597852547195,206.04508594264595,-141.78383192443312,,,3.4475110111220246,1.8985459575226529,3.5190630559785236,,
1745587800,301.78,305.37,301.01,304.73,304.58837499061775,309.32486384709523,304.58837499061775,309.32486384709523,0,0,0,0,0,300.04999999999995,276.88,311.71,265.22,288.54,288.2802476871939,281.2697523128061,,,,,10691590,0.74,0.62,1.2127444882566607,1.7788728162593357,2.217846829193436,-158.93685380794847,95.7953264124569,95.7953264124569,130.33034383561562,130.33034383561562,206.04508594264595,-141.78383192443312,,,4.619918248360209,2.0052664395162827,3.521262566852413,,
1745847000,304.15,309.11,302.97,309.07,304.58539362200514,309.08060251975814,304.58539362200514,309.08060251975814,0,0,0,0,0,300.04999999999995,276.88,311.71,265.22,288.54,288.96838628197776,281.9616137180223,,,,,9375484,0.73,0.61,1.066374496387838,2.023804777946636,2.5208836126228915,-137.5708569997465,77.59031250253986,77.59031250253986,112.75033339125704,112.75033339125704,206.04508594264595,-141.78383192443312,,,3.998859279444833,2.0834465508860296,3.522216806038412,,
1745933400,305.81,306.95,304,306.06,304.5844555728103,308.8859083032971,304.5844555728103,308.8859083032971,0,0,0,0,0,300.04999999999995,276.88,311.71,265.22,288.54,288.9928717740269,281.93712822597314,,,,,6852106,0.75,0.62,0.9454968836208587,1.7435355825753627,2.3728513042347417,-126.34280765666125,56.147076948792844,56.147076948792844,93.88258124376898,93.88258124376898,206.04508594264595,-141.78383192443312,,,3.6724864539434,2.1457618412020047,3.522517045095165,,
1746019800,304.605,306.065,303.44,303.77,304.58241170553197,308.67710797767757,304.58241170553197,308.67710797767757,0,0,0,0,0,300.04999999999995,276.88,311.71,265.22,288.54,290.5988432576255,283.4811567423744,,,,,8331894,0.74,0.62,0.570934238462372,1.3936623718258596,2.3204356007380804,-132.44737817329028,21.749939391624935,21.749939391624935,69.8383672930543,69.8383672930543,206.04508594264595,-141.78383192443312,,,3.8499318736335044,2.2125920385522595,3.52317122057676,,
1746106200,297.41,297.94,295.32,297.46,304.564310383443,308.16124884129806,304.564310383443,308.16124884129806,0,0,0,0,0,340.155,274.885,362.68,252.36,297.41,291.38511766258137,284.1048823374186,,,,,14969062,0.75,0.63,-0.9051192074773716,0.9335880541116371,2.2542707868189193,-186.00476891287653,-31.08247362381168,-31.08247362381168,36.19808698743231,36.19808698743231,206.04508594264595,-141.78383192443312,,,6.422890459140018,2.377701780536093,3.5289648654090544,,
1746192600,300.17,300.85,297.03,297.98,304.54962764541415,307.73200771026677,304.54962764541415,307.73200771026677,0,0,0,0,0,340.155,274.885,362.68,252.36,297.41,292.2274728176155,284.9261271823845,,,,,8678366,0.76,0.63,-0.74184614110103,0.9885212891218496,2.2658813451839688,-170.31319738643276,-66.28535984754149,-66.28535984754149,2.036938042441051,2.036938042441051,206.04508594264595,-141.78383192443312,,,5.881048195443457,2.515087914454029,3.5336643326019304,,
1746451800,305.92,307.65,304.675,306.88,304.55009622154716,307.61640544711906,304.55009622154716,307.61640544711906,0,0,0,0,0,340.155,274.885,362.68,252.36,297.41,293.23007746946536,285.64992253053464,,,,,8924009,0.74,0.61,-0.7482002239032371,1.5955781199053722,2.4179527601246398,-100.15994339832473,-54.65302924267416,-54.65302924267416,-16.85971771926402,-16.85971771926402,206.04508594264595,-141.78383192443312,,,3.4586013498526453,2.552088441332406,3.533514356612421,,
1746538200,313.12,315.62,311.4,315.48,304.56386605926633,307.76642484134965,304.56386605926633,307.76642484134965,0,0,0,0,0,340.155,274.885,362.68,252.36,297.41,293.3285778165679,285.55142218343207,,,,,11445270,0.71,0.6,0.3727119019753126,2.112408523628317,2.735347028758255,-38.44893841859659,-16.654204173906226,-16.654204173906226,-16.243177083190645,-16.243177083190645,206.04508594264595,-141.78383192443312,,,1.3276719794670293,2.5040721094945484,3.529107079135607,,
1746624600,312.1,313.26,310.08,310.75,304.5749973958113,307.8593140632575,304.5749973958113,307.8593140632575,0,0,0,0,0,340.155,274.885,362.68,252.36,297.41,293.3807176749546,285.49928232504544,,,,,7909976,0.71,0.61,0.6163340617178796,1.764109709537784,2.5222987701207296,-50.56173047409713,-7.0888273767985535,-7.0888273767985535,12.041926217416794,12.041926217416794,206.04508594264595,-141.78383192443312,,,1.745936183022273,2.474341288848577,3.5255443001223936,,
1746711000,309.76,310.48,303.05,304.63,304.57220099741807,307.67563115881603,304.57220099741807,307.67563115881603,0,0,0,0,0,340.155,274.885,362.68,252.36,297.41,293.4597033476381,285.42029665236186,,,,,11927583,0.71,0.61,-0.29009937892933907,1.4226463803742357,2.1932278928669633,-115.0715245272554,0.6700376059838522,0.6700376059838522,16.187767571548665,16.187767571548665,206.04508594264595,-141.78383192443312,,,3.9735099337748236,2.5331322161005865,3.526439336353467,,
1746797400,307.79,308.57,306.0101,306.84,304.5752653290915,307.61407303494093,304.5752653290915,307.61407303494093,0,0,0,0,0,340.155,274.885,362.68,252.36,297.41,293.463585352251,285.416414647749,,,,,6913131,0.71,0.61,0.18146044322522167,1.334525809188204,2.3680970341135676,-87.9085883427952,5.310936736685088,5.310936736685088,14.592734998087561,14.592734998087561,206.04508594264595,-141.78383192443312,,,3.035552457302181,2.552834970657512,3.52545854338833,,
1747056600,298.33,299.47,296.82,298.19,304.56014531844403,307.19813683749226,304.56014531844403,307.19813683749226,0,0,0,0,0,340.155,274.885,362.68,252.36,297.41,293.58087425845844,285.2991257415416,,,,,14375881,0.71,0.61,-0.9006108600038846,0.7347449133934179,2.039928266545396,-172.2402324861713,-12.220566645396769,-12.220566645396769,-0.5328977240088646,-0.5328977240088646,206.04508594264595,-141.78383192443312,,,5.947590227827239,2.685962627801423,3.530297967333263,,
1747143000,299.02,300.3,297.24,299.46,304.5458862868387,306.8148177458259,304.5458862868387,306.8148177458259,0,0,0,0,0,340.155,274.885,362.68,252.36,297.41,293.5772171046934,285.3027828953066,,,,,10233603,0.72,0.61,-0.5516157734608943,0.5802051273040629,2.0188841559456336,-168.3861622866937,-38.23214457079571,-38.23214457079571,-13.099313339604482,-13.099313339604482,206.04508594264595,-141.78383192443312,,,5.814506163059656,2.8086506095762553,3.5348618198721766,,
1747229400,293.67,294.8,291.96,293.16,304.52121178876314,306.2415425401072,304.52121178876314,306.2415425401072,0,0,0,0,0,340.155,274.885,362.68,252.36,297.41,293.6604799643244,285.2195200356756,,,,,14800596,0.73,0.62,-0.8792719713085344,0.2825272418284642,1.632314861754315,-198.9075700248922,-72.53979236123055,-72.53979236123055,-32.91280634681317,-32.91280634681317,206.04508594264595,-165.9120700039025,,,7.487562977280648,2.9921373690940745,3.5427593246821836,,
1747315800,294.1,297.9,293.75,297.84,304.50012724972464,305.760242832652,304.50012724972464,305.760242832652,0,0,0,0,0,340.155,274.885,362.68,252.36,297.41,293.6819361793569,285.1980638206431,,,,,13497735,0.73,0.61,0.032428096476888886,0.4923199875004132,1.888702683726708,-183.8400901118765,-88.27827234947229,-88.27827234947229,-51.367961681032874,-51.367961681032874,206.04508594264595,-165.9120700039025,,,6.920371367914058,3.146185761204662,3.5495078002930365,,
1747402200,292.62,294.575,291.78,294.24,304.47518813434056,305.22133527058725,304.47518813434056,305.22133527058725,0,0,0,0,0,340.155,274.885,362.68,252.36,297.41,293.66852278887797,285.21147721112203,,,,,14173039,0.74,0.62,-0.31653445403311475,0.3975385852000684,1.7646772280422447,-198.90757002489224,-116.20902111516489,-116.20902111516489,-72.98164815907688,-72.98164815907688,206.04508594264595,-165.9120700039025,,,7.544599005038184,3.3186725550804863,3.5574900005023173,,
1747661400,297.845,298.58,296.482,298.03,304.45959950669953,304.8861095737015,304.45959950669953,304.8861095737015,0,0,0,0,0,340.155,274.885,362.68,252.36,297.41,293.6536049152496,285.2263950847504,,,,,11656261,0.73,0.62,-0.7262220413180126,0.9516975210285027,1.8352627265756687,-159.62729307163502,-110.3763390723939,-110.3763390723939,-85.44654513018256,-85.44654513018256,206.04508594264595,-165.9120700039025,,,6.054691213283041,3.425967404421763,3.562479413514866,,
1747747800,298.35,303.6825,298.3,303.58,304.4476380691237,304.63461115904653,304.4476380691237,304.63461115904653,0,0,0,0,0,340.155,274.885,362.68,252.36,297.41,293.6976209249689,285.1823790750311,,,,,12850980,0.72,0.62,-0.9433715817581485,1.575765510752051,1.9571533275531081,-144.43981040446786,-81.14307090655379,-81.14307090655379,-72.53612245929624,-72.53612245929624,206.04508594264595,-165.9120700039025,,,5.478627332931958,3.5064638722064765,3.566307880886329,,
1747834200,304.55,306.46,303.67,305.82,304.446322508546,304.6014577802604,304.446322508546,304.6014577802604,0,0,0,0,0,340.155,274.885,362.68,252.36,297.41,293.7020355175492,285.17796448245076,,,,,12414518,0.73,0.62,-0.3964716549759706,1.6053601976727752,1.9334533930729643,-98.6945600151701,-62.222344430296026,-62.222344430296026,-24.3808914777805,-24.3808914777805,206.04508594264595,-165.9120700039025,,,3.777052504832206,3.517075191132976,3.5667289490660408,,
1747920600,305.09,305.28,302.1,303.11,304.44190408195556,304.5086515927992,304.44190408195556,304.5086515927992,0,0,0,0,0,340.155,274.885,362.68,252.36,297.41,293.71884868036113,285.1611513196388,,,,,9704165,0.74,0.62,-0.12428033318670077,0.8934208141078618,1.9382921311127534,-111.81483598670407,-38.877616265476775,-38.877616265476775,7.811840064161721,7.811840064161721,206.04508594264595,-165.9120700039025,,,4.274533413606246,3.5467794351515356,3.5681431438003868,,
1748007000,308.86,310.25,307.47,309.75,304.44811646141216,304.627967216611,304.44811646141216,304.627967216611,0,0,0,0,0,340.155,274.885,362.68,252.36,297.41,293.7771548827914,285.1028451172086,,,,,13339473,0.74,0.63,0.23410260355154644,0.8482243810984238,2.0891052735324824,-64.85001316389406,-9.118047761701057,-9.118047761701057,50.40108924585038,50.40108924585038,194.44010954543566,-165.91207000390256,,,2.572958585506495,3.508590382224279,3.5661547630645347,,
1748352600,303.81,304.875,302.74,304.5,304.4449603845662,304.5589685022341,304.4449603845662,304.5589685022341,0,0,0,0,0,340.155,274.885,362.68,252.36,297.41,293.797251008913,285.082748991087,,,,,9578486,0.7,0.62,0.5169268666920185,0.3110164257437295,1.8197534532548372,-103.14471506966441,14.779960015102542,14.779960015102542,62.57597556870974,62.57597556870974,194.44010954543566,-165.91207000390256,,,4.071738648246131,3.5306746279506265,3.567164920677285,,
1748439000,304.64,304.99,303.06,303.81,304.44244358060104,304.5050991492053,304.44244358060104,304.5050991492053,0,0,0,0,0,340.155,274.885,362.68,252.36,297.41,293.7999497506951,285.0800502493049,,,,,8803333,0.69,0.63,0.3547742230669394,0.3608121558833762,1.7285922378342287,-100.55395299570115,29.36235345515476,29.36235345515476,58.5271403352592,58.5271403352592,194.44010954543566,-165.91207000390256,,,3.9703412655660744,3.5479164568767225,3.56797046781992,,
1748525400,305.74,306.89,304.46,305.61,304.44270103598444,304.5076952610012,304.44270103598444,304.5076952610012,0,0,0,0,0,340.155,274.885,362.68,252.36,297.41,293.755467669655,285.124532330345,,,,,9502412,0.69,0.63,1.0407539278363347,0.37203948053055563,1.8463285888703171,-88.57231092593929,39.73322830878825,39.73322830878825,60.47497801605523,60.47497801605523,191.82667748429694,-165.9120700039025,,,3.526727716340821,3.5470855258753144,3.5678880647200617,,
1748611800,303.64,304.02,301.5,303.6,304.43710303191654,304.3952719174325,304.43710303191654,304.3952719174325,0,0,0,0,0,340.155,274.885,362.68,252.36,297.41,295.69479103708863,287.0052089629114,,,,,9553260,0.7,0.63,0.4742880939191573,-0.17821750208780282,1.6299384069353822,-112.36305868826028,41.36507034906497,41.36507034906497,44.62875442961841,44.62875442961841,191.82667748429694,-165.9120700039025,,,4.4646535061313655,3.5830685839245713,3.5696798038637407,,
1748871000,309.21,311.72,308.72,311.67,304.44579753135326,304.5675632147881,304.44579753135326,304.5675632147881,0,0,0,0,0,321.13,279.85999999999996,333.05,267.93999999999994,309.21,296.05402987160636,287.2159701283936,,,,,13593232,0.69,0.61,1.428502425953083,0.25242127621290483,1.8084035857054228,-54.33292394367937,50.39298510762842,50.39298510762842,68.44881462475533,68.44881462475533,191.82667748429694,-165.9120700039025,,,2.1768750594125126,3.527923739826059,3.5668969772015005,,
1748957400,309.56,309.56,307.15,308.91,304.45136916465725,304.67214504950226,304.45136916465725,304.67214504950226,0,0,0,0,0,321.13,279.85999999999996,333.05,267.93999999999994,309.21,296.06714514138054,287.20285485861945,,,,,9315081,0.7,0.6,0.8773159765636542,-0.29368362180601315,1.7290594646556412,-66.95166515545148,61.13763397254421,61.13763397254421,82.6269317023758,82.6269317023758,191.82667748429694,-165.9120700039025,,,2.6743559681865707,3.4944504938794125,3.5651136784821897,,
1749043800,309.41,311.88,308.74,310.9,304.46007472077184,304.834355047561,304.46007472077184,304.834355047561,0,0,0,0,0,321.13,279.85999999999996,333.05,267.93999999999994,309.21,296.0698206162731,287.2001793837269,,,,,7462529,0.69,0.6,0.5793321836978212,-0.009363418348394149,1.730832182487423,-54.172175647988155,73.0472507979371,73.0472507979371,96.86648444872289,96.86648444872289,191.82667748429694,-165.9120700039025,,,2.170537722995015,3.442532346001593,3.5623273129367607,,
1749130200,311.24,312.2,307.6501,309.33,304.46660703701406,304.9478901045194,304.46660703701406,304.9478901045194,0,0,0,0,0,321.13,279.85999999999996,333.05,267.93999999999994,309.21,296.069750166668,287.200249833332,,,,,10856012,0.69,0.61,0.27573448176440585,0.2594563297303509,1.7833725608375908,-62.93215402168878,81.81396809702638,81.81396809702638,99.34740269520495,99.34740269520495,191.82667748429694,-165.9120700039025,,,2.5158908710668797,3.4061934646316043,3.5602365308351227,,
1749216600,309.09,309.2,305.1,305.18,304.4680821478292,304.95796892395003,304.4680821478292,304.95796892395003,0,0,0,0,0,321.13,279.85999999999996,333.05,267.93999999999994,309.21,296.106508225472,287.163491774528,,,,,7787508,0.7,0.61,0.16361050648520173,-0.12975643799093012,1.5647437469458878,-53.451338141839855,67.1212967572535,67.1212967572535,76.91641098376876,76.91641098376876,191.82667748429694,-165.9120700039025,,,3.323932950980688,3.40296756213549,3.5597643958104386,,
1749475800,305.39,307.61,305.06,306.62,304.46947519049087,304.96609955438333,304.46947519049087,304.96609955438333,0,0,0,0,0,321.13,279.85999999999996,333.05,267.93999999999994,309.21,297.4701687935471,288.5198312064529,,,,,7159036,0.7,0.61,-0.24210863494713109,0.08579524558701193,1.6469388421303408,-53.7767648580765,33.311629715884855,33.311629715884855,62.38148389447412,62.38148389447412,191.82667748429694,-165.9120700039025,,,3.3366076238157016,3.4003652116131455,3.5593185281341255,,
1749562200,308.31,308.6,305.87,306.71,304.4724676476527,305.00535839538793,304.4724676476527,305.00535839538793,0,0,0,0,0,321.13,279.85999999999996,333.05,267.93999999999994,309.21,297.4569525689319,288.5330474310681,,,,,7071702,0.69,0.61,0.17401364120858648,-0.10569947772498642,1.5070418213047456,-47.18687385428799,10.921147151433349,10.921147151433349,45.22803831346053,45.22803831346053,191.82667748429694,-165.9120700039025,,,3.0799454989068007,3.3877997326834848,3.558360739863941,,
1749648600,307.5,308.615,305.85,308.37,304.4754145654396,305.0423012034119,304.4754145654396,305.0423012034119,0,0,0,0,0,321.13,279.85999999999996,333.05,267.93999999999994,309.21,299.07714940785786,290.1028505921422,,,,,9248766,0.7,0.61,0.3599900273820421,0.10451351893876833,1.5401451048851431,-47.34958721240608,6.119126858290382,6.119126858290382,32.191734495070484,32.191734495070484,191.82667748429694,-165.9120700039025,,,3.0862828353242984,3.3759755406301832,3.557417527267458,,
1749735000,311.74,313.1,311.15,312.2,304.48883911176245,305.2835599797487,304.48883911176245,305.2835599797487,0,0,0,0,0,321.13,279.85999999999996,333.05,267.93999999999994,309.21,299.57905282709214,290.6309471729079,,,,,11531407,0.69,0.6,0.5164978595450338,0.38377151663050807,1.6051872756814716,-8.527949381958058,33.177236234469675,33.177236234469675,35.148239713268055,35.148239713268055,191.82667748429694,-165.9120700039025,,,1.406888684685826,3.2987564482402085,3.5531207663432194,,
1749821400,317.26,317.6,315.0375,316.29,305.18396785101584,306.3171437309914,305.18396785101584,306.3171437309914,0,0,0,0,0,321.13,279.85999999999996,333.05,267.93999999999994,309.21,299.5969515884017,290.61304841159836,,,,,16592949,0.7,0.6,1.0028190515124693,0.8768470399972769,1.6387537670374455,-10.04108137890847,46.39372257369881,46.39372257369881,72.8266952521571,72.8266952521571,191.82667748429694,-165.9120700039025,,,0.3959973442094273,3.1849227578860604,3.546812827437857,,
1750080600,314.8,314.87,311.65,311.78,305.19697970346135,306.528094957227,305.19697970346135,306.528094957227,0,0,0,0,0,321.13,279.85999999999996,333.05,267.93999999999994,309.21,299.6364939187854,290.5735060812147,,,,,12848440,0.7,0.61,0.008404216301909491,0.6366941807226089,1.4319355002881233,-37.19809788274317,59.643292334057236,59.643292334057236,86.1424318547741,86.1424318547741,191.82667748429694,-165.9120700039025,,,1.4670081254545015,3.1175535566142347,3.5426573734878404,,
1750167000,312.66,313,310.12,311.94,305.20693918457334,306.67137358635534,305.20693918457334,306.67137358635534,0,0,0,0,0,321.13,279.85999999999996,333.05,267.93999999999994,309.21,299.6220784811538,290.58792151884626,,,,,8234115,0.72,0.6,0.23363229958609893,0.2267480321047984,1.4620661105421566,-49.46384998631978,67.15853140435475,67.15853140435475,82.18900954494977,82.18900954494977,191.82667748429694,-165.9120700039025,,,1.950741408201339,3.071796217460788,3.539476722208547,,
1750253400,312.89,312.98,309.86,310.26,305.2163644809079,306.7989393280669,305.2163644809079,306.7989393280669,0,0,0,0,0,321.13,279.85999999999996,333.05,267.93999999999994,309.21,299.62873643132366,290.5812635686763,,,,,9370785,0.73,0.61,-0.04897847444693606,-0.22729194518885604,1.3932491419363278,-51.54822616078374,63.84178026091795,63.84178026091795,66.05294768987582,66.05294768987582,191.82667748429694,-165.9120700039025,,,2.032944449713872,3.031056932451105,3.536466667718048,,
1750426200,309.33,310.89,309.25,310.13,305.2245643520749,306.89782013873094,305.2245643520749,306.89782013873094,0,0,0,0,0,321.13,279.85999999999996,333.05,267.93999999999994,309.21,299.62809782741806,290.58190217258203,,,,,8794711,0.71,0.6,0.061795956543427205,-0.027524031012059927,1.2393597359386812,-56.4384933393341,39.196696124749806,39.196696124749806,57.10086383483382,57.10086383483382,191.82667748429694,-165.9120700039025,,,2.225805431724057,2.9994784422265153,3.533847963949828,,
1750685400,310.34,312.67,310.31,311.08,305.23484454317963,307.0339762117219,305.23484454317963,307.0339762117219,0,0,0,0,0,321.13,279.85999999999996,333.05,267.93999999999994,309.21,299.6138424660423,290.59615753395775,,,,,12687916,0.71,0.6,0.46249860538264587,0.29244277840536836,1.3029570896208194,-47.940652012673006,28.798577331861587,28.798577331861587,47.66676833384307,47.66676833384307,191.82667748429694,-165.9120700039025,,,1.8906699547883328,2.9559957564446258,3.5305648910044507,,
1750771800,305.07,306.34,303.54,306.19,305.2317129856508,306.90195753675243,305.2317129856508,306.90195753675243,0,0,0,0,0,321.13,279.85999999999996,333.05,267.93999999999994,309.21,299.65489983185336,290.5551001681467,,,,,12035177,0.72,0.6,-0.03328349605746836,-0.029026970844516012,1.1384823086136644,-102.2146008631403,-15.681617132820229,-15.681617132820229,26.550639844955306,26.550639844955306,191.82667748429694,-165.9120700039025,,,4.031110689557052,2.9981571263706033,3.53156498251005,,
1750858200,305.31,307.36,305.12,307.12,305.2317129597054,306.8364572411935,305.2317129597054,306.8364572411935,0,0,0,0,0,321.13,279.85999999999996,333.05,267.93999999999994,309.21,299.6540141407285,290.5559858592715,,,,,6733155,0.71,0.6,0.03188308624822908,0.4123843636276682,1.08264701658512,-89.54800718755126,-50.1605201330678,-50.1605201330678,0.9802531856142735,0.9802531856142735,191.82667748429694,-165.9120700039025,,,3.531569129596261,3.0190752441441586,3.5315649907959368,,
1750944600,305.77,307.28,304.855,306.78,305.23118875798775,306.763237349382,305.23118875798775,306.763237349382,0,0,0,0,0,321.13,279.85999999999996,333.05,267.93999999999994,309.21,299.6542295421254,290.5557704578746,,,,,6787517,0.71,0.61,-0.1229488145850212,0.3365200739953844,1.208567765380965,-91.67246751921644,-72.90276759224953,-72.90276759224953,-23.647420407006994,-23.647420407006994,191.82667748429694,-165.9120700039025,,,3.615352998830188,3.042458685504395,3.531732399403398,,
1751031000,300.03,302.36,299.89,301.22,305.22084472450524,306.5001300023474,305.22084472450524,306.5001300023474,0,0,0,0,0,321.13,279.85999999999996,333.05,267.93999999999994,309.21,299.69044407122794,290.5195559287721,,,,,13301308,0.71,0.61,-0.8297367060687368,0.3744902912248855,0.8866370603692297,-137.01770310141447,-105.13610419999853,-105.13610419999853,-50.81031500467084,-50.81031500467084,191.82667748429697,-180.99062918340502,,,5.1851149261753555,3.126484420432668,3.53503586099535,,
1751290200,302.385,304.92,301.95,304.83,305.2145960836971,306.3273170610789,305.2145960836971,306.3273170610789,0,0,0,0,0,321.13,279.85999999999996,333.05,267.93999999999994,309.21,299.7021218074305,290.50787819256954,,,,,8192086,0.71,0.61,-0.8538629992904904,0.3193173844871037,0.9855129105212879,-117.65885664257155,-118.19453783839604,-118.19453783839604,-73.27172261591258,-73.27172261591258,185.14222590444132,-180.99062918340505,,,4.533813904960647,3.1816738119827845,3.537031421522753,,
1751376600,308.555,309,307.36,307.55,305.21906102658676,306.371316392017,305.21906102658676,306.371316392017,0,0,0,0,0,326.45500000000004,299.7,335.31000000000006,290.84499999999997,308.555,299.6851202920547,290.52487970794533,,,,,9335647,0.72,0.61,-0.31944124754085856,0.6149143028822961,1.0588405038011133,-73.27012481298203,-93.46109398586334,-93.46109398586334,-80.00151307256283,-80.00151307256283,185.14222590444132,-180.99062918340505,,,2.8233583104113333,3.167622223685865,3.535605501220832,,
1751463000,308.035,309.395,306.96,309.25,305.22272583972045,306.398060847232,305.22272583972045,306.398060847232,0,0,0,0,0,326.45500000000004,299.7,335.31000000000006,290.84499999999997,308.555,299.68663928777295,290.52336071222703,,,,,8316377,0.72,0.61,-0.2030591062034109,0.5118155833654392,1.116454677000238,-76.55210128836785,-72.46481888383589,-72.46481888383589,-57.39143050638201,-57.39143050638201,185.14222590444132,-180.99062918340505,,,2.949824528122938,3.1590811375853582,3.5344351096661906,,
1751549400,307.05,307.57,306.15,307.14,305.224781132748,306.39230944145817,305.224781132748,306.39230944145817,0,0,0,0,0,326.45500000000004,299.7,335.31000000000006,290.84499999999997,308.555,299.695974096512,290.51402590348806,,,,,5275838,0.72,0.61,-0.2363236845158817,0.15910896739576594,1.0051981915833916,-83.19810365102357,-59.80950509573566,-59.80950509573566,-34.4988775195352,-34.4988775195352,185.14222590444132,-180.99062918340505,,,3.205918618988916,3.160917901561968,3.5337787330614407,,
1751895000,305.07,307.705,304.53,307.37,305.22362792369154,306.32388946336175,305.22362792369154,306.32388946336175,0,0,0,0,0,326.45500000000004,299.7,335.31000000000006,290.84499999999997,308.555,299.68834427446416,290.5216557255359,,,,,7351641,0.72,0.61,-0.21052478488335724,0.0692218363339929,1.1374964153046239,-96.49010837633502,-47.32981586670953,-47.32981586670953,-22.370437408657263,-22.370437408657263,185.14222590444132,-180.99062918340505,,,3.7181068007208724,3.182768446627023,3.5341470209089123,,
1751981400,306.3,306.445,302.77,304.16,305.2189957000678,306.1898232098966,305.2189957000678,306.1898232098966,0,0,0,0,0,326.45500000000004,299.7,335.31000000000006,290.84499999999997,308.555,299.6150220759311,290.5949779240689,,,,,11840545,0.7,0.61,-0.5245415852694624,0.04716005766127758,1.0263656379337083,-110.93080486803126,-44.840284207281115,-44.840284207281115,-39.861220888424285,-39.861220888424285,185.14222590444132,-180.99062918340505,,,4.274558158651882,3.2255837294515275,3.5356263638414656,,
1752067800,303.58,305.54,303.23,305.52,305.215282621746,306.07887328009673,305.215282621746,306.07887328009673,0,0,0,0,0,326.45500000000004,299.7,335.31000000000006,290.84499999999997,308.555,300.37513971548026,291.49486028451975,,,,,10644077,0.7,0.61,-0.05158423929580727,-0.1858667287755719,1.203926260733842,-107.15653192133759,-53.65198085891188,-53.65198085891188,-47.77751642449137,-47.77751642449137,185.14222590444132,-180.99062918340505,,,4.129122008283537,3.261016603131214,3.5368121693248664,,
1752154200,306.11,306.51,304.82,306.2,305.21472201710714,306.0340037397008,305.21472201710714,306.0340037397008,0,0,0,0,0,326.45500000000004,299.7,335.31000000000006,290.84499999999997,308.555,303.8240136831518,294.84598631684827,,,,,7059561,0.71,0.61,-0.07075796660270516,0.07613714941729142,1.283907914507734,-94.11067543168033,-50.10937602447807,-50.10937602447807,-48.554802957820264,-48.554802957820264,185.14222590444132,-180.99062918340505,,,3.6264187928799605,3.2753461007684197,3.5369912035377635,,
1752240600,308.855,310.28,308.5153,309.14,305.22147191717283,306.1343583773596,305.22147191717283,306.1343583773596,0,0,0,0,0,326.45500000000004,299.7,335.31000000000006,290.84499999999997,308.555,306.77818922979,298.08281077021,,,,,9187302,0.73,0.61,0.18273520895685386,0.24060341726295412,1.2586173939457097,-63.79095625794969,-36.57294044603752,-36.57294044603752,-12.60921542247204,-12.60921542247204,185.14222590444132,-180.99062918340505,,,2.458092257105819,3.24329693042871,3.5348355612871503,,
1752499800,309.07,309.38,307.73,308.01,305.2266549902654,306.2002894213847,305.2266549902654,306.2002894213847,0,0,0,0,0,326.45500000000004,299.7,335.31000000000006,290.84499999999997,308.555,308.9986433500165,300.4113566499834,,,,,5772879,0.68,0.61,0.5385185231760659,0.10831727595207774,1.152794100965773,-70.23429657325038,-19.050590832911887,-19.050590832911887,15.994108393339388,15.994108393339388,185.14222590444132,-180.99062918340505,,,2.7063770590281075,3.222241249197314,3.533180299544375,,
1752586200,307.73,308.74,305.79,306.73,305.2279903449302,306.1883172872127,305.2279903449302,306.1883172872127,0,0,0,0,0,326.45500000000004,299.7,335.31000000000006,290.84499999999997,308.555,308.9450458793244,300.46495412067554,,,,,8149008,0.63,0.61,0.14877925622920504,0.14207852224288167,1.0951259842632828,-86.15188247887019,-4.94669291845543,-4.94669291845543,23.26110291045749,23.26110291045749,185.14222590444132,-180.99062918340505,,,3.3197382149293366,3.2260646596181775,3.5327538418328563,,
1752672600,307.11,311.09,305.73,308.26,305.229204350235,306.1744852367338,305.229204350235,306.1744852367338,0,0,0,0,0,326.45500000000004,299.7,335.31000000000006,290.84499999999997,308.555,308.94162247962635,300.4683775203736,,,,,17693100,0.62,0.61,0.05508514560985555,-0.1507268541688314,1.1863134394073989,-86.64417895017804,9.247378627020515,9.247378627020515,37.63552171797241,37.63552171797241,185.14222590444132,-180.99062918340505,,,3.3387081475860767,3.230482051303193,3.532366138148048,,
1752759000,305.5,307.665,305.12,307.59,305.22920933654825,306.13751326666585,305.22920933654825,306.13751326666585,0,0,0,0,0,326.45500000000004,299.7,335.31000000000006,290.84499999999997,308.555,308.9391825350735,300.4708174649265,,,,,6642258,0.62,0.61,-0.12805602042144043,-0.058854944952019636,1.1614488904318288,-56.738028424583874,15.925505277849991,15.925505277849991,29.281758579508946,29.281758579508946,185.14222590444132,-180.99062918340505,,,3.531569129596261,3.2422893877068426,3.532364545723369,,
1752845400,309.24,309.37,308.32,308.39,305.23554398322847,306.2262264718946,305.23554398322847,306.2262264718946,0,0,0,0,0,326.45500000000004,299.7,335.31000000000006,290.84499999999997,308.555,308.76103024230656,300.6489697576934,,,,,5574281,0.63,0.61,0.09713184832813142,-0.11124497225229393,1.26640682020201,-30.116079603664822,26.553254650264876,26.553254650264876,47.808753395094655,47.808753395094655,185.14222590444132,-180.99062918340505,,,2.519839387903515,3.213958015165536,3.5303415184350175,,
1753104600,311.88,313.31,311.61,313.13,305.24837366557966,306.4391901396635,305.24837366557966,306.4391901396635,0,0,0,0,0,326.45500000000004,299.7,335.31000000000006,290.84499999999997,308.555,308.79815800156376,300.61184199843615,,,,,10995756,0.62,0.62,0.44753123455377314,0.16938044628177504,1.300430169448637,-13.899449183868175,46.16109030069837,46.16109030069837,85.37676160156536,85.37676160156536,222.98619312134173,-180.99062918340502,,,1.4796547472256494,3.145946122305148,3.526244242168865,,
1753191000,314.48,316.24,313.62,316.1,305.2651535383757,306.72183758516684,305.2651535383757,306.72183758516684,0,0,0,0,0,326.45500000000004,299.7,335.31000000000006,290.84499999999997,308.555,308.6457179877928,300.76428201220716,,,,,13691849,0.62,0.61,0.9358540602495186,0.4925063609084917,1.3454616234902934,-25.150490001910217,70.9854075069763,70.9854075069763,120.63404191953217,120.63404191953217,271.27859315085163,-180.99062918340502,,,0.8441620032248934,3.055680078419648,3.5208854364966493,,
1753277400,314,314.96,311.42,312.18,305.27754823660075,306.9079890524152,305.27754823660075,306.9079890524152,0,0,0,0,0,326.45500000000004,299.7,335.31000000000006,290.84499999999997,308.555,308.6213808331963,300.75861916680367,,,,,10547520,0.62,0.61,0.520992931881646,0.2502136121494019,1.072818507512929,-47.461408551991596,90.20735288721771,90.20735288721771,128.65124364770054,128.65124364770054,271.27859315085163,-180.99062918340502,,,1.5397262006386558,2.9962309067419617,3.516927076385045,,
1753363800,309.29,310.99,309.06,310.27,305.28525003832584,306.99521693271265,305.28525003832584,306.99521693271265,0,0,0,0,0,326.45500000000004,299.7,335.31000000000006,290.84499999999997,308.555,308.51525832135894,300.8647416786411,,,,,7698763,0.63,0.63,0.31769872320392134,0.1601723993281264,1.0139897852374713,-71.39493936026096,95.83773037504517,95.83773037504517,107.09848535070009,107.09848535070009,271.27859315085163,-180.99062918340502,,,2.2858768851370637,2.9683738862868676,3.5144674356432906,,
1753450200,307.82,308.31,306.2,307.4,305.2872793089785,306.96798881770434,305.2872793089785,306.96798881770434,0,0,0,0,0,326.45500000000004,299.7,335.31000000000006,290.84499999999997,308.555,308.4930101308965,300.8869898691035,,,,,9376386,0.62,0.62,-0.1345900669829862,-0.043426812110346366,0.8833956202307996,-100.39913347536704,64.30814511802268,64.30814511802268,85.32786862270434,85.32786862270434,271.27859315085163,-180.99062918340502,,,3.190110341774963,2.9770694335609105,3.5138193695216757,,
1753709400,306.44,306.58,304.05,305.41,305.2850517778916,306.8583578836767,305.2850517778916,306.8583578836767,0,0,0,0,0,326.45500000000004,299.7,335.31000000000006,290.84499999999997,308.555,308.47813049678325,300.90186950321674,,,,,9275440,0.64,0.62,-0.20179357058169842,-0.3001753611868602,0.7243848200042523,-122.20298569476462,19.32731486533347,19.32731486533347,63.32768403691405,63.32768403691405,271.27859315085163,-180.99062918340502,,,3.8698662619747726,3.0120810738908657,3.5145307519241795,,
1753795800,305.8,307.03,304.985,306.25,305.2846781479658,306.7893262019639,305.2846781479658,306.7893262019639,0,0,0,0,0,326.45500000000004,299.7,335.31000000000006,290.84499999999997,308.555,308.4402670821549,300.93973291784516,,,,,5741114,0.63,0.62,-0.037408148994973474,-0.43809556906887315,0.7126051554217222,-112.72084531097995,-15.41629238186944,-15.41629238186944,37.079691897319556,37.079691897319556,271.27859315085163,-180.99062918340502,,,3.574251478073921,3.0341269720941226,3.514650074054349,,
1753882200,304.42,304.65,300.955,300.96,305.27633383598186,306.5665428214947,305.27633383598186,306.5665428214947,0,0,0,0,0,326.45500000000004,299.7,335.31000000000006,290.84499999999997,308.555,308.4802666867687,300.8997333132313,,,,,13459595,0.69,0.63,-0.5612337554043185,-0.4748500394658658,0.5686740248895095,-197.05901660395256,-61.01486430918034,-61.01486430918034,4.381506495152927,4.381506495152927,271.27859315085163,-194.39877852377583,,,4.848398621518238,3.1052748799146763,3.517314906317014,,
1753968600,304.59,304.61,302.86,302.96,305.27177432781804,306.4264548677106,305.27177432781804,306.4264548677106,0,0,0,0,0,326.45500000000004,299.7,335.31000000000006,290.84499999999997,308.555,308.478678869476,300.9013211305239,,,,,8980956,0.67,0.62,-0.3564524864861668,-0.3935840688364396,0.6935790700518555,-190.38610893200124,-92.64113213386503,-92.64113213386503,-27.959373047853056,-27.959373047853056,271.27859315085163,-194.39877852377583,,,4.246103259666763,3.1500132477480913,3.5187710269031274,,
1754055000,308.61,309.55,307.45,309.11,305.27630305043976,306.4700605591729,305.27630305043976,306.4700605591729,0,0,0,0,0,316.25250000000005,293.3125,323.89500000000004,285.66999999999996,308.61,308.4669782543353,300.9130217456647,,,,,12843364,0.61,0.61,0.05490168649450643,-0.05032281196822633,0.9007544948461245,-131.4246270775741,-72.34766400057033,-72.34766400057033,-42.75547003209215,-42.75547003209215,271.27859315085163,-194.39877852377583,,,2.7949034114262328,3.136087371813901,3.5173247379611157,,
1754314200,310.8,311.74,310.37,310.91,305.2865985488405,306.6253209294014,305.2865985488405,306.6253209294014,0,0,0,0,0,316.25250000000005,293.3125,323.89500000000004,285.66999999999996,308.61,308.47193954867737,300.9080604513226,,,,,7639030,0.66,0.62,-0.1671117508456614,0.0342270042759198,0.9152924266631902,-87.05931943982647,-39.94901327525743,-39.94901327525743,-34.33609976158799,-34.33609976158799,271.27859315085163,-194.39877852377583,,,1.871700022131593,3.0865035541793007,3.5140367764909266,,
1754400600,310.37,312.24,310.22,311.16,305.29657677351815,306.76866912824846,305.29657677351815,306.76866912824846,0,0,0,0,0,316.25250000000005,293.3125,323.89500000000004,285.66999999999996,308.61,308.3046075440465,301.0753924559535,,,,,6997693,0.66,0.62,-0.36844428091615583,0.0035004722243533785,0.9297974991989594,-89.33835921573778,-26.89191646270052,-26.89191646270052,-0.7777228375867011,-0.7777228375867011,271.27859315085163,-194.39877852377583,,,1.9191248537734333,3.0407239973006392,3.5108501392827,,
1754487000,310.32,311.24,309.84,310.5,305.3057834133313,306.891642887925,305.3057834133313,306.891642887925,0,0,0,0,0,316.25250000000005,293.3125,323.89500000000004,285.66999999999996,308.61,308.1461457466646,301.2338542533353,,,,,7418158,0.63,0.62,-0.12778382316871723,0.19297333934549873,0.8008465054304645,-95.1119266480482,-10.529527589224024,-10.529527589224024,22.195250157728978,22.195250157728978,271.27859315085163,-194.39877852377583,,,2.039267760599464,3.001451203704515,3.5079099147498662,,
1754573400,311.72,313.135,310.7,313.12,305.3166727571608,307.04318238251614,305.3166727571608,307.04318238251614,0,0,0,0,0,316.25250000000005,293.3125,323.89500000000004,285.66999999999996,308.61,308.1130499799678,301.26695002003225,,,,,10891459,0.67,0.62,0.2178067423422201,0.2674537977335226,0.8085940060953561,-82.045431932821,15.515222461042754,15.515222461042754,67.60472256157632,67.60472256157632,271.27859315085163,-194.39877852377583,,,1.7673653925195332,2.953055681697261,3.5044323033168387,,
1754659800,312.35,313.53,311,313.05,305.32813375065297,307.2004262106528,305.32813375065297,307.2004262106528,0,0,0,0,0,316.25250000000005,293.3125,323.89500000000004,285.66999999999996,308.61,308.02441015271484,301.3555898472852,,,,,19886802,0.66,0.62,0.4359956587552381,0.27990937897121176,0.6835755196924426,-77.48735238099748,49.62507855501398,49.62507855501398,117.84479074295643,117.84479074295643,271.27859315085163,-194.39877852377583,,,1.6725157292358344,2.9028384286595577,3.500772130341652,,
1754919000,308.62,309.66,307.63,308.55,305.3329059109913,307.22066832003895,305.3329059109913,307.22066832003895,0,0,0,0,0,316.25250000000005,293.3125,323.89500000000004,285.66999999999996,308.61,308.06148115760135,301.31851884239865,,,,,10326704,0.65,0.62,0.24298021846820048,0.3320351535831589,0.5747317304888091,-128.68977934647998,66.76739853299908,66.76739853299908,101.0520384889693,101.0520384889693,271.27859315085163,-194.39877852377583,,,2.7379936134560134,2.896373926102556,3.4992480973408817,,
1755005400,308.22,309.305,306.71,308.27,305.335848756324,307.2043989741551,305.335848756324,307.2043989741551,0,0,0,0,0,316.25250000000005,293.3125,323.89500000000004,285.66999999999996,308.61,307.8740238915945,301.50597610840543,,,,,9701725,0.66,0.62,0.15590796976876253,0.15400440857579994,0.5498575143927023,-142.66788997207183,65.14930550005289,65.14930550005289,66.22803418868368,66.22803418868368,271.27859315085163,-194.39877852377583,,,3.028865914192684,2.901569690341385,3.498308272799127,,
1755091800,309.1,310.39,308.45,309.21,305.3422274800876,307.2563205830117,305.3422274800876,307.2563205830117,0,0,0,0,0,316.25250000000005,293.3125,323.89500000000004,285.66999999999996,308.61,307.8722778209639,301.5077221790361,,,,,4718586,0.65,0.61,0.6479684984218703,0.07366148192102509,0.6269435698661379,-116.2310285714962,39.74859976748081,39.74859976748081,57.40155604828273,57.40155604828273,271.27859315085163,-194.39877852377583,,,2.478737867147248,2.8849880502161245,3.4962711690915307,,
1755178200,307.925,308.34,306.52,307.25,305.3447758767308,307.2312766385799,305.3447758767308,307.2312766385799,0,0,0,0,0,316.25250000000005,293.3125,323.89500000000004,285.66999999999996,308.61,307.7710316854995,301.6089683145005,,,,,5817726,0.64,0.62,0.33498386546151865,-0.08833067508347348,0.7760922144429037,-145.5546736882266,6.577195930463375,6.577195930463375,40.46010267567628,40.46010267567628,271.27859315085163,-194.39877852377583,,,3.0889373676056904,2.892986062662774,3.4954573153423083,,
1755264600,307.34,308,306.87,307.43,305.3480114893647,307.2208030449101,305.3480114893647,307.2208030449101,0,0,0,0,0,316.25250000000005,293.3125,323.89500000000004,285.66999999999996,308.61,307.7151746624927,301.6648253375073,,,,,5990110,0.68,0.63,-0.12868252790067825,0.012906971402527658,0.9722971299155222,-140.236914211099,-36.03885623552864,-36.03885623552864,14.960449705274641,14.960449705274641,271.27859315085163,-194.39877852377583,,,2.9782794271080384,2.896330900484157,3.4944239928882936,,
1755523800,307.79,307.89,306.625,306.95,305.3507560218535,307.2012284156979,305.3507560218535,307.2012284156979,0,0,0,0,0,316.25250000000005,293.3125,323.89500000000004,285.66999999999996,308.61,310.0505171907177,304.0314828092824,,,,,6150140,0.65,0.63,-0.3015999513365371,-0.018680906978582067,0.910636004431376,-143.95934584508817,-73.69889065108616,-73.69889065108616,-14.592663746845624,-14.592663746845624,271.27859315085163,-194.39877852377583,,,3.055739985456391,2.9025822371497347,3.493547501364953,,
1755610200,306.76,307.4788,305.19,305.27,305.3506566092224,307.126709654298,305.3506566092224,307.126709654298,0,0,0,0,0,316.25250000000005,293.3125,323.89500000000004,285.66999999999996,308.61,310.93975613784403,304.96024386215606,,,,,5029939,0.66,0.63,-0.44774290710044207,0.04983763609782186,0.5495246490001289,-165.76215970130994,-110.22778475291797,-110.22778475291797,-46.47103741553641,-46.47103741553641,271.27859315085163,-194.39877852377583,,,3.5094375414967347,2.926380484379029,3.4935792496968845,,
1755696600,307.54,308.47,307.4,308.36,305.3549288237894,307.14091319726674,305.3549288237894,307.14091319726674,0,0,0,0,0,316.25250000000005,293.3125,323.89500000000004,285.66999999999996,308.61,311.6828887930431,305.8071112069569,,,,,6515411,0.65,0.63,-0.16334649929756825,0.12719666657532497,0.4326379794791297,-132.18430700287814,-96.20154430105347,-96.20154430105347,-63.04787304404209,-63.04787304404209,271.27859315085163,-194.39877852377583,,,2.8107116886401857,2.921844453173584,3.4922148789455223,,
1755783000,307.86,308.15,307.0314,307.29,305.35846340356204,307.1402493856092,305.35846340356204,307.1402493856092,0,0,0,0,0,316.25250000000005,293.3125,323.89500000000004,285.66999999999996,308.61,311.6729699732439,305.8170300267562,,,,,4808975,0.63,0.63,-0.44156244771485104,0.04874107123124903,0.24835604949211934,-93.38815098187196,-80.94621684992592,-80.94621684992592,-69.01398764600337,-69.01398764600337,271.27859315085163,-194.39877852377583,,,2.927250308261406,2.9220564474907538,3.491086078604495,,
1755869400,306.52,311.025,306.43,310.58,305.36080133881967,307.11626313519315,305.36080133881967,307.11626313519315,0,0,0,0,0,316.25250000000005,293.3125,323.89500000000004,285.66999999999996,308.61,311.67945960823204,305.810540391768,,,,,8526492,0.63,0.63,-0.18756992860264582,0.06393322763424791,0.38386770457656993,-102.61254312464683,-59.326976035609604,-59.326976035609604,-39.952952814822055,-39.952952814822055,271.27859315085163,-194.39877852377583,,,3.1173922665907914,2.9297166756907553,3.4903394376214507,,
1756128600,309.67,310.84,309.67,309.83,305.36954339408675,307.2190057573424,305.36954339408675,307.2190057573424,0,0,0,0,0,316.25250000000005,293.3125,323.89500000000004,285.66999999999996,308.61,311.5598937724062,305.9301062275938,,,,,4044429,0.63,0.63,0.0986124817620254,0.08109487593665674,0.3206400270285428,-52.91678232885359,-39.45602848933272,-39.45602848933272,0.28586660322103086,0.28586660322103086,271.27859315085163,-194.39877852377583,,,2.0930159031268785,2.8969048806882505,3.487547582407675,,
1756215000,310.62,312.21,310.305,312.08,305.379524026666,307.342372198231,305.379524026666,307.342372198231,0,0,0,0,0,316.25250000000005,293.3125,323.89500000000004,285.66999999999996,308.61,311.4920308733908,305.99796912660923,,,,,11698460,0.62,0.64,0.2934649583581668,0.2391109350950171,0.11866959512093544,-43.177026740789344,-10.80527202525839,-10.80527202525839,46.496240902890285,46.496240902890285,271.27859315085163,-194.39877852377583,,,1.8922507825097263,2.857506680759681,3.484360176214073,,
1756301400,311.39,312.91,310.77,312.71,305.3904044981412,307.47895368065326,305.3904044981412,307.47895368065326,0,0,0,0,0,316.25250000000005,293.3125,323.89500000000004,285.66999999999996,308.61,311.4907317829812,305.9992682170188,,,,,4320071,0.67,0.64,0.26912688176781463,0.19816400703311368,0.1706141398966773,-36.04476477472682,20.69924158996298,20.69924158996298,83.70826882040572,83.70826882040572,271.27859315085163,-194.39877852377583,,,1.7452338044200064,2.8138881365894974,3.4808853982484504,,
1756387800,313.32,315.08,313.07,315.03,305.4058126809621,307.6994731441571,305.4058126809621,307.6994731441571,0,0,0,0,0,316.25250000000005,293.3125,323.89500000000004,285.66999999999996,308.61,311.4957816888503,305.9942183111498,,,,,9610202,0.69,0.63,0.6118305306619148,0.33742987835844257,-0.014291801583602253,-29.88059904146108,55.22242541064675,55.22242541064675,124.26879305201429,124.26879305201429,271.27859315085163,-194.39877852377583,,,1.0180530525783387,2.743463231334158,3.4759646543010576,,
1756474200,314.72,318.09,314.64,318.07,307.1396436289632,309.63674242979664,307.1396436289632,309.63674242979664,0,0,0,1,0,316.25250000000005,293.3125,323.89500000000004,285.66999999999996,308.61,311.7509087619729,306.2290912380272,,,,,15642641,0.69,0.63,0.8476547371131729,0.44385186954172096,0.1826407258968272,-51.7912690698755,90.12461304515682,90.12461304515682,159.928988314177,159.928988314177,271.27859315085163,-194.39877852377583,,,1.0783789731820062,2.6781658094458383,3.4711742733198006,,
1756819800,320.82,325.92,320.24,325.59,314.4129944305858,317.08818742625755,314.4129944305858,317.08818742625755,0,0,0,1,0,324.53999999999996,314.37,330.98999999999995,307.92,320.82,315.6622486703557,310.1477513296442,,,,,21247534,0.74,0.63,1.4668514086816091,0.5549330476676579,0.5817681415979429,-78.91650913595575,124.18935711089375,124.18935711089375,192.31884524236764,192.31884524236764,271.27859315085163,-194.39877852377583,,,1.6431708590558574,2.637577772175643,3.4675219188457467,,
1756906200,327.76,329.45,326.7301,328.14,316.8951746062985,319.85288009793237,316.8951746062985,319.85288009793237,0,0,0,1,0,324.53999999999996,314.37,330.98999999999995,307.92,320.82,317.4297783826947,311.91022161730524,,,,,16062221,0.73,0.64,1.8772459402270207,0.5510366682908496,0.5441465062175611,-20.63546589293778,153.54615561049468,153.54615561049468,212.25975260969653,212.25975260969653,271.27859315085163,-194.39877852377583,232.25975260969653,,0.42966416773328253,2.550992924942609,3.461452272989378,,
1756992600,327.03,327.56,325.35,326.69,316.9121231085836,320.0695475450723,316.9121231085836,320.0695475450723,0,0,0,1,0,324.53999999999996,314.37,330.98999999999995,307.92,320.82,317.42901276569694,311.910987234303,,,,,11703127,0.73,0.63,1.5134630905251025,0.6832334411534198,0.6115940836199131,-40.83477540342998,173.50171804245005,173.50171804245005,213.41284290636077,213.41284290636077,271.27859315085163,-194.39877852377583,233.41284290636077,,0.850246845858464,2.4842970002726426,3.456235079328777,,
1757079000,329.53,331.44,328.93,331.05,319.7409912884626,323.14496655307414,319.7409912884626,323.14496655307414,0,0,0,1,0,324.53999999999996,314.37,330.98999999999995,307.92,320.82,318.4656845373726,312.8643154626273,,,,,16065150,0.73,0.63,1.979760260845363,0.9900559174308458,0.6069657354454789,-30.755827077707284,187.57149569675252,187.57149569675252,215.7110510053575,215.7110510053575,271.27859315085163,-194.39877852377583,235.7110510053575,,0.6403866485425176,2.411986790400873,3.4506090085379952,,
1757338200,333.66,335.67,333.23,334.82,323.40191189233616,327.07674616734715,323.40191189233616,327.07674616734715,0,0,0,1,0,324.53999999999996,314.37,330.98999999999995,307.92,320.82,320.5658512602697,314.99414873973024,,,,,18617325,0.76,0.63,1.9947311743475178,1.3162191497403337,0.800546011715966,-22.80714239160179,202.20419813656326,202.20419813656326,231.46960301618472,231.46960301618472,271.27859315085163,-194.39877852377583,251.46960301618472,,0.47488202616330416,2.3360218976856744,3.444663500081702,,
1757424600,337.03,338.31,333.85,334.06,323.42280657387,327.3427443568629,323.42280657387,327.3427443568629,0,0,0,1,0,324.53999999999996,314.37,330.98999999999995,307.92,320.82,321.89822319659953,316.3017768034005,,,,,21641935,0.79,0.64,1.9989475935819534,1.3843700887677195,0.8495806231806452,-15.05771555502122,215.3070916798805,215.3070916798805,241.51287876651497,241.51287876651497,271.27859315085163,-194.39877852377583,261.512878766515,,0.28970790275370956,2.2557742900412836,3.438359892494633,,
1757511000,335.73,336.5,326.19,335.26,323.85268995914095,327.7143998431122,323.85268995914095,327.7143998431122,0,0,0,1,0,324.53999999999996,314.37,330.98999999999995,307.92,320.82,321.8992745544173,316.30072544558277,,,,,11945670,0.78,0.63,1.962630109363426,1.4451135293013824,1.1192650284748735,-140.61261763217,220.72313213566855,220.72313213566855,231.55521304724468,231.55521304724468,271.27859315085163,-194.39877852377583,251.55521304724468,,2.7053630018493093,2.2734052199161083,3.4368953632425945,,
1757597400,333.37,335.1619,332.97,334.76,323.87095211706475,327.9213998492646,323.87095211706475,327.9213998492646,0,0,0,1,1,324.53999999999996,314.37,330.98999999999995,307.92,320.82,321.8969083602442,316.30309163975585,,,,,9082647,0.77,0.63,1.8646626734373115,1.7146707827504735,1.0880198214654,-35.501972919257376,223.10418825156526,223.10418825156526,227.86630048335866,227.86630048335866,271.27859315085163,-194.39877852377583,247.86630048335866,,0.6830519596730787,2.2110384253967736,3.4313931786200778,,
1757683800,335.88,336.39,335.23,335.42,324.0479071663132,328.35844667952045,324.0479071663132,328.35844667952045,0,0,0,1,1,324.53999999999996,314.37,330.98999999999995,307.92,320.82,321.86109586227104,316.338904137729,,,,,9619709,0.77,0.63,1.7684971827751572,1.6902138486934062,0.8470385736605723,-2.944173457266184,235.65112814474094,235.65112814474094,260.7450079310923,260.7450079310923,271.27859315085163,-194.39877852377583,280.7450079310923,,0.05664539979726842,2.1265524243928713,3.424650425815237,,
1757943000,336.31,339.28,336.23,338.91,327.4372388485329,331.9507301209521,327.4372388485329,331.9507301209521,0,0,0,1,1,324.53999999999996,314.37,330.98999999999995,307.92,320.82,322.33373887787656,316.8362611221234,,,,,10569881,0.79,0.63,1.7991787800998589,1.5284171288098747,0.6797958614018692,-41.10069420040279,253.31705769715396,253.31705769715396,288.64891680197996,288.64891680197996,271.27859315085163,-194.39877852377583,308.64891680197996,,0.7907704110235775,2.074168816025448,3.419387928283186,,
1758029400,340.09,340.88,338.62,339.59,328.11526944003066,332.852568117797,328.11526944003066,332.852568117797,0,0,0,1,1,324.53999999999996,314.37,330.98999999999995,307.92,320.82,323.06800685130185,317.70199314869814,,,,,12161527,0.78,0.63,1.2096231411483682,1.4982246480593753,0.8702739275565395,-14.846209611979758,267.91370497815205,267.91370497815205,297.10699954014825,297.10699954014825,271.27859315085163,-194.39877852377583,317.10699954014825,,0.2856385641508791,2.0040303747754646,3.413126690792412,,
1758115800,338.53,341.24,335.52,336.97,328.13014542516544,332.95876936807946,328.13014542516544,332.95876936807946,0,0,0,0,0,324.53999999999996,314.37,330.98999999999995,307.92,320.82,323.2740229068411,317.8559770931589,,,,,16535307,0.76,0.63,0.7601522389454443,1.352828249554396,0.9996434842244866,-62.29285888738078,270.5761273910768,270.5761273910768,275.9009722169263,275.9009722169263,271.27859315085163,-194.39877852377583,295.9009722169263,,1.1985040784475378,1.9724411082528008,3.408701870388126,,
1758202200,336.22,336.32,333.81,335.62,328.1416092704698,332.99441762815474,328.1416092704698,332.99441762815474,0,0,0,0,0,324.53999999999996,314.37,330.98999999999995,307.92,320.82,323.26905888396925,317.8609411160308,,,,,14913267,0.77,0.63,0.7757431915809955,1.3255611215643315,0.8872784128871308,-88.46504284252084,220.95780033920587,220.95780033920587,254.03668504045316,254.03668504045316,271.27859315085163,-194.39877852377583,274.03668504045316,,1.702052475043427,1.9618376324406686,3.4052919814863385,,
1758288600,336.51,339.23,336.3119,339.18,328.1579990241752,333.125800505482,328.1579990241752,333.125800505482,0,0,0,0,1,324.53999999999996,314.37,330.98999999999995,307.92,320.82,323.2936436605689,317.8363563394311,,,,,14982567,0.75,0.63,0.6992869997275803,1.368237460909375,1.3047343300946814,-50.17253580312603,193.04519125485197,193.04519125485197,233.70618711191943,233.70618711191943,271.27859315085163,-194.39877852377583,,,0.9653111104567258,1.922758160990318,3.4004168948309346,,
1758547800,342.75,345.07,341.84,345.05,333.45105184460806,338.6148180207166,333.45105184460806,338.6148180207166,0,0,0,0,1,324.53999999999996,314.37,330.98999999999995,307.92,320.82,325.29671604011145,319.6632839598886,,,,,12386419,0.75,0.63,0.8649820305747912,1.6707769940603445,1.4366545775356183,-48.352813275365904,195.05496104581152,195.05496104581152,220.82244508988347,220.82244508988347,271.27859315085163,-194.39877852377583,,,0.9302999565280499,1.8838382314035624,3.395481596252907,,
1758634200,348.23,348.75,345.32,346.46,334.83466879389505,340.20765401214464,334.83466879389505,340.20765401214464,0,0,0,0,1,324.53999999999996,314.37,330.98999999999995,307.92,320.82,327.0610515067646,321.5789484932354,,,,,18383982,0.74,0.63,1.0538011417385764,2.013859011487715,1.7205317751462528,-17.102141563866944,199.34507203716203,199.34507203716203,213.66332073897632,213.66332073897632,271.27859315085163,-194.39877852377583,,,0.3290423136870018,1.8228658424735011,3.3893548444395885,,
1758720600,346.7,346.8299,342.14,343.32,334.84935117392723,340.28512640382525,334.84935117392723,340.28512640382525,0,0,0,0,0,324.53999999999996,314.37,330.98999999999995,307.92,320.82,327.09704566619104,321.542954333809,,,,,12709068,0.75,0.63,0.6933032424671596,1.893067339143563,1.4678649765716965,-64.80811539991753,186.1389837398224,186.1389837398224,204.48854173925835,204.48854173925835,271.27859315085163,-194.39877852377583,,,1.2468971887086515,1.800278836443507,3.3850742097628035,,
1758807000,344.39,345.83,342.47,344.75,334.8646569657875,340.37237242720465,334.8646569657875,340.37237242720465,0,0,0,0,0,324.53999999999996,314.37,330.98999999999995,307.92,320.82,327.09614043142864,321.54385956857135,,,,,12639583,0.74,0.63,0.8603503431640198,1.9131396498965991,1.649672782389838,-59.85749547353431,169.7346257301037,169.7346257301037,192.90390306954012,192.90390306954012,271.27859315085163,-194.39877852377583,,,1.1516480979045063,1.774842336892958,3.380611819928921,,
1758893400,345.83,348.25,345.314,346.74,335.1556514924204,340.8310136401587,335.1556514924204,340.8310136401587,0,0,0,0,1,324.53999999999996,314.37,330.98999999999995,307.92,320.82,327.51010190798104,322.19489809201895,,,,,11698212,0.73,0.63,1.006642493748336,2.2133617580812994,1.6250049164698297,-21.375403785600913,185.34922949563693,185.34922949563693,190.38567854490572,190.38567854490572,271.27859315085163,-194.39877852377583,,,0.4112591567168448,1.7213684866899732,3.3746790473750505,,
1759152600,351.79,352.8305,351.28,352.46,340.70574347368466,346.6432718292005,340.70574347368466,346.6432718292005,0,0,0,0,1,324.53999999999996,314.37,330.98999999999995,307.92,320.82,329.60032297177145,324.18517702822857,,,,,15719623,0.77,0.63,1.2191359242198023,2.578649359996258,1.636567803389609,-17.400868183963606,197.30034194907762,197.30034194907762,211.12966875742146,211.12966875742146,271.27859315085163,-194.39877852377583,231.12966875742146,,0.33478976337740646,1.6669928504816374,3.3686053425119185,,
1759239000,351.13,355.57,350.865,355.47,343.62993920147863,349.6548697716314,343.62993920147863,349.6548697716314,0,0,0,0,0,324.53999999999996,314.37,330.98999999999995,307.92,320.82,330.97989096240354,325.5451090375964,,,,,13312353,0.75,0.63,1.4401860082669038,2.810706573267339,1.6666910233573549,-67.33260655754326,206.5066556851074,206.5066556851074,224.91928315716697,224.91928315716697,271.27859315085163,-194.39877852377583,244.91928315716697,,1.295467971980763,1.6524232474031717,3.3644632099034646,,
1759325400,356.17,356.9722,354.79,356.03,344.1925276032222,350.38597113961254,344.1925276032222,350.38597113961254,0,0,0,1,1,373.235,338.505,390.9,320.84000000000003,356.17,331.6836230736271,326.2435769263729,,,,,15573610,0.75,0.63,1.780383530198224,3.0217516581400368,1.8318091582000118,-17.936382921453195,213.6115861837987,213.6115861837987,227.82144718118124,227.82144718118124,267.01033105865565,-194.39877852377583,247.82144718118124,,0.34828525686036355,1.6012805811073754,3.358436880326955,,
1759411800,358.26,358.67,351.4,354.79,344.207020654964,350.4275526635493,344.207020654964,350.4275526635493,0,0,0,0,0,373.235,338.505,390.9,320.84000000000003,356.17,332.5237015613253,327.1012984386747,,,,,16162050,0.75,0.63,1.798490457801263,2.7372463001912983,1.526158606648585,-66.97213945671888,215.30523347460357,215.30523347460357,218.69252805621332,218.69252805621332,267.01033105865565,-194.39877852377583,238.69252805621332,,1.300452209083503,1.5894833900476157,3.354325022841953,,
1759498200,357.12,358.14,355.8,357.64,345.78364566668984,352.16147993141124,345.78364566668984,352.16147993141124,0,0,0,0,1,373.235,338.505,390.9,320.84000000000003,356.17,332.53305136794137,327.09194863205863,,,,,14463960,0.73,0.63,1.7910369021707264,3.113103023913376,1.914326765713952,-26.495462993076156,220.4329706924374,220.4329706924374,230.6884451281051,230.6884451281051,267.01033105865565,-194.39877852377583,250.6884451281051,,0.5144838384968055,1.5473265448887605,3.348651014481623,,
1759757400,362.16,365.3,361.37,364.38,352.3183851903281,358.9002670195779,352.3183851903281,358.9002670195779,0,0,0,0,1,373.235,338.505,390.9,320.84000000000003,356.17,335.9023788130857,330.3526211869143,,,,,17093657,0.75,0.63,1.8161665037648986,3.2423060148159175,2.15446822600519,-42.54139629731385,230.87115005750667,230.87115005750667,251.74750878764522,251.74750878764522,267.01033105865565,-194.39877852377583,271.7475087876452,,0.8260607058565209,1.5190416100247512,3.3436108740048494,,
1759843800,366.508,367.27,364.55,366.26,354.1569949558805,360.9016065929308,354.1569949558805,360.9016065929308,0,0,0,1,1,373.235,338.505,390.9,320.84000000000003,356.17,336.8964254451933,331.3285745548066,,,,,16836765,0.77,0.64,1.9064311473185573,3.5078013555980543,2.2067392788493883,-24.043982072729946,241.12665644468896,241.12665644468896,261.6376692190536,261.6376692190536,267.01033105865565,-194.39877852377583,281.6376692190536,,0.4668814503358214,1.477780427291852,3.3378631628686475,,
1759930200,371.65,373.57,370.5,372.3,360.0184242618416,366.9969572645201,360.0184242618416,366.9969572645201,0,0,0,1,1,373.235,338.505,390.9,320.84000000000003,356.17,340.1293034688892,334.3956965311108,,,,,28052276,0.77,0.64,2.8135410136979155,3.713369445295277,2.5141297561129075,-24.89884748846638,249.171743890129,249.171743890129,265.26191878100906,265.26191878100906,267.01033105865565,-194.39877852377583,285.26191878100906,,0.4834810636583431,1.4387882953846556,3.3321601017313642,,
1760016600,373.135,373.22,362.83,365.43,360.0242310065732,366.8372609012056,360.0242310065732,366.8372609012056,0,0,0,0,0,373.235,338.505,390.9,320.84000000000003,356.17,340.257993749356,334.267006250644,,,,,33674823,0.76,0.64,1.9750837584090752,3.2048836151345026,1.8931379543294167,-128.7030863357209,244.94887480706367,244.94887480706367,247.76412086244056,247.76412086244056,267.01033105865565,-129.30157032813065,267.76412086244056,,2.5436475960247185,1.4821161110960306,3.3305846521695126,,
1760103000,367.54,370.31,365.44,369.12,360.0351887867798,366.7851565521387,360.0351887867798,366.7851565521387,0,0,0,0,0,373.235,338.505,390.9,320.84000000000003,356.17,340.2615321529478,334.2634678470522,,,,,24192782,0.76,0.64,2.1311587809967842,3.273136456658036,2.1452359955721274,-98.17364675557346,226.84941433147517,226.84941433147517,240.79255201878544,240.79255201878544,267.01033105865565,-76.86870872357008,260.79255201878544,,1.842600053720122,1.4962527362969753,3.3276116559688145,,
1760362200,376.5,378.86,375.5797,378.09,365.65436755073824,372.6115629137849,365.65436755073824,372.6115629137849,0,0,0,0,1,373.235,338.505,390.9,320.84000000000003,356.17,343.0445827417632,336.7704172582369,,,,,18514421,0.76,0.64,2.3729266295215643,3.5551521801749684,2.350759528526078,-35.374823300214565,233.21044197941995,233.21044197941995,238.2651820056636,238.2651820056636,267.01033105865565,-76.86870872357008,258.26518200566363,,0.6639424475653872,1.4636131171310307,3.322289639568408,,
1760448600,378.21,382.38,377.9,380.79,368.28487011580813,375.37661541613795,368.28487011580813,375.37661541613795,0,0,0,0,1,373.235,338.505,390.9,320.84000000000003,356.17,344.8242306661941,338.5107693338059,,,,,18409632,0.77,0.65,2.3246704163693144,3.1945378217434284,2.5131612643317314,-40.43674153316539,238.70006512041235,238.70006512041235,239.5698313499098,239.5698313499098,267.01033105865565,-76.86870872357008,259.5698313499098,,0.7589485017989032,1.4359792106474178,3.317168078853584,,
1760535000,385.93,387.755,384.59,387.39,374.6880062209613,381.99005172923916,374.6880062209613,381.99005172923916,0,0,0,0,1,373.235,338.505,390.9,320.84000000000003,356.17,347.5820077059476,341.12799229405243,,,,,20598324,0.78,0.65,2.859859406748481,3.384728023998138,2.9154295302382356,-38.509995661283256,239.7967826831173,239.7967826831173,241.99021780852723,241.99021780852723,267.01033105865565,-76.86870872357008,261.99021780852723,,0.722785823072359,1.4080108425072195,3.311984497922952,,
1760621400,391.15,396.87,390.4,396.45,383.4649461961251,390.90559448297716,383.4649461961251,390.90559448297716,0,0,0,0,0,373.235,338.505,390.9,320.84000000000003,356.17,352.2899945462864,345.5350054537136,,,,,33621444,0.8,0.67,3.8005118310483113,3.9902875884312854,3.1607770208507744,-81.30753533710623,241.41605281651087,241.41605281651087,244.65459308329798,244.65459308329798,267.01033105865565,-76.86870872357008,264.654593083298,,1.5260436372808706,1.4126395795571667,3.308416184515076,,
1760707800,397.14,397.28,385.22,388.99,383.4686771727562,390.68703391501725,383.4686771727562,390.68703391501725,0,0,0,0,0,373.235,338.505,390.9,320.84000000000003,356.17,352.60479792338356,345.63020207661634,,,,,62024965,0.78,0.66,2.8259183472353193,3.257559983658122,2.8827915636006423,-150.9229127001154,233.85292837150695,233.85292837150695,238.8950113348429,238.8950113348429,267.01033105865565,-76.86870872357008,258.89501133484293,,2.8326396771345594,1.468325857893535,3.307465582102727,,
1760967000,397.45,403.3,394.2,403.15,389.9579647229916,397.1719873172999,389.9579647229916,397.1719873172999,0,0,0,0,0,373.235,338.505,390.9,320.84000000000003,356.17,355.91356399116694,348.3414360088331,,,,,34523022,0.76,0.68,3.2476369014298254,3.5963802105606812,3.127155855990478,-118.28242378063707,235.17667875954027,235.17667875954027,237.65556714307536,237.65556714307536,267.01033105865565,-76.86870872357008,257.65556714307536,,2.220017363264291,1.4978039561433685,3.305292858388764,,
1761053400,386.54,388.89,375.65,377.24,389.9299268314372,396.3387721283862,389.9299268314372,396.3387721283862,0,0,0,0,0,373.235,338.505,390.9,320.84000000000003,356.17,356.96913437954146,347.28586562045854,,,,,54101416,0.78,0.65,0.7693173232280089,1.915094445511077,1.7820465401606718,-183.89253464290147,186.80965053821987,186.80965053821987,220.7069282747902,220.7069282747902,267.01033105865565,-76.86870872357008,,,6.8212824010914055,1.706567816729566,3.312317812520038,,
1761139800,372.75,378.47,368.93,377.28,389.8886526519538,395.277337927273,389.8886526519538,395.277337927273,0,0,0,0,0,373.235,338.505,390.9,320.84000000000003,356.17,356.9537053969683,347.3012946030317,,,,,30524126,0.78,0.66,0.34409141275733784,1.8614492827103193,1.6534438276493346,-183.89253464290144,126.26303980741751,126.26303980741751,189.2256321189993,189.2256321189993,267.01033105865565,-76.86870872357008,,,8.48815577328537,1.9725124424768525,3.322659147106982,,
1761226200,381.46,382.25,378.65,378.79,389.86668731198984,394.6348933026741,389.86668731198984,394.6348933026741,0,0,0,0,0,373.235,338.505,390.9,320.84000000000003,356.17,356.92185389405165,347.33314610594834,,,,,13695495,0.77,0.66,0.959503936615922,1.992961915220883,1.8802457303617048,-131.6588865795175,79.48467448841716,79.48467448841716,152.64531290880524,152.64531290880524,267.01033105865565,-76.86870872357008,,,6.077142502790525,2.1334783271950357,3.328162610355101,,
1761312600,378.51,380.77,376.81,377.52,389.8411262983795,393.94620729080447,389.8411262983795,393.94620729080447,0,0,0,0,0,373.235,338.505,390.9,320.84000000000003,356.17,356.91119934492866,347.3438006550713,,,,,13263803,0.76,0.65,0.5991052600587192,1.907760873906473,1.8448901560511606,-141.5467376532444,43.596138886024164,43.596138886024164,116.29558823454488,116.29558823454488,267.01033105865565,-76.86870872357008,,,6.533548307081725,2.3060300911121607,3.334566977381528,,
1761571800,371.13,371.59,365.34,367.01,389.7929284436375,392.8392226911651,389.7929284436375,392.8392226911651,0,0,0,0,0,373.235,338.505,390.9,320.84000000000003,356.17,357.10929111011734,347.14570888988266,,,,,23657603,0.78,0.66,-0.7493779474793333,1.2241021149281184,1.559104274430183,-190.33646392785087,-20.252338702723463,-20.252338702723463,70.77961258878877,70.77961258878877,267.01033105865565,-88.91885648642545,,,9.378643184918765,2.583387467339871,3.3466430537202636,,
1761658200,361.81,365.3,360.12,364.38,389.7345016135803,391.57299042876645,389.7345016135803,391.57299042876645,0,0,0,0,0,373.235,338.505,390.9,320.84000000000003,356.17,358.01301353984064,348.1469864601595,,,,,19257592,0.79,0.67,-1.1008015513208078,1.076581699463957,1.4894320514489665,-201.57564845797313,-77.0126458945944,-77.0126458945944,21.515526427661044,21.515526427661044,267.01033105865565,-109.9361315577541,,,10.67344660796229,2.90064468854075,3.361282021860607,,
1761744600,369.65,370.08,361.3601,363,389.6786444655012,390.40455939234425,389.6786444655012,390.40455939234425,0,0,0,0,0,373.235,338.505,390.9,320.84000000000003,356.17,359.20073478923,349.28926521077,,,,,18891849,0.79,0.67,-1.6188122976857477,1.1467147616476914,1.4304557874670363,-199.393122400143,-110.44892018316025,-110.44892018316025,-22.472622442612725,-22.472622442612725,267.01033105865565,-116.91944446993239,,,10.365843978667987,3.193397601879073,3.375277150645437,,
1761831000,365.09,370.36,364.5,370.13,389.62910971132436,389.40385118087977,389.62910971132436,389.40385118087977,0,0,0,0,0,373.235,338.505,390.9,320.84000000000003,356.17,359.19634944407903,349.2936505559209,,,,,14812754,0.77,0.66,-1.689914351271745,1.511136620375267,1.7718526637493068,-184.41164445872144,-115.18809776614762,-115.18809776614762,-53.37778088379102,-53.37778088379102,267.01033105865565,-116.91944446993239,,,9.587002356443005,3.4441272000972663,3.38768819001766,,
1761917400,370.47,370.6625,365.5,368.12,389.58165194966335,388.4812099581002,389.58165194966335,388.4812099581002,0,0,0,0,0,373.235,338.505,390.9,320.84000000000003,356.17,359.2080584690348,349.2819415309652,,,,,11077910,0.8,0.66,-1.3634125728434268,1.2518461150223585,1.6824561867925296,-179.64032118682698,-112.74092468593801,-112.74092468593801,-73.16549548450668,-73.16549548450668,267.01033105865565,-116.91944446993239,,,9.338955723676046,3.6752969461199636,3.399578834440554,,
1762180200,368.91,370.84,367.54,368.78,389.53832417354016,387.67395074405704,389.53832417354016,387.67395074405704,0,0,0,0,0,429.25,342.96000000000004,455.20000000000005,317.01,368.91,359.20750699680434,349.2824930031956,,,,,7254265,0.81,0.67,-2.167356663011279,1.0094216062156973,1.7126195958587658,-169.90682171216218,-98.51689485601005,-98.51689485601005,-81.61596194167447,-81.61596194167447,267.01033105865565,-116.91944446993239,,,8.832940592831443,3.8775574812851197,3.410434702089687,,
1762266600,363.48,365.74,361.39,362.32,389.48291813123535,386.6595840482116,389.48291813123535,386.6595840482116,0,0,0,0,0,429.25,342.96000000000004,455.20000000000005,317.01,368.91,359.2847418945472,349.2052581054528,,,,,11540059,0.82,0.68,-0.9972679314140733,0.6664233747595193,1.7048921781753,-199.25045983431335,-116.77477526160867,-116.77477526160867,-93.33556638165254,-93.33556638165254,267.01033105865565,-116.91944446993239,,,10.358427384348255,4.131709242189556,3.4243168053509425,,
1762353000,366.39,367.1,364.65,366.51,389.4340711419622,385.8115611443602,389.4340711419622,385.8115611443602,0,0,0,0,0,429.25,342.96000000000004,455.20000000000005,317.01,368.91,359.2938797057413,349.1961202942587,,,,,8357300,0.8,0.67,-0.7205598364815055,0.9843717661296938,1.7024859461265953,-183.6959459679374,-116.74808687841906,-116.74808687841906,-101.13973988057471,-101.13973988057471,267.01033105865565,-116.91944446993239,,,9.549795361527968,4.344183207653808,3.436555523744903,,
1762439400,367.16,368.18,364.7,366.07,389.38542065017003,384.9987352171304,389.38542065017003,384.9987352171304,0,0,0,0,0,429.25,342.96000000000004,455.20000000000005,317.01,368.91,359.29511523541584,349.1948847645842,,,,,6891096,0.81,0.67,-0.8543021202552692,0.9083331750783796,1.6135789121653372,-183.4573798043426,-106.81930379376992,-106.81930379376992,-103.03292785163978,-103.03292785163978,267.01033105865565,-116.91944446993239,,,9.537393029889616,4.5478384948003105,3.4487450092716654,,
1762525800,367.94,370.42,366.42,368.31,389.3402695599599,384.28456128704687,389.3402695599599,384.28456128704687,0,0,0,0,0,429.25,342.96000000000004,455.20000000000005,317.01,368.91,359.23931751201735,349.25068248798266,,,,,11060358,0.8,0.67,-0.6202832123724152,0.913179039464205,1.6185750484275325,-175.25070377668402,-94.61580796250566,-94.61580796250566,-77.78156818423739,-77.78156818423739,267.01033105865565,-116.91944446993239,,,9.11075282153044,4.726776311534826,3.460057712193261,,
1762785000,375.93,378.66,374.7814,378.38,389.3117477146853,383.92301323657443,389.3117477146853,383.92301323657443,0,0,0,0,0,429.25,342.96000000000004,455.20000000000005,317.01,368.91,359.34932585396064,349.1406741460394,,,,,13456212,0.75,0.65,0.7729869563447863,1.059385761396198,1.9291050357590804,-135.3557613710655,-71.46063831105113,-71.46063831105113,-25.15029900814207,-25.15029900814207,267.01033105865565,-116.91944446993239,,,7.036735706312777,4.817362954467295,3.4672039219717217,,
1762871400,379.98,380.4,376.87,379.87,389.28741415281775,383.6567303645519,389.28741415281775,383.6567303645519,0,0,0,0,0,429.25,342.96000000000004,455.20000000000005,317.01,368.91,359.34940449859903,349.140595501401,,,,,10753182,0.76,0.65,1.0607801733291684,0.9889054091569079,1.9619312391938173,-109.16719125056699,-39.807201065112814,-39.807201065112814,23.49967342676382,23.49967342676382,217.3369530904653,-116.91944446993236,,,6.518665509115708,4.884080701708409,3.473300748319662,,
1762957800,380.07,387.46,379.44,385.99,389.268212725939,383.5006664286871,389.268212725939,383.5006664286871,0,0,0,0,0,429.25,342.96000000000004,455.20000000000005,317.01,368.91,359.36131387382005,349.12868612618,,,,,16203718,0.75,0.65,1.570948219101108,1.2051028440984006,2.2244298840126273,-87.38953691024852,-4.355103760458782,-4.355103760458782,66.54909084884929,66.54909084884929,179.65985607725239,-116.91944446993233,,,5.881185662904621,4.9231828570494365,3.4781117071899614,,
1763044200,387.29,388.18,381.21,382.87,389.2525507624506,383.4194402942288,389.2525507624506,383.4194402942288,0,0,0,0,0,429.25,342.96000000000004,455.20000000000005,317.01,368.91,359.38604392272555,349.10395607727446,,,,,15867869,0.74,0.65,0.8595235336888438,1.1410580442306073,2.1073760948984237,-80.8657292201963,28.728173191225274,28.728173191225274,94.8947270945934,94.8947270945934,179.65985607725239,-116.91944446993233,,,5.4421431229071064,4.943534240024247,3.4820358458827028,,
1763130600,372.87,378.2,370.89,375.96,389.2165069047834,382.9407406748473,389.2165069047834,382.9407406748473,0,0,0,0,0,429.25,342.96000000000004,455.20000000000005,317.01,368.91,359.47075121200976,349.0192487879903,,,,,15198027,0.73,0.65,0.5251577406030317,0.7292591343946788,1.8725919526445296,-118.90284524355205,45.7896525735856,45.7896525735856,79.91261133830626,79.91261133830626,179.65985607725239,-116.91944446993233,,,8.001984373062134,5.0634734609276935,3.4910667120708734,,
1763389800,374.035,375.4553,368.52,371.65,389.17584715072786,382.38880182485326,389.17584715072786,382.38880182485326,0,0,0,0,0,429.25,342.96000000000004,455.20000000000005,317.01,368.91,360.1267752558416,349.6032247441584,,,,,13295248,0.74,0.65,0.19090105247211972,0.28256153291814073,1.653357720071208,-127.6381131675204,45.69020986153254,45.69020986153254,45.75650500290124,45.75650500290124,179.65985607725239,-116.91944446993233,,,8.589854892719831,5.20176292884111,3.501254101043199,,
1763476200,374.832,375.54,371.62,374.35,389.14140050307407,381.9788605768198,389.14140050307407,381.9788605768198,0,0,0,0,0,429.25,342.96000000000004,455.20000000000005,317.01,368.91,360.1207948891164,349.60920511088364,,,,,7818783,0.74,0.65,0.8240277406973398,0.31649504552825225,1.7817957077990991,-116.21223529228747,19.831236846218502,19.831236846218502,37.114748950673665,37.114748950673665,179.65985607725239,-116.91944446993233,,,7.820910331142248,5.304474591676449,3.5098847828216186,,
1763562600,377.775,380.17,373.03,374.96,389.1098116908801,381.6397366326308,389.1098116908801,381.6397366326308,0,0,0,0,0,429.25,342.96000000000004,455.20000000000005,317.01,368.91,360.1129415339566,349.61705846604343,,,,,10980420,0.73,0.64,0.5738754200847136,0.10267736535498696,1.8456298487733696,-49.89114789333981,7.902568786649564,7.902568786649564,27.37735556266563,27.37735556266563,179.65985607725239,-116.91944446993233,,,7.471164578940842,5.389442826471131,3.5177994277689097,,
1763649000,375.29,377.6925,371.8514,374.85,389.0759546964928,381.2681542548806,389.0759546964928,381.2681542548806,0,0,0,0,0,429.25,342.96000000000004,455.20000000000005,317.01,368.91,361.74807456541646,351.2219254345835,,,,,10506548,0.73,0.64,0.5977575192539761,0.3709204249860635,1.7945900573891538,-54.428316636170685,-5.169644653981539,-5.169644653981539,16.528355490449908,16.528355490449908,179.65985607725239,-116.91944446993233,,,7.763512340319973,5.4825435917201055,3.5262823706511295,,
1763735400,374.025,377.23,372.94,374.27,389.04431862317307,380.95340702919896,389.04431862317307,380.95340702919896,0,0,0,0,0,429.25,342.96000000000004,455.20000000000005,317.01,368.91,362.0686026795453,351.53639732045474,,,,,13194563,0.74,0.64,0.4032927767732563,0.20075516100454996,1.8009009150990625,-50.23761419815456,-16.692974242027578,-16.692974242027578,5.4545789129574125,5.4545789129574125,179.65985607725239,-116.91944446993233,,,7.493488775889863,5.561404187177743,3.5342088569752828,,
1763994600,374.88,380.28,374.19,380.2,389.01521828626363,380.6995322437402,389.01521828626363,380.6995322437402,0,0,0,0,0,429.25,342.96000000000004,455.20000000000005,317.01,368.91,362.33186517768337,351.7381348223166,,,,,10085318,0.74,0.64,0.11947162332933743,0.08002914675037238,1.9279019147338743,-45.42558218683708,7.836507587747791,7.836507587747791,12.60036493732855,12.60036493732855,179.65985607725239,-116.91944446993233,,,7.183430484931162,5.625013061599446,3.541500009079091,,
1764081000,380.255,382.52,378.06,380.08,388.99383103694043,380.6058603910445,388.99383103694043,380.6058603910445,0,0,0,0,0,429.25,342.96000000000004,455.20000000000005,317.01,368.91,363.5009502946066,352.8690497053934,,,,,10462806,0.73,0.64,0.01372931679364025,-0.026734792319826964,1.7699837404023577,-30.527531079798138,21.997677825735096,21.997677825735096,50.3200183017097,50.3200183017097,179.65985607725239,-116.91944446993233,,,6.2234900161230255,5.648482746090567,3.546858630471786,,
1764167400,381.055,383.775,380.46,383.12,388.97723377213134,380.6090384149251,388.97723377213134,380.6090384149251,0,0,0,0,0,429.25,342.96000000000004,455.20000000000005,317.01,368.91,364.2986109623138,353.6413890376863,,,,,9184071,0.74,0.64,-0.18540325728943938,-0.15868298389691918,1.762260834959282,-21.28842961806866,43.228056493151655,43.228056493151655,85.68881382798477,85.68881382798477,179.65985607725239,-116.91944446993233,,,5.628178097482326,5.647686485360832,3.5510171109253537,,
1764340200,385.98,388,384.99,387.88,388.969630108251,380.7879623986535,388.969630108251,380.7879623986535,0,0,0,0,0,429.25,342.96000000000004,455.20000000000005,317.01,368.91,367.1484991386038,356.3915008613962,,,,,7175407,0.74,0.64,0.32531922039381744,-0.31028094656645505,2.0095225489295436,-11.071207841971647,68.8764705489436,68.8764705489436,120.17329866052751,120.17329866052751,179.65985607725239,-116.91944446993233,,,4.50452685104799,5.602856695779936,3.552922225291233,,
1764599400,390.61,390.7001,388.0605,389.75,388.96811515298975,381.0790774026279,388.96811515298975,381.0790774026279,0,0,0,0,0,401.57500000000005,377.21500000000003,414.97,363.82,390.61,369.6608587943577,358.9891412056424,,,,,11177072,0.75,0.64,0.9117453968344468,0.028039191207928773,2.122500357831253,-6.441197569321564,95.817576899929,95.817576899929,149.6997896018998,149.6997896018998,179.65985607725239,-116.91944446993233,,,3.7428996651370428,5.529917204382175,3.5533018005956203,,
1764685800,388.87,388.98,382.9103,387.24,388.95641601582093,381.1588271907601,388.95641601582093,381.1588271907601,0,0,0,0,0,401.57500000000005,377.21500000000003,414.97,363.82,390.61,369.6725119225018,358.97748807749826,,,,,8103923,0.72,0.65,1.0418453313745955,-0.5658927892079092,2.150238740922858,-26.076270503041375,115.73993018524816,115.73993018524816,155.5846367558865,155.5846367558865,179.65985607725239,-116.91944446993233,,,5.020389433213437,5.509935723159872,3.556233044616835,,
1764772200,388.46,390.1293,385.83,386.88,388.9505154843208,381.34880259504405,388.9505154843208,381.34880259504405,0,0,0,0,0,401.57500000000005,377.21500000000003,414.97,363.82,390.61,370.0913082788721,359.39869172112793,,,,,7886793,0.72,0.65,0.831962580471651,0.3667154690961329,2.2101602731011787,-14.94495085631281,129.06244886034378,129.06244886034378,155.70748621053502,155.70748621053502,179.65985607725239,-116.91944446993233,,,4.296167679523749,5.462336976350612,3.55771143549577,,
1764858600,386.92,388,385.4,387.13,388.94377619264384,381.5146338658266,388.94377619264384,381.5146338658266,0,0,0,0,0,401.57500000000005,377.21500000000003,414.97,363.82,390.61,370.0695058498332,359.4204941501668,,,,,6754434,0.72,0.65,0.8077382141864685,0.3751256939954628,2.1908305214991715,-16.58432046555122,136.8596376844546,136.8596376844546,152.45401533267625,152.45401533267625,179.65985607725239,-116.91944446993233,,,4.402827731613543,5.420787594204061,3.5593999795439575,,
1764945000,389.12,391.735,386.175,386.44,388.93858333311806,381.7040501848138,388.93858333311806,381.7040501848138,0,0,0,0,0,401.57500000000005,377.21500000000003,414.97,363.82,390.61,370.05706732236865,359.43293267763136,,,,,9449808,0.72,0.64,0.7692185620856171,0.2900855778241428,2.355365532553667,-13.62964268145865,142.8082198676777,142.8082198676777,154.70538423412393,154.70538423412393,179.65985607725239,-116.91944446993233,,,4.21059159121914,5.373328927420339,3.5607010616851666,,
1765204200,387.02,387.2418,384.01,385.42,388.9291184313536,381.8019854716839,388.9291184313536,381.8019854716839,0,0,0,0,0,401.57500000000005,377.21500000000003,414.97,363.82,390.61,370.0577640663348,359.43223593366525,,,,,6822119,0.72,0.65,0.741061435865793,0.3005320978741908,2.256841956036652,-21.88367803960084,114.88389343056159,114.88389343056159,133.50011105530567,133.50011105530567,179.65985607725239,-116.91944446993233,,,4.747612551159615,5.348791030312075,3.563072513212588,,
1765290600,385.62,388.21,385.27,387.4,388.92216474817405,381.9449978061276,388.92216474817405,381.9449978061276,0,0,0,0,0,401.57500000000005,377.21500000000003,414.97,363.82,390.61,373.4984207743457,362.77157922565436,,,,,6358694,0.72,0.65,0.470957153812197,0.7977002257927793,2.0995827573754107,-17.079943835786068,98.9577330630778,98.9577330630778,121.98598505789637,121.98598505789637,179.65985607725239,-116.91944446993233,,,4.435073793873247,5.312958981824278,3.5648147735136084,,
1765377000,385.95,389.76,384.5,389.05,388.91370188154434,382.0525076960834,388.91370188154434,382.0525076960834,0,0,0,0,0,401.57500000000005,377.21500000000003,414.97,363.82,390.61,373.92232288761204,363.187677112388,,,,,9120475,0.71,0.65,0.5899699683790088,0.9771617756599538,2.094256831567689,-20.015559182561717,106.42313889104017,106.42313889104017,116.7983696689443,116.7983696689443,179.65985607725239,-116.91944446993233,,,4.626069701103802,5.28602214728622,3.566935162979323,,
1765463400,389.02,394.09,388.5,393.24,388.9131680116511,382.31109562957033,388.9131680116511,382.31109562957033,0,0,0,0,0,401.57500000000005,377.21500000000003,414.97,363.82,390.61,373.93595275179433,363.17404724820574,,,,,11240629,0.73,0.65,0.6599089136650267,1.20158041380977,2.1966994250544816,-17.91080898966453,121.90579177262946,121.90579177262946,132.12063597999978,132.12063597999978,179.65985607725239,-116.91944446993233,,,3.6338831700359613,5.221232383472484,3.5670689252311845,,
1765549800,399.155,400.39,391.47,395.44,388.9185099337058,382.6748487421362,388.9185099337058,382.6748487421362,0,0,0,0,0,401.57500000000005,377.21500000000003,414.97,363.82,390.61,373.92546686181726,363.18453313818276,,,,,16792059,0.73,0.64,0.49010683136961897,0.9927584172856662,2.2929561256415,-14.91778890777308,133.33937797418233,133.33937797418233,156.20655037728807,156.20655037728807,179.65985607725239,-116.91944446993233,,,2.8971846707180826,5.130093257482115,3.5657304951522373,,
1765809000,397.76,398.71,394.0738,395.8,388.92899155621586,383.1254257326407,388.92899155621586,383.1254257326407,0,0,0,1,0,401.57500000000005,377.21500000000003,414.97,363.82,390.61,373.92589866175734,363.18410133824267,,,,,11345031,0.73,0.64,0.3912185784842908,1.094123295719257,2.2182915498162976,-6.48052022772475,145.34096586681125,145.34096586681125,169.34414165206908,169.34414165206908,179.65985607725239,-116.91944446993233,,,2.251320848319477,5.017200221828678,3.563104302051672,,
1765895400,397.75,398.71,394.59,395.89,388.9404732913683,383.5783737431254,388.9404732913683,383.5783737431254,0,0,0,1,0,401.57500000000005,377.21500000000003,414.97,363.82,390.61,373.90584755900693,363.2041524409931,,,,,9201557,0.73,0.64,0.565384556253235,1.074260421684648,2.232611578638848,-4.879365696254994,154.49802433489964,154.49802433489964,172.81214127107643,172.81214127107643,179.65985607725239,-116.91944446993233,,,2.12327917648518,4.903713122011286,3.560227528574017,,
1765981800,398.08,399.98,397.25,399.29,388.9571936244525,384.11682967476753,388.9571936244525,384.11682967476753,0,0,0,1,0,401.57500000000005,377.21500000000003,414.97,363.82,390.61,375.1729830979591,364.4389169020409,,,,,10456889,0.74,0.64,0.8131817909079075,1.4934430233524014,2.4851013902783725,-7.591651825067186,166.34032682953978,166.34032682953978,190.02493181882002,190.02493181882002,179.65985607725239,-116.91944446993233,,,1.4634751333250595,4.768801828337317,3.556038213098994,,
1766068200,398.28,402.21,396.05,398.57,388.9715069239041,384.5875814522276,388.9715069239041,384.5875814522276,0,0,0,1,0,401.57500000000005,377.21500000000003,414.97,363.82,390.61,377.9685110056429,367.17148899435705,,,,,11837551,0.73,0.65,0.7486408521677607,1.2794443104008262,2.4736574485667773,-12.057329369224268,180.97708448133952,180.97708448133952,210.25059978493903,210.25059978493903,179.65985607725239,-116.91944446993233,230.25059978493903,,1.761131092645409,4.6508539563493985,3.5524519850861,,
1766154600,397.92,400.63,397.17,399.02,388.98800700997026,385.08335472861086,388.98800700997026,385.08335472861086,0,0,0,1,0,401.57500000000005,377.21500000000003,414.97,363.82,390.61,378.076591018673,367.36340898132704,,,,,9894767,0.74,0.65,0.8355208843361795,1.3337959503024082,2.484898494993278,-7.889363661344269,194.29862946803755,194.29862946803755,220.94171944143363,220.94171944143363,179.65985607725239,-116.91944446993233,240.94171944143363,,1.4833188639464125,4.526636893902222,3.5483178529759307,,
1766413800,406.98,408.52,405.72,408.23,393.9132424110888,390.5556775331607,393.9132424110888,390.5556775331607,0,0,0,0,0,401.57500000000005,377.21500000000003,414.97,363.82,390.61,380.8088410017148,369.8511589982851,,,,,14202068,0.74,0.64,1.499802431295789,1.5858401526939603,2.77629259779456,-9.485795578260726,209.51908801382731,209.51908801382731,239.96000510540688,239.96000510540688,191.01001895477887,-116.91944446993239,259.9600051054069,,0.6148494721113076,4.373233465596696,3.5424567772898876,,
1766500200,410.3,413.76,407.1,413.64,399.14955969688845,396.1798416583698,399.14955969688845,396.1798416583698,0,0,0,1,0,401.57500000000005,377.21500000000003,414.97,363.82,390.61,383.627618747425,372.602381252575,,,,,13193258,0.75,0.64,1.727293329140264,1.372004036793027,2.936701401532206,-25.12125503833246,223.57721987069047,223.57721987069047,251.6934835844168,251.6934835844168,200.206958996248,-116.91944446993239,271.6934835844168,,1.581085001450528,4.2637374473948855,3.538537952562936,,
1766586600,412.25,412.63,408.83,411.93,399.1689973398517,396.67781257372786,399.1689973398517,396.67781257372786,0,0,0,1,0,401.57500000000005,377.21500000000003,414.97,363.82,390.61,385.0802346585579,373.99376534144216,,,,,6718437,0.75,0.64,1.4976922487359718,1.240908831804775,2.903284915414277,-18.476030081709457,231.11366597150166,231.11366597150166,246.18655817312404,246.18655817312404,200.206958996248,-116.91944446993239,266.186558173124,,1.1628469200270772,4.14213389730203,3.5337913171332938,,
1766759400,416.48,418.45,414.75,416.74,402.18573880024434,400.24360066150126,402.18573880024434,400.24360066150126,0,0,0,1,0,401.57500000000005,377.21500000000003,414.97,363.82,390.61,390.2897199501116,379.0252800498885,,,,,10476234,0.75,0.64,1.5183668699845954,1.1686244910049892,3.0925673321671674,-7.587068458986567,234.405763923787,234.405763923787,240.98995982835766,240.98995982835766,200.206958996248,-116.91944446993239,260.98995982835766,,0.47751595719153644,3.998423389846717,3.527684872857686,,
1767018600,403.66,403.76,395.33,398.6,402.17246879265144,400.059306517913,402.17246879265144,400.059306517913,0,0,0,0,0,401.57500000000005,377.21500000000003,414.97,363.82,390.61,390.69415513182673,378.6208448681733,,,,,20679239,0.71,0.63,0.19041327160748453,0.5652069413199183,2.3243981693925124,-81.62770638537782,184.1142738365524,184.1142738365524,217.64193389470879,217.64193389470879,200.206958996248,-116.91944446993239,,,5.137495800739076,4.043092896156221,3.5309012783079985,,
1767105000,403.6,403.8,398.56,398.89,402.16561430954926,400.0076395956419,402.16561430954926,400.0076395956419,0,0,0,0,0,401.57500000000005,377.21500000000003,414.97,363.82,390.61,390.9575989208585,378.8924010791414,,,,,10179028,0.73,0.63,0.18619155829608264,0.8398062135787929,2.369753037738459,-69.31301737908302,124.85646444437435,124.85646444437435,186.71344407793063,186.71344407793063,200.206958996248,-116.91944446993239,,,4.3624322119307015,4.05561600657875,3.5325626787747773,,
1767191400,398.6,400.13,395.59,396.31,402.15289879644325,399.8426929448324,402.15289879644325,399.8426929448324,0,0,0,0,0,401.57500000000005,377.21500000000003,414.97,363.82,390.61,390.9708582677529,378.87914173224704,,,,,10194738,0.72,0.63,0.025249630776185295,0.9117558972409306,2.1898701139750667,-80.63643110932935,70.81565052485684,70.81565052485684,148.08084622690603,148.08084622690603,200.206958996248,-116.91944446993239,,,5.075106781206515,4.095596036956309,3.535644684973442,,
1767364200,401.62,401.82,396.25,398.28,402.14151418346336,399.7098383195449,402.14151418346336,399.7098383195449,0,0,0,0,0,436.21984999999995,383.85015,453.98969999999997,366.0803,401.62,393.2019960894969,381.0480039105031,,,,,10372572,0.71,0.64,-0.060686321462329725,0.8854460541931103,2.2830266898119254,-78.12011694705232,32.3107099043706,32.3107099043706,109.49080078606089,109.49080078606089,200.206958996248,-116.91944446993239,,,4.916734654700774,4.12779755137766,3.538404105492378,,
1767623400,406.39,409.72,406.15,408.76,402.14973473454535,399.96654662073917,402.14973473454535,399.96654662073917,0,0,0,0,0,436.21984999999995,383.85015,453.98969999999997,366.0803,401.62,395.5011746721196,383.06882532788035,,,,,13410637,0.7,0.64,0.6040574460262998,1.2296451386243683,2.4398218394088844,-40.3754045128983,39.715768519921824,39.715768519921824,86.23245669734787,86.23245669734787,200.206958996248,-116.91944446993239,,,2.541152757114755,4.065576186896762,3.5364115953058093,,
1767709800,410.67,413.48,410.31,413.18,402.1661674323784,400.37469381208274,402.1661674323784,400.37469381208274,0,0,0,0,0,436.21984999999995,383.85015,453.98969999999997,366.0803,401.62,395.46229203275084,383.1077079672491,,,,,11640912,0.7,0.63,0.8370089105188887,1.3924582064152593,2.526008864521236,-24.515000096122343,61.23500268754108,61.23500268754108,77.89997202741228,77.89997202741228,200.206958996248,-116.91944446993239,,,1.5429284445937532,3.966648824453507,3.532428611987703,,
1767796200,408.63,410.81,406.65,409.23,402.1753277372088,400.6247411135697,402.1753277372088,400.6247411135697,0,0,0,0,0,436.21984999999995,383.85015,453.98969999999997,366.0803,401.62,395.48584462913493,383.084155370865,,,,,10589452,0.68,0.64,0.057664405357186026,1.2695169807999813,2.346337435315503,-38.46910590511275,70.25911309941552,70.25911309941552,75.35301905141336,75.35301905141336,200.206958996248,-116.91944446993239,,,2.4211738733982897,3.9060419636278123,3.5302083227997123,,
1767882600,406.965,411.64,406.4,411.49,402.1839752342374,400.8552767561748,402.1839752342374,400.8552767561748,0,0,0,0,0,436.21984999999995,383.85015,453.98969999999997,366.0803,401.62,395.4467614754548,383.1232385245451,,,,,8705926,0.68,0.64,-0.12235467888052258,1.1185038269169525,2.304626495189268,-39.42225520900552,75.493114913486,75.493114913486,75.77330663763128,75.77330663763128,200.206958996248,-116.91944446993239,,,2.4811633152565222,3.850164369574036,3.528112328778647,,
1767969000,413.215,415.29,411.8,414.47,402.2032867722309,401.28641884416794,402.2032867722309,401.28641884416794,0,0,0,0,0,436.21984999999995,383.85015,453.98969999999997,366.0803,401.62,395.37064804271694,383.19935195728306,,,,,14011238,0.68,0.64,0.14516449325563094,1.2298344058126764,2.1422090076652487,-19.393129139791302,86.85863075878993,86.85863075878993,109.58966244939779,109.58966244939779,200.206958996248,-116.91944446993239,,,1.1853913711186825,3.7456634676738263,3.523431567624481,,
1768228200,421.52,425.74,421.52,422.23,407.5298073510049,407.1592799247605,407.5298073510049,407.1592799247605,0,0,0,0,0,436.21984999999995,383.85015,453.98969999999997,366.0803,401.62,399.11398442792824,386.74601557207177,,,,,20904133,0.71,0.64,0.3087331274689498,1.3812377515832615,2.2399540807180713,-2.6420407377723256,108.20378839074391,108.20378839074391,150.8941036546519,150.8941036546519,200.20695899624798,-104.13769722838356,,,0.1681547971484822,3.6053690100061657,3.5167277179332204,,
1768314600,424.59,426.12,420.07,421.63,407.5549058378161,407.6664297316326,407.5549058378161,407.6664297316326,0,0,0,0,0,436.21984999999995,383.85015,453.98969999999997,366.0803,401.62,399.2118366739747,387.0281633260253,,,,,16681219,0.7,0.64,1.3549611014588936,1.178110283365806,2.27175930578857,-8.037757737447881,129.60198372981415,129.60198372981415,172.39837440795463,172.39837440795463,200.20695899624798,-104.13769722838356,,,0.5115695237193058,3.484043539955701,3.510723405856869,,
1768401000,426.03,426.86,422.8398,425.94,411.15940671464983,411.70424224561225,411.15940671464983,411.70424224561225,0,0,0,0,0,436.21984999999995,383.85015,453.98969999999997,366.0803,401.62,399.5960455514581,387.38395444854194,,,,,18305538,0.7,0.64,1.590220701854556,1.2571442526189744,2.240520294238405,-11.43593119301906,147.73728844265563,147.73728844265563,184.00789786833855,184.00789786833855,200.20695899624798,-104.13769722838356,,,0.7278489928158831,3.375957479283551,3.5051632172194247,,
1768487400,423.02,425.06,422.79,423.33,411.1827076003348,412.1402131379412,411.1827076003348,412.1402131379412,0,0,0,0,0,436.21984999999995,383.85015,453.98969999999997,366.0803,401.62,399.55907317129703,387.42092682870293,,,,,14253249,0.69,0.64,1.5973366686346142,1.2606432157640923,2.064457000881333,-11.619632042452132,159.4457108713714,159.4457108713714,182.86255572880293,182.86255572880293,200.20695899624798,-104.13769722838356,,,0.7395407803915991,3.2725685891309255,3.4996374980649234,,
1768573800,422.8,424.8,417.04,421.29,411.19458830443006,412.33585183841404,411.19458830443006,412.33585183841404,0,0,0,0,0,436.21984999999995,383.85015,453.98969999999997,366.0803,401.62,399.46833571648034,387.5116642835196,,,,,20951571,0.68,0.63,1.3523371421245416,1.2020004272144331,2.037403260912438,-31.04330165859357,160.3039777004999,160.3039777004999,162.0205113587569,162.0205113587569,200.206958996248,-65.10815874638195,,,2.0894961731699246,3.2261735924265724,3.496820032880318,,
1768919400,436.69,438.1399,434.1,437.23,422.1177962910115,423.6913784372732,422.1177962910115,423.6913784372732,0,0,0,0,0,436.21984999999995,383.85015,453.98969999999997,366.0803,401.62,405.37071591333216,392.8891840866678,,,,,21308137,0.67,0.63,1.5802298140543591,1.6952019591419538,2.3002264793130403,-10.467327347193866,165.50810572974066,165.50810572974066,175.91636178822222,175.91636178822222,200.20695899624795,-60.572096503734656,,,0.7158703657114094,3.1277303286338207,3.4912636898889717,,
1769005800,446.87,447.9999,437.11,443.6,428.2854234787284,430.1508310705563,428.2854234787284,430.1508310705563,0,0,0,0,0,436.21984999999995,383.85015,453.98969999999997,366.0803,401.62,410.1698177981133,397.95008220188674,,,,,38830228,0.69,0.64,1.6652941362950753,1.9316149310533788,2.451346783025458,-20.473300157151265,174.33516385496753,174.33516385496753,191.9892801054213,191.9892801054213,200.20695899624798,-38.206388206389136,,,1.463029756537423,3.0624479532574913,3.48721127443772,,
1769092200,443.84,452.9841,443.56,451.79,436.20756126322107,438.31016297401675,436.20756126322107,438.31016297401675,0,0,0,1,0,436.21984999999995,383.85015,453.98969999999997,366.0803,401.62,411.66284353465915,401.44125646534087,,,,,19251185,0.69,0.64,2.3401240128212675,2.2370807495141105,2.6021692616898684,-26.933027047192954,183.55936069684645,183.55936069684645,202.00775438060427,202.00775438060427,200.20695899624798,-37.28525703834427,222.00775438060427,,1.8216427986453922,3.0137889275864285,3.483883465295278,,
1769178600,454.11,458.75,453.45,458,442.2259372787877,444.69411831337925,442.2259372787877,444.69411831337925,0,0,0,1,0,436.21984999999995,383.85015,453.98969999999997,366.0803,401.62,414.60933616986995,404.26066383013006,,,,,21531873,0.68,0.64,2.539075655672986,2.3635949032803443,2.631226561491059,-14.688175892308324,191.3859015896068,191.3859015896068,207.03898337512746,207.03898337512746,200.20695899624798,-37.28525703834427,227.03898337512746,,0.9934497816593911,2.9345599414716426,3.478907573819482,,
1769437800,466.78,469.28,460.36,464.7,448.7185743836931,451.56040742491393,448.7185743836931,451.56040742491393,0,0,0,1,1,436.21984999999995,383.85015,453.98969999999997,366.0803,401.62,419.9742063695835,409.4257936304165,,,,,34155974,0.7,0.65,2.741751141750555,2.5398077336799885,2.7782660525190948,-13.80826149668053,199.85698820696675,199.85698820696675,216.79916144168664,216.79916144168664,200.20695899624798,-37.28525703834427,236.79916144168664,,0.933935872605977,2.8561040956337735,3.473822715275599,,
1769524200,465.07,476.49,463.95,476.1,459.73520003326183,462.6942805552423,459.73520003326183,462.6942805552423,0,0,0,1,0,436.21984999999995,383.85015,453.98969999999997,366.0803,401.62,423.72460864062435,412.88539135937566,,,,,28386220,0.73,0.66,2.8561952104077855,2.723432478921621,3.081046768845203,-37.731150020624604,209.18551070114964,209.18551070114964,227.8425556895154,227.8425556895154,200.20695899624798,-37.28525703834427,247.8425556895154,,2.551984877126661,2.8441778517707497,3.4719808814331437,,
1769610600,483.39,495.88,481.2501,494.56,477.5683190365806,480.66385659078173,477.5683190365806,480.66385659078173,0,0,0,1,0,436.21984999999995,383.85015,453.98969999999997,366.0803,401.62,433.56929948364854,422.4307005163514,,,,,44154580,0.77,0.66,3.766671386567265,3.1513968194743756,3.4375351265938257,-39.79034922263581,219.9728075808287,219.9728075808287,241.54740134018675,241.54740134018675,200.20695899624798,-37.28525703834427,261.54740134018675,,2.6912609187965115,2.8381811093011717,3.4704210013879155,,
1769697000,509.51,509.7,468.51,495.9,478.8421438073372,481.4492521319431,478.8421438073372,481.4492521319431,0,0,0,1,0,436.21984999999995,383.85015,453.98969999999997,366.0803,401.62,441.16010719999184,429.899992800008,,,,,69970856,0.76,0.66,3.58362615990406,3.185803493801679,3.3604253821482253,-81.66197326302863,228.24905122234063,228.24905122234063,244.8015385053645,244.8015385053645,200.20695899624798,-37.28525703834427,264.80153850536453,,5.523290986085902,2.9434795358417496,3.4745226397189803,,
1769783400,466.245,470.06,430.8,444.95,478.74745620732256,479.48853636206303,478.74745620732256,479.48853636206303,0,0,0,0,0,436.21984999999995,383.85015,453.98969999999997,366.0803,401.62,443.88798452031233,427.2020154796876,,,,,86593519,0.7,0.62,0.8992984966788454,1.2598522301330175,1.699375787357707,-127.00118504523648,193.21580812308144,193.21580812308144,216.57130352258756,216.57130352258756,200.20695899624798,-37.28525703834427,,,13.127646702964302,3.342858640434791,3.4938096008843056,,
1770042600,434.01,440.78,422.55,427.13,478.63663911200325,477.2844172890409,478.63663911200325,477.2844172890409,0,0,0,0,0,566.425,377.28499999999997,623.15,320.56,434.01,444.17613433191394,426.913865668086,,,,,41626234,0.71,0.64,0.2375131001307764,0.6897251172436254,1.329822182138096,-137.34479857674674,126.16505408214968,126.16505408214968,186.4358870424416,186.4358870424416,200.20695899624798,-56.62781434226849,,,14.791288566243189,3.7918166767410026,3.516381986429478,,
1770129000,452.63,459,448.31,454.29,478.5769972756156,476.1668283757452,478.5769972756156,476.1668283757452,0,0,0,0,0,566.425,377.28499999999997,623.15,320.56,434.01,444.7491733025472,426.34082669745266,,,,,28703465,0.68,0.61,0.6351248074170593,1.3138200220102072,1.7537804710342524,-89.11027899478361,81.91931582155175,81.91931582155175,151.59702996881165,151.59702996881165,200.20695899624798,-56.62781434226849,,,9.596692881629357,4.0194588808542715,3.5285304597465608,,
1770215400,462.47,463.1,445.71,453.97,478.5123317465934,474.9921253021866,478.5123317465934,474.9921253021866,0,0,0,0,0,566.425,377.28499999999997,623.15,320.56,434.01,444.75143921959216,426.33856078040776,,,,,24427923,0.68,0.61,0.3805541883795886,1.29432009044816,1.7191189589312104,-93.97866994637931,52.960870865925685,52.960870865925685,118.71831026784966,118.71831026784966,200.20695899624798,-56.62781434226849,,,10.120992135511193,4.258734694762386,3.54170221134649,,
1770301800,444.29,450.9,440.35,441.88,478.4371932216252,473.6553948981793,478.4371932216252,473.6553948981793,0,0,0,0,0,566.425,377.28499999999997,623.15,320.56,434.01,446.49376537537233,427.8562346246276,,,,,17718069,0.68,0.62,-0.3529758838006003,0.7658214351694403,1.4717903167646524,-104.0150451388995,16.926930049423447,16.926930049423447,84.78785019504093,84.78785019504093,200.20695899624798,-56.62781434226849,,,11.201855212744496,4.531013930761684,3.5570072123482843,,
1770388200,450.73,456.93,450.03,455.46,478.38135207632723,472.74689705903495,478.38135207632723,472.74689705903495,0,0,0,0,0,566.425,377.28499999999997,623.15,320.56,434.01,446.6261465322952,427.7738534677047,,,,,12663907,0.68,0.62,-0.08843211060165024,0.9307705283530798,1.5532733282078488,-85.88965113449729,4.559929865627316,4.559929865627316,58.04521008523639,58.04521008523639,200.20695899624798,-56.62781434226849,,,9.249848759830611,4.7160662769996815,3.5683815211344627,,
1770647400,461.39,467.56,460.85,467.03,478.34702469955135,472.2940971743669,478.34702469955135,472.2940971743669,0,0,0,0,0,566.425,377.28499999999997,623.15,320.56,434.01,447.5746636545674,428.5453363454326,,,,,12330874,0.67,0.61,0.07945985557360612,1.223860934634021,1.6578636884889675,-65.62965494362602,27.620971450720738,27.620971450720738,47.90379720706451,47.90379720706451,200.20695899624798,-56.62781434226849,,,7.067957249445443,4.808297295526966,3.5753736804317873,,
1770733800,465.96,466.75,459.52,462.4,478.3101351397121,471.80741885380354,478.3101351397121,471.80741885380354,0,0,0,0,0,566.425,377.28499999999997,623.15,320.56,434.01,448.67665332894614,429.5433466710539,,,,,7861589,0.68,0.61,-0.45571632999216477,1.0018029309286258,1.5771881877367806,-68.12002416117312,46.785088617377056,46.785088617377056,47.53089434383536,47.53089434383536,200.20695899624798,-56.62781434226849,,,7.336156483161928,4.907429028375396,3.5828877319856938,,
1770820200,466,468.61,462.82,467.63,478.27984675781454,471.46794360463474,478.27984675781454,471.46794360463474,0,0,0,0,0,566.425,377.28499999999997,623.15,320.56,434.01,448.5977160122056,429.6222839877945,,,,,11209595,0.67,0.61,-0.8622948081716769,1.583355216473712,1.678838259371536,-61.94091256876322,53.007953061639604,53.007953061639604,63.9620704972481,63.9620704972481,200.20695899624798,-56.62781434226849,,,6.67069973785037,4.976576899335199,3.589057186542866,,
1770906600,464.9,466.3799,448.06,451.39,478.220423287769,470.5687458162177,478.220423287769,470.5687458162177,0,0,0,0,0,566.425,377.28499999999997,623.15,320.56,434.01,448.83246701860116,429.38753298139886,,,,,20488829,0.69,0.61,-1.3971642330618543,1.1828495268706465,1.360153454256093,-89.57839350936011,45.12977335047116,45.12977335047116,50.38189315791679,50.38189315791679,200.20695899624798,-56.62781434226849,,,9.647106271425686,5.159734913926982,3.601161180718456,,
1770993000,459.73,463.8399,456.25,462.62,478.1773185459353,470.0227753920523,478.1773185459353,470.0227753920523,0,0,0,0,0,566.425,377.28499999999997,623.15,320.56,434.01,448.8796091985968,429.3403908014032,,,,,12359348,0.67,0.61,0.6161424364020974,1.4987843609149463,1.3943389225580176,-74.24296201183377,39.74743764701895,39.74743764701895,46.83707465428418,46.83707465428418,200.20695899624798,-56.62781434226849,,,7.995563621697918,5.270943882859176,3.609941205575558,,
1771338600,450.26,451.37,445.53,448.2,478.1130955318575,469.082027337462,478.1130955318575,469.082027337462,0,0,0,0,0,566.425,377.28499999999997,623.15,320.56,434.01,449.04479513477986,429.17520486522017,,,,,10976087,0.7,0.61,0.7548438675338223,1.1073326925450568,1.1411372574296041,-96.09336895257832,7.0384229803790745,7.0384229803790745,33.570857429649145,33.570857429649145,200.20695899624798,-61.46861983432433,,,10.15728977616455,5.462565290439779,3.6230228211012103,,
1771425000,455.81,460.51,455.324,458.28,478.0683735827429,468.5584090105027,478.0683735827429,468.5584090105027,0,0,0,0,0,566.425,377.28499999999997,623.15,320.56,434.01,449.03472360430885,429.1852763956912,,,,,10226301,0.69,0.61,0.13402608446427997,1.067336176001111,1.17471566780047,-77.40886517013729,-3.1610074004967377,-3.1610074004967377,21.326902486267187,21.326902486267187,200.20695899624798,-61.46861983432433,,,8.182294817503523,5.569221350324631,3.6321322556594566,,
1771511400,457.34,461.505,456.03,459.56,478.0251374716885,468.0827341473458,478.0251374716885,468.0827341473458,0,0,0,0,0,566.425,377.28499999999997,623.15,320.56,434.01,450.58590073223496,430.73409926776503,,,,,8411438,0.68,0.61,0.18790548733686588,0.98897573161428,1.3102597950901789,-76.0619936497776,0.7577511825097987,0.7577511825097987,14.470518718348059,14.470518718348059,200.20695899624798,-61.46861983432433,,,8.039927404718695,5.666111783830281,3.6409390391740604,,
1771597800,463.25,468.62,458.34,468.62,477.9865569772395,467.7153955533322,477.9865569772395,467.7153955533322,0,0,0,0,0,566.425,377.28499999999997,623.15,320.56,434.01,450.74195850947746,430.80944149052254,,,,,14316250,0.66,0.61,0.9205890709112003,1.274658925586493,1.3669197106397288,-71.65509108316144,17.713248270167306,17.713248270167306,24.1987073738058,24.1987073738058,200.20695899624798,-61.46861983432433,,,7.574107683000605,5.7409351524251955,3.6487975179829046,,
1771857000,474.65,481.46,474.61,481.28,477.980235984278,467.9941212179074,477.980235984278,467.9941212179074,0,0,0,0,0,566.425,377.28499999999997,623.15,320.56,434.01,450.822017850763,430.72938214923704,,,,,17441572,0.65,0.6,0.8585609694093537,1.4829907108988811,1.3778004174301275,-40.615998113964444,31.642588756549564,31.642588756549564,59.50126972931409,59.50126972931409,200.20695899624798,-61.46861983432433,,,4.293204275055448,5.684161392528343,3.6500850439710617,,
1771943400,470.085,475.44,469.55,474.61,477.96391882946426,468.06546940544047,477.96391882946426,468.06546940544047,0,0,0,0,0,566.425,377.28499999999997,623.15,320.56,434.01,451.4247180453229,431.21528195467715,,,,,14147095,0.64,0.6,0.24506393223661296,1.2649246799097527,1.2400626014341656,-50.26921325988556,47.98270113284198,47.98270113284198,80.66292588542683,80.66292588542683,200.20695899624798,-61.46861983432433,,,5.3135712845331655,5.669628447116767,3.6534086928033536,,
1772029800,475.74,479.53,472.9,473.42,477.9542606499848,468.26407844836433,477.9542606499848,468.26407844836433,0,0,0,0,0,566.425,377.28499999999997,623.15,320.56,434.01,452.0657280842846,431.8242719157154,,,,,12954283,0.64,0.6,0.3597283948162316,1.0565410260761408,1.1173550936086083,-43.878250663277775,62.979334582248654,62.979334582248654,92.972601481062,92.972601481062,200.20695899624798,-61.46861983432433,,,4.638031861262352,5.629173679044045,3.6553759718612135,,
1772116200,474.95,477.83,442.04,477.48,477.8835800093255,467.2568047837226,477.8835800093255,467.2568047837226,0,0,0,0,0,566.425,377.28499999999997,623.15,320.56,434.01,454.02634093615626,433.73365906384373,,,,,12375047,0.64,0.6,0.3179914035122567,1.1545495053120818,1.0285316867042815,-102.75141655322344,69.0177429609416,69.0177429609416,81.09455971832752,81.09455971832752,200.20695899624798,-61.46861983432433,,,10.861060697721307,5.834345718992172,3.6697729443404543,,
1772202600,480.75,483.9,479.11,483.75,477.88636586345274,467.7282202824002,477.88636586345274,467.7282202824002,0,0,0,0,0,566.425,377.28499999999997,623.15,320.56,434.01,455.26467904108466,434.8953209589153,,,,,16795079,0.64,0.6,1.081351926820208,1.181964395793744,1.2248300691617409,-32.031122984192706,80.91061398543337,80.91061398543337,104.69635603441691,104.69635603441691,200.20695899624798,-61.46861983432433,,,3.3857632587215094,5.738322877412931,3.6692054924211357,,
1772461800,490.095,492.15,483.28,490,477.89739450308616,468.3430430164237,477.89739450308616,468.3430430164237,0,0,0,0,0,514.5749999999999,459.4200000000001,545.25,428.74500000000006,490.095,456.5277129160449,436.08258708395516,,,,,19916577,0.65,0.6,0.8942568592707579,1.3738648795162736,1.0850135065312003,-24.07580536393764,98.48611455853477,98.48611455853477,133.63711570473757,133.63711570473757,200.20695899624798,-61.46861983432433,,,2.5448679169187347,5.613089349550413,3.666959063698853,,
1772548200,472.83,473.2,458.93,468.14,477.8602362723108,467.98840211381884,477.8602362723108,467.98840211381884,0,0,0,0,0,514.5749999999999,459.4200000000001,545.25,428.74500000000006,490.095,456.8818882673674,435.72841173263265,,,,,22591538,0.64,0.61,0.655539916698231,0.9460490569272363,1.1835067307111182,-59.98749825525973,102.32651966527457,102.32651966527457,110.00732987875419,110.00732987875419,200.20695899624798,-61.46861983432433,,,7.45513208308126,5.685326319492799,3.6745278409603563,,
1772634600,474.82,476.415,469.39,471.8,477.8438423936448,468.0537628152377,477.8438423936448,468.0537628152377,0,0,0,0,0,514.5749999999999,459.4200000000001,545.25,428.74500000000006,490.095,456.8848167137122,435.7254832862879,,,,,9985887,0.65,0.6,0.4354821845059301,0.6738347514074677,1.2327167025480106,-39.792157677531506,82.34520610427217,82.34520610427217,95.6660818116071,95.6660818116071,200.20695899624798,-61.46861983432433,,,5.3458358540028215,5.672012967904957,3.6778671177096918,,
1772721000,470.45,470.67,463.91,466.13,477.81664170954167,467.90380741071857,477.81664170954167,467.90380741071857,0,0,0,0,0,514.5749999999999,459.4200000000001,545.25,428.74500000000006,490.095,457.46833900145134,436.2416609985487,,,,,11674826,0.65,0.6,0.21156258824511032,0.4339350690137949,1.137389331709854,-50.37250819052864,48.24885214588167,48.24885214588167,79.86033858969863,79.86033858969863,200.20695899624798,-61.46861983432433,,,6.4508973583383655,5.702557453804306,3.683407637670988,,
1772807400,469.04,475.46,467.07,473.51,477.7957459219102,467.8824149632394,477.7957459219102,467.8824149632394,0,0,0,0,0,514.5749999999999,459.4200000000001,545.25,428.74500000000006,490.095,457.4897528567897,436.22024714321026,,,,,10489815,0.64,0.6,0.15422135465563658,0.4102221002332839,1.2526254950301936,-44.27143015748651,28.962243488360507,28.962243488360507,62.89430688925259,62.89430688925259,200.20695899624798,-61.46861983432433,,,5.813672111312762,5.706914891353657,3.687663910345597,,
1773063000,468.09,472.68,464.79,472.53,477.7703819939943,467.7733437882104,477.7703819939943,467.7733437882104,0,0,0,0,0,514.5749999999999,459.4200000000001,545.25,428.74500000000006,490.095,457.49291022550545,436.2170897744946,,,,,8829848,0.64,0.6,-0.2700279546907462,0.27204327682558627,1.4234234574245643,-45.46224641560349,9.347690844803303,9.347690844803303,45.04543487443616,45.04543487443616,182.94293982211704,-61.46861983432433,,,6.273442226255285,5.729131649585093,3.6928303005871745,,
1773149400,479.74,481.31,474.21,477.86,477.76370171029004,468.0342675612218,477.76370171029004,468.0342675612218,0,0,0,0,0,514.5749999999999,459.4200000000001,545.25,428.74500000000006,490.095,457.4985213474394,436.21147865256063,,,,,9616837,0.63,0.6,0.10164322510417509,0.24269149088335987,1.5409037109043255,-28.474766795017082,25.7229922409863,25.7229922409863,38.604620663286205,38.604620663286205,182.94293982211704,-61.46861983432433,,,4.373865698729582,5.675983965237818,3.6941910106733733,,
1773235800,476.13,477.45,473.13,476.24,477.75489851006967,468.2430296176445,477.75489851006967,468.2430296176445,0,0,0,0,0,514.5749999999999,459.4200000000001,545.25,428.74500000000006,490.095,457.7507889466235,436.44921105337653,,,,,7522851,0.64,0.6,0.08860179586919502,0.0025252782854421666,1.546721058285211,-30.422375923491938,38.35722074633963,38.35722074633963,38.522154024304015,38.522154024304015,182.94293982211704,-61.46861983432433,,,4.591651542649725,5.633461125136324,3.69598413860939,,
1773322200,475.02,475.02,466.6,466.88,477.73319641514445,468.1900872796976,477.73319641514445,468.1900872796976,0,0,0,0,0,514.5749999999999,459.4200000000001,545.25,428.74500000000006,490.095,457.82879496398505,436.37120503601494,,,,,11900580,0.65,0.62,-0.33014256634859723,-0.4805485969288658,1.2957650883267253,-46.14054499409438,14.998214033212697,14.998214033212697,30.680840693940244,30.680840693940244,182.94293982211707,-84.30265732946671,,,5.908449284129856,5.644244974508619,3.7004046483906494,,
1773408600,469.31,470.102,460.22,460.84,477.69891790082846,467.8915269942193,477.69891790082846,467.8915269942193,0,0,0,0,0,514.5749999999999,459.4200000000001,545.25,428.74500000000006,490.095,459.9137210859854,438.2862789140147,,,,,11741579,0.67,0.62,-0.7059290687780391,-0.6084349185688164,1.2514678852856513,-75.40092214734221,-23.871649579611862,-23.871649579611862,12.496677269422875,12.496677269422875,182.94293982211704,-160.21627095005445,,,7.194998991732195,5.7050588575369945,3.7073868548708524,,
1773667800,461.265,462.8,456.905,460.43,477.65815073219545,467.4759749552303,477.65815073219545,467.4759749552303,0,0,0,0,0,514.5749999999999,459.4200000000001,545.25,428.74500000000006,490.095,461.4264962146131,439.74350378538696,,,,,8964093,0.69,0.62,-0.9117032656278533,0.30345715633908105,1.2515324670894896,-83.79427530108445,-58.23975219110707,-58.23975219110707,-11.082132550753773,-11.082132550753773,182.94293982211704,-160.21627095005445,,,7.86348054043154,5.789702845101487,3.7156907383584863,,
1773754200,460.51,462.21,456.87,459.27,477.61739578567756,467.07536025110363,477.61739578567756,467.07536025110363,0,0,0,0,0,514.5749999999999,459.4200000000001,545.25,428.74500000000006,490.095,462.76192190818244,441.0118780918175,,,,,7610091,0.69,0.62,-0.3016302784627715,0.6915956219509571,1.4199116321927578,-83.88289290602584,-83.59856454435652,-83.59856454435652,-35.254276548621355,-35.254276548621355,182.94293982211704,-160.21627095005445,,,7.87053841500302,5.871304239999586,3.7239921323178162,,
1773840600,446.66,450.06,444.39,444.74,477.55203655333855,466.2059382804721,477.55203655333855,466.2059382804721,0,0,0,0,0,514.5749999999999,459.4200000000001,545.25,428.74500000000006,490.095,463.1996660652147,441.09033393478524,,,,,18375612,0.68,0.63,-0.9002707990612432,-0.19050784973299814,1.1167849557779792,-131.9522174822449,-121.04035575082682,-121.04035575082682,-63.84963628268984,-63.84963628268984,182.942939822117,-209.16019750993658,,,10.387174833635813,6.048397204455909,3.737305184668102,,
1773927000,420.36,428.2677,416.8,426.41,477.4322342825027,464.29947011261044,477.4322342825027,464.29947011261044,0,0,0,0,0,514.5749999999999,459.4200000000001,545.25,428.74500000000006,490.095,463.85431038656725,441.1756896134327,,,,,30205977,0.7,0.64,-1.3083687142908969,-0.5381698922708461,0.8436219629624344,-233.18614820724508,-158.8824507954026,-158.8824507954026,-95.52724112026075,-95.52724112026075,182.942939822117,-253.11515732543128,,,15.950796531558776,6.4367265898324915,3.7617077647817694,,
1774013400,428.09,428.59,411.23,413.38,477.30165379442576,462.25151834348844,477.30165379442576,462.25151834348844,0,1,0,0,0,514.5749999999999,459.4200000000001,545.25,428.74500000000006,490.095,463.99085222011905,441.039147779881,,,,,27204938,0.71,0.65,-1.9274071293338593,-0.5651858753484529,0.619104848607721,-233.18614820724508,-183.06395111612994,-183.06395111612994,-124.70614445221715,-124.70614445221715,182.942939822117,-253.11515732543128,,,17.074006856221004,6.853874835573217,3.7883057649644654,,
1774272600,405.12,414.54,399.6401,404.04,477.14840912950183,459.8339175849203,477.14840912950183,459.8339175849203,0,1,0,0,0,514.5749999999999,459.4200000000001,545.25,428.74500000000006,490.095,464.06639055030985,440.9636094496901,,,,,36796839,0.72,0.66,-2.206975882071243,-0.992478278115084,0.3441969611158155,-233.18614820724505,-197.01977887695676,-197.01977887695676,-148.81068926046368,-148.81068926046368,182.942939822117,-253.11515732543128,,,19.41115144182294,7.346317055426147,3.8195202418413055,,
1774359000,400.24,407.29,399.2,404.13,476.9946001202521,457.494038463943,476.9946001202521,457.494038463943,0,1,0,0,0,514.5749999999999,459.4200000000001,545.25,428.74500000000006,490.095,464.06627169628604,440.96372830371394,,,,,17478516,0.72,0.66,-2.3512161516023835,-1.1849342171733268,0.3244020173969989,-233.18614820724508,-203.21206411629055,-203.21206411629055,-166.94448087907264,-166.94448087907264,182.942939822117,-253.11515732543128,,,19.499899173220406,7.82292811886906,3.8508496702756294,,
1774445400,419.705,420.66,412.25,416.29,476.8669116085233,455.7525663673178,476.8669116085233,455.7525663673178,0,1,0,0,0,514.5749999999999,459.4200000000001,545.25,428.74500000000006,490.095,464.1160595278538,440.9139404721462,,,,,15713158,0.72,0.66,-1.900826504339795,-0.8693523461847547,0.3951158771203489,-199.6720597259174,-188.04970580357218,-188.04970580357218,-173.97955585390582,-173.97955585390582,182.942939822117,-253.11515732543128,,,16.86832022585198,8.177649377966429,3.876858602454603,,
1774531800,408.53,411.37,400.26,400.64,476.7157617351796,453.6138931764426,476.7157617351796,453.6138931764426,0,0,0,0,0,514.5749999999999,459.4200000000001,545.25,428.74500000000006,490.095,464.2946810934241,440.7353189065758,,,,,15756339,0.72,0.66,-2.1141823653246457,-1.2324643847452774,0.23053784396415725,-230.46393105857015,-196.2703937544705,-196.2703937544705,-181.40983515409405,-181.40983515409405,182.942939822117,-253.11515732543128,,,19.286146400483968,8.613276712182802,3.9076463902628533,,
1774618200,406.2,418.4,405.41,414.7,476.57510067277167,451.759030698935,476.57510067277167,451.759030698935,0,0,0,0,0,514.5749999999999,459.4200000000001,545.25,428.74500000000006,490.095,464.4574584685235,440.5725415314765,,,,,16580719,0.71,0.65,-1.4740122286309014,-0.690889854250882,0.5056737213924546,-217.238064723027,-180.0989664208293,-180.0989664208293,-177.47722895429976,-177.47722895429976,182.942939822117,-253.11515732543128,,,18.24763057067956,8.991094510555225,3.9362977073066427,,
1774877400,419.54,420.1,412.66,414.58,476.4490613107881,450.2583785146631,476.4490613107881,450.2583785146631,0,0,0,0,0,514.5749999999999,459.4200000000001,545.25,428.74500000000006,490.095,464.4391545709986,440.5908454290014,,,,,13172067,0.71,0.66,-1.4660080798488015,-0.8826298358800531,0.5668473667668444,-198.61912667784497,-167.8713245938996,-167.8713245938996,-143.4160409400402,-143.4160409400402,182.942939822117,-253.11515732543128,,,16.785642266585995,9.296763050007412,3.961970723409099,,
1774963800,420.075,430.57,419.59,430.29,476.3369814680093,449.0856224944802,476.3369814680093,449.0856224944802,0,0,0,0,0,514.5749999999999,459.4200000000001,545.25,428.74500000000006,490.095,464.4781752865183,440.8118247134816,,,,,14534303,0.73,0.65,-0.9196015551720756,-0.3362269337058044,0.7259266887014139,-180.82199003603662,-140.65128003412013,-140.65128003412013,-86.21119091456124,-86.21119091456124,182.942939822117,-253.11515732543128,,,15.388183101431741,9.535642267710326,3.984800318569983,,
1775050200,435,440.19,433.76,437.82,476.2531541324089,448.5089863182261,476.2531541324089,448.5089863182261,0,0,0,0,0,481.475,352.725,527.95,306.25,435,464.51325954182096,440.77674045817906,,,,,14133118,0.76,0.65,-0.22640379372326216,-0.3750575347502576,0.81311501070578,-116.13172873265094,-102.99180808437546,-102.99180808437546,-27.67286418488613,-27.67286418488613,182.942939822117,-253.11515732543128,,,12.530752167775757,9.653097557908971,4.0018751474395255,,
1775136600,422.29,431.67,421.17,429.41,476.1445909872892,447.46617509006035,476.1445909872892,447.46617509006035,0,0,0,0,0,481.475,352.725,527.95,306.25,435,464.90248059505814,441.0475194049419,,,,,10838639,0.75,0.65,0.10190081744205923,-0.5486157388003058,0.7027152620965322,-149.28588893092922,-66.46100347734676,-66.46100347734676,6.600605736710641,6.600605736710641,182.942939822117,-253.11515732543128,,,15.069570477918928,9.86550826065446,4.0239884248231,,
1775482200,428.87,431.49,426.71,427.65,476.0472029933086,446.6793407728031,476.0472029933086,446.6793407728031,0,0,0,0,0,481.475,352.725,527.95,306.25,435,466.41824546187786,442.4817545381221,,,,,5417250,0.75,0.65,0.4999031619640476,-0.7309638316546102,0.6884678573990588,-134.69700509467341,-35.481709752161194,-35.481709752161194,26.476877698209968,26.476877698209968,182.942939822117,-253.11515732543128,,,13.952409760032264,10.025778907688883,4.043825430487854,,
1775568600,427.895,433.43,423.1,431.81,475.9428689213939,445.78320976210495,475.9428689213939,445.78320976210495,0,0,0,0,0,481.475,352.725,527.95,306.25,435,466.3429182308585,442.5570817691415,,,,,7263495,0.75,0.65,1.0015868462607251,-0.8648097225116678,0.6593827582180852,-144.20347994104222,-8.333896395527912,-8.333896395527912,45.96173031773865,45.96173031773865,182.942939822117,-253.11515732543128,,,14.68037910869126,10.208312248904663,4.06507728598876,,
1775655000,439.98,440.44,431.31,434.53,475.8549828696029,445.2409623204538,475.8549828696029,445.2409623204538,0,0,0,0,0,481.475,352.725,527.95,306.25,435,466.33343700037165,442.56656299962833,,,,,9689696,0.75,0.65,1.0960046336245837,-0.7103789737747178,0.6957632880135228,-122.58349144002042,20.52166859257672,20.52166859257672,78.23279856878598,78.23279856878598,182.942939822117,-253.11515732543128,,,13.02480338777979,10.318762881801728,4.082978836641689,,
1775741400,436.47,440.905,435.87,437.91,475.77629219453877,444.8970147784752,475.77629219453877,444.8970147784752,0,0,0,0,0,481.475,352.725,527.95,306.25,435,466.3244992787225,442.57550072127754,,,,,6748462,0.74,0.65,0.7580888686281815,-0.6321262893654953,0.69583397562828,-110.57531268671231,51.26586040117939,51.26586040117939,112.75424401838472,112.75424401838472,182.942939822117,-253.11515732543128,,,12.105263157894731,10.388821716158317,4.099007376744093,,
1775827800,438.59,440.35,436,437.13,475.69801588645777,444.57160243422123,475.69801588645777,444.57160243422123,0,0,0,0,0,481.475,352.725,527.95,306.25,435,466.32279856588787,442.57720143411217,,,,,6193254,0.74,0.65,1.3306299652508766,-0.7127963541658946,0.6183371449509281,-104.5688147142988,78.59892443816511,78.59892443816511,133.26505251213658,133.26505251213658,175.7309357309354,-253.1151573254313,,,12.079048195200642,10.45510510749331,4.114951514243507,,
1776087000,434.775,436.22,431.63,435.36,475.61125201855276,444.08929253484,475.61125201855276,444.08929253484,0,0,0,0,0,481.475,352.725,527.95,306.25,435,466.3205906660686,442.5794093339314,,,,,5549419,0.73,0.65,0.7306107544298474,-0.846961746350992,0.5720611732646669,-93.43808604974112,95.19899269933148,95.19899269933148,128.39912922166425,128.39912922166425,175.7309357309354,-253.1151573254313,,,12.96027424884049,10.553347034604965,4.132624486740204,,
1776173400,439.32,445.18,439.02,445.09,475.53927908744674,443.91280263151293,475.53927908744674,443.91280263151293,0,0,0,0,0,481.475,352.725,527.95,306.25,435,466.3397293152851,442.56027068471485,,,,,8731650,0.74,0.65,1.0764634656263563,-0.7740192860246927,0.7283956297800532,-58.59690274356763,114.87657707676439,114.87657707676439,154.23174583163023,154.23174583163023,175.7309357309354,-253.1151573254313,,,11.47005444646098,10.589296344873828,4.147284686459926,,
1776259800,442.88,443.74,439.6,440.46,475.46859721114816,443.7657515479242,475.46859721114816,443.7657515479242,0,0,0,0,0,481.475,352.725,527.95,306.25,435,466.35641919020736,442.54358080979256,,,,,6455885,0.72,0.66,0.3452610249567544,-0.4986749620641437,0.6743619084576764,-55.988101310688556,131.76868971655668,131.76868971655668,165.55291499614128,165.55291499614128,175.7309357309354,-253.1151573254313,,,11.353095382133487,10.619249248295775,4.161681910627106,,
1776346200,442.15,442.98,438.18,440.08,475.3952477661708,443.5693377617311,475.3952477661708,443.5693377617311,0,0,0,0,0,481.475,352.725,527.95,306.25,435,466.3441167593814,442.5558832406186,,,,,5350127,0.73,0.66,0.07539920187563799,-0.566981020109941,0.6659502532428266,-56.830121531953566,141.1632339307755,141.1632339307755,159.95232235921318,159.95232235921318,175.7309357309354,-253.1151573254313,,,11.639443436176643,10.659256863506789,4.176622493095737,,
1776432600,445.65,448.7,445.32,445.93,475.3361679504542,443.6578264769573,475.3361679504542,443.6578264769573,0,0,0,0,0,481.475,352.725,527.95,306.25,435,466.3593480205261,442.5406519794738,,,,,9711965,0.73,0.66,0.561196039361565,-0.3649727126931608,0.748544026695414,-1.6929074931991843,149.72864068623423,149.72864068623423,166.85945419715165,166.85945419715165,175.7309357309354,-253.1151573254313,,,10.199637023593464,10.641232556059208,4.188656488161667,,
1776691800,443.13,443.42,440.05,442.09,475.26678200050327,443.53824504648844,475.26678200050327,443.53824504648844,0,0,0,0,0,481.475,352.725,527.95,306.25,435,466.3672638849289,442.5327361150711,,,,,8473002,0.74,0.66,0.49203680677208095,-0.5582584077629872,0.7141946380578604,-16.31851813116553,150.84462759859971,150.84462759859971,153.0766014233307,153.0766014233307,175.7309357309354,-253.1151573254313,,,11.262351280500095,10.665590153096106,4.2027897444900155,,
1776778200,438.55,440.245,428.71,429.57,475.17510391458814,442.9830942603516,475.17510391458814,442.9830942603516,0,0,0,0,0,481.475,352.725,527.95,306.25,435,466.2952540970927,442.60474590290727,,,,,9480023,0.71,0.66,-0.07503622254055664,-0.7592589135918922,0.5248538291115742,-47.789945955556306,99.19572627417337,99.19572627417337,133.62832715712426,133.62832715712426,175.7309357309354,-253.1151573254313,,,13.549102641661626,10.778669074216323,4.221463696332516,,
1776864600,436.27,437.17,433.78,435.26,475.09363757310047,442.64654938739665,475.09363757310047,442.64654938739665,0,0,0,0,0,481.475,352.725,527.95,306.25,435,466.2901596995711,442.60984030042886,,,,,5178054,0.71,0.67,0.02426675533182503,-0.7434588059113605,0.5718971219677038,-33.719386954704405,55.02684838977897,55.02684838977897,107.42783423467583,107.42783423467583,175.7309357309354,-253.1151573254313,,,12.526719096592057,10.847220055485959,4.238057613216151,,
1776951000,433.96,435.2913,428.22,431.04,475.001336199328,442.10734352906735,475.001336199328,442.10734352906735,0,0,0,0,0,481.475,352.725,527.95,306.25,435,466.2528441557222,442.6471558442778,,,,,4976399,0.68,0.66,-0.22641354789255994,-0.7908287943369747,0.46242722355187926,-49.14982246648663,13.956733415090554,13.956733415090554,76.27080062814741,76.27080062814741,175.7309357309354,-253.1151573254313,,,13.647912885662421,10.957051146865428,4.256858522851409,,
1777037400,431.335,435.28,430.6501,433.25,474.9140260350936,441.68362805733926,474.9140260350936,441.68362805733926,0,0,0,0,0,481.475,352.725,527.95,306.25,435,466.22863945414605,442.67136054585393,,,,,5924116,0.68,0.67,-0.1282448504418665,-0.6008689916843947,0.4604936522096782,-42.40566754972726,-14.883814035179725,-14.883814035179725,45.885929073705036,45.885929073705036,175.7309357309354,-253.1151573254313,,,13.15787457148618,11.043357947830948,4.2746427707008285,,
1777296600,431.66,431.8,428.52,429.89,469.18353028112983,436.14263645408886,469.18353028112983,436.14263645408886,0,0,0,0,0,481.475,352.725,527.95,306.25,435,466.2011179431311,442.69888205686885,,,,,6105233,0.68,0.66,-0.1814027178897192,-0.5598282961247552,0.4145099351708096,-48.31724501081506,-64.33904473032263,-64.33904473032263,9.14427113902915,9.14427113902915,175.7309357309354,-253.1151573254313,,,12.546938775510208,11.102321901857586,4.291170834646501,,
1777383000,420.72,422.52,418.4,421.91,469.0834952555931,435.4749252205952,469.0834952555931,435.4749252205952,0,0,0,0,0,481.475,352.725,527.95,306.25,435,466.1491395557682,442.75086044423176,,,,,7723432,0.67,0.67,-0.7493349508298476,-0.6949802021622354,0.315225905292193,-76.40285784880746,-115.57237032026052,-115.57237032026052,-32.42794268073407,-32.42794268073407,175.7309357309354,-253.1151573254313,,,14.61224489795919,11.239965940920394,4.3117923612465265,,
1777469400,416.74,419.1705,414.16,417.41,468.97527328705047,434.66878697665027,468.97527328705047,434.66878697665027,0,0,0,0,0,481.475,352.725,527.95,306.25,435,465.92894009837136,442.9710599016286,,,,,6452572,0.67,0.68,-0.7519272977291371,-0.7561046608718781,0.2173501285007532,-88.16995255563417,-154.0021315624115,-154.0021315624115,-72.95267230795989,-72.95267230795989,175.7309357309354,-253.1151573254313,,,15.477551020408159,11.40614574795913,4.33410156935674,,
1777555800,425.34,425.46,422.7394,423.66,468.88423778797545,434.22734458540907,468.88423778797545,434.22734458540907,0,0,0,0,0,481.475,352.725,527.95,306.25,435,456.97096959918576,434.37903040081414,,,,,6732811,0.69,0.67,-0.5350443910583725,-0.39242085733406834,0.3009006284265766,-64.35990247833467,-157.08255919096786,-157.08255919096786,-100.99596793562921,-100.99596793562921,175.7309357309354,-253.1151573254313,,,13.726653061224493,11.49714603475385,4.352867906003828,,
1777642200,421.412,427.93,421.08,423.18,468.79010184833913,433.7387898957852,468.79010184833913,433.7387898957852,0,0,0,0,0,438.68199999999996,396.89000000000004,455.95199999999994,379.62000000000006,421.412,455.24902593097914,436.1009740690207,,,,,5911487,0.69,0.68,-0.7316074881905122,-0.0627159413684933,0.2894305983492705,-68.96516591147349,-143.9896784171719,-143.9896784171719,-115.3272047628101,-115.3272047628101,175.7309357309354,-253.1151573254313,,,14.065306122448984,11.59785819505562,4.372273376965756,,
1777901400,418.84,420.86,413.2801,414.71,468.6807256188719,432.9665745665387,468.6807256188719,432.9665745665387,0,0,0,0,0,438.68199999999996,396.89000000000004,455.95199999999994,379.62000000000006,421.412,455.04334618837794,436.3066538116219,,,,,7285730,0.71,0.68,-0.8842416431716642,0.026520991985503558,0.07554349018257966,-90.61190223311937,-159.82413809428078,-159.82413809428078,-130.15951587330034,-130.15951587330034,175.7309357309354,-253.1151573254313,,,15.65712244897959,11.757045028542835,4.394820527958791,,
1777987800,420.15,421.16,417.905,418.27,468.58071607717585,432.40419713255676,468.58071607717585,432.40419713255676,0,0,0,0,0,438.68199999999996,396.89000000000004,455.95199999999994,379.62000000000006,421.412,454.376520219547,436.973479780453,,,,,4279931,0.72,0.68,-0.37541697771847826,0.2901945953067184,0.05324840656894699,-74.43233114953014,-160.85518519198206,-160.85518519198206,-140.39140564619424,-140.39140564619424,157.2911864778835,-253.11515732543128,,,14.713265306122455,11.872975235506741,4.415436801241835,,
1778074200,430.15,433.19,429.6,430.96,468.5040393217769,432.3179148920644,468.5040393217769,432.3179148920644,0,0,0,0,0,438.68199999999996,396.89000000000004,455.95199999999994,379.62000000000006,421.412,454.5484092143276,436.8015907856723,,,,,7013889,0.72,0.67,-0.13979591270343758,0.5423925684740339,0.21790584901656246,-43.37127449319623,-131.4459937094633,-131.4459937094633,-113.55516983600141,-113.55516983600141,157.2911864778835,-253.11515732543128,,,12.326530612244893,11.890761720869023,4.431243182482601,,
1778160600,435.61,437.42,430.25,431.68,468.42880148097413,432.2602515629638,468.42880148097413,432.2602515629638,0,0,0,0,0,438.68199999999996,396.89000000000004,455.95199999999994,379.62000000000006,421.412,454.42469299726645,436.92530700273346,,,,,6816211,0.74,0.67,0.021029661282173505,0.3023095673362423,0.1692520872252393,-41.644922477239305,-107.86437675143881,-107.86437675143881,-60.701142835389824,-60.701142835389824,157.2911864778835,-253.11515732543128,,,12.193877551020408,11.902648616169078,4.446752941460699,,
1778247000,434.05,436.2,431.7,433.77,468.3565820973958,432.26114365853385,468.3565820973958,432.26114365853385,0,0,0,0,0,438.68199999999996,396.89000000000004,455.95199999999994,379.62000000000006,421.412,454.25696292152236,437.09303707847755,,,,,5380821,0.76,0.67,0.01700047776256511,0.6762431135713307,0.41659127838546073,-37.79382951856606,-77.60749965931839,-77.60749965931839,-17.093745475077547,-17.093745475077547,157.2911864778835,-253.11515732543128,,,11.897959183673471,11.902464716855524,4.461640466420165,,
1778506200,434.182,436.04,432.21,434.65,468.2855157994989,432.28180076996387,468.2855157994989,432.28180076996387,0,0,0,0,0,438.68199999999996,396.89000000000004,455.95199999999994,379.62000000000006,421.412,454.1331204058046,437.2168795941953,,,,,5569059,0.74,0.67,0.1568350705771848,0.3934067535014051,0.4232692126143117,-36.43930716758445,-45.994668352567224,-45.994668352567224,17.230994260935127,17.230994260935127,157.2911864778835,-253.11515732543128,,,11.793877551020412,11.898206396626696,4.476290290765021,,
1778592600,430.7,432.98,425.85,432.93,468.20201127242694,432.05473015153393,468.20201127242694,432.05473015153393,0,0,0,0,0,438.68199999999996,396.89000000000004,455.95199999999994,379.62000000000006,421.412,454.1199832246244,437.23001677537553,,,,,6660930,0.75,0.67,0.36986630055679426,0.36186791824098596,0.43615920474843406,-47.312096641041414,-19.848182494005876,-19.848182494005876,32.44478922311682,32.44478922311682,110.97299874311966,-253.1151573254313,,,13.091836734693874,11.945015429492075,4.493504169773869,,
1778679000,430.52,432.49,428.75,430.5,468.1244098513032,431.9491524985326,468.1244098513032,431.9491524985326,0,0,0,0,0,438.68199999999996,396.89000000000004,455.95199999999994,379.62000000000006,421.412,454.0948175327423,437.2551824672576,,,,,4180266,0.74,0.68,0.4441304864553165,0.003990535719244851,0.3818999233397876,-40.47917431738508,-3.0315376081403116,-3.0315376081403116,30.601752163590824,30.601752163590824,110.97299874311966,-253.1151573254313,,,12.5,11.966779530296307,4.509501164439656,,
1778765400,430.3,431.54,427.1,427.21,468.0436997417102,431.78365632211955,468.0436997417102,431.78365632211955,0,0,0,0,0,438.68199999999996,396.89000000000004,455.95199999999994,379.62000000000006,421.412,453.88053861992887,437.4694613800711,,,,,4021406,0.73,0.68,0.11859188819314645,-0.19801735382444513,0.21293684645298755,-44.36687150153434,0.9970137395409155,0.9970137395409155,9.05411643490337,9.05411643490337,110.97299874311966,-253.1151573254313,,,12.836734693877547,12.000895419064198,4.526138993669302,,
1778851800,417.64,419.2484,414.12,417.29,467.9374761658027,431.12072078007566,467.9374761658027,431.12072078007566,0,0,0,0,0,438.68199999999996,396.89000000000004,455.95199999999994,379.62000000000006,421.412,453.847311582219,437.5026884177809,,,,,9360392,0.73,0.67,-0.1958547501465503,-0.22930513857109733,0.04665790391605672,-74.95008935017573,-33.84651768007142,-33.84651768007142,-10.617496733663199,-10.617496733663199,110.97299874311966,-253.1151573254313,,,15.485714285714286,12.137554982462241,4.548036247000061,,
1779111000,419.82,420.9299,416.06,418.43,467.83530218744943,430.55910035732757,467.83530218744943,430.55910035732757,0,0,0,0,0,438.68199999999996,396.89000000000004,455.95199999999994,379.62000000000006,421.412,453.67152693621136,437.67847306378854,,,,,5628254,0.73,0.67,0.12685463965877938,-0.17603123713723226,0.1059758803158794,-70.37909993366077,-66.64213332014819,-66.64213332014819,-29.29237559582486,-29.29237559582486,110.97299874311966,-253.1151573254313,,,15.089795918367347,12.25332913681146,4.56909870388591,,
1779197400,412.45,414.47,409.8808,411.5,467.7211097595025,429.7796059119422,467.7211097595025,429.7796059119422,0,0,0,0,0,438.68199999999996,396.89000000000004,455.95199999999994,379.62000000000006,421.412,453.60724299069665,437.7427570093032,,,,,5419418,0.75,0.67,-0.2286235486532336,-0.38357086292474196,0.0001144217192453557,-76.54986394099257,-97.7458104127534,-97.7458104127534,-52.11018720146771,-52.11018720146771,110.97299874311966,-253.1151573254313,,,16.35085714285714,12.414016509597566,4.592638680786951,,
1779283800,412.14,417.99,410.08,417.4,467.60753951023275,429.0384135232386,467.60753951023275,429.0384135232386,0,0,0,0,0,438.68199999999996,396.89000000000004,455.95199999999994,379.62000000000006,421.412,453.6532020959687,437.6967979040312,,,,,6004981,0.74,0.67,-0.44365327363559265,-0.32092084976498586,0.03322570677458497,-60.78300183958551,-110.84780337529591,-110.84780337529591,-71.68939259274377,-71.68939259274377,110.97299874311966,-253.1151573254313,,,16.310204081632655,12.566808179089138,4.61605039986956,,
1779370200,413.14,418.42,411.95,416.99,467.4978950756469,428.39888750271945,467.4978950756469,428.39888750271945,0,0,0,0,0,438.68199999999996,396.89000000000004,455.95199999999994,379.62000000000006,421.412,453.56388966674314,437.78611033325683,,,,,4679936,0.74,0.67,-0.4804305224866953,-0.38939190005909535,-0.05840253094488134,-56.26893458620882,-118.63600140542015,-118.63600140542015,-87.33826219696923,-87.33826219696923,110.97299874311966,-253.1151573254313,,,15.92857142857143,12.698642032010012,4.638652839487346,,
1779456600,415.17,415.68,412,413.82,467.3885686119593,427.7863821104559,467.3885686119593,427.7863821104559,0,0,0,0,0,438.68199999999996,396.89000000000004,455.95199999999994,379.62000000000006,421.412,453.40276667668724,437.9472333233127,,,,,5528437,0.73,0.67,-0.6617528302092373,-0.4429793209328288,-0.08884043871898259,-54.752467838173565,-133.31490266234852,-133.31490266234852,-102.66380901876232,-102.66380901876232,110.97299874311966,-253.1151573254313,,,15.918367346938775,12.824905769850355,4.661189731610126,,
1779802200,415.16,415.98,411.5,414,467.2784715717755,427.17848477279097,467.2784715717755,427.17848477279097,0,0,0,0,0,438.68199999999996,396.89000000000004,455.95199999999994,379.62000000000006,421.412,453.37643334541906,437.97356665458085,,,,,5098408,0.72,0.66,-0.683585267438299,-0.4075720734542669,-0.1344457158181044,-55.961131587360626,-148.39075602027626,-148.39075602027626,-117.90612468593363,-117.90612468593363,110.97299874311966,-253.1151573254313,,,16.020408163265305,12.95021958919996,4.683885472732314,,
1779888600,404.335,409.25,404.3,408.49,455.60017864352665,416.14161320299195,455.60017864352665,416.14161320299195,0,0,0,0,0,438.68199999999996,396.89000000000004,455.95199999999994,379.62000000000006,421.412,453.4017957307244,437.9482042692755,,,,,6624575,0.72,0.67,-0.8110594962159171,-0.6820902073587015,-0.16788148148942433,-73.3658895756542,-176.8064537303173,-176.8064537303173,-137.53956770072818,-137.53956770072818,110.97299874311966,-253.1151573254313,,,15.393629933453312,13.046039602700091,4.705283563562925,,
1779975000,406.48,414.51,405.4108,412.77,455.50134770118194,415.74920844993346,455.50134770118194,415.74920844993346,0,0,0,0,0,438.68199999999996,396.89000000000004,455.95199999999994,379.62000000000006,421.412,453.4108663825647,437.93913361743523,,,,,7184086,0.72,0.67,-0.591224180106016,-0.5210416756064794,-0.09677290926495123,-70.68072219046027,-177.4873231532318,-177.4873231532318,-150.85548618489605,-150.85548618489605,110.97299874311966,-253.1151573254313,,,15.161176913740428,13.128986163917359,4.726174459367475,,
1780061400,415.62,421.82,415.08,417.12,455.42184011336735,415.74758458915176,455.42184011336735,415.74758458915176,0,0,0,0,0,438.68199999999996,396.89000000000004,455.95199999999994,379.62000000000006,421.412,453.3961300244577,437.9538699755422,,,,,7705706,0.73,0.67,-0.34104248971254003,-0.43494902163610316,-0.22138061870471004,-47.30709914318134,-145.242690004744,-145.242690004744,-134.0170976444399,-134.0170976444399,110.97299874311966,-253.1151573254313,,,13.137739086761819,13.129329415793613,4.742980782299332,,
1780320600,409.86,412.61,408.24,411.26,455.3289617115425,415.48047146800855,455.3289617115425,415.48047146800855,0,0,0,0,0,426.42,387.74,442.98,371.18,409.86,447.86140245245934,432.6485975475406,,,,,6158855,0.72,0.67,-0.2084500108261617,-0.6475139227069973,-0.35054987016011413,-60.22253768789286,-134.95007183115519,-134.95007183115519,-114.3648354839776,-114.3648354839776,110.97299874311966,-232.475569202079,,,14.569120662955678,13.185791817643105,4.7626134294135305,,
1780407000,414.08,414.3999,411.1,411.95,455.24192602380714,415.33486866534156,455.24192602380714,415.33486866534156,0,0,0,0,0,426.42,387.74,442.98,371.18,409.86,447.47706572192,433.03293427808,,,,,3823879,0.73,0.68,-0.2236151249314331,-0.568356606998224,-0.4244342719142665,-48.85638906255226,-122.0055360100758,-122.0055360100758,-96.11646436791705,-96.11646436791705,110.97299874311969,-201.4920983934369,,,13.97061900975181,13.216569354588545,4.78101104296066,,
1780493400,408.38,409.38,406.225,407.87,455.1454213764069,415.0057110706223,455.1454213764069,415.0057110706223,0,0,0,0,0,426.42,387.74,442.98,371.18,409.86,447.46884159691405,433.0411584030859,,,,,5038037,0.74,0.68,-0.1272763010842522,-0.42080018541867653,-0.5264070920669559,-58.969972785692086,-114.70202679087882,-114.70202679087882,-100.09500835248484,-100.09500835248484,110.97299874311969,-201.4920983934369,,,14.9907922822584,13.286146724301089,4.80141020627594,,
1780579800,413.37,414.37,409.01,411.27,453.5146738930089,413.445206280344,453.5146738930089,413.445206280344,0,0,0,0,0,426.42,387.74,442.98,371.18,409.86,447.47105715365893,433.03894284634106,,,,,4646545,0.73,0.67,-0.21185726131110966,-0.4590459783454098,-0.5528745145325534,-53.82056568856237,-106.22975233663277,-106.22975233663277,-89.28520342814069,-89.28520342814069,110.97299874311969,-201.4920983934369,,,14.116831849487657,13.318722611563308,4.820022437331308,,
1780666200,404.38,404.719,395.92,396.24,444.50546886682275,404.9785970044838,444.50546886682275,404.9785970044838,0,0,0,0,0,426.42,387.74,442.98,371.18,409.86,445.9896129660522,431.24038703394785,,,,,11473872,0.73,0.68,-0.7106823993581141,-0.6657085602534333,-0.7985331843027829,-95.84049233016536,-111.79778260120257,-111.79778260120257,-108.0857624248227,-108.0857624248227,110.97299874311966,-257.3872984534372,,,15.198766278272785,13.392449814179365,4.84075918826226,,
1780925400,397.52,398.98,396.03,397.27,438.67085731902176,399.61936048519703,438.67085731902176,399.61936048519703,0,0,0,0,0,426.42,387.74,442.98,371.18,409.86,445.9955115162893,431.2344884837107,,,,,8057349,0.75,0.68,-0.5711308134362356,-0.6847168733154524,-0.9364336922026825,-101.38666757797559,-131.42101411616392,-131.42101411616392,-115.86417965526978,-115.86417965526978,110.97299874311966,-257.3872984534372,,,14.063449353354745,13.418763521598008,4.859186141639069,,
1781011800,397.57,400.48,388.75,390.78,438.18305072409106,398.87963009941626,438.18305072409106,398.87963009941626,0,0,0,0,0,426.42,387.74,442.98,371.18,409.86,440.38379580037844,425.8162041996216,,,,,9567301,0.75,0.69,-0.7998441087090726,-0.7490543352017301,-1.007658714780291,-131.79414652228067,-148.96512331158735,-148.96512331158735,-126.89782754070897,-126.89782754070897,110.97299874311966,-257.3872984534372,,,15.568055947701062,13.503049499092246,4.880582484907924,,
1781098200,380.75,384.21,374.55,374.58,436.95585877523916,396.99322856614367,436.95585877523916,396.99322856614367,0,0,0,0,0,426.42,387.74,442.98,371.18,409.86,432.22517028491427,417.34482971508567,,,,,13956163,0.81,0.7,-1.164738317471245,-0.9087366852916643,-0.7396684384472803,-189.551721012592,-170.9931477226226,-170.9931477226226,-141.59626760134685,-141.59626760134685,110.97299874311966,-257.3872984534372,,,18.4466653602456,13.696916787764927,4.907687545597909,,
1781184600,373.96,387.21,371.88,386.32,424.1608136275699,384.95853241869014,424.1608136275699,384.95853241869014,0,0,0,0,0,426.42,387.74,442.98,371.18,409.86,428.53521408124544,413.44678591875453,,,,,12622475,0.76,0.69,-0.8902254468475326,-0.5974199190106182,-0.4424535843067572,-196.98411614789137,-178.5170642192708,-178.5170642192708,-153.9031998073215,-153.9031998073215,110.97299874311966,-257.3872984534372,,,16.605745296346964,13.81098849398383,4.931060288356648,,
1781271000,385.73,388.77,383.35,386.54,424.0805238900523,384.919993892467,424.0805238900523,384.919993892467,0,0,0,0,0,426.42,387.74,442.98,371.18,409.86,424.80205194600177,409.8779480539983,,,,,7532577,0.76,0.69,-1.03346460088478,-0.7130976684014659,-0.7007675869054671,-152.99307111967946,-168.0665461651672,-168.0665461651672,-158.62431525993674,-158.62431525993674,110.97299874311966,-257.3872984534372,,,14.033592716345611,13.819718071331351,4.949247166334648,,
1781530200,399.49,401,396.15,396.55,424.0257132529093,385.3799078574683,424.0257132529093,385.3799078574683,0,0,0,0,0,426.42,387.74,442.98,371.18,409.86,424.64650803282416,409.44349196717576,,,,,10477124,0.73,0.69,-0.5018308030019644,-0.5097374225506933,-0.5915287987005761,-101.5601334121618,-147.63448361846156,-147.63448361846156,-125.65482033551123,-125.65482033551123,110.97299874311966,-257.3872984534372,,,11.163187047294425,13.715540384114217,4.9616626306322695,,
1781616600,397.83,398.96,395.82,397.63,423.97035938027614,385.80897421599894,423.97035938027614,385.80897421599894,0,0,0,0,0,426.42,387.74,442.98,371.18,409.86,418.46533220096774,403.4746677990324,,,,,6003963,0.73,0.69,-0.4894599832379972,-0.33481230553573804,-0.4700091959481391,-75.48157771788235,-125.63801974520942,-125.63801974520942,-81.64509199870514,-81.64509199870514,110.97299874311966,-257.3872984534372,,,11.237189693449649,13.6183501609509,4.974201146242295,,
1781703000,397.82,402.04,387.08,388.6,423.8978281927032,385.8818967957637,423.8978281927032,385.8818967957637,0,0,0,0,0,426.42,387.74,442.98,371.18,409.86,417.68940875827815,402.8905912417218,,,,,13343023,0.73,0.69,-0.6636691771157108,-0.575296721331081,-0.6873636667081547,-104.65933044916463,-102.96405144441617,-102.96405144441617,-57.61611484282966,-57.61611484282966,110.97299874311966,-257.3872984534372,,,13.19713856434867,13.601832059123362,4.990630591633116,,
1781789400,391.24,392.5,385.6,387.12,423.8225144500604,385.89450084298863,423.8225144500604,385.89450084298863,0,0,0,0,0,426.42,387.74,442.98,371.18,409.86,417.39160296642035,403.1883970335796,,,,,7627319,0.72,0.69,-0.8269375870965362,-0.8270953594689959,-0.8031889516508887,-106.42358793954486,-87.1367963404062,-87.1367963404062,-55.48228613238629,-55.48228613238629,110.97299874311966,-257.3872984534372,,,13.529029219832706,13.598977045817847,5.0076903291519965,,
1782135000,384.25,386.41,382.64,384.59,423.741496239371,385.791692966793,423.741496239371,385.791692966793,0,0,0,0,0,426.42,387.74,442.98,371.18,409.86,417.22898229784255,403.3510177021574,,,,,7835120,0.69,0.69,-0.41681043064480916,-0.8928471225210034,-0.7951833965514971,-116.32968291756553,-80.62178838877763,-80.62178838877763,-67.59177248552048,-67.59177248552048,110.97299874311966,-257.3872984534372,,,14.192810530800804,13.622264633464237,5.026042217666779,,
1782221400,377.722,380.35,377.17,377.32,423.64982012300857,385.48055206613446,423.64982012300857,385.48055206613446,0,0,0,0,0,426.42,387.74,442.98,371.18,409.86,417.2001074106353,403.3798925893646,,,,,7389590,0.66,0.69,-0.7221180684990621,-1.0804256564323396,-0.9256851674663692,-133.78856362453837,-90.27315580029376,-90.27315580029376,-83.838910859283,-83.838910859283,110.97299874311966,-257.3872984534372,,,15.419460453434395,13.692742900914046,5.046808288067913,,
1782307800,364.81,370.9,363.32,365.92,423.5309315713142,384.64390688707033,423.5309315713142,384.64390688707033,0,0,0,0,0,426.42,387.74,442.98,371.18,409.86,413.01041835860644,399.00958164139354,,,,,12741716,0.67,0.69,-0.9079330087546349,-1.3029598771149684,-0.9007940844351023,-180.17083161452234,-121.89590312616812,-121.89590312616812,-96.5245749482447,-96.5245749482447,110.97299874311966,-257.3872984534372,,,18.52532908752495,13.882256084702709,5.07373839955534,,
1782394200,368.99,371.0398,366.8,369.46,423.41916407566725,383.97517720522444,423.41916407566725,383.97517720522444,0,0,0,0,0,426.42,387.74,442.98,371.18,409.86,412.8486408151989,399.171359184801,,,,,9164674,0.68,0.69,-0.21850472547027286,-1.3530867694758157,-1.0730483197559968,-167.1194578326059,-139.86265731535744,-139.86265731535744,-110.97060240394894,-110.97060240394894,107.918859227403,-257.3872984534372,,,17.744937546251652,14.033733789077177,5.09905548076752,,
1782480600,372.27,375.85,371.18,373.63,423.3162836279636,383.50271927560783,423.3162836279636,383.50271927560783,0,0,0,0,0,426.42,387.74,442.98,371.18,409.86,412.61634390172844,399.4036560982715,,,,,5603324,0.67,0.69,-0.5342835933639789,-1.2405288066421518,-0.9020455007362086,-152.57289135194586,-137.3913176405106,-137.3913176405106,-119.77750748280283,-119.77750748280283,107.918859227403,-257.3872984534372,,,16.762720606373197,14.140752879951531,5.122359506992506,,
1782739800,370.575,371.19,366.97,368.58,423.2052812630726,382.8853420491134,423.2052812630726,382.8853420491134,0,0,0,0,0,426.42,387.74,442.98,371.18,409.86,412.38498309993605,399.63501690006393,,,,,5006269,0.71,0.69,-0.8003546762234344,-1.3648610921012463,-1.1238565488755285,-166.5548650696578,-143.47945073221157,-143.47945073221157,-127.67815523260575,-127.67815523260575,107.918859227403,-257.3872984534372,,,17.706814970959563,14.280598452147924,5.147503274153279,,
1782826200,369.22,372.83,368.255,368.38,423.09704243937017,382.3420639295403,423.09704243937017,382.3420639295403,0,0,0,0,0,426.42,387.74,442.98,371.18,409.86,412.3848315505627,399.6351684494373,,,,,5302053,0.66,0.69,-1.2236488031547066,-1.165646744546865,-1.1392105792178737,-148.42661573461217,-153.0309516401154,-153.0309516401154,-136.1290873684423,-136.1290873684423,76.71886651752436,-257.3872984534372,,,17.418653151839976,14.403659420763299,5.172021056126679,,
1782912600,371.205,377.78,370.21,370.6,422.9928869100208,381.89599083426424,422.9928869100208,381.89599083426424,0,0,0,0,0,396.74495,337.78004999999996,422.2849,312.2401,371.205,412.0735666863244,399.9464333136756,,,,,9058287,0.67,0.68,-1.1807618156517186,-1.1463370700271045,-1.2110665847501332,-125.2559722514303,-136.41153863518264,-136.41153863518264,-136.22323779068907,-136.22323779068907,68.59956418317637,-257.3872984534372,,,16.98024353598099,14.504701935085562,5.1956139082342805,,
1782999000,377.435,380.27,376.2862,378.13,422.90095834077,381.70331033095977,422.90095834077,381.70331033095977,0,0,0,0,0,396.74495,337.78004999999996,422.2849,312.2401,371.205,412.09867820599914,399.9213217940008,,,,,7607967,0.65,0.68,-0.472039768886742,-0.8202768280962546,-1.2516556573187914,-107.02213567754087,-119.6028639559334,-119.6028639559334,-86.36211628642208,-86.36211628642208,68.59956418317637,-257.3872984534372,,,15.617652994864665,14.548347074684742,5.216437163152623,,
1783344600,380.21,382.43,378.83,382.13,422.8142451372919,381.6169452199417,422.8142451372919,381.6169452199417,0,0,0,0,0,396.74495,337.78004999999996,422.2849,312.2401,371.205,412.06842201236697,399.951577987633,,,,,3906524,0.65,0.68,-0.2278925861067857,-0.8625169685311433,-1.1483253230725952,-97.50891392710454,-90.58801107629306,-90.58801107629306,-32.558305317012355,-32.558305317012355,68.59956418317637,-257.3872984534372,,,15.047204718229324,14.567910119529627,5.23607905636956,,
1783431000,382.39,383.5999,375.52,377.49,422.7211579342204,381.4054610936695,422.7211579342204,381.4054610936695,0,0,0,0,0,396.74495,337.78004999999996,422.2849,312.2401,371.205,412.09025916980124,399.92974083019874,,,,,4815434,0.66,0.68,-0.3261806983580731,-0.9662927593945351,-1.1933957470782866,-107.45818966997496,-59.782815293862896,-59.782815293862896,1.8275762709974188,1.8275762709974188,68.59956418317637,-257.3872984534372,,,15.789473684210531,14.615814573046524,5.2571647599216895,,
1783517400,373.17,375.47,368.95,374.45,422.615261115171,380.9471998743099,422.615261115171,380.9471998743099,0,0,0,0,0,396.74495,337.78004999999996,422.2849,312.2401,371.205,412.0679027710463,399.95209722895373,,,,,7728535,0.66,0.68,-0.13468363827020008,-0.9726040636305089,-1.2735911384408247,-89.16419821066147,-39.774709767660184,-39.774709767660184,0.24150128474523092,0.24150128474523092,68.59956418317637,-257.3872984534372,,,17.262799094028214,14.719617887594826,5.281152041308515,,
1783603800,378.505,379.65,377.41,378.18,422.52630994411174,380.835356741984,422.52630994411174,380.835356741984,0,0,0,0,0,396.74495,337.78004999999996,422.2849,312.2401,371.205,412.08408815045397,399.935911849546,,,,,4754582,0.65,0.69,0.6022297756085219,-0.8978887172884807,-1.3075436324724325,-62.862625098311426,-21.98724845733244,-21.98724845733244,13.587674163323051,13.587674163323051,68.59956418317637,-257.3872984534372,,,15.365640347139681,14.744952101694624,5.301300869092394,,
1783690200,375,377.55,373.7,377.01,422.4301980361315,380.58386432072973,422.4301980361315,380.58386432072973,0,0,0,0,0,396.74495,337.78004999999996,422.2849,312.2401,371.205,412.0624823134471,399.9575176865529,,,,,5455434,0.65,0.68,0.3715849028715106,-0.8090422499796318,-1.3976589467677982,-74.39676649864467,-9.383513307598731,-9.383513307598731,15.823956991868691,15.823956991868691,68.59956418317637,-257.3872984534372,,,16.197609490278747,14.801919058109688,5.32307171548837,,
1783949400,372.77,372.8912,365.77,367.13,422.3185924456497,380.0343637591325,422.3185924456497,380.0343637591325,0,0,0,0,0,396.74495,337.78004999999996,422.2849,312.2401,371.205,412.18542086683203,399.83457913316795,,,,,7161731,0.6,0.67,-0.31773895190740287,-1.165938719399203,-1.3136092789208889,-99.05060512523274,-17.089005812056925,-17.089005812056925,-11.952010809084795,-11.952010809084795,68.59956418317637,-257.3872984534372,,,17.975915502433125,14.926389506906686,5.348352122655093,,
1784035800,374.53,376.28,370.92,372.15,422.2173966565475,379.7063534156371,422.2173966565475,379.7063534156371,0,0,0,0,0,396.74495,337.78004999999996,422.2849,312.2401,371.205,412.240419368708,399.77958063129194,,,,,6303383,0.61,0.68,0.17795116563516755,-1.143577581902408,-1.2934882813185835,-83.03960021641443,-33.78717786280803,-33.78717786280803,-19.23039982699254,-19.23039982699254,68.59956418317637,-257.3872984534372,,,16.8210257215258,15.000688966303514,5.371274547428062,,
1784122200,372.11,374.49,369.5,372.35,418.4849762624503,376.19306197571814,418.4849762624503,376.19306197571814,0,0,0,0,0,396.74495,337.78004999999996,422.2849,312.2401,371.205,412.1124751029479,399.9075248970521,,,,,7683667,0.62,0.67,0.19805151264942622,-1.0038477104365007,-1.232439528925378,-87.45428506505948,-43.02249554530195,-43.02249554530195,-27.16109839976234,-27.16109839976234,68.59956418317637,-257.3872984534372,,,16.419733538419774,15.056337773053171,5.3933493905669065,,
1784208600,367.45,368.43,364.05,364.96,411.9252376721519,370.16077239174535,411.9252376721519,370.16077239174535,0,0,0,0,0,396.74495,337.78004999999996,422.2849,312.2401,371.205,412.163018111643,399.856981888357,,,,,9048047,0.6,0.67,-0.28045980111638863,-1.2136605716694226,-1.4082389448020756,-104.39796987147875,-71.84856792003372,-71.84856792003372,-42.05692157318613,-42.05692157318613,68.59956418317637,-257.3872984534372,,,16.36033635068694,15.107474972176064,5.4152614524252884,,
1784295000,364.11,369.21,363.6,368.41,411.83011551896084,369.93158916069655,411.83011551896084,369.93158916069655,0,0,0,0,0,396.74495,337.78004999999996,422.2849,312.2401,371.205,412.1942836313763,399.82571636862366,,,,,6456632,0.6,0.67,-0.4796713466849152,-1.0423014380472335,-1.3705729770725206,-105.79698971788028,-93.34321589241009,-93.34321589241009,-59.15235301292745,-59.15235301292745,68.59956418317637,-257.3872984534372,,,16.463722832330095,15.16066116277034,5.437336300337186,,
1784554200,367.79,368.7893,366.8,367.6,411.1654901511345,369.3372759858719,411.1654901511345,369.3372759858719,0,0,0,0,0,396.74495,337.78004999999996,422.2849,312.2401,371.205,409.45912815810766,397.28087184189235,,,,,3922524,0.6,0.67,-0.711141748493045,-1.1465611673127627,-1.4384598680037355,-69.3496385957437,-101.95028770891962,-101.95028770891962,-73.41833124492484,-73.41833124492484,68.59956418317637,-257.3872984534372,,,15.610261129644535,15.17829253402031,5.457661824471667,,
1784640600,371.7,375.01,371.07,374.81,411.086649611372,369.4301592805436,411.086649611372,369.4301592805436,0,0,0,0,0,396.74495,337.78004999999996,422.2849,312.2401,371.205,407.944508810826,395.620491189174,,,,,6070621,0.61,0.67,-0.131678554229824,-0.579147166046247,-1.3167550967642556,-51.253075689828464,-72.55168043560076,-72.55168043560076,-70.81837881695257,-70.81837881695257,68.59956418317637,-257.3872984534372,,,14.627861497756815,15.156707003186447,5.4759839017409675,,
1784727000,379.068,382.22,378.83,379.12,411.0233160457149,369.8206706813066,411.0233160457149,369.8206706813066,0,0,0,0,0,396.74495,337.78004999999996,422.2849,312.2401,371.205,406.4038137942559,394.3361862057442,,,,,7115061,0.62,0.67,0.23103413802451947,-0.48863361759251295,-1.1607085960172885,-19.668783115529738,-56.092403875318624,-56.092403875318624,-23.173850754754348,-23.173850754754348,88.92075327406434,-257.3872984534372,,,12.842516967675142,15.065954452774239,5.490702249525052,,
1784813400,372.36,373.0852,370.53,371.52,410.943691438231,369.87363261537297,410.943691438231,369.87363261537297,0,0,0,0,0,396.74495,337.78004999999996,422.2849,312.2401,371.205,406.42206440648795,394.31793559351206,,,,,9820641,0.62,0.67,-0.32581327510490965,-0.5264491522391717,-1.1952820442988612,-39.86574188933061,-39.35976384140064,-39.35976384140064,-5.8944837735646765,-5.8944837735646765,88.92075327406434,-257.3872984534372,,,14.752099390314047,15.053646411109133,5.509206539516638,,
1784899800,371.26,374.49,371.03,371.9,410.8652149318609,369.94392937555443,410.8652149318609,369.94392937555443,0,0,0,0,0,396.74495,337.78004999999996,422.2849,312.2401,371.205,406.41331309692004,394.32668690308,,,,,3852356,0.62,0.66,-0.25173950162256525,-0.07672076402160911,-1.190389080072216,-38.14739094582498,-26.259913170197372,-26.259913170197372,-0.06021182779083034,-0.06021182779083034,88.92075327406434,-257.3872984534372,,,14.63706430461291,15.037309857913202,5.5274440175687785,,
1785159000,373.89,375.53,372.91,374.63,410.79061390302604,370.0844576353366,410.79061390302604,370.0844576353366,0,0,0,0,0,396.74495,337.78004999999996,422.2849,312.2401,371.205,406.4212165928471,394.31878340715286,,,,,3699961,0.64,0.66,0.3910088154264191,-0.334388898831975,-1.1757946558408725,-31.686391398243646,-13.825892711046313,-13.825892711046313,11.042148207255806,11.042148207255806,88.92075327406434,-257.3872984534372,,,14.204532382376614,15.004651917696082,5.5447808574585045,,
1785245400,369.605,371.23,367.98,369.37,410.70641027884415,370.02807498297045,410.70641027884415,370.02807498297045,0,0,0,0,0,396.74495,337.78004999999996,422.2849,312.2401,371.205,406.4441641459998,394.29583585400013,,,,,4819262,0.66,0.66,-0.14287446717879793,-0.49050459107291217,-1.0804356856035238,-48.629331701209146,-9.69584476328484,-9.69584476328484,-1.4357488677618946,-1.4357488677618946,88.92075327406434,-257.3872984534372,,,15.338778327389846,15.017754914154661,5.564349283971854,,
1785331800,368.29,377.62,366.526,371.08,410.61949884971557,369.9174540032461,410.61949884971557,369.9174540032461,0,0,0,0,0,396.74495,337.78004999999996,422.2849,312.2401,371.205,406.39666304638564,394.3433369536144,,,,,11839935,0.65,0.66,-0.06529340771621862,-0.7098839153710694,-0.827997464821002,-53.62629624492354,-11.206444308228836,-11.206444308228836,-10.19937794493284,-10.19937794493284,88.92075327406434,-257.3872984534372,,,15.673300356608758,15.043462578564625,5.584546988412687,,
1785418200,374.16,377.86,373.755,377.16,410.5470601906752,370.0918263952757,410.5470601906752,370.0918263952757,0,0,0,0,0,396.74495,337.78004999999996,422.2849,312.2401,371.205,406.4486885744345,394.29131142556554,,,,,5968409,0.68,0.66,0.6396924989665822,-0.5687674937363156,-0.5589004069077453,-29.338829985500283,-2.1268160024702887,-2.1268160024702887,14.018307882454813,14.018307882454813,95.61595044521624,-257.3872984534372,,,14.010123087541695,15.002939461269609,5.601381306293065,,
1785504600,370.84,372.01,368.815,371.54,410.4649948356489,370.0675724189904,410.4649948356489,370.0675724189904,0,0,0,0,0,396.74495,337.78004999999996,422.2849,312.2401,371.205,406.4264981502918,394.31350184970825,,,,,6825924,0.7,0.67,0.16210287646614216,-0.48360791152315075,-0.5115823324370533,-46.64436074709686,1.6852534825483119,1.6852534825483119,9.309392452585513,9.309392452585513,95.61595044521624,-257.3872984534372,,,15.146669734268947,15.0085759425637,5.620452811643665,,
1785763800,370.1,372.035,368.6428,371.71,410.38275283198124,370.03758416726527,410.38275283198124,370.03758416726527,0,0,0,0,0,393.59984999999995,360.10005,403.59979999999996,350.10010000000005,370.1,406.4276564250855,394.31234357491456,,,,,4968937,0.68,0.68,0.21401753888200858,-0.43992581637159056,-0.5118629688691217,-47.24760212303744,-3.6210042603291726,-3.6210042603291726,-0.08349909841084946,-0.08349909841084946,95.61595044521624,-257.3872984534372,,,15.186287817784413,15.01554503570961,5.639565369098492,,
1785850200,374.14,376.69,373.71,374.16,410.3106981809683,370.20549851364706,410.3106981809683,370.20549851364706,0,0,0,0,0,393.59984999999995,360.10005,403.59979999999996,350.10010000000005,370.1,406.37137985935186,394.3686201406481,,,,,5723063,0.66,0.67,-0.03314844038549267,-0.299286140746832,-0.644815010270295,-29.496471460049296,2.7041740618934154,2.7041740618934154,8.279520382501946,8.279520382501946,95.61595044521624,-257.3872984534372,,,14.020476245254804,14.976522730201578,5.656310445774129,,
1785936600,384.96,391.51,384.32,389.64,410.2597743084788,370.7787456307589,410.2597743084788,370.7787456307589,0,0,0,0,0,393.59984999999995,360.10005,403.59979999999996,350.10010000000005,370.1,406.71325122755763,394.0267487724423,,,,,14758685,0.7,0.67,0.5158482491165162,0.3504476655769191,-0.17013749723000218,-28.1431814982659,17.955972046388766,17.955972046388766,48.459568015379475,48.459568015379475,286.15667803583744,-257.3872984534372,,,11.579431726676633,14.843303475161385,5.668144853927781,,
1786023000,389.5,392.12,387.27,389.67,408.5945138736988,370.03365828851696,408.5945138736988,370.03365828851696,0,0,0,0,0,393.59984999999995,360.10005,403.59979999999996,350.10010000000005,370.1,406.51469917404444,394.2253008259555,,,,,10954325,0.69,0.68,0.9101719540669894,0.6981453618250716,-0.37483020227508834,-12.69519464877973,38.98477356343369,38.98477356343369,81.04237659752356,81.04237659752356,286.15667803583744,-257.3872984534372,,,10.546739657681387,14.67481077643668,5.677892296093122,,
1786109400,399.595,400.66,396.95,398.47,406.28309372800925,369.10683961484153,406.28309372800925,369.10683961484153,0,0,0,0,0,393.59984999999995,360.10005,403.59979999999996,350.10010000000005,370.1,406.0090599771486,393.5109400228514,,,,,13324498,0.68,0.67,1.3179491929721692,0.8362824213096928,-0.23894570630407636,-7.86272437716022,62.841936702010315,62.841936702010315,110.55626297916356,110.55626297916356,286.15667803583744,-257.3872984534372,,,7.793263646922186,14.404946183122386,5.6821188122785955,,
1786368600,397.714,403.24,395.93,402.54,403.1643091446794,367.4607986810123,403.1643091446794,367.4607986810123,0,0,0,0,0,393.59984999999995,360.10005,403.59979999999996,350.10010000000005,370.1,405.9466615281134,393.41333847188656,,,,,11056999,0.71,0.68,1.3713128408651938,0.8222899511038828,-0.39569424886240706,-33.84679188921338,86.1930720837745,86.1930720837745,132.89534284730289,132.89534284730289,286.15667803583744,-257.3872984534372,,,7.321925984878624,14.127180685152043,5.685395150285788,,
1786455000,403.44,404.03,399.89,400.96,394.88887848838226,361.4839237754084,394.88887848838226,361.4839237754084,0,0,0,0,0,393.59984999999995,360.10005,403.59979999999996,350.10010000000005,370.1,404.3919990998291,391.9080009001708,,,,,7439138,0.69,0.68,1.5995841528706147,0.9486445975182602,-0.5248770283467998,-13.569440016099305,108.490914140438,108.490914140438,153.086598253765,153.086598253765,286.15667803583744,-257.3872984534372,,,4.43084864851947,13.746932369989981,5.682888563868673,,
1786541400,405.31,407.36,403.22,404.92,394.90582798191195,363.12659735284336,394.90582798191195,363.12659735284336,0,0,0,0,0,393.59984999999995,360.10005,403.59979999999996,350.10010000000005,370.1,404.16591329121223,391.64408670878777,,,,,10383089,0.7,0.68,1.7533760210219527,1.101093321639643,-0.36551704403817237,-8.653758816497517,130.11366117482424,130.11366117482424,173.35915524359677,173.35915524359677,286.15667803583744,-257.3872984534372,,,3.635016609707712,13.35038665390048,5.678796911612607,,
1786627800,402.17,402.58,398.28,398.96,393.94280053880686,363.6538476672962,393.94280053880686,363.6538476672962,0,0,0,0,0,393.59984999999995,360.10005,403.59979999999996,350.10010000000005,370.1,403.7168910893084,391.1431089106917,,,,,8695240,0.71,0.67,1.1261555885662373,0.8608108135668252,-0.43570078959982667,-33.80056384796722,143.7915121084011,143.7915121084011,171.14721397555476,171.14721397555476,286.15667803583744,-257.3872984534372,,,4.580737901293724,13.006478859680607,5.676602987516065,,
1786714200,402.18,403.33,400.935,401.48,393.9570999383297,365.1223105038728,393.9570999383297,365.1223105038728,0,0,0,0,0,393.59984999999995,360.10005,403.59979999999996,350.10010000000005,370.1,398.78226320468013,386.35773679531985,,,,,6749803,0.7,0.67,1.5841264291042856,0.7008559154430823,-0.4602587783175948,-20.285428755142917,154.2651306904159,154.2651306904159,175.21236785444552,175.21236785444552,286.15667803583744,-257.3872984534372,,,3.944657402970766,12.651113312358653,5.673142556777713,,
1786973400,402.335,406.23,402.18,405.49,393.7100817818258,366.3460860805639,393.7100817818258,366.3460860805639,0,0,0,0,0,393.59984999999995,360.10005,403.59979999999996,350.10010000000005,370.1,398.7020021789345,386.43799782106544,,,,,9604102,0.69,0.67,1.7831284206366513,0.6925135869818577,-0.43710202006254545,-16.825692177976716,167.16475506656332,167.16475506656332,192.96400381885815,192.96400381885815,286.15667803583744,-257.3872984534372,,,3.5817031070195617,12.295450167051238,5.668963856578396,,
1787059800,402.55,404.32,397.87,398.55,393.71877792212183,367.589867018581,393.71877792212183,367.589867018581,0,0,0,0,0,393.59984999999995,360.10005,403.59979999999996,350.10010000000005,370.1,398.75483718831526,386.3851628116847,,,,,10660892,0.68,0.67,1.294558395079347,0.6396751655049742,-0.5949989157123101,-38.1774099673321,167.65702953091957,167.65702953091957,168.64157845963206,168.64157845963206,286.1566780358375,-249.56748131351253,,,4.614978902953586,11.994255215517997,5.66685799253519,,
1787146200,408.81,414,407.47,413.84,393.74644569850125,369.15757811589157,393.74644569850125,369.15757811589157,0,0,0,0,0,393.59984999999995,360.10005,403.59979999999996,350.10010000000005,370.1,398.9830802454528,386.15691975454723,,,,,17480673,0.68,0.67,1.2322850384599056,1.205010587764968,-0.3523684087321237,-31.27077217955331,170.07746198077928,170.07746198077928,174.91832688049865,174.91832688049865,286.1566780358375,-249.56748131351253,,,2.3134829305715328,11.614617086696567,5.660157942461336,,
1787232600,410.08,416.45,409.82,415.26,393.77870654625644,370.75504564075857,393.77870654625644,370.75504564075857,0,0,0,0,0,393.59984999999995,360.10005,403.59979999999996,350.10010000000005,370.1,398.94657957279054,386.19342042720945,,,,,13900940,0.69,0.68,1.3349101028383312,1.1506924037547808,-0.3128275430885127,-26.614017535494295,174.34997156333654,174.34997156333654,182.89499072845103,182.89499072845103,286.1566780358375,-249.56748131351253,,,1.7500958956655186,11.22777311842084,5.652345630679527,,
1787319000,420.53,424.89,419.42,423.36,399.70906744788516,377.99390779806185,399.70906744788516,377.99390779806185,0,0,0,1,1,393.59984999999995,360.10005,403.59979999999996,350.10010000000005,370.1,400.57717674026424,387.63282325973586,,,,,14528985,0.69,0.68,1.2600944082197845,1.4318913280219279,-0.3282951389602901,-16.082544846414457,180.89080225884138,180.89080225884138,193.97246364985108,193.97246364985108,286.15667803583744,-169.5422061730232,,,0.9306500377928943,10.82396437016092,5.642911673450982,,
1787578200,428.55,429.42,424.2,426.69,402.8957386025652,382.6634594915464,402.8957386025652,382.6634594915464,0,0,0,1,1,393.59984999999995,360.10005,403.59979999999996,350.10010000000005,370.1,402.87782385800284,389.86217614199717,,,,,18942968,0.7,0.68,1.2453022428485565,1.944199669116297,-0.2163081527695563,-11.02559356658744,187.0574788304617,187.0574788304617,199.39083197370235,199.39083197370235,286.15667803583744,-169.5422061730232,,,0.5835618364620706,10.422379957074691,5.632803082368087,,
1787664600,422.775,428.1399,422.33,428.07,404.23512413946753,385.4103368214131,404.23512413946753,385.4103368214131,0,0,0,1,0,393.59984999999995,360.10005,403.59979999999996,350.10010000000005,370.1,402.8792408977783,389.8607591022217,,,,,12450559,0.71,0.69,1.4125078671470401,1.8123869196962032,-0.1900432845660423,-25.33449177713217,191.95021925748384,191.95021925748384,201.73570011152816,201.73570011152816,286.15667803583744,-169.5422061730232,221.73570011152816,,1.340902188894342,10.066243574008794,5.6242278558077,,
1787751000,423,424.95,420.31,421.32,404.26739681850955,386.7819942009656,404.26739681850955,386.7819942009656,0,0,0,0,0,393.59984999999995,360.10005,403.59979999999996,350.10010000000005,370.1,402.8937162195519,389.8462837804481,,,,,9816476,0.7,0.68,0.8483485896024096,1.5904420176358383,-0.3853216317124722,-34.25011431891029,185.01875509018038,185.01875509018038,189.63973120171602,189.63973120171602,286.15667803583744,-169.5422061730232,,,1.8127876281916488,9.742578634957141,5.616612590617658,,
1787837400,420.815,423.35,418.43,422.6,404.2958863353557,388.0268728597512,404.2958863353557,388.0268728597512,0,0,0,0,0,393.59984999999995,360.10005,403.59979999999996,350.10010000000005,370.1,402.8759067551832,389.86409324481673,,,,,7088987,0.7,0.68,1.2413220101398401,1.9102245218694727,-0.3078550145548784,-42.54782242709989,161.82482365506752,161.82482365506752,180.3680953528332,180.3680953528332,286.15667803583744,-169.5422061730232,,,2.2519681360525117,9.448829203627549,5.60989002427487,,
1787923800,422.24,424.79,407.62,408.89,404.3029365125078,388.80325039466294,404.3029365125078,388.80325039466294,0,0,0,0,0,393.59984999999995,360.10005,403.59979999999996,350.10010000000005,370.1,403.0611433496249,389.67885665037505,,,,,25044424,0.72,0.67,0.3789181385170828,1.3023855499617485,-0.3294476685860573,-90.25964404919019,108.56720201700342,108.56720201700342,156.43446424088995,156.43446424088995,286.15667803583744,-169.5422061730232,,,4.7772560562524795,9.265630256671663,5.608226419943157,,
1788183000,407.76,408.8,404.9,408.42,404.3045923836117,389.443581751735,404.3045923836117,389.443581751735,0,0,0,0,0,393.59984999999995,360.10005,403.59979999999996,350.10010000000005,370.1,403.0250221832478,389.7149778167522,,,,,9490022,0.74,0.67,0.14848864917771962,1.3174758244501692,-0.4223945280440872,-102.26483875891144,49.99517172906028,49.99517172906028,120.95470007028007,120.95470007028007,286.15667803583744,-169.5422061730232,,,5.412666152732033,9.114533625144619,5.607835690138539,,
1788269400,398.285,401.25,396.45,396.75,404.28953066056755,389.7307432516669,404.28953066056755,389.7307432516669,0,0,0,0,0,459.8086,367.8964,490.1972,337.50780000000003,398.285,403.1761778206101,389.56382217938994,,,,,13143009,0.75,0.67,-0.09145625869435184,0.6843662219199778,-0.5369729342560415,-139.56038850050834,-9.210984112480702,-9.210984112480702,77.56613867602648,77.56613867602648,286.15667803583744,-169.5422061730232,,,7.386642371574744,9.046773183828153,5.6113897494421074,,
1788355800,399.71,403.33,399.58,402.78,404.2806902396673,390.12816116336626,404.2806902396673,390.12816116336626,0,0,0,0,0,459.8086,367.8964,490.1972,337.50780000000003,398.285,403.2033092632246,389.5366907367755,,,,,13714094,0.72,0.67,-0.5383860385810348,0.725852780687098,-0.47226281969986983,-125.74558723527777,-46.944095812147886,-46.944095812147886,36.06272717996836,36.06272717996836,286.15667803583744,-169.5422061730232,,,6.6554535473170295,8.952995943180659,5.613475790996303,,
1788442200,410.71,413.54,408.54,410.22,404.2895905588688,390.85785288244995,404.2895905588688,390.85785288244995,0,0,0,0,0,459.8086,367.8964,490.1972,337.50780000000003,398.285,403.2521270062313,389.48787299376863,,,,,12509474,0.7,0.66,-0.24277838331463109,1.2030057907850031,-0.30508815087624447,-84.65108448243247,-48.07479031603568,-48.07479031603568,8.016888014633679,8.016888014633679,286.15667803583744,-132.41158979174452,,,4.562337935384393,8.780813276208256,5.611375615460616,,
1788528600,404.66,408,403.96,406.77,404.2894137545553,391.38111747529507,404.2894137545553,391.38111747529507,0,0,0,0,0,459.8086,367.8964,490.1972,337.50780000000003,398.285,403.0076221362163,389.7323778637837,,,,,9819435,0.72,0.66,-0.7912852602092708,1.0931044292263137,-0.24153569077183207,-102.09500845196433,-48.82560357119423,-48.82560357119423,-10.93060918064229,-10.93060918064229,286.15667803583744,-121.3864943877914,,,5.6322564066624645,8.657340457794696,5.611417335323157,,