time,open,high,low,close,Trend,Trade,Trend,Trade,Buy,Buy,Mega Buy,Sell,Mega Sell,Up Target 1,Down Target 1,Up Target 2,Down Target 2,Period Open,Bullish Trend,Bearish Trend,Range High,Range Low,LT Range High,LT Range Low,Volume,Hurst Exponent 64,Hurst Exponent 256,Period 1,Period 2,Period 3,Vixfix,PlotCandle (Open),PlotCandle (High,PlotCandle (Low),PlotCandle (Close),Plot,Plot,Plot,Plot,Volatility,Trade,Trend,52-weeks high,52-weeks low
1533821400,37.795,37.865,37.355,37.415,36.9627341339737,37.59754306551346,36.9627341339737,37.59754306551346,0,0,0,0,0,40.004999999999995,37.22,41.01,36.215,38.225,38.55806731726392,37.720282682736084,,,,,30464934,0.6,0.67,-0.7326814843898227,-0.14966572105683018,0.9626014724550312,-102.71833920800862,-60.49149010258405,-60.49149010258405,-25.237903821573664,-25.237903821573664,209.85426786952843,-167.01695390220652,,,5.3225193258142225,4.755339312492648,6.380535467528671,,
1533907800,37.33,37.645,37.255,37.645,36.96336203780192,37.58497274921882,36.96336203780192,37.58497274921882,0,0,0,0,0,40.004999999999995,37.22,41.01,36.215,38.225,38.55913175606169,37.71921824393832,,,,,33955456,0.59,0.68,-0.463371442517036,-0.03648890407431587,1.0369254030125392,-110.77467953804799,-83.19493539908015,-83.19493539908015,-44.55691434740916,-44.55691434740916,209.85426786952843,-167.01695390220652,,,5.575972627043456,4.787521011102483,6.378927949365863,,
1534167000,37.575,37.705,37.145,37.165,36.96377110465946,37.56862479826906,36.96377110465946,37.56862479826906,0,0,0,0,0,40.004999999999995,37.22,41.01,36.215,38.225,38.56185170887332,37.716498291126676,,,,,19634288,0.59,0.68,-1.0208191292456428,-0.3294811241463239,0.7508716684280908,-119.63665390109179,-106.31560033436385,-106.31560033436385,-65.1431430097274,-65.1431430097274,209.85426786952843,-167.01695390220652,,,5.854771258395629,4.829373961976724,6.377880683250039,,
1534253400,37.45,37.505,37.1005,37.255,36.96409133222258,37.551190296376156,36.96409133222258,37.551190296376156,0,0,0,0,0,40.004999999999995,37.22,41.01,36.215,38.225,38.562079981710355,37.71627001828965,,,,,20875748,0.59,0.68,-0.9264147036094555,-0.06548100186295042,0.9700321321536758,-123.22172534796005,-128.3176803651275,-128.3176803651275,-86.2013221281941,-86.2013221281941,209.85426786952843,-167.01695390220652,,,5.96755797744266,4.874008629249898,6.37706085766401,,
1534339800,36.9,36.96,35.85,35.955,36.471054415508746,37.005612252060935,36.471054415508746,37.005612252060935,0,0,0,0,0,40.004999999999995,37.22,41.01,36.215,38.225,38.22886543209687,37.32948456790314,,,,,52750956,0.66,0.67,-1.4256252155080156,-0.6787705970659751,0.5469563527735946,-253.9994569106005,-161.5660458107104,-161.5660458107104,-111.32289668903286,-111.32289668903286,209.85426786952843,-265.12471655329455,,,7.911636270228612,4.993131281837299,6.380126942404399,,
1534426200,36.13,36.42,36.11,36.215,36.46571444711349,36.96702767040999,36.46571444711349,36.96702767040999,0,0,0,0,0,40.004999999999995,37.22,41.01,36.215,38.225,38.224005360704965,37.33434463929504,,,,,50027468,0.65,0.67,-1.1178447632546002,-0.5638118488321591,0.3174428887755447,-230.24411201968124,-178.74675594128632,-178.74675594128632,-133.797516439784,-133.797516439784,209.85426786952843,-265.12471655329455,,,7.231856133590233,5.0809244132785905,6.3818286990301445,,
1534512600,36.31,36.4,36.1725,36.305,36.24079125317711,36.7178656351761,36.24079125317711,36.7178656351761,0,0,0,0,0,40.004999999999995,37.22,41.01,36.215,38.225,38.223268861485444,37.33508113851455,,,,,23065968,0.66,0.67,-0.9267548162927646,-0.6190061377067205,0.24646324996806132,-224.53369257474864,-180.16327725586123,-180.16327725586123,-149.25277004514308,-149.25277004514308,209.85426786952843,-265.12471655329455,,,6.4947654129507635,5.136369158363774,6.382054346810206,,
1534771800,36.315,36.6775,36.3,36.55,36.240957204719216,36.70241404163979,36.240957204719216,36.70241404163979,0,0,0,0,0,40.004999999999995,37.22,41.01,36.215,38.225,38.22156123742447,37.33678876257554,,,,,16691484,0.65,0.66,-0.8612725141251503,-0.7475961905804615,0.3133095951057298,-212.88443690708644,-164.15560661037176,-164.15560661037176,-154.22038223355264,-154.22038223355264,209.85426786952843,-265.12471655329455,,,6.1651803024428204,5.176714693425697,6.381621032036245,,
1534858200,36.855,37.03,36.69495,36.735,36.241904044470026,36.70290174588921,36.241904044470026,36.70290174588921,0,0,0,0,0,40.004999999999995,37.22,41.01,36.215,38.225,37.86032308885358,36.98967691114642,,,,,19018278,0.65,0.66,-0.9351657675915381,-0.7933228806496172,0.26212324150598704,-176.7991543506685,-144.34513398923505,-144.34513398923505,-124.59463750059987,-124.59463750059987,209.85426786952843,-265.12471655329455,,,5.144241954245841,5.175441252673545,6.379148746166534,,
1534944600,36.965,37.2925,36.94,37.175,36.243333706718836,36.712884030364144,36.243333706718836,36.712884030364144,0,0,0,0,0,40.004999999999995,37.22,41.01,36.215,38.225,37.86443079302722,36.98556920697278,,,,,18690766,0.61,0.67,-0.43114904368737667,-0.2903457054893209,0.2818121968819778,-154.40974179097697,-120.06322068688691,-120.06322068688691,-71.4993940821906,-71.4993940821906,209.85426786952843,-265.12471655329455,,,4.510792296755859,5.149376587735597,6.375415766247631,,
1535031000,37,37.065,36.86,37,36.244602270741375,36.71936897034986,36.244602270741375,36.71936897034986,0,0,0,0,0,40.004999999999995,37.22,41.01,36.215,38.225,37.858381295393194,36.9916187046068,,,,,12937788,0.61,0.67,-0.3105716117257772,-0.3963682755213276,0.20362763650345544,-161.7190786804905,-90.73037206358377,-90.73037206358377,-32.06467481697749,-32.06467481697749,209.85426786952843,-265.12471655329455,,,4.717590797466725,5.132443811646622,6.372103428647669,,
1535117400,37.23,37.49,37.195,37.27,36.2465309375331,36.73860548131653,36.2465309375331,36.73860548131653,0,0,0,0,0,40.004999999999995,37.22,41.01,36.215,38.225,37.842120431596214,37.00787956840378,,,,,15506568,0.62,0.67,-0.2785549883593528,-0.3641312840182969,0.12417954789501691,-131.11123045565185,-56.311836989603194,-56.311836989603194,12.525233158357963,12.525233158357963,209.85426786952843,-265.12471655329455,,,3.8516220757399555,5.082215508277733,6.367067501868633,,
1535376600,37.395,37.5925,37.34,37.545,36.24874256403154,36.762717031068824,36.24874256403154,36.762717031068824,0,0,0,0,0,40.004999999999995,37.22,41.01,36.215,38.225,37.84326352555907,37.00673647444092,,,,,13969758,0.66,0.67,0.288709783690734,-0.0627181557515749,0.18402656852165888,-117.86305734340803,-17.414521509979856,-17.414521509979856,60.380109449266826,60.380109449266826,209.85426786952843,-265.12471655329455,,,3.4767997932014962,5.019258029255136,6.3612927412119555,,
1535463000,37.615,37.77,37.36,37.385,36.25098933213537,36.786659500438674,36.25098933213537,36.786659500438674,0,0,0,0,0,40.004999999999995,37.22,41.01,36.215,38.225,37.81922996409347,37.03077003590652,,,,,16786958,0.66,0.67,0.099882948945883,-0.068235342209706,0.1913483302402832,-116.03572312102997,20.71740062607826,20.71740062607826,96.9812448981945,96.9812448981945,209.85426786952843,-265.12471655329455,,,3.425100168023789,4.956742034697044,6.355426222584207,,
1535549400,37.505,37.77,37.39,37.615,36.25329095185138,36.81082775532343,36.25329095185138,36.81082775532343,0,0,0,0,0,40.004999999999995,37.22,41.01,36.215,38.225,37.81887444497342,37.03112555502658,,,,,15520892,0.65,0.67,1.3208856819287451,0.021985807514695227,0.1913792611714571,-107.09311149151948,55.22258930128604,55.22258930128604,124.23296665170162,124.23296665170162,209.85426786952843,-265.12471655329455,,,3.3475507302572103,4.893636493346462,6.349416481340796,,
1535635800,37.6,37.675,37.3125,37.51,36.25543467622331,36.831039411977414,36.25543467622331,36.831039411977414,0,0,0,0,0,40.004999999999995,37.22,41.01,36.215,38.225,37.81836900760397,37.03163099239602,,,,,18501082,0.66,0.66,1.068651375564837,-0.029847537757664255,0.2812651409849461,-67.50022020915216,83.75784603952586,83.75784603952586,140.8283595160055,140.8283595160055,209.85426786952843,-265.12471655329455,,,3.547886777820866,4.8408619946983995,6.343819019395702,,
1535722200,37.395,37.405,37.065,37.22,36.257084556990094,36.84084963111556,36.257084556990094,36.84084963111556,0,0,0,0,0,40.004999999999995,37.22,41.01,36.215,38.225,37.81795707468487,37.03204292531513,,,,,17819318,0.64,0.66,0.7540364577933827,-0.10379244616178555,0.12204930783821684,-90.46421265144129,92.21696512879609,92.21696512879609,109.13520330733657,109.13520330733657,209.85426786952843,-265.12471655329455,,,4.187669639395126,4.815246608215918,6.33951102862647,,
1536067800,37.39,37.42,36.99,37.14,36.25858278964346,36.84736337107181,36.25858278964346,36.84736337107181,0,0,0,0,0,38.59,34.650000000000006,39.79,33.45,37.39,37.817931277485634,37.03206872251436,,,,,30189486,0.65,0.67,0.48280132945641746,-0.06484781263659771,-0.04409602804821262,-97.42299824001327,66.25689536565831,66.25689536565831,83.5636085410835,83.5636085410835,209.85426786952843,-265.12471655329455,,,4.381543233811555,4.79823863274908,6.3355990050604065,,
1536154200,36.97,37.11,36.595,37.09,36.25929671014367,36.83828637612782,36.25929671014367,36.83828637612782,0,0,0,0,0,38.59,34.650000000000006,39.79,33.45,37.39,37.81723363718025,37.03276636281975,,,,,19196234,0.65,0.67,0.2904399542586319,-0.30337123743417443,0.04885570177794107,-134.07260233982817,18.66197114562806,18.66197114562806,61.92972940926502,61.92972940926502,209.85426786952843,-265.12471655329455,,,5.402610831071483,4.821939503271527,6.333734892824665,,
1536240600,36.95,37.075,36.30745,36.405,36.25944042400952,36.81840163588751,36.25944042400952,36.81840163588751,0,0,0,0,0,38.59,34.650000000000006,39.79,33.45,37.39,37.819461863747485,37.03053813625251,,,,,28812804,0.64,0.67,-0.6155082818664512,-0.7481966846484968,-0.13420159974560564,-160.75258628641438,-34.45497787333589,-34.45497787333589,29.80149364839805,29.80149364839805,209.85426786952843,-265.12471655329455,,,6.145922192064106,4.873860393028099,6.333359642673295,,
1536327000,36.27,36.465,35.89,36.4,36.25875812546005,36.78308980702918,36.25875812546005,36.78308980702918,0,0,0,0,0,38.59,34.650000000000006,39.79,33.45,37.39,37.81944563521851,37.03055436478148,,,,,20268742,0.65,0.66,-0.48218361300840606,-0.9279627958974287,-0.07566070263490665,-175.2364648413173,-82.05764864481482,-82.05764864481482,-7.4848871160062345,-7.4848871160062345,209.85426786952843,-265.12471655329455,,,7.225022618586019,4.966062833246056,6.335141187080713,,
1536586200,36.585,36.735,36.3725,36.385,36.25903158574884,36.767895108714306,36.25903158574884,36.767895108714306,0,0,0,0,0,38.59,34.650000000000006,39.79,33.45,37.39,37.818401958204724,37.03159804179527,,,,,17823326,0.65,0.66,-0.7138974469374576,-0.874338903475431,-0.12108462142776158,-119.30624848696212,-106.54965216507694,-106.54965216507694,-40.50647546569647,-40.50647546569647,209.85426786952843,-265.12471655329455,,,5.977769161173581,5.0057375912039985,6.33442715705892,,
1536672600,36.35,36.94,36.25,36.73,36.25906219197112,36.74854039856865,36.25906219197112,36.74854039856865,0,0,0,0,0,38.59,34.650000000000006,39.79,33.45,37.39,37.82005144456988,37.02994855543012,,,,,28563142,0.64,0.66,-0.6500182033391697,-0.8503315328515987,-0.004074663711079493,-130.791525846218,-105.03000960744949,-105.03000960744949,-62.01432017961414,-62.01432017961414,209.85426786952843,-265.12471655329455,,,6.294429365387106,5.0562745235249045,6.334347241391244,,
1536759000,37.03,37.285,36.91,36.92,36.260398231547605,36.75556822607576,36.260398231547605,36.75556822607576,0,0,0,0,0,38.59,34.650000000000006,39.79,33.45,37.39,37.82070653696035,37.02929346303964,,,,,25378838,0.62,0.66,-0.3724132501335578,-0.7352173580673498,-0.0013514432147140605,-66.1516606571682,-70.9357929457133,-70.9357929457133,-64.98814443498053,-64.98814443498053,209.85426786952843,-265.12471655329455,,,4.588341734522439,5.037924218073828,6.330858718899997,,
1536845400,36.86,37.005,36.615,36.935,36.26114808523082,36.75086751132769,36.26114808523082,36.75086751132769,0,0,0,0,0,38.59,34.650000000000006,39.79,33.45,37.39,37.82070792306419,37.0292920769358,,,,,22074898,0.62,0.65,-0.5421588495455287,-0.4963355154240552,-0.010814570059608444,-93.83214277612439,-57.43088100578509,-57.43088100578509,-42.31635414739421,-42.31635414739421,209.85426786952843,-265.12471655329455,,,5.350911205893757,5.0501982175961775,6.328900781811074,,
1536931800,36.94,37.27,36.925,37.13,36.26250962751808,36.7583864324521,36.26250962751808,36.7583864324521,0,0,0,0,0,38.59,34.650000000000006,39.79,33.45,37.39,37.798611861948196,37.0513881380518,,,,,18988680,0.63,0.66,-0.30508035367591674,-0.31495140358097234,-0.03636546095795145,-64.74417851552627,-40.09137937528067,-40.09137937528067,-5.412376114271808,-5.412376114271808,209.85426786952843,-265.12471655329455,,,4.54956701563915,5.030565621441,6.32534566939115,,
1537191000,37.225,37.44,37.1013,37.19,36.26421717471584,36.77245508215986,36.26421717471584,36.77245508215986,0,0,0,0,0,38.59,34.650000000000006,39.79,33.45,37.39,37.795722737922894,37.0542772620771,,,,,29457798,0.66,0.66,-0.02433709438883936,-0.19925667435390326,-0.22101402743294762,-48.2015717440951,-14.806454322323304,-14.806454322323304,35.76339578359142,35.76339578359142,209.85426786952843,-265.12471655329455,,,4.093834819697558,4.993831080196159,6.320887106254899,,
1537277400,37.455,37.6875,37.4275,37.435,36.266566541000124,36.79863625540849,36.266566541000124,36.79863625540849,0,0,0,0,0,38.59,34.650000000000006,39.79,33.45,37.39,37.796881503852326,37.05311849614767,,,,,20446946,0.67,0.66,0.24166870256578282,-0.15119277630813893,-0.2316407381834896,-17.593526770523322,18.014105934227437,18.014105934227437,83.65522644732893,83.65522644732893,209.85426786952843,-265.12471655329455,,,3.250613933048986,4.92546962344529,6.314752694320422,,
1537363800,37.445,37.705,37.41,37.55,36.268876597861265,36.823111304216,36.268876597861265,36.823111304216,0,0,0,0,0,38.59,34.650000000000006,39.79,33.45,37.39,37.79658379708912,37.05341620291088,,,,,21823074,0.68,0.66,0.37922975087302063,-0.22740308221009975,-0.21652226119071175,-16.05026688512899,51.32697014955635,51.32697014955635,117.95269858021419,117.95269858021419,131.1999999999897,-265.12471655329455,,,3.2958511050795023,4.861563014881925,6.308720922913348,,
1537450200,37.71,37.855,37.515,37.56,36.27138973153187,36.850703017776155,36.27138973153187,36.850703017776155,0,0,0,0,0,38.59,34.650000000000006,39.79,33.45,37.39,37.78580214124677,37.064197858753225,,,,,25024748,0.67,0.66,0.9701189712462457,-0.09583139130068706,-0.2823201418317269,-7.8293984805506325,82.30036466496331,82.30036466496331,144.24715369577723,144.24715369577723,131.1999999999897,-265.12471655329455,,,3.024428072896476,4.789518507353084,6.30215889923699,,
1537536600,37.505,37.675,37.25,37.55,36.27337366813221,36.866924468059445,36.27337366813221,36.866924468059445,0,0,0,0,0,38.59,34.650000000000006,39.79,33.45,37.39,37.773763101756145,37.07623689824384,,,,,27450256,0.69,0.67,0.9678689051799374,0.06381862932574606,-0.2880634821760099,-28.577304454009557,105.10594009691637,105.10594009691637,150.7170909608225,150.7170909608225,131.1999999999897,-265.12471655329455,,,3.7094481065012332,4.747162805358894,6.296978657892863,,
1537795800,37.88,38.265,37.85,38.1,36.27654045401006,36.90580390068457,36.27654045401006,36.90580390068457,0,0,0,1,0,38.59,34.650000000000006,39.79,33.45,37.39,37.76670868684321,37.083291313156785,,,,,25569010,0.69,0.66,1.4312365094222932,0.21189130163406672,-0.17619775581933192,-21.827361666820597,130.10940385559883,130.10940385559883,180.11633137296374,180.11633137296374,182.53488706660596,-265.12471655329455,,,2.1584593511697063,4.645645022841671,6.288709888049261,,
1537882200,38.34,38.50665,38.29,38.345,36.28057124231374,36.9602410026185,36.28057124231374,36.9602410026185,0,0,0,1,0,38.59,34.650000000000006,39.79,33.45,37.39,37.763099783418184,37.08690021658182,,,,,26054002,0.72,0.66,1.3333793694073708,0.5558906582107914,-0.26067046742675226,-4.771337736113947,154.8765954010426,154.8765954010426,204.41097849193014,204.41097849193014,182.53488706660596,-265.12471655329455,224.41097849193014,,1.021067597259928,4.503504731642387,6.278185128227504,,
1537968600,38.11,38.31,37.9075,37.975,36.28383738368774,36.9976933162413,36.28383738368774,36.9976933162413,0,0,0,1,0,38.59,34.650000000000006,39.79,33.45,37.39,37.76074529950835,37.089254700491644,,,,,25457126,0.71,0.66,0.8633395824865278,0.33711508541268287,-0.2784945779768585,-37.953822900906594,169.73144062456663,169.73144062456663,199.4411310716147,199.4411310716147,182.53488706660596,-265.12471655329455,,,2.009822928783775,4.40571328839303,6.269656932024819,,
1538055000,38.125,38.175,37.8725,37.975,36.287027768535516,37.03231808815341,36.287027768535516,37.03231808815341,0,0,0,0,0,38.59,34.650000000000006,39.79,33.45,37.39,37.760679338321324,37.08932066167868,,,,,21344292,0.68,0.66,0.8507556152933778,0.9800337620228057,-0.3777878628628694,-40.99012873297882,172.51420032523623,172.51420032523623,178.07971972657543,178.07971972657543,182.53488706660596,-265.12471655329455,,,2.1002972728447715,4.3153048171950585,6.261326543095389,,
1538141400,37.795,38.27,37.775,37.87,36.29001892184513,37.06179973175524,36.29001892184513,37.06179973175524,0,0,0,0,0,38.59,34.650000000000006,39.79,33.45,37.39,37.75967279980021,37.09032720019979,,,,,29666146,0.69,0.66,0.6034944281278624,0.7989422263609065,-0.27483162205403233,-49.44840926518118,147.27198453943532,147.27198453943532,164.10012839663594,164.10012839663594,182.53488706660596,-265.12471655329455,,,2.352332945586154,4.238325528112356,6.253516366077388,,
1538400600,38.01,38.555,38.01,38.395,36.2934689339893,37.099248761882485,36.2934689339893,37.099248761882485,0,0,0,0,0,39.814975000000004,36.701674999999994,41.1233,35.39335,38.01,37.7582807638296,37.09171923617039,,,,,25425820,0.72,0.66,0.9912427224677696,1.0168066103185496,-0.138849761118051,-33.355869734055176,148.8643645917691,148.8643645917691,159.02154046168033,159.02154046168033,182.53488706660596,-265.12471655329455,,,1.7448623497479752,4.140542658372577,6.244508066344462,,
1538487000,38.49,38.565,38.17,38.435,36.297228536518794,37.141440967298855,36.297228536518794,37.141440967298855,0,0,0,0,0,39.814975000000004,36.701674999999994,41.1233,35.39335,38.01,37.75713627777542,37.09286372222457,,,,,18937300,0.74,0.66,0.8192805673231341,0.9132166839781415,0.04005454882818797,-22.935340920416763,158.19498917008968,158.19498917008968,158.74602336448345,158.74602336448345,182.53488706660596,-265.12471655329455,,,1.331265348326226,4.0303749207237,6.234691397577193,,
1538573400,38.6,38.86,38.49,38.745,36.357798905793004,37.249772535396104,36.357798905793004,37.249772535396104,0,0,0,0,0,39.814975000000004,36.701674999999994,41.1233,35.39335,38.01,37.759008304448244,37.09099169555175,,,,,26489606,0.74,0.66,0.9732348863162502,0.9660844461577576,0.39774896611248894,-21.893274721795507,163.24838889736313,163.24838889736313,172.2531199631225,172.2531199631225,182.53488706660596,-265.12471655329455,,,0.6581494386372319,3.8981307841712898,6.223549455601289,,
1538659800,38.62,38.855,38.35995,38.585,36.361806900986224,37.29345990655704,36.361806900986224,37.29345990655704,0,0,0,0,0,39.814975000000004,36.701674999999994,41.1233,35.39335,38.01,37.7586081882874,37.0913918117126,,,,,30385476,0.74,0.66,0.8356758574920807,0.6705745733771411,0.3871564104510109,-33.05884482991177,166.3402512059919,166.3402512059919,172.52397582324943,172.52397582324943,182.53488706660596,-265.12471655329455,,,0.9938056523422368,3.7842356809623072,6.213100417033339,,
1538746200,38.545,38.70475,38.3425,38.58,36.365772371713526,37.33475657688814,36.365772371713526,37.33475657688814,0,0,0,0,0,39.814975000000004,36.701674999999994,41.1233,35.39335,38.01,37.75140196780394,37.09859803219605,,,,,23966474,0.73,0.65,0.8399767164573345,0.7549787015467158,0.07462390425471356,-34.55703166871674,165.73883625371664,165.73883625371664,166.13977955523347,166.13977955523347,182.53488706660596,-265.12471655329455,,,1.0388437217705417,3.676573251190081,6.202762241818029,,
1539005400,38.295,38.61,38.145,38.55,36.36933926008173,37.36676612289252,36.36933926008173,37.36676612289252,0,0,0,0,0,39.814975000000004,36.701674999999994,41.1233,35.39335,38.01,37.67895338977318,37.03104661022683,,,,,23157348,0.71,0.66,0.36187699684369046,0.6075239296546558,0.1450935393816838,-51.51358758069574,142.35801970040512,142.35801970040512,158.21252627029068,158.21252627029068,182.53488706660596,-265.12471655329455,,,1.5485869144405584,3.5931228066116683,6.193463190214877,,
1539091800,38.685,39.18,38.52,38.895,36.5141651601169,37.55112914589629,36.5141651601169,37.55112914589629,0,0,0,0,0,39.814975000000004,36.701674999999994,41.1233,35.39335,38.01,37.82663250658614,37.203367493413865,,,,,33634016,0.72,0.66,0.4425523524703125,0.6405185897044866,0.18985800373902728,-32.0718272080935,158.04711236703233,158.04711236703233,158.1573883025379,158.1573883025379,182.53488706660596,-265.12471655329455,,,0.9641342074816813,3.4900252144889237,6.183014980459166,,
1539178200,38.96,39.023,37.5,37.675,36.516162732224565,37.549671140174866,36.516162732224565,37.549671140174866,0,0,0,0,0,39.814975000000004,36.701674999999994,41.1233,35.39335,38.01,37.861376749244045,37.16862325075595,,,,,52810530,0.74,0.65,-0.23377407253265875,0.1325295904949744,-0.04819952235778386,-119.3071972141081,115.38934339189902,115.38934339189902,143.90137333232494,143.90137333232494,182.53488706660596,-265.12471655329455,,,3.5865792518318624,3.4938116473259018,6.1778272966856855,,
1539264600,37.31,37.335,36.125,36.4,36.51543653295938,37.49488795820722,36.51543653295938,37.49488795820722,0,0,0,0,0,39.814975000000004,36.701674999999994,41.1233,35.39335,38.01,37.895905599060214,37.13409440093978,,,,,71184224,0.78,0.63,-1.17713706658553,-0.5292962829825764,-0.343159943248329,-236.90389697711763,50.29161196851197,50.29161196851197,112.69811954438728,112.69811954438728,182.53488706660596,-265.12471655329455,,,7.121738012598028,3.636083269493436,6.179713232182014,,
1539351000,36.76,36.87,35.945,36.5,36.51435574068574,37.43526490102263,36.51435574068574,37.43526490102263,0,0,0,0,0,39.814975000000004,36.701674999999994,41.1233,35.39335,38.01,37.89268684818254,37.13731315181745,,,,,47157920,0.78,0.63,-1.0329468101615487,-0.44388081940921914,-0.3636534097957425,-239.39016236358316,-4.208205183768143,-4.208205183768143,73.72934463500215,73.72934463500215,182.53488706660596,-265.12471655329455,,,7.5845224321892335,3.7909240209717026,6.18252004377044,,
1539610200,36.495,36.645,36.185,36.195,36.51375183311194,37.38729765000213,36.51375183311194,37.38729765000213,0,0,0,0,0,39.814975000000004,36.701674999999994,41.1233,35.39335,38.01,37.8941543597621,37.135845640237896,,,,,23180748,0.78,0.63,-1.6321087332455417,-0.45288501286583893,-0.5742395473785318,-219.91435254417289,-43.09022719560175,-43.09022719560175,34.78948735813418,34.78948735813418,182.53488706660596,-265.12471655329455,,,6.967476539400954,3.915494707968928,6.184088388417054,,
1539696600,36.295,36.56,36.14515,36.495,36.51307030797086,37.33966435000205,36.51307030797086,37.33966435000205,0,0,0,0,0,39.814975000000004,36.701674999999994,41.1233,35.39335,38.01,37.896373975128945,37.13362602487106,,,,,29142778,0.77,0.63,-1.4480342564539601,-0.2876478812956881,-0.48622037565861637,-223.14814846627084,-69.28393487577429,-69.28393487577429,0.09834661349802332,0.09834661349802332,182.53488706660596,-265.12471655329455,,,7.069931867849342,4.039198126003455,6.1858583054588765,,
1539783000,36.425,36.535,35.9525,36.265,36.5120090785843,37.28641966960981,36.5120090785843,37.28641966960981,0,0,0,0,0,39.814975000000004,36.701674999999994,41.1233,35.39335,38.01,37.89734410540116,37.132655894598834,,,,,31608596,0.77,0.63,-1.885265846323959,-0.37824489228194297,-0.6058347978819261,-238.7815433067266,-147.11794497980867,-147.11794497980867,-48.973750584270874,-48.973750584270874,182.53488706660596,-265.12471655329455,,,7.5652397480396,4.1774742680440875,6.18861431233716,,
1539869400,35.93,36.42,35.855,36.085,36.51075711239332,37.23147772178198,36.51075711239332,37.23147772178198,0,0,0,0,0,39.814975000000004,36.701674999999994,41.1233,35.39335,38.01,37.89766561371915,37.13233438628085,,,,,33174182,0.77,0.63,-1.907170938082663,-0.14938136780279435,-0.5806985365358261,-239.39016236358313,-226.56961594428665,-226.56961594428665,-108.1723723709428,-108.1723723709428,182.53488706660596,-265.12471655329455,,,7.815914641984846,4.3201582042770585,6.191865661647145,,
1539955800,35.905,36.29,35.74,35.765,36.50928017510582,37.174225654261114,36.50928017510582,37.174225654261114,0,0,0,0,0,39.814975000000004,36.701674999999994,41.1233,35.39335,38.01,37.843682397054906,37.076317602945096,,,,,27136884,0.78,0.63,-2.2337130911533816,-0.308335072660759,-0.6529678291019433,-239.39016236358316,-282.0760217699062,-282.0760217699062,-166.1402555039306,-166.1402555039306,182.53488706660596,-265.12471655329455,,,8.11158246561255,4.468841508643156,6.195701259657066,,
1540215000,35.74,35.815,35.155,35.37,36.506649045884835,37.09650700115284,36.506649045884835,37.09650700115284,0,1,1,0,0,39.814975000000004,36.701674999999994,41.1233,35.39335,38.01,37.546060332810214,36.788939667189794,,,,,24588972,0.79,0.63,-2.518218633734739,-0.491670024091292,-0.7427508927926686,-239.39016236358313,-311.3602849826063,-311.3602849826063,-214.54693199682248,-214.54693199682248,182.53488706660596,-265.12471655329455,,-331.3602849826063,9.615631829283974,4.67067642317809,6.202534287768209,,
1540301400,34.85,34.86,33.955,34.445,36.501649547291656,36.97524790306841,36.501649547291656,36.97524790306841,0,1,1,0,0,39.814975000000004,36.701674999999994,41.1233,35.39335,38.01,36.95508557620154,36.17991442379845,,,,,52955466,0.82,0.64,-3.397303896390257,-1.0665293484955516,-0.7046160814532493,-239.39016236358316,-324.76984525992356,-324.76984525992356,-251.28790308452284,-251.28790308452284,182.53488706660596,-265.12471655329455,,-344.76984525992356,12.700861293225362,4.98558563376818,6.215517958108783,,
1540387800,34.61,34.62,33.075,33.085,36.494919378366,36.82457935785004,36.494919378366,36.82457935785004,0,1,1,0,0,39.814975000000004,36.701674999999994,41.1233,35.39335,38.01,36.54414529894089,35.710854701059105,,,,,56200390,0.84,0.65,-3.4111653284251,-1.6791380104931826,-1.0889143600363553,-239.39016236358313,-324.655173071422,-324.655173071422,-275.7436597468226,-275.7436597468226,182.53488706660596,-265.12471655329455,,-344.655173071422,14.963362900115696,5.3768710167622,6.232996169781124,,
1540474200,33.49,33.835,33.265,33.49,36.48857848050712,36.68719585362063,36.48857848050712,36.68719585362063,0,1,1,0,0,39.814975000000004,36.701674999999994,41.1233,35.39335,38.01,36.54919203970491,35.705807960295076,,,,,50667140,0.84,0.65,-2.222795548821838,-1.4972640897275487,-0.962266321495137,-220.92352903009004,-307.8401499032348,-307.8401499032348,-286.44248979895997,-286.44248979895997,182.53488706660596,-244.534231200904,,-327.8401499032348,14.47486823499165,5.733655221398649,6.249463446634691,,
1540560600,33.215,33.65,32.69,33.24,36.48111288913748,36.5328764083806,36.48111288913748,36.5328764083806,0,1,1,0,0,39.814975000000004,36.701674999999994,41.1233,35.39335,38.01,36.35244168781847,35.517558312181535,,,,,51159878,0.85,0.65,-2.4829633131623337,-1.6815492507285736,-1.0603544427278258,-228.37920762968446,-287.2467677582694,-287.2467677582694,-286.71058245206314,-286.71058245206314,182.53488706660596,-244.534231200904,,-307.2467677582694,15.953207353130235,6.134421971662633,6.268851546347969,,
1540819800,33.485,33.53,32.185,32.62,36.47266331293541,36.36500282373823,36.47266331293541,36.36500282373823,0,1,1,0,0,39.814975000000004,36.701674999999994,41.1233,35.39335,38.01,36.103430075900015,35.261569924099994,,,,,48919692,0.85,0.65,-2.743516152083604,-1.9706497863169135,-1.0606000199086605,-228.37920762968446,-284.3415802609591,-284.3415802609591,-279.6035758787511,-279.6035758787511,182.53488706660596,-244.534231200904,,-304.3415802609591,17.251574752538886,6.57038874738327,6.290795049257442,,
1540906200,32.6,33.455,32.45,33.375,36.46475479482764,36.21400075221908,36.46475479482764,36.21400075221908,0,0,0,0,0,39.814975000000004,36.701674999999994,41.1233,35.39335,38.01,36.115325737754475,35.249674262245534,,,,,52794704,0.82,0.65,-2.3210392340637003,-1.6999996204148158,-1.0115568656363927,-219.35976053253597,-278.4731784564015,-278.4731784564015,-266.73637484728624,-266.73637484728624,182.53488706660596,-244.534231200904,,-298.4731784564015,16.570253245918497,6.962540296345436,6.311333427272749,,
1540992600,33.7,34.145,33.535,33.58,36.459008231801015,36.1110438599752,36.459008231801015,36.1110438599752,0,0,0,0,0,39.814975000000004,36.701674999999994,41.1233,35.39335,38.01,36.11656038407741,35.2484396159226,,,,,34575592,0.81,0.66,-2.009124086473211,-1.6564185675834078,-0.7959579472700464,-182.4310809083622,-258.67496974060657,-258.67496974060657,-219.0785523090167,-219.0785523090167,182.53488706660596,-244.534231200904,,-278.67496974060657,13.78069160560485,7.229918779061491,6.326257219836849,,
1541079000,33.65,34.025,33.305,33.865,36.452818205363855,36.00319508115264,36.452818205363855,36.00319508115264,0,0,0,0,0,37.147499999999994,28.687500000000004,40.644999999999996,25.190000000000005,33.65,36.118722702945036,35.246277297054974,,,,,42951622,0.82,0.66,-1.6661356738010016,-1.5381983110718984,-0.8280466458093587,-190.2592802756985,-227.20038100711042,-227.20038100711042,-164.25120354011815,-164.25120354011815,182.53488706660596,-244.534231200904,,-247.20038100711042,14.372027252860272,7.510001464308503,6.342332684438294,,
1541165400,34.24,34.49,33.44,33.78,36.446907579578905,35.90481684267606,36.446907579578905,35.90481684267606,0,0,0,0,0,37.147499999999994,28.687500000000004,40.644999999999996,25.190000000000005,33.65,36.118053030021414,35.246946969978595,,,,,42424968,0.82,0.65,-1.5033716933379235,-1.57012731352646,-0.9570308249722342,-185.66446760356632,-188.95940465972387,-188.95940465972387,-112.4774519649508,-112.4774519649508,182.53488706660596,-244.534231200904,,,14.024938938166873,7.76548920838138,6.357682547083106,,
1541428200,34.19,34.48,34.1125,34.345,36.44233898301631,35.836405397865235,36.44233898301631,35.836405397865235,0,0,0,0,0,37.147499999999994,28.687500000000004,40.644999999999996,25.190000000000005,33.65,36.123855158122346,35.24114484187766,,,,,26463260,0.82,0.65,-0.7760076081752307,-1.5237071726605922,-0.8018834732407563,-162.77549336646308,-143.27458640601296,-143.27458640601296,-51.90494989859112,-51.90494989859112,182.53488706660596,-244.534231200904,,,12.295924926083059,7.943153354173603,6.3695471672209685,,
1541514600,34.43,34.58,34.095,34.505,36.43774489913416,35.769997343046995,36.43774489913416,35.769997343046995,0,0,0,0,0,37.147499999999994,28.687500000000004,40.644999999999996,25.190000000000005,33.65,36.12397702576606,35.24102297423395,,,,,26144234,0.83,0.66,0.04788169666969963,-1.58930161486984,-0.8361532013277766,-163.37111723136906,-93.24116127224192,-93.24116127224192,6.825688995300162,6.825688995300162,182.53488706660596,-244.534231200904,,,12.340917855765532,8.115614707177208,6.381477977787491,,
1541601000,34.95,35.18,34.55,35.07,36.43405999424079,35.723858231554956,36.43405999424079,35.723858231554956,0,0,0,0,0,37.147499999999994,28.687500000000004,40.644999999999996,25.190000000000005,33.65,36.12943603392177,35.23556396607823,,,,,33794412,0.83,0.66,1.6383112687332324,-1.206020730880448,-0.5693429415390948,-147.88489674381225,-41.20059922976401,-41.20059922976401,62.880524855191815,62.880524855191815,182.53488706660596,-244.534231200904,,,11.171101684021096,8.235437725876968,6.3910476555222235,,
1541687400,34.91,35.185,34.18395,34.31,36.429658396849696,35.665317144042994,36.429658396849696,35.665317144042994,0,0,0,0,0,37.147499999999994,28.687500000000004,40.644999999999996,25.190000000000005,33.65,36.137777282929484,35.22722271707052,,,,,30290700,0.81,0.65,0.6579456810436668,-1.497293380782803,-0.7935213527956233,-122.6678138466993,1.2162524045625673,1.2162524045625673,86.04995567321572,86.04995567321572,182.53488706660596,-244.534231200904,,,12.112225221750867,8.387468608068101,6.402478579730473,,
1541773800,33.855,34.47,33.67,34.25,36.424248989463386,35.589118432511896,36.424248989463386,35.589118432511896,0,0,0,0,0,37.147499999999994,28.687500000000004,40.644999999999996,25.190000000000005,33.65,36.13486195064788,35.23013804935213,,,,,45835636,0.81,0.65,0.8172733500950162,-1.4844296382397715,-0.799894398717838,-102.64112146884061,25.11365238433084,25.11365238433084,72.9084523438674,72.9084523438674,182.53488706660596,-244.534231200904,,,13.43360329091143,8.585356242689407,6.416526780951614,,
1542033000,34.485,34.63,33.47,33.54,36.41845478568823,35.50814319986437,36.41845478568823,35.50814319986437,0,0,0,0,0,37.147499999999994,28.687500000000004,40.644999999999996,25.190000000000005,33.65,36.1429148626093,35.22208513739071,,,,,36083260,0.79,0.65,0.7563266535264147,-1.957760085122547,-1.014737499653779,-109.89491097193901,29.583368937775205,29.583368937775205,38.52280204466394,38.52280204466394,182.53488706660596,-244.534231200904,,,13.947808201568336,8.795648476370934,6.431574296277521,,
1542119400,33.445,33.625,32.595,32.77,36.41094138951303,35.396372878301065,36.41094138951303,35.396372878301065,0,0,0,0,0,37.147499999999994,28.687500000000004,40.644999999999996,25.190000000000005,33.65,36.12766043212833,35.23733956787168,,,,,65464280,0.8,0.66,-0.48548562966151637,-2.2790543411575115,-1.3088750670115419,-141.46827452610495,-7.226204923875734,-7.226204923875734,17.31351098389156,17.31351098389156,182.53488706660596,-244.534231200904,,,16.197454685692257,9.085915386540398,6.45108654480782,,
1542205800,33.28,33.405,32.415,32.715,36.40308696116236,35.28199747130886,36.40308696116236,35.28199747130886,0,0,0,0,0,37.147499999999994,28.687500000000004,40.644999999999996,25.190000000000005,33.65,36.12592027066128,35.23907972933873,,,,,45084222,0.81,0.66,-0.6988809852677875,-2.4378603756036044,-1.3956556696104634,-147.99757950423285,-47.62225450445023,-47.62225450445023,-4.331744178889032,-4.331744178889032,182.53488706660596,-244.534231200904,,,16.660239105283463,9.382947689236204,6.471484452021558,,
1542292200,32.505,33.2375,32.505,33.195,36.39542624795324,35.17560149204185,36.39542624795324,35.17560149204185,0,0,0,0,0,37.147499999999994,28.687500000000004,40.644999999999996,25.190000000000005,33.65,36.13141633578586,35.233583664214144,,,,,31348480,0.8,0.65,-0.5355870128944227,-2.1833127352812927,-1.1129200830010395,-137.25493883981903,-71.5156241432719,-71.5156241432719,-26.72637083368332,-26.72637083368332,182.53488706660596,-244.534231200904,,,16.428846895487855,9.659257462030386,6.491379282078434,,
1542378600,33.4,33.7025,33.235,33.59,36.38922479690838,35.10171908058923,36.38922479690838,35.10171908058923,0,0,0,0,0,37.147499999999994,28.687500000000004,40.644999999999996,25.190000000000005,33.65,36.1338585343235,35.23114146567651,,,,,39510932,0.81,0.65,-0.15249748565180304,-2.0246335182812563,-1.034080526152978,-104.55527962585549,-65.20864518023468,-65.20864518023468,-39.5537956158671,-39.5537956158671,182.53488706660596,-244.534231200904,,,14.551998971590189,9.851129678091555,6.507484416323212,,
1542637800,33.385,33.715,33.28,33.58,36.38312474736411,35.03248107742887,36.38312474736411,35.03248107742887,0,0,0,0,0,37.147499999999994,28.687500000000004,40.644999999999996,25.190000000000005,33.65,36.132957862454816,35.23204213754519,,,,,31167658,0.81,0.65,-0.6038889546893064,-2.018043627317445,-1.0784065289433415,-91.98054556197003,-47.32588525192837,-47.32588525192837,-42.14449216122086,-42.14449216122086,182.53488706660596,-244.534231200904,,,14.43630286669238,10.030940391370018,6.523326211428845,,
1542724200,33.14,33.22,32.23,32.48,36.37495996265409,34.925193584196364,36.37495996265409,34.925193584196364,0,0,0,0,0,37.147499999999994,28.687500000000004,40.644999999999996,25.190000000000005,33.65,36.15069401083244,35.21430598916757,,,,,52648764,0.78,0.65,-1.539184571957085,-2.4974106722930283,-1.2084760195291462,-117.52287460419765,-66.66981787748085,-66.66981787748085,-50.319600733307524,-50.319600733307524,182.53488706660596,-244.534231200904,,,17.1358786476411,10.309565421027708,6.544530112400298,,
1542810600,32.735,33.34,32.66,32.99,36.367662040650785,34.8388075612867,36.367662040650785,34.8388075612867,0,0,0,0,0,37.147499999999994,28.687500000000004,40.644999999999996,25.190000000000005,33.65,36.15714461965976,35.20785538034024,,,,,34661886,0.77,0.65,-1.549649939635865,-1.875865695826845,-1.0556061414524744,-90.9722830966697,-74.52782217281745,-74.52782217281745,-58.38900787981083,-58.38900787981083,182.53488706660596,-244.534231200904,,,16.030338089728772,10.533909447251279,6.563482775691663,,
1542983400,32.17,32.285,31.72,31.955,36.358519359250884,34.71931510790291,36.358519359250884,34.71931510790291,0,0,0,0,0,37.147499999999994,28.687500000000004,40.644999999999996,25.190000000000005,33.65,35.93810441109198,34.96189558890802,,,,,28843540,0.77,0.65,-1.7439976613246406,-1.7913706693513467,-1.2648351265595719,-126.45524828790174,-97.89023265910473,-97.89023265910473,-71.55608280624213,-71.55608280624213,182.53488706660596,-244.534231200904,,,18.447101169816182,10.844230691273433,6.587226268986617,,
1543242600,32.19,32.65,32.185,32.435,36.35031472516646,34.622561574259656,36.35031472516646,34.622561574259656,0,0,0,0,0,37.147499999999994,28.687500000000004,40.644999999999996,25.190000000000005,33.65,35.94226044288204,34.95773955711797,,,,,33365500,0.77,0.65,-1.3347834098445022,-1.6195777610459094,-1.1485175123206945,-108.90250486883464,-105.84308131403805,-105.84308131403805,-82.98508230884077,-82.98508230884077,182.53488706660596,-244.534231200904,,,17.251574752538886,11.095499085832863,6.608533658564144,,
1543329000,32.27,32.58,32.16,32.345,36.34207703340789,34.52863170860242,36.34207703340789,34.52863170860242,0,0,0,0,0,37.147499999999994,28.687500000000004,40.644999999999996,25.190000000000005,33.65,35.94218702415823,34.957812975841776,,,,,44556878,0.77,0.64,-0.8990082124822106,-1.5495669081798604,-1.1455496012687096,-109.84620075158038,-109.66571466212076,-109.66571466212076,-91.87862642660077,-91.87862642660077,182.53488706660596,-244.534231200904,,,17.315850366371013,11.339434430167692,6.6299268987395825,,
1543415400,32.315,32.925,32.11,32.9,36.333756899475006,34.436444190618005,36.333756899475006,34.436444190618005,0,0,0,0,0,37.147499999999994,28.687500000000004,40.644999999999996,25.190000000000005,33.65,35.948228600565976,34.95177139943403,,,,,42296456,0.77,0.65,0.09985047942256937,-1.4314894211290523,-0.9857350420084074,-111.73359251707136,-91.83682299496742,-91.83682299496742,-91.7532161317007,-91.7532161317007,182.53488706660596,-244.534231200904,,,17.44440159403523,11.578844907182106,6.651534240788125,,
1543501800,32.925,33.38,32.8775,33.115,36.326971521054475,34.37766892824083,36.326971521054475,34.37766892824083,0,0,0,0,0,37.147499999999994,28.687500000000004,40.644999999999996,25.190000000000005,33.65,35.94968419684387,34.95031580315614,,,,,28828926,0.78,0.65,0.3078949430234464,-1.2628498991490893,-1.0306258165075266,-82.76212891678351,-78.92068736238417,-78.92068736238417,-53.08841609721769,-53.08841609721769,182.53488706660596,-244.534231200904,,,15.471140249389395,11.731483940209843,6.669155831214901,,
1543588200,32.825,33.15,32.66,33.055,36.31976948005337,34.31275446046668,36.31976948005337,34.31275446046668,0,0,0,0,0,37.147499999999994,28.687500000000004,40.644999999999996,25.190000000000005,33.65,35.94900548969598,34.95099451030403,,,,,36258036,0.78,0.65,-0.10755236532739983,-1.2362886860304756,-1.1188071683702518,-90.9722830966697,-59.150170564243794,-59.150170564243794,-19.609136967963032,-19.609136967963032,182.53488706660596,-244.534231200904,,,16.030338089728772,11.900066455877251,6.687859492071073,,
1543847400,33.81,33.995,33.395,33.79,36.31403567489842,34.278920952213085,36.31403567489842,34.278920952213085,0,0,0,0,0,35.542500000000004,29.987499999999997,37.275000000000006,28.254999999999995,33.81,35.96008987627285,34.939910123727145,,,,,43988232,0.77,0.65,0.14924252100994304,-0.7991362437367585,-1.0183313390763855,-63.22762414395073,-30.61738410449192,-30.61738410449192,26.448188815011832,26.448188815011832,182.53488706660596,-244.534231200904,,,14.140635043064659,11.987931890668914,6.7027501525126185,,
1543933800,33.805,33.915,32.76,32.82,36.30705728194158,34.22176130702826,36.30705728194158,34.22176130702826,0,0,0,0,0,35.542500000000004,29.987499999999997,37.275000000000006,28.254999999999995,33.81,35.97456764827589,34.925432351724126,,,,,36593030,0.76,0.64,-0.555017905274091,-1.0207481154436,-1.1723349315665452,-86.44807615275894,-6.654989848413944,-6.654989848413944,41.26979866374201,41.26979866374201,178.86441947564805,-244.53423120090397,,,15.77323563440032,12.136375174736813,6.720873000628278,,
1544106600,32.1,32.265,31.535,32.215,36.29766975490473,34.11928439302715,36.29766975490473,34.11928439302715,0,0,0,0,0,35.542500000000004,29.987499999999997,37.275000000000006,28.254999999999995,33.81,35.88067651522162,34.83432348477838,,,,,70712146,0.77,0.64,-0.19896645908579003,-0.9115239084797563,-1.3498972591754617,-119.90909233023466,0.27886556752824365,0.27886556752824365,14.14657639941262,14.14657639941262,139.23381770144664,-244.53423120090403,,,18.92274071217381,12.402507156597087,6.745252356695302,,
1544193000,32.83,33.315,31.98,32.035,36.28918120394588,34.038102652124124,36.28918120394588,34.038102652124124,0,0,0,0,0,35.542500000000004,29.987499999999997,37.275000000000006,28.254999999999995,33.81,35.88086016310124,34.834139836898764,,,,,54891434,0.77,0.65,-0.7057232497063041,-0.44669480527288374,-1.375104189757681,-104.81445411610326,-10.109006713625856,-10.109006713625856,-3.183758526189789,-3.183758526189789,139.23381770144664,-244.53423120090403,,,17.77863478596221,12.613335691081994,6.767297076833698,,
1544452200,31.81,31.965,30.81,31.535,36.27839532741452,33.914680979491806,36.27839532741452,33.914680979491806,0,0,0,0,0,35.542500000000004,29.987499999999997,37.275000000000006,28.254999999999995,33.81,35.51638796952244,34.473612030477554,,,,,46765558,0.76,0.65,-0.3186131618280161,-0.8170040901711684,-1.379137169041476,-144.50148043190944,-41.399924071982426,-41.399924071982426,-15.922480374787334,-15.922480374787334,139.23381770144664,-244.53423120090403,,,20.786733513305062,12.933861095875056,6.79530793884463,,
1544538600,32.02,32.08,31.215,31.545,36.268432099987116,33.81182290186467,36.268432099987116,33.81182290186467,0,0,0,0,0,35.542500000000004,29.987499999999997,37.275000000000006,28.254999999999995,33.81,35.513927053079996,34.47607294691999,,,,,34483230,0.76,0.65,-0.6651610501216775,-0.7136721772504557,-1.3397781393108628,-107.30955615618825,-67.07761359839354,-67.07761359839354,-32.97419144932273,-32.97419144932273,139.23381770144664,-244.53423120090403,,,19.74546856922484,13.200982957575047,6.8211823856585765,,
1544625000,32.06,32.275,31.65,31.67,36.25934921866846,33.72988670963469,36.25934921866846,33.72988670963469,0,0,0,0,0,35.542500000000004,29.987499999999997,37.275000000000006,28.254999999999995,33.81,35.5136118408949,34.47638815910509,,,,,38534714,0.76,0.65,-0.5054663356890923,-0.4072627041121469,-1.2769460207768317,-90.30488323732817,-80.72322007132976,-80.72322007132976,-48.89053432332507,-48.89053432332507,139.23381770144664,-244.53423120090403,,,18.627072888546095,13.413770798005284,6.844770578471539,,
1544711400,31.595,31.97,31.455,31.77,36.24989877067912,33.643593113178426,36.24989877067912,33.643593113178426,0,0,0,0,0,35.542500000000004,29.987499999999997,37.275000000000006,28.254999999999995,33.81,35.51404321890623,34.475956781093764,,,,,30597946,0.76,0.65,-0.8315720977742111,-0.6722185585181233,-1.2802386824444858,-82.20479609125678,-88.30597477171692,-88.30597477171692,-62.029014472789015,-62.029014472789015,139.23381770144664,-244.53423120090403,,,19.12842267643657,13.637874793237884,6.869313339906034,,
1544797800,31.575,31.705,30.895,31.045,36.23935951239604,33.5389424028577,36.23935951239604,33.5389424028577,0,0,0,0,0,35.542500000000004,29.987499999999997,37.275000000000006,28.254999999999995,33.81,35.520682876408394,34.4693171235916,,,,,45787628,0.74,0.65,-1.502804393385668,-1.0478364807428493,-1.4736109018700974,-96.94225492091644,-128.06453214563325,-128.06453214563325,-84.04085369707042,-84.04085369707042,120.49117421334773,-244.534231200904,,,20.56819642627588,13.90965211218055,6.896683735682997,,
1545057000,30.965,31.225,30.26,30.48,36.22758526761603,33.41374270078485,36.22758526761603,33.41374270078485,0,0,0,0,0,35.542500000000004,29.987499999999997,37.275000000000006,28.254999999999995,33.81,35.2454785904288,34.194521409571195,,,,,41464600,0.73,0.67,-1.8644657049733109,-1.3812150224016908,-1.5389805807262313,-118.20592741652327,-165.77148038569737,-165.77148038569737,-111.28439592661273,-111.28439592661273,120.49117421334773,-244.534231200904,,,22.20079701761152,14.234795049648431,6.927261384597939,,
1545143400,30.425,30.53305,29.5955,29.76,36.214520152196215,33.26765455565604,36.214520152196215,33.26765455565604,0,1,0,0,0,35.542500000000004,29.987499999999997,37.275000000000006,28.254999999999995,33.81,34.91395930618843,33.86154069381156,,,,,53233970,0.72,0.67,-2.8318845960110997,-1.6314150983596793,-1.6193356890926656,-140.4574398154694,-192.8323019163928,-192.8323019163928,-138.46703125653943,-138.46703125653943,120.49117421334773,-244.534231200904,,,23.909242833269058,14.614185158810024,6.961191417462417,,
1545229800,29.915,30.48,29.165,29.41,36.20062960244158,33.110581827983246,36.20062960244158,33.110581827983246,0,1,0,0,0,35.542500000000004,29.987499999999997,37.275000000000006,28.254999999999995,33.81,34.69574356569121,33.649256434308796,,,,,91097814,0.72,0.68,-2.4613231766294668,-1.9652411437769532,-1.7273799971364499,-154.87320518453836,-206.53461636831014,-206.53461636831014,-161.15622629379632,-161.15622629379632,120.49117421334773,-244.534231200904,,,25.016068903458038,15.022102168404064,6.997265098753117,,
1545316200,29.05,29.495,28.42,28.595,36.185293179659475,32.93074528570939,36.185293179659475,32.93074528570939,0,1,0,0,0,35.542500000000004,29.987499999999997,37.275000000000006,28.254999999999995,33.81,34.327205716456476,33.27279428354352,,,,,77008768,0.74,0.68,-2.6251015516720866,-2.310151679295831,-1.7956475772755593,-172.55180645835898,-219.40600748579257,-219.40600748579257,-180.57282002446175,-180.57282002446175,105.73643410852162,-244.534231200904,,,26.931482195654972,15.48913667927665,7.037093704341332,,
1545402600,28.335,28.805,27.82,28.055,36.168800585893926,32.73466703921099,36.168800585893926,32.73466703921099,0,1,0,0,0,35.542500000000004,29.987499999999997,37.275000000000006,28.254999999999995,33.81,34.02584053549448,32.97415946450552,,,,,74806260,0.76,0.69,-2.8826992295196656,-2.6796141989775206,-1.9099543760103612,-187.31051620824897,-230.17923781137972,-230.17923781137972,-197.10829262010108,-197.10829262010108,105.73643410852162,-244.534231200904,,,28.474096927625663,15.998350806662884,7.07992487961263,,
1545661800,27.725,27.86,26.895,26.92,36.150511274033995,32.51036637100663,36.150511274033995,32.51036637100663,0,1,1,0,0,35.542500000000004,29.987499999999997,37.275000000000006,28.254999999999995,33.81,33.571354206410476,32.50364579358953,,,,,31211846,0.79,0.71,-3.2849002672170164,-2.7912993306556584,-1.880143196707115,-158.26203913948692,-241.52425641057346,-241.52425641057346,-211.91361388359186,-211.91361388359186,105.73643410852165,-190.21357908231886,,-261.52425641057346,30.852294639413813,16.580858407947236,7.127422121889955,,
1545834600,27.18,28.6,26.68,28.595,36.13183322953043,32.286514748614216,36.13183322953043,32.286514748614216,0,1,1,0,0,35.542500000000004,29.987499999999997,37.275000000000006,28.254999999999995,33.81,33.525484539746415,32.334515460253584,,,,,58193942,0.76,0.71,-1.9050855142520502,-1.9419336916780436,-1.4287893935660652,-157.47932230219365,-228.37922233103347,-228.37922233103347,-217.40215003273906,-217.40215003273906,105.73643410852165,-188.74989859658052,,-248.37922233103347,31.40506491836998,17.16219983972852,7.175928900704101,,
1545921000,28.02,28.78,27.64,28.745,36.115091404896006,32.108712209452875,36.115091404896006,32.108712209452875,0,1,1,0,0,35.542500000000004,29.987499999999997,37.275000000000006,28.254999999999995,33.81,33.526478942847284,32.333521057152716,,,,,48754594,0.76,0.7,-1.8793262800390031,-1.6795359556858345,-1.4124025061920997,-136.21629144282574,-210.26418227467957,-210.26418227467957,-195.9882467585606,-195.9882467585606,105.73643410852165,-188.74989859658052,,-230.26418227467957,28.936881347216868,17.623952055708454,7.219407327170661,,
1546007400,28.875,29.005,28.35005,28.525,36.09978752496614,31.965448965944923,36.09978752496614,31.965448965944923,0,1,0,0,0,35.542500000000004,29.987499999999997,37.275000000000006,28.254999999999995,33.81,33.52633712994487,32.33366287005513,,,,,38874848,0.76,0.7,-2.0790085118584,-1.5222970541031695,-1.4896875431056358,-120.48940075356096,-191.97231921658363,-191.97231921658363,-155.38859310039174,-155.38859310039174,105.73643410852165,-188.74989859658052,,,27.111325363157224,17.99600591090252,7.259151419150654,,
1546266600,28.78,28.885,28.33995,28.675,36.08449424419698,31.827411771201984,36.08449424419698,31.827411771201984,0,1,0,0,0,35.542500000000004,29.987499999999997,37.275000000000006,28.254999999999995,33.81,33.5276578755184,32.3323421244816,,,,,37410602,0.76,0.7,-1.555127716847976,-1.4523898095743317,-1.489851981470419,-120.71310555739385,-166.72680632117823,-166.72680632117823,-116.23578053036748,-116.23578053036748,105.73643410852165,-188.74989859658052,,,27.137292711145395,18.354487746206164,7.298867985168625,,
1546439400,28.22,29.435,28.07555,29.24,36.06870853042236,31.684522858605828,36.06870853042236,31.684522858605828,0,0,0,0,0,31.877499999999998,23.0225,35.535,19.365000000000002,28.22,33.531123289497145,32.328876710502854,,,,,49825254,0.77,0.7,-0.8206998521671177,-1.3876847645869357,-1.4353318828073853,-126.56929863991148,-131.95782125764833,-131.95782125764833,-62.41985113058849,-62.41985113058849,105.73643410852165,-188.74989859658052,,,27.817071603033817,18.725569466081758,7.3398633969925315,,
1546525800,29.325,29.43,28.62,28.95,36.05403129060134,31.568374903366383,36.05403129060134,31.568374903366383,0,0,0,0,0,31.877499999999998,23.0225,35.535,19.365000000000002,28.22,33.53113970291775,32.32886029708225,,,,,36048104,0.75,0.7,-0.5489685971886801,-1.6085803509799719,-1.4627439538571587,-114.51028077388763,-91.74537408835033,-91.74537408835033,-11.320479749754334,-11.320479749754334,105.73643410852165,-188.74989859658052,,,26.417277284998075,19.027205066823573,7.377980108057478,,
1546612200,29.45,30.025,29.28,29.935,36.04068887044029,31.4824052993128,36.04068887044029,31.4824052993128,0,0,0,0,0,31.877499999999998,23.0225,35.535,19.365000000000002,28.22,33.54910196846852,32.31089803153148,,,,,42702958,0.76,0.7,0.3512412729213604,-1.233097669592298,-1.2908052829687644,-99.89194705807218,-45.41541629077468,-45.41541629077468,47.24449930437664,47.24449930437664,105.73643410852165,-188.74989859658052,,,24.720401079830314,19.250467655568936,7.412630299809272,,
1546871400,30.16,30.5999,29.76,30.38,34.90008661396821,30.469196273238843,34.90008661396821,30.469196273238843,0,0,0,0,0,31.877499999999998,23.0225,35.535,19.365000000000002,28.22,33.55394412315165,32.30605587684835,,,,,36143276,0.76,0.71,1.2242337037773716,-0.7320805336394004,-1.2475531107926265,-69.7790380287175,1.8428940659897037,1.8428940659897037,96.35951477951848,96.35951477951848,105.73643410852165,-188.74989859658052,,,21.008626410086254,19.31941505770687,7.439795127202433,,
1546957800,30.805,30.875,30.45,30.615,33.80503436638823,29.557814491685953,33.80503436638823,29.557814491685953,0,0,0,0,0,31.877499999999998,23.0225,35.535,19.365000000000002,28.22,33.55556758091052,32.30443241908948,,,,,37384622,0.77,0.71,1.7870272728238918,-0.81399579118875,-1.1821470894128547,-41.00609919780966,45.41019125053743,45.41019125053743,132.54478561963288,132.54478561963288,105.74983035511943,-188.74989859658046,,,16.575342465753426,19.211804367826343,7.4580479690376995,,
1547044200,31.025,31.205,30.705,31.1,33.79895627574609,29.605074707698265,33.79895627574609,29.605074707698265,0,0,0,0,0,31.877499999999998,23.0225,35.535,19.365000000000002,28.22,33.560544752145326,32.299455247854674,,,,,37513566,0.78,0.71,3.0890648785022448,-0.3073211636795014,-1.1485711480821121,-34.92912877663353,82.86324796188634,82.86324796188634,157.76936138458416,157.76936138458416,142.2926799975942,-188.7498985965805,,,15.876712328767129,19.081016444725982,7.474868477248947,,
1547130600,30.865,31.23,30.69,31.19,33.78823981563834,29.646000817305914,33.78823981563834,29.646000817305914,0,0,0,0,0,31.877499999999998,23.0225,35.535,19.365000000000002,28.22,33.47900593069948,32.223994069300524,,,,,38335192,0.79,0.71,1.8073875082487347,-0.441365961356813,-1.1185432322160935,-28.60008878637129,114.02197862029166,114.02197862029166,176.3394399371023,176.3394399371023,142.2926799975942,-188.7498985965805,,,15.906288532675699,18.956517310920088,7.491714471365683,,
1547217000,31.03,31.2042,30.73,31.005,33.78224463119151,29.690771373489994,33.78224463119151,29.690771373489994,0,0,0,0,0,31.877499999999998,23.0225,35.535,19.365000000000002,28.22,32.60802589522556,31.40697410477444,,,,,28211896,0.78,0.71,1.5656855365274178,-0.4763162838742589,-1.1084137968437384,-27.54082623872793,138.34494687036425,138.34494687036425,186.99088337050944,186.99088337050944,142.2926799975942,-188.7498985965805,,,15.796684477325654,18.832602297837955,7.508307818030938,,
1547476200,30.71,31.055,30.665,30.93,33.56365005698809,29.551392298768363,33.56365005698809,29.551392298768363,0,0,0,0,0,31.877499999999998,23.0225,35.535,19.365000000000002,28.22,32.357599199086046,31.192400800913948,,,,,26343478,0.78,0.7,1.6812281904310367,-0.6893613600638817,-1.1113879455197753,-29.26212787864846,155.87385492755473,155.87385492755473,190.9316710419357,190.9316710419357,142.2926799975942,-188.7498985965805,,,15.441886116089897,18.69963303580862,7.524159123321765,,
1547562600,31.1,31.335,30.885,31.04,33.392142907529774,29.46480465092295,33.392142907529774,29.46480465092295,0,0,0,1,0,31.877499999999998,23.0225,35.535,19.365000000000002,28.22,32.24316306617842,31.081836933821588,,,,,19642934,0.79,0.7,1.6451946528074881,-0.721642803628655,-1.0845931504590827,-23.43618386660979,184.53909938869276,184.53909938869276,241.86958831096885,241.86958831096885,142.2926799975942,-188.7498985965805,261.8695883109689,,14.410419842039627,18.531428596837287,7.537917885996526,,
1547649000,31.005,31.255,30.895,31,33.09172268567554,29.271754874885666,33.09172268567554,29.271754874885666,0,0,0,1,0,31.877499999999998,23.0225,35.535,19.365000000000002,28.22,32.19943163480307,31.040568365196933,,,,,25082258,0.79,0.7,1.2051143442238523,-0.7186327307302062,-0.9908464653367982,-7.957332066284056,215.01238674771213,215.01238674771213,275.95896146575086,275.95896146575086,142.2926799975942,-188.7498985965805,295.95896146575086,,13.616664336641971,18.338692743496296,7.550063233550263,,
1547735400,30.765,31.42,30.695,31.285,32.72228217856382,29.01879310411953,32.72228217856382,29.01879310411953,0,0,0,1,0,31.877499999999998,23.0225,35.535,19.365000000000002,28.22,32.186976542587495,31.0280234574125,,,,,20349654,0.79,0.71,1.6113812073009237,-0.8551039028094382,-0.9357998628970478,-15.86633767923274,243.6343474869269,243.6343474869269,300.8782689653565,300.8782689653565,142.2926799975942,-188.7498985965805,320.8782689653565,,13.217415889171608,18.137858357052192,7.561386615479576,,
1547821800,31.655,31.945,31.47,31.92,32.44286389342157,28.8798522476188,32.44286389342157,28.8798522476188,0,0,0,1,0,31.877499999999998,23.0225,35.535,19.365000000000002,28.22,32.13496706790308,30.965032932096918,,,,,29069756,0.8,0.71,1.3143900020062427,-0.31382410844529895,-0.8108132321272342,-11.86070411370905,267.74979100982677,267.74979100982677,315.9806780556265,315.9806780556265,142.2926799975942,-188.7498985965805,335.9806780556265,,10.265183917878533,17.829126026104205,7.566788807891962,,
1548167400,31.57,31.64,31.14,31.225,32.44033929023791,28.97002666928081,32.44033929023791,28.97002666928081,0,0,0,0,0,31.877499999999998,23.0225,35.535,19.365000000000002,28.22,32.07394394064998,30.89605605935002,,,,,39726336,0.8,0.7,0.547808840521947,-0.3494431477088533,-0.9839550010786844,-20.55855379709559,274.9462761786201,274.9462761786201,289.3392465162068,289.3392465162068,142.2926799975942,-188.7498985965805,309.3392465162068,,11.206159110350725,17.56940183332956,7.574060277027744,,
1548253800,31.335,31.375,30.65,30.905,32.43685050044722,29.03764130970117,32.43685050044722,29.03764130970117,0,0,0,0,0,31.877499999999998,23.0225,35.535,19.365000000000002,28.22,31.832270950530106,30.662729049469892,,,,,46735306,0.81,0.71,0.18632391466392054,-0.40058801694634366,-1.0682122415762743,-33.47354272091208,229.35256042560775,229.35256042560775,259.748370927616,259.748370927616,142.2926799975942,-188.7498985965805,279.748370927616,,12.603364699173087,17.374655279048916,7.584108837311751,,
1548340200,30.84,31.35,30.715,31.07,32.43349725269408,29.105127925007004,32.43349725269408,29.105127925007004,0,0,0,0,0,31.877499999999998,23.0225,35.535,19.365000000000002,28.22,31.51107302197232,30.353926978027683,,,,,26098364,0.8,0.71,-0.018978791198126933,-0.16749705376083482,-1.0413970436728264,-31.76032990448742,171.03611513107285,171.03611513107285,230.17761899543495,230.17761899543495,142.2926799975942,-188.7498985965805,,,12.418021100655832,17.18027746813154,7.593767003672079,,
1548426600,31.335,31.6611,31.28575,31.465,32.4312796607806,29.192126535791044,32.4312796607806,29.192126535791044,0,0,0,0,0,31.877499999999998,23.0225,35.535,19.365000000000002,28.22,31.50572028154011,30.35927971845989,,,,,20467172,0.79,0.71,0.17278058743322983,-0.028693032816461825,-0.996623990969352,-16.717003520266527,142.2970461442899,142.2970461442899,200.88409471171994,200.88409471171994,142.2926799975942,-188.7498985965805,,,10.790561733675506,16.929700380505814,7.600154205929829,,
1548685800,31.05,31.165,30.81,31.15,32.42812545566416,29.25724314223061,32.42812545566416,29.25724314223061,0,0,0,0,0,31.877499999999998,23.0225,35.535,19.365000000000002,28.22,31.48618862958256,30.378811370417445,,,,,24045488,0.8,0.71,0.09158808906251577,-0.18565103901274388,-1.0602108313849776,-29.25640348048222,99.75803441825087,99.75803441825087,167.17540794723027,167.17540794723027,142.2926799975942,-188.7498985965805,,,12.14713430282293,16.74214876961629,7.609239081248297,,
1548772200,31.33,31.455,31.22,31.245,32.42578854166683,29.335723803319606,32.42578854166683,29.335723803319606,0,0,0,0,0,31.877499999999998,23.0225,35.535,19.365000000000002,28.22,31.48402384641367,30.38097615358633,,,,,23768290,0.83,0.71,0.19936731538112729,-0.18676899775290384,-1.0789836998799136,-18.449984176880708,78.06279684669079,78.06279684669079,137.47120424705045,137.47120424705045,142.2926799975942,-188.7498985965805,,,10.978043912175654,16.51610544187352,7.615969960031368,,
1548858600,31.44,31.785,31.27,31.685,32.423555197927236,29.41306796789531,32.423555197927236,29.41306796789531,0,0,0,0,0,31.877499999999998,23.0225,35.535,19.365000000000002,28.22,31.4864884073689,30.378511592631103,,,,,24235236,0.82,0.71,0.40489785969780706,0.2319183761321878,-1.0144818918285277,-17.66115141974384,85.86395642688095,85.86395642688095,120.26878830699395,120.26878830699395,152.51494899752245,-188.7498985965805,,,10.835471913316226,16.293335499577157,7.622402531366602,,
1548945000,31.735,32.0375,31.65,31.89,32.42207796476454,29.502131969154313,32.42207796476454,29.502131969154313,0,0,0,0,0,31.877499999999998,23.0225,35.535,19.365000000000002,28.22,31.48257324139406,30.382426758605938,,,,,35688354,0.83,0.72,0.5619137952284804,0.5227390017302023,-0.9848670370833356,-7.758733700651577,107.99785904234346,107.99785904234346,116.17847855211046,116.17847855211046,172.17178956307268,-188.74989859658052,,,9.751924721984608,16.036809586730392,7.6266573209582464,,
1549031400,32.235,32.635,32.13,32.445,32.421553133666116,29.606338558599244,32.421553133666116,29.606338558599244,0,0,0,0,0,34.018475,30.254025,35.99945,28.273049999999998,32.235,31.479383103331536,30.385616896668466,,,,,29544820,0.83,0.72,0.7210076343765026,1.0129051264258684,-0.88121642569064,-10.036071699464166,122.12195753327568,122.12195753327568,134.00891549560612,134.00891549560612,217.99676150819514,-188.7498985965805,,,8.383233532934126,15.736669349326617,7.628168961741415,,
1549290600,32.225,32.53,31.985,32.52,32.42074253799445,29.70082920336006,32.42074253799445,29.70082920336006,0,0,0,0,0,34.018475,30.254025,35.99945,28.273049999999998,32.235,31.478885497205557,30.386114502794445,,,,,20216102,0.83,0.72,0.3654424964921469,1.1869581821363266,-0.9491145908895242,-17.006080289021547,131.39126609002065,131.39126609002065,149.92988320351063,149.92988320351063,217.99676150819514,-188.7498985965805,,,8.796692329626463,15.464513387769747,7.630503673765161,,
1549377000,32.495,32.625,32.39,32.57,32.42073466079566,29.80733786205182,32.42073466079566,29.80733786205182,0,0,0,0,0,34.018475,30.254025,35.99945,28.273049999999998,32.235,31.47781614896434,30.38718385103566,,,,,15705354,0.82,0.72,0.8390831452921357,1.5634052461554637,-0.9779286100437773,-5.712888219467813,141.6145243201997,141.6145243201997,162.06104078055782,162.06104078055782,217.99676150819514,-188.7498985965805,,,7.641859138865126,15.157742632910743,7.630526362007119,,
1549463400,32.415,32.505,32.3,32.33,31.719349444957306,29.285255905166082,31.719349444957306,29.285255905166082,0,0,0,0,0,34.018475,30.254025,35.99945,28.273049999999998,32.235,31.478400192019887,30.38659980798012,,,,,13607618,0.81,0.72,0.8982109512306292,1.7137893830513455,-0.9652440615069657,-8.569332329201833,148.07085865056482,148.07085865056482,160.98352731129506,160.98352731129506,217.99676150819514,-188.7498985965805,,,5.858350335179263,14.793060582019313,7.626985550764706,,
1549549800,32.13,32.24,31.32,31.615,31.663251343156926,29.316994238714475,31.663251343156926,29.316994238714475,0,0,0,0,0,34.018475,30.254025,35.99945,28.273049999999998,32.235,31.48043656874402,30.384563431255977,,,,,29200950,0.8,0.71,0.3389474823783344,1.9457053680719896,-1.0787361723146816,-39.67283485741543,115.3359286953019,115.3359286953019,137.15921533214384,137.15921533214384,217.99676150819514,-188.7498985965805,,,8.554744525547445,14.548420736667476,7.628839215049986,,
1549636200,31.53,31.605,30.935,31.47,31.237444739126193,29.003259599817916,31.237444739126193,29.003259599817916,0,0,0,0,0,34.018475,30.254025,35.99945,28.273049999999998,32.235,31.480074257746978,30.384925742253024,,,,,21268812,0.81,0.71,0.0030726291768077255,1.1224189819207966,-1.0892593488411897,-51.89206799349944,59.69518038218038,59.69518038218038,111.33787034882269,111.33787034882269,217.99676150819514,-188.7498985965805,,,8.44924533885765,14.309237387733758,7.630478388124526,,
1549895400,31.32,31.67,31.23,31.62,31.237481013373696,29.09158667433486,31.237481013373696,29.09158667433486,0,0,0,0,0,34.018475,30.254025,35.99945,28.273049999999998,32.235,31.476221269944347,30.38877873005566,,,,,24994772,0.81,0.71,0.29158668287507605,1.1159449907574845,-1.136687937486498,-42.529278967149345,18.866099236421988,18.866099236421988,80.51394664468913,80.51394664468913,217.99676150819514,-188.7498985965805,,,7.576205978100026,14.04519694029714,7.630369951740861,,
1549981800,32.045,32.2025,31.6498,32.02,31.23834758877155,29.19274805965506,31.23834758877155,29.19274805965506,0,0,0,0,0,34.018475,30.254025,35.99945,28.273049999999998,32.235,31.19068531087748,30.119314689122522,,,,,21354584,0.79,0.72,0.4781483682206641,1.3636483901763858,-1.0724820324533417,-29.20555410863498,8.758546370095964,8.758546370095964,56.595479886491404,56.595479886491404,217.99676150819514,-188.7498985965805,,,6.333826575910033,13.742790259340783,7.627779455485455,,
1550068200,32.15,32.675,32.115,32.42,31.240132608574203,29.308003037707802,31.240132608574203,29.308003037707802,0,0,0,0,0,34.018475,30.254025,35.99945,28.273049999999998,32.235,31.193170888081436,30.116829111918566,,,,,26123306,0.79,0.72,0.4457452773776271,1.448908269253403,-1.0456268648134102,-14.440911888099164,27.44879730055681,27.44879730055681,46.87991902451321,46.87991902451321,217.99676150819514,-188.7498985965805,,,4.95708789582716,13.398252911752014,7.62244340841321,,
1550154600,32.305,32.77995,32.245,32.535,31.24217120476087,29.423785271523183,31.24217120476087,29.423785271523183,0,0,0,0,0,34.018475,30.254025,35.99945,28.273049999999998,32.235,30.864678041410148,29.81032195858985,,,,,20426818,0.8,0.72,0.38849803930045473,1.2496864450833938,-1.0039203351292787,-10.314937062928104,47.68644288095659,47.68644288095659,49.29949059384336,49.29949059384336,217.99676150819514,-188.7498985965805,,,4.572358686001781,13.052139412702985,7.616349333043757,,
1550241000,32.875,33.085,32.8,33.06,31.24530353002608,29.556574084404627,31.24530353002608,29.556574084404627,0,0,0,0,0,34.018475,30.254025,35.99945,28.273049999999998,32.235,30.860927644976037,29.81407235502396,,,,,20367676,0.82,0.73,0.3620917618051221,1.565755454067153,-0.9110598469088179,-8.129643076577665,57.74324718967437,57.74324718967437,77.85685580710994,77.85685580710994,217.99676150819514,-188.7498985965805,,,2.929860905593377,12.65518731438496,7.606985719802098,,
1550586600,32.895,33.285,32.8475,33.16,31.248523552943112,29.685999610506407,31.248523552943112,29.685999610506407,0,0,0,0,0,34.018475,30.254025,35.99945,28.273049999999998,32.235,30.860992322123515,29.814007677876486,,,,,17439262,0.83,0.73,0.3775513090681644,1.1932635440285586,-0.8941073632340869,-9.741738776432607,73.62937598661807,73.62937598661807,105.40163358050546,105.40163358050546,217.99676150819514,-188.7498985965805,,,2.7892867712341007,12.268289253869241,7.597359947677087,,
1550673000,33.11,33.465,33.105,33.3,31.25224648290726,29.820346684604196,31.25224648290726,29.820346684604196,0,0,0,0,0,34.018475,30.254025,35.99945,28.273049999999998,32.235,30.858311058750964,29.816688941249033,,,,,19871386,0.83,0.73,0.4302138237557607,1.0651572166830328,-0.9203739540099144,-6.053288290802989,93.29247550080147,93.29247550080147,132.6186745291683,132.6186745291683,217.99676150819514,-188.7498985965805,,,2.0272269902338036,11.866678969020793,7.586230810898979,,
1550759400,33.195,33.28,32.665,32.785,31.255091644779576,29.93234289305109,31.255091644779576,29.93234289305109,0,0,0,0,0,34.018475,30.254025,35.99945,28.273049999999998,32.235,30.859625280951445,29.815374719048556,,,,,23732232,0.82,0.73,0.2694884044200797,0.7836086722583945,-0.8284546395087556,-19.711990075178875,105.48867244655051,105.48867244655051,129.88106633804858,129.88106633804858,217.99676150819514,-188.7498985965805,,,3.3293873927197395,11.531883220930556,7.5777256292442745,,
1550845800,33.03,33.13,32.715,32.88,31.258030023111683,30.041888269794182,31.258030023111683,30.041888269794182,0,0,0,0,0,34.018475,30.254025,35.99945,28.273049999999998,32.235,30.85977326434617,29.815226735653827,,,,,19896516,0.81,0.73,0.7659565257457777,0.6325658863663828,-0.6170591638529119,-18.159864872408747,109.09636946864607,109.09636946864607,116.3117635128372,116.3117635128372,217.99676150819514,-188.7498985965805,,,3.181414619709961,11.204413864019944,7.568941791063387,,
1551105000,32.775,33.045,32.745,32.935,31.261021871217356,30.148302455292452,31.261021871217356,30.148302455292452,0,0,0,0,0,34.018475,30.254025,35.99945,28.273049999999998,32.235,30.84411870437739,29.830881295622603,,,,,31808916,0.81,0.73,0.8910370811344213,0.6182645209749063,-0.6231610653629744,-17.228589750746934,99.94871730291946,99.94871730291946,106.04715208007053,106.04715208007053,217.99676150819514,-188.7498985965805,,,3.0926309559041187,10.886304730368343,7.55999811307106,,
1551191400,32.905,33.13,32.82,32.83,31.264156093252886,30.253455300182942,31.264156093252886,30.253455300182942,0,0,0,0,0,34.018475,30.254025,35.99945,28.273049999999998,32.235,30.840793906617122,29.834206093382875,,,,,21101364,0.83,0.73,0.7355271450155051,0.6531992933833433,-0.5956490224548058,-14.900401946591854,82.1493747099876,82.1493747099876,98.08122629004289,98.08122629004289,217.99676150819514,-188.7498985965805,,,2.870671796389461,10.571966183937798,7.550628829721047,,
1551277800,32.99,33.295,32.8,32.955,31.267244492666965,30.3537080335091,31.267244492666965,30.3537080335091,0,0,0,0,0,34.018475,30.254025,35.99945,28.273049999999998,32.235,30.825820948550298,29.849179051449696,,,,,20588026,0.83,0.73,0.5610417112334973,0.7262553546297497,-0.6212315539689937,-15.52125202769995,99.07261880014578,99.07261880014578,101.05540382035156,101.05540382035156,217.99676150819514,-188.7498985965805,,,2.929860905593377,10.272275780865467,7.541396526176336,,
1551364200,32.96,33.005,32.42,32.625,31.269575073101198,30.43527634592051,31.269575073101198,30.43527634592051,0,0,0,0,0,34.018475,30.254025,35.99945,28.273049999999998,32.235,30.824225668495266,29.85077433150473,,,,,22498814,0.85,0.73,0.12153346399992218,0.566633115996018,-0.643054043080546,-27.31740356875177,62.969646902457015,62.969646902457015,87.03829483424953,87.03829483424953,217.99676150819514,-188.7498985965805,,,4.054453980467587,10.028439631830256,7.534429608003092,,
1551450600,32.8,33.23,32.8,33.225,31.272652645382713,30.52839884215892,31.272652645382713,30.52839884215892,0,0,0,0,0,34.730000000000004,31.534999999999997,35.995000000000005,30.269999999999992,32.8,30.82890778034117,29.84609221965883,,,,,40655996,0.84,0.73,0.40473243800414654,0.7908196055353474,-0.5041825404125576,-15.52125202769995,66.53704336552204,66.53704336552204,80.20454434467369,80.20454434467369,217.99676150819514,-188.7498985965805,,,2.929860905593377,9.750063995507242,7.525229670535739,,
1551709800,33.345,33.425,32.785,33.285,30.82309558139857,30.191753406420688,30.82309558139857,30.191753406420688,0,0,0,0,0,34.730000000000004,31.534999999999997,35.995000000000005,30.269999999999992,32.8,30.82477437237064,29.850225627629353,,,,,39560610,0.84,0.73,0.129862125059142,0.7042649023467972,-0.44103700800179124,-15.67351970996001,80.6545646072415,80.6545646072415,81.55460513237712,81.55460513237712,217.99676150819516,-180.77698111439454,,,1.5465465465465482,9.428357428881332,7.513284249708588,,
1551796200,33.33,33.345,32.94,33.175,30.827332353463703,30.299668959110072,30.827332353463703,30.299668959110072,0,0,0,0,0,34.730000000000004,31.534999999999997,35.995000000000005,30.269999999999992,32.8,30.824333844575587,29.850666155424406,,,,,31615098,0.84,0.73,0.008630818242365917,0.43310724578494497,-0.3946875649498001,-10.956246787544831,83.66995576823308,83.66995576823308,89.70073809021626,89.70073809021626,217.99676150819516,-180.77698111439454,,,1.0810810810810794,9.101013258379362,7.500432694926115,,
1551882600,32.905,32.975,32.59,32.755,30.830868352757484,30.389764294046934,30.830868352757484,30.389764294046934,0,0,0,0,0,34.730000000000004,31.534999999999997,35.995000000000005,30.269999999999992,32.8,30.826695391280133,29.848304608719864,,,,,45381846,0.83,0.73,-0.31217365774681277,0.5396004966159317,-0.31194874667486117,-21.213477418642448,63.08673722236059,63.08673722236059,76.80888291960892,76.80888291960892,217.9967615081951,-173.49332248661372,,,2.1321321321321136,8.827723802448098,7.489706819675777,,
1551969000,32.775,32.8,32.43,32.56,30.834080803601125,30.47011471388823,30.834080803601125,30.47011471388823,0,0,0,0,0,34.730000000000004,31.534999999999997,35.995000000000005,30.269999999999992,32.8,30.77901343991256,29.815986560087442,,,,,46892332,0.85,0.73,-0.13303726820553588,0.5993418598426046,-0.10253517998028634,-25.993979372139485,21.044372182958035,21.044372182958035,58.220712674058625,58.220712674058625,217.9967615081951,-173.49332248661372,,,2.612612612612605,8.583993951866313,7.479962375705621,,
1552055400,32.035,32.1,31.6525,31.95,30.835748923873652,30.51712884275536,30.835748923873652,30.51712884275536,0,0,0,0,0,34.730000000000004,31.534999999999997,35.995000000000005,30.269999999999992,32.8,30.543168986388004,29.601831013612,,,,,31345984,0.87,0.73,-0.5562627081569467,0.32159522936098284,-0.30144849829530795,-57.09704509457932,-29.445015655822978,-29.445015655822978,28.998803230764757,28.998803230764757,217.99676150819514,-236.10737586534756,,,4.9474474474474395,8.441384285026357,7.474902405818991,,
1552311000,32.185,32.525,32.155,32.45,30.838407667282496,30.581808103823775,30.838407667282496,30.581808103823775,0,0,0,0,0,34.730000000000004,31.534999999999997,35.995000000000005,30.269999999999992,32.8,30.541726707179617,29.603273292820383,,,,,26424178,0.85,0.73,-0.2881312458262704,0.3536341138812214,-0.1550069274218887,-45.87627859533066,-53.53794143289653,-53.53794143289653,1.4865550095443254,1.4865550095443254,217.99676150819514,-236.10737586534756,,,3.4384384384384266,8.245190330258204,7.466837542747301,,
1552397400,32.505,32.825,32.495,32.66,30.84173362598922,30.657150923281666,30.84173362598922,30.657150923281666,0,0,0,0,0,34.730000000000004,31.534999999999997,35.995000000000005,30.269999999999992,32.8,30.54180514395333,29.603194856046674,,,,,22026278,0.83,0.73,-0.10131583246944423,0.547592570881379,0.007997496495525915,-34.711969362558506,-49.76399077119935,-49.76399077119935,-15.596960250703567,-15.596960250703567,217.99676150819514,-236.10737586534756,,,2.4174174174174166,8.016650216029154,7.456748791248141,,
1552483800,32.865,33.005,32.73,32.99,30.845517774588643,30.738662651780423,30.845517774588643,30.738662651780423,0,0,0,0,0,34.730000000000004,31.534999999999997,35.995000000000005,30.269999999999992,32.8,30.53915547336688,29.605844526633124,,,,,26413580,0.81,0.73,0.020765472659891083,0.6304481395298117,-0.07518189929161471,-24.578661536221574,-25.720487107284274,-25.720487107284274,-18.971469202897136,-18.971469202897136,217.99676150819514,-236.10737586534756,,,1.7117117117117127,7.769397725663764,7.445270195684632,,
1552570200,33.02,33.19,32.9825,33.025,30.849793813001057,30.82678078308315,30.849793813001057,30.82678078308315,0,0,0,0,0,34.730000000000004,31.534999999999997,35.995000000000005,30.269999999999992,32.8,30.539154715091875,29.605845284908128,,,,,24640840,0.81,0.73,0.23984029547127864,0.4776426939021058,-0.10777144753974394,-13.690745680263568,-12.068765496893953,-12.068765496893953,1.7366419151124148,1.7366419151124148,217.99676150819514,-236.10737586534756,,,0.9534534534534398,7.502105793420222,7.4322995328629915,,
1552656600,32.74,32.855,32.63,32.755,30.85336405513292,30.89775800727597,30.85336405513292,30.89775800727597,0,0,0,0,0,34.730000000000004,31.534999999999997,35.995000000000005,30.269999999999992,32.8,30.540185735451637,29.60481426454837,,,,,24854718,0.81,0.73,-0.2765278528801678,0.30613076311196147,-0.21357806983417452,-31.933172730154514,-4.57790785304954,-4.57790785304954,10.403807434639287,10.403807434639287,217.99676150819514,-236.10737586534756,,,2.012012012011996,7.28680799807088,7.421469787566586,,
1552915800,32.795,33.265,32.78,33.21,30.85722386721058,30.971775340323973,30.85722386721058,30.971775340323973,0,0,0,0,0,34.730000000000004,31.534999999999997,35.995000000000005,30.269999999999992,32.8,30.54274462855727,29.602255371442734,,,,,20135818,0.8,0.73,-0.04392384922633566,0.26536321443748345,-0.10964318574491884,-28.41087519202682,10.744931169268552,10.744931169268552,41.39060921390474,41.39060921390474,217.99676150819514,-236.10737586534756,,,1.5615615615615497,7.0622885299724745,7.40976167922292,,
1553002200,33.375,33.545,32.985,33.12,30.861481461881485,31.0508488563897,30.861481461881485,31.0508488563897,0,0,0,0,0,34.730000000000004,31.534999999999997,35.995000000000005,30.269999999999992,32.8,30.574719797025793,29.650280202974212,,,,,25051912,0.8,0.73,-0.0323823968436099,0.20806417984315217,-0.23222477246941653,-24.63753888841586,33.47066658683128,33.47066658683128,78.92213742195673,78.92213742195673,217.99676150819514,-236.10737586534756,,,0.9459459459459393,6.822431958049865,7.396846962473116,,
1553088600,33.09,33.7095,32.99,33.41,30.967483785458352,31.22560670924278,30.967483785458352,31.22560670924278,0,0,0,0,0,34.730000000000004,31.534999999999997,35.995000000000005,30.269999999999992,32.8,30.65307315758168,29.736426842418318,,,,,27325726,0.78,0.73,0.3950053851952014,0.294130607820116,-0.20895374198916464,-55.71858682315205,60.512571434511905,60.512571434511905,114.59638112987315,114.59638112987315,217.99676150819514,-236.10737586534756,,,1.257108650104743,6.604183985189272,7.384579753057795,,
1553175000,33.31,33.7,33.24,33.645,31.189416940162047,31.515783562448252,31.189416940162047,31.515783562448252,0,0,0,0,0,34.730000000000004,31.534999999999997,35.995000000000005,30.269999999999992,32.8,30.643055366581,29.746444633419003,,,,,35756092,0.76,0.73,0.678598408914572,0.47821909795092804,-0.27581973622925876,-58.230208400922066,87.47203165323924,87.47203165323924,141.3909520906939,141.3909520906939,217.99676150819514,-236.10737586534756,,,1.2037449843959016,6.3924020635895324,7.372230432840689,,
1553261400,33.34,33.395,32.61,32.735,31.19227594727461,31.559099893332633,31.19227594727461,31.559099893332633,0,0,0,0,0,34.730000000000004,31.534999999999997,35.995000000000005,30.269999999999992,32.8,30.653722314117513,29.735777685882482,,,,,39949950,0.75,0.72,0.49434118596028487,0.4115211969106465,-0.30786944319965115,-148.8105325801343,95.77342922696637,95.77342922696637,112.37622437442063,112.37622437442063,217.99676150819514,-236.10737586534756,,,3.0762371823450843,6.262356381972103,7.363647029742795,,
1553520600,32.595,32.805,32.435,32.75,31.194783088239095,31.593923426927432,31.194783088239095,31.593923426927432,0,0,0,0,0,34.730000000000004,31.534999999999997,35.995000000000005,30.269999999999992,32.8,30.639313132959497,29.750186867040497,,,,,24693074,0.73,0.72,0.1862147269939409,0.4729988343221874,-0.294047099316466,-173.97173374102607,66.24774574477276,66.24774574477276,85.93153473290184,85.93153473290184,217.99676150819514,-236.10737586534756,,,3.5963739039976246,6.157808049502516,7.356120010510537,,
1553607000,33.13,33.445,33.04,33.22,31.19848192322763,31.650869567047927,31.19848192322763,31.650869567047927,0,0,0,0,0,34.730000000000004,31.534999999999997,35.995000000000005,30.269999999999992,32.8,30.63404848011276,29.755451519887238,,,,,23033086,0.72,0.72,0.3464297300996165,0.5902565275448004,-0.0642553027518153,-86.98586687051353,49.705514978082235,49.705514978082235,73.85619481462864,73.85619481462864,217.99676150819514,-236.10737586534756,,,1.7981869519988227,5.986842516267077,7.345015249154869,,
1553693400,33.195,33.345,32.7325,32.985,31.201565126178224,31.69364428990879,31.201565126178224,31.69364428990879,0,0,0,0,0,34.730000000000004,31.534999999999997,35.995000000000005,30.269999999999992,32.8,30.602313033633873,29.78718696636612,,,,,19165294,0.71,0.72,-0.0030923979902203677,0.3550201898932277,0.04462194097227823,-131.19769176750944,34.132262482142266,34.132262482142266,60.61488403713318,60.61488403713318,217.99676150819514,-236.10737586534756,,,2.7121414771882937,5.858422867675753,7.335758758101989,,
1553779800,32.845,33.15,32.78,33.11,31.204736124927116,31.736585690304526,31.204736124927116,31.736585690304526,0,0,0,0,0,34.730000000000004,31.534999999999997,35.995000000000005,30.269999999999992,32.8,31.023915975499687,30.325584024500312,,,,,18298318,0.7,0.73,0.05254066102493306,0.2508388989995577,0.08215771448458255,-124.36822288098163,22.52112451903009,22.52112451903009,47.91696419776548,47.91696419776548,217.99676150819514,-236.10737586534756,,,2.5709615098826033,5.729502814428963,7.326238683679972,,
1553866200,33.43,33.51,32.95,33.06,31.20823705175044,31.784443114214152,31.20823705175044,31.784443114214152,0,0,0,0,0,34.730000000000004,31.534999999999997,35.995000000000005,30.269999999999992,32.8,31.244289875811955,30.540760124188047,,,,,20075242,0.65,0.73,0.19036480757833443,0.19046373367103378,-0.027714322693301617,-99.925913181829,22.838210288176473,22.838210288176473,39.55737956123581,39.55737956123581,217.99676150819514,-236.10737586534756,,,2.065685837420123,5.585823717291361,7.31572808858255,,
1554125400,33.28,33.565,33.235,33.495,31.21229471997871,31.841488482284184,31.21229471997871,31.841488482284184,0,0,0,0,0,34.738,32.2515,35.76649999999999,31.223000000000003,33.28,31.244566702168317,30.540483297831685,,,,,24823494,0.65,0.73,0.17483141948836067,0.15476376258252447,-0.01920595230461784,-58.949099862662216,44.77247256525391,44.77247256525391,55.20265857329012,55.20265857329012,217.99676150819514,-236.10737586534756,,,1.218606033585982,5.41456027871468,7.303546026534605,,
1554211800,33.58,33.6075,33.185,33.265,31.216245379878853,31.894355600625982,31.216245379878853,31.894355600625982,0,0,0,0,0,34.738,32.2515,35.76649999999999,31.223000000000003,33.28,31.2462731872488,30.538776812751202,,,,,22304864,0.66,0.72,0.08963199177486016,0.03742825011536328,-0.06401680281699894,-66.13801448005958,54.77515850621952,54.77515850621952,74.78053038815074,74.78053038815074,217.99676150819514,-236.10737586534756,,,1.367216525486702,5.255840915842994,7.291685228330713,,
1554298200,33.36,33.425,32.8275,32.945,31.219481003495478,31.931270086875944,31.219481003495478,31.931270086875944,0,0,0,0,0,34.738,32.2515,35.76649999999999,31.223000000000003,33.28,31.518071470395462,30.811428529604537,,,,,23979574,0.66,0.72,-0.284569596241051,-0.12584486888692406,0.09757255963068225,-117.53875399445384,55.293819425596915,55.293819425596915,56.3311412643517,56.3311412643517,217.99676150819514,-236.10737586534756,,,2.4297815425769134,5.1450150580678535,7.281971135052483,,
1554384600,32.965,33.245,32.805,33.22,31.222665656835147,31.965863416802378,31.222665656835147,31.965863416802378,0,0,0,0,0,34.738,32.2515,35.76649999999999,31.223000000000003,33.28,31.849494914661634,31.140005085338363,,,,,21008764,0.64,0.73,-0.25938550401639543,0.1573007327473014,0.047720124696259456,-120.77376557228298,36.71706152563677,36.71706152563677,49.10156679227687,49.10156679227687,217.99676150819514,-236.10737586534756,,,2.496656263932244,5.041157850454693,7.272410066378916,,
1554471000,33.31,33.8425,33.295,33.805,31.375000212917794,32.1642398610901,31.375000212917794,32.1642398610901,0,0,0,0,0,34.738,32.2515,35.76649999999999,31.223000000000003,33.28,32.14225373864364,31.46024626135636,,,,,34538476,0.69,0.73,0.6732090594038925,0.33452441180105164,0.3974570190969954,-72.97987071391624,51.944630410628214,51.944630410628214,57.6307576473309,57.6307576473309,217.99676150819514,-236.10737586534756,,,1.5086525661884278,4.902628231463859,7.260894067377537,,
1554730200,33.855,34.125,33.815,33.955,31.518817549892617,32.366153204904954,31.518817549892617,32.366153204904954,0,0,0,0,0,34.738,32.2515,35.76649999999999,31.223000000000003,33.28,32.6298736061713,31.945126393828705,,,,,21204276,0.62,0.74,0.7575323240949221,0.3681351641259979,0.32161319420153367,-19.945188939672416,63.69524445785058,63.69524445785058,87.19647255229532,87.19647255229532,217.99676150819514,-236.10737586534756,,,0.4123104108378754,4.7265373365373495,7.247210583548287,,
1554816600,33.855,33.855,33.435,33.54,31.522656475866857,32.40827268706554,31.522656475866857,32.40827268706554,0,0,0,0,0,34.738,32.2515,35.76649999999999,31.223000000000003,33.28,32.734698377705556,32.04030162229446,,,,,29083852,0.58,0.73,0.19951863074065307,0.25861871177878387,0.2550777635414832,-74.08213034735381,73.37149107970437,73.37149107970437,92.72398432341197,92.72398432341197,217.99676150819514,-236.10737586534756,,,1.5314386688263764,4.601239349568292,7.235790459842549,,
1554903000,33.615,33.82,33.575,33.665,31.526764654736255,32.45417571894533,31.526764654736255,32.45417571894533,0,0,0,0,0,34.738,32.2515,35.76649999999999,31.223000000000003,33.28,32.729851295273455,32.04514870472654,,,,,18751972,0.58,0.73,0.43190327680590834,0.26059764103433963,0.16238217612586872,-54.1369414076814,79.40260801130042,79.40260801130042,91.46484187449252,91.46484187449252,217.99676150819514,-236.10737586534756,,,1.119128257988501,4.464685973427908,7.223569356542141,,
1554989400,33.635,33.9225,33.4275,33.69,31.530572867214303,32.492552161339624,31.530572867214303,32.492552161339624,0,0,0,0,0,34.738,32.2515,35.76649999999999,31.223000000000003,33.28,32.72979122723985,32.04520877276015,,,,,21828468,0.57,0.73,0.3670309827024048,0.3948865791236537,0.12127066087066987,-75.15062261197914,83.07851990519933,83.07851990519933,90.43034369299717,90.43034369299717,217.99676150819514,-236.10737586534756,,,1.5535267265498345,4.3505228657072,7.21224060003866,,
1555075800,34.175,34.2,33.695,33.78,31.534902591755333,32.539808939326306,31.534902591755333,32.539808939326306,0,0,0,0,0,34.738,32.2515,35.76649999999999,31.223000000000003,33.28,32.76645460395106,32.08354539604893,,,,,30853682,0.57,0.74,0.45832822318202593,0.20296180672836892,0.1538602892112813,-37.041065173676905,90.62207610916639,90.62207610916639,105.70918851710049,105.70918851710049,217.99676150819514,-236.10737586534756,,,0.7657193344131882,4.209942335068219,7.199360437669778,,
1555335000,33.74,33.82,33.525,33.58,31.538887401761816,32.57861251033312,31.538887401761816,32.57861251033312,0,0,0,0,0,34.738,32.2515,35.76649999999999,31.223000000000003,33.28,32.767400737011,32.082599262988985,,,,,16601960,0.57,0.73,0.05352351971201249,0.10792412808433566,-0.0436933727321939,-56.14128342023513,88.08530501637097,88.08530501637097,89.77648574490125,89.77648574490125,180.0515566131099,-236.10737586534756,,,1.266381976144897,4.094508595502599,7.187506334849549,,
1555421400,33.7,33.85,33.5775,33.8,31.54296809626379,32.61793260796711,31.54296809626379,32.61793260796711,0,0,0,0,0,34.738,32.2515,35.76649999999999,31.223000000000003,33.28,32.76793941958195,32.08206058041805,,,,,16260674,0.58,0.72,0.33890466982403805,0.2292027147792041,0.2097382031863151,-49.28682439799685,84.39873698000031,84.39873698000031,87.9839028232676,87.9839028232676,180.0515566131099,-236.10737586534756,,,1.1117655720806883,3.977538280858602,7.175366992666195,,
1555507800,34.005,34.08,33.7075,33.755,31.54729778038714,32.66075779981154,31.54729778038714,32.66075779981154,0,0,0,0,0,34.738,32.2515,35.76649999999999,31.223000000000003,33.28,32.76794495974975,32.082055040250246,,,,,21869244,0.59,0.71,0.531133041202712,0.3807760120732136,0.34423033751922505,-32.31387824769287,89.82229391740411,89.82229391740411,93.49907610567715,93.49907610567715,180.0515566131099,-236.10737586534756,,,0.7289059048740839,3.850140932780778,7.162486950532744,,
1555594200,33.85,33.895,33.51,33.595,31.5512281544523,32.69423592530913,31.5512281544523,32.69423592530913,0,0,0,0,0,34.738,32.2515,35.76649999999999,31.223000000000003,33.28,32.76729552907033,32.08270447092966,,,,,19519306,0.58,0.71,0.24505247584061846,0.3984031662766108,0.35237579636116184,-58.09970028373178,71.92849917518328,71.92849917518328,83.85769566999717,83.85769566999717,180.0515566131099,-236.10737586534756,,,1.3105580915918136,3.7505494488125835,7.150794784980415,,
1555939800,33.905,34.3275,33.81,34.305,31.880323776095725,33.06197398631335,31.880323776095725,33.06197398631335,0,0,0,0,0,34.738,32.2515,35.76649999999999,31.223000000000003,33.28,32.83249327032695,32.14500672967304,,,,,28329314,0.56,0.71,0.32568394064006523,0.9370584940755237,0.6447226964525041,-65.10689295653174,85.58484291268007,85.58484291268007,89.03913739804588,89.03913739804588,187.45833974259605,-236.10737586534756,,,1.442938347179704,3.6600548958073724,7.13939047641338,,
1556026200,34.33,34.405,34.0268,34.25,31.884617998321307,33.09991939861479,31.884617998321307,33.09991939861479,0,0,0,0,0,34.738,32.2515,35.76649999999999,31.223000000000003,33.28,32.85833383750498,32.19666616249503,,,,,20424442,0.58,0.71,0.19223341725100276,0.7086108237269292,0.6324498415181111,-37.12767089266245,93.55530608698449,93.55530608698449,109.4962324355933,109.4962324355933,187.45833974259605,-236.10737586534756,,,0.8109605013846326,3.5483257038692257,7.126746260679058,,
1556112600,34.28,34.3,33.635,33.65,31.888128651671316,33.121165696708324,31.888128651671316,33.121165696708324,0,0,0,0,0,34.738,32.2515,35.76649999999999,31.223000000000003,33.28,32.89688292308297,32.223117076917035,,,,,22038102,0.58,0.7,0.07201214653563526,0.38426826234077577,0.4575852342542163,-89.41602982776445,93.90096457106178,93.90096457106178,94.59228153921637,94.59228153921637,187.45833974259605,-236.10737586534756,,,1.9530680658796145,3.4857665808108096,7.116409241308829,,
1556199000,33.645,33.82,33.47,33.545,31.891305917102542,33.13517292428839,31.891305917102542,33.13517292428839,0,0,0,0,0,34.738,32.2515,35.76649999999999,31.223000000000003,33.28,32.944952109495766,32.27004789050424,,,,,24121826,0.58,0.7,-0.07877868188113839,0.2146624703414976,0.4115910955315326,-111.43639538236297,58.860937937013716,58.860937937013716,82.22095569304575,82.22095569304575,187.45833974259605,-236.10737586534756,,,2.4340475149395155,3.4445226958746806,7.107053873224175,,
1556285400,33.3,33.31,32.82,33.11,31.893191120065374,33.12339555470845,31.893191120065374,33.12339555470845,0,0,0,0,0,34.738,32.2515,35.76649999999999,31.223000000000003,33.28,32.946518809932925,32.26848119006708,,,,,33676772,0.57,0.7,-0.3792493549771272,0.03273507500168698,0.4884330076725032,-198.18328999138777,10.693993348074024,10.693993348074024,58.37863491138851,58.37863491138851,187.45833974259605,-236.10737586534756,,,4.328815041539133,3.479200827077208,7.101502946487542,,
1556544600,33.12,33.2575,33.015,33.08,31.895458270674634,33.11965063099439,31.895458270674634,33.11965063099439,0,0,0,0,0,34.738,32.2515,35.76649999999999,31.223000000000003,33.28,33.006749362787296,32.33325063721271,,,,,25949082,0.58,0.7,-0.456524642120791,0.12620337225651654,0.6264161709190207,-172.1592216086802,-27.82716986450429,-27.82716986450429,29.643366652757578,29.643366652757578,187.45833974259605,-236.10737586534756,,,3.760384783559245,3.4902276489000332,7.09482738572245,,
1556631000,33.4,33.4225,33.015,33.055,31.897720891512446,33.11605256703383,31.897720891512446,33.11605256703383,0,0,0,0,0,34.738,32.2515,35.76649999999999,31.223000000000003,33.28,33.006707190733614,32.333292809266396,,,,,28654306,0.6,0.71,-0.34863823181826037,-0.06008950050017128,0.8229958325137907,-172.1592216086802,-55.912282468256954,-55.912282468256954,1.124816945752734,1.124816945752734,187.45833974259605,-236.10737586534756,,,3.760384783559245,3.5008220463376496,7.088165162741105,,
1556717400,33.065,33.165,32.37,32.395,31.89870316745348,33.08755442715015,31.89870316745348,33.08755442715015,0,0,0,0,0,33.864999999999995,32.004999999999995,34.665,31.205,33.065,33.01303204887029,32.32696795112971,,,,,44311982,0.62,0.72,-0.9368805315235063,-0.2848469945252225,0.7625224711295385,-228.2305814360003,-96.50128139052379,-96.50128139052379,-31.417215833006104,-31.417215833006104,187.45833974259608,-239.33284754272464,,,5.640577175338878,3.584734012180835,7.085272879049992,,
1556803800,32.19,32.385,31.815,31.83,31.89858567860742,33.038626802556024,31.89858567860742,33.038626802556024,0,0,0,0,0,33.864999999999995,32.004999999999995,34.665,31.205,33.065,33.01977460437549,32.32022539562451,,,,,56066024,0.69,0.72,-1.2865002944288293,-0.615938360049723,0.8507073749815173,-228.23058143600036,-140.06597788665727,-140.06597788665727,-67.63346985088981,-67.63346985088981,187.45833974259608,-239.33284754272464,,,7.258417140358543,3.728800017207412,7.085618821630029,,
1556890200,32.13,32.3775,32.055,32.125,31.898943149779033,33.000935555396964,31.898943149779033,33.000935555396964,0,0,0,0,0,33.864999999999995,32.004999999999995,34.665,31.205,33.065,33.014550679396024,32.32544932060398,,,,,39249118,0.68,0.72,-0.9857654103941729,-0.587615595679721,1.0894160448206278,-206.23245310481974,-160.53422767197083,-160.53422767197083,-98.60038912458347,-98.60038912458347,187.45833974259608,-239.33284754272464,,,6.558810668998688,3.83978082708158,7.084566257888508,,
1557149400,31.88,32.2575,31.85,32.155,31.89889441221704,32.95676357283238,31.89889441221704,32.95676357283238,0,0,0,0,0,33.864999999999995,32.004999999999995,34.665,31.205,33.065,33.014429630443026,32.32557036955698,,,,,40689314,0.72,0.73,-1.4209565805823818,-0.23192885947023703,1.469671076092007,-225.02252105436983,-166.54324327415637,-166.54324327415637,-121.2480071744411,-121.2480071744411,187.45833974259608,-239.33284754272464,,,7.156391196618564,3.9698439788281283,7.084709764259596,,
1557235800,31.775,31.9,31.4675,31.875,31.898089178626194,32.89947382487817,31.898089178626194,32.89947382487817,0,0,0,0,0,33.864999999999995,32.004999999999995,34.665,31.205,33.065,33.016116790781815,32.32388320921818,,,,,30129436,0.74,0.73,-1.5689522419667905,-0.34901396716598654,0.8651057011564383,-228.2305814360004,-184.44692242423474,-184.44692242423474,-142.31431225770564,-142.31431225770564,187.45833974259608,-239.33284754272464,,,8.271389010348342,4.138532019279902,7.087080751764269,,
1557322200,31.86,32.14,31.79,31.875,31.897923465981584,32.85695132194177,31.897923465981584,32.85695132194177,0,0,0,0,0,33.864999999999995,32.004999999999995,34.665,31.205,33.065,33.01487851438877,32.325121485611234,,,,,19647414,0.74,0.73,-1.193929258090965,-0.5290872976017874,0.8215350104981851,-202.29071799525687,-200.22686833109785,-200.22686833109785,-161.61849761550303,-161.61849761550303,187.45833974259608,-239.33284754272464,,,7.331292814458536,4.263738324973182,7.0875686879534685,,
1557408600,31.725,31.995,31.4566,31.875,31.8970986119037,32.80315260343425,31.8970986119037,32.80315260343425,0,0,0,0,0,33.864999999999995,32.004999999999995,34.665,31.205,33.065,33.002421221882734,32.33757877811727,,,,,28819088,0.73,0.73,-1.1270798071522405,-0.43985735370914986,0.8862656012328604,-228.23058143600036,-212.7305170920661,-212.7305170920661,-178.65583744102406,-178.65583744102406,187.45833974259608,-239.33284754272464,,,8.303162804255933,4.422147128082309,7.0899974474266,,
1557495000,31.875,32.105,31.425,32.025,31.896212900391404,32.75023681506428,31.896212900391404,32.75023681506428,0,0,0,0,0,33.864999999999995,32.004999999999995,34.665,31.205,33.065,33.151348398586315,32.48365160141369,,,,,26149908,0.7,0.72,-0.7518420950080917,-0.434076235941014,0.8934622468300252,-228.23058143600036,-207.81243321847282,-207.81243321847282,-188.37470270017366,-188.37470270017366,187.45833974259608,-239.33284754272464,,,8.395277656318319,4.57795616840529,7.0926053998919185,,
1557754200,31.735,31.8875,31.325,31.475,31.89513115633468,32.69551380270882,31.89513115633468,32.69551380270882,0,0,0,0,0,33.864999999999995,32.004999999999995,34.665,31.205,33.065,33.20648557941755,32.52351442058245,,,,,28140044,0.71,0.73,-1.1142694474486312,-0.6356916058312785,0.5851397357052103,-228.23058143600036,-229.14377206942453,-229.14377206942453,-201.96439248992394,-201.96439248992394,187.45833974259608,-239.33284754272464,,-249.14377206942453,8.686780352718264,4.739086528574426,7.09579056463283,,
1557840600,31.645,32.1275,31.615,31.86,31.894625199978368,32.654195614367296,31.894625199978368,32.654195614367296,0,0,0,0,0,33.864999999999995,32.004999999999995,34.665,31.205,33.065,33.206227432662075,32.523772567337936,,,,,18483912,0.71,0.73,-0.8403101019924483,-0.6550674020321314,0.7788108745772784,-206.0202228398796,-208.52329101229893,-208.52329101229893,-204.15069199738227,-204.15069199738227,187.45833974259608,-239.33284754272464,,-228.52329101229893,7.841422533158436,4.860746764048309,7.097280338795719,,
1557927000,31.68,32.095,31.595,32.025,31.894080694084305,32.61372127654897,31.894080694084305,32.61372127654897,0,0,0,0,0,33.864999999999995,32.004999999999995,34.665,31.205,33.065,33.20296022016454,32.52703977983546,,,,,20184686,0.71,0.73,-0.2664945319889706,-0.5021553484411105,0.5430131308617789,-207.55197170857753,-191.3781881718235,-191.3781881718235,-165.83318052070598,-165.83318052070598,187.45833974259608,-239.33284754272464,,,7.899723072438422,4.979922305553804,7.0988836209808195,,
1558013400,32.105,32.32,32.105,32.2,31.894546067322896,32.594634167664694,31.894546067322896,32.594634167664694,0,0,0,0,0,33.864999999999995,32.004999999999995,34.665,31.205,33.065,33.203412553714934,32.52658744628507,,,,,18753238,0.7,0.72,0.27742382447946734,-0.3115909264838385,0.4765857281162345,-168.49237555677897,-162.55401168947907,-162.55401168947907,-104.90565872479026,-104.90565872479026,187.45833974259608,-239.33284754272464,,,6.413059320798725,5.036123757132036,7.097513342658777,,
1558099800,31.985,32.16,31.835,31.875,31.894476444810763,32.56581321991314,31.894476444810763,32.56581321991314,0,0,0,0,0,33.864999999999995,32.004999999999995,34.665,31.205,33.065,33.19900710273598,32.53099289726402,,,,,21111598,0.69,0.72,-0.1872150556748143,-0.5623490009538873,0.3300341843792182,-189.17098528420152,-131.48270310159626,-131.48270310159626,-69.34008592583066,-69.34008592583066,187.45833974259608,-239.33284754272464,,,7.200116601078557,5.1209862216005275,7.097718344174101,,
1558359000,31.88,32.04,31.825,31.89,31.89438718118477,32.53773427011262,31.89438718118477,32.53773427011262,0,0,0,0,0,33.864999999999995,32.004999999999995,34.665,31.205,33.065,33.19870005108183,32.531299948918175,,,,,16372648,0.71,0.72,-0.2092360675572043,-0.830359961002681,0.21497335615759713,-189.9368597185506,-105.20153639718859,-105.20153639718859,-52.63920298837323,-52.63920298837323,187.45833974259608,-239.33284754272464,,,7.229266870718555,5.2036638941149596,7.097981178392971,,
1558445400,32.025,32.35,31.985,32.26,31.894614579424157,32.516968220304285,31.894614579424157,32.516968220304285,0,0,0,0,0,33.864999999999995,32.004999999999995,34.665,31.205,33.065,33.20185884703871,32.528141152961304,,,,,36760900,0.7,0.71,0.3496831430711413,-0.8343907894053583,0.33106350543506086,-177.6828687689667,-73.80106480375869,-73.80106480375869,-11.000121616898888,-11.000121616898888,187.45833974259608,-239.33284754272464,,,6.762862556478648,5.26480893969785,7.097311610716819,,
1558531800,32.065,32.14,31.655,31.76,31.894188776068667,32.48420476068451,31.894188776068667,32.48420476068451,0,0,0,0,0,33.864999999999995,32.004999999999995,34.665,31.205,33.065,33.201885077039435,32.52811492296057,,,,,19274242,0.7,0.72,-0.10332698948084937,-0.8775309562346603,0.2324663465897387,-199.0635673300383,-52.71811893079748,-52.71811893079748,-10.552227184875056,-10.552227184875056,187.45833974259608,-239.33284754272464,,,7.72482145459845,5.361280018713559,7.0985653766386605,,
1558618200,31.23,31.255,30.51,30.695,31.891498988304292,32.40827320144198,31.891498988304292,32.40827320144198,0,0,0,0,0,33.864999999999995,32.004999999999995,34.665,31.205,33.065,32.816694676978166,32.09830532302184,,,,,47927226,0.7,0.71,-1.0148730814019802,-1.3963591097575867,-0.06942991076420685,-296.9817792181907,-50.06204662473603,-50.06204662473603,-44.74990201261311,-44.74990201261311,187.45833974259608,-367.8975873954206,,,11.062527328377781,5.584858344582744,7.106485380538239,,
1558704600,30.94,31.06,30.5425,30.81,31.888878860455534,32.336581115110924,31.888878860455534,32.336581115110924,0,0,0,0,0,33.864999999999995,32.004999999999995,34.665,31.205,33.065,32.81705849370512,32.09794150629489,,,,,20306762,0.69,0.72,-1.0405195165531973,-1.3536112039157187,-0.06774043164845646,-284.86588700844965,-74.09871777238973,-74.09871777238973,-58.07427034062059,-58.07427034062059,187.45833974259608,-367.8975873954206,,,10.967788952047805,5.7959536625225505,7.114200272789008,,
1559050200,30.83,30.885,30.445,30.49,31.886071110484593,32.26391518902814,31.886071110484593,32.26391518902814,0,0,0,0,0,33.864999999999995,32.004999999999995,34.665,31.205,33.065,32.786112876453195,32.063887123546806,,,,,25861284,0.71,0.72,-0.8662147763584785,-1.5564340437563338,-0.15178970737187247,-256.1670446167139,-95.73805803183055,-95.73805803183055,-70.62886623769057,-70.62886623769057,187.45833974259608,-367.8975873954206,,,11.252004081037747,6.009916424032951,7.122467613065229,,
1559136600,30.07,30.3125,29.89,30.295,31.882171168205904,32.17255184828194,31.882171168205904,32.17255184828194,0,0,0,0,0,33.864999999999995,32.004999999999995,34.665,31.205,33.065,32.50554725701654,31.789452742983464,,,,,33903170,0.71,0.72,-1.3628272767159448,-1.5669902765983779,-0.2926510101031606,-296.9817792181907,-118.63795297257985,-118.63795297257985,-86.63189514932033,-86.63189514932033,187.45833974259608,-367.8975873954206,,,12.869844046057425,6.278933193524106,7.133950882661617,,
1559223000,30.245,30.3,29.815,29.91,31.878130666371327,32.08185961893755,31.878130666371327,32.08185961893755,0,0,0,0,0,33.864999999999995,32.004999999999995,34.665,31.205,33.065,32.46888339228452,31.75111660771548,,,,,30347722,0.73,0.72,-1.9047323445813753,-1.9163948587663355,-0.6053752249209977,-296.98177921819064,-151.66829410741536,-151.66829410741536,-108.31069480201867,-108.31069480201867,187.45833974259608,-367.8975873954206,,,13.088471068357377,6.54597389449796,7.14584802588978,,
1559309400,29.5,29.77,29.385,29.385,31.87324768801694,31.978029829959606,31.87324768801694,31.978029829959606,0,0,0,0,0,33.864999999999995,32.004999999999995,34.665,31.205,33.065,32.24833839340593,31.541661606594072,,,,,43797084,0.73,0.72,-2.5130177440113863,-2.148600759342186,-0.5646341596083225,-281.5207866563435,-182.55974881731822,-182.55974881731822,-133.0603794737852,-133.0603794737852,187.45833974259608,-367.8975873954206,,,14.341932662877127,6.851697767767732,7.160225817372273,,
1559568600,29.585,29.905,29.54,29.76,31.86868105926965,31.884289444470994,31.86868105926965,31.884289444470994,0,0,0,0,0,31.475,27.495000000000005,33.364999999999995,25.605000000000004,29.585,32.252835857329565,31.53716414267044,,,,,36049322,0.75,0.72,-1.8991019305163968,-1.886332261672681,-0.3534626922118698,-255.4621112488408,-192.8824406213257,-192.8824406213257,-153.00106652296537,-153.00106652296537,187.45833974259608,-367.8975873954206,,,13.890103483457224,7.127713678186928,7.173672126395419,,
1559655000,30.04,30.345,29.96,30.275,31.864954323886494,31.810531034883898,31.864954323886494,31.810531034883898,0,0,0,0,0,31.475,27.495000000000005,33.364999999999995,25.605000000000004,29.585,32.26063633640563,31.529363663594367,,,,,29486854,0.73,0.72,-1.4465516580215918,-1.9373270176556965,-0.24362427553864247,-216.01575583541668,-166.17231170259225,-166.17231170259225,-157.391481582841,-157.391481582841,187.45833974259608,-367.8975873954206,,,12.665792158577464,7.344893226437537,7.1846453931929855,,
1559741400,30.335,30.345,29.76,29.94,31.860839430132476,31.73190040606492,31.860839430132476,31.73190040606492,0,0,0,0,0,31.475,27.495000000000005,33.364999999999995,25.605000000000004,29.585,32.25988749545942,31.530112504540593,,,,,31764108,0.74,0.72,-2.04533236532637,-2.0663140837951257,-0.45947419094916064,-234.79973460371377,-152.04313749397173,-152.04313749397173,-141.34644931623313,-141.34644931623313,187.45833974259608,-367.8975873954206,,,13.248797551377345,7.576418886239098,7.196761581321226,,
1559827800,30,30.61,30,30.495,31.857207483219124,31.6656709783761,31.857207483219124,31.6656709783761,0,0,0,0,0,31.475,27.495000000000005,33.364999999999995,25.605000000000004,29.585,32.26780554372846,31.522194456271546,,,,,64787830,0.72,0.72,-1.1184354122956817,-1.5200383504794377,-0.196817119720376,-212.25896008175735,-134.41248479364904,-134.41248479364904,-99.15117939300369,-99.15117939300369,187.45833974259608,-367.8975873954206,,,12.549191080017488,7.7714295605049175,7.207455746153786,,
1559914200,30.59,30.8275,30.515,30.635,31.854601474261642,31.622032900792725,31.854601474261642,31.622032900792725,0,0,0,0,0,31.475,27.495000000000005,33.364999999999995,25.605000000000004,29.585,32.26132604467681,31.528673955323203,,,,,31548142,0.74,0.72,-0.05485394326436557,-1.4054933843956472,-0.182621662307714,-163.8902147533922,-105.20666730038837,-105.20666730038837,-46.79503231386704,-46.79503231386704,187.45833974259608,-367.8975873954206,,,11.047952193557787,7.89992064415405,7.215129065729019,,
1560173400,30.8,31,30.68,30.725,31.85232704574164,31.586512002722422,31.85232704574164,31.586512002722422,0,0,0,0,0,31.475,27.495000000000005,33.364999999999995,25.605000000000004,29.585,32.25573276315853,31.53426723684148,,,,,19675650,0.76,0.73,-0.07743207933319719,-1.1672456649534184,-0.283458811113763,-148.39343226954713,-68.46458964529897,-68.46458964529897,5.019565664879835,5.019565664879835,187.45833974259608,-367.8975873954206,,,10.566972744497887,8.004510922598906,7.221826056096189,,
1560259800,30.995,31.095,30.775,30.785,31.850245073622276,31.556072316341147,31.850245073622276,31.556072316341147,0,0,0,0,0,31.475,27.495000000000005,33.364999999999995,25.605000000000004,29.585,32.25470333168368,31.535296668316327,,,,,19045258,0.75,0.72,0.27153074522307125,-1.1241156174930458,-0.3241461920176073,-139.4710423546061,-30.52041863867715,-30.52041863867715,45.3679233745665,45.3679233745665,187.45833974259608,-367.8975873954206,,,10.290045182917945,8.094139717121221,7.227956364041887,,
1560346200,30.585,30.655,30.2525,30.35,31.84713374480385,31.506541049033654,31.84713374480385,31.506541049033654,0,0,0,0,0,31.475,27.495000000000005,33.364999999999995,25.605000000000004,29.585,32.25574577458196,31.534254225418046,,,,,27632904,0.73,0.72,0.050732080968762264,-1.3202629160055315,-0.6014588759957172,-188.54418688678211,-6.284896399370325,-6.284896399370325,42.186148079243324,42.186148079243324,187.45833974259608,-367.8975873954206,,,11.813146771607633,8.23998313102265,7.237117583637423,,
1560432600,30.7,30.845,30.3419,30.705,31.844205467591454,31.46242300789508,31.844205467591454,31.46242300789508,0,0,0,0,0,31.475,27.495000000000005,33.364999999999995,25.605000000000004,29.585,32.25931618781956,31.53068381218045,,,,,24383878,0.75,0.71,0.7510042965303396,-0.8510200633461942,-0.525649848688358,-180.1477483773535,11.315487497184868,11.315487497184868,46.516255290295256,46.516255290295256,187.45833974259608,-367.8975873954206,,,11.552543361026093,8.369887453767882,7.245739812962875,,
1560519000,30.78,30.785,30.43225,30.505,31.841461755368496,31.423542791899195,31.841461755368496,31.423542791899195,0,0,0,0,0,31.475,27.495000000000005,33.364999999999995,25.605000000000004,29.585,32.258853623401436,31.53114637659857,,,,,15832832,0.74,0.71,1.0956263852915153,-0.690857962178137,-0.6075068757598014,-171.6620859687752,21.381605388485703,21.381605388485703,41.51384117108737,41.51384117108737,187.45833974259608,-367.8975873954206,,,11.289170674828743,8.484369148711446,7.253818595903666,,
1560778200,30.44,30.845,30.345,30.76,31.838550942670455,31.38279993731491,31.838550942670455,31.38279993731491,0,0,0,0,0,31.475,27.495000000000005,33.364999999999995,25.605000000000004,29.585,32.25587132525229,31.534128674747713,,,,,17590496,0.77,0.71,0.967198375100623,-0.7061181468801485,-0.4659305404629475,-179.85659670644492,29.35723293891585,29.35723293891585,45.30848803977615,45.30848803977615,187.45833974259608,-367.8975873954206,,,11.543506777437694,8.604335330230123,7.262389401461176,,
1560864600,30.96,31.37,30.905,31.185,31.836753638089696,31.36539601820452,31.836753638089696,31.36539601820452,0,0,0,0,0,31.475,27.495000000000005,33.364999999999995,25.605000000000004,29.585,32.260685836691756,31.52931416330825,,,,,34444288,0.78,0.71,0.8594495847457788,-0.49799589006850564,-0.12963348015028178,-127.26145615521276,44.32669328030764,44.32669328030764,74.26561396309123,74.26561396309123,187.45833974259608,-367.8975873954206,,,9.911091677598014,8.655580677185727,7.26768151390101,,
1560951000,31.14,31.33,30.985,31.15,31.83511816628532,31.351780488078855,31.83511816628532,31.351780488078855,0,0,0,0,0,31.475,27.495000000000005,33.364999999999995,25.605000000000004,29.585,32.25858044614307,31.53141955385694,,,,,17655330,0.79,0.71,1.163183196573901,-0.37795642388855366,-0.09755432450630999,-119.74786464789405,62.67219985767526,62.67219985767526,99.36321301241051,99.36321301241051,187.45833974259608,-367.8975873954206,,,9.677889520478065,8.695671220059936,7.272497114313752,,
1561037400,31.65,31.89,31.615,31.84,31.834732116003032,31.363157723840466,31.834732116003032,31.363157723840466,0,0,0,0,0,31.475,27.495000000000005,33.364999999999995,25.605000000000004,29.585,32.26866621679741,31.52133378320259,,,,,51907938,0.78,0.71,1.2497741378859366,-0.017963671736812778,0.06571695728208989,-61.47950791578794,84.90735169008876,84.90735169008876,129.37765535491576,129.37765535491576,195.7199348685665,-367.8975873954206,,,7.841422533158436,8.662171271553994,7.273633828437317,,
1561123800,31.6,31.8925,31.6,31.78,31.834317166720307,31.373506440552607,31.834317166720307,31.373506440552607,0,0,0,0,0,31.475,27.495000000000005,33.364999999999995,25.605000000000004,29.585,32.252908202961144,31.53709179703886,,,,,32714654,0.79,0.71,1.0592087232499903,-0.048764831878015856,-0.07080478464445256,-23.177853515990503,105.90546634626314,105.90546634626314,147.9016956586119,147.9016956586119,195.7199348685665,-367.8975873954206,,,7.885147937618418,8.631699768262402,7.274855634849268,,
1561383000,31.77,31.86,31.445,31.495,31.833596453100487,31.377431678177995,31.833596453100487,31.377431678177995,0,0,0,0,0,31.475,27.495000000000005,33.364999999999995,25.605000000000004,29.585,32.25449773713223,31.53550226286777,,,,,20793342,0.8,0.71,0.7134500576283332,-0.2720137436608653,-0.2707523353400485,-38.14688391173458,120.35564887341737,120.35564887341737,149.25601392772583,149.25601392772583,195.7199348685665,-367.8975873954206,,,8.336977117038332,8.620142017234008,7.276977755692802,,
1561469400,31.475,31.505,31.2075,31.245,31.83240739924814,31.371982396680817,31.83240739924814,31.371982396680817,0,0,0,0,0,31.475,27.495000000000005,33.364999999999995,25.605000000000004,29.585,32.250547545131646,31.53945245486836,,,,,23774666,0.8,0.71,0.42505698550595816,-0.12001345926308335,-0.3759638849456038,-61.08330145360039,121.69646230975208,121.69646230975208,124.37808918242152,124.37808918242152,195.7199348685665,-367.8975873954206,,,9.029296020988195,8.636187272283191,7.280478891087998,,
1561555800,31.56,31.965,31.48,31.725,31.831759732116772,31.377326224261964,31.831759732116772,31.377326224261964,0,0,0,0,0,31.475,27.495000000000005,33.364999999999995,25.605000000000004,29.585,32.255454574711386,31.53454542528862,,,,,28653568,0.8,0.71,1.2922955776373657,-0.06978229124348952,-0.38395030517903284,-34.76678027398593,123.02422603609511,123.02422603609511,125.67975348878117,125.67975348878117,195.7199348685665,-367.8975873954206,,,8.23495117329835,8.620452523303394,7.282385928614891,,
1561642200,31.725,31.82,31.425,31.49,31.83100456781684,31.380325195859534,31.83100456781684,31.380325195859534,0,0,0,0,0,31.475,27.495000000000005,33.364999999999995,25.605000000000004,29.585,32.25601645951504,31.533983540484968,,,,,21217996,0.8,0.71,0.7279095976362855,-0.2746128825732654,-0.47796663934439754,-40.078371704733755,116.56748203396982,116.56748203396982,120.87197803538669,120.87197803538669,195.7199348685665,-367.8975873954206,,,8.395277656318319,8.611622136362802,7.2846094885104025,,
1561728600,31.565,31.885,31.565,31.855,31.830527835413612,31.38864185484543,31.830527835413612,31.38864185484543,0,0,0,0,0,31.475,27.495000000000005,33.364999999999995,25.605000000000004,29.585,32.25932432714907,31.530675672850933,,,,,34739480,0.8,0.72,1.2531272586794429,-0.1751600392911704,-0.4095762796321764,-27.99338516000244,121.51003377436496,121.51003377436496,122.78614525232148,122.78614525232148,195.7199348685665,-367.8975873954206,,,7.987173881358397,8.587133969499885,7.286013213571038,,
1561987800,32.25,32.355,31.805,31.885,31.8305267807974,31.405950017400514,31.8305267807974,31.405950017400514,0,0,0,0,0,33.1775,31.0375,34.39,29.825,32.25,32.25516474999141,31.534835250008605,,,,,29827720,0.81,0.72,1.0377585224351742,0.005139481374617256,-0.2596427402784267,-7.71504736761444,126.23932892254889,126.23932892254889,135.69791921891678,135.69791921891678,195.7199348685665,-367.8975873954206,,,7.287567409998543,8.536170575009637,7.286016318858605,,
1562074200,31.79,31.855,31.235,31.375,31.829398255760843,31.400450016718143,31.829398255760843,31.400450016718143,0,0,0,0,0,33.1775,31.0375,34.39,29.825,32.25,32.25954794357784,31.530452056422167,,,,,24201030,0.79,0.72,0.17451988577417626,-0.2670724865781644,-0.43703931201128493,-62.684759861866105,103.93733931402389,103.93733931402389,118.80533238637389,118.80533238637389,195.7199348685665,-367.8975873954206,,,8.94913277947821,8.552365171263306,7.289339228869833,,
1562160600,31.42,31.525,31.23,31.5,31.82826209540967,31.39497158468998,31.82826209540967,31.39497158468998,0,0,0,0,0,33.1775,31.0375,34.39,29.825,32.25,32.25832228956043,31.53167771043957,,,,,13974692,0.8,0.72,0.32191968625367734,-0.3896961760936838,-0.416112268912387,-63.16695032234188,63.74617457151499,63.74617457151499,100.45227978142093,100.45227978142093,195.7199348685665,-367.8975873954206,,,8.963707914298205,8.568496259225459,7.2926846208487115,,
1562333400,31.385,31.575,31.315,31.545,31.827296336977284,31.39300799313351,31.827296336977284,31.39300799313351,0,0,0,0,0,33.1775,31.0375,34.39,29.825,32.25,32.256593366788444,31.53340663321156,,,,,14726712,0.8,0.72,-0.2656739519366315,-0.11207206079912592,-0.37412007204090775,-54.96971249425165,33.2655916720627,33.2655916720627,78.05671707830152,78.05671707830152,195.7199348685665,-367.8975873954206,,,8.715930622358252,8.574277998956155,7.295528269203376,,
1562592600,31.495,31.765,31.405,31.59,31.826510530110195,31.394615522814547,31.826510530110195,31.394615522814547,0,0,0,0,0,33.1775,31.0375,34.39,29.825,32.25,32.24907748191917,31.540922518080833,,,,,17256964,0.81,0.72,-0.17256265696004514,0.4858943858812824,-0.39850813523649364,-46.29028420568562,18.86723713392044,18.86723713392044,58.326890430174494,58.326890430174494,195.7199348685665,-367.8975873954206,,,8.453578195598304,8.56954467333428,7.297842055270099,,
1562679000,31.54,31.635,31.33,31.615,31.825577941638446,31.393248247410057,31.825577941638446,31.393248247410057,0,0,0,0,0,33.1775,31.0375,34.39,29.825,32.25,32.24846108122577,31.541538918774243,,,,,14976262,0.78,0.72,0.11070676300887261,0.4383066641023301,-0.2998362363536934,-53.52314111282427,6.8908029512343685,6.8908029512343685,41.18152793719445,41.18152793719445,195.7199348685665,-367.8975873954206,,,8.67220521789827,8.573570577042672,7.30058803561501,,
1562765400,31.815,32.13,31.60465,32.02,31.82519048021659,31.40259747300182,31.82519048021659,31.40259747300182,0,0,0,0,0,33.1775,31.0375,34.39,29.825,32.25,32.2497741356345,31.5402258643655,,,,,23534762,0.76,0.72,0.7160554284351723,0.8363707712626591,-0.3490006779200857,-39.88668270071817,33.0064435757579,33.0064435757579,38.4564998167156,38.4564998167156,195.7199348685665,-367.8975873954206,,,7.871593062235826,8.546042047050246,7.301728904799067,,
1562851800,32.115,32.12,31.885,32.085,31.82535833140497,31.42246423876645,31.82535833140497,31.42246423876645,0,0,0,0,0,33.1775,31.0375,34.39,29.825,32.25,32.249494966774655,31.54050503322535,,,,,25362684,0.77,0.72,0.33120955789278267,0.995688377587013,-0.35076271340605497,-19.167390160229075,47.14806143760521,47.14806143760521,64.53118467938444,64.53118467938444,195.7199348685665,-367.8975873954206,,,7.054365252878584,8.487544917867044,7.301234671728297,,
1562938200,32.105,32.33,32.105,32.22,31.825961012061505,31.450093092148162,31.825961012061505,31.450093092148162,0,0,0,0,0,33.1775,31.0375,34.39,29.825,32.25,32.2499993861491,31.540000613850903,,,,,16162748,0.77,0.72,0.676369075715183,1.300973597834218,-0.2799656367131378,-10.975070923100668,63.048700748961636,63.048700748961636,94.8499793716745,94.8499793716745,195.7199348685665,-367.8975873954206,,,6.413059320798725,8.406192541511423,7.299460095602564,,
1563197400,32.275,32.295,31.86,31.93,31.826077873176267,31.467126696377644,31.826077873176267,31.467126696377644,0,0,0,0,0,33.1775,31.0375,34.39,29.825,32.25,32.25126774243431,31.538732257565705,,,,,19077892,0.76,0.72,0.06853235984984807,1.455504313699281,-0.24438082280758522,-34.35674375927101,75.97993679243706,75.97993679243706,101.84240887938792,101.84240887938792,195.7199348685665,-367.8975873954206,,,7.127240926978576,8.356037576235625,7.299116001359559,,
1563283800,31.865,31.92,31.4625,31.59,31.825408237066025,31.468059963186363,31.825408237066025,31.468059963186363,0,0,0,0,0,33.1775,31.0375,34.39,29.825,32.25,32.252860899129715,31.53713910087029,,,,,21174106,0.76,0.71,-0.27071612626143965,1.0388098712110285,-0.29056588012293927,-72.29231499346622,68.26854372493722,68.26854372493722,73.40947243660378,73.40947243660378,195.7199348685665,-367.8975873954206,,,8.285964145168347,8.353289598546713,7.3010877259226135,,
1563370200,31.565,31.665,31.21,31.23,31.77331677887458,31.41065898312286,31.77331677887458,31.41065898312286,0,0,0,0,0,33.1775,31.0375,34.39,29.825,32.25,32.25395775172631,31.53604224827369,,,,,27329324,0.76,0.71,-0.13459170227854075,0.5303866823088618,-0.21876326548106895,-96.3897533246214,21.48642933112457,21.48642933112457,56.101791401444046,56.101791401444046,195.7199348685665,-367.8975873954206,,,8.875912408759122,8.373784610711905,7.304234228785424,,
1563456600,31.08,31.235,30.8975,31.235,31.216121155108265,30.862933606310076,31.216121155108265,30.862933606310076,0,0,0,0,0,33.1775,31.0375,34.39,29.825,32.25,32.25400187750286,31.53599812249714,,,,,25511130,0.76,0.72,-0.24504521167405013,0.7273915397074184,-0.3635391793390935,-126.2133156156553,-21.411909568803694,-21.411909568803694,30.263891078028134,30.263891078028134,195.7199348685665,-367.8975873954206,,,8.179791976225847,8.366177056418334,7.305983594914176,,
1563543000,31.265,31.4825,31.12,31.38,31.11876674258754,30.781438865110808,31.11876674258754,30.781438865110808,0,0,0,0,0,33.1775,31.0375,34.39,29.825,32.25,32.25446462659547,31.535535373404528,,,,,19930578,0.75,0.72,-0.15224052155537054,0.48767540834249895,-0.3802326314680167,-104.97893926443915,-46.21612280135694,-46.21612280135694,4.770553118233114,4.770553118233114,195.7199348685665,-367.8975873954206,,,7.229095245193026,8.32158561284087,7.30582997183781,,
1563802200,31.5,31.63,31.275,31.525,30.716384385676218,30.41800417458966,30.716384385676218,30.41800417458966,0,0,0,0,0,33.1775,31.0375,34.39,29.825,32.25,32.24408034816587,31.545919651834136,,,,,15688368,0.75,0.72,-0.05986912510146261,0.488034670120715,-0.430698377093963,-90.18645236808658,-48.619284563579775,-48.619284563579775,-13.026059442371182,-13.026059442371182,195.7199348685665,-367.8975873954206,,,5.542132286318335,8.21258744317332,7.302306100338271,,
1563888600,31.525,31.695,31.43,31.61,30.69006754986756,30.431857300783406,30.69006754986756,30.431857300783406,0,0,0,0,0,33.1775,31.0375,34.39,29.825,32.25,32.19137296273152,31.49362703726848,,,,,14537636,0.76,0.72,-0.004618292921009223,0.48561870749271263,-0.4170585373450405,-75.39396547173364,-32.00514921452714,-32.00514921452714,-19.3524226997565,-19.3524226997565,195.7199348685665,-367.8975873954206,,,4.987908101571943,8.086129429777188,7.297681928512564,,
1563975000,31.57,31.95,31.535,31.745,30.66863861380492,30.45361710339307,30.66863861380492,30.45361710339307,0,0,0,0,0,33.1775,31.0375,34.39,29.825,32.25,31.94306606115778,31.26193393884222,,,,,19815468,0.76,0.72,-0.2543897858579371,0.5332854703277203,-0.30444638302189386,-65.3732485419462,-14.108504194960044,-14.108504194960044,-3.6206671853671324,-3.6206671853671324,195.7199348685665,-367.8975873954206,,,4.598396611707758,7.949355593774465,7.29228875105641,,
1564061400,31.865,31.905,31.29,31.385,30.058773468607214,29.902636302927394,30.058773468607214,29.902636302927394,0,0,0,0,0,33.1775,31.0375,34.39,29.825,32.25,31.744568797169187,31.062931202830818,,,,,20140708,0.76,0.72,-0.6430421620835259,0.5803159130900679,-0.5399035600446105,-88.75492137811689,-9.725252738379263,-9.725252738379263,-0.9587498252176991,-0.9587498252176991,195.7199348685665,-367.8975873954206,,,3.411020219169637,7.771381657515452,7.284533968774918,,
1564147800,31.385,31.39,31.09005,31.225,29.935843394613606,29.829933607276867,29.935843394613606,29.829933607276867,0,0,0,0,0,33.1775,31.0375,34.39,29.825,32.25,31.741605685013184,31.06589431498682,,,,,19307646,0.77,0.72,-0.9096898557922631,0.28802449357610826,-0.5618151400735827,-107.83722947441179,-28.22720800133215,-28.22720800133215,-15.892571159363559,-15.892571159363559,195.7199348685665,-367.8975873954206,,,3.6266274023558482,7.608842274960173,7.277225464146708,,
1564407000,31.2,31.225,30.87,31.1,29.93773761360539,29.871265622677775,29.93773761360539,29.871265622677775,0,0,0,0,0,33.1775,31.0375,34.39,29.825,32.25,31.74182194191653,31.065678058083474,,,,,16569876,0.75,0.72,-0.7702711931820739,0.3336950708083757,-0.6829339957625352,-128.8377890972663,-60.026556018313755,-60.026556018313755,-30.60389944568029,-30.60389944568029,195.7199348685665,-367.8975873954206,,,4.30874147551146,7.479426557334733,7.271294427206378,,
1564493400,30.975,31.525,30.9125,31.45,29.939712113877903,29.912626774729627,29.939712113877903,29.912626774729627,0,0,0,0,0,33.1775,31.0375,34.39,29.825,32.25,31.615031295268977,30.93496870473102,,,,,21602696,0.75,0.72,-0.13072738615579577,0.382023694427365,-0.6414767277676744,-124.78178462568562,-66.69263663983291,-66.69263663983291,-42.63347851039783,-42.63347851039783,195.7199348685665,-367.8975873954206,,,4.176999380037187,7.3499196092054175,7.2651120195197265,,
1564579800,31.45,31.7175,31.09,31.35,29.94203376799603,29.95925709728925,29.94203376799603,29.95925709728925,0,0,0,0,0,33.1775,31.0375,34.39,29.825,32.25,31.212241811436456,30.55775818856354,,,,,30556084,0.74,0.72,0.11502903623941219,0.09144833185712176,-0.4221962705932512,-107.84200124437851,-56.91604926629179,-56.91604926629179,-47.39433542902915,-47.39433542902915,195.7199348685665,-367.8975873954206,,,3.626782393056411,7.203914228179967,7.257842629656663,,
1564666200,31.005,31.15,30.4425,30.64,29.94307001421382,29.978920544454375,29.94307001421382,29.978920544454375,0,0,0,0,0,31.747499999999995,30.127500000000005,32.489999999999995,29.385000000000005,31.005,31.213256270285235,30.549243729714764,,,,,50381192,0.76,0.72,-0.5641486897284247,-0.27994300883401185,-0.6360159757596294,-169.63642231140088,-85.05560615409536,-85.05560615409536,-59.94809233738455,-59.94809233738455,195.7199348685665,-367.8975873954206,,,5.63391196528208,7.142345511987893,7.2545980129446255,,
1564752600,30.765,30.945,29.89,30.2,29.94301133286674,29.9763628760444,29.94301133286674,29.9763628760444,0,0,0,0,0,31.747499999999995,30.127500000000005,32.489999999999995,29.385000000000005,31.005,31.203851830483362,30.53614816951663,,,,,43399868,0.76,0.72,-1.1069442702639842,-0.8754006206641954,-0.8920367540031804,-222.36448044194867,-118.52437258155081,-118.52437258155081,-79.47351908543996,-79.47351908543996,195.7199348685665,-367.8975873954206,,,7.346559206447606,7.150353892162784,7.254781751592983,,
1565011800,29.64,29.72,29.09,29.3,29.94137035118269,29.942846684826975,29.94137035118269,29.942846684826975,0,0,0,0,0,31.747499999999995,30.127500000000005,32.489999999999995,29.385000000000005,31.005,31.07313807152979,30.3718619284702,,,,,55153782,0.79,0.73,-2.0163535464151714,-1.2871492973541747,-1.0638772264749583,-256.344387639948,-150.08271861763404,-150.08271861763404,-103.00991892950465,-103.00991892950465,195.7199348685665,-287.9559861260832,,,9.826410415375072,7.255297285229932,7.259919870801339,,
1565098200,29.375,29.545,28.95,29.265,29.939455725106402,29.905209559931798,29.939455725106402,29.905209559931798,0,0,0,0,0,31.747499999999995,30.127500000000005,32.489999999999995,29.385000000000005,31.005,31.001193065486795,30.303806934513197,,,,,33995012,0.79,0.73,-2.1198032320580515,-1.1680994562767115,-1.1060967275448708,-258.6502251308287,-167.58678421320403,-167.58678421320403,-124.53554069073778,-124.53554069073778,195.7199348685665,-287.9559861260832,,,10.26038437693738,7.37314383784591,7.265914804879532,,
1565184600,28.73,29.185,28.58,29.045,29.936813056324972,29.85468369483643,29.936813056324972,29.85468369483643,0,0,0,0,0,31.747499999999995,30.127500000000005,32.489999999999995,29.385000000000005,31.005,30.81484387322796,30.120156126772034,,,,,49604376,0.8,0.73,-2.4312080296939285,-1.1620243083836765,-1.157164586998852,-258.6502251308287,-179.3386846391134,-179.3386846391134,-142.80325534019633,-142.80325534019633,195.7199348685665,-287.9559861260832,,,11.407315561066337,7.531346650521221,7.27418933186492,,
1565271000,29.24,29.895,29.105,29.88,29.935214129139506,29.826521589156574,29.935214129139506,29.826521589156574,0,0,0,0,0,31.747499999999995,30.127500000000005,32.489999999999995,29.385000000000005,31.005,30.832916303473283,30.102083696526712,,,,,46535670,0.76,0.72,-1.3349206406311733,-0.9347063511075095,-1.0014935256163524,-221.34490419849746,-163.28320947619423,-163.28320947619423,-149.6299067188623,-149.6299067188623,195.7199348685665,-287.9559861260832,,,9.77991320520768,7.619525731097161,7.279195773170301,,
1565357400,29.905,29.97,29.425,29.55,29.93425136364672,29.811887409189648,29.93425136364672,29.811887409189648,0,0,0,0,0,31.747499999999995,30.127500000000005,32.489999999999995,29.385000000000005,31.005,30.834222638872223,30.100777361127776,,,,,29186438,0.76,0.72,-1.487717117370143,-0.986453090007771,-1.0324238561732997,-198.6064228683147,-146.47445093421405,-146.47445093421405,-140.16353936491757,-140.16353936491757,195.7199348685665,-287.9559861260832,,,8.787972721636695,7.665347181706554,7.282210312527876,,
1565616600,29.48,29.525,29.0675,29.2,29.93258337890417,29.783947706868485,29.93258337890417,29.783947706868485,0,0,0,0,0,31.747499999999995,30.127500000000005,32.489999999999995,29.385000000000005,31.005,30.831302433745062,30.10369756625493,,,,,43153472,0.77,0.71,-1.6933595924892197,-1.3337740668661848,-1.0502605089153,-224.00956997937834,-143.15030147579597,-143.15030147579597,-136.5020025589598,-136.5020025589598,195.7199348685665,-287.9559861260832,,,9.89615623062616,7.752829889507323,7.287432981694905,,
1565703000,29.07,29.7454,28.915,29.47,29.93061707844682,29.75118309091286,29.93061707844682,29.75118309091286,0,0,0,0,0,31.747499999999995,30.127500000000005,32.489999999999995,29.385000000000005,31.005,30.829876665633748,30.105123334366247,,,,,28795452,0.76,0.71,-1.742235693264074,-1.2101311850184198,-1.0412925262778892,-216.18492732171362,-137.5019920460938,-137.5019920460938,-126.20537318668947,-126.20537318668947,195.7199348685665,-287.9559861260832,,,10.368877867327958,7.855420006284603,7.293589714733133,,
1565789400,28.84,28.91,28.27,28.315,29.927378882485886,29.694662185386864,29.927378882485886,29.694662185386864,0,0,0,0,0,31.747499999999995,30.127500000000005,32.489999999999995,29.385000000000005,31.005,30.7008385692858,29.9241614307142,,,,,47299452,0.78,0.72,-2.603176614374229,-1.5141173936884198,-1.4556354823558668,-250.6204414960275,-141.7798428306815,-141.7798428306815,-138.92794230762303,-138.92794230762303,195.7199348685665,-287.9559861260832,,,12.368257904525723,8.032394041509745,7.3037289119155355,,
1565875800,28.165,28.3,27.835,28.14,29.88625233564023,29.588078581528194,29.88625233564023,29.588078581528194,0,0,0,0,0,31.747499999999995,30.127500000000005,32.489999999999995,29.385000000000005,31.005,30.479825269443204,29.710174730556794,,,,,28612176,0.79,0.72,-2.19246215927869,-1.6548131179029795,-1.5339301658396463,-258.6502251308287,-159.1033411565509,-159.1033411565509,-145.65307525726564,-145.65307525726564,195.7199348685665,-287.9559861260832,,,13.609559279950338,8.251106403801533,7.316327973589931,,
1565962200,28.29,28.595,28.195,28.51,29.882953629674915,29.535026480291794,29.882953629674915,29.535026480291794,0,0,0,0,0,31.747499999999995,30.127500000000005,32.489999999999995,29.385000000000005,31.005,30.482774095285347,29.707225904714655,,,,,42900612,0.78,0.71,-1.5056868983604557,-1.494591286857489,-1.3450504739393478,-234.83588215203122,-159.1177681031712,-159.1177681031712,-150.14130620590083,-150.14130620590083,195.7199348685665,-287.9559861260832,,,12.492240844196148,8.417425401464067,7.3266694578468865,,
1566221400,28.91,29.245,28.855,29.14,29.880967009036205,29.50967838302545,29.880967009036205,29.50967838302545,0,0,0,0,0,31.747499999999995,30.127500000000005,32.489999999999995,29.385000000000005,31.005,30.492766356072618,29.69723364392738,,,,,27763732,0.75,0.71,-0.14426500074241538,-1.1829447226174985,-1.1836609770861841,-191.17625335756907,-142.9054684496164,-142.9054684496164,-128.43379293704749,-128.43379293704749,195.7199348685665,-287.9559861260832,,,10.443823711980132,8.496892001876462,7.332897538274725,,
1566307800,29,29.035,28.785,28.895,29.878845896131036,29.48260668173033,29.878845896131036,29.48260668173033,0,0,0,0,0,31.747499999999995,30.127500000000005,32.489999999999995,29.385000000000005,31.005,30.490495274074632,29.699504725925365,,,,,19043756,0.76,0.71,-0.33370476100886215,-1.311065223577044,-1.2522053444169616,-195.80682004789082,-127.59135873487025,-127.59135873487025,-96.96313930537798,-96.96313930537798,195.7199348685665,-287.9559861260832,,,10.661080074487893,8.581762122371028,7.339547253631794,,
1566394200,29.195,29.245,28.9725,29.08,29.87709990033457,29.46387602754483,29.87709990033457,29.46387602754483,0,0,0,0,0,31.747499999999995,30.127500000000005,32.489999999999995,29.385000000000005,31.005,30.48805216008004,29.701947839919956,,,,,24074802,0.77,0.71,0.03174117576678679,-1.3963417451648572,-1.2216401690739724,-183.40351641310045,-105.98948754328705,-105.98948754328705,-62.78574516012064,-62.78574516012064,195.7199348685665,-287.9559861260832,,,10.079143389199253,8.640482956364291,7.345020972184376,,
1566480600,29.18,29.295,28.935,28.95,29.875283217217017,29.44442402646464,29.875283217217017,29.44442402646464,0,0,0,0,0,31.747499999999995,30.127500000000005,32.489999999999995,29.385000000000005,31.005,30.467888280199542,29.722111719800456,,,,,18707042,0.75,0.72,-0.8255554361129097,-1.496300290510369,-1.219053962780574,-185.8841771400586,-82.07855379580812,-82.07855379580812,-34.256686300850234,-34.256686300850234,195.7199348685665,-287.9559861260832,,,10.195530726256983,8.70146522185028,7.350716296368338,,
1566567000,28.605,28.875,27.8175,27.98,29.871259724275525,29.382349554838576,29.871259724275525,29.382349554838576,0,0,0,0,0,31.747499999999995,30.127500000000005,32.489999999999995,29.385000000000005,31.005,30.478825967542978,29.693674032457018,,,,,48818282,0.72,0.71,-1.362385092613054,-1.9482173597084989,-1.4717794860028741,-242.5472796001989,-71.79774288838692,-71.79774288838692,-51.23612107354453,-51.23612107354453,195.7199348685665,-287.9559861260832,,,13.663873370577281,8.896069462976829,7.363329996816308,,
1566826200,28.225,28.375,27.98,28.1,29.8675656988524,29.329018199746866,29.8675656988524,29.329018199746866,0,0,0,0,0,31.747499999999995,30.127500000000005,32.489999999999995,29.385000000000005,31.005,30.47792633784048,29.694573662159517,,,,,21613156,0.72,0.71,-0.9669366440810958,-1.777572870493437,-1.4333802874594146,-231.6969195354962,-72.51717346286839,-72.51717346286839,-72.03755307988074,-72.03755307988074,195.7199348685665,-287.9559861260832,,,13.15952824332712,9.06326392495135,7.374910812493653,,
1566912600,28.25,28.365,27.775,27.925,29.863473559593952,29.269819446815617,29.863473559593952,29.269819446815617,0,0,0,0,0,31.747499999999995,30.127500000000005,32.489999999999995,29.385000000000005,31.005,30.4563685162287,29.673631483771292,,,,,23667486,0.71,0.72,-1.3490955945095218,-1.7236857922308004,-1.4477098688242886,-245.3850660786596,-89.8923280870263,-89.8923280870263,-77.98914474892926,-77.98914474892926,195.7199348685665,-287.9559861260832,,,13.795779019242707,9.248852752178463,7.387739719999645,,
1566999000,28.07,28.46475,27.9276,28.325,29.859691442591767,29.218866684195397,29.859691442591767,29.218866684195397,0,0,0,0,0,31.747499999999995,30.127500000000005,32.489999999999995,29.385000000000005,31.005,30.45814201132836,29.671857988671636,,,,,31393076,0.7,0.71,0.009123287701241977,-1.3873353791306438,-1.5010336974579654,-235.1957433348217,-90.8169919944153,-90.8169919944153,-82.26509383075795,-82.26509383075795,195.7199348685665,-287.9559861260832,,,13.322160148975785,9.408590297150907,7.399596703873723,,
1567085400,28.545,28.86,28.515,28.74,29.8570787723768,29.19271701030538,29.8570787723768,29.19271701030538,0,0,0,0,0,31.747499999999995,30.127500000000005,32.489999999999995,29.385000000000005,31.005,30.456994489279783,29.673005510720213,,,,,24664612,0.7,0.71,0.5466496670047158,-1.1823616718319396,-1.3748385430432368,-189.90086931938376,-73.7978323588114,-73.7978323588114,-56.86330941491833,-56.86330941491833,195.7199348685665,-287.9559861260832,,,11.499068901303533,9.490569850254932,7.407787457514941,,
1567171800,28.85,29.1,28.57,28.74,29.85458011349093,29.169728107940465,29.85458011349093,29.169728107940465,0,0,0,0,0,31.747499999999995,30.127500000000005,32.489999999999995,29.385000000000005,31.005,30.453828616138228,29.676171383861764,,,,,26044680,0.72,0.71,0.20759518148625986,-1.2499050144362076,-1.2515892346487252,-131.396082643933,-55.67523396062512,-55.67523396062512,-19.430037164252546,-19.430037164252546,160.00878927707492,-287.9559861260832,,,11.328367473618867,9.562640345288813,7.415620784220444,,
1567517400,28.275,28.66,28.19,28.6,29.85133479857886,29.132887789982014,29.85133479857886,29.132887789982014,0,0,0,0,0,29.9625,26.0875,31.65,24.4,28.275,30.44820440212651,29.681795597873485,,,,,27929604,0.7,0.72,-0.4771148963178075,-1.3792052815834748,-1.265132489233665,-127.94280207060376,-38.13561190239433,-38.13561190239433,-3.056367785932739,-3.056367785932739,154.80543834972582,-287.9559861260832,,,12.507759155803841,9.678135200603128,7.42579488686097,,
1567603800,29,29.125,28.915,29,29.849530033746536,29.125639249198407,29.849530033746536,29.125639249198407,0,0,0,0,0,29.9625,26.0875,31.65,24.4,28.275,30.450153247668197,29.679846752331795,,,,,22382236,0.71,0.71,0.09284031338988392,-1.2179385633021738,-1.0571372688150267,-62.08310989802674,-14.855406655392315,-14.855406655392315,31.70500383861172,31.70500383861172,154.80543834972582,-287.9559861260832,,,10.25760397268777,9.700859466175075,7.431452847072412,,
1567690200,29.255,29.6825,29.21,29.36,29.848312391321468,29.130127906092586,29.848312391321468,29.130127906092586,0,0,0,0,0,29.9625,26.0875,31.65,24.4,28.275,30.44656345462339,29.683436545376605,,,,,29077030,0.73,0.71,0.2446162996732797,-1.1019812058341343,-0.9523091286468709,-43.104335369614304,16.073831325786657,16.073831325786657,77.9323072881446,77.9323072881446,154.80543834972582,-287.9559861260832,,,9.342023587833639,9.686787470946,7.435270171229777,,
1567776600,29.3,29.55,29.135,29.515,29.846948830100047,29.131528772520326,29.846948830100047,29.131528772520326,0,0,0,0,0,29.9625,26.0875,31.65,24.4,28.275,30.446705596874576,29.683294403125423,,,,,24468662,0.72,0.71,0.49547824755168535,-0.8733404172660283,-0.906294947659667,-47.929447537854685,47.563202852606324,47.563202852606324,110.54194590624567,110.54194590624567,154.80543834972582,-287.9559861260832,,,9.574798261949091,9.682395737259846,7.439544952629816,,
1568035800,29.755,30.175,29.695,30.105,29.84669568558436,29.154615879480314,29.84669568558436,29.154615879480314,0,0,0,0,0,29.9625,26.0875,31.65,24.4,28.275,30.45412422676695,29.675875773233045,,,,,49514450,0.73,0.72,1.9044961658994073,-0.519306581498789,-0.5908879340884586,-28.487310780299843,78.40146094480696,78.40146094480696,140.07797712920825,140.07797712920825,193.82456140350223,-287.9559861260832,,,7.8367473618870225,9.610017369598166,7.440338563837122,,
1568122200,30.29,30.9,30.23,30.46,29.847501288610168,29.197568197932068,29.847501288610168,29.197568197932068,0,0,0,0,0,29.9625,26.0875,31.65,24.4,28.275,30.456668041094577,29.67333195890542,,,,,51436060,0.75,0.73,2.0953130003945595,-0.2964163683887511,-0.3579364268163191,-15.873203484465533,108.48468979156345,108.48468979156345,168.65114748507648,168.65114748507648,196.22717238610727,-287.9559861260832,,,6.176288019863434,9.475361316667392,7.437812988324687,,
1568208600,30.63,30.87,30.325,30.49,29.84849319412743,29.24252434703277,29.84849319412743,29.24252434703277,0,0,0,0,0,29.9625,26.0875,31.65,24.4,28.275,30.452985641266817,29.67701435873318,,,,,45504032,0.75,0.72,2.292377140442795,-0.43982695042852865,-0.4233945342956013,-11.376093857226856,134.1529368345559,134.1529368345559,185.48943092054083,185.48943092054083,196.22717238610727,-287.9559861260832,,,5.881440099317193,9.334423229712483,7.434703352182814,,
1568295000,30.105,30.52225,29.855,30.3,29.848553447485816,29.2674704510707,29.848553447485816,29.2674704510707,0,0,0,0,0,29.9625,26.0875,31.65,24.4,28.275,30.45115785474042,29.678842145259576,,,,,38119032,0.75,0.72,1.765860431058171,-0.4897227958398402,-0.48700490908835287,-43.7807248444792,149.46971720291816,149.46971720291816,180.1032779396427,180.1032779396427,196.22717238610727,-287.9559861260832,,,7.3401613904407155,9.256216883074375,7.434514457154359,,
1568381400,30.5,30.7,30.37,30.54,29.849632261776552,29.31143239416597,29.849632261776552,29.31143239416597,0,0,0,0,0,29.9625,26.0875,31.65,24.4,28.275,30.451572247872914,29.67842775212708,,,,,28123160,0.75,0.72,1.582027997227118,-0.04759694026772741,-0.35264541463942145,-11.701634674875201,162.53506579988374,162.53506579988374,188.66576299381492,188.66576299381492,196.22717238610727,-287.9559861260832,,,5.741775294847914,9.118395644320396,7.431132360925974,,
1568640600,31.82,31.825,31.2005,31.565,29.85235166784693,29.385913280669264,29.85235166784693,29.385913280669264,0,0,0,1,0,29.9625,26.0875,31.65,24.4,28.275,30.469879950446302,29.660120049553694,,,,,61355618,0.77,0.73,2.414364866457257,0.6409679221470291,-0.07962720283635286,-24.274952324860426,179.82896089323572,179.82896089323572,214.41675107993964,214.41675107993964,196.22717238610727,-287.9559861260832,234.41675107993964,,3.1641837368094263,8.884897138143495,7.422606989049617,,
1568727000,31.585,31.595,30.915,31.125,29.85450091526382,29.44638923044694,29.85450091526382,29.44638923044694,0,0,0,1,0,29.9625,26.0875,31.65,24.4,28.275,30.470221638439995,29.659778361560004,,,,,52946362,0.75,0.72,2.15741191457264,0.8787641771907111,-0.19165825899989142,-43.288666697282146,192.52693989636694,192.52693989636694,217.9228979026294,217.9228979026294,196.22717238610727,-287.9559861260832,237.9228979026294,,4.050279329608938,8.695304282906847,7.415869071648138,,
1568813400,30.9,31.10205,30.76,30.975,29.85633927507348,29.498475927292155,29.85633927507348,29.498475927292155,0,0,0,0,0,29.9625,26.0875,31.65,24.4,28.275,30.47060441759495,29.65939558240505,,,,,23235178,0.74,0.72,1.6709421605380408,0.8277120344267479,-0.26814593708571965,-53.611348755864626,194.56292032719483,194.56292032719483,198.6348811888506,198.6348811888506,196.22717238610727,-287.9559861260832,,,4.53134698944754,8.53201184002609,7.410105790764621,,
1568899800,31.16,31.23,30.8,30.895,29.85825308271569,29.55007294975129,29.85825308271569,29.55007294975129,0,0,0,0,0,29.9625,26.0875,31.65,24.4,28.275,30.46189339730538,29.668106602694614,,,,,28058884,0.75,0.72,1.282608481353832,0.902155703395185,-0.15068942610660377,-50.947430805262705,171.2253526473278,171.2253526473278,186.78373110057248,186.78373110057248,196.22717238610727,-287.9559861260832,,,4.407200496585966,8.370254532440203,7.404105979987041,,
1568986200,30.635,30.7575,30.49,30.64,29.859549879753224,29.587611265447315,29.859549879753224,29.587611265447315,0,0,0,0,0,29.9625,26.0875,31.65,24.4,28.275,30.46294685025023,29.66705314974977,,,,,40329236,0.75,0.71,0.9334581986193771,0.3596313235743052,-0.31259206113176635,-71.59279492242813,126.44665496379372,126.44665496379372,166.6713723883129,166.6713723883129,196.22717238610727,-287.9559861260832,,,5.369335816263192,8.2525714455313,7.400040505134446,,
1569245400,30.435,30.7295,30.4,30.65,29.86066606380966,29.620183372684675,29.86066606380966,29.620183372684675,0,0,0,0,0,29.9625,26.0875,31.65,24.4,28.275,30.46165397732173,29.668346022678268,,,,,18674120,0.75,0.71,0.4484215727197893,0.532357282369024,-0.3545038301833747,-77.58661031128254,78.487800516741,78.487800516741,137.27684843112226,137.27684843112226,196.22717238610727,-287.9559861260832,,,5.648665425201739,8.150457483949749,7.39654125422549,,
1569331800,30.555,30.585,29.9825,30.165,29.8609541935523,29.635269318853904,29.8609541935523,29.635269318853904,0,0,0,0,0,29.9625,26.0875,31.65,24.4,28.275,30.4649500059182,29.665049994081794,,,,,41149786,0.76,0.71,-0.24028053754821144,0.4733804437441842,-0.5226533820583598,-105.3912539206904,19.852082012888943,19.852082012888943,98.13525962504448,98.13525962504448,196.22717238610727,-287.9559861260832,,,6.944444444444437,8.10316285494954,7.395637963896257,,
1569418200,30.025,30.25,29.9552,30.215,29.861187747611133,29.648703776938063,29.861187747611133,29.648703776938063,0,0,0,0,0,29.9625,26.0875,31.65,24.4,28.275,30.460480386335846,29.669519613664146,,,,,20286536,0.75,0.71,-0.2243969507654103,0.36312587084382614,-0.43189514449416644,-107.20937792197627,-29.367606909917747,-29.367606909917747,55.63430411339041,55.63430411339041,196.22717238610727,-287.9559861260832,,,7.029174425822463,8.06104566165044,7.394905769014991,,
1569504600,30.08,30.15,29.6675,29.82,29.86085175810542,29.650441864116964,29.86085175810542,29.650441864116964,0,0,0,0,0,29.9625,26.0875,31.65,24.4,28.275,30.462443712887044,29.667556287112948,,,,,28176670,0.76,0.7,-0.3922754816026686,0.7598919818678862,-0.535780775966015,-126.36960778168101,-77.1165615031243,-77.1165615031243,11.384015574552173,11.384015574552173,196.22717238610727,-287.9559861260832,,,7.922098075729355,8.055596736712358,7.395959100297137,,
1569591000,29.655,30.0425,29.6,29.815,29.860382923423888,29.649491202779043,29.860382923423888,29.649491202779043,0,0,0,0,0,29.9625,26.0875,31.65,24.4,28.275,30.459632828659416,29.670367171340583,,,,,31265250,0.76,0.71,-0.589019178060729,0.8526887878557088,-0.6268356775273922,-130.86496932332176,-111.94912661231264,-111.94912661231264,-29.72703182106943,-29.72703182106943,196.22717238610727,-287.9559861260832,,,8.131595282433263,8.058577071838668,7.397428902858848,,
1569850200,29.675,29.795,29.57,29.6,29.85985568481565,29.64741311639555,29.85985568481565,29.64741311639555,0,0,0,0,0,29.9625,26.0875,31.65,24.4,28.275,30.44757241475103,29.657427585248964,,,,,39638942,0.77,0.71,-1.5425627405131959,0.5469589451287376,-0.5617435295744696,-132.8629077862733,-146.26180456029334,-146.26180456029334,-68.5719560674774,-68.5719560674774,196.22717238610727,-287.9559861260832,,,8.22470515207945,8.065091898514778,7.39908180245769,,
1569936600,29.7,29.81,28.91,28.915,29.858024005125706,29.61979299418396,29.858024005125706,29.61979299418396,0,0,0,0,0,33.6425,27.8825,35.459999999999994,26.065,29.7,30.452444037181408,29.65255596281859,,,,,32936258,0.78,0.72,-1.7330316975445097,-0.10880677443238994,-0.47179648658864826,-176.81755397120583,-180.89911472806006,-180.89911472806006,-106.01434228767161,-106.01434228767161,196.22717238610727,-287.9559861260832,,,10.273122284295464,8.151681325408138,7.404824141082741,,
1570023000,28.745,28.815,28.1225,28.205,29.854638292827754,29.56268248460812,29.854638292827754,29.56268248460812,0,0,0,0,0,33.6425,27.8825,35.459999999999994,26.065,29.7,30.461557971610375,29.64344202838962,,,,,38561346,0.79,0.73,-2.149639029906414,-0.33140789430322554,-0.67747279380618,-229.2634386236822,-210.89537756454675,-210.89537756454675,-140.9746873799633,-140.9746873799633,196.22717238610727,-287.9559861260832,,,12.71725636250776,8.33072348372577,7.415438391275398,,
1570109400,28.05,28.54,27.8218,28.51,29.850664553980945,29.496137367564664,29.850664553980945,29.496137367564664,0,0,0,0,0,33.6425,27.8825,35.459999999999994,26.065,29.7,30.464090661157055,29.64090933884294,,,,,42373770,0.78,0.72,-1.8621034325228543,-0.27297535720625205,-0.5221438030208718,-249.28944181733246,-221.79387758221156,-221.79387758221156,-167.9144174473794,-167.9144174473794,196.22717238610727,-287.9559861260832,,,13.65052762259466,8.53934325387749,7.427896112017295,,
1570195800,28.63,28.7275,28.34,28.69,29.847723765661303,29.452320215895462,29.847723765661303,29.452320215895462,0,0,0,0,0,33.6425,27.8825,35.459999999999994,26.065,29.7,30.46500978886155,29.639990211138446,,,,,22122938,0.77,0.72,-1.5405685801914089,-0.1255160716288954,-0.42748217559688106,-214.7783847672839,-211.49238840502372,-211.49238840502372,-182.44040776659418,-182.44040776659418,196.22717238610727,-287.9559861260832,,,12.042209807572933,8.676710569708684,7.437115520000423,,
1570455000,28.735,28.845,28.42,28.435,29.57683001857633,29.158520030296348,29.57683001857633,29.158520030296348,0,0,0,0,0,33.6425,27.8825,35.459999999999994,26.065,29.7,30.46584078300846,29.639159216991537,,,,,24608794,0.79,0.72,-1.7481722712764511,0.22711406721229457,-0.3976448189266538,-209.45054886607986,-198.32231302117538,-198.32231302117538,-187.73437618478792,-187.73437618478792,196.22717238610727,-287.9559861260832,,,10.992796742875033,8.767537478460305,7.444219778187985,,
1570541400,28.145,28.365,27.91,27.95,29.40255279020278,28.948745313416065,29.40255279020278,28.948745313416065,0,0,0,0,0,33.6425,27.8825,35.459999999999994,26.065,29.7,30.46616975288915,29.63883024711085,,,,,41604546,0.79,0.73,-1.7656526777791661,-0.07410699245452707,-0.3914171296180395,-243.4155027362551,-222.1197804370166,-222.1197804370166,-199.19617760219748,-199.19617760219748,196.22717238610727,-287.9559861260832,,,12.08064262088518,8.897463170320105,7.453483360291275,,
1570627800,28.2,28.36,28.15,28.205,29.40012201539718,28.918831771713474,29.40012201539718,28.918831771713474,0,0,0,0,0,33.6425,27.8825,35.459999999999994,26.065,29.7,30.468037343808003,29.636962656191994,,,,,17869880,0.78,0.73,-1.5982631527640299,0.139084601481193,-0.4184571954574678,-227.43199503264336,-227.59358501684187,-227.59358501684187,-208.6619800737456,-208.6619800737456,196.22717238610727,-287.9559861260832,,-247.59358501684187,11.324618050086634,8.992645714624675,7.461217895136022,,
1570714200,28.3,28.635,28.255,28.56,29.397903789592192,28.894167780665885,29.397903789592192,28.894167780665885,0,0,0,0,0,33.6425,27.8825,35.459999999999994,26.065,29.7,30.453245282631173,29.616754717368824,,,,,20750054,0.78,0.72,-1.0098119934737053,0.11447612886375323,-0.4512698683744404,-220.43921041231314,-205.23204206114116,-205.23204206114116,-198.37216603593222,-198.37216603593222,196.22717238610727,-287.9559861260832,,-225.23204206114116,10.993857300362269,9.071124600339875,7.468276115725884,,
1570800600,28.855,29.2125,28.805,28.945,29.396777907894702,28.891823946129968,29.396777907894702,28.891823946129968,0,0,0,0,0,33.6425,27.8825,35.459999999999994,26.065,29.7,30.281318386999473,29.443681613000518,,,,,48391502,0.78,0.72,-0.6963569693890284,0.09827746768458796,-0.2643610801055773,-183.81033859153604,-182.9106925856869,-182.9106925856869,-138.26799363477835,-138.26799363477835,196.22717238610727,-287.9559861260832,,,9.261300992282253,9.078582498063106,7.471858583011711,,
1571059800,28.735,29.0325,28.625,28.93,29.395298231755053,28.882583791379773,29.395298231755053,28.882583791379773,0,0,0,0,0,33.6425,27.8825,35.459999999999994,26.065,29.7,30.279892354320122,29.44510764567987,,,,,24333662,0.77,0.72,-0.5434665689020153,0.09164229400195474,-0.4107278876614949,-195.79796936924484,-150.44691970755773,-150.44691970755773,-85.51937395129941,-85.51937395129941,196.22717238610727,-287.9559861260832,,,9.828319420381165,9.107983945997148,7.476566796472989,,
1571146200,28.87,29.34,28.835,29.05,29.394236896626673,28.88185893681586,29.394236896626673,28.88185893681586,0,0,0,0,0,33.6425,27.8825,35.459999999999994,26.065,29.7,30.27862667325984,29.44637332674015,,,,,22534652,0.77,0.71,0.1156808228996841,0.22507986746905825,-0.427307902541769,-155.74512095834294,-112.16189139953454,-112.16189139953454,-35.591834783488146,-35.591834783488146,196.22717238610727,-218.53642203947362,,,9.16679792093243,9.110290376386766,7.4799438816367445,,
1571232600,28.95,29.155,28.635,28.645,29.39278207765239,28.87339780203877,29.39278207765239,28.87339780203877,0,0,0,0,0,33.6425,27.8825,35.459999999999994,26.065,29.7,30.281360500119217,29.443639499880778,,,,,24011052,0.77,0.72,0.3846332486589795,-0.1742568978547201,-0.5563786280821331,-144.0613844117243,-79.36622978676772,-79.36622978676772,-13.774906561234076,-13.774906561234076,196.22717238610727,-218.53642203947362,,,9.796818396597887,9.137213043846026,7.484573001546757,,
1571319000,28.765,28.855,28.575,28.665,29.224878388765642,28.70557128369534,29.224878388765642,28.70557128369534,0,0,0,0,0,33.6425,27.8825,35.459999999999994,26.065,29.7,30.280819134513003,29.44418086548699,,,,,24578714,0.77,0.71,0.13443213228708858,-0.3379377687883944,-0.5676021798069277,-139.52676456341356,-58.032779991398876,-58.032779991398876,-15.365880400661176,-15.365880400661176,196.22717238610727,-218.53642203947362,,,9.472517028354195,9.150362219709091,7.4885449176842345,,
1571405400,28.59,28.82,28.51,28.515,29.223511099277598,28.699099860805326,29.223511099277598,28.699099860805326,0,0,0,0,0,33.6425,27.8825,35.459999999999994,26.065,29.7,30.28041990486208,29.444580095137912,,,,,20556312,0.77,0.71,-0.1508826599662003,-0.4838696878256984,-0.4985261566787225,-139.0137570084004,-48.836288996525894,-48.836288996525894,-30.443307006779932,-30.443307006779932,196.22717238610727,-218.53642203947362,,,9.67844131157928,9.171071203704,7.492920335054654,,
1571664600,28.57,29.05,28.535,29.025,29.222195992186137,28.69385280744041,29.222195992186137,28.69385280744041,0,0,0,0,0,33.6425,27.8825,35.459999999999994,26.065,29.7,30.286327696871318,29.438672303128676,,,,,21006978,0.77,0.7,0.510432467694316,-0.5095232532572981,-0.4486611214193708,-124.26175694567573,-37.9420884455466,-37.9420884455466,-16.15368734358801,-16.15368734358801,196.22717238610727,-218.53642203947362,,,9.599239664185017,9.187862123722864,7.497128765282687,,
1571751000,29.115,29.735,29.02665,29.4,29.221856007186762,28.707899109109412,29.221856007186762,28.707899109109412,0,0,0,0,0,33.6425,27.8825,35.459999999999994,26.065,29.7,30.26631389829387,29.413686101706134,,,,,42216970,0.76,0.7,1.2815520302804213,-0.4963241321593758,-0.29827719267580605,-95.37603930863483,-17.137929095534304,-17.137929095534304,24.4703896044903,24.4703896044903,196.22717238610727,-218.53642203947362,,,8.041660066529388,9.142913023440768,7.498216739910553,,
1571837400,29.35,29.705,29.225,29.645,29.22190904213744,28.72909522247767,29.22190904213744,28.72909522247767,0,0,0,0,0,33.6425,27.8825,35.459999999999994,26.065,29.7,30.225421696810255,29.374578303189736,,,,,24427246,0.76,0.7,1.2647950222601974,-0.3963897510052127,-0.2993305483099179,-59.002470034588335,9.270387520889347,9.270387520889347,62.08702075373666,62.08702075373666,196.22717238610727,-218.53642203947362,,,7.413274196103278,9.07508404981969,7.498047024538311,,
1571923800,29.815,29.835,29.365,29.52,29.2222388942011,28.754895409831487,29.2222388942011,28.754895409831487,0,0,0,0,0,33.6425,27.8825,35.459999999999994,26.065,29.7,30.225311067632333,29.374688932367658,,,,,26411102,0.75,0.69,0.8400812841375586,-0.3714493701075557,-0.4447905115509445,-50.65868639333358,35.09959055155226,35.09959055155226,86.75799661287809,86.75799661287809,196.22717238610727,-218.53642203947362,,,6.969744970695399,8.992521732991287,7.496991475979184,,
1572010200,29.53,29.845,29.49,29.76,29.22281533996693,28.784536766308683,29.22281533996693,28.784536766308683,0,0,0,0,0,33.6425,27.8825,35.459999999999994,26.065,29.7,30.226448518088766,29.373551481911228,,,,,23749968,0.75,0.69,0.7048845812002363,-0.36914662197696196,-0.3723655121100634,-20.697985826218403,60.08797822614706,60.08797822614706,110.06475357533665,110.06475357533665,196.22717238610727,-218.53642203947362,,,6.57373673372407,8.897667419294534,7.495146811159493,,
1572269400,29.86,30.0295,29.54,29.59,29.223489535091872,28.814956893120108,29.223489535091872,28.814956893120108,0,0,0,0,0,33.6425,27.8825,35.459999999999994,26.065,29.7,30.22445026295302,29.375549737046978,,,,,23513102,0.75,0.69,0.57686190690874,-0.9134337167874162,-0.5956135423877148,-17.25121407954145,86.77561448136728,86.77561448136728,140.15088699180777,140.15088699180777,196.22717238610727,-218.53642203947362,,,6.415333438935536,8.80032098869222,7.4929893418843205,,
1572355800,29.48,29.96,29.38,29.71,29.223845899657125,28.837972309076182,29.223845899657125,28.837972309076182,0,0,0,0,0,33.6425,27.8825,35.459999999999994,26.065,29.7,30.224772333566513,29.375227666433485,,,,,26936836,0.75,0.68,0.5745684882649946,-0.6637896207872247,-0.5490845234771075,-23.882096793374956,115.88127024129781,115.88127024129781,174.0925817611589,174.0925817611589,196.22717238610727,-218.53642203947362,,,6.922223982258838,8.726670125694833,7.491848951555398,,
1572442200,29.78,29.795,28.99,29.105,29.223430123633833,28.844943983230056,29.223430123633833,28.844943983230056,0,0,0,0,0,33.6425,27.8825,35.459999999999994,26.065,29.7,30.223149823629928,29.376850176370066,,,,,31013372,0.76,0.68,0.4011468391794534,-0.8706909563583567,-0.6318724248345385,-48.39266981815439,124.53536204801232,124.53536204801232,141.84354566144134,141.84354566144134,196.22717238610727,-218.53642203947362,,,8.157769681609386,8.704360304358149,7.493179462504557,,
1572528600,28.985,29.03,28.695,28.98,29.22243166184835,28.840189317221036,29.22243166184835,28.840189317221036,0,0,0,0,0,33.6425,27.8825,35.459999999999994,26.065,29.7,30.220212266276405,29.379787733723592,,,,,30064884,0.76,0.68,0.27443412505515075,-0.893715844083348,-0.6034564430121363,-66.93271864458997,86.22155677339643,86.22155677339643,111.76409362314035,111.76409362314035,196.22717238610727,-218.53642203947362,,,9.092349120861716,8.719575552064171,7.496374606677099,,
1572615000,29.125,29.6925,29.1,29.64,29.22223629389261,28.851344638114327,29.22223629389261,28.851344638114327,0,0,0,0,0,30.22885,26.717950000000002,31.3327,25.6141,29.125,30.213732599433364,29.38626740056663,,,,,26620194,0.73,0.68,0.9748744284603172,-0.46560768931210833,-0.5413182959851335,-41.4794312727036,63.63072502971707,63.63072502971707,95.71963742533259,95.71963742533259,196.22717238610727,-218.53642203947362,,,7.809282433074608,8.683877782692031,7.4969997971394315,,
1572877800,29.98,30.695,29.975,30.605,29.223772085513204,28.89603308367847,29.223772085513204,28.89603308367847,0,0,0,0,0,30.22885,26.717950000000002,31.3327,25.6141,29.125,30.23035431404087,29.369645685959124,,,,,43060424,0.74,0.68,1.308641912466203,-0.02037780370915685,-0.2252087822787378,-38.87772694287179,78.06113135535692,78.06113135535692,89.8334687353407,89.8334687353407,200.28756290437912,-218.53642203947362,,,5.0372247742753045,8.540871782361963,7.492085161729114,,
1572964200,30.69,30.915,30.545,30.645,29.226432281146543,28.961098452945983,29.226432281146543,28.961098452945983,0,0,0,0,0,30.22885,26.717950000000002,31.3327,25.6141,29.125,30.229221823614704,29.370778176385294,,,,,35110120,0.74,0.68,1.0192668781829213,0.22112771136678946,-0.3047560927494143,-6.163012858912056,91.98347492822656,91.98347492822656,96.28348731399825,96.28348731399825,200.28756290437912,-218.53642203947362,,,3.231427213686043,8.332658269864869,7.4835723586361205,,
1573050600,30.6,30.665,29.935,30.02,29.227880568297103,28.999929886163788,29.227880568297103,28.999929886163788,0,0,0,0,0,30.22885,26.717950000000002,31.3327,25.6141,29.125,30.223711334420194,29.376288665579803,,,,,35655790,0.73,0.68,0.30146946112611234,-0.08880039488086797,-0.46465934051973795,-43.75739129827658,93.38323604341502,93.38323604341502,96.18275827379196,96.18275827379196,200.28756290437912,-218.53642203947362,,,5.163947410106138,8.208395098893938,7.478937743354343,,
1573137000,30.325,30.565,30.245,30.47,29.229939148580222,29.04927381219658,29.229939148580222,29.04927381219658,0,0,0,0,0,30.22885,26.717950000000002,31.3327,25.6141,29.125,30.225097487389572,29.374902512610422,,,,,26483422,0.73,0.68,0.7662138022001553,0.2996317349089697,-0.22892135546581163,-24.65205143564866,95.01596228936872,95.01596228936872,98.28141478127611,98.28141478127611,200.28756290437912,-218.53642203947362,,,4.181846982417235,8.05049125118897,7.472350149426396,,
1573223400,30.285,30.385,30,30.345,29.231509000431213,29.087170917600638,29.231509000431213,29.087170917600638,0,0,0,0,0,30.22885,26.717950000000002,31.3327,25.6141,29.125,30.222876127209204,29.377123872790786,,,,,20779696,0.74,0.68,0.46782745077475935,0.244254847056086,-0.2908793813592145,-39.75143293998359,93.6053518757114,93.6053518757114,94.54575881814961,94.54575881814961,200.28756290437912,-218.53642203947362,,,4.958023126881042,7.929217991412187,7.46732651901172,,
1573482600,30.06,30.315,29.945,30.175,29.232966924506275,29.121446567890807,29.232966924506275,29.121446567890807,0,0,0,0,0,30.22885,26.717950000000002,31.3327,25.6141,29.125,30.22223327002512,29.37776672997487,,,,,28960946,0.74,0.68,0.4769975111314209,0.2705955924213074,-0.3492802206859364,-43.14109001238526,75.75727592362185,75.75727592362185,88.28293118664035,88.28293118664035,200.28756290437912,-218.53642203947362,,,5.132266751148427,7.819533629048903,7.462661064930074,,
1573569000,30.265,30.43,29.865,30.02,29.234263693887883,29.151272192679404,29.234263693887883,29.151272192679404,0,0,0,0,0,30.22885,26.717950000000002,31.3327,25.6141,29.125,30.194313034071474,29.40568696592852,,,,,25082492,0.74,0.69,0.25160204596044833,0.532026886497878,-0.3994697503024804,-48.07150029951513,45.33474196760531,45.33474196760531,73.96686811362868,73.96686811362868,200.28756290437912,-218.53642203947362,,,5.385712022810083,7.724089644490517,7.45851131659417,,
1573655400,29.865,29.9925,29.765,29.89,29.235360070123868,29.176045832182172,29.235360070123868,29.176045832182172,0,0,0,0,0,30.22885,26.717950000000002,31.3327,25.6141,29.125,30.19389977697842,29.40610022302157,,,,,21587890,0.77,0.69,0.6514530828188567,0.833094494143887,-0.43929448292119594,-54.23451315842719,4.502853400709071,4.502853400709071,50.81219654265548,50.81219654265548,200.28756290437912,-218.53642203947362,,,5.70251861238714,7.644812349113914,7.455002839662687,,
1573741800,29.88,30.045,29.67,29.81,29.236266343710035,29.196159721116203,29.236266343710035,29.196159721116203,0,0,0,0,0,30.22885,26.717950000000002,31.3327,25.6141,29.125,30.191436534776532,29.408563465223462,,,,,16233954,0.77,0.7,0.6928105338875947,0.6368252557967929,-0.556524723393992,-60.0893753743937,-35.513500306778134,-35.513500306778134,22.036964259510942,22.036964259510942,200.28756290437912,-218.53642203947362,,,6.0034848724853465,7.580446565716715,7.452102703864131,,
1573828200,29.935,30.155,29.9,30.04,29.23762575161471,29.224414241856746,29.23762575161471,29.224414241856746,0,0,0,0,0,30.22885,26.717950000000002,31.3327,25.6141,29.125,30.184134269908252,29.41586573009174,,,,,18366926,0.76,0.69,0.32821136356436614,0.6607153768792926,-0.5167040140464896,-45.914445798895855,-44.07702293140433,-44.07702293140433,-0.0010314707941461165,-0.0010314707941461165,200.28756290437912,-218.53642203947362,,,5.27482971645811,7.490030218686965,7.447752508085099,,
1574087400,29.85,29.88365,29.55,29.675,29.238290135727368,29.23797250688197,29.238290135727368,29.23797250688197,0,0,0,0,0,30.22885,26.717950000000002,31.3327,25.6141,29.125,30.185628242634788,29.41437175736521,,,,,25509610,0.76,0.69,-0.7371110478247873,0.6107313039080332,-0.6386800514555468,-67.48499080508837,-75.7564778832897,-75.7564778832897,-25.252846941625997,-25.252846941625997,200.28756290437912,-218.53642203947362,,,6.383652779977825,7.446642868149352,7.445626434702267,,
1574173800,29.58,29.605,29.2,29.235,29.238260884706932,29.237410839945422,29.238260884706932,29.237410839945422,0,0,0,0,0,30.22885,26.717950000000002,31.3327,25.6141,29.125,30.189143889815767,29.410856110184223,,,,,30760710,0.76,0.69,-1.1144043102186996,0.6429008267817661,-0.6814310088300972,-89.05553581128113,-117.03225369296258,-117.03225369296258,-55.84598252540486,-55.84598252540486,200.28756290437912,-218.53642203947362,,,7.492475843497551,7.448440239731634,7.4457200399146455,,
1574260200,29.225,29.745,29.045,29.53,29.2379250987235,29.230853552104428,29.2379250987235,29.230853552104428,0,0,0,0,0,30.22885,26.717950000000002,31.3327,25.6141,29.125,30.190498643674044,29.40950135632595,,,,,34294252,0.76,0.68,-0.3940201011074213,0.6547298370503728,-0.5247220634404737,-98.60820574259488,-136.59171898048302,-136.59171898048302,-82.76122801043091,-82.76122801043091,200.28756290437912,-218.53642203947362,,,7.983526057341991,7.469423997284982,7.446794577412003,,
1574346600,29.63,30.04,29.5325,30.015,29.238554269355426,29.24347988339445,29.238554269355426,29.24347988339445,0,0,0,0,0,30.22885,26.717950000000002,31.3327,25.6141,29.125,30.17261689745786,29.427383102542137,,,,,31283364,0.77,0.68,-0.35997389276074226,0.709048960994958,-0.3126188067637162,-68.56351805539813,-114.7669887922596,-114.7669887922596,-93.42981493770714,-93.42981493770714,200.28756290437912,-218.53642203947362,,,6.439093933153817,7.429018896730819,7.444781189511388,,
1574433000,30.04,30.185,29.855,29.915,29.239820094991078,29.268131652673098,29.239820094991078,29.268131652673098,0,0,0,0,0,30.22885,26.717950000000002,31.3327,25.6141,29.125,30.172784776799592,29.4272152232004,,,,,22983950,0.79,0.69,-0.34170102706431826,0.4665546512551416,-0.3396848178777805,-48.68780158540623,-88.09037701593219,-88.09037701593219,-77.4115011723823,-77.4115011723823,200.28756290437912,-218.53642203947362,,,5.417392681767783,7.350131594183249,7.44073046322219,,
1574692200,29.88,29.995,29.765,29.945,29.24090536952656,29.288322568254546,29.24090536952656,29.288322568254546,0,0,0,0,0,30.22885,26.717950000000002,31.3327,25.6141,29.125,30.195468357653244,29.451331642346755,,,,,24676318,0.79,0.69,-0.18380750688440098,0.4884719933870937,-0.36758721199415295,-54.23451315842719,-74.06849840585328,-74.06849840585328,-46.02474118569545,-46.02474118569545,200.28756290437912,-218.53642203947362,,,5.70251861238714,7.285519320387323,7.4372575124712705,,
1574778600,29.985,29.995,29.56,29.67,29.241582981175856,29.299762859695544,29.241582981175856,29.299762859695544,0,0,0,0,0,30.22885,26.717950000000002,31.3327,25.6141,29.125,30.194063657736937,29.452736342263062,,,,,26806314,0.79,0.7,-0.2805648441807892,0.29652466255770943,-0.47200158708145873,-66.86868951919729,-61.42424831601642,-61.42424831601642,-36.1357481363427,-36.1357481363427,200.28756290437912,-218.53642203947362,,,6.3519721210201245,7.248909626294491,7.435089110090749,,
1574865000,29.705,29.805,29.5,29.745,29.242140557637043,29.308425100491796,29.242140557637043,29.308425100491796,0,0,0,0,0,30.22885,26.717950000000002,31.3327,25.6141,29.125,30.190431726011255,29.456368273988744,,,,,19336548,0.78,0.69,-0.11671382658478836,0.5334128234774519,-0.4731657562094806,-70.56649723454453,-54.805704519676425,-54.805704519676425,-41.56861692699645,-41.56861692699645,200.28756290437912,-218.53642203947362,,,6.542056074766359,7.221189879175741,7.433304828301889,,
1575037800,29.5,29.605,29.336,29.445,29.24237262445495,29.31038058674702,29.24237262445495,29.31038058674702,0,0,0,0,0,30.22885,26.717950000000002,31.3327,25.6141,29.125,30.19258308439067,29.45421691560933,,,,,15660452,0.78,0.7,-0.2953692127692028,0.37898006531531697,-0.5825934357071988,-80.6738383231606,-64.72019643115212,-64.72019643115212,-58.11053515683499,-58.11053515683499,200.28756290437912,-218.53642203947362,,,7.061618881672747,7.214932192999153,7.4325621990378945,,
1575297000,29.545,29.735,29.41,29.445,29.242750601229268,29.315132328443216,29.242750601229268,29.315132328443216,0,0,0,0,0,31.849999999999998,28.610000000000003,32.785,27.675000000000004,29.545,30.19204768990568,29.454752310094317,,,,,30781984,0.77,0.69,-0.47790609050158733,0.4543331994553237,-0.49714590914258494,-76.11320880756548,-81.8605099237803,-81.8605099237803,-66.02719341248343,-66.02719341248343,200.28756290437912,-218.53642203947362,,,6.8271820053857155,7.199726303288822,7.431352648201426,,
1575383400,29.185,29.235,28.9,29.005,29.24211903159644,29.299897727327796,29.24211903159644,29.299897727327796,0,0,0,0,0,31.849999999999998,28.610000000000003,32.785,27.675000000000004,29.545,30.192950949215472,29.453849050784527,,,,,34256628,0.77,0.7,-0.5420529459608199,-0.009551130387678209,-0.5689667754180243,-107.54457438801774,-114.88796025159267,-114.88796025159267,-82.3141156921865,-82.3141156921865,200.28756290437912,-218.53642203947362,,,8.442895612228742,7.248478040894309,7.433373713064618,,
1575469800,29.26,29.53,29.165,29.44,29.24201289966518,29.29554879684435,29.24201289966518,29.29554879684435,0,0,0,0,0,31.849999999999998,28.610000000000003,32.785,27.675000000000004,29.545,30.19427170021408,29.452528299785918,,,,,34860840,0.77,0.69,0.16746053840704062,0.018759175821062544,-0.4249014025016278,-91.2125903119004,-118.59421695900049,-118.59421695900049,-94.4074827811245,-94.4074827811245,200.28756290437912,-218.53642203947362,,,7.603358149849523,7.26239490791216,7.433713342308943,,
1575556200,29.565,29.6,29.2,29.3,29.24197621055496,29.29272923618379,29.24197621055496,29.29272923618379,0,0,0,0,0,31.849999999999998,28.610000000000003,32.785,27.675000000000004,29.545,30.194162560274933,29.452637439725066,,,,,21788322,0.76,0.7,-0.18644525912877738,-0.1608399645516972,-0.5454858772588848,-89.05553581128113,-112.54179812961098,-112.54179812961098,-100.45225456395333,-100.45225456395333,200.28756290437912,-218.53642203947362,,,7.492475843497551,7.271417689699822,7.433830749903725,,
1575642600,29.425,29.9476,29.42,29.86,29.24237475958482,29.298561423000113,29.24237475958482,29.298561423000113,0,0,0,0,0,31.849999999999998,28.610000000000003,32.785,27.675000000000004,29.545,30.193523629517973,29.453276370482026,,,,,33459308,0.76,0.7,-0.12268374664748816,0.15797763811779447,-0.3763753293121509,-65.08329685409637,-91.52468206789149,-91.52468206789149,-73.6695370757678,-73.6695370757678,200.28756290437912,-218.53642203947362,,,6.795501346428004,7.252754303689163,7.432555366480197,,
1575901800,29.63,29.965,29.63,29.825,29.24318789692831,29.31231783778442,29.24318789692831,29.31231783778442,0,0,0,0,0,31.849999999999998,28.610000000000003,32.785,27.675000000000004,29.545,30.19080464911174,29.45599535088826,,,,,17678118,0.75,0.7,-0.07147310087906492,0.02995773154142215,-0.21063799649813128,-52.06663748327723,-72.06197314703836,-72.06197314703836,-33.136555305332095,-33.136555305332095,200.28756290437912,-218.53642203947362,,,6.13020750831618,7.20873286073336,7.4299532728574915,,
1575988200,29.925,29.995,29.755,29.885,28.83741720340808,28.93763989859143,28.83741720340808,28.93763989859143,0,0,0,0,0,31.849999999999998,28.610000000000003,32.785,27.675000000000004,29.545,30.190876478651717,29.455923521348282,,,,,17572276,0.74,0.71,-0.04762726063186313,0.13681858466068153,-0.08264394236215437,-36.72125956375176,-46.005517937388255,-46.005517937388255,6.107392481911958,6.107392481911958,200.28756290437912,-218.53642203947362,,,4.4016064257028145,7.098649471124318,7.423902629806234,,
1576074600,29.84,30.04,29.775,29.835,28.700616640474056,28.83695859332836,28.700616640474056,28.83695859332836,0,0,0,0,0,31.849999999999998,28.610000000000003,32.785,27.675000000000004,29.545,30.19022869804682,29.45657130195318,,,,,24872680,0.74,0.7,0.1322785521575965,0.0577789664189782,0.14477312260806027,-25.036027050388068,-18.858456348957237,-18.858456348957237,35.4356668279048,35.4356668279048,200.28756290437912,-218.53642203947362,,,3.8740920096852394,6.972196237342393,7.416810101094703,,
1576161000,29.88,30.4875,29.845,30.385,28.628946317003045,28.80534407969938,28.628946317003045,28.80534407969938,0,0,0,0,0,31.849999999999998,28.610000000000003,32.785,27.675000000000004,29.545,30.195479540200473,29.451320459799526,,,,,44984740,0.76,0.69,0.5068688159459905,0.5981516580545044,0.3005230665533201,-30.99274308092471,16.33474685564259,16.33474685564259,86.72115326484226,86.72115326484226,200.28756290437912,-186.43930166465077,,,3.398608189027353,6.8320555295653325,7.408781725646017,,
1576247400,30.49,30.685,30.135,30.155,28.405389311450072,28.63821855468492,28.405389311450072,28.63821855468492,0,0,0,0,0,31.849999999999998,28.610000000000003,32.785,27.675000000000004,29.545,30.058344048730486,29.358455951269505,,,,,22744908,0.75,0.69,0.5675575643497176,0.5509878019585992,0.29984269278330217,-14.69474032280954,52.45371477125275,52.45371477125275,124.69165060247306,124.69165060247306,200.28756290437912,-186.43930166465077,,,1.6802610114192398,6.6300243719909755,7.397336129813397,,
1576506600,30.37,30.68,30.355,30.56,28.409290531607013,28.705659003520804,28.409290531607013,28.705659003520804,0,0,0,0,0,31.849999999999998,28.610000000000003,32.785,27.675000000000004,29.545,29.87386847307441,29.17793152692559,,,,,22273632,0.77,0.69,0.8896649795499553,0.4210291714643535,0.17822566818881905,-11.980685257232418,86.91790258435876,86.91790258435876,155.84627821057077,155.84627821057077,200.28756290437912,-186.43930166465077,,,0.9624796084828651,6.407767714598501,7.384479273626922,,
1576593000,30.69,30.855,30.465,30.58,28.40877623103669,28.770224180649237,28.40877623103669,28.770224180649237,0,0,0,0,0,31.849999999999998,28.610000000000003,32.785,27.675000000000004,29.545,29.873466643078086,29.17833335692191,,,,,46309432,0.75,0.69,1.2766068969269948,-0.011087573085004757,0.27315426305860163,-6.716476617591185,116.43550407807341,116.43550407807341,175.47070706550272,175.47070706550272,200.28756290437912,-186.43930166465077,,,0.5873715124816438,6.179516883142938,7.370898638739519,,
1576679400,30.545,30.8875,30.505,30.695,28.459227081492813,28.883429424898274,28.459227081492813,28.883429424898274,0,0,0,1,0,31.849999999999998,28.610000000000003,32.785,27.675000000000004,29.545,29.71429763592799,29.022502364072007,,,,,25884090,0.73,0.68,1.0022204049074752,0.02214660051041605,0.4012309323174138,-11.8321532060555,142.42462997356867,142.42462997356867,194.40288176455917,194.40288176455917,200.28756290437912,-186.43930166465077,,,0.6189933213878523,5.961457135623131,7.357408318425129,,
1576765800,30.7,30.78495,30.63,30.685,28.463565588822497,28.951947878823834,28.463565588822497,28.951947878823834,0,0,0,1,0,31.849999999999998,28.610000000000003,32.785,27.675000000000004,29.545,29.712950298312848,29.02384970168716,,,,,25540202,0.72,0.69,1.115298771965135,0.3017584227023538,0.32425296673296233,-4.176247746723173,162.83183824020622,162.83183824020622,203.64625477348136,203.64625477348136,200.28756290437912,-186.43930166465077,223.64625477348136,,0.2117608731063733,5.735978850818552,7.343131300552365,,
1576852200,30.48,30.7125,30.425,30.68,28.467489933300374,29.00982051102682,28.467489933300374,29.00982051102682,0,0,0,1,0,31.849999999999998,28.610000000000003,32.785,27.675000000000004,29.545,29.712949087765626,29.023850912234376,,,,,34840090,0.7,0.67,0.6481040650376485,0.09390893375889514,0.6570736037017818,-19.530678237814872,177.2920523133437,177.2920523133437,206.21248045961866,206.21248045961866,200.28756290437912,-186.43930166465077,226.21248045961866,,0.8796220882879935,5.545533487582059,7.330217196232156,,
1577111400,30.645,31.015,30.6075,30.995,28.74944677226707,29.34503752062483,28.74944677226707,29.34503752062483,0,0,0,1,0,31.849999999999998,28.610000000000003,32.785,27.675000000000004,29.545,29.760301552946423,29.076498447053574,,,,,26949178,0.72,0.66,0.9365753902123959,0.29525884733482594,0.8074173869395047,-27.758836884983754,195.68546246573442,195.68546246573442,232.47228277051587,232.47228277051587,200.28756290437912,-186.43930166465077,252.47228277051587,,1.2502016454266793,5.377089101615182,7.318069313013764,,
1577197800,31.065,31.11,30.9225,30.98,28.753789985509293,29.406927225698368,28.753789985509293,29.406927225698368,0,0,0,1,1,31.849999999999998,28.610000000000003,32.785,27.675000000000004,29.545,29.808338768048568,29.123461231951428,,,,,10074878,0.68,0.66,0.8801516963218192,0.3699854501427575,0.6937055235830822,-5.593095670125891,214.26658024547555,214.26658024547555,251.4288158049578,251.4288158049578,200.28756290437912,-186.43930166465077,271.4288158049578,,0.23390869495080352,5.175395752334226,7.303915145944707,,
1577370600,31.115,31.22,30.93,30.97,28.758139356167618,29.466681059984705,28.758139356167618,29.466681059984705,0,0,0,1,1,31.849999999999998,28.610000000000003,32.785,27.675000000000004,29.545,29.860210195642004,29.18158980435799,,,,,20314812,0.68,0.66,0.9390087655549735,0.45097463636729235,0.5167019667291413,-5.421187951866364,227.41044016034186,227.41044016034186,253.69815999007452,253.69815999007452,200.28756290437912,-186.43930166465077,273.6981599900745,,0.2097112437489959,4.980663026507354,7.289740912373886,,
1577457000,31.085,31.115,30.82,30.84,28.762262454357092,29.51982101841668,28.762262454357092,29.51982101841668,0,0,0,1,1,31.849999999999998,28.610000000000003,32.785,27.675000000000004,29.545,29.860663617425985,29.18113638257401,,,,,21437680,0.67,0.66,0.36939288265269266,0.4526613666101695,0.5534928556694705,-15.069859970043645,228.46396939826326,228.46396939826326,230.57102787410602,230.57102787410602,200.28756290437912,-186.43930166465077,250.57102787410602,,0.5646071947088263,4.807484366436824,7.276304081769161,,
1577716200,30.06,30.115,29.805,29.85,28.764369622280455,29.5314711745572,28.764369622280455,29.5314711745572,0,0,0,0,0,31.849999999999998,28.610000000000003,32.785,27.675000000000004,29.545,29.881006006041698,29.160793993958297,,,,,29265946,0.71,0.66,-0.24225768240267093,0.01855557597182876,0.21140347403794682,-102.85321521548694,160.64030509262528,160.64030509262528,205.85608129638393,205.85608129638393,200.28756290437912,-186.43930166465077,,,3.8393289240200072,4.769517486342046,7.269436998536895,,
1577802600,29.7,30.05,29.615,30.02,28.76609675590227,29.535287991241233,28.76609675590227,29.535287991241233,0,0,0,0,0,31.849999999999998,28.610000000000003,32.785,27.675000000000004,29.545,29.870536595097523,29.17126340490247,,,,,21458042,0.68,0.68,-0.4330658192944438,-0.009420694868702789,0.30194472884865,-133.43516234956903,93.85230389245321,93.85230389245321,168.52148882840703,168.52148882840703,200.28756290437912,-186.43930166465077,,,4.452331021132449,4.757078801431866,7.263808415165458,,
1577975400,30.22,30.335,30.115,30.29,28.768809449696672,29.558366893545497,28.768809449696672,29.558366893545497,0,0,0,0,0,32.379999999999995,29.06,33.54,27.9,30.22,29.85853414580894,29.18326585419106,,,,,23893936,0.64,0.67,-0.23277227766430517,0.29369361175994746,0.6754819591888717,-103.1140776447864,51.030731047221394,51.030731047221394,129.35790290134514,129.35790290134514,200.28756290437912,-186.43930166465077,,,2.8391676076786663,4.68186659775527,7.254967973991658,,
1578061800,30.565,30.655,30.05,30.2,28.771388152094882,29.578017211445673,28.771388152094882,29.578017211445673,0,0,0,0,0,32.379999999999995,29.06,33.54,27.9,30.22,29.901519368303,29.228480631696993,,,,,59031246,0.63,0.66,-0.39748683094949067,0.4697305120049694,0.6140120632083249,-110.73045837991239,24.718474921129296,24.718474921129296,94.47809357460653,94.47809357460653,200.28756290437912,-186.43930166465077,,,3.048878851427651,4.617827862605167,7.246564199521,,
1578321000,30.305,30.59,30.2,30.435,28.77425840553725,29.602720458055646,28.77425840553725,29.602720458055646,0,0,0,0,0,32.379999999999995,29.06,33.54,27.9,30.22,29.901885568316338,29.228114431683654,,,,,44921422,0.64,0.66,-0.2009613277279991,0.4364385610538926,0.7390228988002356,-93.15419514500581,18.46251795574789,18.46251795574789,69.13956836832033,69.13956836832033,200.28756290437912,-186.43930166465077,,,2.56492982739152,4.537322057302671,7.23721028469157,,
1578407400,30.35,30.385,30,30.355,28.7767273198119,29.61869024401425,28.7767273198119,29.61869024401425,0,0,0,0,0,32.379999999999995,29.06,33.54,27.9,30.22,29.900126327945628,29.229873672054364,,,,,22986788,0.65,0.66,-0.27476274863810546,0.169632783533737,0.619633245625391,-116.58921279154805,7.579074590979477,7.579074590979477,48.61940377587338,48.61940377587338,200.28756290437912,-186.43930166465077,,,3.2101951927730314,4.485277866536802,7.229164300491933,,
1578493800,30.325,30.36,29.815,29.855,28.778825367124963,29.626851410915652,28.778825367124963,29.626851410915652,0,0,0,0,0,32.379999999999995,29.06,33.54,27.9,30.22,30.02104259845607,29.348957401543927,,,,,38076166,0.65,0.66,-0.9461308131238616,-0.029787879737531737,0.33266324901560546,-138.2666041145995,-33.43539603258367,-33.43539603258367,21.267803839721033,21.267803839721033,200.28756290437912,-186.43930166465077,,,3.807065655750926,4.458681309251082,7.22232694056238,,
1578580200,29.84,30.1025,29.49,30.075,28.780276365392446,29.622074884997392,28.780276365392446,29.622074884997392,0,0,0,0,0,32.379999999999995,29.06,33.54,27.9,30.22,30.073615594403478,29.401384405596517,,,,,30735194,0.66,0.66,-0.7542389130554197,0.06471428790813537,0.39977443335652907,-176.34850779023105,-68.984570010293,-68.984570010293,-8.816320776950313,-8.816320776950313,200.28756290437912,-186.43930166465077,,,4.8556218744958946,4.474247605927349,7.217598259111697,,
1578666600,30.06,30.085,29.87,29.905,28.78247611291414,29.632238614997494,28.78247611291414,29.632238614997494,0,0,0,0,0,32.379999999999995,29.06,33.54,27.9,30.22,30.200610988370737,29.529389011629267,,,,,18302704,0.65,0.65,-0.9008840816284667,0.1197981742330217,0.3984590860991715,-131.8219742618004,-89.93973031080995,-89.93973031080995,-35.85745728823686,-35.85745728823686,200.28756290437912,-186.43930166465077,,,3.629617680271011,4.441124863744748,7.2104294667463815,,
1578925800,29.86,30.0075,29.705,29.915,28.78434509170952,29.63559788499759,28.78434509170952,29.63559788499759,0,0,0,0,0,32.379999999999995,29.06,33.54,27.9,30.22,30.1971589992421,29.5328410007579,,,,,17559382,0.64,0.65,-0.7878447783909206,0.0866737562577732,0.2762581753774718,-151.1558638201981,-107.43903857450313,-107.43903857450313,-59.717984383658944,-59.717984383658944,200.28756290437912,-186.43930166465077,,,4.1619616067107685,4.430177285037533,7.204338621871186,,
1579012200,29.85,29.955,29.655,29.92,28.786111435182626,29.636884242448666,28.786111435182626,29.636884242448666,0,0,0,0,0,32.379999999999995,29.06,33.54,27.9,30.22,30.1971384218703,29.532861578129705,,,,,34679744,0.63,0.65,0.06167495827413378,0.24494951472505033,0.1672113991355914,-157.01461823183337,-154.54205046010117,-154.54205046010117,-91.32600640913968,-91.32600640913968,200.28756290437912,-186.43930166465077,,,4.323277948056138,4.4259851541755175,7.198582256888538,,
1579098600,29.79,29.88,29.6125,29.7,28.787790183563878,29.636470154509503,28.787790183563878,29.636470154509503,0,0,0,0,0,32.379999999999995,29.06,33.54,27.9,30.22,30.198149874197238,29.531850125802766,,,,,21661608,0.63,0.64,-0.27999711591574417,0.1313355393611234,0.05488099210363562,-161.99455948172363,-201.50198855705327,-201.50198855705327,-128.05133379177755,-128.05133379177755,200.28756290437912,-186.43930166465077,,,4.46039683819971,4.427334631980388,7.193111356951098,,
1579185000,29.875,29.975,29.7325,29.75,28.789702940439874,29.640731128842464,28.789702940439874,29.640731128842464,0,0,0,0,0,32.379999999999995,29.06,33.54,27.9,30.22,30.193673735753567,29.536326264246433,,,,,16448974,0.63,0.63,-0.48814294043433143,0.40604606115915526,-0.1076269400994332,-138.48414882929166,-214.84292112263088,-214.84292112263088,-156.981862902062,-156.981862902062,175.58500634211856,-186.43930166465077,,,4.0732376189708,4.413448474607463,7.1868778429891,,
1579271400,29.83,29.845,29.5075,29.56,28.791166820678754,29.63608971202511,28.791166820678754,29.63608971202511,0,0,0,0,0,32.379999999999995,29.06,33.54,27.9,30.22,30.194712320648563,29.535287679351445,,,,,23818232,0.63,0.63,-0.5794872333449669,0.06435075615834791,-0.26931602583846703,-163.1644921850072,-232.2882150008297,-232.2882150008297,-182.0839802683179,-182.0839802683179,175.58500634211856,-186.43930166465077,,,4.799161155025007,4.428574462074818,7.182107180275885,,
1579617000,29.395,29.4,28.98,29.03,28.79158436948859,29.611150899788832,28.79158436948859,29.611150899788832,0,0,0,0,0,32.379999999999995,29.06,33.54,27.9,30.22,30.213936918430424,29.54106308156957,,,,,34709110,0.66,0.63,-1.2486487108257123,-0.143903968693995,-0.4317292084596248,-209.52758371699952,-250.7581507147764,-250.7581507147764,-204.9753704171374,-204.9753704171374,175.58500634211853,-216.23157520867056,,-270.75815071477643,6.5010485562187466,4.509847955962815,7.180746423784263,,
1579703400,28.975,28.99435,28.67,28.75,28.791387897221878,29.575154786071625,28.791387897221878,29.575154786071625,0,0,0,0,0,32.379999999999995,29.06,33.54,27.9,30.22,30.277592575191836,29.61240742480817,,,,,29355438,0.66,0.63,-1.4352011445423505,-0.5825598108055101,-0.4628452248097342,-221.3046520809335,-259.8919823467717,-259.8919823467717,-223.28090772701552,-223.28090772701552,175.58500634211856,-238.25469304922711,,-279.8919823467717,7.501209872560088,4.62715626641761,7.181386710395204,,
1579789800,28.45,28.7275,28.23,28.64,28.79032148783682,29.523487931715874,28.79032148783682,29.523487931715874,0,0,0,0,0,32.379999999999995,29.06,33.54,27.9,30.22,30.051742675028844,29.398257324971162,,,,,26556024,0.66,0.63,-1.1126960448265255,-0.6271834829202627,-0.5669968621040933,-221.30465208093352,-258.21999631442793,-258.21999631442793,-234.9272705894863,-234.9272705894863,175.58500634211856,-238.25469304922711,,-278.21999631442793,8.92079367639942,4.795534204063956,7.184862048988619,,
1579876200,28.51,28.63945,28.09,28.31,28.78898028606292,29.468411934393682,28.78898028606292,29.468411934393682,0,0,0,0,0,32.379999999999995,29.06,33.54,27.9,30.22,29.981884635404914,29.32811536459509,,,,,40781118,0.7,0.63,-1.596693012968209,-0.8278449840762379,-0.9352038707132138,-221.30465208093352,-252.43621939057414,-252.43621939057414,-240.7635868565156,-240.7635868565156,175.58500634211856,-238.25469304922711,,-272.43621939057414,9.372479432166482,4.975022252224839,7.189232912891073,,
1580135400,27.74,27.85,27.49,27.525,28.78645495082603,29.392201662456674,28.78645495082603,29.392201662456674,0,0,0,0,0,32.379999999999995,29.06,33.54,27.9,30.22,29.693632987331497,29.016367012668496,,,,,43365078,0.73,0.63,-2.1086006457216384,-1.1843675374461784,-1.0214875336285192,-221.30465208093352,-257.17340617600786,-257.17340617600786,-246.2335266296797,-246.2335266296797,175.58500634211856,-238.25469304922711,,-277.17340617600786,11.308275528311027,5.223385125796847,7.197462768266537,,
1580221800,27.68,27.82,27.54,27.65,28.784033562312892,29.320921205105435,28.784033562312892,29.320921205105435,0,0,0,0,0,32.379999999999995,29.06,33.54,27.9,30.22,29.692557701657368,29.017442298342623,,,,,28600138,0.72,0.63,-2.018965663813105,-1.385757368324615,-0.954132773621692,-217.57021682534904,-253.70997506520624,-253.70997506520624,-248.72567610818854,-248.72567610818854,175.58500634211856,-238.25469304922711,,-273.7099750652062,11.146959186965645,5.455682147803467,7.2053538700022,,
1580308200,27.805,27.905,27.325,27.36,28.781191737013565,29.244089000983653,28.781191737013565,29.244089000983653,0,1,1,0,0,32.379999999999995,29.06,33.54,27.9,30.22,29.61045472245834,28.93454527754166,,,,,27497890,0.73,0.63,-2.2870721818446302,-1.4304192545921428,-1.0194864530718841,-221.30465208093352,-248.1497315306447,-248.1497315306447,-246.99784237555696,-246.99784237555696,175.58500634211856,-238.25469304922711,,-268.14973153064466,11.84061945475077,5.706071846115126,7.214615139901797,,
1580394600,27.075,27.6075,27.005,27.58,28.777722622653897,29.157846295062726,28.777722622653897,29.157846295062726,0,0,0,0,0,32.379999999999995,29.06,33.54,27.9,30.22,29.449753599991823,28.77524640000817,,,,,48861098,0.73,0.63,-1.9052755960908239,-1.502729042871987,-0.8885662302942174,-218.826743492041,-245.11096598957283,-245.11096598957283,-239.03343490742913,-239.03343490742913,175.58500634211856,-238.25469304922711,,-265.11096598957283,12.873044039361192,5.987129579183599,7.2259206921484695,,
1580481000,27.115,27.19,26.58,26.72,28.773419780250993,29.058485656040656,28.773419780250993,29.058485656040656,0,1,1,0,0,32.379999999999995,29.06,33.54,27.9,30.22,29.24554962675722,28.55445037324278,,,,,66997948,0.75,0.63,-2.6728048462412364,-1.9124971114052398,-1.1216372099573764,-221.30465208093352,-255.49212705807423,-255.49212705807423,-248.57135301240663,-248.57135301240663,175.58500634211856,-238.25469304922711,,-275.49212705807423,14.24423294079691,6.310937554148827,7.239943294043871,,
1580740200,26.685,26.725,26.275,26.37,28.768522238232507,28.951180336195925,28.768522238232507,28.951180336195925,0,1,1,0,0,28.7225,24.542499999999997,30.76,22.504999999999995,26.685,29.093697405957037,28.40130259404296,,,,,42601774,0.76,0.63,-2.8349009834240833,-2.1370244350347836,-1.101637819927392,-221.3046520809335,-266.50249867480306,-266.50249867480306,-254.5484015665388,-254.5484015665388,175.58500634211856,-238.25469304922711,,-286.50249867480306,15.228262623003719,6.660636576456862,7.255903972023811,,
1580826600,26.75,26.96,26.415,26.465,28.763911404589685,28.853518362227458,28.763911404589685,28.853518362227458,0,1,1,0,0,28.7225,24.542499999999997,30.76,22.504999999999995,26.685,29.082987707856834,28.41201229214316,,,,,39639672,0.77,0.63,-2.3195615146953195,-2.084448918862007,-1.086057890698291,-213.85689936667126,-259.8709978820009,-259.8709978820009,-256.3226003383595,-256.3226003383595,175.58500634211856,-238.25469304922711,,-279.8709978820009,14.776576867236656,6.9789087447227365,7.270930291494765,,
1580913000,26.905,27.555,26.89,27.46,28.760249343841256,28.778127446061674,28.760249343841256,28.778127446061674,0,0,0,0,0,28.7225,24.542499999999997,30.76,22.504999999999995,26.685,29.089815811901286,28.405184188098712,,,,,68763948,0.77,0.62,-1.1223293336766005,-1.5156828680552616,-0.6598596340312105,-188.58773837185305,-241.91032803886588,-241.91032803886588,-213.08578343987864,-213.08578343987864,175.58500634211856,-238.25469304922711,,-261.9103280388659,13.24407162445556,7.2246014066730435,7.282864639812369,,
1580999400,27.59,27.59,27.135,27.18,28.757079215282133,28.71520480111808,28.757079215282133,28.71520480111808,0,0,0,0,0,28.7225,24.542499999999997,30.76,22.504999999999995,26.685,29.09099100688158,28.404008993118417,,,,,30801260,0.73,0.61,-1.2749045486039974,-1.7772155425865885,-0.7367537916602056,-171.74976573042653,-214.73196203915478,-214.73196203915478,-160.37523003973257,-160.37523003973257,175.58500634211856,-238.25469304922711,,-234.73196203915478,12.453621551863202,7.429661020209912,7.293195822453829,,
1581085800,26.975,27.105,26.85005,26.99,28.753351783283566,28.643686946172274,28.753351783283566,28.643686946172274,0,0,0,0,0,28.7225,24.542499999999997,30.76,22.504999999999995,26.685,29.084698016312608,28.410301983687393,,,,,27387370,0.72,0.62,-1.2117417179484233,-1.932443713973193,-0.7638420093815078,-173.61524939465477,-184.94047973240208,-184.94047973240208,-125.35751511889669,-125.35751511889669,175.58500634211856,-238.25469304922711,,,13.37296338119052,7.662731701032681,7.305343210183573,,
1581345000,26.85,26.915,26.69,26.855,28.749315216284,28.568760007106693,28.749315216284,28.568760007106693,0,0,0,0,0,28.7225,24.542499999999997,30.76,22.504999999999995,26.685,29.07941043495664,28.41558956504336,,,,,29281188,0.74,0.62,-0.6356784308322625,-2.003355429682884,-0.6201728784029983,-182.23154442732636,-159.73547096217882,-159.73547096217882,-109.32545342173233,-109.32545342173233,175.58500634211856,-238.25469304922711,,,13.88933698983707,7.906912300593637,7.318498042910154,,
1581431400,27.22,27.26,27.0325,27.155,28.745964186880833,28.51006843820055,28.745964186880833,28.51006843820055,0,0,0,0,0,28.7225,24.542499999999997,30.76,22.504999999999995,26.685,29.082632791329893,28.41236720867011,,,,,27689186,0.75,0.62,-0.465243738976634,-1.792804648033197,-0.32248715010028556,-156.25392039883025,-132.54086377158796,-132.54086377158796,-78.15164939040622,-78.15164939040622,175.58500634211856,-238.25469304922711,,,12.784320051621236,8.098183192790797,7.329418766204282,,
1581517800,27.56,27.675,27.295,27.52,28.743139083610345,28.463869675918176,28.743139083610345,28.463869675918176,0,0,0,0,0,28.7225,24.542499999999997,30.76,22.504999999999995,26.685,29.08667692142457,28.40832307857543,,,,,34399628,0.76,0.61,0.15090329452422796,-1.1629091562965934,-0.29868372185206227,-142.04901854439098,-97.28086122227909,-97.28086122227909,-26.760856123661306,-26.760856123661306,175.58500634211856,-238.25469304922711,,,11.93740925955799,8.248741077762059,7.338625540416777,,
1581604200,27.445,27.59005,27.275,27.435,28.74028006446227,28.4187061592155,28.74028006446227,28.4187061592155,0,0,0,0,0,28.7225,24.542499999999997,30.76,22.504999999999995,26.685,29.08646400962137,28.408535990378628,,,,,23949776,0.75,0.61,-0.13588112812495848,-1.2849156998756592,-0.3768576419094628,-143.13129678091988,-60.70171846065158,-60.70171846065158,12.456567062603433,12.456567062603433,175.58500634211856,-238.25469304922711,,,12.001935796096152,8.395925184363396,7.347942843624927,,
1581690600,27.53,27.55,27.12,27.29,28.737120164233573,28.369296113756068,28.737120164233573,28.369296113756068,0,0,0,0,0,28.7225,24.542499999999997,30.76,22.504999999999995,26.685,29.086589576932415,28.408410423067586,,,,,25040218,0.77,0.61,0.5510518157589853,-1.4771186784786328,-0.3467249029448865,-143.13284289268614,-30.268965893755173,-30.268965893755173,30.59653924003765,30.59653924003765,175.58500634211856,-238.25469304922711,,,12.502016454266817,8.556948371418432,7.358240692996839,,
1582036200,27.05,27.28535,26.8125,27.065,28.733358335733605,28.309885481844066,28.733358335733605,28.309885481844066,0,0,0,0,0,28.7225,24.542499999999997,30.76,22.504999999999995,26.685,29.087452813191828,28.407547186808166,,,,,32629816,0.76,0.61,0.6846290258450588,-1.55686375409097,-0.27417057110732496,-159.86795665295273,-15.298112975275416,-15.298112975275416,14.643592861684098,14.643592861684098,175.58500634211856,-238.25469304922711,,,13.494111953540896,8.750562629540882,7.370500176034889,,
1582122600,27.245,27.535,27.0961,27.425,28.730164990407467,28.26381503157567,28.730164990407467,28.26381503157567,0,0,0,0,0,28.7225,24.542499999999997,30.76,22.504999999999995,26.685,29.089989964270487,28.405010035729514,,,,,24910850,0.76,0.62,0.9360995310699972,-1.4735173543527647,-0.23788657682368386,-134.95505815584028,-3.11815513955921,-3.11815513955921,21.241760531873204,21.241760531873204,175.58500634211856,-238.25469304922711,,,12.57912566542991,8.90070235643849,7.380907020169544,,
1582209000,27.495,27.7,27.325,27.395,28.727430794622435,28.22843797151388,28.727430794622435,28.22843797151388,0,0,0,0,0,28.7225,24.542499999999997,30.76,22.504999999999995,26.685,29.087722008365002,28.407277991635,,,,,26101652,0.76,0.61,-0.06139199978815941,-1.4601578348190876,-0.35265124722097,-95.09285058039995,11.707215268234876,11.707215268234876,41.35795608382305,41.35795608382305,175.58500634211856,-238.25469304922711,,,11.84061945475077,9.015993223038972,7.389817534524352,,
1582295400,27.135,27.16,26.845,27.07,28.723752611216597,28.17581295302314,28.723752611216597,28.17581295302314,0,0,0,0,0,28.7225,24.542499999999997,30.76,22.504999999999995,26.685,29.08630707527123,28.408692924728765,,,,,27616410,0.75,0.61,-0.10453898190870788,-1.3911774521467963,-0.5577524631901253,-107.28219480759633,14.516870531441336,14.516870531441336,20.13618105785426,20.13618105785426,175.58500634211856,-238.25469304922711,,,13.389256331666404,9.187493737102793,7.401804425227932,,
1582554600,26.05,26.2,25.74,25.82,28.717896062542838,28.082351660747722,28.717896062542838,28.082351660747722,0,0,0,0,0,28.7225,24.542499999999997,30.76,22.504999999999995,26.685,28.851037038480367,28.108962961519627,,,,,66075002,0.72,0.63,-1.0518962136593604,-1.98208929383531,-0.8695220813844968,-163.94399096913713,-26.941014057486264,-26.941014057486264,0.6975756684654701,0.6975756684654701,175.58500634211856,-238.25469304922711,,,16.954347475399263,9.49207623664383,7.4208904253281744,,
1582641000,25.89,25.91,24.52,24.68,28.70963802845184,27.945190811306638,28.70963802845184,27.945190811306638,0,0,0,0,0,28.7225,24.542499999999997,30.76,22.504999999999995,26.685,28.256955668141252,27.48304433185874,,,,,85674658,0.71,0.65,-1.8912457494125527,-2.355568407764621,-1.170921838310598,-237.30910281800735,-72.8876110280448,-72.8876110280448,-23.830819897037955,-23.830819897037955,175.58500634211856,-277.4968673988449,,,20.89046620422649,9.939071921647072,7.447802664646653,,
1582727400,24.77,24.89,23.925,23.935,28.70021957085254,27.790308818706375,28.70021957085254,27.790308818706375,0,0,0,0,0,28.7225,24.542499999999997,30.76,22.504999999999995,26.685,27.966920201556302,27.178079798443694,,,,,97656626,0.74,0.67,-2.747256323428677,-2.673896954341195,-1.2698252041910336,-238.80653008437784,-109.25933994382177,-109.25933994382177,-52.30699324596589,-52.30699324596589,175.58500634211856,-277.4968673988449,,,22.81013066623649,10.443819323395676,7.478496626687791,,
1582813800,23.315,23.7625,22.645,22.655,28.68828806321847,27.59180651209044,28.68828806321847,27.59180651209044,0,0,0,0,0,28.7225,24.542499999999997,30.76,22.504999999999995,26.685,27.354475160594962,26.510524839405033,,,,,122557450,0.79,0.68,-3.8455247978788876,-3.0495418891152113,-1.5202761150281698,-242.28977205399116,-140.3750812526697,-140.3750812526697,-81.66302258153382,-81.66302258153382,175.58500634211856,-277.4968673988449,,,26.939829004678177,11.090721663838128,7.517380407662797,,
1582900200,21.94,22.92,21.7575,22.635,28.674624900254994,27.36663272730258,28.674624900254994,27.36663272730258,0,0,0,0,0,28.7225,24.542499999999997,30.76,22.504999999999995,26.685,26.903617473214858,26.073882526785145,,,,,137528830,0.8,0.68,-3.812320499222579,-2.9925968951123654,-1.4977379250430773,-229.7668458782639,-164.03757991718822,-164.03757991718822,-109.12120836008529,-109.12120836008529,152.16713439350855,-277.496867398845,,,29.803194063558642,11.824544110885991,7.561907507874377,,
1583159400,23.14,23.58,22.465,23.55,28.662388486867872,27.177756934075028,28.662388486867872,27.177756934075028,0,0,0,0,0,26.11125,18.786250000000003,29.0825,15.815000000000001,23.14,26.927887051247954,26.049612948752046,,,,,73285334,0.77,0.68,-2.8691463790830225,-2.5190032703909484,-1.316361826661007,-198.06888098775383,-167.04245377584962,-167.04245377584962,-128.42829016534006,-128.42829016534006,144.12362749083985,-277.4968673988449,,,27.520567833521536,12.44007445295013,7.601784951082463,,
1583245800,23.685,23.995,22.575,22.83,28.650394104276728,27.00055862293483,28.650394104276728,27.00055862293483,0,0,0,0,0,26.11125,18.786250000000003,29.0825,15.815000000000001,23.14,26.936668030563126,26.04083196943687,,,,,97190628,0.76,0.67,-3.234054757080064,-2.716764494243819,-1.5395676254793984,-180.69227786080964,-167.25735440662518,-167.25735440662518,-141.37131157910176,-141.37131157910176,119.4922194922147,-277.4968673988449,,,27.16567188256171,13.017548861954506,7.640873636260244,,
1583332200,23.32,23.375,22.835,23.37,28.63893797220025,26.840403382819737,28.63893797220025,26.840403382819737,0,0,0,0,0,26.11125,18.786250000000003,29.0825,15.815000000000001,23.14,26.945613068576595,26.031886931423408,,,,,48969078,0.75,0.66,-3.0219684377696985,-2.30067074362127,-1.4420712633309987,-171.19177386812797,-162.0771543153357,-162.0771543153357,-148.2732591578464,-148.2732591578464,119.4922194922147,-277.4968673988449,,,26.32682690756574,13.539481334331416,7.678208208230884,,
1583418600,22.7,22.805,22.1375,22.515,28.62612505916888,26.659449328591514,28.62612505916888,26.659449328591514,0,1,0,0,0,26.11125,18.786250000000003,29.0825,15.815000000000001,23.14,26.95754479392046,26.019955206079544,,,,,58774644,0.75,0.66,-3.568255251212533,-2.508103058558985,-1.5844477718445173,-196.67870284849502,-180.1930973352058,-180.1930973352058,-158.91320521696622,-158.91320521696622,119.4922194922147,-277.4968673988449,,,28.57718986933377,14.129195394527587,7.7199644153459746,,
1583505000,21.75,21.945,20.93,21.25,28.610949284824887,26.438712100019295,28.610949284824887,26.438712100019295,0,1,0,0,0,26.11125,18.786250000000003,29.0825,15.815000000000001,23.14,26.564321670451225,25.585678329548774,,,,,123034816,0.76,0.69,-4.097237486644676,-2.8390118551107864,-1.8164848795656232,-203.73780750028413,-204.09666604228747,-204.09666604228747,-173.97435882540663,-173.97435882540663,103.49283262668638,-277.496867398845,,,32.47297951282465,14.84855947759806,7.769420988967311,,
1583760600,17.535,18.215,16.865,16.97,28.587763172367694,26.06881358629305,28.587763172367694,26.06881358629305,0,1,0,0,0,26.11125,18.786250000000003,29.0825,15.815000000000001,23.14,24.842198962066202,23.24280103793379,,,,,133113894,0.77,0.7,-4.20271694690033,-2.8356698544645154,-1.7431559534610899,-198.36686028797422,-227.27960931633012,-227.27960931633012,-191.74277565571447,-191.74277565571447,93.449161339667,-277.49686739884487,,,45.58799806420391,16.054027657464957,7.844982581525226,,
1583847000,18.335,18.41,16.68,17.775,28.564257451743583,25.706238543693324,28.564257451743583,25.706238543693324,0,1,1,0,0,26.11125,18.786250000000003,29.0825,15.815000000000001,23.14,24.759394193099517,23.14060580690048,,,,,96862274,0.78,0.7,-3.3643339661767255,-2.4592191575695534,-1.610197283003312,-185.31859307851775,-230.87556955698815,-230.87556955698815,-204.78704028947237,-204.78704028947237,69.04890165798332,-277.4968673988449,,-250.87556955698815,46.184868527181806,17.23562926019895,7.921585750247817,,
1583933400,17.225,17.525,16.565,16.835,28.54057122306877,25.353417424332797,28.54057122306877,25.353417424332797,0,1,1,0,0,26.11125,18.786250000000003,29.0825,15.815000000000001,23.14,24.711264296684956,23.073735703315037,,,,,86985738,0.77,0.7,-3.510744350333546,-2.6726682193922455,-1.6631445351735448,-179.12610519288134,-224.70470237058035,-224.70470237058035,-211.42626098317504,-211.42626098317504,57.46894931184323,-277.4968673988449,,-244.70470237058035,46.55589611227617,18.385443646554922,7.998777179542579,,
1584019800,15.595,16,14.69,14.735,28.513223528317383,24.94163830965308,28.513223528317383,24.94163830965308,0,1,1,0,0,26.11125,18.786250000000003,29.0825,15.815000000000001,23.14,23.81771221579042,22.092287784209578,,,,,77658138,0.79,0.73,-3.779374824196958,-2.8801394580072666,-1.7713389334858298,-179.12610519288134,-224.09440343340228,-224.09440343340228,-215.6489751332508,-215.6489751332508,57.46894931184323,-277.4968673988449,,-244.09440343340228,52.60525891272786,19.72739718640484,8.087901019169323,,
1584106200,15.98,16.11,14.4,16.095,28.485356847941127,24.53474857201963,28.485356847941127,24.53474857201963,0,1,1,0,0,26.11125,18.786250000000003,29.0825,15.815000000000001,23.14,23.712696137370866,21.907303862629135,,,,,68196842,0.79,0.73,-2.9618763693916432,-2.464596274557407,-1.5615260463463025,-179.12610519288137,-226.8666536746279,-226.8666536746279,-219.38820131370983,-219.38820131370983,57.46894931184323,-277.4968673988449,,-246.8666536746279,53.54089369253104,21.053416657233317,8.17871618934587,,
1584365400,13.975,15.5575,13.835,13.905,28.456428262830354,24.121880000567877,28.456428262830354,24.121880000567877,0,1,1,0,0,26.11125,18.786250000000003,29.0825,15.815000000000001,23.14,23.49445719339684,21.56054280660316,,,,,80467188,0.76,0.72,-3.878235957844144,-2.6220709412334764,-1.7223671777392586,-179.12610519288137,-234.5526569033466,-234.5526569033466,-224.44301984358876,-224.44301984358876,57.46894931184323,-277.4968673988449,,-254.5526569033466,55.363768349733824,22.398920645174513,8.272992017838154,,
1584451800,14.04,14.59,13.475,14,28.426845389178347,23.71122588289855,28.426845389178347,23.71122588289855,0,1,1,0,0,26.11125,18.786250000000003,29.0825,15.815000000000001,23.14,23.3081466349538,21.386853365046193,,,,,90887128,0.77,0.72,-3.6658313977308925,-2.566945434638461,-1.7160131580675935,-179.12610519288134,-240.6423364813106,-240.6423364813106,-229.8427920561627,-229.8427920561627,57.46894931184323,-277.4968673988449,,-260.6423364813106,56.52524600742056,23.7372079142822,8.36940011771744,,
1584538200,13.02,13.29,11.44,11.99,28.393296347441726,23.237669965922137,28.393296347441726,23.237669965922137,0,1,1,0,0,26.11125,18.786250000000003,29.0825,15.815000000000001,23.14,22.319971236797816,20.340028763202177,,,,,104271618,0.78,0.74,-4.277955563448103,-2.7742063798380334,-1.758800188631922,-179.12610519288137,-256.57722367451345,-256.57722367451345,-238.75426926227962,-238.75426926227962,57.46894931184323,-277.4968673988449,,-276.57722367451345,63.09082110017744,25.28048686274868,8.478733626173904,,
1584624600,12.165,12.855,11.49005,12.805,28.359913336757526,22.784627986866365,28.359913336757526,22.784627986866365,0,1,1,0,0,26.11125,18.786250000000003,29.0825,15.815000000000001,23.14,22.34230033652975,20.317699663470247,,,,,104452916,0.78,0.74,-3.7074086991927007,-2.6487919541200036,-1.6612810794553339,-178.56525054384142,-256.2550819509882,-256.2550819509882,-244.58787349184914,-244.58787349184914,57.46894931184323,-277.4968673988449,,-276.2550819509882,62.929343442490726,26.75691261097386,8.587526053379332,,
1584711000,13.13,13.4175,12.38,12.93,28.31465973605602,22.373303294726774,28.31465973605602,22.373303294726774,0,1,1,0,0,26.11125,18.786250000000003,29.0825,15.815000000000001,23.14,22.343171906859343,20.316828093140657,,,,,116714452,0.79,0.74,-3.365123807187489,-2.6016054864412412,-1.6441889965729515,-168.44065066531283,-243.57334794313482,-243.57334794313482,-241.5442968457062,-241.5442968457062,57.46894931184323,-277.4968673988449,,-263.5733479431348,60.038734667527436,28.062082103387727,8.690325670990017,,
1584970200,12.565,12.645,11.575,11.785,28.27247997824091,21.950507658860698,28.27247997824091,21.950507658860698,0,1,1,0,0,26.11125,18.786250000000003,29.0825,15.815000000000001,23.14,22.364075872973732,20.295924127026264,,,,,96520418,0.78,0.74,-2.5653177678456327,-2.7308457080136312,-1.7056402911635626,-175.91229858432897,-241.8628342095991,-241.8628342095991,-238.44180674252766,-238.44180674252766,57.46894931184323,-277.4968673988449,,-261.8628342095991,62.625121084920885,29.417495396781185,8.79808749998888,,
1585056600,12.7,13.745,12.7,13.675,28.12328882491163,21.50633001561532,28.12328882491163,21.50633001561532,0,1,1,0,0,26.11125,18.786250000000003,29.0825,15.815000000000001,23.14,22.452146967560985,20.207853032439015,,,,,89022150,0.77,0.73,-1.769389127891846,-2.173595534915748,-1.392201474425172,-156.160242854714,-226.75729991187498,-226.75729991187498,-196.54623131642677,-196.54623131642677,57.46894931184323,-277.4968673988449,,-246.75729991187498,58.819714656290536,30.570523603036452,8.89803081099048,,
1585143000,13.975,15,13.37,14.32,27.725567246722125,20.922598509217316,27.725567246722125,20.922598509217316,0,1,0,0,0,26.11125,18.786250000000003,29.0825,15.815000000000001,23.14,22.461502486297928,20.19849751370207,,,,,104869804,0.77,0.72,-1.137015487669769,-2.0769543456876383,-1.3215480388227703,-140.83491246322922,-196.0917438387414,-196.0917438387414,-134.7606316924742,-134.7606316924742,57.46894931184323,-277.4968673988449,,,56.07031378347297,31.570515374818278,8.992281126619815,,
1585229400,14.465,15.5,14.285,15.195,27.69903564383157,20.668633861797026,27.69903564383157,20.668633861797026,0,1,0,0,0,26.11125,18.786250000000003,29.0825,15.815000000000001,23.14,22.47711574789807,20.18288425210193,,,,,93836138,0.77,0.72,0.234578262183057,-1.9429335344114507,-1.2279923520971523,-123.90440888690244,-154.32478465467,-154.32478465467,-70.7908662865272,-70.7908662865272,57.46894931184323,-277.4968673988449,,,53.06390668638081,32.41339346546779,9.080336322543413,,
1585315800,14.56,14.605,14.08,14.165,27.672151556631107,20.416669788785377,27.672151556631107,20.416669788785377,0,0,0,0,0,26.11125,18.786250000000003,29.0825,15.815000000000001,23.14,22.432012265107883,20.122987734892114,,,,,73056838,0.77,0.72,-0.8935177412357318,-2.080856747287674,-1.312590942171388,-123.58106858046426,-113.22890067194106,-113.22890067194106,-31.037132706483163,-31.037132706483163,57.46894931184323,-277.4968673988449,,,53.73747330376211,33.24963189049894,9.169561371456938,,
1585575000,13.975,14.435,13.545,14.31,27.644262942132343,20.153816071578106,27.644262942132343,20.153816071578106,0,0,0,0,0,26.11125,18.786250000000003,29.0825,15.815000000000001,23.14,22.190886644905362,19.904113355094637,,,,,84254800,0.76,0.72,0.21778550759214857,-2.0533145089272433,-1.2905223453629002,-130.56268121938172,-78.21106581780619,-78.21106581780619,-8.175396109536432,-8.175396109536432,57.46894931184323,-277.4968673988449,,,55.495317890586506,34.12201173363963,9.262120325541114,,
1585661400,14.71,15,14.24,14.53,27.617804774415795,19.928252696222103,27.617804774415795,19.928252696222103,0,0,0,0,0,26.11125,18.786250000000003,29.0825,15.815000000000001,23.14,22.191805866390116,19.903194133609883,,,,,68701214,0.76,0.72,0.2827380132083965,-1.9970642967586087,-1.2522096431586733,-121.49310966041418,-44.16392406954589,-44.16392406954589,23.930359426974707,23.930359426974707,57.46894931184323,-277.4968673988449,,,53.21176277312305,34.87062942146251,9.349931798962857,,
1585747800,14.06,14.24,13.61515,13.81,27.51771209538479,19.63691644120532,27.51771209538479,19.63691644120532,0,0,0,0,0,20.337500000000002,5.162499999999999,26.615000000000002,-1.115000000000002,14.06,22.195513240300663,19.899486759699336,,,,,47652916,0.77,0.72,1.1284870364919692,-2.1308591887996937,-1.3192047598066192,-128.27876256363672,-22.462938372860094,-22.462938372860094,20.939033020511513,20.939033020511513,57.46894931184323,-277.4968673988449,,,55.146928018448364,35.66577838605019,9.441434288911879,,
1585834200,14.505,15.88,14.13,15.075,27.237960806675744,19.253180724817273,27.237960806675744,19.253180724817273,0,0,0,0,0,20.337500000000002,5.162499999999999,26.615000000000002,-1.115000000000002,14.06,22.22407717153027,19.87092282846973,,,,,146256294,0.78,0.72,1.2858219946352871,-1.8832733102458412,-1.2034431270957502,-132.42463205138304,1.956317419307883,1.956317419307883,50.79482900364384,50.79482900364384,87.56218905472463,-277.4968673988449,,,53.01745635910224,36.346236345777726,9.528499268073098,,
1585920600,15.55,15.655,14.4875,14.915,27.21279679907,19.0724040297264,27.21279679907,19.0724040297264,0,0,0,0,0,20.337500000000002,5.162499999999999,26.615000000000002,-1.115000000000002,14.06,22.18956229622162,19.84043770377838,,,,,127668650,0.77,0.72,1.113466537033153,-1.8802745316568112,-1.2122611314626264,-119.41637373415413,26.76505616387492,26.76505616387492,76.38253365300899,76.38253365300899,87.56218905472463,-277.4968673988449,,,51.82876142975893,36.953394192208364,9.613015276388154,,
1586179800,15.25,15.81,15.045,15.705,27.048814108931676,18.825859640051036,27.048814108931676,18.825859640051036,0,0,0,0,0,20.337500000000002,5.162499999999999,26.615000000000002,-1.115000000000002,14.06,22.09184418144713,19.733155818552873,,,,,76041446,0.78,0.72,2.390908018508913,-1.6257561673570948,-1.1393858076920393,-111.8097323043035,52.5166962036091,52.5166962036091,104.01997628307747,104.01997628307747,139.85692782769132,-277.4968673988449,,,49.71590909090909,37.45388497254957,9.69314093835523,,
1586266200,16.48,16.935,16.01,16.04,27.02703645836438,18.720888673774525,27.02703645836438,18.720888673774525,0,0,0,0,0,20.337500000000002,5.162499999999999,26.615000000000002,-1.115000000000002,14.06,22.08136623972936,19.718633760270638,,,,,103018994,0.77,0.72,1.2408289822041065,-1.45016052339116,-1.0986647066534756,-38.02172851609644,78.23807375564077,78.23807375564077,129.68082885970412,129.68082885970412,139.85692782769132,-277.4968673988449,,,46.49064171122995,37.80826758975272,9.766662418420914,,
1586352600,16.38,17.165,16.245,17.11,27.005767154751265,18.62915774539121,27.005767154751265,18.62915774539121,0,0,0,0,0,20.337500000000002,5.162499999999999,26.615000000000002,-1.115000000000002,14.06,21.961080530575707,19.581419469424294,,,,,83811624,0.79,0.72,1.379796394863015,-1.1659029928275182,-1.0027526972938994,-35.57686950845162,104.66146918403771,104.66146918403771,157.5082600408316,157.5082600408316,173.0018100409631,-277.49686739884487,,,45.705213903743314,38.11795175892882,9.838467716093886,,
1586439000,17.77,18.23,16.31225,16.955,26.8315346909306,18.441871718664174,26.8315346909306,18.441871718664174,0,0,0,0,0,20.337500000000002,5.162499999999999,26.615000000000002,-1.115000000000002,14.06,21.951063994688916,19.573936005311086,,,,,182763082,0.78,0.73,0.8202525289797306,-1.028692980779147,-1.0013023597623547,-19.270931725332797,128.1478791231109,128.1478791231109,175.12069900125726,175.12069900125726,173.0018100409631,-277.49686739884487,,,45.168907563025215,38.39445982967769,9.909058005498345,,
1586784600,17.545,17.61,16.63,16.9,26.811414142097572,18.3759630238146,26.811414142097572,18.3759630238146,0,0,0,0,0,20.337500000000002,5.162499999999999,26.615000000000002,-1.115000000000002,14.06,21.910159941491543,19.537340058508462,,,,,67685680,0.79,0.73,1.367856903524573,-1.036316017800711,-1.0060921654179358,-11.595170452096198,145.9653151431144,145.9653151431144,181.60018718312136,181.60018718312136,173.0018100409631,-277.49686739884487,,,44.10084033613445,38.61823945738188,9.977373254910205,,
1586871000,16.985,17.19,16.71,16.82,26.620597801807058,18.20291358195025,26.620597801807058,18.20291358195025,0,0,0,0,0,20.337500000000002,5.162499999999999,26.615000000000002,-1.115000000000002,14.06,21.8927785874022,19.522221412597805,,,,,72648140,0.8,0.73,1.2427824461141859,-1.169027016798019,-0.9921844850922047,-9.662642043413458,157.85699481506566,157.85699481506566,181.64035415896822,181.64035415896822,173.0018100409631,-277.49686739884487,,,43.470906630581865,38.808540130840704,10.044293401514944,,
1586957400,16.15,16.19,15.53,16.03,26.122364544530996,17.789814855074937,26.122364544530996,17.789814855074937,0,0,0,0,0,20.337500000000002,5.162499999999999,26.615000000000002,-1.115000000000002,14.06,21.89677670060055,19.518223299399455,,,,,73421072,0.8,0.72,0.7283910277648149,-1.213336651639941,-1.0712939696874928,-38.167436071483294,136.6658239205757,136.6658239205757,150.793271183569,150.793271183569,173.0018100409631,-277.49686739884487,,,46.50361694798485,39.11030784916008,10.117139202806591,,
1587043800,15.99,16.04,15.3225,15.345,25.849602792354418,17.533465741043287,25.849602792354418,17.533465741043287,0,0,0,0,0,20.337500000000002,5.162499999999999,26.615000000000002,-1.115000000000002,14.06,21.899957041154643,19.51504295884536,,,,,64605796,0.79,0.72,0.781967193382786,-1.3947601583597335,-1.1169013029782895,-43.17993163150403,80.69413961081317,80.69413961081317,127.42689399265039,127.42689399265039,173.0018100409631,-277.49686739884487,,,46.70434782608696,39.40811333845133,10.190240518737221,,
1587130200,15.665,16.995,15.655,16.975,25.730788176138905,17.400438777391653,25.730788176138905,17.400438777391653,0,0,0,0,0,20.337500000000002,5.162499999999999,26.615000000000002,-1.115000000000002,14.06,21.865189800743472,19.419810199256524,,,,,91706876,0.78,0.71,0.8616414684527546,-0.9711973710417867,-0.9833399348379104,-35.14786043291658,60.600733331842775,60.600733331842775,105.15150710571453,105.15150710571453,173.0018100409631,-277.49686739884487,,,45.33868715083799,39.64068486050571,10.260467185334825,,
1587389400,15.975,17.05,15.89,16.445,25.415487725585372,17.153445095033632,25.415487725585372,17.153445095033632,0,0,0,0,0,20.337500000000002,5.162499999999999,26.615000000000002,-1.115000000000002,14.06,21.6308891360352,19.209110863964803,,,,,112789948,0.79,0.71,0.7001459495042684,-0.8910339213824259,-1.0206452386717388,-29.471058232411124,49.83772912197007,49.83772912197007,86.71358111113304,86.71358111113304,173.0018100409631,-277.49686739884487,,,43.871423525256084,39.806596180692,10.327621943256746,,
1587475800,15.97,16.4475,15.695,16.155,24.804969569385865,16.71671820253795,24.804969569385865,16.71671820253795,0,0,0,0,0,20.337500000000002,5.162499999999999,26.615000000000002,-1.115000000000002,14.06,21.416022739074744,19.018327260925247,,,,,120861514,0.78,0.71,0.19550959468706755,-0.1891945585298757,-1.0449355981636768,-34.18159622857521,30.779344092803257,30.779344092803257,68.06883543835644,68.06883543835644,173.0018100409631,-277.49686739884487,,,43.23688969258589,39.94111749488391,10.393374725972688,,
1587562200,16.885,16.995,16.505,16.73,24.788608890925552,16.71278611616391,24.788608890925552,16.71278611616391,0,0,0,0,0,20.337500000000002,5.162499999999999,26.615000000000002,-1.115000000000002,14.06,21.279858812686133,18.887641187313875,,,,,73799688,0.77,0.72,0.2924237210106369,-0.23073523838681265,-0.9953082426139895,-14.614746090662916,34.51008691865146,34.51008691865146,56.882585931788114,56.882585931788114,173.0018100409631,-277.49686739884487,,,40.30741410488246,39.95548206782503,10.45314303642006,,
1587648600,17.24,17.6725,17.07,17.27,24.71076649963111,16.690264470521743,24.71076649963111,16.690264470521743,0,0,0,0,0,20.337500000000002,5.162499999999999,26.615000000000002,-1.115000000000002,14.06,21.237440537213697,18.842009462786297,,,,,83207294,0.77,0.72,0.06337782286472907,0.10110737894651729,-0.9751134409084331,-4.786560664817727,59.85861931626502,59.85861931626502,65.81068608521883,65.81068608521883,173.0018100409631,-277.49686739884487,,,38.107324147933284,39.8830052866528,10.508396145533974,,
1587735000,17.615,17.77,17.035,17.31,24.69564099213934,16.707918805011087,24.69564099213934,16.707918805011087,0,0,0,0,0,20.337500000000002,5.162499999999999,26.615000000000002,-1.115000000000002,14.06,20.84850586552949,18.49649413447051,,,,,64883032,0.77,0.71,0.14190223464770169,0.6837937730439471,-0.9623037912775604,-6.5663123158248276,70.48298102658687,70.48298102658687,91.73170444723058,91.73170444723058,173.0018100409631,-277.49686739884487,,,38.234227701232776,39.81834734212653,10.563792412378527,,
1587994200,17.18,17.81,16.7879,17.685,24.626437972974486,16.680341495358494,24.626437972974486,16.680341495358494,0,0,0,0,0,20.337500000000002,5.162499999999999,26.615000000000002,-1.115000000000002,14.06,20.849559190173554,18.495440809826444,,,,,46576074,0.76,0.72,0.314339398441094,0.3859769602461441,-0.950360765474784,-20.96629547511619,83.3491666458578,83.3491666458578,109.08153788439968,109.08153788439968,173.0018100409631,-277.49686739884487,,,38.997456395348834,39.78615554029211,10.620602929827019,,
1588080600,17.95,18.2,17.66,18.09,24.612716018982532,16.72262614259934,24.612716018982532,16.72262614259934,0,0,0,0,0,20.337500000000002,5.162499999999999,26.615000000000002,-1.115000000000002,14.06,20.85149198623139,18.49350801376861,,,,,59141876,0.77,0.72,0.5102832841949337,1.1743497354042813,-0.9201048397094782,-9.82462082725346,101.28087113715912,101.28087113715912,137.1442801197618,137.1442801197618,173.0018100409631,-277.49686739884487,,,35.82848837209302,39.630952906245085,10.670968335306071,,
1588167000,18.685,19.495,18.67,19.43,24.601019283679868,16.802464333085638,24.601019283679868,16.802464333085638,0,0,0,0,0,20.337500000000002,5.162499999999999,26.615000000000002,-1.115000000000002,14.06,20.758278938047575,18.381721061952426,,,,,71074988,0.77,0.72,1.4152936111467747,1.4942123377353784,-0.8162880808619332,-19.09989280223414,124.79200757408286,124.79200757408286,171.81428044793034,171.81428044793034,254.73116982346124,-277.496867398845,,,32.15843023255813,39.337912801394616,10.713900327108773,,
1588253400,19.54,19.54,18.72,19,24.589444819576613,16.88111279061169,24.589444819576613,16.88111279061169,0,0,0,0,0,20.337500000000002,5.162499999999999,26.615000000000002,-1.115000000000002,14.06,20.75851386814463,18.38148613185537,,,,,84040124,0.75,0.71,1.588084254487306,2.2505634361685805,-0.8463195743473815,-17.843320907350382,145.7218342537983,145.7218342537983,187.58148761322917,187.58148761322917,254.73116982346124,-277.496867398845,,,31.976744186046513,39.049239522361354,10.756383531622134,,
1588339800,18.61,18.75,17.705,17.925,24.57588578896807,16.91727111254849,24.57588578896807,16.91727111254849,0,0,0,0,0,22.502425,15.647575,25.46485,12.68515,18.61,20.763778762742266,18.376221237257734,,,,,58531862,0.76,0.71,0.3712426838704104,1.5313477761619885,-0.9192802596836753,-43.35173037349211,152.8656731604481,152.8656731604481,167.15335097374765,167.15335097374765,254.73116982346124,-277.496867398845,,,35.66497093023256,38.91652310698375,10.806150939011966,,
1588599000,17.595,18.56,17.51,18.545,24.561968135044054,16.944440872840705,24.561968135044054,16.944440872840705,0,0,0,0,0,22.502425,15.647575,25.46485,12.68515,18.61,20.76770642165417,18.37229357834583,,,,,52780454,0.75,0.71,0.844377382150536,1.6578368280001132,-0.8853349942046265,-48.25236076353896,139.9155505615771,139.9155505615771,148.5489656274911,148.5489656274911,254.73116982346124,-277.496867398845,,,36.3735465116279,38.81679853461686,10.85723464644976,,
1588685400,19.305,19.46,18.495,18.56,24.550026640268744,17.008786328807737,24.550026640268744,17.008786328807737,0,0,0,0,0,22.502425,15.647575,25.46485,12.68515,18.61,20.76759588390153,18.37240411609847,,,,,68733434,0.77,0.71,0.9843978589266483,2.194732664763522,-0.8836524171771266,-23.497894434327556,128.41007678737742,128.41007678737742,141.83600268078655,141.83600268078655,254.73116982346124,-277.496867398845,,,32.79433139534883,38.580623352684775,10.901065009584423,,
1588771800,18.65,18.81,18.06,18.075,24.53724856506341,17.053720198266255,24.53724856506341,17.053720198266255,0,0,0,0,0,22.502425,15.647575,25.46485,12.68515,18.61,20.7639386303138,18.376061369686198,,,,,47350106,0.77,0.71,0.5310254207038813,1.2270257658932162,-0.9167435323836006,-32.4788845939376,101.44141572901157,101.44141572901157,128.3711403635282,128.3711403635282,254.7311698234612,-247.3349903341692,,,34.37500000000001,38.41569694669714,10.947965978596242,,
1588858200,18.585,18.8967,18.415,18.545,24.525198218280067,17.11067430813817,24.525198218280067,17.11067430813817,0,0,0,0,0,22.502425,15.647575,25.46485,12.68515,18.61,20.76650797792449,18.373492022075506,,,,,48480998,0.76,0.71,0.4872303452018784,1.1241895644101056,-0.8770197843206762,-23.24848226442172,91.18855190548788,91.18855190548788,115.9769442108481,115.9769442108481,254.73116982346124,-230.34392278137474,,,33.085029069767444,38.20665114760185,10.992195874882299,,
1588944600,18.98,19.4,18.87,19.39,24.438471531426245,17.13224970684049,24.438471531426245,17.13224970684049,0,0,0,0,0,22.502425,15.647575,25.46485,12.68515,18.61,20.772892143703142,18.367107856296855,,,,,49681160,0.75,0.71,0.7889249907277132,1.0465020410386359,-0.7668943543901959,-12.46877018809673,109.07827682194392,109.07827682194392,113.67738841454671,113.67738841454671,254.7311698234612,-216.80607871917798,,,31.219245489338434,37.93263523943466,11.032609560425668,,
1589203800,19.26,19.315,18.96005,19.05,24.418804790222733,17.201247957818246,24.418804790222733,17.201247957818246,0,0,0,0,0,22.502425,15.647575,25.46485,12.68515,18.61,20.773276605706506,18.36672339429349,,,,,46531324,0.76,0.71,0.506842635977195,1.3074735608968846,-0.7998715291092523,-10.463747410528715,115.87583871731977,115.87583871731977,120.27273932286589,120.27273932286589,254.7311698234612,-216.80607871917798,,,30.8658158614403,37.65550506774861,11.07223634624188,,
1589290200,19.24,19.265,18.69,18.715,24.40753315228023,17.26305588104106,24.40753315228023,17.26305588104106,0,0,0,0,0,22.502425,15.647575,25.46485,12.68515,18.61,20.772932093746398,18.367067906253602,,,,,56128974,0.77,0.71,0.2267886113640381,1.1666093234667365,-0.836142431404617,-16.476589177127824,111.8610633301675,111.8610633301675,114.53758025493568,114.53758025493568,254.7311698234612,-216.80607871917798,,,31.850501367365542,37.427857863812015,11.1137513612691,,
1589376600,18.59,18.615,17.73475,17.865,24.39439452959835,17.2853537876669,24.39439452959835,17.2853537876669,0,0,0,0,0,22.502425,15.647575,25.46485,12.68515,18.61,20.776006835319116,18.363993164680885,,,,,68994888,0.77,0.71,-0.5268334553871261,0.8667650702659103,-0.8905181203115177,-37.74586189530544,67.51320069608322,67.51320069608322,98.86278706865153,98.86278706865153,254.7311698234612,-216.80607871917798,,,35.333637192342756,37.34573156297008,11.162142741550966,,
1589463000,17.55,18.2348,17.15,18.065,24.353493382923673,17.265896627982627,24.353493382923673,17.265896627982627,0,0,0,0,0,22.502425,15.647575,25.46485,12.68515,18.61,20.77677855765898,18.363221442341022,,,,,61968388,0.76,0.71,-0.32172517060099703,1.1629801131730253,-0.8857316603410089,-50.76570719439397,22.15810572176541,22.15810572176541,73.29455995302283,73.29455995302283,254.7311698234612,-216.80607871917798,,,37.39733528016062,37.34775523815402,11.214560708661075,,
1589549400,18.07,18.445,17.835,17.995,24.052314041730057,17.09503506848251,24.052314041730057,17.09503506848251,0,0,0,0,0,22.502425,15.647575,25.46485,12.68515,18.61,20.776793048578668,18.363206951421336,,,,,54427722,0.76,0.71,0.025531728969695605,0.7311496108182641,-0.887377328348352,-35.51372937502556,-8.69197848683563,-8.69197848683563,45.96571380640334,45.96571380640334,254.7311698234612,-216.80607871917798,,,34.11525674178056,37.22099059123742,11.260316345090885,,
1589808600,19.025,19.59,18.975,19.465,22.933871824219835,16.413009735792247,22.933871824219835,16.413009735792247,0,0,0,0,0,22.502425,15.647575,25.46485,12.68515,18.61,20.794608395714413,18.345391604285584,,,,,73194792,0.77,0.71,0.31952588493749123,1.134416587680491,-0.7471748997056136,-10.890556340117097,7.410525723410167,7.410525723410167,33.11398444540562,33.11398444540562,254.7311698234612,-216.80607871917798,,,26.51045701006971,36.80096966648574,11.290786156609325,,
1589895000,19.49,19.55,18.905,18.92,21.915388448697847,15.816753499862001,21.915388448697847,15.816753499862001,0,0,0,0,0,22.502425,15.647575,25.46485,12.68515,18.61,20.79502766181269,18.34497233818731,,,,,53940630,0.75,0.71,0.12477847751087569,0.7603220096664448,-0.7953491792963089,-11.234621723483398,24.56414603359112,24.56414603359112,30.26403830813412,30.26403830813412,254.73116982346122,-170.8990408063742,,,23.39951377633711,36.27542237667599,11.314979418586804,,
1589981400,19.31,19.71,19.209,19.675,21.249850906413823,15.492909039263873,21.249850906413823,15.492909039263873,0,0,0,0,0,22.502425,15.647575,25.46485,12.68515,18.61,20.51295753809926,18.08704246190074,,,,,54521292,0.75,0.71,0.5672586667643668,0.83845331685137,-0.7307183867668819,-9.249026222634244,35.67583915527757,35.67583915527757,46.49944084956448,46.49944084956448,254.73116982346122,-170.8990408063742,,,19.745143095884686,35.62717613037045,11.331822902457528,,
1590067800,19.735,19.8125,19.205,19.36,20.904726280976156,15.4007509614344,20.904726280976156,15.4007509614344,0,0,0,0,0,22.502425,15.647575,25.46485,12.68515,18.61,20.00296559868463,17.63703440131537,,,,,56241738,0.76,0.71,0.2815319223030624,0.48637221367650557,-0.7534333681369089,-9.328417005661173,44.415129971398706,44.415129971398706,61.89371160364098,61.89371160364098,254.73116982346122,-170.8990408063742,,,18.450106157112536,34.95356554318386,11.346045246622673,,
1590154200,19.205,19.26,18.845,19.24,20.900704949745435,15.537664649221284,20.900704949745435,15.537664649221284,0,0,0,0,0,22.502425,15.647575,25.46485,12.68515,18.61,19.84463186752426,17.50536813247574,,,,,38495002,0.76,0.71,-0.0496415120644006,0.4992974343761234,-0.7635191959416686,-14.925137266587456,49.578567725130306,49.578567725130306,59.90544323259351,59.90544323259351,254.73116982346122,-130.89153239053618,,,19.978768577494698,34.366318603352916,11.363293445085953,,
1590499800,19.855,19.98,19.7225,19.775,20.898427367428262,15.703276819840058,20.898427367428262,15.703276819840058,0,0,0,0,0,22.502425,15.647575,25.46485,12.68515,18.61,19.301094612728452,17.028905387271543,,,,,74888562,0.76,0.71,0.24377775606414132,0.6291316958239548,-0.7135162360964828,-0.9392858803287093,62.314678168975846,62.314678168975846,87.78689905666693,87.78689905666693,254.73116982346122,-130.89153239053618,,,16.252653927813164,33.655978812155276,11.373062397099394,,
1590586200,20.065,20.18,19.47,20.03,20.736237233222052,15.737202684903579,20.736237233222052,15.737202684903579,0,0,0,0,0,22.502425,15.647575,25.46485,12.68515,18.61,18.82448278218519,16.610517217814813,,,,,71225660,0.75,0.71,0.4499775045348349,0.7056239208730202,-0.697449747936913,-9.73724561615425,81.44618950194733,81.44618950194733,119.70921216789031,119.70921216789031,254.73116982346124,-124.87796806486355,,,16.68806161745829,32.99057029471618,11.383681776161051,,
1590672600,20.08,20.08,19.375,19.47,20.73359729869014,15.881428069809324,20.73359729869014,15.881428069809324,0,0,0,0,0,22.502425,15.647575,25.46485,12.68515,18.61,18.819797387504792,16.615202612495214,,,,,54358816,0.75,0.71,0.5746094872487632,0.7924375907284836,-0.7277232624780229,-11.389099783180393,95.1499879728984,95.1499879728984,122.55758491480056,122.55758491480056,254.73116982346124,-124.87796806486355,,,17.09456568249893,32.367197564825304,11.395092133616272,,
1590759000,19.3,19.525,18.975,19.38,19.973123681317762,15.445890401298874,19.973123681317762,15.445890401298874,0,0,0,0,0,22.502425,15.647575,25.46485,12.68515,18.61,18.819802872702606,16.615197127297396,,,,,71509652,0.75,0.71,0.46568643321414394,0.9712293943138488,-0.7088671023379113,-17.109465266172446,95.8121695798915,95.8121695798915,97.13653279387769,97.13653279387769,254.73116982346122,-98.21672957926162,,,15.722851432378409,31.714478108650916,11.40373900534207,,
1591018200,19.35,19.8275,19.09,19.72,18.851459209135275,14.755852288759522,18.851459209135275,14.755852288759522,0,0,0,0,0,21.695,17.835,23.21,16.32,19.35,18.816667255004823,16.61833274499518,,,,,47739542,0.75,0.72,0.612721570681384,0.5967574642353545,-0.6691978977165204,-15.472201993614306,82.18174334083342,82.18174334083342,91.26869416687214,91.26869416687214,254.73116982346122,-98.1676074685196,,,10.164705882352942,30.869389001737268,11.401263414686747,,
1591104600,19.935,20.29,19.91,20.27,17.98593345905872,14.304298194938518,17.98593345905872,14.304298194938518,0,0,0,0,0,21.695,17.835,23.21,16.32,19.35,18.487587024854207,16.32741297514579,,,,,50241096,0.75,0.72,0.263934866285238,0.857022506333651,-0.6217080381239647,-5.855365026165579,93.83874062556664,93.83874062556664,98.97883354295564,98.97883354295564,254.73116982346122,-98.1676074685196,,,1.7760236803157348,29.728472714622697,11.382032166466226,,
1591191000,20.59,20.96,20.55,20.865,18.517962048934635,14.952769582239974,18.517962048934635,14.952769582239974,0,0,0,0,0,21.695,17.835,23.21,16.32,19.35,18.185584428318762,16.059415571681235,,,,,54601742,0.75,0.71,0.6548537700949697,1.072257705775481,-0.5584051777303101,-4.947341752833783,104.19919154364105,104.19919154364105,124.92009337978988,124.92009337978988,254.73116982346122,-56.654735431804085,,,1.5097052480229942,28.621854382599178,11.362307237558248,,
1591277400,20.75,20.95,20.45,20.87,18.526259355755897,15.171954651410857,18.526259355755897,15.171954651410857,0,0,0,0,0,21.695,17.835,23.21,16.32,19.35,17.72615983645715,15.658840163542848,,,,,54849440,0.75,0.71,0.3869035348492878,0.9101087841857506,-0.5133918981273827,-7.18597750773214,115.89467018073692,115.89467018073692,139.28562745492866,139.28562745492866,254.7311698234612,-51.266464032420885,,,2.0124580737901376,27.578348644998822,11.343626220248023,,
1591363800,21.915,22.6225,21.895,22.42,19.906183536458325,16.518430974141456,19.906183536458325,16.518430974141456,0,0,0,1,1,21.695,17.835,23.21,16.32,19.35,18.089883166395534,15.97261683360447,,,,,100393392,0.77,0.72,0.9951993695761668,1.084047426674645,-0.39698977148932774,-9.019323731699094,131.5061700020693,131.5061700020693,162.72916964473407,162.72916964473407,254.7311698234612,-51.266464032420885,,,2.3416592328278414,26.588674550403884,11.325640272221209,,
1591623000,23.235,23.44,22.715,23.43,20.80677304786914,17.476671961731103,20.80677304786914,17.476671961731103,0,0,0,0,0,21.695,17.835,23.21,16.32,19.35,18.40568654652342,16.474313453476583,,,,,95069428,0.75,0.72,1.3653963062622174,1.2798040945199312,-0.3001960482836065,-11.753955264211971,149.13470172481973,149.13470172481973,184.39176517032064,184.39176517032064,254.7311698234612,-51.266464032420885,,,3.051643192488262,25.665653712838566,11.30910880952444,,
1591709400,22.68,22.745,22.2375,22.55,20.809655469351917,17.66383874754557,20.809655469351917,17.66383874754557,0,0,0,0,0,21.695,17.835,23.21,16.32,19.35,18.4058628122169,16.474137187783104,,,,,87398998,0.69,0.72,0.8776216509014625,0.9932943989140073,-0.3802010412614761,-19.603624688912962,161.13789238716834,161.13789238716834,185.1442737118655,185.1442737118655,254.7311698234612,-51.266464032420885,,,5.089628681177973,24.858750770420503,11.296682275801471,,
1591795800,22.34,22.36,21.43,21.44,20.81093487900356,17.81231565940653,20.81093487900356,17.81231565940653,0,0,0,0,0,21.695,17.835,23.21,16.32,19.35,18.404778708482738,16.475221291517265,,,,,80976904,0.71,0.71,0.43832687579399043,0.6657413762603296,-0.4101437998203164,-33.46357112086306,158.88199492861588,158.88199492861588,160.38592656765084,160.38592656765084,254.7311698234612,-51.266464032420885,,,8.536064874093043,24.21864544115276,11.291166556717139,,
1591882200,19.945,20.5215,19.355,19.42,20.80810733678777,17.874411123743528,20.80810733678777,17.874411123743528,0,0,0,0,0,21.695,17.835,23.21,16.32,19.35,18.383933852342327,16.49606614765768,,,,,96304484,0.73,0.71,-0.015735867962785196,-0.001820762172461811,-0.5383194481573318,-71.59730056662032,102.58196451389283,102.58196451389283,141.11793921639816,141.11793921639816,254.7311698234612,-66.59405029893762,,,17.392232180964573,23.950942960361065,11.303356498024327,,
1591968600,20.275,20.42,19.37,19.91,20.805315114336647,17.934653824773193,20.805315114336647,17.934653824773193,0,0,0,0,0,21.695,17.835,23.21,16.32,19.35,18.3666901946132,16.513309805386804,,,,,85635064,0.69,0.71,0.1674050826100568,0.1692675493922796,-0.5053893497390737,-75.30844727844055,53.01415628384771,53.01415628384771,111.75001157221467,111.75001157221467,254.7311698234612,-66.59405029893762,,,17.32821169440887,23.691228008755097,11.315394170744376,,
1592227800,19.06,20.175,18.85,19.97,20.801499899322987,17.972345831644834,20.801499899322987,17.972345831644834,0,0,0,0,0,21.695,17.835,23.21,16.32,19.35,18.30541743455181,16.574582565448193,,,,,65705596,0.73,0.71,0.07760683297757667,0.4032184384993989,-0.5565790983209675,-94.20805415901519,12.477716836043896,12.477716836043896,78.65924666015775,78.65924666015775,254.7311698234612,-66.59405029893762,,,19.547588561673063,23.528732344163643,11.331842111585393,,
1592314200,20.92,20.95,19.96,20.545,20.79988791151215,18.051653838247,20.79988791151215,18.051653838247,0,0,0,0,0,21.695,17.835,23.21,16.32,19.35,18.30682233153302,16.573177668466982,,,,,64093400,0.65,0.7,0.08290349095356937,0.3804840046617334,-0.4972377509491083,-87.15203692518102,-5.045470585514007,-5.045470585514007,50.75767424493383,50.75767424493383,254.7311698234612,-66.59405029893762,,,14.810072556551427,23.18682411719846,11.338791622963948,,
1592400600,20.465,20.47,19.84,19.845,20.79804178181882,18.12319290341378,20.79804178181882,18.12319290341378,0,0,0,0,0,21.695,17.835,23.21,16.32,19.35,18.261801487305096,16.668248512694902,,,,,46736058,0.68,0.71,-0.29820738821275417,0.24383786371733668,-0.5382880148408564,-134.68901527676857,-34.5325345229368,-34.5325345229368,22.32760465564362,22.32760465564362,254.7311698234612,-66.59405029893762,,,15.322236448997012,22.87840891452389,11.346750553685292,,
1592487000,19.645,20.3075,19.525,20.09,20.795576263773228,18.179697103279906,20.795576263773228,18.179697103279906,0,0,0,0,0,21.695,17.835,23.21,16.32,19.35,18.295902188894303,16.719097811105698,,,,,36937868,0.63,0.71,-0.2281812453749211,0.39295598668222964,-0.5126597034715266,-146.5071322160951,-60.62599077093138,-60.62599077093138,-5.323593819881378,-5.323593819881378,254.7311698234612,-66.59405029893762,,,16.66666666666667,22.634811179313804,11.357379756708232,,
1592573400,20.715,20.72,19.765,19.785,20.793590397112343,18.243303099229713,20.793590397112343,18.243303099229713,0,0,0,0,0,21.695,17.835,23.21,16.32,19.35,18.2974045211786,16.7175954788214,,,,,53934176,0.66,0.71,-0.717368761729993,0.2356305896126226,-0.5521967876541665,-137.50285264327485,-76.39837432279023,-76.39837432279023,-29.015187320850995,-29.015187320850995,254.7311698234612,-66.59405029893762,,,15.642338881775498,22.36059657941034,11.365941113601473,,
1592832600,19.44,19.69,19.21,19.625,20.79051069601921,18.28286768357365,20.79051069601921,18.28286768357365,0,0,0,0,0,21.695,17.835,23.21,16.32,19.35,18.85355494566328,17.28644505433672,,,,,38896400,0.67,0.71,-0.9913073663646028,0.04271253884121536,-0.5837251574262856,-162.00056664699235,-103.98219459737714,-103.98219459737714,-54.004189746359714,-54.004189746359714,254.73116982346124,-74.0532029501953,,,18.011096884336318,22.19002796391724,11.379218148108436,,
1592919000,19.92,19.97,19.5825,19.645,20.788173961361828,18.335342480296248,20.788173961361828,18.335342480296248,0,0,0,0,0,21.695,17.835,23.21,16.32,19.35,19.132308213411875,17.677691786588127,,,,,29611662,0.65,0.71,-0.7865013223418166,0.11009338499095811,-0.577844661108498,-147.70075359580645,-121.80195758884096,-121.80195758884096,-76.60344569385346,-76.60344569385346,254.73116982346124,-74.0532029501953,,,16.42125480153649,21.963801565392508,11.389292147415985,,
1593005400,19.34,19.345,18.43,18.555,20.783562225175295,18.3410153242062,20.783562225175295,18.3410153242062,0,0,0,0,0,21.695,17.835,23.21,16.32,19.35,19.231215134063724,17.75378486593627,,,,,64725948,0.68,0.71,-0.8184759860448774,-0.030023023706606176,-0.648967613849944,-205.85538516021862,-151.82252653710847,-151.82252653710847,-101.67647264160513,-101.67647264160513,254.73116982346122,-130.2184004261476,,,21.340162185232607,21.939345119111728,11.4091740056334,,
1593091800,18.38,18.9775,18.285,18.91,20.778672890060058,18.340836291884386,20.778672890060058,18.340836291884386,0,0,0,0,0,21.695,17.835,23.21,16.32,19.35,19.22066010423216,17.764339895767844,,,,,48034440,0.69,0.7,-0.15963993674467977,0.20529257354079716,-0.6105416214474844,-205.8553851602186,-168.64548450420654,-168.64548450420654,-123.99947659580559,-123.99947659580559,254.73116982346122,-130.2184004261476,,,21.959026888604352,21.94011695320948,11.430252632772202,,
1593178200,18.775,18.775,18.1675,18.255,20.773560906263732,18.33610251573206,20.773560906263732,18.33610251573206,0,1,0,0,0,21.695,17.835,23.21,16.32,19.35,19.205799604459408,17.77920039554059,,,,,67722206,0.74,0.71,-0.5043438136390067,0.03684299843834665,-0.6762408544184685,-205.85538516021862,-182.71219049440677,-182.71219049440677,-143.57038122867266,-143.57038122867266,254.73116982346122,-130.2184004261476,,,22.460520699957318,21.96052494327802,11.452291130408936,,
1593437400,18.3,18.66,18.2175,18.5,20.76855803732015,18.333495554330803,20.76855803732015,18.333495554330803,0,1,0,0,0,21.695,17.835,23.21,16.32,19.35,19.242412433963615,17.812737566036382,,,,,38905630,0.72,0.7,-0.4477358677395461,0.09855110919356909,-0.6583184242499113,-203.89951451736613,-183.6134808296827,-183.6134808296827,-156.918081095676,-156.918081095676,254.73116982346122,-130.2184004261476,,,22.247119078104987,21.97176392895751,11.47385921821652,,
1593523800,18.35,19.035,18.1575,18.925,20.76344648280003,18.32866141494528,20.76344648280003,18.32866141494528,0,1,0,0,0,21.695,17.835,23.21,16.32,19.35,19.243255883571774,17.811894116428224,,,,,41886872,0.71,0.7,-0.47909793955513136,-0.09731822038169087,-0.6093923700683379,-205.8553851602186,-166.20916592466887,-166.20916592466887,-160.01510937200695,-160.01510937200695,254.73116982346122,-130.2184004261476,,,22.503201024327787,21.99260459936419,11.495895865181776,,
1593610200,19,19.255,18.44,18.465,20.758903932384847,18.33498449671213,20.758903932384847,18.33498449671213,0,1,0,0,0,21.64125,15.516249999999998,24.282500000000002,12.874999999999996,19,19.502050981804718,18.067949018195286,,,,,49146830,0.72,0.7,-0.4221563843581708,-0.08428979850532552,-0.5764352925213301,-194.8256750971058,-157.12675008107593,-157.12675008107593,-151.35003149921386,-151.35003149921386,254.73116982346122,-130.2184004261476,,,21.297481860862135,21.965344884128815,11.515479453584733,,
1593696600,18.845,19.105,18.6286,18.67,20.75474351293952,18.348381732135184,20.75474351293952,18.348381732135184,0,0,0,0,0,21.64125,15.516249999999998,24.282500000000002,12.874999999999996,19,19.6596963663051,18.267803633694903,,,,,41558338,0.71,0.7,-0.4289587864722771,-0.1789772594463611,-0.492623609826156,-187.4621235293075,-146.49323774350748,-146.49323774350748,-125.22621306837058,-125.22621306837058,254.73116982346122,-130.2184004261476,,,20.492530943235174,21.907587474682003,11.533415620397221,,
1594042200,19,19.135,18.49,18.725,20.75031725217441,18.355872644600474,20.75031725217441,18.355872644600474,0,0,0,0,0,21.64125,15.516249999999998,24.282500000000002,12.874999999999996,19,19.94784101744353,18.53715898255647,,,,,45084342,0.7,0.71,-0.32523688867824885,-0.11495761158494903,-0.44046664248456757,-192.87351402398863,-130.0430379864597,-130.0430379864597,-97.14263847236413,-97.14263847236413,254.73116982346122,-130.2184004261476,,,21.084080239009822,21.875293073283093,11.552497867387457,,
1594128600,18.49,18.515,18.1,18.13,20.745128406515718,18.347928619322023,20.745128406515718,18.347928619322023,0,0,0,0,0,21.64125,15.516249999999998,24.282500000000002,12.874999999999996,19,20.08693254302632,18.67556745697368,,,,,41821820,0.7,0.7,-0.4619368166098724,-0.20197998406872794,-0.403723762673524,-205.85538516021862,-123.80606114962924,-123.80606114962924,-111.33210747596836,-111.33210747596836,254.73116982346122,-130.2184004261476,,,22.748612889457952,21.90954090921152,11.574867727571414,,
1594215000,18.13,18.41,17.965,18.115,20.73968289521399,18.33505494797606,20.73968289521399,18.33505494797606,0,0,0,0,0,21.64125,15.516249999999998,24.282500000000002,12.874999999999996,19,20.0854420137352,18.677057986264803,,,,,41301716,0.71,0.7,-0.4722669607113122,-0.2938861602769643,-0.4036313100159175,-205.85538516021865,-128.47300268123323,-128.47300268123323,-125.36170832683057,-125.36170832683057,254.73116982346122,-130.2184004261476,,,23.324797268459243,21.96504115859378,11.59834411027049,,
1594301400,18.035,18.085,17.2,17.22,20.732735077241532,18.292986126486802,20.732735077241532,18.292986126486802,0,0,0,0,0,21.64125,15.516249999999998,24.282500000000002,12.874999999999996,19,20.079623744854544,18.68287625514546,,,,,61087168,0.74,0.7,-0.43456772392581766,-0.48921740951090475,-0.5411637582895865,-229.89191374059152,-151.94633111803688,-151.94633111803688,-134.22324925723268,-134.22324925723268,254.7311698234612,-175.16670887144502,,,26.58984208279983,22.146405900719508,11.628297153172648,,
1594387800,17.12,17.79,17.12,17.77,20.725642899265026,18.249461180350067,20.725642899265026,18.249461180350067,0,0,0,0,0,21.64125,15.516249999999998,24.282500000000002,12.874999999999996,19,20.083333426355246,18.679166573644757,,,,,50455936,0.76,0.7,-0.36333577075970097,-0.30382057175148725,-0.4452646165637408,-190.21253068586245,-160.7051638958648,-160.7051638958648,-143.05055413677673,-143.05055413677673,243.65482233502507,-175.16670887144502,,,26.931284677763546,22.334048205701627,11.65887255282218,,
1594647000,17.935,18.005,17.54,17.675,20.719395660705054,18.223948977199083,20.719395660705054,18.223948977199083,0,0,0,0,0,21.64125,15.516249999999998,24.282500000000002,12.874999999999996,19,20.08342366666252,18.67907633333748,,,,,74447560,0.75,0.71,-0.19157672686166102,-0.30627149321658026,-0.4897904962830732,-138.0760926444684,-157.05808918714132,-157.05808918714132,-147.71973248689827,-147.71973248689827,243.65482233502507,-175.16670887144502,,,25.138711054204016,22.44403498407427,11.685805297080686,,
1594733400,17.555,18.33,17.505,18.295,20.71309167337098,18.19807842907363,20.71309167337098,18.19807842907363,0,0,0,0,0,21.64125,15.516249999999998,24.282500000000002,12.874999999999996,19,20.08801891597119,18.674481084028812,,,,,68441234,0.75,0.71,-0.06664258040659521,-0.2509094383992906,-0.37574128556340497,-139.68430004631745,-140.25518697353905,-140.25518697353905,-125.32609594682062,-125.32609594682062,243.65482233502507,-175.16670887144502,,,25.288092189500645,22.55556663918903,11.712982693469137,,
1594819800,18.76,18.81,18.415,18.69,20.708600281416192,18.20855182401192,20.708600281416192,18.20855182401192,0,0,0,0,0,21.64125,15.516249999999998,24.282500000000002,12.874999999999996,19,20.07901950805387,18.68348049194613,,,,,51805068,0.75,0.71,-0.07461361325761662,-0.27041377348339357,-0.241293639389572,-97.8709075982422,-117.9085435474596,-117.9085435474596,-73.21525669530071,-73.21525669530071,243.65482233502507,-175.16670887144502,,,21.40418267178831,22.510414326741945,11.732345730388856,,
1594906200,18.565,18.8425,18.33,18.605,20.703949731403373,18.215314497580078,20.703949731403373,18.215314497580078,0,0,0,0,0,21.64125,15.516249999999998,24.282500000000002,12.874999999999996,19,20.24214060015049,18.85285939984951,,,,,37645512,0.74,0.71,0.045718375960547626,-0.3770869420798873,0.19365411549826192,-101.77655414558993,-87.813287859524,-87.813287859524,-27.622776483652764,-27.622776483652764,243.65482233502507,-175.16670887144502,,,21.766965428937265,22.481259468004506,11.752394920595746,,
1594992600,18.665,18.87,18.265,18.345,20.6991799017702,18.21928843885145,20.6991799017702,18.21928843885145,0,0,0,0,0,21.64125,15.516249999999998,24.282500000000002,12.874999999999996,19,20.220016407661134,18.91498359233887,,,,,35433806,0.75,0.71,-0.1052830858109483,-0.4224719394851948,0.06464925938282796,-85.75571848759775,-58.0289249233268,-58.0289249233268,1.5398009490675904,1.5398009490675904,243.65482233502507,-175.16670887144502,,,22.04438753734528,22.464127235429633,11.772958342407433,,
1595251800,18.28,18.49,18.025,18.04,20.693944876991438,18.21378889222982,20.693944876991438,18.21378889222982,0,0,0,0,0,21.64125,15.516249999999998,24.282500000000002,12.874999999999996,19,20.216441731798902,18.918558268201103,,,,,40152438,0.73,0.7,-0.22149349579357763,-0.6829204335323779,0.14445909970683932,-97.03318283665179,-38.651387127951736,-38.651387127951736,0.10368846279840227,0.10368846279840227,243.65482233502507,-175.16670887144502,,,23.068715322236454,22.487836572167154,11.795527287422077,,
1595338200,18.35,19.275,18.325,19.13,20.68931371839605,18.22015207292669,20.68931371839605,18.22015207292669,0,0,0,0,0,21.64125,15.516249999999998,24.282500000000002,12.874999999999996,19,20.648159680429462,19.296840319570535,,,,,72377680,0.75,0.7,0.33335875763650064,-0.6403909895104206,0.6008930175952766,-69.66216363571758,-13.46698562317162,-13.46698562317162,36.901817386388615,36.901817386388615,243.65482233502507,-175.16670887144502,,,21.788305591122494,22.460403984675207,11.815492878438462,,
1595424600,18.925,18.925,18.62,18.895,20.685275329348304,18.237718658302114,20.685275329348304,18.237718658302114,0,0,0,0,0,21.64125,15.516249999999998,24.282500000000002,12.874999999999996,19,20.790362674563433,19.437537325436573,,,,,39243386,0.76,0.7,0.2601674881538359,-0.5654275526864864,0.3503826195994099,-49.25518903067064,12.85622669397672,12.85622669397672,65.5026513282734,65.5026513282734,243.65482233502507,-175.16670887144502,,,20.529236022193764,22.38467190771515,11.83290295464976,,
1595511000,18.83,18.955,18.62,18.86,20.681245009009945,18.254596357976546,20.681245009009945,18.254596357976546,0,0,0,0,0,21.64125,15.516249999999998,24.282500000000002,12.874999999999996,19,20.786106567437876,19.44179343256213,,,,,42087782,0.75,0.7,0.5772248955854083,-0.42108391344797236,0.7199225279892078,-49.25518903067064,35.52120300244498,35.52120300244498,80.8511556193815,80.8511556193815,243.65482233502507,-175.16670887144502,,,20.529236022193764,22.311909716126074,11.850278245494005,,
1595597400,18.86,19.14,18.6825,18.755,20.677346367633305,18.27323865766374,20.677346367633305,18.27323865766374,0,0,0,0,0,21.64125,15.516249999999998,24.282500000000002,12.874999999999996,19,20.786330592836613,19.441569407163396,,,,,39901138,0.72,0.71,0.33649410299763355,-0.12001635904435344,0.687273954552189,-22.08300788479931,52.347457212410546,52.347457212410546,85.9999656323417,85.9999656323417,243.65482233502507,-175.16670887144502,,,20.262483994878355,22.231540079998712,11.867085849388879,,
1595856600,18.73,18.86,18.495,18.775,20.673084636629042,18.28387047501026,20.673084636629042,18.28387047501026,0,0,0,0,0,21.64125,15.516249999999998,24.282500000000002,12.874999999999996,19,20.955940158363543,19.60405984163646,,,,,36461972,0.71,0.71,0.37821074956803397,-0.2000159271833499,1.1463309542194966,-31.335664819771132,60.41415212742391,60.41415212742391,76.54754195745065,76.54754195745065,243.65482233502507,-175.16670887144502,,,21.06274007682458,22.185704785756588,11.88545878490823,,
1595943000,18.665,18.8425,18.405,18.455,20.66865339859382,18.29059124069613,20.66865339859382,18.29059124069613,0,0,0,0,0,21.64125,15.516249999999998,24.282500000000002,12.874999999999996,19,20.955134637394934,19.604865362605068,,,,,35551160,0.73,0.71,0.053248616316168236,-0.2666826111428626,0.8955057286540825,-35.7769401485576,38.4485003511958,38.4485003511958,53.09226820201454,53.09226820201454,243.65482233502507,-175.16670887144502,,,21.446862996158764,22.156730597929222,11.904562489626015,,
1596029400,18.505,18.855,18.38,18.84,20.664181563631594,18.296077858708045,20.664181563631594,18.296077858708045,0,0,0,0,0,21.64125,15.516249999999998,24.282500000000002,12.874999999999996,19,20.932071250430564,19.62792874956944,,,,,34430046,0.72,0.72,0.049110893750608564,-0.29319292788022855,0.9323169529630423,-37.010627739887276,25.633153786561337,25.633153786561337,43.93923006353014,43.93923006353014,243.65482233502507,-175.16670887144502,,,21.553563807084938,22.13307699828827,11.923841213537022,,
1596115800,18.445,18.455,17.9375,18.1,20.65884338867928,18.284169903464594,20.65884338867928,18.284169903464594,0,0,0,0,0,21.64125,15.516249999999998,24.282500000000002,12.874999999999996,19,20.937467724365344,19.622532275634658,,,,,65667448,0.71,0.71,-0.17987203485915063,-0.33642297324143894,1.1836531476087233,-58.846898106420724,-15.913721986473398,-15.913721986473398,23.988246046862294,23.988246046862294,243.65482233502507,-175.16670887144502,,,23.44216816047802,22.184413906609436,11.94685485379065,,
1596202200,17.825,18.035,17.6475,18.015,20.652942253037565,18.261470103328726,20.652942253037565,18.261470103328726,0,0,0,0,0,21.64125,15.516249999999998,24.282500000000002,12.874999999999996,19,20.920706503534923,19.63929349646508,,,,,49548840,0.72,0.71,-0.11975113502311208,-0.39697298375198775,0.704246268348987,-73.15767416584376,-59.30266731456715,-59.30266731456715,-3.7753917402808526,-3.7753917402808526,243.65482233502507,-175.16670887144502,,,24.679897567221506,22.282276010947164,11.97229549857273,,
1596461400,18.01,18.18,17.86,18.08,20.64747323754698,18.247910491433483,20.64747323754698,18.247910491433483,0,0,0,0,0,19.0875,16.042500000000004,20.165,14.965000000000003,18.01,20.914804657776788,19.64519534222321,,,,,42211078,0.73,0.71,0.014858445202032484,-0.33340922357973135,0.586507379790475,-62.671329639542435,-84.9083922270976,-84.9083922270976,-30.81972523588643,-30.81972523588643,243.65482233502507,-175.16670887144502,,,23.772940674349126,22.340733448727633,11.995873211211645,,
1596547800,18.02,18.56,18.0029,18.52,20.64229780850093,18.24043051137727,20.64229780850093,18.24043051137727,0,0,0,0,0,19.0875,16.042500000000004,20.165,14.965000000000003,18.01,20.917819221204546,19.642180778795456,,,,,45144252,0.73,0.72,-0.2216561625780952,-0.22597319730267193,0.5070311433026591,-55.61957136750254,-77.8083574529756,-77.8083574529756,-46.482602641582815,-46.482602641582815,243.65482233502507,-175.16670887144502,,,23.163038839095172,22.372980718938123,12.018185230448175,,
1596634200,18.885,18.95,18.5425,18.715,20.6382000606318,18.254193040342866,20.6382000606318,18.254193040342866,0,0,0,0,0,19.0875,16.042500000000004,20.165,14.965000000000003,18.01,20.914686854382836,19.645313145617166,,,,,61527000,0.72,0.72,-0.067526713199854,-0.193740443939143,0.7589681751965799,-28.991658396244965,-45.27976618752166,-45.27976618752166,-42.87409327939935,-42.87409327939935,243.65482233502507,-175.16670887144502,,,20.86000853606487,22.313648476472505,12.035851211078779,,
1596720600,18.61,18.7775,18.495,18.565,20.63401654402714,18.265571744643147,20.63401654402714,18.265571744643147,0,0,0,0,0,19.0875,16.042500000000004,20.165,14.965000000000003,18.01,20.91172270932301,19.64827729067699,,,,,38380084,0.73,0.72,-0.11666158113706128,0.002320737097424049,0.7392412735862836,-31.335664819771132,-35.042956269934145,-35.042956269934145,-14.569336434759116,-14.569336434759116,243.65482233502507,-175.16670887144502,,,21.06274007682458,22.264593245113762,12.05388695306828,,
1596807000,18.4,18.635,18.185,18.59,20.62922819928383,18.26446893112773,20.62922819928383,18.26446893112773,0,0,0,0,0,19.0875,16.042500000000004,20.165,14.965000000000003,18.01,20.901241301416086,19.658758698583913,,,,,36753154,0.73,0.71,-0.06561735826899465,-0.07287015415279172,0.6946899734579218,-46.63339095225798,-23.252670980708977,-23.252670980708977,0.3278995977413661,0.3278995977413661,243.65482233502507,-175.16670887144502,,,22.38583013230901,22.26934763284691,12.074530196183646,,
1597066200,18.73,19.1725,18.685,19.165,20.625438432651894,18.282821129907035,20.625438432651894,18.282821129907035,0,0,0,0,0,19.0875,16.042500000000004,20.165,14.965000000000003,18.01,20.904608416629486,19.655391583370513,,,,,52616136,0.74,0.71,0.1649961106237635,0.22860618345773379,1.0266764197024987,-23.643543832245673,-0.9823778521529363,-0.9823778521529363,43.55820840495916,43.55820840495916,243.65482233502507,-175.16670887144502,,,20.25181391378575,22.190228663471963,12.090868425389644,,
1597152600,19.54,19.765,19.01,19.1,20.622299095124117,18.313071281675384,20.622299095124117,18.313071281675384,0,0,0,0,0,19.0875,16.042500000000004,20.165,14.965000000000003,18.01,20.90299030399598,19.65700969600402,,,,,53026278,0.74,0.71,0.28106924444774073,0.1505866790579456,0.7157394748150472,-7.634894362495873,28.67583768762887,28.67583768762887,87.99226876719248,87.99226876719248,243.65482233502507,-175.16670887144502,,,18.864703371745616,22.059815906933675,12.1044025611466,,
1597239000,19.39,19.515,19.085,19.29,20.619314381647346,18.345046917688116,20.619314381647346,18.345046917688116,0,0,0,0,0,19.0875,16.042500000000004,20.165,14.965000000000003,18.01,20.89162454831415,19.66837545168585,,,,,51067742,0.75,0.71,0.1920864016037056,0.08954912661944442,0.7863186030561067,-10.032329585355296,58.224229472235876,58.224229472235876,117.3210130414499,117.3210130414499,243.65482233502507,-175.16670887144502,,,18.544600938967132,21.92196433956244,12.117270090373014,,
1597325400,19.135,19.295,18.87,18.915,20.615910356908792,18.367421548367012,20.615910356908792,18.367421548367012,0,0,0,0,0,19.0875,16.042500000000004,20.165,14.965000000000003,18.01,20.89333732049189,19.66666267950811,,,,,31522098,0.76,0.71,0.372077217222938,0.1162670407788409,0.5629889637708021,-20.55404110170361,77.7407652528785,77.7407652528785,116.77383681416379,116.77383681416379,243.65482233502507,-175.16670887144502,,,19.462227912932136,21.825504087537723,12.131945330777727,,
1597411800,18.765,19.125,18.695,19.095,20.612166979572308,18.38212462490164,20.612166979572308,18.38212462490164,0,0,0,0,0,19.0875,16.042500000000004,20.165,14.965000000000003,18.01,20.893615642488424,19.666384357511575,,,,,26559324,0.76,0.71,0.5422261650089186,0.11887073998509488,0.5742177028080275,-29.118224894080193,86.2213703470475,86.2213703470475,103.1825805353855,103.1825805353855,243.65482233502507,-175.16670887144502,,,20.209133589415277,21.76211700917998,12.148083569056723,,
1597671000,19.1,19.10985,18.88,18.985,20.60879701557716,18.40343346314079,20.60879701557716,18.40343346314079,0,0,0,0,0,19.0875,16.042500000000004,20.165,14.965000000000003,18.01,20.86033526480485,19.699664735195153,,,,,28511634,0.75,0.71,0.4561049205136201,0.0730475238105458,0.33284697338985647,-19.76950941841709,84.06201224781773,84.06201224781773,85.50158431397091,85.50158431397091,237.4939865022743,-175.16670887144508,,,19.419547588561674,21.670251541704754,12.162611968696094,,
1597757400,18.915,19.09795,18.6875,18.745,20.605053015546037,18.416433131252916,20.605053015546037,18.416433131252916,0,0,0,0,0,19.0875,16.042500000000004,20.165,14.965000000000003,18.01,20.856746448582673,19.703253551417333,,,,,28697532,0.75,0.71,0.11216623059284127,0.18081617336278413,0.32490363617306317,-22.175006705864956,48.76157780709984,48.76157780709984,73.25491547834721,73.25491547834721,139.81677237491095,-175.16670887144505,,,20.24114383269313,21.61420810213567,12.178752891501283,,
1597843800,18.73,18.815,18.47,18.53,20.600886276254236,18.420478890811623,20.600886276254236,18.420478890811623,0,0,0,0,0,19.0875,16.042500000000004,20.165,14.965000000000003,18.01,20.848459604303837,19.711540395696165,,,,,29587886,0.76,0.71,-0.09318987950789219,0.12469125160003842,0.3030864342272025,-30.1800921142063,-4.6444132975084855,-4.6444132975084855,47.28847255306198,47.28847255306198,139.81677237491095,-175.16670887144505,,,21.169440887750753,21.596766250591163,12.196716304081201,,
1597930200,18.255,18.375,18.125,18.13,20.59604544453345,18.41097187548568,20.59604544453345,18.41097187548568,0,0,0,0,0,19.0875,16.042500000000004,20.165,14.965000000000003,18.01,20.849632200270577,19.71036779972943,,,,,38215370,0.74,0.71,-0.220347167268861,0.28691997620463394,0.24413903171528845,-42.87781379640281,-58.678339426720875,-58.678339426720875,11.966201893134368,11.966201893134368,139.81677237491095,-175.16670887144505,,,22.641912078531796,21.637752361490794,12.217585826108076,,
1598016600,18.06,18.09505,17.845,18.015,20.590660438650264,18.39096709605487,20.590660438650264,18.39096709605487,0,0,0,0,0,19.0875,16.042500000000004,20.165,14.965000000000003,18.01,20.84964095882753,19.71035904117247,,,,,34695574,0.75,0.71,-0.29096654912295367,0.07488117277280468,0.38829369837961375,-53.183211103692805,-100.63956048440664,-100.63956048440664,-25.569052232712636,-25.569052232712636,139.81677237491095,-175.16670887144505,,,23.836961160904828,21.723995843820756,12.240801361242536,,
1598275800,18.125,18.64,18.0175,18.51,20.585627400810804,18.378443876601736,20.585627400810804,18.378443876601736,0,0,0,0,0,19.0875,16.042500000000004,20.165,14.965000000000003,18.01,20.849536893159854,19.710463106840148,,,,,49653970,0.76,0.71,-0.3246476982498472,0.2590873907776166,0.6530785480504189,-46.83435026259455,-107.36912061849924,-107.36912061849924,-52.8357416946415,-52.8357416946415,139.81677237491095,-175.16670887144505,,,23.100725565514306,21.777985244671484,12.26249951150082,,
1598362200,18.61,18.635,18.16,18.25,20.58088628712287,18.371944116735,20.58088628712287,18.371944116735,0,0,0,0,0,19.0875,16.042500000000004,20.165,14.965000000000003,18.01,20.84935251548428,19.71064748451572,,,,,40237090,0.73,0.71,-0.4379524884035256,-0.01397529269574959,0.24638858699579766,-41.589639132991564,-104.74717641530114,-104.74717641530114,-70.1395532681947,-70.1395532681947,139.81677237491095,-175.16670887144505,,,22.492530943235167,21.80600664461516,12.28293913474105,,
1598448600,18.225,18.225,17.84,17.865,20.57552167915659,18.353275720000294,20.57552167915659,18.353275720000294,0,0,0,0,0,19.0875,16.042500000000004,20.165,14.965000000000003,18.01,20.847460494474063,19.71253950552594,,,,,36002446,0.71,0.71,-0.7256411926944253,-0.25033600174283016,0.2827303974018965,-53.36723605560866,-127.03547385515506,-127.03547385515506,-89.10486013051482,-89.10486013051482,139.81677237491095,-175.16670887144505,,,23.858301323090057,21.886488788869077,12.306066731520968,,
1598535000,17.87,18.02,17.68,17.9,20.569851306171262,18.329127652549303,20.569851306171262,18.329127652549303,0,0,0,0,0,19.0875,16.042500000000004,20.165,14.965000000000003,18.01,20.84745861992724,19.71254138007276,,,,,44519304,0.74,0.72,-0.5338221566483535,-0.21763849506306382,0.3581822936015734,-59.256034516917204,-147.48773257103687,-147.48773257103687,-108.56581761068884,-108.56581761068884,139.81677237491095,-175.16670887144505,,,24.5411865130175,21.990594581972935,12.330512525290192,,
1598621400,17.97,18.275,17.88,18.22,20.564587866998092,18.31369127401796,20.564587866998092,18.31369127401796,0,0,0,0,0,19.0875,16.042500000000004,20.165,14.965000000000003,18.01,20.84752948594221,19.71247051405779,,,,,29150100,0.75,0.73,-0.4561312489955622,-0.03915913640086251,0.2955088614660789,-51.89503644028156,-137.89213398919202,-137.89213398919202,-118.34125640352323,-118.34125640352323,139.81677237491095,-175.16670887144505,,,23.6875800256082,22.057143030742946,12.353203968847271,,
1598880600,18.245,18.27,17.825,17.825,20.559226152978116,18.296724949546665,20.559226152978116,18.296724949546665,0,0,0,0,0,19.0875,16.042500000000004,20.165,14.965000000000003,18.01,20.84499755997109,19.71500244002891,,,,,37583080,0.74,0.73,-0.619809042926657,-0.06979942096208291,0.10866505679537344,-53.919310911356355,-135.29999328870696,-135.29999328870696,-123.99416869858447,-123.99416869858447,139.81677237491095,-175.16670887144505,,,23.922321809645755,22.13028729658227,12.376319089408307,,
1598967000,17.745,17.785,17.485,17.705,19.782550345894265,17.606626992377453,19.782550345894265,17.606626992377453,0,0,0,0,0,18.7875,16.6375,19.830000000000002,15.594999999999999,17.745,20.83944016465106,19.720559835348944,,,,,36521892,0.72,0.73,-0.562924223247968,-0.43635635934774836,0.07717574236563515,-66.43300764163702,-157.08614810687575,-157.08614810687575,-135.02482850134822,-135.02482850134822,139.81677237491095,-175.16670887144505,,,22.461197339246127,22.14326416100046,12.39646869630109,,
1599053400,17.7,17.805,17.51,17.62,18.806258706550967,16.771698172350817,18.806258706550967,16.771698172350817,0,0,0,0,0,18.7875,16.6375,19.830000000000002,15.594999999999999,17.745,20.83941891560593,19.720581084394077,,,,,47700946,0.7,0.72,-0.498234388734305,-0.3952486433311223,-0.012429531649428937,-65.51288288205747,-172.61184122609578,-172.61184122609578,-147.55383274293075,-147.55383274293075,139.81677237491095,-175.16670887144505,,,18.330223880597014,21.99373316961209,12.408324351014969,,
1599139800,17.585,17.95,17.385,17.49,18.01999466713154,16.124319776664866,18.01999466713154,16.124319776664866,0,0,0,0,0,18.7875,16.6375,19.830000000000002,15.594999999999999,17.745,20.805720029627736,19.75427997037227,,,,,78884630,0.73,0.72,-0.35806993002958315,-0.4254063153366673,-0.11214427569507227,-70.11350667995478,-177.92471338688324,-177.92471338688324,-157.67745962424826,-157.67745962424826,139.81677237491095,-175.16670887144505,,,15.380871258213677,21.734405251518034,12.414263505674706,,
1599226200,17.67,17.79,17.22,17.435,18.018462709754655,16.168591550128987,18.018462709754655,16.168591550128987,0,0,0,0,0,18.7875,16.6375,19.830000000000002,15.594999999999999,17.745,20.43473355439405,19.43026644560595,,,,,68682030,0.71,0.71,-0.3304922166519459,-0.41712262243346526,-0.35133090432364494,-76.18633009317931,-187.2684411382143,-187.2684411382143,-167.5411201289036,-167.5411201289036,139.81677237491095,-175.16670887144505,,,16.18398637137991,21.51674176602242,12.421795419492298,,
1599571800,17.105,17.185,16.61,16.8,18.015727219825077,16.18744482267295,18.015727219825077,16.18744482267295,0,0,0,0,0,18.7875,16.6375,19.830000000000002,15.594999999999999,17.745,19.975479101537356,18.994520898462643,,,,,98431682,0.72,0.72,-0.9509163643758094,-0.6251426890704909,-0.39728343274968364,-103.28784983140504,-209.95901612632034,-209.95901612632034,-181.68041879470917,-181.68041879470917,139.81677237491098,-190.01729676303552,,,19.153078607933814,21.4240490931562,12.435244536751922,,
1599658200,16.99,17.085,16.85505,16.915,18.013481909695557,16.21507245707793,18.013481909695557,16.21507245707793,0,0,0,0,0,18.7875,16.6375,19.830000000000002,15.594999999999999,17.745,19.240628700987696,18.319371299012307,,,,,49955238,0.7,0.71,-0.8013844078325382,-0.5277989663407654,-0.2057611820283679,-93.84356341305217,-216.5220143364323,-216.5220143364323,-193.29428397528355,-193.29428397528355,139.81677237491098,-190.01729676303552,,,17.960330980773925,21.28821701031768,12.446283670506212,,
1599744600,16.965,16.985,16.265,16.295,17.611926222072785,15.873505809793027,17.611926222072785,15.873505809793027,0,0,0,0,0,18.7875,16.6375,19.830000000000002,15.594999999999999,17.745,19.0129182087065,18.202081791293505,,,,,74006678,0.7,0.71,-0.9606174414050288,-0.8525112064639357,-0.4420671681046326,-120.56354631585305,-223.27369425728926,-223.27369425728926,-203.2874207359521,-203.2874207359521,139.81677237491095,-201.27536231884238,,-243.27369425728926,19.039323046291685,21.200025090159798,12.459456576351936,,
1599831000,16.33,16.415,16.175,16.31,17.609133462388325,15.886864405487419,17.609133462388325,15.886864405487419,0,0,0,0,0,18.7875,16.6375,19.830000000000002,15.594999999999999,17.745,18.961745998181524,18.163254001818476,,,,,50794544,0.7,0.71,-0.9728471388785754,-0.625337310408246,-0.4425718675261901,-124.15056091698585,-226.00572041249598,-226.00572041249598,-210.86018729480006,-210.86018729480006,139.81677237491095,-201.27536231884238,,-246.00572041249598,19.487307117969134,21.132859679485655,12.473498235775747,,
1600090200,16.355,16.585,16.24,16.435,17.339666626494445,15.67037213116062,17.339666626494445,15.67037213116062,0,0,0,0,0,18.7875,16.6375,19.830000000000002,15.594999999999999,17.745,18.96228116678477,18.16271883321523,,,,,38888426,0.71,0.72,-1.0806999251423062,-0.5585698200121514,-0.33362574833506753,-114.95008918999024,-221.48044541657262,-221.48044541657262,-214.40027333539092,-214.40027333539092,139.81677237491095,-201.27536231884238,,-241.48044541657262,17.917614354308828,21.006771627517935,12.484375590657931,,
1600176600,16.545,16.695,16.2675,16.315,17.21514041068135,15.588577221866306,17.21514041068135,15.588577221866306,0,0,0,0,0,18.7875,16.6375,19.830000000000002,15.594999999999999,17.745,18.837994140388176,18.05700585961182,,,,,51220880,0.72,0.72,-0.940119541822016,-0.6254913781568969,-0.44482833365222496,-113.84286416276616,-213.28347862696037,-213.28347862696037,-211.04988921009928,-211.04988921009928,139.81677237491095,-201.27536231884238,,-233.28347862696037,17.1926698905574,20.857199010382228,12.493782772076312,,
1600263000,16.46,17.19,16.32,16.97,17.21341835191875,15.618564389636255,17.21341835191875,15.618564389636255,0,0,0,0,0,18.7875,16.6375,19.830000000000002,15.594999999999999,17.745,18.843505551473918,18.05149444852608,,,,,71798036,0.73,0.71,-0.45622388663657326,-0.531027118841165,-0.45719651804573086,-107.92187315298379,-195.51254913531326,-195.51254913531326,-159.97069015201907,-159.97069015201907,139.81677237491095,-201.27536231884238,,,16.925426317129038,20.703011845940928,12.502637204733759,,
1600349400,16.7,17.01,16.535,16.995,16.90167993157284,15.384412374777881,16.90167993157284,15.384412374777881,0,0,0,0,0,18.7875,16.6375,19.830000000000002,15.594999999999999,17.745,18.842112526993184,18.052887473006813,,,,,44713486,0.71,0.71,-0.3909103207319823,-0.5847645162254411,-0.39627677044735404,-90.64204425442824,-165.75058019688373,-165.75058019688373,-106.22664232002467,-106.22664232002467,139.81677237491095,-201.27536231884238,,,14.282011404872987,20.451207907075517,12.506192397940831,,
1600435800,16.985,16.9975,16.6325,16.805,16.901195206434835,15.434399144394433,16.901195206434835,15.434399144394433,0,0,0,0,0,18.7875,16.6375,19.830000000000002,15.594999999999999,17.745,18.458511393131285,17.68648860686871,,,,,52812746,0.7,0.71,-0.43270128521055506,-0.6047063233786862,-0.3758458023799246,-92.69952268941621,-132.33241478494926,-132.33241478494926,-65.49608396108037,-65.49608396108037,139.81677237491095,-201.27536231884238,,,13.776568170036283,20.18945732915241,12.508730611271691,,
1600695000,16.13,16.17,15.715,15.985,16.898896614613783,15.446805060300534,16.898896614613783,15.446805060300534,0,0,0,0,0,18.7875,16.6375,19.830000000000002,15.594999999999999,17.745,18.23786178764739,17.447138212352613,,,,,61439150,0.67,0.72,-0.9381332753940116,-0.9126120536043172,-0.39568725690713336,-170.5609744738924,-112.61243562450822,-112.61243562450822,-73.17247730362614,-73.17247730362614,139.81677237491095,-201.27536231884238,,,18.532918610679104,20.124495026467184,12.520766950930847,,
1600781400,15.995,16.25,15.79,15.82,16.896750967032137,15.461636234406395,16.896750967032137,15.461636234406395,0,0,0,0,0,18.7875,16.6375,19.830000000000002,15.594999999999999,17.745,18.13328334172989,17.346716658270115,,,,,44697446,0.68,0.72,-0.659475400466588,-1.1392222996780212,-0.4683159302668905,-165.98420413917262,-104.24865565628924,-104.24865565628924,-87.52109571985129,-87.52109571985129,139.81677237491095,-201.27536231884238,,,18.144116122343185,20.0468331086584,12.532002413810792,,
1600867800,15.88,15.94,15.085,15.105,16.89321510096414,15.448515205606144,16.89321510096414,15.448515205606144,0,0,0,0,0,18.7875,16.6375,19.830000000000002,15.594999999999999,17.745,17.804713026080325,17.045286973919676,,,,,52969192,0.7,0.72,-1.218538130527397,-1.3751666769688027,-0.6096173068439515,-182.40221106617827,-108.96973769852158,-108.96973769852158,-105.82234967036669,-105.82234967036669,139.81677237491095,-201.27536231884238,,,21.798859512700876,20.11554002646399,12.550517612809573,,
1600954200,15.05,15.375,14.77,15.1,16.889063222640537,15.423679315190217,16.889063222640537,15.423679315190217,0,0,0,0,0,18.7875,16.6375,19.830000000000002,15.594999999999999,17.745,17.64068101179957,16.89431898820043,,,,,70482568,0.68,0.71,-0.8422492582776164,-1.44028442615732,-0.858490872280666,-182.40221106617827,-128.19684323333098,-128.19684323333098,-113.28051419135478,-113.28051419135478,139.81677237491095,-201.27536231884238,,,23.431829963711767,20.245590612238413,12.57225849662756,,
1601040600,14.945,15.2025,14.85,15.09,16.88507788153636,15.402923263614131,16.88507788153636,15.402923263614131,0,0,0,0,0,18.7875,16.6375,19.830000000000002,15.594999999999999,17.745,17.634193520884683,16.900806479115314,,,,,55116862,0.69,0.71,-0.8591079686738053,-1.340930731995978,-0.7749938656225416,-176.92746360096942,-145.56221833041778,-145.56221833041778,-124.04108223770912,-124.04108223770912,139.81677237491095,-201.27536231884238,,,23.01710730948678,20.35427754154227,12.593127325424481,,
1601299800,15.3625,15.615,15.3425,15.445,16.882074678975847,15.402101763080243,16.882074678975847,15.402101763080243,0,0,0,0,0,18.7875,16.6375,19.830000000000002,15.594999999999999,17.745,17.636902814569588,16.89809718543041,,,,,52751942,0.67,0.71,-0.691780750820277,-1.2674054244880946,-0.823014257544753,-151.0708535643292,-137.51170088300793,-137.51170088300793,-128.53128845280872,-128.53128845280872,139.81677237491095,-201.27536231884238,,,20.463970969414206,20.358579244596072,12.608853286751135,,
1601386200,15.4,15.435,14.87,15.02,16.878142861435435,15.382968360606508,16.878142861435435,15.382968360606508,0,0,0,0,0,18.7875,16.6375,19.830000000000002,15.594999999999999,17.745,17.636466931367732,16.89853306863227,,,,,47602982,0.68,0.71,-0.9120128383159462,-1.3854479820129821,-0.8585812172788029,-175.87744898019213,-154.18561408012255,-154.18561408012255,-137.08273032858,-137.08273032858,139.81677237491095,-201.27536231884238,,,22.913426645930535,20.45876933876605,12.629441844911334,,
1601472600,15.115,15.29,14.905,14.975,16.874288130443556,15.365944111170958,16.874288130443556,15.365944111170958,0,0,0,0,0,18.7875,16.6375,19.830000000000002,15.594999999999999,17.745,17.63359927896634,16.901400721033657,,,,,49148986,0.7,0.71,-1.3713623863178186,-1.354523218464535,-0.8619536019765643,-156.69929273615836,-172.77996574995825,-172.77996574995825,-148.98180880237274,-148.98180880237274,139.81677237491095,-201.27536231884238,,,22.731985484707103,20.547915069979425,12.649626747288549,,
1601559000,14.81,14.8725,14.425,14.515,16.86949165066245,15.330952185242685,16.86949165066245,15.330952185242685,0,1,0,0,0,16.4,13.18,17.990000000000002,11.59,14.81,17.46089561778569,16.729104382214306,,,,,56715690,0.7,0.71,-1.6956107929811042,-1.453600833497572,-1.030252453981722,-177.2113915872428,-196.69782041003083,-196.69782041003083,-164.88714600492543,-164.88714600492543,139.81677237491095,-201.27536231884238,,,25.220321410057018,20.731146691158937,12.674743020341033,,
1601645400,14.125,14.77995,14.1,14.655,16.864061897114674,15.284714844644935,16.864061897114674,15.284714844644935,0,1,0,0,0,16.4,13.18,17.990000000000002,11.59,14.81,17.295770328355328,16.569229671644674,,,,,57410420,0.71,0.71,-1.487569121237031,-1.2866890028294855,-1.0400482227653642,-182.40221106617824,-205.93307984752906,-205.93307984752906,-178.56912395245996,-178.56912395245996,139.81677237491095,-201.27536231884238,,,26.905132192846033,20.97326376965647,12.703175366340044,,
1601904600,14.785,15.105,14.7475,15.095,16.859923761456102,15.265428968384349,16.859923761456102,15.265428968384349,0,1,0,0,0,16.4,13.18,17.990000000000002,11.59,14.81,17.29735149898813,16.56764850101187,,,,,63144454,0.7,0.71,-0.6513730952079355,-1.0948141649523593,-0.8762808104888643,-143.16938713386972,-178.3386082335677,-178.3386082335677,-177.87757679578314,-177.87757679578314,139.81677237491095,-201.27536231884238,,,23.54847071021254,21.074252277129258,12.724844288106024,,
1601991000,15.315,15.4,14.83,14.87,16.855957080614033,15.250102342173196,16.855957080614033,15.250102342173196,0,1,0,0,0,16.4,13.18,17.990000000000002,11.59,14.81,17.298218141212267,16.566781858787735,,,,,62222902,0.69,0.71,-0.7024353730290307,-1.3280780072948166,-0.9073832578702917,-136.4203360559787,-165.63400921360434,-165.63400921360434,-140.22481117367767,-140.22481117367767,139.81677237491095,-201.27536231884238,,,23.120787973043026,21.154508578929796,12.745615404359643,,
1602077400,14.955,15.12,14.7825,15.08,16.851904369164256,15.23353264248013,16.851904369164256,15.23353264248013,0,0,0,0,0,16.4,13.18,17.990000000000002,11.59,14.81,17.28535065499521,16.579649345004793,,,,,42086038,0.7,0.7,-0.019328694850485998,-1.171167512344197,-0.9159527395030402,-118.86539819125706,-144.6409742634908,-144.6409742634908,-102.65490436326367,-102.65490436326367,139.81677237491095,-201.27536231884238,,,23.36702954898911,21.241274107167417,12.76683701104222,,
1602163800,15.205,15.655,15.1325,15.645,16.84855206273236,15.231200970226007,16.84855206273236,15.231200970226007,0,0,0,0,0,16.4,13.18,17.990000000000002,11.59,14.81,17.2878342895051,16.577165710494903,,,,,61126132,0.75,0.71,0.43798083711447644,-0.8706124650226947,-0.9229374910265632,-100.06183237569098,-112.37113234246675,-112.37113234246675,-47.831448500418674,-47.831448500418674,139.81677237491095,-201.27536231884238,,,21.55261793675479,21.25348366911202,12.784391018885803,,
1602250200,15.785,15.825,15.3675,15.395,16.845671289380245,15.238084265511262,16.845671289380245,15.238084265511262,0,0,0,0,0,16.4,13.18,17.990000000000002,11.59,14.81,17.28901996490714,16.57598003509286,,,,,51031286,0.71,0.71,0.24615299356547474,-0.9839852628784579,-1.0642464367357365,-87.43658104238237,-74.00790570717682,-74.00790570717682,2.718547563403064,2.718547563403064,139.81677237491095,-201.27536231884238,,,20.334370139968893,21.217440001302485,12.7994758922546,,
1602509400,15.345,15.49,15.185,15.435,16.842435282808058,15.237612333530429,16.842435282808058,15.237612333530429,0,0,0,0,0,16.4,13.18,17.990000000000002,11.59,14.81,17.28037663087222,16.584623369127783,,,,,33369206,0.72,0.71,-0.007988113260319086,-1.088800536229642,-1.0709963018304876,-97.24129750335608,-38.451645609365336,-38.451645609365336,32.660874586257634,32.660874586257634,139.81677237491095,-201.27536231884238,,,21.28045619491964,21.21991122458159,12.816420907844341,,
1602595800,15.435,15.525,15.15,15.195,16.839136511014235,15.235800085156686,16.839136511014235,15.235800085156686,0,0,0,0,0,16.4,13.18,17.990000000000002,11.59,14.81,17.277537295886628,16.587462704113374,,,,,50765132,0.68,0.71,0.1437612931904518,-1.0510888700000358,-1.3254240394529584,-99.12165408491269,-12.569126245828102,-12.569126245828102,39.195912481246374,39.195912481246374,139.81677237491095,-201.27536231884238,,,21.461897356143076,21.229400876799687,12.833694587061721,,
1602682200,15.23,15.615,15.2,15.26,16.835943231271948,15.236000081817208,16.835943231271948,15.236000081817208,0,0,0,0,0,16.4,13.18,17.990000000000002,11.59,14.81,17.27789466950059,16.587105330499412,,,,,54486002,0.68,0.71,0.23478878804240494,-0.9836070437014904,-1.4339296281140597,-96.43543039697474,6.3412421572162,6.3412421572162,44.16197896330481,44.16197896330481,139.81677237491095,-201.27536231884238,,,21.202695697252462,21.22835361485666,12.850415868001164,,
1602768600,15,15.45,14.865,15.445,16.83209369434633,15.223186353118495,16.83209369434633,15.223186353118495,0,0,0,0,0,16.4,13.18,17.990000000000002,11.59,14.81,17.278557363012517,16.586442636987485,,,,,40721168,0.69,0.71,0.7946223169465765,-0.8838683434155395,-1.3025401858245274,-114.43312910615936,17.74891847366802,17.74891847366802,40.56427110657166,40.56427110657166,139.81677237491095,-201.27536231884238,,,22.93934681181959,21.295451387286576,12.870573572184618,,
1602855000,15.415,15.435,15.07,15.095,16.828657343308677,15.218833947113847,16.828657343308677,15.218833947113847,0,0,0,0,0,16.4,13.18,17.990000000000002,11.59,14.81,17.27993606828698,16.585063931713023,,,,,37422976,0.68,0.71,0.3718377693540384,-0.9791330908456471,-1.2217215599986673,-103.4196119856135,7.262167911690504,7.262167911690504,14.25333495300885,14.25333495300885,139.81677237491095,-201.27536231884238,,,21.87662001036806,21.318242313681928,12.888567670962207,,
1603114200,15.15,15.225,14.76,14.775,16.82461467129407,15.202616929579971,16.82461467129407,15.202616929579971,0,0,0,0,0,16.4,13.18,17.990000000000002,11.59,14.81,17.255938333168977,16.609061666831025,,,,,50372092,0.68,0.7,-0.2631488844117058,-1.0934117329516229,-0.9896916594444266,-111.10871749355053,-42.61845012878858,-42.61845012878858,-4.703926740923624,-4.703926740923624,139.81677237491095,-201.27536231884238,,,23.48367029548989,21.403161058066555,12.90973670717505,,
1603200600,14.86,15.0775,14.76,14.95,16.820580076546232,15.18703587351801,16.820580076546232,15.18703587351801,0,0,0,0,0,16.4,13.18,17.990000000000002,11.59,14.81,17.25716396207158,16.607836037928422,,,,,45987568,0.68,0.71,0.06668193515182895,-0.7880086697844705,-1.0292439861690557,-69.97079159364463,-76.11296142189478,-76.11296142189478,-28.50693830124734,-28.50693830124734,139.81677237491095,-201.27536231884238,,,23.48367029548989,21.484749655612568,12.930863447611243,,
1603287000,14.865,14.9475,14.66,14.665,16.81635574072896,15.168183486321226,16.81635574072896,15.168183486321226,0,0,0,0,0,16.4,13.18,17.990000000000002,11.59,14.81,17.25879233434096,16.606207665659042,,,,,49313394,0.68,0.71,-0.34141960250606423,-0.9527777044114617,-1.0985700779572407,-66.94911634481362,-106.72581302368108,-106.72581302368108,-54.57989654205859,-54.57989654205859,139.81677237491095,-201.27536231884238,,,24.002073613271122,21.58346824218741,12.95298374764253,,
1603373400,14.69,15.29,14.595,15.27,16.812011273714514,15.147546879014513,16.812011273714514,15.147546879014513,0,0,0,0,0,16.4,13.18,17.990000000000002,11.59,14.81,17.272031743379237,16.592968256620765,,,,,65655418,0.7,0.71,-0.29512432922606147,-0.447155097477965,-1.0537664720656603,-52.03180968091435,-94.44234866995764,-94.44234866995764,-67.8673805846916,-67.8673805846916,88.3479828713053,-201.27536231884235,,,24.33903576982892,21.691529713859627,12.975733102332214,,
1603459800,15.35,15.44,15.005,15.195,16.808486475964834,15.14363719748453,16.808486475964834,15.14363719748453,0,0,0,0,0,16.4,13.18,17.990000000000002,11.59,14.81,17.271920807822898,16.593079192177104,,,,,49975452,0.7,0.7,-0.16120734412912632,-0.48977295466958815,-0.9692038164387121,-31.714626853128724,-65.44012289039614,-65.44012289039614,-60.585607501805235,-60.585607501805235,88.3479828713053,-201.27536231884235,,,22.21358216692586,21.71200235907791,12.994190343220513,,
1603719000,14.935,14.955,14.505,14.65,16.803979709779092,15.12046907209298,16.803979709779092,15.12046907209298,0,0,0,0,0,16.4,13.18,17.990000000000002,11.59,14.81,17.277920387977073,16.58707961202293,,,,,60801938,0.67,0.7,-0.6259714281482126,-0.7717904003761126,-1.1109363981925084,-56.491679082135576,-66.93807426745366,-66.93807426745366,-65.93944001608197,-65.93944001608197,88.3479828713053,-201.27536231884235,,,24.80559875583203,21.833319864832973,13.01778956082813,,
1603805400,14.635,14.64,14.425,14.46,16.799323706362948,15.095103618285414,16.799323706362948,15.095103618285414,0,0,0,0,0,16.4,13.18,17.990000000000002,11.59,14.81,17.274471436997388,16.590528563002614,,,,,43193518,0.67,0.7,-0.6243189133213547,-0.8472587556831488,-1.1579296107340615,-60.45600743877668,-87.21184122803486,-87.21184122803486,-73.03024042006626,-73.03024042006626,88.3479828713053,-201.27536231884235,,,25.220321410057018,21.96614345484176,13.042170243843572,,
1603891800,14.105,14.19495,13.775,13.855,16.79339129136522,15.045497594038928,16.79339129136522,15.045497594038928,0,0,0,0,0,16.4,13.18,17.990000000000002,11.59,14.81,17.109995455008164,16.430004544991835,,,,,81098172,0.63,0.7,-1.198997090929112,-1.3801043351945828,-1.2762660943186106,-99.87265186053658,-114.5553084889545,-114.5553084889545,-86.87192977636234,-86.87192977636234,88.34798287130536,-223.7988325101077,,,28.58994297563504,22.225900298794436,13.073234724826172,,
1603978200,13.675,14.325,13.49,14.28,16.786906993080773,14.986772198194263,16.786906993080773,14.986772198194263,0,0,0,0,0,16.4,13.18,17.990000000000002,11.59,14.81,16.972122875346297,16.282877124653705,,,,,74501810,0.68,0.7,-0.9809636250171424,-1.199507391775478,-1.1838899377500136,-115.09388489810499,-127.31965900854509,-127.31965900854509,-100.35450618708992,-100.35450618708992,88.34798287130536,-223.7988325101077,,,30.067392431311557,22.533409794187264,13.10718908587809,,
1604064600,14.18,14.37,14.015,14.36,16.78147411197572,14.950732111990565,16.78147411197572,14.950732111990565,0,0,0,0,0,16.4,13.18,17.990000000000002,11.59,14.81,16.972331762621025,16.282668237378978,,,,,75807436,0.7,0.7,-0.6439752775214322,-1.1109504584258016,-0.9967006120923894,-87.05477140784737,-123.75168512836795,-123.75168512836795,-108.1535658341826,-108.1535658341826,88.34798287130536,-223.7988325101077,,,27.34577501296008,22.722129998845023,13.135637809009124,,
1604327400,14.555,15.045,14.285,14.85,16.77658615171203,14.926587715441915,16.77658615171203,14.926587715441915,0,0,0,0,0,15.7225,12.322500000000002,16.89,11.155000000000001,14.555,16.976228011846125,16.278771988153878,,,,,83781706,0.71,0.71,0.07161175888635482,-0.5783265899199851,-1.0096336504933086,-72.63465589857205,-101.19954106673141,-101.19954106673141,-87.29149153182905,-87.29149153182905,88.34798287130536,-223.7988325101077,,,25.946086054950747,22.84855964810407,13.161233110199817,,
1604413800,15.1,15.11,14.63,14.765,16.772390375185132,14.916784275620664,16.772390375185132,14.916784275620664,0,0,0,0,0,15.7225,12.322500000000002,16.89,11.155000000000001,14.555,16.975001342086934,16.27999865791307,,,,,69754908,0.68,0.7,-0.1759167476643447,-0.5473460705538178,-0.9059390632467555,-54.208952747831304,-83.22350997837805,-83.22350997837805,-47.2714478016713,-47.2714478016713,88.34798287130536,-223.7988325101077,,,24.157594608605486,22.89989435243746,13.183203862444383,,
1604500200,14.785,15.14,14.385,14.785,16.767718366443503,14.897853519713973,16.767718366443503,14.897853519713973,0,0,0,0,0,15.7225,12.322500000000002,16.89,11.155000000000001,14.555,16.975041886539383,16.27995811346062,,,,,87226502,0.62,0.7,0.11634497230901591,-0.17390699995317288,-0.9517311344229729,-67.29387237661824,-60.53666204322505,-60.53666204322505,-15.162966172919056,-15.162966172919056,88.34798287130536,-223.7988325101077,,,25.427682737169516,22.999023308701464,13.207668355700577,,
1604586600,14.805,15.08,14.755,14.785,16.59461973469928,14.749258893654108,16.59461973469928,14.749258893654108,0,0,0,0,0,15.7225,12.322500000000002,16.89,11.155000000000001,14.555,16.974968857274856,16.28003114272515,,,,,63591182,0.64,0.7,-0.4562130548445902,-0.17299676672956657,-1.047389474950565,-47.53297334538902,-35.44572555294467,-35.44572555294467,14.736147427616096,14.736147427616096,88.34798287130536,-223.7988325101077,,,22.728462948415807,22.988413098494185,13.226690922319388,,
1604673000,14.785,15.005,14.405,14.465,16.59033857638819,14.737597760569635,16.59033857638819,14.737597760569635,0,0,0,0,0,15.7225,12.322500000000002,16.89,11.155000000000001,14.555,16.969410389092303,16.2855896109077,,,,,66446444,0.64,0.7,-0.6945048884365839,-0.34568720203451725,-1.0438607687795274,-66.2257156722275,-21.97586569434779,-21.97586569434779,4.963854022845979,4.963854022845979,88.34798287130536,-223.7988325101077,,,24.561403508771928,23.05009899693645,13.249337700713898,,
1604932200,16.2,16.895,14.45845,16.53,16.49078898005907,14.646856815695836,16.49078898005907,14.646856815695836,0,0,0,0,0,15.7225,12.322500000000002,16.89,11.155000000000001,14.555,16.945306738996795,16.059693261003208,,,,,198713412,0.66,0.7,1.5485941972409247,0.489439032550379,-0.4610686605896767,-184.49947880730082,-1.7075590529028233,-1.7075590529028233,38.829054229987115,38.829054229987115,326.1862917398952,-223.79883251010762,,,23.842770608375037,23.081184158169336,13.270503400829105,,
1605018600,16.84,17.065,16.49,17.065,16.28277969674655,14.542123289284838,16.28277969674655,14.542123289284838,0,0,0,0,0,15.7225,12.322500000000002,16.89,11.155000000000001,14.555,16.837223663900296,15.947776336099707,,,,,146676192,0.7,0.7,2.1591362901503963,0.9421138200817658,-0.35416499101299675,-49.60599089104145,24.97659814427775,24.97659814427775,78.34491253863891,78.34491253863891,326.1862917398952,-223.79883251010762,,,12.029874633235542,22.64779947091703,13.268024622072675,,
1605105000,17.25,17.285,16.73,16.89,16.097323343124355,14.468375046911286,16.097323343124355,14.468375046911286,0,0,0,0,0,15.7225,12.322500000000002,16.89,11.155000000000001,14.555,16.748750881381138,15.866249118618862,,,,,93085008,0.68,0.71,2.6247280865890614,0.8846540562538588,-0.2731711176993865,-28.90088164956321,51.67768869055989,51.67768869055989,105.07986978312417,105.07986978312417,326.1862917398952,-223.79883251010762,,,9.71397733405289,22.140590759667454,13.260923628490218,,
1605191400,16.595,16.83,16.17,16.345,16.080175681315477,14.521019319807907,16.080175681315477,14.521019319807907,0,0,0,0,0,15.7225,12.322500000000002,16.89,11.155000000000001,14.555,16.74480675058018,15.85504324941982,,,,,77197220,0.68,0.71,1.7209827194263596,0.8662795917707018,-0.3876130000143278,-77.21280321301192,71.1396397320842,71.1396397320842,110.06354181513285,110.06354181513285,326.1862917398952,-223.79883251010762,,,12.641815235008103,21.76808975870042,13.259686648683061,,
1605277800,16.47,17.0225,16.45,16.94,16.08095574988428,14.597473464129166,16.08095574988428,14.597473464129166,0,0,0,0,0,15.7225,12.322500000000002,16.89,11.155000000000001,14.555,16.745385014420552,15.842564985579449,,,,,78881978,0.67,0.71,2.1622847221000407,1.083396349694177,-0.06523058046964622,-53.05684243128772,89.74600128599815,89.74600128599815,126.95872439382606,126.95872439382606,326.1862917398952,-223.79883251010762,,,11.129119394921675,21.350875234630664,13.25542977105317,,
1605537000,17.66,18.095,17.4425,18.055,16.083697446687708,14.709461759653513,16.083697446687708,14.709461759653513,0,0,0,0,0,15.7225,12.322500000000002,16.89,11.155000000000001,14.555,16.618511661263838,15.68648833873616,,,,,95865324,0.72,0.72,2.5253704526987435,1.3247120321949117,0.06255466348294648,-49.943753378234796,114.82033309707226,114.82033309707226,164.9689967192205,164.9689967192205,326.1862917398952,-223.79883251010762,,,5.767152890329565,20.739748868187483,13.24046817888389,,
1605623400,17.82,18.25,17.585,18.24,15.861242690677695,14.62397544683865,15.861242690677695,14.62397544683865,0,0,0,0,0,15.7225,12.322500000000002,16.89,11.155000000000001,14.555,16.52843958727116,15.601560412728844,,,,,78020114,0.72,0.72,2.774957054938344,1.5427416829013474,0.12563269595315324,-52.86753276448588,139.88599807422966,139.88599807422966,190.01732802854443,190.01732802854443,326.1862917398952,-223.79883251010762,,,3.643835616438351,20.069320897530655,13.221294087850033,,
1605709800,18.395,18.465,17.71,17.71,15.856273373819779,14.737504964132699,15.856273373819779,14.737504964132699,0,0,0,0,1,15.7225,12.322500000000002,16.89,11.155000000000001,14.555,16.53015349134343,15.59984650865657,,,,,82000352,0.72,0.71,2.3217243998938213,1.1816800502782092,-0.12508588959617462,-42.77830895446945,157.6005092448778,157.6005092448778,193.02953158617404,193.02953158617404,326.1862917398952,-223.79883251010762,,,2.905701754385952,19.396237793877923,13.200683513757198,,
1605796200,17.585,18.035,17.405,18,15.859384416029929,14.842440063578476,15.859384416029929,14.842440063578476,0,0,0,0,0,15.7225,12.322500000000002,16.89,11.155000000000001,14.555,16.53117410896968,15.598825891030325,,,,,65872424,0.72,0.71,2.556513987780082,1.0217466947934142,-0.14467952009242338,-67.39601505090953,166.60906793423456,166.60906793423456,184.62618531294808,184.62618531294808,326.1862917398952,-223.79883251010762,,,4.577850877192969,18.815124581458903,13.183455076920906,,
1605882600,17.955,18.035,17.78085,17.905,15.863232681931967,14.957851884614614,15.863232681931967,14.957851884614614,0,0,0,0,1,15.7225,12.322500000000002,16.89,11.155000000000001,14.555,16.52540880412276,15.59959119587724,,,,,39506494,0.72,0.71,2.8068464423331845,1.1109948610159694,-0.14802182694410218,-37.05973689895214,182.81766538581354,182.81766538581354,215.23486028897153,215.23486028897153,326.1862917398952,-223.79883251010762,235.23486028897153,,2.517269736842092,18.17599301892491,13.162144017300369,,
1606141800,18.185,19.195,18.165,19.17,16.6750518213214,15.81676216328587,16.6750518213214,15.81676216328587,0,0,0,0,0,15.7225,12.322500000000002,16.89,11.155000000000001,14.555,16.833050989563276,15.851949010436728,,,,,76324670,0.74,0.72,1.8246354418931099,1.5961304322961998,0.17126160542435073,-77.18208847414651,204.97640286039922,204.97640286039922,249.29387780957057,249.29387780957057,326.1862917398952,-223.79883251010762,269.2938778095706,,5.242566510172157,17.66879982250323,13.146320685617795,,
1606228200,19.815,20.20815,19.6375,20.155,17.536072896783658,16.747629965274896,17.536072896783658,16.747629965274896,0,0,0,0,1,15.7225,12.322500000000002,16.89,11.155000000000001,14.555,17.363066419491304,16.335083580508698,,,,,106932050,0.76,0.72,2.0351557689976976,2.1181943888591266,0.43923612584317795,-37.8007249367432,226.61866570881278,226.61866570881278,269.9031914056399,269.9031914056399,326.1862917398952,-223.79883251010762,289.9031914056399,,2.56760109154057,17.076595950700774,13.125184382732526,,
1606314600,20.025,20.025,19.575,19.685,17.54015826562125,16.85873467251902,17.54015826562125,16.85873467251902,0,0,0,1,1,15.7225,12.322500000000002,16.89,11.155000000000001,14.555,17.365865970915017,16.332284029084978,,,,,71352340,0.77,0.72,1.8656654467892393,1.887468531345124,0.10902807994467714,-42.36602988079429,239.4759947749046,239.4759947749046,265.1906529070882,265.1906529070882,326.1862917398952,-223.79883251010762,285.1906529070882,,2.877697841726628,16.519776417015514,13.104709884149097,,
1606487400,19.575,19.735,19.3,19.455,17.543691515839793,16.954805861832,17.543691515839793,16.954805861832,0,0,0,0,0,15.7225,12.322500000000002,16.89,11.155000000000001,14.555,17.365426789573817,16.33272321042618,,,,,37510712,0.76,0.72,2.14295765347863,1.6882391125609668,0.11126485365659863,-62.45337163461899,240.14528096939964,240.14528096939964,241.48385335838975,241.48385335838975,326.1862917398952,-223.79883251010762,261.48385335838975,,4.242123542545276,16.038299833702954,13.087002418931107,,
1606746600,19.24,19.265,18.3475,18.38,17.545333640683268,17.010130141760158,17.545333640683268,17.010130141760158,0,0,0,0,0,15.7225,12.322500000000002,16.89,11.155000000000001,14.555,17.377519825165507,16.32063017483449,,,,,83087110,0.78,0.72,0.9536156103746161,1.409502643720545,-0.0951705457743961,-132.0286189819577,186.55328622224107,186.55328622224107,222.28128272034678,222.28128272034678,326.1862917398952,-223.79883251010762,,,8.967998015380802,15.761033095729536,13.078772639903034,,
1606833000,18.89,18.995,18.4325,18.465,17.54714061642616,17.066584842083287,17.54714061642616,17.066584842083287,0,0,0,0,0,23.169725,15.928425,26.1313,12.96685,18.89,17.377360094379114,16.320789905620884,,,,,68958948,0.78,0.72,0.2562836357168344,1.6273192493567774,-0.058169346816200944,-125.81980425804817,130.93496475247628,130.93496475247628,191.83251006438994,191.83251006438994,326.1862917398952,-223.79883251010762,,,8.54626643512776,15.478101069823584,13.069716683449936,,
1606919400,18.405,19.355,18.3425,19.065,17.548765959849884,17.117331514942766,17.548765959849884,17.117331514942766,0,0,0,0,0,23.169725,15.928425,26.1313,12.96685,18.89,17.38130665938753,16.316843340612465,,,,,75483590,0.76,0.71,0.5073857162699513,1.7826953921457458,0.05775717192767222,-132.39384337748172,94.39279707972823,94.39279707972823,159.35260573616938,159.35260573616938,326.1862917398952,-223.79883251010762,,,8.992805755395683,15.22377576337543,13.061571007270008,,
1607005800,19.15,19.5,18.955,19.265,17.551599594295737,17.18986753396462,17.551599594295737,17.18986753396462,0,0,0,0,0,23.169725,15.928425,26.1313,12.96685,18.89,17.381325167159872,16.316824832840126,,,,,72975334,0.75,0.71,0.9916654066104121,2.045353924179884,0.16523538091835518,-87.6538549257812,82.14044978707183,82.14044978707183,133.61522041980353,133.61522041980353,326.1862917398952,-223.79883251010762,,,5.953857603572328,14.86024956103021,13.047369781688195,,
1607092200,19.615,20.3275,19.615,20.315,17.69479083716382,17.416355216359555,17.69479083716382,17.416355216359555,0,0,0,0,0,23.169725,15.928425,26.1313,12.96685,18.89,17.45375103750626,16.36374896249374,,,,,103700450,0.73,0.72,1.4305112265565754,2.1216526610177944,0.29027033046332373,-50.72870671180517,96.68296302350774,96.68296302350774,121.3044679543716,121.3044679543716,326.1862917398952,-223.79883251010762,,,3.4457297563376956,14.41262133339521,13.02818568573345,,
1607351400,20.075,20.12,19.65,19.84,17.698710635690965,17.504209913757222,17.698710635690965,17.504209913757222,0,0,0,0,0,23.169725,15.928425,26.1313,12.96685,18.89,17.45005465208238,16.367445347917624,,,,,69313206,0.74,0.71,1.197834851655905,1.956206454438338,0.3551728168504403,-48.19227137621491,104.61686982882738,104.61686982882738,115.74193524585687,115.74193524585687,326.1862917398952,-223.79883251010762,,,3.273443268520811,13.975790821047195,13.008695690893864,,
1607437800,19.595,20.3325,19.59,20.135,17.702503921134138,17.58628991713929,17.702503921134138,17.58628991713929,0,0,0,0,0,23.169725,15.928425,26.1313,12.96685,18.89,17.453172709099356,16.369327290900646,,,,,57854694,0.74,0.71,0.5580959222533449,2.3965253582638906,0.43489457343875,-52.54044623722666,112.37920442359042,112.37920442359042,114.62102497176805,114.62102497176805,326.1862917398952,-223.79883251010762,,,3.568791533349748,13.567673201921805,12.989834743526144,,
1607524200,20.34,20.67,19.935,20.18,17.706972045167838,17.67854521450638,17.706972045167838,17.67854521450638,0,0,0,0,0,23.169725,15.928425,26.1313,12.96685,18.89,17.620377190897173,16.53962280910283,,,,,86691772,0.73,0.7,0.013779396798669732,2.5371147418618074,0.43010314100449004,-27.538440786408593,118.20841942914618,118.20841942914618,125.38320834390244,125.38320834390244,326.1862917398952,-223.79883251010762,,,1.8705390105833255,13.108962057163433,12.96761836843535,,
1607610600,20.205,21.04,20.15,20.8,18.133757559986236,18.18122596325993,18.133757559986236,18.18122596325993,0,0,0,0,0,23.169725,15.928425,26.1313,12.96685,18.89,17.81426232561153,16.71573767438847,,,,,77604380,0.73,0.71,0.6396831302171551,3.268364931045285,0.4634448487601213,-46.00686057367505,132.16612823591672,132.16612823591672,160.0815458494578,160.0815458494578,326.1862917398952,-223.79883251010762,,,3.12500000000001,12.717434133353104,12.947952797269645,,
1607697000,20.66,20.665,20.27,20.56,18.138036366060188,18.263346513720325,18.138036366060188,18.263346513720325,0,0,0,0,1,23.169725,15.928425,26.1313,12.96685,18.89,17.81520500257879,16.714794997421215,,,,,56152200,0.72,0.71,0.6415208348310538,2.867811036036192,0.3711632826577011,-37.513286313919615,146.4633714487131,146.4633714487131,175.0578578743059,175.0578578743059,326.1862917398952,-223.79883251010762,,,2.5480769230769287,12.318635811381489,12.927173824494036,,
1607956200,20.875,20.88,19.7675,19.84,18.1413126670271,18.322737826907762,18.1413126670271,18.322737826907762,0,0,0,0,0,23.169725,15.928425,26.1313,12.96685,18.89,17.821215913100747,16.708784086899254,,,,,79884334,0.72,0.71,0.8898843433037908,2.468264564345168,0.25646032812213126,-93.10633575455954,147.89206562510228,147.89206562510228,150.74945397788062,150.74945397788062,326.1862917398952,-223.79883251010762,,,4.963942307692319,12.030216458295639,12.911263272012913,,
1608042600,19.95,20.33,19.7625,20.23,18.144572531828246,18.379605951342754,18.144572531828246,18.379605951342754,0,0,0,0,0,23.169725,15.928425,26.1313,12.96685,18.89,17.816718379321692,16.71328162067831,,,,,58691522,0.71,0.71,1.0687964555203,2.338809244519307,0.32880832947480126,-98.18572041658331,118.5103562217037,118.5103562217037,138.09816249063607,138.09816249063607,326.1862917398952,-223.79883251010762,,,4.987980769230775,11.754050352842114,12.89543253774162,,
1608129000,20.28,20.355,19.99,20.13,18.148275883413007,18.443076306192054,18.148275883413007,18.443076306192054,0,0,0,0,0,23.169725,15.928425,26.1313,12.96685,18.89,17.816965258105117,16.713034741894884,,,,,47628852,0.74,0.71,0.6244716397452111,2.3451766921284416,0.18762778716143144,-83.1494370830033,88.81089204154009,88.81089204154009,121.66907234093742,121.66907234093742,326.1862917398952,-223.79883251010762,,,3.8942307692307803,11.445822133876964,12.877448118623716,,
1608215400,20.31,20.315,19.915,20.035,18.151823484045547,18.501145862811974,18.151823484045547,18.501145862811974,0,0,0,0,0,23.169725,15.928425,26.1313,12.96685,18.89,17.816366209068523,16.713633790931482,,,,,46363388,0.73,0.71,0.44763892238962844,2.2960612910922507,0.1827524124622474,-90.84845903513313,56.64841265214393,56.64841265214393,99.99551911133959,99.99551911133959,326.1862917398952,-223.79883251010762,,,4.2548076923077,11.163821567540914,12.860220065823885,,
1608301800,19.995,20.105,19.545,19.7,18.154632128433068,18.542573476035034,18.154632128433068,18.542573476035034,0,0,0,0,0,23.169725,15.928425,26.1313,12.96685,18.89,17.805879765382983,16.72412023461702,,,,,73140306,0.74,0.71,-0.33921812274891705,2.1506132800508007,0.0793873182840185,-128.83030066564046,-3.3061132745621507,-3.3061132745621507,65.56164164937235,65.56164164937235,326.1862917398952,-223.79883251010762,,,6.033653846153841,10.962638519643383,12.84658057287749,,
1608561000,18.705,19.2323,18.5075,19.065,18.155382963341292,18.542097065210132,18.155382963341292,18.542097065210132,0,0,0,0,0,23.169725,15.928425,26.1313,12.96685,18.89,17.81069759482162,16.71930240517838,,,,,80158896,0.72,0.71,-0.4391291745529554,2.0640063213876867,0.02971638083149872,-235.3334376701044,-64.19802235440963,-64.19802235440963,22.30842031477836,22.30842031477836,326.1862917398952,-223.79883251010762,,,11.021634615384617,10.964952092025392,12.842934327208175,,
1608647400,19.025,19.09,18.725,18.745,18.156562517860092,18.550083454809734,18.156562517860092,18.550083454809734,0,0,0,0,0,23.169725,15.928425,26.1313,12.96685,18.89,17.80178187160321,16.72821812839679,,,,,50208392,0.74,0.71,-0.7746903422932687,0.8681709008570683,-0.06856336159322275,-213.00627400892753,-106.51022927369553,-106.51022927369553,-20.63112954804626,-20.63112954804626,326.1862917398952,-223.79883251010762,,,9.975961538461535,10.926168148748378,12.837206109848042,,
1608733800,18.905,19.425,18.9,19.16,18.158085869472757,18.56455077030739,18.158085869472757,18.56455077030739,0,0,0,0,0,23.169725,15.928425,26.1313,12.96685,18.89,17.80318682285925,16.72681317714075,,,,,53931810,0.73,0.71,-0.5656288117644267,0.7931761021383681,0.03438418270953646,-195.04188945395805,-120.42423526439222,-120.42423526439222,-53.89549812016158,-53.89549812016158,326.1862917398952,-223.79883251010762,,,9.134615384615396,10.855911177605908,12.829808326181244,,
1608820200,19.185,19.185,18.87,19.06,18.15954683676652,18.577286034216907,18.15954683676652,18.577286034216907,0,0,0,0,0,23.169725,15.928425,26.1313,12.96685,18.89,17.80345561238213,16.72654438761787,,,,,22902904,0.73,0.71,-0.9391767843162826,0.8327811612561058,0.0628876389089733,-198.12149823480976,-125.45915090978644,-125.45915090978644,-77.75004905003652,-77.75004905003652,326.1862917398952,-223.79883251010762,,,9.278846153846153,10.794065490399642,12.822713496666088,,
1609165800,19.13,19.37,18.8843,18.94,18.161033170758994,18.59007705248291,18.161033170758994,18.59007705248291,0,0,0,0,0,23.169725,15.928425,26.1313,12.96685,18.89,17.802155969107417,16.727844030892584,,,,,37824552,0.74,0.71,-0.8848996059186682,1.0294230950178054,0.08283030874249106,-196.65355138260378,-139.22879778436223,-139.22879778436223,-98.24296529481175,-98.24296529481175,326.1862917398952,-223.79883251010762,,,9.210096153846159,10.731949045828918,12.815495479997118,,
1609252200,19.055,19.11,18.725,18.815,18.16220143615208,18.59618187395417,18.16220143615208,18.59618187395417,0,0,0,0,0,23.169725,15.928425,26.1313,12.96685,18.89,17.798267495216884,16.731732504783118,,,,,37968508,0.74,0.72,-0.580289781967563,0.7177777049536654,0.14146019045559832,-213.00627400892753,-165.04435133809622,-165.04435133809622,-120.51009397590657,-120.51009397590657,326.1862917398952,-223.79883251010762,,,9.975961538461535,10.70230247691255,12.809822085508536,,
1609338600,18.83,19.2875,18.785,19.11,18.163486048667263,18.604376702426553,18.163486048667263,18.604376702426553,0,0,0,0,0,23.169725,15.928425,26.1313,12.96685,18.89,17.798688086861148,16.731311913138853,,,,,56436614,0.73,0.71,-0.620960121799636,0.37838674122017024,0.22724805179029473,-206.84705644722376,-156.39341125499973,-156.39341125499973,-132.4711997356043,-132.4711997356043,326.1862917398952,-223.79883251010762,,,9.687500000000004,10.662506301347351,12.803583679743284,,
1609425000,19.025,19.105,18.865,18.95,18.164926336282313,18.615356047429433,18.164926336282313,18.615356047429433,0,0,0,0,0,23.169725,15.928425,26.1313,12.96685,18.89,17.793845982283102,16.736154017716895,,,,,36309702,0.72,0.71,-0.661019159470811,0.2534245608133192,0.08935128819152365,-198.634766364952,-154.80948557868078,-154.80948557868078,-139.9172950166298,-139.9172950166298,326.1862917398952,-223.79883251010762,,,9.302884615384626,10.609187803858617,12.796589276018292,,
1609770600,19.17,19.33,18.755,18.98,18.16614616378225,18.621634241647886,18.16614616378225,18.621634241647886,0,0,0,0,0,22.388749999999998,17.821250000000003,23.737499999999997,16.472500000000004,19.17,17.793743979617965,16.736256020382033,,,,,67717660,0.73,0.71,-0.5938433240716874,0.46691013179630336,0.1503652574758454,-209.92666522807582,-141.40803946945996,-141.40803946945996,-140.41420983423984,-140.41420983423984,326.1862917398952,-223.79883251010762,,,9.831730769230777,10.578699292696742,12.790665482797937,,
1609857000,19.185,20.35,19.1675,19.83,18.168179488130335,18.64368093805385,18.168179488130335,18.64368093805385,0,0,0,0,0,22.388749999999998,17.821250000000003,23.737499999999997,16.472500000000004,19.17,17.79786306794437,16.732136932055635,,,,,95473438,0.71,0.71,0.07354887312808454,0.6542095118436039,0.40863651936887924,-167.58204449136113,-122.11673275134433,-122.11673275134433,-85.52177858555328,-85.52177858555328,326.1862917398952,-223.79883251010762,,,7.848557692307693,10.471634916210897,12.780791141558197,,
1609943400,20.22,20.625,19.96,20.435,18.171776332309896,18.695630705188997,18.171776332309896,18.695630705188997,0,0,0,0,0,22.388749999999998,17.821250000000003,23.737499999999997,16.472500000000004,19.17,17.79899414805881,16.73100585194119,,,,,86262332,0.72,0.7,0.7986236571298576,0.9066590101219576,0.5246408359331135,-86.229045863855,-88.78332586376953,-88.78332586376953,-22.116512088619928,-22.116512088619928,326.1862917398952,-223.79883251010762,,,4.038461538461537,10.21935360727955,12.763323949544018,,
1610029800,20.615,20.945,20.4,20.735,18.176236319657928,18.76262557949531,18.176236319657928,18.76262557949531,0,0,0,0,0,22.388749999999998,17.821250000000003,23.737499999999997,16.472500000000004,19.17,17.799039246315765,16.73096075368424,,,,,51454840,0.72,0.7,1.1790281087484682,0.5234655784793659,0.511004693929789,-41.06145041135976,-48.853618713431494,-48.853618713431494,31.005795587244585,31.005795587244585,326.1862917398952,-223.79883251010762,,,1.9230769230769333,9.894009423585329,12.741665114326302,,
1610116200,21,21,20.545,20.71,18.18097420912914,18.832622615593532,18.18097420912914,18.832622615593532,0,0,0,0,0,22.388749999999998,17.821250000000003,23.737499999999997,16.472500000000004,19.17,17.794634111871744,16.735365888128257,,,,,62743946,0.72,0.7,0.8986861510319175,0.17661248815374087,0.5993311905910922,-26.176674637241604,-9.86408449189814,-9.86408449189814,68.11498395116857,68.11498395116857,326.1862917398952,-223.79883251010762,,,1.2259615384615337,9.554085977109887,12.718656715573326,,
1610375400,20.26,21.1175,20.145,21.035,18.389915754271808,19.08886581752591,18.389915754271808,19.08886581752591,0,0,0,0,0,22.388749999999998,17.821250000000003,23.737499999999997,16.472500000000004,19.17,17.83316068031441,16.77433931968559,,,,,46903186,0.72,0.72,1.1510600611006696,0.4398367400085116,0.6964353855181414,-74.36297338306902,26.729324631567017,26.729324631567017,99.91614287849734,99.91614287849734,326.18629173989524,-126.52629554850427,,,4.231043498930357,9.34533921325971,12.701698447408205,,
1610461800,21.29,21.885,21.13,21.77,19.036695458215505,19.8100031054959,19.036695458215505,19.8100031054959,0,0,0,0,0,22.388749999999998,17.821250000000003,23.737499999999997,16.472500000000004,19.17,18.23250219629497,17.142497803705034,,,,,87946078,0.71,0.72,1.6504335726395551,0.7588408840939359,0.8671865360933524,-56.79105566988223,66.14309426136768,66.14309426136768,144.97063352096902,144.97063352096902,326.18629173989524,-126.52629554850427,,,2.939825447864036,9.094142595008899,12.682194205650875,,
1610548200,21.845,21.855,21.435,21.6,19.0414939687885,19.873859846456842,19.0414939687885,19.873859846456842,0,0,0,1,0,22.388749999999998,17.821250000000003,23.737499999999997,16.472500000000004,19.17,18.231267986597274,17.143732013402726,,,,,54764420,0.72,0.72,1.639611543976591,1.1203913000243495,0.8676623409096524,-29.72656820220403,102.73237032998028,102.73237032998028,175.91092246720552,175.91092246720552,326.18629173989524,-126.52629554850427,,,1.538814882866334,8.797855233748406,12.659929711499457,,
1610634600,21.735,22.5,21.715,22.24,19.45711811041464,20.358504860326594,19.45711811041464,20.358504860326594,0,0,0,1,0,22.388749999999998,17.821250000000003,23.737499999999997,16.472500000000004,19.17,18.550752750704603,17.4392472492954,,,,,83314604,0.72,0.71,1.8068649798292271,1.3021141750015273,1.0134264515643414,-45.60189783434965,134.99663457217878,134.99663457217878,199.52516305657574,199.52516305657574,326.18629173989524,-126.52629554850427,,,2.360611510791361,8.545414303436365,12.639351653156384,,
1610721000,21.845,21.85,21.165,21.375,19.46055194036386,20.390553689333395,19.46055194036386,20.390553689333395,0,0,0,0,0,22.388749999999998,17.821250000000003,23.737499999999997,16.472500000000004,19.17,18.559946323462515,17.430053676537486,,,,,95496998,0.74,0.71,1.4027993623820232,0.7668449715248262,0.9950699085330758,-93.37531461319233,152.41681221731716,152.41681221731716,187.25716750759392,187.25716750759392,326.18629173989524,-126.52629554850427,,,4.833633093525177,8.399854255988867,12.623755811878398,,
1611066600,21.635,21.955,21.565,21.805,19.46477011830519,20.436875113281104,19.46477011830519,20.436875113281104,0,0,0,0,0,22.388749999999998,17.821250000000003,23.737499999999997,16.472500000000004,19.17,18.55721140996904,17.432788590030963,,,,,55619472,0.74,0.71,1.630924338446474,0.8340952455000731,1.055910654328467,-58.6310115013066,161.8930026387154,161.8930026387154,180.84538348151185,180.84538348151185,326.18629173989524,-126.52629554850427,,,3.0350719424460304,8.189470635849933,12.604597602349063,,
1611153000,21.99,22.045,21.67,21.885,19.46918756062626,20.48545648138773,19.46918756062626,20.48545648138773,0,0,0,0,0,22.388749999999998,17.821250000000003,23.737499999999997,16.472500000000004,19.17,18.55377879985582,17.436221200144182,,,,,50725614,0.72,0.71,1.1392763986312722,0.4905261752395299,1.257118382313491,-49.51063193443662,166.75364688084983,166.75364688084983,176.47493536511868,176.47493536511868,326.18629173989524,-126.52629554850427,,,2.5629496402877554,7.968822753671024,12.584534369657632,,
1611239400,21.765,21.875,20.9475,21.145,19.472167056009624,20.504082697803895,19.472167056009624,20.504082697803895,0,0,0,0,0,22.388749999999998,17.821250000000003,23.737499999999997,16.472500000000004,19.17,18.56102903691252,17.428970963087483,,,,,59990096,0.7,0.71,0.3789972330948715,0.4142481229359099,1.0778878966459664,-112.26752943027988,136.86594215927673,136.86594215927673,156.79107864032545,156.79107864032545,326.18629173989524,-126.52629554850427,,,5.811600719424447,7.88422581115155,12.571002034692132,,
1611325800,20.68,21.0925,20.51,21.035,19.474275213739872,20.50499318024296,19.474275213739872,20.50499318024296,0,0,0,0,0,22.388749999999998,17.821250000000003,23.737499999999997,16.472500000000004,19.17,18.558750493782245,17.431249506217757,,,,,50444690,0.72,0.72,0.1580126896885616,0.28184153715461957,1.0189235949825757,-146.5306564121349,77.61709580329332,77.61709580329332,130.3997510279814,130.3997510279814,261.7177384548991,-126.52629554850427,,,7.778776978417253,7.880090562809029,12.56142715945482,,
1611585000,20.805,20.885,20.44,20.82,19.476240697828306,20.503150310429508,19.476240697828306,20.503150310429508,0,0,0,0,0,22.388749999999998,17.821250000000003,23.737499999999997,16.472500000000004,19.17,18.55422392206124,17.43577607793876,,,,,81823280,0.72,0.72,0.05814999622421992,0.2004634910704659,1.0076821534793625,-117.9118545245532,23.30057843955108,23.30057843955108,94.70002683183797,94.70002683183797,173.74053771861207,-126.5262955485043,,,8.093525179856103,7.888460547791267,12.552500282372703,,
1611671400,21.005,21.32,20.365,20.375,19.47805390322725,20.498467945314626,19.47805390322725,20.498467945314626,0,0,0,0,0,22.388749999999998,17.821250000000003,23.737499999999997,16.472500000000004,19.17,18.556985139407086,17.43301486059292,,,,,54999682,0.75,0.72,-0.34255233399751445,-0.12879247215071477,0.7301961368813774,-122.82484846307645,-20.58635328089334,-20.58635328089334,56.27123346092754,56.27123346092754,173.74053771861207,-126.5262955485043,,,8.430755395683454,7.90972701241449,12.544265027853843,,
1611757800,20.04,20.66,19.755,20.1,19.47865689243159,20.470286849419935,19.47865689243159,20.470286849419935,0,0,0,0,0,22.388749999999998,17.821250000000003,23.737499999999997,16.472500000000004,19.17,18.550677995415143,17.43932200458486,,,,,99866662,0.75,0.72,-0.8365511867114225,-0.14086677484732,0.6641308560785733,-160.57049907332424,-70.09568019587522,-70.09568019587522,14.148928908659961,14.148928908659961,173.74053771861207,-126.5262955485043,,,11.173561151079134,8.037720508048398,12.541526358769378,,
1611844200,20.265,20.58,20.08,20.335,19.479901534005155,20.455828541599544,19.479901534005155,20.455828541599544,0,0,0,0,0,22.388749999999998,17.821250000000003,23.737499999999997,16.472500000000004,19.17,18.54932239507961,17.44067760492039,,,,,57248194,0.74,0.71,-0.6386139991228647,0.15707409418890125,0.7635132778197123,-139.57033319854344,-103.55388981288988,-103.55388981288988,-25.08534399852332,-25.08534399852332,173.74053771861207,-126.5262955485043,,,9.712230215827338,8.103387555412278,12.53587341942284,,
1611930600,20.05,20.31,19.5875,19.66,19.48016951295819,20.422816638007404,19.48016951295819,20.422816638007404,0,0,0,0,0,22.388749999999998,17.821250000000003,23.737499999999997,16.472500000000004,19.17,18.54566781728347,17.444332182716533,,,,,63066180,0.75,0.72,-1.2560719988263345,-0.17613592992646268,0.8297610777551796,-179.41770381954984,-141.04086950889814,-141.04086950889814,-63.737185835314925,-63.737185835314925,173.74053771861207,-161.77056842394617,,,11.926708633093526,8.253321715321347,12.534656306962642,,
1612189800,19.9,20,19.47,19.8,19.480204538906328,20.38653755416398,19.480204538906328,20.38653755416398,0,0,0,0,0,24.372500000000002,18.027499999999996,26.245,16.154999999999998,19.9,18.813284769908346,17.701715230091654,,,,,61021400,0.73,0.71,-0.8046184857450046,-0.10335348111775962,0.9157373109992964,-179.41770381954984,-167.50014609007556,-167.50014609007556,-98.32483925356846,-98.32483925356846,173.74053771861207,-161.77056842394617,,,12.45503597122302,8.418094823395922,12.534497225372753,,
1612276200,20.275,20.495,20.0125,20.015,19.481312571795627,20.372742944196762,19.481312571795627,20.372742944196762,0,0,0,0,0,24.372500000000002,18.027499999999996,26.245,16.154999999999998,19.9,18.952542557766925,17.832457442233075,,,,,63929012,0.73,0.71,-0.8961313790110927,-0.006291508192346658,1.1828079985347033,-144.279037999295,-160.54712362857356,-160.54712362857356,-119.06560071190349,-119.06560071190349,173.74053771861207,-161.77056842394617,,,10.01573741007194,8.480747473853805,12.529464738229295,,
1612362600,20.12,20.9245,20.045,20.87,19.48248267654728,20.360751064032183,19.48248267654728,20.360751064032183,0,0,0,0,0,24.372500000000002,18.027499999999996,26.245,16.154999999999998,19.9,19.006633984143146,17.87836601585685,,,,,74385684,0.73,0.7,-0.5060250622672584,0.3741205325780682,1.3897290852257722,-142.1739566367911,-118.00992119212074,-118.00992119212074,-115.89856215255526,-115.89856215255526,173.74053771861207,-161.77056842394617,,,9.869604316546749,8.535212448077058,12.524150331792367,,
1612449000,21.025,21.105,20.6525,21.1,19.484852091778954,20.37281474779563,19.484852091778954,20.37281474779563,0,0,0,0,0,24.372500000000002,18.027499999999996,26.245,16.154999999999998,19.9,19.00616639946343,17.878833600536566,,,,,48327800,0.72,0.7,-0.0232112791560071,0.6721422989084952,1.44796554573803,-102.82512809152894,-99.51471490814092,-99.51471490814092,-62.524302340181286,-62.524302340181286,173.74053771861207,-161.77056842394617,,,7.138039568345318,8.480421354754244,12.513388871725539,,
1612535400,21.43,21.5,21.2175,21.28,19.488334355331844,20.406340640038938,19.488334355331844,20.406340640038938,0,0,0,0,0,24.372500000000002,18.027499999999996,26.245,16.154999999999998,19.9,19.01641732364015,17.888582676359846,,,,,48196458,0.73,0.7,0.12702668423912952,0.8515365338851214,1.3734191130547047,-66.22909825107914,-70.1167116947361,-70.1167116947361,-11.320705267926442,-11.320705267926442,173.74053771861207,-161.77056842394617,,,4.597571942446031,8.32815275035,12.49757305368502,,
1612794600,21.59,22.27405,21.57,22.17,19.49250691406245,20.452237085527607,19.49250691406245,20.452237085527607,0,0,0,0,0,24.372500000000002,18.027499999999996,26.245,16.154999999999998,19.9,19.022036455516876,17.882963544483125,,,,,62368242,0.76,0.69,0.701448884579431,0.9811905326780807,1.7165554619379535,-43.397061934692445,-32.885914187111595,-32.885914187111595,41.57568082813741,41.57568082813741,173.74053771861207,-161.77056842394617,,,3.012589928057546,8.119699306338532,12.478622038449002,,
1612881000,21.995,22.065,21.6425,21.935,19.496814542605783,20.499148376291227,19.496814542605783,20.499148376291227,0,0,0,0,0,24.372500000000002,18.027499999999996,26.245,16.154999999999998,19.9,19.047150210635255,17.911299789364744,,,,,64798726,0.76,0.7,0.8340010366084848,0.9486236217668986,1.6875659860657974,-38.70111120295345,4.668718106667896,4.668718106667896,79.77798269422689,79.77798269422689,173.74053771861207,-161.77056842394617,,,2.686600719424461,7.906636616655628,12.459057560289112,,
1612967400,22.01,22.375,21.87,22.355,19.60217979587195,20.654938957934416,19.60217979587195,20.654938957934416,0,0,0,0,0,24.372500000000002,18.027499999999996,26.245,16.154999999999998,19.9,19.842260651729006,18.827739348270995,,,,,58450988,0.79,0.7,1.2202017080322813,1.1322211043507444,1.9582083927100309,-31.25268772569943,40.81328945743292,40.81328945743292,113.10243215896298,113.10243215896298,173.74053771861207,-161.77056842394617,,,2.169537016327441,7.6816523186035415,12.438499077683794,,
1613053800,22.285,22.29,21.5425,22.01,19.606072793282795,20.690063900760517,19.606072793282795,20.690063900760517,0,0,0,0,0,24.372500000000002,18.027499999999996,26.245,16.154999999999998,19.9,19.84018547301599,18.829814526984013,,,,,49632686,0.73,0.69,0.895143782982449,1.0654379883645926,1.818016266293281,-52.35630675697077,69.74928629793683,69.74928629793683,127.62127997894466,127.62127997894466,173.74053771861207,-161.77056842394617,,,3.6345336613732946,7.5229417830258845,12.420908737191665,,
1613140200,21.8525,22.355,21.815,22.335,19.610497023466046,20.734390806613046,19.610497023466046,20.734390806613046,0,0,0,0,0,24.372500000000002,18.027499999999996,26.245,16.154999999999998,19.9,19.83958036104796,18.83041963895204,,,,,47400868,0.72,0.69,1.5018717717908237,1.0754766515362197,1.7647239343090506,-34.79680695232513,101.75260004640329,101.75260004640329,165.7592275433362,165.7592275433362,173.74053771861207,-161.77056842394617,,,2.4155669872511703,7.322652575348445,12.400918044384591,,
1613485800,22.85,23.16,22.7325,22.895,20.089496267617548,21.29402355669248,20.089496267617548,21.29402355669248,0,0,0,0,0,24.372500000000002,18.027499999999996,26.245,16.154999999999998,19.9,20.315629871439594,19.294370128560406,,,,,76593396,0.75,0.7,1.7228336727432856,1.3247229316248985,1.9827168899845666,-10.224286853479502,136.03951716052651,136.03951716052651,204.61335138877297,204.61335138877297,173.74053771861207,-161.77056842394617,224.61335138877297,,0.7097619567591084,7.0633235314821965,12.377559091162562,,
1613572200,23.13,23.3825,22.795,23.235,20.392651718594383,21.656881805384117,20.392651718594383,21.656881805384117,0,0,0,1,0,24.372500000000002,18.027499999999996,26.245,16.154999999999998,19.9,20.914238358002336,19.873261641997665,,,,,69070750,0.78,0.7,1.79903857270921,1.4473811982239322,2.0157727359004496,-27.279116956735066,166.75407423859025,166.75407423859025,228.18318839471772,228.18318839471772,173.74053771861207,-161.77056842394617,248.18318839471772,,1.893694856896913,6.86059299522395,12.356612309475718,,
1613658600,23.135,23.18,22.6375,22.71,20.397148868007783,21.69557173458474,20.397148868007783,21.69557173458474,0,0,0,0,0,24.372500000000002,18.027499999999996,26.245,16.154999999999998,19.9,20.896223839462333,19.891276160537668,,,,,61360116,0.73,0.7,0.9815279823466648,0.933504589896549,1.6758018110786501,-37.04380086738475,184.9820990476425,184.9820990476425,221.43814866574695,221.43814866574695,173.74053771861207,-161.77056842394617,241.43814866574695,,2.5715515386270718,6.69239529104368,12.33706173850499,,
1613745000,22.74,23.18,22.7125,23.09,20.401785383756017,21.73565617636573,20.401785383756017,21.73565617636573,0,0,0,0,0,24.372500000000002,18.027499999999996,26.245,16.154999999999998,19.9,20.897039008859636,19.890460991140365,,,,,54404174,0.71,0.7,1.049188908188833,0.834473069650723,1.8534921275602405,-32.39395138612311,193.56167835342848,193.56167835342848,210.72083696500047,210.72083696500047,173.74053771861207,-161.77056842394617,230.72083696500047,,2.2487626425650995,6.518135187181775,12.316905296754861,,
1614004200,23.245,24.2325,23.205,23.89,20.981381813134718,22.382250531538787,20.981381813134718,22.382250531538787,0,0,0,0,0,24.372500000000002,18.027499999999996,26.245,16.154999999999998,19.9,21.330856417650104,20.3066435823499,,,,,75643042,0.72,0.7,1.3598777881548048,0.974015107342703,2.0244950530114467,-41.304248973084505,204.48117269175512,204.48117269175512,226.3201613684084,226.3201613684084,173.74053771861207,-161.77056842394617,246.3201613684084,,2.867308497279206,6.374965513067949,12.298024983469196,,
1614090600,24.175,24.355,23.255,24.285,21.33216053551491,22.77243804345288,21.33216053551491,22.77243804345288,0,0,0,1,0,24.372500000000002,18.027499999999996,26.245,16.154999999999998,19.9,21.586185334472834,20.54966466552717,,,,,98366090,0.77,0.7,1.0637862477087008,1.1113350532348394,2.2235741528282618,-61.096935160540134,215.3790948812821,215.3790948812821,237.17493926033606,237.17493926033606,173.74053771861207,-161.77056842394617,257.17493926033603,,4.241301214741615,6.291292403329661,12.281927633281928,,
1614177000,24.445,25.29,24.24,25.145,22.09191080064086,23.605155392482658,22.09191080064086,23.605155392482658,0,0,0,1,0,24.372500000000002,18.027499999999996,26.245,16.154999999999998,19.9,22.26740035205946,21.18759964794054,,,,,77748870,0.78,0.7,1.623479743164046,1.251463416609628,2.3954127992873153,-52.52131463937811,225.29303188186344,225.29303188186344,245.12090588302615,245.12090588302615,178.10914362638545,-161.77056842394617,265.1209058830261,,3.599125074567513,6.18571721396644,12.26457937642136,,
1614263400,25.405,25.405,24.49,24.66,22.096715274565653,23.640112043757846,22.096715274565653,23.640112043757846,0,0,0,1,0,24.372500000000002,18.027499999999996,26.245,16.154999999999998,19.9,22.39256875786435,21.354931242135656,,,,,75887836,0.76,0.7,1.148831846666692,0.8539628873182569,2.2158807404019183,-38.01266418651125,230.0907875905376,230.0907875905376,239.68629900788588,239.68629900788588,178.10914362638545,-161.77056842394617,259.68629900788585,,2.6048916285543893,6.045292681205183,12.245279301001046,,
1614349800,24.33,24.4,23.365,24.075,22.09928487441667,23.630021375375186,22.09928487441667,23.630021375375186,0,0,0,0,0,24.372500000000002,18.027499999999996,26.245,16.154999999999998,19.9,22.382003250214026,21.36549674978598,,,,,90308814,0.7,0.71,1.0399417783364295,0.7332799952780942,2.198016645184103,-103.30159122441214,202.8666889955827,202.8666889955827,221.01608805888597,221.01608805888597,178.10914362638545,-161.77056842394617,241.01608805888597,,7.078942135613446,6.085827953927075,12.23495694902225,,
1614609000,24.71,25.04,24.53,24.7,22.10415373580645,23.665555831242827,22.10415373580645,23.665555831242827,0,0,0,0,0,28.372500000000002,21.7425,31.340000000000003,18.775,24.71,22.380386345643,21.367113654357002,,,,,69391580,0.72,0.69,1.1750209473704483,0.7086635859738621,2.484747096804195,-35.6912801140524,185.6933032180628,185.6933032180628,209.24182644527824,209.24182644527824,178.10914362638545,-161.77056842394617,,,2.4458142771922784,5.943082319545319,12.215398222405208,,
1614695400,24.79,24.99,24.55,24.565,22.109052429641,23.70047324962546,22.109052429641,23.70047324962546,0,0,0,0,0,28.372500000000002,21.7425,31.340000000000003,18.775,24.71,22.379231484906033,21.36826851509397,,,,,74468008,0.72,0.69,0.8108928533750034,0.9578810506664375,2.3832768297140725,-34.530588077823076,171.64031816645925,171.64031816645925,196.70799035233858,196.70799035233858,178.10914362638545,-161.77056842394617,,,2.3662756015112305,5.802815389426335,12.195719655730095,,
1614781800,24.745,25.49,24.74,24.925,22.114317160051307,23.74139782807152,22.114317160051307,23.74139782807152,0,0,0,0,0,28.372500000000002,21.7425,31.340000000000003,18.775,24.71,22.394621966766067,21.43787803323393,,,,,82574436,0.73,0.68,0.8085484849268022,0.9183324178314578,2.592424269904715,-23.50401373364439,170.27594129051192,170.27594129051192,187.8973073317297,187.8973073317297,178.10914362638545,-161.77056842394617,,,1.6106581825412654,5.638417067587705,12.17457068175769,,
1614868200,25.15,25.98,24.915,25.52,22.44906797934954,24.127841079033274,22.44906797934954,24.127841079033274,0,0,0,0,0,28.372500000000002,21.7425,31.340000000000003,18.775,24.71,22.647749913918652,21.67475008608135,,,,,107573830,0.78,0.68,1.3813553557484568,1.0705660505632386,2.497927353681474,-34.595001482850975,176.15504909133767,176.15504909133767,183.98322125159902,183.98322125159902,178.10914362638545,-161.77056842394617,,,2.3706896551724155,5.510270894551811,12.154982507878398,,
1614954600,26.245,26.535,25.59,26.475,23.29376348504653,25.053022880787765,23.29376348504653,25.053022880787765,0,0,0,0,0,28.372500000000002,21.7425,31.340000000000003,18.775,24.71,23.01791045053423,22.024589549465773,,,,,112395764,0.79,0.68,1.631042294394228,1.61915854040514,2.7530723408420363,-48.78046668011997,186.99333278059868,186.99333278059868,193.01355583859802,193.01355583859802,178.10914362638545,-161.77056842394617,,,3.3427762039660114,5.425271102764132,12.137375702076374,,
1615213800,26.735,26.875,26.14,26.525,23.3433620665234,25.141259435451037,23.3433620665234,25.141259435451037,0,0,0,0,0,28.372500000000002,21.7425,31.340000000000003,18.775,24.71,23.19151739593967,22.19098260406033,,,,,100610096,0.78,0.68,1.2271037475047735,1.6764322749811345,3.006017824884519,-21.180879324467355,192.34023933700945,192.34023933700945,203.03405244983097,203.03405244983097,178.10914362638545,-161.77056842394617,223.03405244983097,,1.4514608859566374,5.269435407987367,12.116025222923287,,
1615300200,26.375,26.75575,25.87375,26.06,23.348430798658217,25.17023994778629,23.348430798658217,25.17023994778629,0,0,0,0,1,28.372500000000002,21.7425,31.340000000000003,18.775,24.71,23.17604620789789,22.20645379210211,,,,,118889538,0.74,0.67,0.8127165267603836,1.6157299530524358,2.9733585528160673,-35.828695220933454,193.73162270504218,193.73162270504218,196.51438944110762,196.51438944110762,178.10914362638545,-161.77056842394617,,,2.455230914231847,5.159074447447935,12.096722936592236,,
1615386600,26.1,26.81,25.975,26.72,23.524997899055045,25.379875242621747,23.524997899055045,25.379875242621747,0,0,0,0,1,28.372500000000002,21.7425,31.340000000000003,18.775,24.71,23.17303079775277,22.20946920224723,,,,,78416538,0.73,0.67,0.6948721976196134,1.9945705348337477,3.4336658021366864,-40.68726222302625,194.84410143700111,194.84410143700111,197.06905890091898,197.06905890091898,178.10914362638545,-161.77056842394617,,,2.788173652694601,5.066097945692903,12.07812443652451,,
1615473000,26.775,27.1825,26.67,26.73,23.540069493078015,25.439617867594727,23.540069493078015,25.439617867594727,0,0,0,0,1,28.372500000000002,21.7425,31.340000000000003,18.775,24.71,23.329318573292056,22.36068142670794,,,,,50797398,0.75,0.66,0.931261676526418,2.112765524544113,3.2241433819820684,-3.275600589336292,203.82117313703333,203.82117313703333,221.77531653709772,221.77531653709772,178.10914362638545,-161.77056842394617,241.77531653709772,,0.224466891133553,4.8762300612003795,12.054440805065187,,
1615559400,26.78,27.02465,26.5825,26.785,23.59449190230729,25.534808338352818,23.59449190230729,25.534808338352818,0,0,0,0,1,28.372500000000002,21.7425,31.340000000000003,18.775,24.71,23.32932569041928,22.360674309580713,,,,,59786740,0.75,0.66,1.2550608930764975,2.0418165181075136,3.2157516795762042,-11.03245147157902,214.67334006898068,214.67334006898068,236.37767393287535,236.37767393287535,178.10914362638545,-161.77056842394617,256.3776739328754,,0.7560201605376164,4.71465320235086,12.031866538043154,,
1615815000,26.725,26.8,26.16,26.48,23.599630280124856,25.55957075645663,23.599630280124856,25.55957075645663,0,0,0,0,1,28.372500000000002,21.7425,31.340000000000003,18.775,24.71,23.32557185866877,22.364428141331224,,,,,60491700,0.74,0.67,0.8057110182786889,2.239218572072777,2.918691948470401,-34.05077614684873,214.87560063912585,214.87560063912585,215.28012177941622,215.28012177941622,178.10914362638545,-161.77056842394617,235.28012177941622,,2.333395557214859,4.621270549600428,12.012488973645894,,
1615901400,26.04,26.065,25.565,25.725,23.603581468376355,25.560262099340683,23.603581468376355,25.560262099340683,0,0,0,0,0,28.372500000000002,21.7425,31.340000000000003,18.775,24.71,23.332673508782218,22.35732649121778,,,,,77287070,0.77,0.67,0.5241686498717253,1.917751622585898,2.7465383656154123,-66.46711503864866,153.9116317457087,153.9116317457087,194.55427767465346,194.55427767465346,178.10914362638545,-161.77056842394617,,,4.5547881276834,4.618663395799761,11.99758847245516,,
1615987800,25.65,26.05,25.43,25.925,23.6072577291788,25.5556851542685,23.6072577291788,25.5556851542685,0,0,0,0,0,28.372500000000002,21.7425,31.340000000000003,18.775,24.71,23.319331586242136,22.370668413757862,,,,,64552256,0.76,0.68,0.4470637152634158,1.8996598725501614,2.798641031828631,-73.82208268636808,95.93323844085901,95.93323844085901,161.6805979300553,161.6805979300553,178.10914362638545,-161.77056842394617,,,5.058801568041816,4.635923716279842,11.983724762356433,,
1616074200,25.695,25.81,24.655,24.76,23.609393677771852,25.521199461944246,23.609393677771852,25.521199461944246,0,0,0,0,0,28.372500000000002,21.7425,31.340000000000003,18.775,24.71,23.33836054281641,22.351639457183584,,,,,87207100,0.77,0.68,-0.3292088863581057,1.18961149572611,2.486044786059023,-116.0450451084604,33.00046731186949,33.00046731186949,118.78722105732672,118.78722105732672,178.10914362638545,-161.77056842394617,,,7.952212058988235,4.765974239523308,11.975669791920133,,
1616160600,24.75,25.175,24.43,24.765,23.61108030379029,25.479330855593492,23.61108030379029,25.479330855593492,0,0,0,0,0,28.372500000000002,21.7425,31.340000000000003,18.775,24.71,23.33787319257767,22.352126807422326,,,,,81158504,0.77,0.68,-0.7143413584206584,1.1091149263686866,2.6250838837460755,-128.30332452132603,-21.72393625145427,-21.72393625145427,71.9501686210664,71.9501686210664,178.10914362638545,-161.77056842394617,,,8.79223445958559,4.923866797172809,11.969309281765618,,
1616419800,24.45,24.5425,24.22,24.27,23.612348175311187,25.430951214197666,23.612348175311187,25.430951214197666,0,0,0,0,0,28.372500000000002,21.7425,31.340000000000003,18.775,24.71,23.341917159321195,22.3480828406788,,,,,59561740,0.77,0.7,-0.9463773243002254,0.9030506499205252,1.7374808417893355,-139.74438530666728,-71.58178198515108,-71.58178198515108,24.10618508566057,24.10618508566057,178.10914362638545,-161.77056842394617,,,9.576255366809788,5.106313407746808,11.96452795526221,,
1616506200,23.78,24.45,23.63,23.915,23.61244648065522,25.361562931287956,23.61244648065522,25.361562931287956,0,0,0,0,0,28.372500000000002,21.7425,31.340000000000003,18.775,24.71,23.341247988762795,22.348752011237202,,,,,103196216,0.78,0.7,-0.9159134227731699,0.505674029182629,1.4888966840544668,-171.88831798929246,-111.02488847744563,-111.02488847744563,-20.937506102041496,-20.937506102041496,178.10914362638545,-161.77056842394617,,,11.778980772820614,5.367986637749702,11.964157231620968,,
1616592600,24.28,24.845,24.28,24.515,23.613830303870696,25.320131051629605,23.613830303870696,25.320131051629605,0,0,0,0,0,28.372500000000002,21.7425,31.340000000000003,18.775,24.71,23.44504191044628,22.462458089553714,,,,,81630716,0.77,0.71,-0.9292366760532516,0.7646728004011716,1.6945061381934656,-136.47551079656967,-122.81639674201426,-122.81639674201426,-54.89713631536575,-54.89713631536575,178.10914362638545,-161.77056842394617,,,9.352249393317152,5.524232236007249,11.95893863454144,,
1616679000,24.105,24.675,23.715,24.605,23.614093779787037,25.25838865744805,23.614093779787037,25.25838865744805,0,0,0,0,0,28.372500000000002,21.7425,31.340000000000003,18.775,24.71,23.441246595394734,22.466253404605265,,,,,80670260,0.76,0.7,-0.8986409068924562,0.6568609212541745,1.904145260992247,-167.25741243332098,-128.06668600404825,-128.06668600404825,-79.28698621159324,-79.28698621159324,178.10914362638545,-161.77056842394617,,,11.461638977039389,5.757071716047725,11.957945028832144,,
1616765400,25.05,25.25,24.765,25.215,23.616433652354896,25.23983223950891,23.616433652354896,25.23983223950891,0,0,0,0,0,28.372500000000002,21.7425,31.340000000000003,18.775,24.71,23.44208418324386,22.46541581675614,,,,,72348626,0.75,0.7,-0.6610738123083457,0.9481767800607181,1.8364338676115397,-110.05210850661507,-94.20149797857273,-94.20149797857273,-84.25849013391974,-84.25849013391974,178.10914362638545,-161.77056842394617,,,7.541534440918422,5.827050646434811,11.949121031653496,,
1617024600,25,25.13,24.61,24.915,23.618462256446094,25.21598587717523,23.618462256446094,25.21598587717523,0,0,0,0,0,28.372500000000002,21.7425,31.340000000000003,18.775,24.71,23.44357082863104,22.46392917136896,,,,,47286140,0.76,0.71,-0.668641542298382,0.7545188883751629,1.4328553931006514,-118.49670099103362,-77.22571929903684,-77.22571929903684,-63.16017762927105,-63.16017762927105,178.10914362638545,-161.77056842394617,,,8.120216539107712,5.916978720657278,11.94147087282723,,
1617111000,24.66,24.965,24.515,24.7,23.620298895294354,25.189386431011496,23.620298895294354,25.189386431011496,0,0,0,0,0,28.372500000000002,21.7425,31.340000000000003,18.775,24.71,23.444041231869114,22.463458768130888,,,,,53392264,0.76,0.7,-0.4505676026796872,0.51471569398023,1.3349896805006345,-123.67241896535457,-67.06015838991375,-67.06015838991375,-46.72903657166758,-46.72903657166758,178.10914362638545,-161.77056842394617,,,8.474892663804367,6.017289071368928,11.934544642639372,,
1617197400,24.65,24.76,24.4325,24.53,23.621968677721338,25.16062715920712,23.621968677721338,25.16062715920712,0,0,0,0,0,28.372500000000002,21.7425,31.340000000000003,18.775,24.71,23.45941497171443,22.47808502828557,,,,,48097392,0.75,0.7,-0.6079519798358579,0.3635635193454967,1.4503018244531511,-128.16712141673858,-60.22582427722333,-60.22582427722333,-46.55715605184249,-46.55715605184249,178.10914362638545,-161.77056842394617,,,8.782900877356727,6.125744436309627,11.928247652099346,,
1617283800,24.64,25.165,24.51,25.155,23.623788420622994,25.136004525512725,23.623788420622994,25.136004525512725,0,0,0,0,0,28.958750000000002,22.86375,30.735000000000003,21.0875,24.64,23.462041890334906,22.475458109665094,,,,,65039506,0.75,0.7,0.17982580721413358,0.700658935717587,1.4935557613352188,-123.94482517452931,-46.4443577911445,-46.4443577911445,-18.881424818986822,-18.881424818986822,178.10914362638545,-161.77056842394617,,,8.493559828262082,6.2185999418763895,11.921385138964807,,
1617629400,25.105,25.11,24.41,24.555,23.625406725476893,25.108465132355363,23.625406725476893,25.108465132355363,0,0,0,0,0,28.958750000000002,22.86375,30.735000000000003,21.0875,24.64,23.467490343467745,22.47000965653226,,,,,53372286,0.76,0.7,-0.09550807420066751,0.41258381771333624,1.3943929905988741,-129.3929493580252,-36.902847749187245,-36.902847749187245,-17.81982766527273,-17.81982766527273,178.10914362638545,-161.77056842394617,,,8.866903117416465,6.322454968368157,11.915282277782891,,
1617715800,24.675,25.0025,24.45,24.49,23.627100917833584,25.08355865657672,23.627100917833584,25.08355865657672,0,0,0,0,0,28.958750000000002,22.86375,30.735000000000003,21.0875,24.64,23.6785495343273,22.671450465672702,,,,,53257804,0.76,0.71,0.11712364667869714,0.18735537396423166,1.1952532851223678,-127.2136996846269,-34.37552787913573,-34.37552787913573,-29.32088813903271,-29.32088813903271,178.10914362638545,-161.77056842394617,,,8.717565801754716,6.4163808834029235,11.908893233874743,,
1617802200,24.5,24.7,24.41,24.575,23.62871260431144,25.058075964161947,23.62871260431144,25.058075964161947,0,0,0,0,0,28.958750000000002,22.86375,30.735000000000003,21.0875,24.64,23.819206300653853,22.83329369934615,,,,,49888690,0.75,0.7,0.3589891994918065,0.08968237379387473,0.9508807258855444,-129.3929493580252,-43.82805917624523,-43.82805917624523,-37.526371644838896,-37.526371644838896,178.10914362638545,-161.77056842394617,,,8.866903117416465,6.51247979454071,11.902815331544156,,
1617888600,24.4,24.405,23.975,24.255,23.62946063107605,25.016704357724226,23.62946063107605,25.016704357724226,0,0,0,0,0,28.958750000000002,22.86375,30.735000000000003,21.0875,24.64,23.815097975393687,22.837402024606316,,,,,63766654,0.77,0.71,-0.1378583119804309,-0.2656251822485505,1.0058912544482677,-153.0922895562318,-71.57015059387778,-71.57015059387778,-48.87429796118519,-48.87429796118519,178.10914362638545,-161.77056842394617,,,10.490946425238,6.66849809378374,11.89999441464844,,
1617975000,24.25,24.46,23.985,24.095,23.630226943501473,24.977343402519352,23.630226943501473,24.977343402519352,0,0,0,0,0,28.958750000000002,22.86375,30.735000000000003,21.0875,24.64,23.81456385851994,22.837936141480064,,,,,44373484,0.79,0.71,-0.27221175428442174,-0.17372199810822872,1.0440602427166563,-152.54747713788234,-101.08068265315842,-101.08068265315842,-66.27642619184293,-66.27642619184293,178.10914362638545,-161.77056842394617,,,10.453612096322571,6.816933937020557,11.89710453988655,,
1618234200,24.305,24.48,23.82,23.905,23.630665351206765,24.93312013183232,23.630665351206765,24.93312013183232,0,0,0,0,0,28.958750000000002,22.86375,30.735000000000003,21.0875,24.64,23.815381159637912,22.83711884036209,,,,,39196268,0.81,0.7,-0.6877296063049947,-0.053966890571674635,1.3263890205495943,-161.53688204065037,-126.6365919516767,-126.6365919516767,-86.39648144512086,-86.39648144512086,178.10914362638545,-161.77056842394617,,,11.06962852342729,6.983706273742389,11.895451241152365,,
1618320600,23.865,24.06,23.69,23.93,23.630845740115443,24.885584048231053,23.630845740115443,24.885584048231053,0,0,0,0,0,28.958750000000002,22.86375,30.735000000000003,21.0875,24.64,23.813802218658907,22.838697781341097,,,,,44825332,0.8,0.7,-0.5421374516176736,-0.24681253664010194,1.35286253688992,-161.51096874798745,-148.39276569835255,-148.39276569835255,-107.06190952953142,-107.06190952953142,178.10914362638542,-147.44228993536288,,,11.554974799327978,7.162971706118295,11.894770968541328,,
1618407000,24.14,24.9175,24.115,24.595,23.63186642794738,24.856412124771012,23.63186642794738,24.856412124771012,0,0,0,0,0,28.958750000000002,22.86375,30.735000000000003,21.0875,24.64,23.81024062504851,22.842259374951492,,,,,66767858,0.79,0.71,-0.057992006759272706,0.009618772441844862,1.3189941170774753,-132.00289531213394,-114.27206614316208,-114.27206614316208,-109.4652950674083,-109.4652950674083,178.10914362638542,-147.44228993536288,,,9.968265820421884,7.272983240012554,11.890921807406224,,
1618493400,24.625,24.625,24.295,24.395,23.633241120399035,24.83537243360352,23.633241120399035,24.83537243360352,0,0,0,0,0,28.958750000000002,22.86375,30.735000000000003,21.0875,24.64,23.810298322036363,22.84220167796364,,,,,49686248,0.81,0.7,-0.07572828342486482,-0.1689281272672292,1.2213748959538568,-92.92640412346464,-98.8847898067536,-98.8847898067536,-77.72377928544418,-77.72377928544418,178.10914362638542,-147.44228993536288,,,9.296247899943992,7.352326952166728,11.88573764375495,,
1618579800,24.575,24.635,24.0975,24.2,23.634222406871764,24.807490181305344,23.634222406871764,24.807490181305344,0,0,0,0,0,28.958750000000002,22.86375,30.735000000000003,21.0875,24.64,23.80431638186844,22.848183618131564,,,,,57189010,0.82,0.71,-0.5226004792220168,-0.41107719790631086,0.8774930703206988,-104.18589173965142,-84.53454376363635,-84.53454376363635,-55.83405167740184,-55.83405167740184,178.10914362638542,-147.44228993536288,,,10.033600896023893,7.457474949965048,11.88203707083241,,
1618839000,24.25,24.4275,23.9375,24.175,23.634885249215674,24.774489585960037,23.634885249215674,24.774489585960037,0,0,0,0,0,28.958750000000002,22.86375,30.735000000000003,21.0875,24.64,23.78870572944993,22.863794270550073,,,,,40827884,0.83,0.7,-0.21313668075522754,-0.6907895829475585,1.0030918901395351,-74.88110232043203,-72.68490226726897,-72.68490226726897,-48.985619274534194,-48.985619274534194,178.10914362638542,-147.44228993536288,,,10.630950158670899,7.5819249581495916,11.879537396682238,,
1618925400,24.09,24.125,23.295,23.535,23.63427588807838,24.7178390139616,23.63427588807838,24.7178390139616,0,0,0,0,0,28.958750000000002,22.86375,30.735000000000003,21.0875,24.64,23.793084685787658,22.859415314212345,,,,,72573926,0.8,0.7,-0.5572524013786065,-0.9300205192640463,0.8043468967227092,-122.75524309524316,-71.89102718215473,-71.89102718215473,-70.30327701192627,-70.30327701192627,178.10914362638545,-176.98794685095956,,,13.029680791487767,7.7955624418099125,11.881835385483049,,
1619011800,23.235,23.92,23.125,23.835,23.633331480709593,24.656810033021934,23.633331480709593,24.656810033021934,0,0,0,0,0,28.958750000000002,22.86375,30.735000000000003,21.0875,24.64,23.79422953604989,22.858270463950113,,,,,56991058,0.81,0.71,-0.4408509960282227,-0.721686547054787,0.8838907679114015,-133.62419691096795,-89.00040082410995,-89.00040082410995,-77.59415172947314,-77.59415172947314,178.10914362638545,-176.98794685095956,,,13.664364383050215,8.025711537544826,11.885396881981684,,
1619098200,23.95,23.95785,23.47505,23.555,23.633081366862022,24.611764521923032,23.633081366862022,24.611764521923032,0,0,0,0,0,28.958750000000002,22.86375,30.735000000000003,21.0875,24.64,23.783845194760687,22.868654805239316,,,,,50062894,0.82,0.71,-0.4245818555000049,-1.0061003562872441,0.6495336917054829,-111.24374230394199,-102.44861835193319,-102.44861835193319,-85.87897393695982,-85.87897393695982,178.10914362638545,-176.98794685095956,,,12.357476199365319,8.195584661537787,11.886340097401032,,
1619184600,23.575,23.875,23.435,23.77,23.632752532962197,24.56693061910252,23.632752532962197,24.56693061910252,0,0,0,0,0,28.958750000000002,22.86375,30.735000000000003,21.0875,24.64,23.783874469041695,22.868625530958305,,,,,33904742,0.8,0.7,-0.1987417351918633,-0.9420300830138272,0.766819793042403,-113.80433995288188,-105.46381738645259,-105.46381738645259,-92.40725508679074,-92.40725508679074,178.10914362638545,-176.98794685095956,,,12.507000186671648,8.364659780170488,11.887580177499474,,
1619443800,23.68,24.11,23.68,23.93,23.632908971457777,24.533366673255365,23.632908971457777,24.533366673255365,0,0,0,0,0,28.958750000000002,22.86375,30.735000000000003,21.0875,24.64,23.782636424078092,22.869863575921915,,,,,35891780,0.78,0.71,0.015997258280169877,-0.9413435052057478,1.0511257648365935,-98.1402594537492,-87.6192535848355,-87.6192535848355,-78.04325058092503,-78.04325058092503,178.10914362638545,-176.98794685095956,,,11.592309128243421,8.491234264408643,11.88699022535311,,
1619530200,24.02,24.305,23.91,24.22,23.633520042443877,24.510048372343388,23.633520042443877,24.510048372343388,0,0,0,0,0,28.958750000000002,22.86375,30.735000000000003,21.0875,24.64,23.77799157845687,22.874508421543133,,,,,42268872,0.78,0.7,0.18519648614287276,-0.7530213227956684,1.0046925946137673,-83.43520429129815,-69.11737486186185,-69.11737486186185,-32.11361741591452,-32.11361741591452,178.10914362638545,-176.98794685095956,,,10.733619563188352,8.57917094279216,11.884685788465667,,
1619616600,24.4,25.15,24.38,25.055,23.635059562838595,24.50589157342796,23.635059562838595,24.50589157342796,0,0,0,0,0,28.958750000000002,22.86375,30.735000000000003,21.0875,24.64,23.78433100363522,22.868168996364783,,,,,65873970,0.76,0.71,0.2854140704368476,-0.229468547386164,1.2445306011753956,-52.93841952237246,-38.39114451100407,-38.39114451100407,23.06131619071148,23.06131619071148,201.49203119701718,-176.98794685095956,,,8.978906104162782,8.594846831473362,11.878880034850676,,
1619703000,25.415,25.64495,25.025,25.335,23.63787183144431,24.526938962705295,23.63787183144431,24.526938962705295,0,0,0,0,0,28.958750000000002,22.86375,30.735000000000003,21.0875,24.64,23.7842552312273,22.868244768772705,,,,,66042496,0.76,0.7,0.5879451657708389,-0.2004852432950601,1.3454732284210396,-21.95353775416133,-2.016234261035798,-2.016234261035798,70.73358623890076,70.73358623890076,218.20851688693227,-176.9879468509595,,,6.570841889117049,8.515474088635859,11.86827456403003,,
1619789400,24.975,25.32,24.64,24.695,23.639916942670197,24.532213905344303,23.639916942670197,24.532213905344303,0,0,0,0,0,28.958750000000002,22.86375,30.735000000000003,21.0875,24.64,23.77910647370071,22.873393526299296,,,,,58518964,0.75,0.69,0.31933992776562475,-0.023662764347480644,1.3195060974681119,-49.2184152875549,28.72700717667561,28.72700717667561,90.21349005209842,90.21349005209842,218.20851688693227,-176.9879468509595,,,8.008213552361394,8.49558151858588,11.860562154416305,,
1620048600,24.98,25.44,24.9,25.375,23.642472253474054,24.547376105134724,23.642472253474054,24.547376105134724,0,0,0,0,0,26.904925000000002,23.720025,28.164900000000003,22.46005,24.98,24.060762966006674,23.134237033993326,,,,,45740086,0.77,0.69,0.7752818451739717,0.2221138940975679,1.7231224700684709,-33.58545908479842,55.60463707118468,55.60463707118468,109.35989686020285,109.35989686020285,218.20851688693227,-176.9879468509595,,,7.037521000560021,8.43840267474173,11.850925708554454,,
1620135000,25.425,25.615,25.1,25.39,23.645418063157422,24.569708414737285,23.645418063157422,24.569708414737285,0,0,0,0,0,26.904925000000002,23.720025,28.164900000000003,22.46005,24.98,24.076973448299064,23.150526551700942,,,,,53917512,0.79,0.69,1.233253693209563,0.41687930140689367,1.848889683670738,-20.49269269212984,82.97343011921365,82.97343011921365,137.71101621527157,137.71101621527157,218.20851688693227,-176.9879468509595,,,6.2908344222512556,8.354184311898965,11.839816635055348,,
1620221400,25.705,26.2875,25.705,26.21,23.64955469040386,24.614653182786803,23.64955469040386,24.614653182786803,0,0,0,0,0,26.904925000000002,23.720025,28.164900000000003,22.46005,24.98,24.380200124991706,23.454799875008298,,,,,46924288,0.8,0.69,1.542614154301458,0.8577496144836388,1.8988086949625733,-34.569101167474415,113.09020460641213,113.09020460641213,173.32375358080913,173.32375358080913,218.20851688693227,-176.9879468509595,,,4.032107522867284,8.184691104485958,11.824216816649377,,
1620307800,26.205,26.345,25.7175,26.345,23.65370777793552,24.658320705030455,23.65370777793552,24.658320705030455,0,0,0,0,0,26.904925000000002,23.720025,28.164900000000003,22.46005,24.98,24.667647161800854,23.73235283819915,,,,,58710460,0.8,0.69,1.8510777025599259,0.6735380257178404,1.9910811456400404,-42.73456205481223,139.5709556616788,139.5709556616788,192.5324577722121,192.5324577722121,218.20851688693227,-176.9879468509595,,,3.9854396117229753,8.020014575358,11.808554924132041,,
1620394200,26.075,26.8575,25.98,26.815,23.68481232416177,24.7370137112623,23.68481232416177,24.7370137112623,0,0,0,1,0,26.904925000000002,23.720025,28.164900000000003,22.46005,24.98,24.835029429115625,23.88997057088438,,,,,63196234,0.82,0.71,2.0013662812871997,0.8101710871277829,2.1652986065887134,-55.86919381501658,162.1489350595814,162.1489350595814,207.30489385538655,207.30489385538655,218.20851688693227,-176.9879468509595,227.30489385538655,,3.1139287712101464,7.8276190536267105,11.791183043706623,,
1620653400,27.15,27.57,26.805,26.825,23.699861890153247,24.82698235434948,23.699861890153247,24.82698235434948,0,0,0,1,0,26.904925000000002,23.720025,28.164900000000003,22.46005,24.98,25.018185653956344,24.094314346043653,,,,,68998000,0.82,0.7,1.9242084468426548,0.5863440514120601,2.257112916373956,-1.3376854258525361,180.9575730516236,180.9575730516236,218.574849035708,218.574849035708,218.20851688693227,-176.9879468509595,238.574849035708,,0.0745573159366247,7.52357741685455,11.767773202092696,,
1620739800,26.265,26.64105,25.905,26.135,23.704286142120974,24.86961834045342,23.704286142120974,24.86961834045342,0,0,0,1,0,26.904925000000002,23.720025,28.164900000000003,22.46005,24.98,25.024921832090566,24.087578167909427,,,,,113531824,0.77,0.69,1.248987762897235,0.4465826594487843,1.935654897162469,-61.533529589217856,185.35480420722678,185.35480420722678,194.14926651843317,194.14926651843317,218.20851688693227,-176.9879468509595,,,3.4296365330848024,7.363030715530247,11.751113588368405,,
1620826200,26.27,27.035,26.14,26.26,23.709166389589264,24.91970585651407,23.709166389589264,24.91970585651407,0,0,0,0,0,26.904925000000002,23.720025,28.164900000000003,22.46005,24.98,25.02224687112759,24.090253128872405,,,,,82195522,0.78,0.7,0.7602585726339676,0.5764155706207249,2.032617189561011,-45.81572583545025,168.5900947986956,168.5900947986956,179.76656773771637,179.76656773771637,218.20851688693227,-176.9879468509595,,,2.5535880708294454,7.174425121620412,11.732736914007688,,
1620912600,25.945,26.425,25.59,25.94,23.712948974225448,24.946476215082146,23.712948974225448,24.946476215082146,0,0,0,0,0,26.904925000000002,23.720025,28.164900000000003,22.46005,24.98,25.159959855848943,24.225040144151066,,,,,79698130,0.76,0.7,0.37669627721283727,0.5235013419270638,1.9281847290313818,-82.60207504639583,123.57184063838815,123.57184063838815,161.0349920379403,161.0349920379403,218.20851688693227,-176.9879468509595,,,4.603914259086671,7.073620774070069,11.718493512099753,,
1620999000,26.225,26.845,26.225,26.745,23.717980045206016,24.99684969684363,23.717980045206016,24.99684969684363,0,0,0,0,0,26.904925000000002,23.720025,28.164900000000003,22.46005,24.98,25.585602579809894,24.621897420190102,,,,,57183664,0.78,0.69,1.3031080154217523,0.5728590268297846,1.824667770589932,-40.1305627755768,107.67776045615686,107.67776045615686,143.2492481773458,143.2492481773458,218.20851688693227,-176.9879468509595,,,2.2367194780987805,6.883938370306489,11.699548908635215,,
1621258200,26.65,27.375,26.61,27.365,24.200273648834877,25.543871763793778,24.200273648834877,25.543871763793778,0,0,0,0,0,26.904925000000002,23.720025,28.164900000000003,22.46005,24.98,25.58479719573092,24.62270280426908,,,,,67404126,0.78,0.7,1.2448594653252523,1.0487670985767656,1.7943643747086644,-49.501143283598985,118.2882872210318,118.2882872210318,134.92892785857447,134.92892785857447,218.20851688693227,-176.9879468509595,,,2.758998720993967,6.722176031117763,11.681685671497071,,
1621344600,27.325,27.4225,26.68,26.73,24.205241833352687,25.588694439723433,24.205241833352687,25.588694439723433,0,0,0,0,0,26.904925000000002,23.720025,28.164900000000003,22.46005,24.98,25.590247047265805,24.61725295273419,,,,,70435364,0.75,0.7,0.8345474849976793,0.8350405413102142,1.5239574740395656,-44.911633310285154,119.30499785132135,119.30499785132135,129.7209511894901,129.7209511894901,218.20851688693227,-176.9879468509595,,,2.503197515073995,6.556725893233693,11.6633470338219,,
1621431000,26.105,26.36,25.7,26.065,24.208261629889446,25.593712304832316,24.208261629889446,25.593712304832316,0,0,0,0,0,26.904925000000002,23.720025,28.164900000000003,22.46005,24.98,25.629735334992574,24.652764665007425,,,,,87969634,0.73,0.7,-0.08698172996309776,0.5503756029847401,1.3551431722353309,-109.16477293667865,85.41657333800909,85.41657333800909,114.95282523899644,114.95282523899644,218.20851688693227,-176.9879468509595,,,6.084414397953587,6.538203873810944,11.652200315268717,,
1621517400,26.055,26.145,25.655,26.025,24.21118638187768,25.596786332093796,24.21118638187768,25.596786332093796,0,0,0,0,0,26.904925000000002,23.720025,28.164900000000003,22.46005,24.98,25.837928758092936,24.857071241907065,,,,,56522656,0.76,0.71,-0.1910923135854629,0.662830986849389,1.2440224495400047,-112.1151722052374,44.22578003584867,44.22578003584867,91.37714350461385,91.37714350461385,218.20851688693227,-176.9879468509595,,,6.248858030330704,6.5268569779881895,11.641404426587522,,
1621603800,26.285,26.4675,26.06,26.08,24.214906389106694,25.615463338678353,24.214906389106694,25.615463338678353,0,0,0,0,0,26.904925000000002,23.720025,28.164900000000003,22.46005,24.98,25.826882028749203,24.8681179712508,,,,,50539780,0.74,0.71,-0.43171243935292647,0.7491313601684106,1.0393997575973488,-85.56157878820761,16.638965092560213,16.638965092560213,66.46441736726264,66.46441736726264,218.20851688693227,-176.9879468509595,,,4.768865338936597,6.457916129397931,11.627673079759049,,
1621863000,26.26,26.4,25.96595,26.34,24.2184329307868,25.629756560690964,24.2184329307868,25.629756560690964,0,0,0,0,0,26.904925000000002,23.720025,28.164900000000003,22.46005,24.98,25.825250251948173,24.869749748051827,,,,,48020388,0.72,0.7,-0.28497656544472993,0.9269508994973239,1.1529500058731121,-91.72791325949565,2.225968100220154,2.225968100220154,45.05160094491515,45.05160094491515,218.20851688693227,-176.9879468509595,,,5.112552530604784,6.405156772582513,11.614655855884616,,
1621949400,26.275,26.345,25.765,25.805,24.2215549429131,25.635687675957985,24.2215549429131,25.635687675957985,0,0,0,0,0,26.904925000000002,23.720025,28.164900000000003,22.46005,24.98,25.817764195958066,24.877235804041938,,,,,48558506,0.7,0.7,-0.19801299689619598,0.7094147393180062,0.8379261766672779,-104.90308510431574,-44.12547215732053,-44.12547215732053,15.325909910836593,15.325909910836593,218.20851688693227,-176.9879468509595,,,5.846884706742181,6.383263750392697,11.60313183760461,,
1622035800,25.83,26.1275,25.71,26.035,24.224561926044146,25.63925090435179,24.224561926044146,25.63925090435179,0,0,0,0,0,26.904925000000002,23.720025,28.164900000000003,22.46005,24.98,25.81409929406884,24.88090070593116,,,,,39554484,0.7,0.7,-0.13453944519643238,0.5307828400880304,1.1410912486410818,-108.50912865477659,-79.77982829690157,-79.77982829690157,-16.376002825076128,-16.376002825076128,218.20851688693227,-176.9879468509595,,,6.047871368536444,6.370111107966961,11.59203241608799,,
1622122200,26.14,26.375,25.91,26.055,24.227958505612488,25.65043910418113,24.227958505612488,25.65043910418113,0,0,0,0,0,26.904925000000002,23.720025,28.164900000000003,22.46005,24.98,25.80718235841505,24.887817641584945,,,,,39053534,0.7,0.7,0.06960981397356317,0.6168637401929428,1.0201268744391843,-95.39624301673713,-86.30016592934784,-86.30016592934784,-39.684057193166694,-39.684057193166694,218.20851688693227,-176.9879468509595,,,5.317010780193672,6.32881305589742,11.579494910321968,,
1622208600,26.2,26.235,25.965,26.105,24.23145709001686,25.663323845193638,24.23145709001686,25.663323845193638,0,0,0,0,0,26.904925000000002,23.720025,28.164900000000003,22.46005,24.98,25.800448344715964,24.894551655284037,,,,,37130984,0.74,0.71,-0.3840165636443045,0.7293425849617724,1.0314714948760206,-91.7901994662763,-78.80308207530052,-78.80308207530052,-52.72373215387797,-52.72373215387797,218.20851688693227,-176.9879468509595,,,5.116024118399411,6.281252705407303,11.56658088276568,,
1622554200,26.62,27.16875,26.605,27.11,24.236214618308534,25.700550361068395,24.236214618308534,25.700550361068395,0,0,0,0,0,28.905,25.285,30.240000000000002,23.95,26.62,25.814759404688225,24.88024059531178,,,,,72570296,0.72,0.71,-0.1485796439406787,1.1176236435133,1.4993260583332897,-49.828965424549914,-46.11645056095341,-46.11645056095341,-32.9018873751043,-32.9018873751043,218.20851688693227,-176.9879468509595,,,2.7772702357025327,6.143841628163979,11.549019822531786,,
1622640600,27.275,27.745,26.955,27.615,24.462633729723795,25.97558967252737,24.462633729723795,25.97558967252737,0,0,0,0,0,28.905,25.285,30.240000000000002,23.95,26.62,25.905146462147115,24.964853537852893,,,,,67893446,0.73,0.71,0.5271894049879415,1.5937041176708973,1.660292034005854,-42.880774256756716,-24.77315306567443,-24.77315306567443,17.913441924883543,17.913441924883543,218.20851688693227,-176.9879468509595,,,2.3900054318305273,5.996632365562667,11.530720093479436,,
1622727000,27.5,27.845,27.325,27.69,24.534665732152185,26.096431793662767,24.534665732152185,26.096431793662767,0,0,0,0,0,28.905,25.285,30.240000000000002,23.95,26.62,25.950698241106895,25.019301758893107,,,,,58761658,0.72,0.71,0.9929300788162048,1.487207714928304,1.7517728378023691,-24.108619871143443,2.9086809332095243,2.9086809332095243,58.27234893097743,58.27234893097743,218.20851688693227,-176.9879468509595,,,1.318165402672452,5.813163072900306,11.5103153888025,,
1622813400,27.87,27.99,27.4625,27.875,24.704115139788286,26.317680672338092,24.704115139788286,26.317680672338092,0,0,0,0,0,28.905,25.285,30.240000000000002,23.95,26.62,26.010529225822697,25.104470774177297,,,,,52658810,0.72,0.71,1.1342591467928769,1.6895510198099537,1.9578241946797967,-27.065217248792557,31.215307417877273,31.215307417877273,87.82856038721278,87.82856038721278,218.20851688693227,-176.9879468509595,,,1.4798206278026957,5.64322807505334,11.490274440229074,,
1623072600,27.87,28.04,27.715,27.755,24.710134090557936,26.372540253815032,24.710134090557936,26.372540253815032,0,0,0,0,0,28.905,25.285,30.240000000000002,23.95,26.62,26.03625389998338,25.128746100016617,,,,,40070388,0.7,0.71,1.0378428582209636,1.5640941563854538,2.0514090150054956,-10.498023660137692,59.6803303588958,59.6803303588958,116.61037624093285,116.61037624093285,218.20851688693227,-176.9879468509595,,,0.5739910313901351,5.44443446549792,11.468463684167459,,
1623159000,27.66,28.045,27.33,27.995,24.821544801344103,26.519428255251587,24.821544801344103,26.519428255251587,0,0,0,1,0,28.905,25.285,30.240000000000002,23.95,26.62,26.035495048149983,25.134504951850015,,,,,57553000,0.7,0.71,1.0163274561429074,1.5863852189302114,2.0310226603901254,-43.445381392886105,91.88532891678098,91.88532891678098,156.29532603255134,156.29532603255134,218.20851688693227,-176.9879468509595,,,2.375424182889811,5.324081121081917,11.450295773075995,,
1623245400,28.075,28.195,27.805,27.82,24.827509546995763,26.569917343280938,24.827509546995763,26.569917343280938,0,0,0,0,0,28.905,25.285,30.240000000000002,23.95,26.62,26.105636229332678,25.21436377066732,,,,,56052238,0.71,0.7,1.2739635664166025,1.4000822685671757,2.2572060800697407,-12.412966112253208,130.68659835611518,130.68659835611518,208.28913723478362,208.28913723478362,218.20851688693227,-176.9879468509595,228.28913723478362,,0.678692623682805,5.141909023144697,11.428774088461823,,
1623331800,28.195,28.325,27.49,27.785,24.832839298150617,26.606197055309135,24.832839298150617,26.606197055309135,0,0,0,0,0,28.905,25.285,30.240000000000002,23.95,26.62,26.17180615479643,25.278193845203578,,,,,57353898,0.71,0.71,1.1224595618653215,1.0505043372594625,2.244805474025124,-32.992357298357156,175.74490746468973,175.74490746468973,265.8615256818389,265.8615256818389,218.20851688693227,-176.9879468509595,285.8615256818389,,1.803893552420084,5.0110064556653,11.409543557920282,,
1623418200,27.885,28.04,27.655,27.69,24.83848477407839,26.647459915885246,24.83848477407839,26.647459915885246,0,0,0,0,0,28.905,25.285,30.240000000000002,23.95,26.62,26.17196791409204,25.278032085907967,,,,,38091492,0.71,0.7,1.0518085333807137,0.8995377339809937,2.142454194148218,-22.212676200874004,206.57547837144176,206.57547837144176,268.2366201849458,268.2366201849458,218.20851688693227,-176.9879468509595,288.2366201849458,,1.2145025897481687,4.86212395111953,11.389173845696162,,
1623677400,27.79,27.96,27.34525,27.57,24.843506278026283,26.675079036830923,24.843506278026283,26.675079036830923,0,0,0,0,0,28.905,25.285,30.240000000000002,23.95,26.62,26.170548593738026,25.279451406261977,,,,,37745092,0.71,0.7,0.9400363785645244,1.1258976813496335,1.7925110125715722,-42.44907753387621,210.58313844253433,210.58313844253433,218.5984585847195,218.5984585847195,218.20851688693227,-176.9879468509595,238.5984585847195,,2.3209501696731594,4.762470077337319,11.371055516673138,,
1623763800,27.745,28.1675,27.675,28.095,24.937737346784925,26.806004811397326,24.937737346784925,26.806004811397326,0,0,0,0,0,28.905,25.285,30.240000000000002,23.95,26.62,26.163677799540277,25.28632220045973,,,,,64285030,0.68,0.69,0.6179710148422594,1.0526006124248366,1.879513292043428,-27.341522513138763,205.4442336203801,205.4442336203801,208.87017016848293,208.87017016848293,218.20851688693227,-176.9879468509595,228.87017016848293,,1.494927923117986,4.634331169328718,11.351322994008692,,
1623850200,28.05,28.2725,27.7,27.945,24.943264245192946,26.841218348205274,24.943264245192946,26.841218348205274,0,0,0,0,0,28.905,25.285,30.240000000000002,23.95,26.62,26.163708955294176,25.286291044705823,,,,,60786332,0.67,0.69,0.20324320524148687,0.9881314434250154,1.7756379498194617,-25.714050934975827,193.18961210304505,193.18961210304505,203.64331748000365,203.64331748000365,218.20851688693227,-176.9879468509595,,,1.4059441181704915,4.507727755557807,11.33145210714388,,
1623936600,27.875,28.11,26.63,26.995,24.946663617330422,26.833509785530556,24.946663617330422,26.833509785530556,0,0,0,0,0,28.905,25.285,30.240000000000002,23.95,26.62,26.152221588792575,25.297778411207428,,,,,106941862,0.67,0.69,-0.4197261785325017,0.2891653270661448,1.213150211375172,-95.36983448035349,132.6386167873822,132.6386167873822,179.9750839157965,179.9750839157965,218.20851688693227,-176.9879468509595,,,5.214450969923474,4.535442391415284,11.319230326649933,,
1624023000,26.43,26.765,26.175,26.195,24.949156197515578,26.808438813548968,24.949156197515578,26.808438813548968,0,0,0,0,0,28.905,25.285,30.240000000000002,23.95,26.62,26.164026330004468,25.285973669995535,,,,,113812230,0.67,0.69,-1.001343978020766,-0.05461617903376827,1.0755722537911523,-124.9898172029205,59.858118156842096,59.858118156842096,139.93609532947835,139.93609532947835,218.20851688693227,-176.9879468509595,,,6.83395621996796,4.625580188613428,11.310268740023195,,
1624282200,26.145,27.0825,26.145,27.035,24.9515844568612,26.78318631105685,24.9515844568612,26.78318631105685,0,0,0,0,0,28.905,25.285,30.240000000000002,23.95,26.62,26.169422964677448,25.280577035322555,,,,,84366758,0.66,0.69,-0.4275954776485133,0.07807753447393824,1.1502487308413356,-126.94278309671621,12.291159707459428,12.291159707459428,97.38778345547205,97.38778345547205,218.20851688693227,-176.9879468509595,,,6.940736785904964,4.716370643409174,11.301538406448534,,
1624368600,26.97,27.32,26.675,27.215,24.95505621618815,26.779500573368345,24.95505621618815,26.779500573368345,0,0,0,0,0,28.905,25.285,30.240000000000002,23.95,26.62,26.166416502052904,25.283583497947095,,,,,48344336,0.66,0.69,-0.4596375157950076,0.13847315485651,1.3004114191609835,-92.44038563965992,-9.34898864876357,-9.34898864876357,61.80885942072685,61.80885942072685,218.20851688693227,-176.9879468509595,,,5.054280121017968,4.7296219954722645,11.28905637191221,,
1624455000,27.465,27.775,27.24,27.29,24.959638621350614,26.797894668530372,24.959638621350614,26.797894668530372,0,0,0,0,0,28.905,25.285,30.240000000000002,23.95,26.62,26.160140035305965,25.28985996469404,,,,,40552972,0.67,0.69,-0.3201302817283529,0.42875269738865723,1.2426375133570151,-72.01042220955904,-5.298003191716762,-5.298003191716762,39.43990521657898,39.43990521657898,218.20851688693227,-176.9879468509595,,,3.0432461292044866,4.663489608559803,11.272581226572134,,
1624541400,27.415,27.545,27.15,27.525,24.96403384888038,26.81207330898016,24.96403384888038,26.81207330898016,0,0,0,0,0,28.905,25.285,30.240000000000002,23.95,26.62,26.16065866474591,25.289341335254097,,,,,41756796,0.66,0.69,-0.1572137825244526,0.4672645637447536,1.132522289977986,-85.760420491955,6.0214715054323245,6.0214715054323245,28.300427312863427,28.300427312863427,218.20851688693227,-176.9879468509595,,,3.3635878270154844,4.612513068107084,11.256779041957635,,
1624627800,27.6,27.685,27.4425,27.67,24.968998866165336,26.837051806667212,24.968998866165336,26.837051806667212,0,0,0,0,0,28.905,25.285,30.240000000000002,23.95,26.62,26.15447214167268,25.295527858327322,,,,,38329940,0.66,0.68,-0.01214370542364394,0.6473806105431855,1.0697292634003843,-59.215528434921275,28.427951910314736,28.427951910314736,28.683001105217357,28.683001105217357,218.20851688693227,-176.9879468509595,,,2.322477309129738,4.522707744225619,11.238928289244692,,
1624887000,27.55,27.565,26.625,26.735,24.9723369303688,26.829312520131243,24.9723369303688,26.829312520131243,0,0,0,0,0,28.905,25.285,30.240000000000002,23.95,26.62,26.167678831735728,25.282321168264275,,,,,65702894,0.69,0.69,-0.5107838226765038,-0.003640694142495187,0.9963568717174994,-133.40509854304096,7.681424494110356,7.681424494110356,21.51244277157994,21.51244277157994,218.20851688693227,-176.9879468509595,,,5.23224773091297,4.55053284174277,11.226926929487785,,
1624973400,26.895,27.045,26.57,26.605,24.97555953390453,26.81974144091041,24.97555953390453,26.81974144091041,0,0,0,0,0,28.905,25.285,30.240000000000002,23.95,26.62,26.16696555471435,25.283034445285654,,,,,31910954,0.69,0.69,-0.8946299181882753,-0.2704853190698903,0.8559853413161151,-138.39644576744044,-25.02090238332971,-25.02090238332971,6.00132771994339,6.00132771994339,218.20851688693227,-176.9879468509595,,,5.428012101797468,4.584943793117464,11.215340686075816,,
1625059800,26.685,27.0142,26.66,26.935,24.978953720649972,26.81403981577667,24.978953720649972,26.81403981577667,0,0,0,0,0,28.905,25.285,30.240000000000002,23.95,26.62,26.167595293064434,25.28240470693557,,,,,47034048,0.67,0.68,-0.609148533818025,0.07462772771999403,0.7160705881415158,-118.63680091115056,-43.92230310079417,-43.92230310079417,-10.639882553635793,-10.639882553635793,218.20851688693233,-141.81053410062353,,,5.107670403986471,4.605442875896641,11.203137548649064,,
1625146200,27.55,27.635,27.15,27.405,24.98331035657275,26.82758531319719,24.98331035657275,26.82758531319719,0,0,0,0,0,29.415,26.46,30.505,25.37,27.55,26.16388436388977,25.286115636110228,,,,,47251654,0.66,0.68,0.26094592250066867,0.5099603750573303,0.7357753290470187,-91.73300459600203,-30.21358428242187,-30.21358428242187,-17.164449796564483,-17.164449796564483,218.20851688693233,-141.81053410062353,,,3.3635878270154844,4.556742677901301,11.187474112641803,,
1625232600,27.29,27.435,27.055,27.345,24.98747037584034,26.836911379346322,24.98747037584034,26.836911379346322,0,0,0,0,0,29.415,26.46,30.505,25.37,27.55,26.156092388340685,25.293907611659318,,,,,30471892,0.67,0.68,0.7559142779700799,0.504214901506558,0.502160903572472,-100.95484103686985,-15.299629722088602,-15.299629722088602,-11.569989573136837,-11.569989573136837,218.20851688693233,-141.81053410062353,,,3.7017262858159787,4.52321262330972,11.172517573527266,,
1625578200,27.255,27.305,26.345,26.455,24.99021768777672,26.81830701152882,24.99021768777672,26.81830701152882,0,0,0,0,0,29.415,26.46,30.505,25.37,27.55,26.170202686784542,25.279797313215457,,,,,68446244,0.68,0.69,-0.3645055550888294,0.14104756240265753,0.41224239983030103,-172.77755086472587,-28.29511626015364,-28.29511626015364,-19.631458568110283,-19.631458568110283,218.20851688693233,-141.81053410062353,,,6.228866346324969,4.590101004604436,11.162640148497891,,
1625664600,26.415,26.66,25.735,26.025,24.991752917171773,26.776749873821807,24.991752917171773,26.776749873821807,0,0,0,0,0,29.415,26.46,30.505,25.37,27.55,26.173715431656312,25.27628456834369,,,,,60823864,0.69,0.69,-0.7426069696719058,-0.11726125933453004,0.4585296872257942,-197.7218227262643,-60.93330987559448,-60.93330987559448,-33.398742337271685,-33.398742337271685,218.20851688693227,-151.53129161118196,,,8.400071187043956,4.739511599994221,11.157120530193287,,
1625751000,25.565,26.1175,25.475,25.875,24.99277079346114,26.72672831014252,24.99277079346114,26.72672831014252,0,0,0,0,0,29.415,26.46,30.505,25.37,27.55,26.17192611568429,25.278073884315713,,,,,49379766,0.7,0.69,-0.8820283840445975,0.026641778067035535,0.2697424610585265,-197.72182272626426,-89.43734027010585,-89.43734027010585,-52.07827498154974,-52.07827498154974,218.20851688693227,-151.53129161118196,,,9.325502758497944,4.919354390523779,11.153460954225864,,
1625837400,26.207,26.445,25.9,26.425,24.994627295372307,26.69516837641144,24.994627295372307,26.69516837641144,0,0,0,0,0,29.415,26.46,30.505,25.37,27.55,26.175784065317696,25.274215934682307,,,,,51206070,0.66,0.69,-0.681444663749704,0.14747270121032094,0.43036818493498147,-165.64862629166052,-95.63086467026655,-95.63086467026655,-66.59580487778868,-66.59580487778868,218.20851688693227,-151.53129161118196,,,7.8127780743904625,5.032821985969531,11.146786263157262,,
1626096600,26.125,26.5425,25.94,26.385,24.996559208868067,26.666399028316874,24.996559208868067,26.666399028316874,0,0,0,0,0,29.415,26.46,30.505,25.37,27.55,26.17485345733314,25.275146542666864,,,,,41353056,0.67,0.69,-0.7938247164936498,0.12499506981285392,0.33375446351353666,-146.630240345892,-91.34583017394553,-91.34583017394553,-74.84581330984096,-74.84581330984096,181.83307012926508,-151.53129161118198,,,7.670403986474453,5.1362565742246264,11.139840444422632,,
1626183000,26.255,26.42,26.03,26.185,24.998665284374823,26.642252007598564,24.998665284374823,26.642252007598564,0,0,0,0,0,29.415,26.46,30.505,25.37,27.55,26.175818360716967,25.274181639283036,,,,,49786808,0.66,0.69,-0.35424231656620614,0.030466572613076785,0.14956764609360043,-140.5064716075485,-92.10061757797486,-92.10061757797486,-80.59741473255227,-80.59741473255227,181.83307012926508,-151.53129161118198,,,7.350062288663456,5.223072484594777,11.13226846009544,,
1626269400,26.265,26.57,25.305,25.405,24.999333086004444,26.59090487004568,24.999333086004444,26.59090487004568,0,0,0,0,0,29.415,26.46,30.505,25.37,27.55,26.179013653322393,25.270986346677606,,,,,66999392,0.68,0.69,-0.7683533984523957,-0.6185535049495626,-0.22949307646032802,-182.7007602820514,-118.05498570970465,-118.05498570970465,-93.0832717249364,-93.0832717249364,181.8330701292651,-159.817351598171,,,9.930592632140947,5.407681117831881,11.129867509390238,,
1626355800,25.13,25.435,24.93,25.05,24.999257795123317,26.527012522200753,24.999257795123317,26.527012522200753,0,0,0,0,0,29.415,26.46,30.505,25.37,27.55,26.18059439938152,25.269405600618484,,,,,59670802,0.72,0.7,-1.2083915048100724,-0.9259658783579465,-0.32005798139177666,-187.29103631668042,-147.54110023652592,-147.54110023652592,-111.23588122879957,-111.23588122879957,181.83307012926508,-168.40116778292736,,,11.26534970635344,5.637393611499394,11.130138203090464,,
1626442200,25.24,25.25,24.2925,24.34,24.99792166566253,26.44087575662425,24.99792166566253,26.44087575662425,0,0,0,0,0,29.415,26.46,30.505,25.37,27.55,26.18941937425897,25.260580625741035,,,,,74253792,0.72,0.71,-1.915009787257174,-1.1960010182273755,-0.3767064933519229,-203.56512852157377,-171.32997400100604,-171.32997400100604,-131.26724548620172,-131.26724548620172,181.83307012926508,-198.83372020607783,,,13.534436732514676,5.9470815770294045,11.134941996356046,,
1626701400,23.51,23.815,23.15,23.48,24.994328315681187,26.31376102107036,24.994328315681187,26.31376102107036,0,1,0,0,0,29.415,26.46,30.505,25.37,27.55,26.203675650550405,25.246324349449598,,,,,114994818,0.73,0.71,-2.4211553579995333,-1.5593171774588426,-0.6923702342306686,-210.76513623374024,-192.53192092776808,-192.53192092776808,-151.68880396672384,-151.68880396672384,181.83307012926508,-212.29773462782913,,,17.600996618615415,6.4040978531700326,11.14786118641051,,
1626787800,23.48995,24.045,23.29,23.795,24.991019068297206,26.197066471224463,24.991019068297206,26.197066471224463,0,1,0,0,0,29.415,26.46,30.505,25.37,27.55,26.197816964417274,25.25218303558273,,,,,83342046,0.73,0.71,-1.7266533124701817,-1.4145705175191512,-0.6285200950112154,-204.2370125450845,-198.6662667357912,-198.6662667357912,-167.34795822307962,-167.34795822307962,181.83307012926508,-212.29773462782913,,,17.102687310909413,6.823650380924518,11.159758940905014,,
1626874200,24.265,24.825,24.21,24.625,24.989536213015896,26.120665825294093,24.989536213015896,26.120665825294093,0,0,0,0,0,29.415,26.46,30.505,25.37,27.55,26.221534781262676,25.25346521873732,,,,,82042644,0.74,0.71,-0.9151637717863399,-1.182361619603933,-0.4573012281856177,-161.33791401963293,-175.1219141563598,-175.1219141563598,-169.93927686750635,-169.93927686750635,181.83307012926508,-212.29773462782913,,,13.828083288841425,7.098334024372241,11.16509025828351,,
1626960600,24.6,24.6,24.14,24.35,24.987917858943934,26.044543636066873,24.987917858943934,26.044543636066873,0,0,0,0,0,29.415,26.46,30.505,25.37,27.55,26.221381250948173,25.253618749051817,,,,,47270056,0.74,0.71,-1.0104839457099404,-1.2346721569988988,-0.45970613609092575,-164.60197586396077,-162.77034643980906,-162.77034643980906,-148.43248558441448,-148.43248558441448,181.83307012926508,-212.29773462782913,,,14.077237942694424,7.37201653097311,11.17090873517544,,
1627047000,24.43,24.44,24.015,24.26,24.98605548559939,25.966553689554445,24.98605548559939,25.966553689554445,0,0,0,0,0,29.415,26.46,30.505,25.37,27.55,26.22075104813026,25.254248951869734,,,,,46951882,0.74,0.71,-1.4050350672939418,-1.2561235322382247,-0.3255406643639321,-170.4306577288319,-150.7447842428824,-150.7447842428824,-126.69365984902902,-126.69365984902902,181.83307012926508,-212.29773462782913,,,14.52215696743192,7.652414195147966,11.177604535839288,,
1627306200,24.32,24.96,24.275,24.86,24.984711118994795,25.901716289964074,24.984711118994795,25.901716289964074,0,0,0,0,0,29.415,26.46,30.505,25.37,27.55,26.22654110815813,25.248458891841867,,,,,47266206,0.74,0.7,-0.9854829574903141,-1.0060955438116008,-0.23347799815610812,-158.30699944990005,-129.4485365443541,-129.4485365443541,-86.85604114729755,-86.85604114729755,181.83307012926508,-212.29773462782913,,,13.596725395977934,7.885524438317768,11.182437944151253,,
1627392600,24.665,24.705,24.34,24.63,24.983498009865936,25.84194506290666,24.983498009865936,25.84194506290666,0,0,0,0,0,29.415,26.46,30.505,25.37,27.55,26.22610977061694,25.248890229383054,,,,,46888364,0.73,0.71,-1.0197678353930306,-1.0572396239239028,-0.030053492737739624,-155.276084880167,-103.68294455499638,-103.68294455499638,-52.15176057628092,-52.15176057628092,181.83307012926508,-212.29773462782913,,,13.365367503114431,8.100420244780382,11.186799441771559,,
1627479000,24.695,25.06,24.47,24.855,24.98254446738868,25.789564864361303,24.98254446738868,25.789564864361303,0,0,0,0,0,29.415,26.46,30.505,25.37,27.55,26.214538428484662,25.260461571515332,,,,,39169282,0.74,0.71,-0.3793070188288309,-1.1665483272987942,0.02122415024138885,-138.18083001930714,-72.77209032339829,-72.77209032339829,-10.950381860202079,-10.950381860202079,181.83307012926508,-212.29773462782913,,,12.902651717387437,8.288743047627717,11.190227718046515,,
1627565400,25.175,25.285,24.94505,25.095,24.98253248943186,25.757681908896153,24.98253248943186,25.757681908896153,0,0,0,0,0,29.415,26.46,30.505,25.37,27.55,26.214190259122415,25.26080974087758,,,,,43794020,0.72,0.71,0.03142757965596973,-1.030116327704824,0.19822985794539977,-115.81530930357569,-37.120727578635496,-37.120727578635496,34.18199791089009,34.18199791089009,181.83307012926508,-212.29773462782913,,,11.211781455775052,8.403372004809965,11.19027078245756,,
1627651800,25.045,25.15,24.545,24.695,24.981729227714716,25.711517912468853,24.981729227714716,25.711517912468853,0,0,0,0,0,29.415,26.46,30.505,25.37,27.55,26.20981345499101,25.265186545008984,,,,,49600682,0.7,0.71,0.2553642349294596,-0.8612637525037635,0.19035104072552647,-134.64980369854104,-8.147727265240558,-8.147727265240558,49.79827336154932,49.79827336154932,181.83307012926508,-212.29773462782913,,,12.635700302544928,8.56934566354467,11.193158753526665,,
1627911000,24.71,25.31,24.47,24.51,24.98077921926773,25.66425250413674,24.98077921926773,25.66425250413674,0,0,0,0,0,26.9525,20.9075,29.195000000000004,18.664999999999996,24.71,26.20195176748084,25.273048232519155,,,,,57810800,0.72,0.71,0.7754658882399998,-0.6565146797924035,-0.0012018227434805093,-138.18083001930714,9.489777631104172,9.489777631104172,44.764787423793635,44.764787423793635,181.83307012926508,-212.29773462782913,,,12.902651717387437,8.739279234283602,11.196574323884029,,
1627997400,24.43,24.98,24.2,24.93,24.97929704300546,25.60835828828824,24.97929704300546,25.60835828828824,0,0,0,0,0,26.9525,20.9075,29.195000000000004,18.664999999999996,24.71,26.205359100972395,25.269640899027603,,,,,64302090,0.72,0.71,0.8390961118914929,-0.7907999901226012,0.07745336545672933,-148.39259171244328,19.162830503995096,19.162830503995096,38.50893624977695,38.50893624977695,181.83307012926508,-212.29773462782913,,,13.86367681082043,8.940236001990929,11.201903199981803,,
1628083800,24.48,24.7825,24.2175,24.255,24.977852443518934,25.55533541423772,24.977852443518934,25.55533541423772,0,0,0,0,0,26.9525,20.9075,29.195000000000004,18.664999999999996,24.71,26.201444097620403,25.27355590237959,,,,,64523830,0.7,0.71,-0.26154381096371204,-1.0930542261238843,-0.22090724958803434,-109.12513048186028,7.3460151853045765,7.3460151853045765,15.22389206443159,15.22389206443159,181.83307012926508,-212.29773462782913,,,13.801388147357175,9.130869419456271,11.207096976100436,,
1628170200,24.405,24.83095,24.3,24.53,24.97657391715826,25.507594809757812,24.97657391715826,25.507594809757812,0,0,0,0,0,26.9525,20.9075,29.195000000000004,18.664999999999996,24.71,26.20274784975126,25.272252150248733,,,,,45799988,0.69,0.7,0.12861356652162323,-1.0159168441522708,-0.08961729381739339,-103.75605155787063,-15.297508631183842,-15.297508631183842,5.0500918325597794,5.0500918325597794,181.83307012926508,-212.29773462782913,,,13.507741591030426,9.302511465400356,11.211693668637759,,
1628256600,24.74,24.95,24.62,24.755,24.97593091232877,25.474149915257506,24.97593091232877,25.474149915257506,0,0,0,0,0,26.9525,20.9075,29.195000000000004,18.664999999999996,24.71,26.199915830496607,25.27508416950339,,,,,36214760,0.69,0.7,0.3588094786894333,-1.0217421717178068,0.013052508551515584,-88.1316108526854,-6.979058834980538,-6.979058834980538,1.0403749433796738,1.0403749433796738,181.83307012926508,-212.29773462782913,,,12.36874888770243,9.422756070196515,11.214005467277248,,
1628515800,24.425,24.6,24.24,24.405,24.97453754387257,25.427263644070937,24.97453754387257,25.427263644070937,0,0,0,0,0,26.9525,20.9075,29.195000000000004,18.664999999999996,24.71,26.201755729364947,25.273244270635047,,,,,42193414,0.68,0.7,-0.32123482260512093,-1.1957096781164194,-0.02981285414870349,-106.68563419009296,-24.33955626521816,-24.33955626521816,-7.419602126152937,-7.419602126152937,181.83307012926508,-212.29773462782913,,,13.721302722904433,9.591326527165453,11.219015052203575,,
1628602200,24.535,24.9,24.505,24.835,24.973671135193506,25.39250428547992,24.973671135193506,25.39250428547992,0,0,0,0,0,26.9525,20.9075,29.195000000000004,18.664999999999996,24.71,26.19864888172202,25.276351118277976,,,,,53283072,0.69,0.7,0.15004843268921517,-0.7396986044795923,-0.07644453022695358,-91.9327494069663,-12.385735602971865,-12.385735602971865,-9.074979951759246,-9.074979951759246,181.83307012926508,-212.29773462782913,,,12.778074390460937,9.716297031608413,11.222130055876418,,
1628688600,24.77,25.0725,24.615,25.03,24.97302404001829,25.363378627225806,24.97302404001829,25.363378627225806,0,0,0,0,0,26.9525,20.9075,29.195000000000004,18.664999999999996,24.71,26.199141068987238,25.275858931012753,,,,,47686154,0.71,0.69,0.12681069633658681,-0.6155853470155043,0.11613524021190835,-77.36001976873636,-0.02160135674377095,-0.02160135674377095,18.085155833287182,18.085155833287182,181.83307012926508,-212.29773462782913,,,12.386545648691941,9.821012663650905,11.224456560557368,,
1628775000,25.01,25.145,24.7,25.005,24.972546369608665,25.338695151648324,24.972546369608665,25.338695151648324,0,0,0,0,0,26.9525,20.9075,29.195000000000004,18.664999999999996,24.71,26.19761035300844,25.27738964699156,,,,,36538108,0.71,0.69,-0.06502924969975768,-0.7501241290741122,0.12710148449494912,-32.81944554065617,15.502009431748757,15.502009431748757,46.54923100873381,46.54923100873381,148.9725191584933,-212.2977346278291,,,12.084000711870438,9.909757292992847,11.226173931489063,,
1628861400,25.02,25.02,24.65,24.71,24.97197075248657,25.313038479034663,24.97197075248657,25.313038479034663,0,0,0,0,0,26.9525,20.9075,29.195000000000004,18.664999999999996,24.71,26.187546101891545,25.287453898108446,,,,,33050722,0.71,0.69,0.01102780140214067,-1.0308015040530352,0.03324495083936631,-20.32441637165049,27.30168402464089,27.30168402464089,50.90103321042515,50.90103321042515,137.82164852780045,-212.29773462782913,,,12.26196832176544,10.002000862748634,11.228243450750355,,
1629120600,24.375,24.385,24.04,24.255,24.97018969204204,25.26470559750389,24.97018969204204,25.26470559750389,0,0,0,0,0,26.9525,20.9075,29.195000000000004,18.664999999999996,24.71,26.18389359467981,25.29110640532019,,,,,48259822,0.69,0.7,-0.18972645024744458,-1.189736913232466,0,-44.62275954428548,15.321168408823283,15.321168408823283,23.308178819368354,23.308178819368354,111.93887297039856,-212.29773462782916,,,14.433173162484428,10.17577232548337,11.234646906717856,,
1629207000,24.02,24.395,23.79,24.005,24.967917684665334,25.208562240739035,24.967917684665334,25.208562240739035,0,0,0,0,0,26.9525,20.9075,29.195000000000004,18.664999999999996,24.71,26.179200663712876,25.295799336287114,,,,,51108212,0.69,0.69,-0.6755957588861944,-0.9735654461479518,-0.02267053579899287,-55.19687318037209,-24.263651530295625,-24.263651530295625,7.450902036147028,7.450902036147028,111.93887297039856,-212.29773462782916,,,15.323011211959422,10.377624830835373,11.242815466768288,,
1629293400,24,24.1875,23.47505,23.505,24.965027238741925,25.142393113651227,24.965027238741925,25.142393113651227,0,0,0,0,0,26.9525,20.9075,29.195000000000004,18.664999999999996,24.71,26.177079801645974,25.297920198354024,,,,,56305768,0.69,0.7,-0.5649983409757581,-1.021495278020486,-0.10191478127117691,-69.86176239836117,-62.77739960159678,-62.77739960159678,-15.958531843100907,-15.958531843100907,111.93887297039853,-218.65592035082975,,,16.444029186688024,10.61552304086881,11.253207502172723,,
1629379800,23.1,23.25,22.57,22.895,24.96035235914404,25.04368161899824,24.96035235914404,25.04368161899824,0,0,0,0,0,26.9525,20.9075,29.195000000000004,18.664999999999996,24.71,25.889142284668093,25.0058577153319,,,,,99256258,0.7,0.7,-1.2075618552728755,-1.2046599038657908,-0.2611954297612699,-116.4895725192402,-103.10810006789592,-103.10810006789592,-45.00838791803258,-45.00838791803258,111.9388729703985,-241.71934260429234,,,19.665420893397396,10.970420995869931,11.270015121336009,,
1629466200,22.685,23.0875,22.585,22.945,24.955716490294602,24.949423516292423,24.955716490294602,24.949423516292423,0,0,0,0,0,26.9525,20.9075,29.195000000000004,18.664999999999996,24.71,25.889149131122668,25.00585086887733,,,,,61587550,0.69,0.7,-1.3258777650419757,-1.3787688530659203,-0.4055119957788605,-115.79755525674965,-132.16231522899398,-132.16231522899398,-74.05969702168638,-74.05969702168638,111.9388729703985,-241.71934260429234,,,19.612030610428896,11.309307647421264,11.28668248495058,,
1629725400,23.5,23.87,23.45,23.805,24.952800872931377,24.89244416271233,24.952800872931377,24.89244416271233,0,0,0,0,0,26.9525,20.9075,29.195000000000004,18.664999999999996,24.71,25.904626479716466,24.99037352028353,,,,,58704418,0.69,0.69,-0.43597093221870875,-1.0011221629223797,-0.1429601615647689,-75.8912264531288,-121.86419450971054,-121.86419450971054,-89.99452951769443,-89.99452951769443,111.9388729703985,-241.71934260429234,,,16.533190959245417,11.514165816512406,11.297165019364755,,
1629811800,24.005,24.3225,23.965,24.2,24.95090976229615,24.857693411233416,24.95090976229615,24.857693411233416,0,0,0,0,0,26.9525,20.9075,29.195000000000004,18.664999999999996,24.71,25.904028298708514,24.99097170129148,,,,,45382120,0.68,0.69,-0.4561265633682028,-0.7807699849647434,0,-52.13196710762035,-88.4834819781717,-88.4834819781717,-85.46138689912624,-85.46138689912624,111.9388729703985,-241.71934260429234,,,14.700124577326923,11.639105375760034,11.303964139360684,,
1629898200,24.15,24.5175,23.99,24.385,24.9490718806532,24.825276022557595,24.9490718806532,24.825276022557595,0,0,0,0,0,26.9525,20.9075,29.195000000000004,18.664999999999996,24.71,25.90376555525006,24.99123444474994,,,,,39817548,0.71,0.69,-0.4634461386266148,-0.41688929962564103,0.05207532154831654,-50.97860500346952,-74.37114236826902,-74.37114236826902,-46.14646314846365,-46.14646314846365,111.9388729703985,-241.71934260429234,,,14.61114077237943,11.755655783470598,11.3105718848812,,
1629984600,24.245,24.38,23.975,24.015,24.947208000771774,24.79354755108475,24.947208000771774,24.79354755108475,0,0,0,0,0,26.9525,20.9075,29.195000000000004,18.664999999999996,24.71,25.90596480483506,24.989035195164938,,,,,41465332,0.69,0.69,-0.7094840770610781,-0.4274706578640662,0.12182603152862685,-51.67062226595993,-55.982827182931494,-55.982827182931494,-19.206196812256433,-19.206196812256433,111.9388729703985,-241.71934260429234,,,14.664531055347918,11.869729323544219,11.31727310200501,,
1630071000,24.315,24.82,24.26,24.655,24.94591158118981,24.774128039277503,24.94591158118981,24.774128039277503,0,0,0,0,0,26.9525,20.9075,29.195000000000004,18.664999999999996,24.71,25.914205868112507,24.98079413188749,,,,,46202652,0.69,0.69,-0.03944877788967119,0.13242590875195223,0.2032455524041153,-38.52229427863973,-28.532308660830438,-28.532308660830438,26.368728383371685,26.368728383371685,111.9388729703985,-241.71934260429234,,,13.650115678946422,11.939548396305089,11.321934126134764,,
1630330200,24.75,24.845,24.355,24.365,24.944805663944678,24.759158312247013,24.944805663944678,24.759158312247013,0,0,0,0,0,26.9525,20.9075,29.195000000000004,18.664999999999996,24.71,25.89834207665723,24.996657923342767,,,,,31817772,0.67,0.69,0.08041764669353574,0.3858731003944324,0.20325470583313734,-31.221645789013227,3.1037270244275597,3.1037270244275597,66.37579839494356,66.37579839494356,111.9388729703985,-241.71934260429234,,,13.311977220145929,11.993369134494925,11.325910236212708,,
1630416600,24.245,24.465,24.14,24.2,24.943276681599134,24.736428574511837,24.943276681599134,24.736428574511837,0,0,0,0,0,26.9525,20.9075,29.195000000000004,18.664999999999996,24.71,25.893872108951435,25.001127891048565,,,,,53873174,0.67,0.69,0.1440377589264164,0.17424171669139935,0.10692062128893981,-41.166318151439654,26.52102159270989,26.52102159270989,73.35561072927455,73.35561072927455,111.9388729703985,-241.71934260429234,,,14.077237942694424,12.075089479914514,11.331407394467417,,
1630503000,24.175,24.315,23.755,23.845,24.940989215701833,24.699643140217255,24.940989215701833,24.699643140217255,0,0,0,0,0,25.545,21.200000000000003,26.915,19.830000000000002,24.175,25.895399502653127,24.99960049734687,,,,,63459834,0.67,0.69,0.25586120904808357,-0.32347708618153365,-0.020943089980064566,-58.97421982369168,33.53425332836325,33.53425332836325,47.560716799669976,47.560716799669976,111.9388729703985,-241.71934260429234,,,15.447588538885922,12.207344344972215,11.339631532618103,,
1630589400,24.065,24.645,24.065,24.45,24.939319506979153,24.676335566091087,24.939319506979153,24.676335566091087,0,0,0,0,0,25.545,21.200000000000003,26.915,19.830000000000002,24.175,25.90297054739523,24.99202945260476,,,,,61643296,0.68,0.68,1.1896951635516424,0.04153233588671447,0.05544704337595339,-44.63538990577441,37.77578372188978,37.77578372188978,46.25884450894285,46.25884450894285,111.9388729703985,-241.71934260429234,,,14.344189357536921,12.291142188602203,11.345634645155403,,
1630675800,24.4,24.58,24.1952,24.31,24.937910672799376,24.658996838009084,24.937910672799376,24.658996838009084,0,0,0,0,0,25.545,21.200000000000003,26.915,19.830000000000002,24.175,25.90306517018388,24.991934829816113,,,,,39167966,0.66,0.69,1.0538480292719707,0.02107909585786411,-0.17557958141491287,-38.61308134024927,41.433919266872714,41.433919266872714,48.75019035683859,48.75019035683859,111.9388729703985,-241.71934260429234,,,13.880761701370348,12.353480208710758,11.35069983407891,,
1631021400,24.195,24.4975,24.075,24.165,24.93626689523134,24.63767147181265,24.93626689523134,24.63767147181265,0,0,0,0,0,25.545,21.200000000000003,26.915,19.830000000000002,24.175,25.901900390043963,24.99309960995603,,,,,42481600,0.67,0.69,0.2680263932015617,-0.2860660373814475,-0.2728267474906975,-44.17284700519653,39.47990198884095,39.47990198884095,40.78258017419546,40.78258017419546,111.9388729703985,-241.71934260429234,,,14.308595835557927,12.430151409763589,11.356609716199747,,
1631107800,24.3,24.46,23.84,23.855,24.93416156676934,24.6080588650749,24.93416156676934,24.6080588650749,0,0,0,0,0,25.545,21.200000000000003,26.915,19.830000000000002,24.175,25.902981159517644,24.992018840482356,,,,,43798304,0.65,0.69,-0.25226600275204425,-0.3214634933718527,-0.20063375319745683,-55.04260516877888,10.117731801656944,10.117731801656944,30.560964050015954,30.560964050015954,111.9388729703985,-241.71934260429234,,,15.14504360206442,12.536617770245975,11.364179014673004,,
1631194200,23.695,24.28,23.5675,23.905,24.79866022500852,24.44273845844553,24.79866022500852,24.44273845844553,0,0,0,0,0,25.545,21.200000000000003,26.915,19.830000000000002,24.175,25.876475277901072,24.966024722098926,,,,,50529514,0.66,0.68,-0.3482989851253938,-0.3904657469468127,-0.3416833061263159,-67.64689920952868,-24.293973636332815,-24.293973636332815,12.275984821233031,12.275984821233031,111.9388729703985,-241.71934260429234,,,15.664698514940065,12.659287603371233,11.372771461226984,,
1631280600,24.275,24.325,23.82,23.895,24.553231740975423,24.188724805457642,24.553231740975423,24.188724805457642,0,0,0,0,0,25.545,21.200000000000003,26.915,19.830000000000002,24.175,25.876505213941712,24.965994786058285,,,,,37513086,0.66,0.68,-0.08941562460027215,-0.49402414839983966,-0.35121414336783996,-55.9676909699348,-46.3037822922127,-46.3037822922127,-7.250604216582211,-7.250604216582211,111.9388729703985,-241.71934260429234,,,13.91398626671486,12.708491472521963,11.3778488134857,,
1631539800,24.205,24.74525,24.205,24.58,24.552605204030417,24.190721871910284,24.552605204030417,24.190721871910284,0,0,0,0,0,25.545,21.200000000000003,26.915,19.830000000000002,24.175,25.886707032653966,24.95579296734603,,,,,68499668,0.68,0.68,-0.0538788622427925,-0.04762010428474144,-0.3671651800774086,-37.040428079077564,-19.608043334075283,-19.608043334075283,-11.369750589079901,-11.369750589079901,111.9388729703985,-241.71934260429234,,,12.522587640043382,12.701201126150254,11.380136003948353,,
1631626200,24.8,24.8445,24.1175,24.225,24.5518068419844,24.18924356320792,24.5518068419844,24.18924356320792,0,0,0,0,0,25.545,21.200000000000003,26.915,19.830000000000002,24.175,25.883570750570296,24.958929249429705,,,,,58935752,0.67,0.68,-0.10165455529162537,-0.11876983311145886,-0.4745496179922673,-27.76057634507898,-6.5243471129679556,-6.5243471129679556,3.1664598392559355,3.1664598392559355,111.9388729703985,-241.71934260429234,,,12.838814600650531,12.706597732993401,11.383050446699007,,
1631712600,24.57,25.15,24.53,25.13,24.551826009133286,24.203837933278198,24.551826009133286,24.203837933278198,0,0,0,0,0,25.545,21.200000000000003,26.915,19.830000000000002,24.175,25.816995696071718,24.863004303928285,,,,,76694958,0.67,0.67,0.6666629855678856,0.08034999427272246,-0.36336208552964117,-36.59086921412687,9.171478479706208,9.171478479706208,40.56312966505454,40.56312966505454,226.43046222766122,-241.71934260429236,,,11.348030357788218,12.653320581024571,11.382980476491394,,
1631799000,25.105,25.11,24.7075,24.845,24.552196236887262,24.224751151581014,24.552196236887262,24.224751151581014,0,0,0,0,0,25.545,21.200000000000003,26.915,19.830000000000002,24.175,25.635645475843486,24.709354524156513,,,,,60643718,0.67,0.67,0.7263548314865356,0.24324070963301433,-0.4261380962343201,-25.766070404947722,28.80152445877893,28.80152445877893,68.06161641692438,68.06161641692438,226.43046222766122,-241.71934260429236,,,10.706541380556567,12.576976298653276,11.381628949826188,,
1631885400,24.72,25.11,24.5955,24.66,24.552344186463912,24.240496008381758,24.552344186463912,24.240496008381758,0,0,0,0,0,25.545,21.200000000000003,26.915,19.830000000000002,24.175,25.626901464094953,24.718098535905046,,,,,64459050,0.69,0.67,0.14892563779002238,0.053053521264230526,-0.32619499909504995,-32.59636599158466,46.230818171046536,46.230818171046536,81.08940559558175,81.08940559558175,226.43046222766122,-241.71934260429236,,,11.11131189013372,12.51949926302506,11.38108885580083,,
1632144600,23.775,23.905,23.235,23.62,24.54980074153591,24.20280400805306,24.54980074153591,24.20280400805306,0,0,0,0,0,25.545,21.200000000000003,26.915,19.830000000000002,24.175,25.63380803112655,24.71119196887345,,,,,85660022,0.69,0.67,-0.4878782237724049,-0.45500860040771907,-0.5760169357439165,-115.56616193461774,46.30064923761998,46.30064923761998,46.44031137076686,46.44031137076686,226.43046222766122,-241.71934260429236,,,16.028189374774133,12.657094953681886,11.390373771922654,,
1632231000,23.9,24.025,23.425,23.675,24.312985318421003,23.951158528167415,24.312985318421003,23.951158528167415,0,0,0,0,0,25.545,21.200000000000003,26.915,19.830000000000002,24.175,25.63318186624805,24.711818133751947,,,,,51323494,0.71,0.67,-0.349202510620435,-0.2974072132894983,-0.5012392330183352,-103.97905335014413,10.922483918063655,10.922483918063655,34.50792746443454,34.50792746443454,226.43046222766122,-241.71934260429236,,,14.522897281517972,12.730263672420556,11.396632560153614,,
1632317400,24.075,24.69,24.075,24.405,24.312576356745836,23.957320938827518,24.312576356745836,23.957320938827518,0,0,0,0,0,25.545,21.200000000000003,26.915,19.830000000000002,24.175,25.598392327750087,24.656607672249912,,,,,79252130,0.67,0.68,0.3950790172131581,-0.17129487129968954,-0.4997498778282106,-64.33894503483995,1.9337987525799,1.9337987525799,23.64988456048299,23.64988456048299,226.43046222766122,-241.71934260429236,,,12.151067323481122,12.707550090109205,11.398139922318105,,
1632403800,24.54,25.335,24.425,25.26,24.312860519869222,23.976829921618595,24.312860519869222,23.976829921618595,0,0,0,0,0,25.545,21.200000000000003,26.915,19.830000000000002,24.175,25.610924160232763,24.644075839767233,,,,,49734294,0.67,0.68,0.964692319763319,0.0902910353131206,-0.4363888713017705,-50.66022259818522,19.97019400411304,19.97019400411304,22.423321041693008,22.423321041693008,226.43046222766122,-241.71934260429236,,,10.873928115307427,12.63564334599933,11.397092546080321,,
1632490200,25.125,25.58,25.075,25.45,24.31442982951983,24.02080914037865,24.31442982951983,24.02080914037865,0,0,0,0,0,25.545,21.200000000000003,26.915,19.830000000000002,24.175,25.585801087601336,24.619198912398662,,,,,55503052,0.67,0.68,1.10668070786557,0.17473162080639174,-0.2714493067589332,-22.581742223747824,29.72677062890771,29.72677062890771,44.33366980333711,44.33366980333711,226.43046222766122,-241.71934260429236,,,8.502098157270579,12.473543534676635,11.391308341507274,,
1632749400,26.01,26.46,25.975,26.355,24.264647822585427,24.04745299679753,24.264647822585427,24.04745299679753,0,0,0,0,0,25.545,21.200000000000003,26.915,19.830000000000002,24.175,25.58732060963096,24.617679390369037,,,,,81697368,0.69,0.67,1.2241588638211802,0.6515591262310206,0.0628695449032903,-22.097062320456804,44.964540393516266,44.964540393516266,75.44007992273339,75.44007992273339,226.43046222766122,-241.71934260429236,,,5.0100566831230475,12.18085777579218,11.378558587944068,,
1632835800,26.605,26.915,26.385,26.445,23.480720077923575,23.387167611732192,23.480720077923575,23.387167611732192,0,0,0,0,0,25.545,21.200000000000003,26.915,19.830000000000002,24.175,25.58722299150206,24.617777008497942,,,,,132975298,0.72,0.67,1.5538121622115604,0.8838763962137611,0.09121087568503129,-3.5882770529568853,64.79058454998578,64.79058454998578,104.44267286292481,104.44267286292481,226.43046222766122,-241.71934260429236,,,0.26460026460025227,11.713553559667007,11.356352877008316,,
1632922200,26.42,26.61,26.095,26.445,23.47709242008146,23.485000694572456,23.47709242008146,23.485000694572456,0,0,0,0,0,25.545,21.200000000000003,26.915,19.830000000000002,24.175,25.58560316582353,24.619396834176463,,,,,69894356,0.72,0.66,0.8912737181627681,0.9995518440024487,0.07945877378527312,-25.083578304528253,84.17943944129846,84.17943944129846,122.95714922392379,122.95714922392379,226.43046222766122,-241.71934260429236,,,1.3235016071090997,11.306100541919639,11.3363072201254,,
1633008600,26.37,26.515,26.045,26.045,23.482231096564814,23.585549686942166,23.482231096564814,23.585549686942166,0,0,0,0,0,25.545,21.200000000000003,26.915,19.830000000000002,24.175,25.48261826485866,24.522381735141334,,,,,89198830,0.7,0.66,0.8199607014181128,1.0591650144687002,-0.06337759923527993,-28.666946633746356,98.0263791476286,98.0263791476286,125.72025856028891,125.72025856028891,226.43046222766122,-241.71934260429236,,,1.512573265267531,10.922040648717596,11.316679380055755,,
1633095000,26.235,26.945,26.235,26.92,23.908685411956366,24.096744132329157,23.908685411956366,24.096744132329157,0,0,0,1,0,28.755,24.395,30.595,22.555,26.235,25.42782104781088,24.447178952189123,,,,,83312010,0.72,0.66,1.5459339330972524,1.7121435440730959,0.24295470413767473,-48.225921392520235,120.77151630505166,120.77151630505166,166.2617906198978,166.2617906198978,226.43046222766122,-241.71934260429236,,,2.544576523031212,10.593512643788719,11.299152701020741,,
1633354200,27.2075,27.6575,27.0825,27.36,24.305032354133793,24.592350799438975,24.305032354133793,24.592350799438975,0,0,0,0,0,28.755,24.395,30.595,22.555,26.235,25.5988840097313,24.628615990268695,,,,,114815774,0.74,0.66,2.6621852504078802,1.8677923079720673,0.2852223839955956,-20.69471810836464,149.14201329691915,149.14201329691915,205.88300728065408,205.88300728065408,226.43046222766122,-241.71934260429236,225.88300728065408,,1.0142543859649118,10.217855457207394,11.278603453638013,,
1633440600,27.75,28.025,27.2325,27.52,24.45273789132564,24.834173923594964,24.45273789132564,24.834173923594964,0,0,0,1,0,28.755,24.395,30.595,22.555,26.235,25.78340989597578,24.81159010402422,,,,,98029614,0.74,0.66,2.7359370842694095,1.517853144111616,0.31573668298343766,-21.73189435955997,174.8976373617191,174.8976373617191,226.40888549131896,226.40888549131896,226.43046222766122,-241.71934260429236,246.40888549131896,,1.0446947674418527,9.858123665451883,11.258156083635622,,
1633527000,27.065,27.3775,26.75,27.23,24.457343210224092,24.909606318748104,24.457343210224092,24.909606318748104,0,0,0,1,0,28.755,24.395,30.595,22.555,26.235,25.784318236561845,24.810681763438158,,,,,100174864,0.73,0.66,1.9726989375638462,1.2319350332426011,0.24480976708042113,-60.90357885450243,188.7309589921597,188.7309589921597,216.397602253041,216.397602253041,226.43046222766122,-241.71934260429236,236.397602253041,,2.797965116279068,9.581254702739223,11.241252605179366,,
1633613400,27.3,27.59,27.165,27.44,24.46276020680706,24.998192345463863,24.46276020680706,24.998192345463863,0,0,0,1,0,28.755,24.395,30.595,22.555,26.235,25.78049958349575,24.814500416504245,,,,,77596150,0.72,0.66,1.4808983398427276,1.2411661599764947,0.06962500934160509,-28.078922718634285,195.39576592977608,195.39576592977608,208.7253798050088,208.7253798050088,226.43046222766122,-241.71934260429236,228.7253798050088,,1.2899709302325597,9.256106319503667,11.22136992451014,,
1633699800,27.73,28.35,27.665,28.285,25.147826959562536,25.77066411741965,25.147826959562536,25.77066411741965,0,0,0,0,1,28.755,24.395,30.595,22.555,26.235,25.955155459471552,24.96484454052845,,,,,86200426,0.72,0.67,1.901435072604545,1.752269414432821,0.1380462851591447,-47.71292313842014,205.6255507881952,205.6255507881952,226.08512050503347,226.08512050503347,226.43046222766122,-241.71934260429236,246.08512050503347,,2.191974544811741,8.979081544025552,11.203329174500753,,
1633959000,28.71,28.795,28.1525,28.18,25.15383294965332,25.864121406932604,25.15383294965332,25.864121406932604,0,0,0,1,1,28.755,24.395,30.595,22.555,26.235,26.181428087488552,25.18357191251145,,,,,86021498,0.72,0.67,1.1931879110973094,1.422336920603031,0.10163911290867102,-10.196713412646245,216.03282154722694,216.03282154722694,236.84736306529047,236.84736306529047,226.43046222766122,-241.71934260429236,256.84736306529044,,0.46844617288315465,8.645331137314086,11.181880856815203,,
1634045400,28.125,28.476,28.0105,28.205,25.159546060643024,25.94840076352348,25.159546060643024,25.94840076352348,0,0,0,1,1,28.755,24.395,30.595,22.555,26.235,26.17080548241028,25.194194517589725,,,,,71038262,0.72,0.67,1.1468806020683149,1.5680261174462315,0.06800281955537353,-21.12451193789725,220.57410730488294,220.57410730488294,229.6566788201949,229.6566788201949,226.43046222766122,-241.71934260429236,249.6566788201949,,0.9704790525013249,8.3443565457528,11.161478455607783,,
1634131800,28,28.325,27.685,28.18,25.16460391067171,26.016737988483346,25.16460391067171,26.016737988483346,0,0,0,0,1,28.755,24.395,30.595,22.555,26.235,26.16818519750811,25.196814802491893,,,,,57902530,0.7,0.67,1.1305550053463431,1.636224412518612,0.08795534430080469,-52.779360646453824,209.0129606000927,209.0129606000927,216.72039173661952,216.72039173661952,226.43046222766122,-241.71934260429236,236.72039173661952,,2.121265688527493,8.100313767038083,11.143416092436794,,
1634218200,28.5,28.645,28.24,28.525,25.383850876006036,26.316133147170003,25.383850876006036,26.316133147170003,0,0,0,0,1,28.755,24.395,30.595,22.555,26.235,26.158845672334394,25.206154327665608,,,,,46792224,0.68,0.67,1.6397048570260497,1.9513099675764396,0.1086707106427368,-24.859263892913173,221.44001334586434,221.44001334586434,230.879256564354,230.879256564354,226.43046222766122,-241.71934260429236,250.879256564354,,0.9991235758106929,7.821835720323283,11.123147775720259,,
1634304600,28.845,28.955,28.65,28.665,25.514711347648053,26.531757099220002,25.514711347648053,26.531757099220002,0,0,0,1,1,28.755,24.395,30.595,22.555,26.235,26.22347009374782,25.301529906252174,,,,,45354828,0.68,0.67,1.1236566335512885,1.7253266570434704,0.1755058402188761,-1.301992164560439,232.41706048725956,232.41706048725956,254.37115477005003,254.37115477005003,226.43046222766122,-241.71934260429236,274.37115477005,,0.05232862375719717,7.51714916751677,11.101028256935118,,
1634563800,28.945,29.105,28.525,28.685,25.53849553517395,26.627771891775627,25.53849553517395,26.627771891775627,0,0,0,1,1,28.755,24.395,30.595,22.555,26.235,26.298668696596895,25.3763313034031,,,,,65257544,0.73,0.68,0.8402381679445329,1.8027482866374427,0.1873326488091161,-13.8782333706113,241.43084590503608,241.43084590503608,259.45841674058914,259.45841674058914,226.43046222766122,-241.71934260429236,279.45841674058914,,0.5577828133170651,7.244232839901096,11.079962831473344,,
1634650200,28.805,29.11,28.6475,29.01,25.833486672336587,26.99697970702057,25.833486672336587,26.99697970702057,0,0,0,1,1,28.755,24.395,30.595,22.555,26.235,26.29051312257057,25.389486877429427,,,,,44552506,0.73,0.68,0.9379298178268276,2.00529771288298,0.27527211815622843,-31.090616928547217,246.45158908706514,246.45158908706514,256.4930754511233,256.4930754511233,226.43046222766122,-241.71934260429236,276.4930754511233,,1.2495691140985892,7.0091479879088405,11.060321685184883,,
1634736600,28.79,29.25,28.675,29.245,26.04802545364842,27.27312496641389,26.04802545364842,27.27312496641389,0,0,0,1,0,28.755,24.395,30.595,22.555,26.235,26.359755536758033,25.460244463241967,,,,,50212514,0.71,0.69,1.2810290849487291,2.25829305031722,0.3505809969046844,-48.49447786256442,250.94585206663464,250.94585206663464,259.93437802577364,259.93437802577364,226.43046222766122,-241.71934260429236,279.93437802577364,,1.949051119849548,6.810712816612398,11.042117348391006,,
1634823000,29.02,29.125,28.47005,28.705,26.052880147047723,27.32036710498589,26.052880147047723,27.32036710498589,0,0,0,0,0,28.755,24.395,30.595,22.555,26.235,26.36466798591908,25.45533201408092,,,,,64241756,0.71,0.68,0.8106138339483278,2.0384471429430002,0.12725859864374747,-65.93122038525316,228.66322491335654,228.66322491335654,243.5183096822086,243.5183096822086,226.43046222766122,-241.71934260429236,263.5183096822086,,2.6498546760129953,6.647541909137911,11.025349590803836,,
1634909400,28.81,28.9975,28.5375,28.975,26.057858558342335,27.368375257731543,26.057858558342335,27.368375257731543,0,0,0,0,0,28.755,24.395,30.595,22.555,26.235,26.359572919592665,25.460427080407335,,,,,43005068,0.7,0.69,0.4305834837187957,2.1665090603027743,0.2168584331385177,-60.1927071715163,199.90458550071182,199.90458550071182,228.9804016217097,228.9804016217097,226.43046222766122,-241.71934260429236,,,2.419216960164129,6.481725244472273,11.008154520612749,,
1635168600,29.33,29.56,29.175,29.4,26.20192315552969,27.57867693072257,26.20192315552969,27.57867693072257,0,0,0,0,0,28.755,24.395,30.595,22.555,26.235,26.51726951356993,25.612730486430067,,,,,50112180,0.7,0.69,0.7618945781482038,1.9924185360717832,0.5226206133637429,-19.04163540669552,203.89940158817024,203.89940158817024,220.62006827719654,220.62006827719654,226.43046222766122,-241.71934260429236,240.62006827719654,,0.7653061224489723,6.257551945569398,10.987689289047985,,
1635255000,29.5,29.705,29.3898,29.57,26.359501146435335,27.802986903315897,26.359501146435335,27.802986903315897,0,0,0,0,0,28.755,24.395,30.595,22.555,26.235,26.59065763977258,25.684342360227422,,,,,45503180,0.71,0.69,0.8518218834183532,2.2421545357185932,0.7559209213385218,-15.162559559376936,210.32306132778245,210.32306132778245,217.18773262739185,217.18773262739185,226.43046222766122,-241.71934260429236,237.18773262739185,,0.6094014203584689,6.036055846541519,10.966953449150504,,
1635341400,29.25,29.41,28.655,28.72,26.36410583944945,27.836758005146645,26.36410583944945,27.836758005146645,0,0,0,0,0,28.755,24.395,30.595,22.555,26.235,26.601865364374014,25.673134635625985,,,,,68007568,0.72,0.68,0.3329860145902449,1.4332255942355714,0.36101520951562566,-76.99079909450577,175.4832273793092,175.4832273793092,203.28623087803098,203.28623087803098,226.43046222766122,-241.71934260429236,,,3.0943523841731455,5.9206949264486415,10.951223976493207,,
1635427800,28.565,28.9475,28.56,28.925,26.36851342018981,27.865516514748737,26.36851342018981,27.865516514748737,0,0,0,0,0,28.755,24.395,30.595,22.555,26.235,26.59816794018296,25.67683205981704,,,,,46735006,0.72,0.68,0.2437552189560649,1.648086945716019,0.36407101265950714,-84.98437932836178,128.61565103396006,128.61565103396006,178.396037596674,178.396037596674,226.43046222766122,-241.71934260429236,,,3.4156239431856665,5.822456848673623,10.936167832570515,,
1635514200,29.07,29.135,28.615,28.735,26.373020985783835,27.8952825337782,26.373020985783835,27.8952825337782,0,0,0,0,0,28.755,24.395,30.595,22.555,26.235,26.597958521140225,25.677041478859774,,,,,43997858,0.73,0.67,0.04244601477858944,1.6583062612268369,0.3067848321717102,-70.07788597103097,84.23569002841774,84.23569002841774,147.0092550739219,147.0092550739219,226.43046222766122,-179.41161577800983,,,3.229624619546844,5.720777153413749,10.920770143833204,,
1635773400,29.02,29.31,28.94,29.23,26.378162402395656,27.936498905002583,26.378162402395656,27.936498905002583,0,0,0,0,0,31.439999999999998,27.285,33.175,25.55,29.02,26.5979889286805,25.677011071319498,,,,,49656732,0.71,0.68,0.3288852975665698,2.373696294605714,0.357419803892229,-54.76587087337618,67.64219396254029,67.64219396254029,120.5535680367947,120.5535680367947,226.43046222766122,-136.04541154209505,,,2.130537707135607,5.579983449638136,10.90320724186178,,
1635859800,29.06,29.285,28.86,28.955,26.383135304688572,27.972993065590718,26.383135304688572,27.972993065590718,0,0,0,0,0,31.439999999999998,27.285,33.175,25.55,29.02,26.58894989554545,25.686050104454548,,,,,34125396,0.72,0.68,-0.03277694077125419,2.226059473381167,0.26762468520322746,-61.72026717475745,52.44112554956567,52.44112554956567,97.8494205410517,97.8494205410517,226.43046222766122,-136.04541154209505,,,2.401082177882992,5.455320654667346,10.886219978996689,,
1635946200,28.605,29.015,28.485,28.715,26.387356512871012,27.993497259096962,26.387356512871012,27.993497259096962,0,0,0,0,0,31.439999999999998,27.285,33.175,25.55,29.02,26.589505250656156,25.685494749343842,,,,,46674716,0.72,0.69,-0.3130570401650016,1.7613151136411827,0.42644495217934314,-94.31899983748144,13.818894648866731,13.818894648866731,69.8392452436567,69.8392452436567,226.43046222766122,-136.04541154209505,,,3.6692593845113324,5.385279036229855,10.871800477309405,,
1636032600,29.14,29.215,28.495,28.755,26.39158906729085,28.013585601877473,26.39158906729085,28.013585601877473,0,0,0,0,0,31.439999999999998,27.285,33.175,25.55,29.02,26.58898095664275,25.68601904335725,,,,,76363220,0.73,0.68,0.03024468092024048,1.387042474690821,0.4677249054697313,-93.44970029980865,-15.333796502059101,-15.333796502059101,41.4482313284181,41.4482313284181,226.43046222766122,-136.04541154209505,,,3.6354413256679043,5.316657949541152,10.857342217266165,,
1636119000,29.15,29.26,28.8875,29.13,26.396589538684875,28.048124401803847,26.396589538684875,28.048124401803847,0,0,0,0,0,31.439999999999998,27.285,33.175,25.55,29.02,26.58686305502363,25.68813694497637,,,,,45207026,0.72,0.69,0.09271230781287208,1.4468667716284342,0.47078804736509533,-59.32969344615772,-7.563866515198248,-7.563866515198248,25.110865380545988,25.110865380545988,226.43046222766122,-136.04541154209505,,,2.3080825160635814,5.198674599208698,10.840260779301724,,
1636381800,29.375,29.7,29.2325,29.395,26.40226243670948,28.09470285663507,26.40226243670948,28.09470285663507,0,0,0,0,0,31.439999999999998,27.285,33.175,25.55,29.02,26.584723270718694,25.690276729281305,,,,,40022316,0.69,0.68,-0.0029993612254816115,1.1745081495638896,0.4268822668808462,-29.33885939645145,25.16038866598416,25.16038866598416,25.259435236860504,25.259435236860504,226.43046222766122,-136.04541154209505,,,1.1413594859655007,5.039564202610926,10.820882355139215,,
1636468200,29.43,29.5225,29.01,29.515,26.407483890382387,28.13081647010036,26.407483890382387,28.13081647010036,0,0,0,0,0,31.439999999999998,27.285,33.175,25.55,29.02,26.58442319319877,25.690576806801225,,,,,39377974,0.69,0.68,-0.03329427462253302,1.1997544493647965,0.4734986486425781,-48.68077410966768,33.85963608365325,33.85963608365325,51.25813091899143,51.25813091899143,226.43046222766122,-136.04541154209505,,,1.8938112952316493,4.916201343498013,10.803046049325214,,
1636554600,29.39,29.485,28.5625,28.735,26.411809746745263,28.148140334017995,26.411809746745263,28.148140334017995,0,0,0,0,0,31.439999999999998,27.285,33.175,25.55,29.02,26.594508288543352,25.680491711456646,,,,,72032914,0.72,0.68,0.009380035408999008,0.8979019980136524,0.515945086320883,-87.58192842051842,35.30318962401612,35.30318962401612,38.190296704741854,38.190296704741854,226.43046222766122,-136.04541154209505,,,3.4071694284748064,4.8570236213402405,10.788269073059778,,
1636641000,28.755,29.04,28.755,28.845,26.416507729269245,28.172258360134936,26.416507729269245,28.172258360134936,0,0,0,0,0,31.439999999999998,27.285,33.175,25.55,29.02,26.592136419289098,25.6828635807109,,,,,48996570,0.72,0.68,-0.049692681301133204,1.1151899674475607,0.6489525255701899,-70.8479123203202,14.206413648081565,14.206413648081565,28.27093096537127,28.27093096537127,226.43046222766122,-136.04541154209505,,,2.7561717957389287,4.774637275238228,10.772220926651546,,
1636727400,28.725,28.89,28.6,28.775,26.42088973180817,28.18941293424729,26.42088973180817,28.18941293424729,0,0,0,0,0,31.439999999999998,27.285,33.175,25.55,29.02,26.58706335440489,25.68793664559511,,,,,34189972,0.71,0.68,0.02500834317640829,0.7147338674342656,0.6711699676022098,-84.3220551542459,-11.669985907665072,-11.669985907665072,14.957292007692491,14.957292007692491,226.43046222766122,-136.04541154209505,,,3.2803517078119673,4.716037841221512,10.757252156983535,,
1636986600,28.75,29.1825,28.505,29.015,26.425075067009352,28.202206544668964,26.425075067009352,28.202206544668964,0,0,0,0,0,31.439999999999998,27.285,33.175,25.55,29.02,26.58530936033844,25.689690639661556,,,,,42751312,0.69,0.66,-0.1321524862569944,0.6274613380838312,0.5869879784867884,-92.5804007621362,-22.227565754732325,-22.227565754732325,2.5623394202175547,2.5623394202175547,226.43046222766122,-136.04541154209505,,,3.6016232668244887,4.672335308892217,10.742955196164036,,
1637073000,29.1,29.295,28.92,29.06,26.43007291902332,28.230610209583908,26.43007291902332,28.230610209583908,0,0,0,0,0,31.439999999999998,27.285,33.175,25.55,29.02,26.578172447925652,25.696827552074343,,,,,40958830,0.68,0.66,0.06517402706102841,0.5806581027045812,0.6073712908972149,-56.50446994872143,-3.2076738465068075,-3.2076738465068075,0.6390016646427674,0.6390016646427674,226.43046222766122,-136.04541154209505,,,2.1981738248224505,4.575309368340461,10.725882705911605,,
1637159400,28.775,29.19,28.515,28.615,26.434259686417878,28.242176475874736,26.434259686417878,28.242176475874736,0,0,0,0,0,31.439999999999998,27.285,33.175,25.55,29.02,26.57924813491261,25.710751865087392,,,,,47338978,0.7,0.66,-0.06355596756858238,0.5359282620608976,0.5645437399552279,-91.71110122446342,-23.66017457322951,-23.66017457322951,-7.460723747981325,-7.460723747981325,226.43046222766122,-136.04541154209505,,,3.567805207981061,4.5357994012675436,10.711580852768886,,
1637245800,28.55,28.7725,28.1,28.445,26.43761720952194,28.237177398389452,26.43761720952194,28.237177398389452,0,0,0,0,0,31.439999999999998,27.285,33.175,25.55,29.02,26.910749269432944,26.029250730567057,,,,,57910922,0.71,0.66,-0.1967054438238385,0.38582412918720915,0.7277817935657291,-130.1099755356493,-61.727774380775294,-61.727774380775294,-25.54974062557931,-25.54974062557931,226.43046222766125,-142.63458542495744,,,4.971254649983087,4.552876077687761,10.700111669546537,,
1637332200,27.83,27.905,27.275,27.335,26.43933615615626,28.200344951393788,26.43933615615626,28.200344951393788,0,0,0,0,0,31.439999999999998,27.285,33.175,25.55,29.02,26.918997336674707,26.02100266332529,,,,,91379624,0.71,0.65,-1.0985392378456535,-0.34569922053404256,0.5420618275163279,-290.27581021791354,-104.85953217950637,-104.85953217950637,-51.98633781022166,-51.98633781022166,226.43046222766122,-316.3853028798371,,,7.761244504565444,4.678694447369239,10.694239807079043,,
1637591400,27.295,28.24,27.29,27.82,26.44108133866144,28.1655392670254,26.44108133866144,28.1655392670254,0,0,0,0,0,31.439999999999998,27.285,33.175,25.55,29.02,26.919412006831056,26.02058799316894,,,,,67794658,0.73,0.64,-0.9550556739387517,-0.13146873377002996,0.8494914473816256,-288.3785827001493,-125.44096555966041,-125.44096555966041,-76.47121372670125,-76.47121372670125,226.43046222766122,-316.3853028798371,,,7.710517416300308,4.797589465758692,10.688278323780784,,
1637677800,28.185,28.77,28.16,28.675,26.444543913409372,28.165874982044016,26.444543913409372,28.165874982044016,0,0,0,0,0,31.439999999999998,27.285,33.175,25.55,29.02,26.928597028808323,26.011402971191675,,,,,67727298,0.72,0.64,-0.5001242909162212,0.1690645592539601,1.2960079175625294,-178.3393866698291,-107.69193900888469,-107.69193900888469,-86.87812215409573,-86.87812215409573,226.43046222766122,-316.3853028798371,,,4.768346296922557,4.796442674823942,10.676450287763085,,
1637764200,28.525,29.12,28.48625,28.955,26.448644899596367,28.178863708238367,26.448644899596367,28.178863708238367,0,0,0,0,0,31.439999999999998,27.285,33.175,25.55,29.02,26.92521454002114,26.01478545997886,,,,,42868648,0.72,0.66,0.13674510881679128,0.28359620058647583,1.291049992775971,-133.2059759109397,-81.58180095879803,-81.58180095879803,-70.98915856820263,-70.98915856820263,211.11036172748356,-316.3853028798371,,,3.665032127155908,4.752073633738921,10.662441460269365,,
1637937000,27.52,27.88,27.07,27.79,26.44993631837839,28.136359249091765,26.44993631837839,28.136359249091765,0,0,0,0,0,31.439999999999998,27.285,33.175,25.55,29.02,26.94109594891328,25.99890405108672,,,,,89454462,0.7,0.64,-0.6391404378610394,-0.259965333314384,0.748670291577733,-282.0832431055191,-77.55067844968592,-77.55067844968592,-69.48843343146169,-69.48843343146169,211.11036172748356,-316.3853028798371,,,8.454514710855596,4.897267401468987,10.658030018212594,,
1638196200,28.395,28.68,27.86,27.95,26.452787794265745,28.126192219715616,26.452787794265745,28.126192219715616,0,0,0,0,0,31.439999999999998,27.285,33.175,25.55,29.02,26.938981648051367,26.001018351948634,,,,,70882440,0.73,0.64,-0.5011729547013882,-0.2517343489749242,0.86145241121717,-190.93978214299972,-73.01485703975136,-73.01485703975136,-63.94321421988226,-63.94321421988226,211.11036172748356,-316.3853028798371,,,5.782888062225231,4.931997623459428,10.648289474843988,,
1638282600,27.425,27.84,27.16,27.295,26.45424895751397,28.089247426785594,26.45424895751397,28.089247426785594,0,0,0,0,0,31.439999999999998,27.285,33.175,25.55,29.02,26.945871627485953,25.994128372514044,,,,,92523934,0.71,0.63,-1.0336875018381848,-0.487845959064568,0.7271600945970422,-271.69981084396625,-75.00172990908254,-75.00172990908254,-73.67714799619509,-73.67714799619509,211.11036172748356,-316.3853028798371,,,8.150152181264795,5.058199762981207,10.643298191540135,,
1638369000,27.935,28.19,26.99,27.005,26.455370937618834,28.04715144926459,26.455370937618834,28.04715144926459,0,0,0,0,0,29.25,25.755000000000003,30.564999999999998,24.44,27.935,26.944464771762746,25.99553522823725,,,,,89599352,0.71,0.63,-1.2308851443337159,-0.6945561077179971,0.5006177355321485,-282.0832431055191,-87.28454312667083,-87.28454312667083,-78.21294637302033,-78.21294637302033,211.11036172748356,-316.3853028798371,,,8.725059181602981,5.20199817155461,10.639465546165635,,
1638455400,27.02,27.89,26.7,27.79,26.455917049631584,27.995447470862057,26.455917049631584,27.995447470862057,0,0,0,0,0,29.25,25.755000000000003,30.564999999999998,24.44,27.935,26.946556370553672,25.993443629446325,,,,,100743820,0.68,0.63,-0.49626635682584186,-0.4944306399436664,0.736132601529808,-282.08324310551905,-91.71775028994837,-91.71775028994837,-82.71454767866301,-82.71454767866301,211.11036172748356,-316.3853028798371,,,9.705782888062227,5.378617180045105,10.637600046349245,,
1638541800,28.165,28.29,27.305,27.57,26.45765877380814,27.969259334749818,26.45765877380814,27.969259334749818,0,0,0,0,0,29.25,25.755000000000003,30.564999999999998,24.44,27.935,26.947012211869666,25.992987788130332,,,,,75880224,0.71,0.63,-0.5363895503079587,-0.39806672574927643,0.6349112250573999,-221.45789245584265,-82.43086829317839,-82.43086829317839,-81.86350952220917,-81.86350952220917,211.11036172748356,-316.3853028798371,,,7.6597903280351725,5.46807495055452,10.631650376582384,,
1638801000,27.995,28.31,27.65,27.98,26.460079435598736,27.957492302014533,26.460079435598736,27.957492302014533,0,0,0,0,0,29.25,25.755000000000003,30.564999999999998,24.44,27.935,26.948088350917455,25.991911649082542,,,,,63939094,0.7,0.65,0.4116965363451622,-0.34591993094894763,0.6686116500671222,-186.88641150685373,-71.19388467448192,-71.19388467448192,-48.719917437088995,-48.719917437088995,211.11036172748356,-316.3853028798371,,,6.493067297937103,5.508270728883248,10.623381479322353,,
1638887400,28.37,28.905,28.335,28.635,26.46385020595718,27.97278083919043,26.46385020595718,27.97278083919043,0,0,0,0,0,29.25,25.755000000000003,30.564999999999998,24.44,27.935,26.950181472269506,25.989818527730492,,,,,73686692,0.69,0.65,0.5143857880665021,-0.2637800554916006,0.9338011716536817,-109.39393738784993,-47.714668722277665,-47.714668722277665,-0.7562368178691372,-0.7562368178691372,171.62754127822382,-316.3853028798371,,,4.176530267162662,5.456045612737343,10.610500657719635,,
1638973800,28.795,28.935,28.57,28.63,26.46807827747375,27.99659335530061,26.46807827747375,27.99659335530061,0,0,0,0,0,29.25,25.755000000000003,30.564999999999998,24.44,27.935,26.95028241089962,25.989717589100373,,,,,47029972,0.69,0.65,-0.028163328614226754,-0.32937512481655473,1.005558972396226,-82.09849442893466,-18.306611040289138,-18.306611040289138,40.50950432368792,40.50950432368792,140.93806177480155,-316.3853028798371,,,3.3818058843422385,5.374702878290476,10.59605771111948,,
1639060200,28.45,28.525,28.235,28.41,26.471635263932342,28.006466164896665,26.471635263932342,28.006466164896665,0,0,0,0,0,29.25,25.755000000000003,30.564999999999998,24.44,27.935,26.951441823013838,25.988558176986164,,,,,46798814,0.67,0.64,-0.3379817556704794,-0.11190176986710378,0.835518432389327,-111.20219351220786,7.545378221895081,7.545378221895081,59.24935674626352,59.24935674626352,140.93806177480155,-316.3853028798371,,,4.514710855596891,5.340977700929943,10.583907167951603,,
1639146600,28.715,28.735,28.11005,28.62,26.474937989678732,28.011100805488955,26.474937989678732,28.011100805488955,0,0,0,0,0,29.25,25.755000000000003,30.564999999999998,24.44,27.935,26.944030530817738,25.99596946918226,,,,,39051252,0.69,0.64,0.5457417124792915,-0.11124063212798174,1.0961230692048702,-83.8207049477398,29.5020638984277,29.5020638984277,73.41543525149294,73.41543525149294,140.93806177480155,-316.3853028798371,,,4.937267500845448,5.32514592837761,10.572625170614728,,
1639405800,28.365,28.45,27.69,27.825,26.477403248440613,27.999245871940367,26.477403248440613,27.999245871940367,0,0,0,0,0,29.25,25.755000000000003,30.564999999999998,24.44,27.935,26.951535440965213,25.98846455903479,,,,,57207936,0.71,0.64,-0.08078217579528096,-0.3302607090954325,0.808768003849478,-120.8846421163257,35.43620196415929,35.43620196415929,47.30447809562247,47.30447809562247,140.93806177480155,-316.3853028798371,,,6.357795062563405,5.365641972855484,10.564203931637602,,
1639492200,27.655,28.1351,27.615,27.71,26.47971522996221,27.984944073040744,26.47971522996221,27.984944073040744,0,0,0,0,0,29.25,25.755000000000003,30.564999999999998,24.44,27.935,26.937770015909962,26.00222998409004,,,,,57597698,0.69,0.64,0.2746116233401812,-0.5422606153944174,0.7186661957238014,-124.90494169560971,11.289573388014475,11.289573388014475,27.38732577211102,27.38732577211102,131.62149310508937,-316.3853028798371,,,6.611430503889084,5.414496425052881,10.556306282431311,,
1639578600,27.67,27.7375,26.96,27.575,26.480726987744504,27.945773717235227,26.480726987744504,27.945773717235227,0,0,0,0,0,29.25,25.755000000000003,30.564999999999998,24.44,27.935,26.9362559996778,26.003744000322197,,,,,67716182,0.74,0.64,0.38443192182842256,-0.5011683753981258,0.7885840054167718,-181.52275263721805,-29.764440687383946,-29.764440687383946,8.336736952279367,8.336736952279367,131.62149310508937,-316.3853028798371,,,8.82651335813324,5.5483010106638755,10.552850152712434,,
1639665000,27.815,28.3175,27.705,27.75,26.483210350406353,27.937062983226,26.483210350406353,27.937062983226,0,0,0,0,0,29.25,25.755000000000003,30.564999999999998,24.44,27.935,26.935485673975176,26.004514326024818,,,,,53731808,0.73,0.64,-0.026252577318538004,-0.3538819136095917,0.713598028834813,-117.12539515401465,-44.65044835824004,-44.65044835824004,-9.325658151227103,-9.325658151227103,131.62149310508937,-316.3853028798371,,,6.307067974298282,5.578056577865225,10.54436707143688,,
1639751400,27.55,27.675,26.94,27.185,26.484175564491455,27.8989938466289,26.484175564491455,27.8989938466289,0,0,0,0,0,29.25,25.755000000000003,30.564999999999998,24.44,27.935,27.01348876291998,26.116511237080015,,,,,69669148,0.74,0.64,-0.2530126638368121,-0.5711418038143266,0.5199762000220943,-174.80701829850378,-81.32515842184733,-81.32515842184733,-33.32549157476718,-33.32549157476718,131.62149310508937,-316.3853028798371,,,8.894149475820084,5.708099436608553,10.5410699333837,,
1640010600,26.115,26.525,25.83,26.505,26.482943245681284,27.81932349970228,26.482943245681284,27.81932349970228,0,0,0,0,0,29.25,25.755000000000003,30.564999999999998,24.44,27.935,27.35332939270415,26.42667060729585,,,,,72661586,0.73,0.64,-0.9459649709114465,-0.9335959098540138,0.35881772643575993,-239.5758267299072,-124.27700167694866,-124.27700167694866,-63.64266160882767,-63.64266160882767,131.62149310508937,-316.3853028798371,,,12.64795400743998,5.980250596249001,10.545279491973222,,
1640097000,26.775,27.3575,26.765,27.26,26.483562839596004,27.77907748010611,26.483562839596004,27.77907748010611,0,0,0,0,0,29.25,25.755000000000003,30.564999999999998,24.44,27.935,27.52978054945875,26.600219450541246,,,,,50319372,0.73,0.64,-0.8551424994955871,-0.7467870316903213,0.6126030580802108,-167.8947393723188,-131.48367126154753,-131.48367126154753,-86.25633149306762,-86.25633149306762,131.62149310508937,-316.3853028798371,,,9.485965505579978,6.117729612301196,10.543162980511896,,
1640183400,27.29,27.62,26.96,27.435,26.484566909846563,27.74798032402352,26.484566909846563,27.74798032402352,0,0,0,0,0,29.25,25.755000000000003,30.564999999999998,24.44,27.935,27.84676268586559,26.933237314134416,,,,,42206152,0.73,0.64,-0.7439014927564394,-0.725151572318975,0.7788852135693501,-152.94520778437257,-115.35399072849768,-115.35399072849768,-95.95555123821097,-95.95555123821097,131.62149310508937,-316.3853028798371,,,8.82651335813324,6.223956425863237,10.539733111136515,,
1640269800,27.555,27.83,27.44,27.45,26.486518424512205,27.73673795837554,26.486518424512205,27.73673795837554,0,0,0,0,0,29.25,25.755000000000003,30.564999999999998,24.44,27.935,28.23005016366548,27.304949836334515,,,,,33370552,0.7,0.64,-0.6046778812073292,-0.4620142620873251,0.8560326797451091,-116.14636079865878,-92.36232262898945,-92.36232262898945,-85.17586541054638,-85.17586541054638,131.62149310508937,-316.3853028798371,,,7.203246533648964,6.262359959501893,10.533066804288389,,
1640615400,27.36,28.075,27.13,28.05,26.487852853234457,27.713901175694144,26.487852853234457,27.713901175694144,0,0,0,0,0,29.25,25.755000000000003,30.564999999999998,24.44,27.935,28.2203672203155,27.314632779684498,,,,,43484312,0.69,0.64,-0.3586328354930305,-0.28653704756925913,1.1606391103044893,-139.91228281026574,-77.68539592882506,-77.68539592882506,-48.33154252849628,-48.33154252849628,131.62149310508937,-316.3853028798371,,,8.251606357795067,6.340369622180057,10.528508441757932,,
1640701800,28.12,28.304,27.875,28.03,26.490658242139084,27.72088348252967,26.490658242139084,27.72088348252967,0,0,0,0,0,29.25,25.755000000000003,30.564999999999998,24.44,27.935,28.220323630005026,27.314676369994967,,,,,35881466,0.69,0.64,0.13286273786051578,-0.2695658189242215,1.348227107617483,-58.9159585441928,-52.19535190285862,-52.19535190285862,-1.2152638509257159,-1.2152638509257159,131.62149310508937,-316.3853028798371,,,5.732160973960096,6.316518302642019,10.51892532993416,,
1640788200,27.985,28.12,27.715,27.85,26.493141542354593,27.721380208704975,26.493141542354593,27.721380208704975,0,0,0,0,0,29.25,25.755000000000003,30.564999999999998,24.44,27.935,28.2210359235099,27.313964076490098,,,,,30218132,0.68,0.65,0.09111047690149383,-0.41804163061964256,1.285009992817483,-71.31931823770705,-24.41199762893683,-24.41199762893683,31.154710918906737,31.154710918906737,131.62149310508937,-316.3853028798371,,,6.273249915454854,6.314821503144484,10.510442461973161,,
1640874600,27.86,28.08,27.655,27.68,26.495501199612622,27.71952804365772,26.495501199612622,27.71952804365772,0,0,0,0,0,29.25,25.755000000000003,30.564999999999998,24.44,27.935,28.218178492552646,27.316821507447354,,,,,27179974,0.67,0.65,0.06887454878157986,-0.49591567730708846,0.9814479111400344,-75.9705781227748,-1.7504220025182597,-1.7504220025182597,43.572729250318886,43.572729250318886,131.62149310508937,-316.3853028798371,,,6.476158268515385,6.321148435119813,10.502381954094124,,
1640961000,27.61,27.8925,27.565,27.75,26.49767812029272,27.71425439488683,26.49767812029272,27.71425439488683,0,0,0,0,0,29.25,25.755000000000003,30.564999999999998,24.44,27.935,28.203810633661565,27.331189366338435,,,,,26482352,0.68,0.64,0,-0.3170502975389907,0.8882969431275001,-82.94746795037655,12.570996993262694,12.570996993262694,41.2138349848246,41.2138349848246,131.62149310508937,-316.3853028798371,,,6.780520798106185,6.339163037589866,10.494945668068175,,
1641220200,27.79,28.655,27.775,28.61,26.50026607609633,27.71734049704813,26.50026607609633,27.71734049704813,0,0,0,0,0,30.487499999999997,26.237499999999997,32.04,24.685,27.79,28.212855776942337,27.322144223057663,,,,,65054282,0.68,0.65,0.9393963682976376,0.060017890745286157,1.0350135811121892,-72.29963634426063,33.438376974762505,33.438376974762505,75.17313693776214,75.17313693776214,169.46548128635936,-316.3853028798371,,,6.070341562394324,6.328621018954747,10.48610530022467,,
1641306600,29,29.715,28.905,29.6,26.531916534584756,27.791205567326855,26.531916534584756,27.791205567326855,0,0,0,0,0,30.487499999999997,26.237499999999997,32.04,24.685,27.79,28.232414243515812,27.312585756484186,,,,,79957594,0.71,0.66,2.0573564576771797,0.8428789347300271,1.3658280609552034,-70.6085046113809,60.88151839742069,60.88151839742069,115.76780124273706,115.76780124273706,290.535437944916,-316.3853028798371,,,2.347972972972974,6.172517174014286,10.469845295574817,,
1641393000,29.89,30.22,29.55,29.595,26.537947670379793,27.860197505863056,26.537947670379793,27.860197505863056,0,0,0,0,0,30.487499999999997,26.237499999999997,32.04,24.685,27.79,28.487237955498088,27.562762044501905,,,,,90804032,0.71,0.65,1.5134856388354438,0.650875426627837,1.1800976847368312,-5.079748533192939,88.42778352071758,88.42778352071758,143.5203137673114,143.5203137673114,290.535437944916,-316.3853028798371,,,0.1689189189189213,5.937081948324272,10.449264024092987,,
1641479400,30.29,30.4225,29.83,30.255,27.130602126271473,28.529935811774276,27.130602126271473,28.529935811774276,0,0,0,1,0,30.487499999999997,26.237499999999997,32.04,24.685,27.79,28.595355133194694,27.657144866805304,,,,,74681346,0.75,0.66,1.8167110120480172,0.5622568276702361,1.4241945819343962,-42.24309142129656,112.71565226595179,112.71565226595179,161.29138975642022,161.29138975642022,290.535437944916,-316.3853028798371,,,1.4047264914890123,5.759342518644457,10.43119302003184,,
1641565800,30.37,30.75,30.16,30.67,27.508064959219706,28.97005106076049,27.508064959219706,28.97005106076049,0,0,0,1,0,30.487499999999997,26.237499999999997,32.04,24.685,27.79,28.75249642489902,27.827503575100977,,,,,71169174,0.76,0.66,2.074494065749299,0.6047537940409657,1.5760367273162488,-50.00579319014005,133.8845047038552,133.8845047038552,176.22220957966206,176.22220957966206,290.535437944916,-316.3853028798371,,,1.6628627323117102,5.598696252513761,10.413673878597834,,
1641825000,30.74,30.8,30.1753,30.575,27.51340398427621,29.01750972504439,27.51340398427621,29.01750972504439,0,0,0,1,0,30.487499999999997,26.237499999999997,32.04,24.685,27.79,28.777825417906005,27.85217458209399,,,,,66472964,0.73,0.65,1.6050482223613358,1.0316576275310705,1.6774749783141267,-48.505619394435854,152.66022761884682,152.66022761884682,190.21167344883,190.21167344883,290.535437944916,-316.3853028798371,,,1.6129768503423594,5.442393530859981,10.396090068351569,,
1641911400,30.84,31.67,30.58005,31.615,28.365597421856243,29.938213258940294,28.365597421856243,29.938213258940294,0,0,0,1,0,30.487499999999997,26.237499999999997,32.04,24.685,27.79,29.233922889157814,28.266077110842186,,,,,76887740,0.77,0.66,2.2763949375898154,1.3474513326893756,1.7385917938813973,-98.44419296857019,172.82463282330048,172.82463282330048,213.15344323220782,213.15344323220782,290.535437944916,-316.3853028798371,233.15344323220782,,3.273604301755491,5.357342972855883,10.38185932755917,,
1641997800,31.785,31.8675,31.445,31.675,28.42548028653173,30.051982722813854,28.42548028653173,30.051982722813854,0,0,0,1,0,30.487499999999997,26.237499999999997,32.04,24.685,27.79,29.334234429947696,28.363265570052302,,,,,60496700,0.74,0.65,2.444457470427263,1.64894674666374,1.79739191277895,-21.836102929109458,192.47008645700637,192.47008645700637,231.76099372441814,231.76099372441814,290.535437944916,-316.3853028798371,251.76099372441814,,0.7261247040252579,5.175726570156643,10.362567150489172,,
1642084200,31.675,31.93,31.385,31.515,28.431399207038158,30.104371635644686,28.431399207038158,30.104371635644686,0,0,0,1,1,30.487499999999997,26.237499999999997,32.04,24.685,27.79,29.365149071903517,28.39485092809648,,,,,59553976,0.74,0.65,2.5104017700516756,1.7470916290551837,1.8370595510690648,-27.532477606268316,206.95888119762355,206.95888119762355,235.9364706788579,235.9364706788579,290.535437944916,-316.3853028798371,255.9364706788579,,0.9155485398579294,5.00866076504689,10.343691988429969,,
1642170600,31.545,32.3075,31.525,32.255,28.957161160752204,30.68999183080505,28.957161160752204,30.68999183080505,0,0,0,1,1,30.487499999999997,26.237499999999997,32.04,24.685,27.79,29.563230655886965,28.574269344113027,,,,,64800942,0.75,0.66,2.9302765973292177,1.6743609929868752,2.1186314710986736,-68.05965357633364,217.94983365923588,217.94983365923588,239.9317385824605,239.9317385824605,290.535437944916,-316.3853028798371,259.9317385824605,,2.263215005425528,4.900996225453895,10.327547179273116,,
1642516200,32.6,32.765,31.89,32.385,29.07950613179315,30.856086827146694,29.07950613179315,30.856086827146694,0,0,0,1,1,30.487499999999997,26.237499999999997,32.04,24.685,27.79,29.795913718280186,28.799086281719813,,,,,82182330,0.75,0.66,2.3824315097750848,1.8206238355905773,2.1350457015781665,-45.964783392522165,229.77706428574118,229.77706428574118,253.43152553875177,253.43152553875177,290.535437944916,-316.3853028798371,273.43152553875177,,1.5284854099119884,4.768740899354212,10.30996663627739,,
1642602600,32.635,32.67,31.895,32.15,29.08514128437698,30.89702067706251,29.08514128437698,30.89702067706251,0,0,0,1,1,30.487499999999997,26.237499999999997,32.04,24.685,27.79,29.795805620607517,28.799194379392482,,,,,65978056,0.74,0.66,1.561251585836559,1.5593806490744402,2.086955607777448,-45.50049265118364,238.0277527088764,238.0277527088764,254.52912955514682,254.52912955514682,290.535437944916,-316.3853028798371,274.5291295551468,,1.5130461633472239,4.641066595981389,10.29239037159621,,
1642689000,31.94,32.71,31.79,31.855,29.090557485606997,30.932272807373785,29.090557485606997,30.932272807373785,0,0,0,0,1,30.487499999999997,26.237499999999997,32.04,24.685,27.79,29.796782604962516,28.798217395037483,,,,,83980804,0.73,0.66,1.3935446616448268,1.1847558287165814,1.8003654147886854,-55.250598219294496,235.5485531173617,235.5485531173617,237.20135284503817,237.20135284503817,290.535437944916,-316.3853028798371,257.2013528450382,,1.8372703412073457,4.531113801676525,10.275497024882148,,
1642775400,31.495,31.695,30.8925,31.225,29.094187590530858,30.931298383555205,29.094187590530858,30.931298383555205,0,0,0,0,0,30.487499999999997,26.237499999999997,32.04,24.685,27.79,29.79753609702922,28.797463902970776,,,,,114539554,0.75,0.65,0.5822074898813095,0.950295336447689,1.7491063269890674,-138.59078628957508,174.22186308991706,174.22186308991706,216.20818959333113,216.20818959333113,290.535437944916,-316.3853028798371,,,4.608615099583139,4.534153068261098,10.26417458347296,,
1643034600,30.485,31.545,29.92,31.435,29.095886816124203,30.89260629008245,29.095886816124203,30.89260629008245,0,0,0,0,0,30.487499999999997,26.237499999999997,32.04,24.685,27.79,29.79704911296869,28.797950887031305,,,,,124589282,0.76,0.66,0.4535012144495709,1.1176975865225856,1.5205550322357992,-228.89533547993443,109.49310740123988,109.49310740123988,180.6364955293007,180.6364955293007,290.535437944916,-316.3853028798371,,,7.611548556430435,4.654835244267739,10.258874631370976,,
1643121000,31.315,32.775,30.735,32.655,29.341293485904412,31.13463591878925,29.341293485904412,31.13463591878925,0,0,0,0,0,30.487499999999997,26.237499999999997,32.04,24.685,27.79,29.817820634889276,28.78717936511072,,,,,118434422,0.74,0.66,1.2175895169037236,1.456858302503172,1.8754038753965434,-176.81351623850392,89.65335849580954,89.65335849580954,150.30878318480364,150.30878318480364,290.535437944916,-316.3853028798371,,,5.879650895728071,4.702867230599517,10.250124933597464,,
1643207400,33,33.265,32.245,32.6,29.34710328912938,31.178340392562223,29.34710328912938,31.178340392562223,0,0,0,0,0,30.487499999999997,26.237499999999997,32.04,24.685,27.79,30.067043328339725,29.027956671660274,,,,,130725472,0.72,0.67,0.5618714666952064,1.7867817551997136,1.935530900399432,-37.75705294676416,94.10158186283034,94.10158186283034,131.57304941081253,131.57304941081253,290.535437944916,-316.3853028798371,,,1.255550451691942,4.567678337309023,10.232153755811439,,
1643293800,33.175,33.53,32.41,32.955,29.62230567300913,31.502055784453336,29.62230567300913,31.502055784453336,0,0,0,0,0,30.487499999999997,26.237499999999997,32.04,24.685,27.79,30.189911641580355,29.17008835841964,,,,,108901374,0.73,0.67,0.7289756638757234,1.9713694558550503,2.3764728565868767,-49.732364337713605,103.61079934521989,103.61079934521989,122.25229938894832,122.25229938894832,290.535437944916,-316.3853028798371,,,1.6537702928235525,4.453407433603711,10.215014128512761,,
1643380200,32.735,33.135,32.13,32.815,29.627332534801322,31.527004577219873,29.627332534801322,31.527004577219873,0,0,0,0,0,30.487499999999997,26.237499999999997,32.04,24.685,27.79,30.190119073006432,29.169880926993567,,,,,105302396,0.72,0.67,0.7444705662538168,1.980052154071461,2.3225038599059875,-75.28293684149246,104.45950034250923,104.45950034250923,116.32136637346862,116.32136637346862,290.535437944916,-316.3853028798371,,,2.5034137460172836,4.376937092914047,10.199606335540743,,
1643639400,32.74,33.17,32.22,32.96,29.637013613020407,31.55906682397755,29.637013613020407,31.55906682397755,0,0,0,0,0,30.487499999999997,26.237499999999997,32.04,24.685,27.79,30.18915915394248,29.17084084605752,,,,,63298364,0.7,0.67,0.39614419811295004,1.9646054179298145,2.1177816262932923,-67.51626933923353,113.38407219114225,113.38407219114225,115.34226831269316,115.34226831269316,290.535437944916,-316.3853028798371,,,2.245145631067967,4.293337427743612,10.183713307160177,,
1643725800,32.765,34.215,32.69,34.135,30.69756934705983,32.6849216517866,30.69756934705983,32.6849216517866,0,0,0,0,0,36.4075,29.8875,39.285000000000004,27.009999999999998,32.765,30.549235727275693,29.49576427272431,,,,,90444642,0.72,0.69,0.9632646622629062,2.631154321497997,2.0876863026470183,-127.30101318982007,126.24446856505432,126.24446856505432,148.04886906977663,148.04886906977663,290.535437944916,-316.3853028798371,,,4.233191738684636,4.290978773270711,10.171824153177209,,
1643812200,33.96,34.31,33.54,34.245,30.801987850475985,32.81992725527888,30.801987850475985,32.81992725527888,0,0,0,0,0,36.4075,29.8875,39.285000000000004,27.009999999999998,32.765,30.595607438019563,29.544392561980434,,,,,65197066,0.71,0.68,1.161909296588878,3.006226517176964,2.053978904908146,-48.74203818337033,142.91002549431346,142.91002549431346,176.2411393528317,176.2411393528317,290.535437944916,-187.30158730158485,,,2.058694699956193,4.203438221376024,10.155614104319625,,
1643898600,34.105,34.175,33.55005,33.92,30.807492369256252,32.84883204918951,30.807492369256252,32.84883204918951,0,0,0,0,0,36.4075,29.8875,39.285000000000004,27.009999999999998,32.765,30.595990808847496,29.5440091911525,,,,,61962548,0.72,0.7,1.1644079390088302,2.533672405851122,1.7186497069289108,-48.04720487309679,156.28193017786586,156.28193017786586,183.0257395449707,183.0257395449707,290.535437944916,-187.30158730158485,,,2.0293473499780954,4.118179755831007,10.139377807108152,,
1643985000,34.35,35,34.27,34.45,30.99846771977496,33.09356541108584,30.99846771977496,33.09356541108584,0,0,0,0,1,36.4075,29.8875,39.285000000000004,27.009999999999998,32.765,30.949237957497424,29.880762042502578,,,,,81733448,0.72,0.69,1.8605102900049595,2.6592972709474014,1.817612557923653,-12.370721163001711,168.25947427009876,168.25947427009876,192.2145624545646,192.2145624545646,290.535437944916,-187.30158730158485,,,0.5224963715529745,3.9771725642906923,10.120163258785364,,
1644244200,34.285,35.215,34.025,34.89,31.399657546784283,33.53653140239987,31.399657546784283,33.53653140239987,0,0,0,0,1,36.4075,29.8875,39.285000000000004,27.009999999999998,32.765,31.058553220359038,29.986446779640964,,,,,65164916,0.72,0.7,2.01475382594395,2.868516560755361,1.951291847013533,-58.69848294904306,182.16623896886952,182.16623896886952,209.97976836641104,209.97976836641104,290.535437944916,-187.30158730158485,229.97976836641104,,2.479220406993414,3.918429342435897,10.104896639700865,,
1644330600,34.785,34.855,33.9,34.14,31.40467301622128,33.55117330818811,31.40467301622128,33.55117330818811,0,0,0,0,1,36.4075,29.8875,39.285000000000004,27.009999999999998,32.765,31.066106963254114,29.978893036745887,,,,,75764248,0.72,0.68,0.8280356313748541,2.282422603039789,1.8864421711357215,-67.1809226815637,187.77144683019483,187.77144683019483,198.98186255284546,198.98186255284546,290.535437944916,-187.30158730158485,,,2.8374892519346573,3.87603953496526,10.090376345219813,,
1644417000,34.22,34.69,34.135,34.425,31.41014329990515,33.574364551004265,31.41014329990515,33.574364551004265,0,0,0,0,1,36.4075,29.8875,39.285000000000004,27.009999999999998,32.765,31.066543245876925,29.978456754123073,,,,,70791430,0.73,0.68,1.020921053636692,2.4021698677706267,1.69473296658399,-51.233935984424924,183.30281333737602,183.30281333737602,186.28190233258857,186.28190233258857,290.535437944916,-187.30158730158485,,,2.1639438234451207,3.808898526670353,10.074539317204279,,
1644503400,34.255,34.87,33.985,34.21,31.41530595065459,33.59082280390606,31.41530595065459,33.59082280390606,0,0,0,0,1,36.4075,29.8875,39.285000000000004,27.009999999999998,32.765,31.055768273411324,29.989231726588677,,,,,75643242,0.73,0.67,0.7188565050887095,2.4888062347231354,1.5753353589308365,-61.4128636634496,159.9885382433153,159.9885382433153,177.51744763616415,177.51744763616415,290.535437944916,-187.30158730158485,,,2.5938664373746088,3.7612502094430686,10.059592917843979,,
1644589800,34.44,35.25,34.225,35.205,31.7040017732569,33.90745439041701,31.7040017732569,33.90745439041701,0,0,0,0,1,36.4075,29.8875,39.285000000000004,27.009999999999998,32.765,31.082652953440434,29.99734704655956,,,,,93034010,0.7,0.66,1.3597067067684456,2.9302153459411926,1.7377765598764818,-65.90729176475882,168.88390055632695,168.88390055632695,174.63959860955174,174.63959860955174,290.535437944916,-187.30158730158485,,,2.7836954977985995,3.72291473055505,10.04505566026147,,
1644849000,34.99,35.02995,33.965,34.375,31.708544027456185,33.910197355498696,31.708544027456185,33.910197355498696,0,0,0,0,0,36.4075,29.8875,39.285000000000004,27.009999999999998,32.765,31.092006246371543,29.98799375362846,,,,,99632990,0.7,0.66,0.8011427294330268,2.5721892963506137,1.6322023392519762,-83.39289978398047,149.4773969381626,149.4773969381626,166.25219805242202,166.25219805242202,290.535437944916,-187.30158730158485,,,3.5222269563982245,3.7150446217645863,10.032023035478526,,
1644935400,33.53,34.095,33.34,34.015,31.711840942486244,33.888568047439925,31.711840942486244,33.888568047439925,0,0,0,0,0,36.4075,29.8875,39.285000000000004,27.009999999999998,32.765,31.093914368083905,29.986085631916097,,,,,86144792,0.71,0.65,-0.06655170053448121,2.064881015277314,1.512057176027563,-125.4256113686482,98.04462238910041,98.04462238910041,143.51633949798148,143.51633949798148,290.535437944916,-187.30158730158485,,,5.297542962647337,3.7771033802305767,10.022563534833509,,
1645021800,34.285,34.885,34.08,34.29,31.71659500653722,33.896516359305025,31.71659500653722,33.896516359305025,0,0,0,0,0,36.4075,29.8875,39.285000000000004,27.009999999999998,32.765,31.094301044319156,29.985698955680842,,,,,73444218,0.71,0.66,0.024874373662995757,1.7316388271299925,1.3395915047673108,-75.65888085240195,68.71317659061769,68.71317659061769,118.58195186219355,118.58195186219355,290.535437944916,-187.30158730158485,,,3.1955688112484024,3.7542981030155893,10.008923185735437,,
1645108200,34.26,34.5925,33.97015,34.235,31.721122286244437,33.899888207959734,31.721122286244437,33.899888207959734,0,0,0,0,0,36.4075,29.8875,39.285000000000004,27.009999999999998,32.765,31.090129062337805,29.98987093766219,,,,,67622854,0.71,0.65,0.1791704086020134,1.7464275862510976,1.3818581932839273,-83.04655024052325,45.62149361565029,45.62149361565029,94.2617991133458,94.2617991133458,290.535437944916,-187.30158730158485,,,3.5075983525067507,3.744623602995635,9.995933525728987,,
1645194600,33.75,34.295,33.695,34.025,31.725096267690503,33.89244553313778,31.725096267690503,33.89244553313778,0,0,0,0,0,36.4075,29.8875,39.285000000000004,27.009999999999998,32.765,31.09017560163295,29.989824398367045,,,,,63291540,0.72,0.65,-0.23767561501675893,1.3860167799855856,1.3251362923482368,-101.55103118855713,10.931152521811399,10.931152521811399,66.48491691616766,66.48491691616766,290.535437944916,-187.30158730158485,,,4.28916347109785,3.7659781076270944,9.984531387757695,,
1645540200,35.055,35.055,32.97,33.475,31.727628243179634,33.85714766909316,31.727628243179634,33.85714766909316,0,0,0,0,0,36.4075,29.8875,39.285000000000004,27.009999999999998,32.765,31.070150685632072,30.009849314367926,,,,,93002732,0.73,0.65,-0.7763910533843382,1.0108425486295323,1.199026475429356,-150.3089766267718,-34.06510639534548,-34.06510639534548,32.968242478996615,32.968242478996615,290.535437944916,-187.30158730158485,,,6.348530038346824,3.867254653929829,9.977266649796833,,
1645626600,33.67,34.08,33.475,33.82,31.73115406087558,33.84283991736402,31.73115406087558,33.84283991736402,0,0,0,0,0,36.4075,29.8875,39.285000000000004,27.009999999999998,32.765,31.06794200061144,30.012057999388563,,,,,67957960,0.73,0.65,-0.18028452498479705,1.1785814368042047,1.190120798692087,-116.34654566636011,-65.04964421916544,-65.04964421916544,0.2956135796092667,0.2956135796092667,290.535437944916,-187.30158730158485,,,4.914074705297534,3.9083064206501312,9.967150382175456,,
1645713000,34.54,34.58,32.6805,33.555,31.733101295519184,33.79824795982033,31.733101295519184,33.79824795982033,0,0,0,0,0,36.4075,29.8875,39.285000000000004,27.009999999999998,32.765,31.05887578883004,30.02112421116996,,,,,123485862,0.75,0.65,-0.4939800353794445,0.6924876135550578,1.1114751350915772,-169.7785286327897,-95.46322676036054,-95.46322676036054,-31.623999867047335,-31.623999867047335,290.535437944916,-187.30158730158485,,,7.170856412441403,4.0362495575831225,9.961563381236926,,
1645799400,33.63,34.475,33.63,34.44,31.73692277145221,33.79226764767051,31.73692277145221,33.79226764767051,0,0,0,0,0,36.4075,29.8875,39.285000000000004,27.009999999999998,32.765,31.065927443416886,30.014072556583113,,,,,78422926,0.75,0.64,0.1304680125873937,0.9780187248608263,1.2977723114180348,-105.92243319336244,-71.9930328205427,-71.9930328205427,-45.080344184879124,-45.080344184879124,290.535437944916,-187.30158730158485,,,4.4737963357477515,4.053408254766049,9.95059881171547,,
1646058600,34.195,35.33,34.005,35.29,31.817953539669933,33.879503500521224,31.817953539669933,33.879503500521224,0,0,0,0,0,36.4075,29.8875,39.285000000000004,27.009999999999998,32.765,31.084733445384764,30.075266554615236,,,,,96394266,0.75,0.65,0.046436224385342284,1.3300909581592477,1.3878194963428911,-86.2111043613315,-38.06388848318028,-38.06388848318028,-24.030977079782588,-24.030977079782588,290.535437944916,-187.30158730158485,,,3.6412581467837817,4.037245505433411,9.93799273646086,,
1646145000,35.605,36.245,35.145,35.645,32.1440443933401,34.25677285212601,32.1440443933401,34.25677285212601,0,0,0,0,0,36.65474999999999,34.280249999999995,37.979499999999994,32.9555,35.605,31.55030020455692,30.52469979544308,,,,,124230926,0.72,0.64,0.7121759771335361,1.1696834110840568,1.4061556608539556,-33.21108960781546,-16.67677378167261,-16.67677378167261,26.097455621342732,26.097455621342732,290.535437944916,-187.30158730158485,,,1.4027212792818065,3.933930829898054,9.920939247035927,,
1646231400,36.19,36.7501,36.015,36.46,32.88527192580457,35.078440482941645,32.88527192580457,35.078440482941645,0,0,0,0,0,36.65474999999999,34.280249999999995,37.979499999999994,32.9555,35.605,31.800321840838954,30.779778159161044,,,,,90908202,0.71,0.65,1.376030506122509,1.3907297925957394,1.723942078679671,-28.897154889545224,12.21378062219938,12.21378062219938,69.99488942994336,69.99488942994336,290.535437944916,-187.30158730158485,,,1.2205156335710374,3.8275223908264064,9.90355578327276,,
1646317800,36.105,36.8095,36.03,36.56,32.98158095721633,35.20840216770513,32.98158095721633,35.20840216770513,0,0,0,0,0,36.65474999999999,34.280249999999995,37.979499999999994,32.9555,35.605,31.826945390819667,30.81255460918033,,,,,89119750,0.7,0.66,1.2858384463818187,1.5382432560354202,1.6948798661866866,-44.24248816653349,42.13913739134661,42.13913739134661,101.98985092964107,101.98985092964107,290.535437944916,-143.85923383437148,,,1.449671772428887,3.7342733469676803,9.886664906128216,,
1646404200,36.555,37.635,36.46,37.615,33.93839107484383,36.23409172425301,33.93839107484383,36.23409172425301,0,0,0,0,0,36.65474999999999,34.280249999999995,37.979499999999994,32.9555,35.605,32.246227312777265,31.218772687222728,,,,,105251786,0.71,0.66,1.8951997185368001,2.0039775954242427,1.7879180044718892,-93.71104458581479,73.10300700801342,73.10300700801342,135.03074624134706,135.03074624134706,290.535437944916,-143.85923383437148,,,3.070583543799019,3.708246295863027,9.873046361947738,,
1646663400,38.005,38.78,37.3175,38.17,34.44491161637013,36.79057198988312,34.44491161637013,36.79057198988312,0,0,0,1,0,36.65474999999999,34.280249999999995,37.979499999999994,32.9555,35.605,32.82682423254611,31.783175767453894,,,,,131214722,0.71,0.66,2.332862632876198,2.4590759445517634,1.8564730016962567,-68.16196290090566,104.60141299476236,104.60141299476236,167.59822496826024,167.59822496826024,290.535437944916,-143.85923383437148,,,2.2334293948126778,3.650410338959092,9.857782391983433,,
1646749800,39.04,40.11,37.665,38.77,34.99173040217061,37.38093409943168,34.99173040217061,37.38093409943168,0,0,0,1,0,36.65474999999999,34.280249999999995,37.979499999999994,32.9555,35.605,33.50283675291735,32.43716324708266,,,,,196054362,0.73,0.66,3.02140465293715,2.573294792039762,2.228044632268499,-86.98339169763412,134.61913111902763,134.61913111902763,194.6545673675582,194.6545673675582,290.535437944916,-143.85923383437148,,,2.8501418622646475,3.6190272614416625,9.843781112203775,,
1646836200,37.35,38.47,36.75,37.585,34.99528378798046,37.35698374259122,34.99528378798046,37.35698374259122,0,0,0,0,0,36.65474999999999,34.280249999999995,37.979499999999994,32.9555,35.605,33.51788501417602,32.42211498582398,,,,,174036486,0.73,0.65,2.0868026780279973,1.6339042857467814,1.8707393340428449,-159.01036310336704,151.906157463961,151.906157463961,186.4802101538277,186.4802101538277,290.535437944916,-143.85923383437148,,,5.210214083053915,3.681426744642143,9.834523236021658,,
1646922600,38.03,38.8325,37.76,38.735,35.000827876316166,37.373184380136664,35.000827876316166,37.373184380136664,0,0,0,0,0,36.65474999999999,34.280249999999995,37.979499999999994,32.9555,35.605,33.527747702880966,32.412252297119025,,,,,137802688,0.73,0.65,2.856059378165868,2.0101619837023343,2.146160806731815,-79.5051815516838,163.91658913576427,163.91658913576427,187.9374524793708,187.9374524793708,290.535437944916,-143.85923383437148,,,2.605107041526967,3.6392181288337047,9.82007884802067,,
1647009000,38.115,38.905,38.055,38.425,35.00694440403581,37.40020263973915,35.00694440403581,37.40020263973915,0,0,0,0,1,36.65474999999999,34.280249999999995,37.979499999999994,32.9555,35.605,33.52787365464437,32.41212634535563,,,,,91837728,0.72,0.65,2.136416801467392,1.7694006594213503,1.9360762848655055,-56.28337109846922,172.0378903592326,172.0378903592326,188.28049280616924,188.28049280616924,290.535437944916,-143.85923383437148,,,1.844209440288892,3.568825631243712,9.804143045008217,,
1647264600,37.605,37.87,36.775,37.275,35.01051684278899,37.376467242102315,35.01051684278899,37.376467242102315,0,0,0,0,0,36.65474999999999,34.280249999999995,37.979499999999994,32.9555,35.605,33.5462563311062,32.39374366889379,,,,,101490026,0.73,0.65,1.0212256200524172,1.4246712873594436,1.7389670426392096,-157.04241306495916,148.1505618764644,148.1505618764644,164.0754475316432,164.0754475316432,290.535437944916,-143.85923383437148,,,5.145731235491371,3.6306650667044043,9.794835528905287,,
1647351000,35.83,36.325,35.22,35.91,35.011006319626574,37.293292056137524,35.011006319626574,37.293292056137524,0,0,0,0,0,36.65474999999999,34.280249999999995,37.979499999999994,32.9555,35.605,33.55625299528128,32.38374700471872,,,,,124724392,0.77,0.66,0.13177261863397483,0.9159085373778297,1.4803985277890306,-232.29661592475264,83.88618336175253,83.88618336175253,137.3456928083463,137.3456928083463,290.535437944916,-143.85923383437148,,,9.156564353881878,3.8473669995348936,9.793560261822323,,
1647437400,36.045,36.36,35.37,35.745,35.01179152178516,37.219202171583106,35.01179152178516,37.219202171583106,0,0,0,0,0,36.65474999999999,34.280249999999995,37.979499999999994,32.9555,35.605,33.55636791947818,32.38363208052182,,,,,107536128,0.75,0.66,-0.3497012748221366,0.4855938519164505,1.4449419077465435,-222.48126595610123,29.243373564312662,29.243373564312662,101.31158639366843,101.31158639366843,290.535437944916,-143.85923383437148,,,8.769667268506591,4.040398382631823,9.791514521575937,,
1647523800,36.38,37.0675,36.15445,36.975,35.01412681444893,37.17847289034456,35.01412681444893,37.17847289034456,0,0,0,0,0,36.65474999999999,34.280249999999995,37.979499999999994,32.9555,35.605,33.56779145124975,32.37220854875025,,,,,76956306,0.69,0.65,0.19936172520994497,0.808359827822273,1.5766347053848084,-145.4369171292876,3.046423380315325,3.046423380315325,68.55653205588406,68.55653205588406,225.27267890397212,-143.85923383437148,,,6.74632447768895,4.146513131457593,9.785430225783955,,
1647610200,36.91,37.19,36.66045,36.94,35.01745832031416,37.15898554170359,35.01745832031416,37.15898554170359,0,0,0,0,0,36.65474999999999,34.280249999999995,37.979499999999994,32.9555,35.605,33.568192020503446,32.37180797949655,,,,,58550774,0.69,0.65,-0.3158285447890895,0.9046886558342535,1.5058204729344231,-117.30093040855222,-4.0486478034307085,-4.0486478034307085,44.35480543611247,44.35480543611247,225.27267890397212,-143.85923383437148,,,5.441191643022971,4.19728483779349,9.7767504284158,,
1647869400,37.33,38.185,37.31,38.065,35.02206799399985,37.165480226342666,35.02206799399985,37.165480226342666,0,0,0,0,0,36.65474999999999,34.280249999999995,37.979499999999994,32.9555,35.605,33.56786067129372,32.372139328706275,,,,,68714852,0.64,0.63,-0.0478493042492841,1.0538212123349004,1.6796181564196204,-81.18288658552102,14.24649201630648,14.24649201630648,34.318700962843806,34.318700962843806,225.27267890397212,-143.85923383437148,,,3.765798297652826,4.18036379700366,9.764740534048642,,
1647955800,37.905,38.115,37.355,37.785,35.02675746853731,37.17346727629001,35.02675746853731,37.17346727629001,0,0,0,0,0,36.65474999999999,34.280249999999995,37.979499999999994,32.9555,35.605,34.03225195717894,32.842748042821064,,,,,66462108,0.63,0.64,-0.44801229632449197,0.844766096511417,1.8512523699460213,-78.6806743277484,32.36481495683681,32.36481495683681,33.66740562750814,33.66740562750814,225.27267890397212,-143.85923383437148,,,3.649729172040253,4.159554596024703,9.752522729129543,,
1648042200,38.495,38.79,38.31,38.435,35.03332658448429,37.2182175791806,35.03332658448429,37.2182175791806,0,0,0,0,0,36.65474999999999,34.280249999999995,37.979499999999994,32.9555,35.605,34.12583732790013,32.944162672099864,,,,,58663058,0.67,0.64,0.3976539718488701,1.2771443238241964,1.9486227233632412,-25.578169746123095,43.49449323639052,43.49449323639052,63.148668454155285,63.148668454155285,225.27267890397212,-143.85923383437148,,,1.186484395150892,4.0429636077551425,9.735407767423292,,
1648128600,38.58,38.91,38.2725,38.53,35.03980839950031,37.2597570858794,35.03980839950031,37.2597570858794,0,0,0,0,0,36.65474999999999,34.280249999999995,37.979499999999994,32.9555,35.605,34.2124525196589,33.02754748034109,,,,,52700568,0.66,0.64,-0.09319045842315103,1.212271045951151,1.989811030661952,-27.663346627600596,59.12917253457176,59.12917253457176,90.39853113093424,90.39853113093424,225.27267890397212,-143.85923383437148,,,1.2832086664947182,3.9347379237841453,9.718520256732125,,
1648215000,38.3,39.425,38.2675,39.375,35.591977895204984,37.858342327081566,35.591977895204984,37.858342327081566,0,0,0,0,0,36.65474999999999,34.280249999999995,37.979499999999994,32.9555,35.605,34.216003622127026,33.02399637787297,,,,,56099242,0.67,0.65,0.43430101702156954,1.5312205238041863,2.090725629018227,-60.636008141937346,81.35153091550045,81.35153091550045,125.79624767735783,125.79624767735783,225.27267890397212,-143.85923383437148,,,2.812698412698417,3.890736374329803,9.7047224108899,,
1648474200,38.565,38.58,38.1525,38.4,35.59711824906071,37.87035733386268,35.59711824906071,37.87035733386268,0,0,0,0,0,36.65474999999999,34.280249999999995,37.979499999999994,32.9555,35.605,34.44729568884143,33.22770431115857,,,,,69760376,0.64,0.64,0.5251800436903086,0.9117572621117294,1.8642465850038477,-66.93229792642717,96.7890753696209,96.7890753696209,127.6641642778618,127.6641642778618,225.27267890397212,-143.85923383437148,,,3.104761904761896,3.859913846111454,9.691535676611922,,
1648560600,37.54,38.32,37.095,38.3,35.60015657423742,37.84084528155434,35.60015657423742,37.84084528155434,0,0,0,0,0,36.65474999999999,34.280249999999995,37.979499999999994,32.9555,35.605,34.44766991939354,33.22733008060646,,,,,73273936,0.66,0.63,1.1598176024708726,1.1487976190018492,1.9660376028718707,-124.83078877076028,97.40667022550392,97.40667022550392,98.64185993726994,98.64185993726994,225.27267890397212,-143.85923383437148,,,5.790476190476193,3.935622173341444,9.683741351964299,,
1648647000,38.67,39.02,38.42855,38.745,35.60582662004313,37.864263682277695,35.60582662004313,37.864263682277695,0,0,0,0,0,36.65474999999999,34.280249999999995,37.979499999999994,32.9555,35.605,34.446305293680986,33.22869470631902,,,,,49736468,0.65,0.63,1.4610137976394255,1.397585551377319,2.1011564751672758,-51.81846492635344,94.12292545611538,94.12292545611538,96.31208863570774,96.31208863570774,225.27267890397212,-143.85923383437148,,,2.4036825396825363,3.8755461092763888,9.669195779911789,,
1648733400,38.38,39.105,38.215,38.22,35.6110629304926,37.87847294963936,35.6110629304926,37.87847294963936,0,0,0,0,0,36.65474999999999,34.280249999999995,37.979499999999994,32.9555,35.605,34.44967760903895,33.22532239096105,,,,,65606588,0.64,0.64,0.5846113085486477,1.1488689209087364,2.3045924970202134,-63.51040130442168,82.65603711912442,82.65603711912442,91.7600714635133,91.7600714635133,225.27267890397212,-143.85923383437148,,,2.9460317460317373,3.8390945656197357,9.6557628847392,,
1648819800,38.17,38.8875,38.145,38.53,35.61615031724486,37.88940734377115,35.61615031724486,37.88940734377115,0,0,0,0,0,42.5925,35.6875,45.074999999999996,33.205000000000005,38.17,34.556599804905964,33.328400195094034,,,,,49612582,0.64,0.64,0.7474466307881474,1.2578016612224774,2.228389204465622,-67.34292552106784,74.57156351203254,74.57156351203254,86.03056881301971,86.03056881301971,225.27267890397212,-143.85923383437148,,,3.123809523809516,3.8110441718232564,9.642712028873207,,
1649079000,38.78,38.905,38.17,38.58,35.62127698993768,37.900883526368354,35.62127698993768,37.900883526368354,0,0,0,0,0,42.5925,35.6875,45.074999999999996,33.205000000000005,38.17,35.122074850279205,33.892925149720796,,,,,46007338,0.64,0.63,0.23493898906149477,1.342157000110186,1.9994175476758222,-65.97416687226573,68.89747565951808,68.89747565951808,80.3195377618525,80.3195377618525,225.27267890397212,-143.85923383437148,,,3.060317460317456,3.7816039086269506,9.629560391373596,,
1649165400,38.65,39.245,37.93,37.975,35.625918694253485,37.90259201553038,35.625918694253485,37.90259201553038,0,0,0,0,0,42.5925,35.6875,45.074999999999996,33.205000000000005,38.17,35.442918878921624,34.21708112107837,,,,,54577118,0.63,0.64,0.08800460702291293,1.3583213729803385,1.8173264484074154,-79.1142499007669,37.82461907743438,37.82461907743438,66.15456486704646,66.15456486704646,225.27267890397212,-143.85923383437148,,,3.66984126984127,3.77722106004712,9.617652860661243,,
1649251800,38.39,38.735,37.9875,38.2,35.63066486069854,37.9064658580586,35.63066486069854,37.9064658580586,0,0,0,0,0,42.5925,35.6875,45.074999999999996,33.205000000000005,38.17,35.58516517202451,34.35483482797549,,,,,64328372,0.64,0.65,-0.10699387427777453,1.3084520644194306,2.1850373493903508,-75.966105008522,2.115938204553295,2.115938204553295,44.80835597954874,44.80835597954874,225.27267890397212,-143.85923383437148,,,3.5238095238095313,3.7672833527436853,9.605477349498702,,
1649338200,38.38,38.83,37.67,38.7,35.63477352231552,37.89786131460532,35.63477352231552,37.89786131460532,0,0,0,0,0,42.5925,35.6875,45.074999999999996,33.205000000000005,38.17,35.6270690871069,34.4029309128931,,,,,54097386,0.65,0.65,0.07712557282121202,1.5474477676966716,2.2410620820522325,-93.34933984830963,-1.4921788966925407,-1.4921788966925407,29.374844354134982,29.374844354134982,225.27267890397212,-143.85923383437148,,,4.330158730158725,3.78935689695604,9.594937252357164,,
1649424600,38.805,39.875,38.805,39.765,35.99337556654804,38.29446077987613,35.99337556654804,38.29446077987613,0,0,0,0,0,42.5925,35.6875,45.074999999999996,33.205000000000005,38.17,35.634068493615516,34.39593150638448,,,,,53426102,0.64,0.65,0.17166524923101711,1.547156300049023,2.639371046644136,-52.04484036184889,30.530805741201508,30.530805741201508,32.842728515334564,32.842728515334564,225.27267890397212,-143.85923383437148,,,2.4141833270463997,3.7354285216654657,9.580590091667233,,
1649683800,39.34,39.35,38.4825,38.57,35.998374466514974,38.302337808116285,35.998374466514974,38.302337808116285,0,0,0,0,0,42.5925,35.6875,45.074999999999996,33.205000000000005,38.17,35.65166526725653,34.37833473274347,,,,,52460990,0.64,0.65,0.07549051522808428,0.9150319330233789,2.434192350053661,-69.52865392090739,34.69067768144277,34.69067768144277,43.01042156192529,43.01042156192529,225.27267890397212,-143.85923383437148,,,3.225198038476044,3.715419483109018,9.56789200564687,,
1649770200,39.35,39.925,39.1325,39.21,36.0046490929555,38.33514122740584,36.0046490929555,38.33514122740584,0,0,0,0,0,42.5925,35.6875,45.074999999999996,33.205000000000005,38.17,35.64045102068383,34.38954897931618,,,,,63929422,0.63,0.65,0.4061043487332563,0.9869503594417876,2.34126905051945,-34.289959925905634,43.297046815026285,43.297046815026285,60.50978508219332,60.50978508219332,225.27267890397212,-143.85923383437148,,,1.5905947441217156,3.6320930227565746,9.551953349779687,,
1649856600,39.69,39.905,39.035,39.795,36.03782772292489,38.390671809669136,36.03782772292489,38.390671809669136,0,0,0,0,0,42.5925,35.6875,45.074999999999996,33.205000000000005,38.17,35.64238986012057,34.387610139879435,,,,,49295884,0.64,0.66,0.462901447891766,0.9020559010812182,2.5246765856316555,-41.17110447584468,56.452306553483496,56.452306553483496,82.76282603039792,82.76282603039792,225.27267890397212,-143.85923383437148,,,1.9097876617665666,3.564551636051084,9.536684287465974,,
1649943000,39.605,40.24,39.545,39.925,36.162333722514155,38.556582889293395,36.162333722514155,38.556582889293395,0,0,0,0,0,42.5925,35.6875,45.074999999999996,33.205000000000005,38.17,35.70736585547596,34.45263414452403,,,,,51869432,0.64,0.66,0.783170869415996,0.9329128577832907,2.4982736870726203,-20.518523514291903,74.52669198523739,74.52669198523739,110.67546284874518,110.67546284874518,225.27267890397212,-143.85923383437148,,,0.9517845961177094,3.462090183504677,9.519531640730014,,
1650288600,40.255,40.75,40.005,40.51,36.69883042323861,39.15637602952521,36.69883042323861,39.15637602952521,0,0,0,0,0,42.5925,35.6875,45.074999999999996,33.205000000000005,38.17,35.962785048375295,34.70721495162471,,,,,60913130,0.64,0.66,0.9032262609322247,0.7810111774533979,2.4296602632189392,-26.874263398939434,95.46870944474944,95.46870944474944,137.35274436377355,137.35274436377355,225.27267890397212,-143.85923383437148,,,1.246605776351507,3.37520844204769,9.503002318323663,,
1650375000,40.3,40.695,39.945,40.18,36.70532756525012,39.18752402836736,36.70532756525012,39.18752402836736,0,0,0,0,0,42.5925,35.6875,45.074999999999996,33.205000000000005,38.17,35.964938009523294,34.70506199047671,,,,,45727852,0.65,0.66,0.7356456193949429,0.5392922310370858,2.3853399141108276,-30.06724518891258,114.35466146812095,114.35466146812095,152.12656551486398,152.12656551486398,225.27267890397212,-143.85923383437148,,,1.3947173537398116,3.297542124859146,9.486801948764056,,
1650461400,40.285,40.55,39.896,40.335,36.71171480288199,39.215548184117665,36.71171480288199,39.215548184117665,0,0,0,0,0,42.5925,35.6875,45.074999999999996,33.205000000000005,38.17,35.96310415464936,34.706895845350644,,,,,52079312,0.65,0.67,1.1030415635085415,0.41365242092056204,2.483382155552045,-32.6748469840572,129.40610548135265,129.40610548135265,159.50899350781603,159.50899350781603,225.27267890397212,-143.85923383437148,,,1.5156751419402548,3.2276649882740918,9.470875621477694,,
1650547800,40.575,40.755,38.905,39.055,36.71612905902009,39.20399923572089,36.71612905902009,39.20399923572089,0,0,0,0,0,42.5925,35.6875,45.074999999999996,33.205000000000005,38.17,35.982961081002614,34.6920389189974,,,,,65157706,0.67,0.66,0.40153587073792135,0.4051014050859148,2.1803346967106685,-85.4122628817784,119.9960144368623,119.9960144368623,126.26940846652253,126.26940846652253,225.27267890397212,-143.85923383437148,,,3.9619846951369957,3.2564618395236176,9.45986884640009,,
1650634200,38.9,39.4575,38.0825,38.1,36.71890757238868,39.16097083432007,36.71890757238868,39.16097083432007,0,0,0,0,0,42.5925,35.6875,45.074999999999996,33.205000000000005,38.17,35.98670353709998,34.68829646290004,,,,,71499274,0.69,0.66,-0.27475111945956815,-0.1677292182675161,2.1813461519357324,-129.1827215859919,61.35677100522608,61.35677100522608,104.63186264609038,104.63186264609038,225.27267890397212,-143.85923383437148,,,5.992347568501592,3.3637514759541265,9.452940731958734,,
1650893400,36.9,37.0375,35.5,36.84,36.716572292523765,39.019368056503595,36.716572292523765,39.019368056503595,0,0,0,0,0,42.5925,35.6875,45.074999999999996,33.205000000000005,38.17,36.4216917912657,35.068308208734315,,,,,110724394,0.7,0.66,-1.2913008031482933,-0.4180779862576027,1.9280377572417726,-213.96902486327863,-1.5306428431788461,-1.5306428431788461,69.24436081633398,69.24436081633398,225.27267890397212,-174.849397590359,,,12.367316711922978,3.716832465599964,9.45876366098963,,
1650979800,37.115,37.9,36.795,36.89,36.71680321701423,38.93359479938581,36.71680321701423,38.93359479938581,0,0,0,0,0,42.5925,35.6875,45.074999999999996,33.205000000000005,38.17,37.11248613752457,35.77251386247543,,,,,89168692,0.71,0.66,-0.7668777889092018,-0.10499024922313072,1.9824972794564106,-158.6616621491177,-43.335342840469124,-43.335342840469124,31.717792930732948,31.717792930732948,225.27267890397212,-174.849397590359,,,9.170575166625516,3.9307047283852796,9.45818785980209,,
1651066200,37.125,37.795,36.46,37.43,36.71637104275446,38.838179317056955,36.71637104275446,38.838179317056955,0,0,0,0,0,42.5925,35.6875,45.074999999999996,33.205000000000005,38.17,37.11470664481353,35.770293355186475,,,,,89132514,0.69,0.66,-0.806011899093212,0.4338962020997606,2.0644739557589884,-172.96897219486593,-67.3417136778894,-67.3417136778894,-1.3020426054744973,-1.3020426054744973,225.27267890397212,-174.849397590359,,,9.99753147371019,4.1686195027117465,9.459265469420288,,
1651152600,37.68,38.88,36.94,38.565,36.71688918252918,38.765140912466485,36.71688918252918,38.765140912466485,0,0,0,0,0,42.5925,35.6875,45.074999999999996,33.205000000000005,38.17,37.12537516675844,35.759624833241574,,,,,87469696,0.68,0.66,-0.5436415645271975,0.8011415028665713,2.454300417413891,-152.4689458606597,-60.46729930892943,-60.46729930892943,-21.02379483995947,-21.02379483995947,225.27267890397212,-174.849397590359,,,8.812638854603803,4.350737908668298,9.457973508151923,,
1651239000,38.65,38.87,37.44,37.575,36.7183952980486,38.71437852374231,36.7183952980486,38.71437852374231,0,0,0,0,0,42.5925,35.6875,45.074999999999996,33.205000000000005,38.17,37.1828525181377,35.79214748186229,,,,,79416240,0.67,0.66,-1.0241419641100278,0.1630120333091731,2.422343798866901,-131.1147517625281,-52.00760450683231,-52.00760450683231,-31.351731395583748,-31.351731395583748,225.27267890397212,-174.849397590359,,,7.57837570970131,4.477311940081357,9.454218067995178,,
1651498200,37.345,38.19,37.23,38.175,36.71948301973082,38.65745387575242,36.71948301973082,38.65745387575242,0,0,0,0,0,39.9725,32.8725,42.6,30.244999999999997,37.345,37.42024191115127,36.01525808884873,,,,,104141240,0.68,0.66,-1.00668348053895,0.33711473796738745,2.331014280231901,-140.08351328374337,-40.96745433807276,-40.96745433807276,-34.55697237641342,-34.55697237641342,225.27267890397212,-174.849397590359,,,8.096766230560357,4.61925132402171,9.451505876511792,,
1651584600,38.245,39.425,38.22,39.245,36.72252680990119,38.64119686101703,36.72252680990119,38.64119686101703,0,0,0,0,0,39.9725,32.8725,42.6,30.244999999999997,37.345,37.4136726503857,36.021827349614306,,,,,83298872,0.68,0.65,-0.40271053437669996,0.30973255686961143,2.483218815284749,-97.80220896944273,-23.88930980583664,-23.88930980583664,-2.553984664683078,-2.553984664683078,225.27267890397212,-174.849397590359,,,5.652925203653417,4.6597875545955025,9.443916304737849,,
1651671000,40,40.9575,39.49,40.875,37.05829721989579,39.00953484736738,37.05829721989579,39.00953484736738,0,0,0,0,0,39.9725,32.8725,42.6,30.244999999999997,37.345,37.538961198195096,36.09903880180491,,,,,90767456,0.7,0.65,0.22725769936396553,0.8014664234151138,2.7673086341974775,-58.62291806912316,0.16418822487810303,0.16418822487810303,48.2711842863076,48.2711842863076,225.27267890397212,-174.849397590359,,,3.3883792048929613,4.609928403626776,9.431817329513384,,
1651757400,41.165,41.205,39.4375,40.26,37.06307959308281,39.02688152001964,37.06307959308281,39.02688152001964,0,0,0,0,0,39.9725,32.8725,42.6,30.244999999999997,37.345,37.66767552553815,36.21782447446186,,,,,93193918,0.66,0.65,0.5212097649140914,0.46310289394536,2.4511149707676743,-60.84508644358459,27.402912371872596,27.402912371872596,81.88036066586159,81.88036066586159,225.27267890397212,-174.849397590359,,,3.5168195718654434,4.567061390616527,9.419999152175427,,
1651843800,40.78,41.46495,39.9625,41.46,37.598286807517475,39.60080564342781,37.598286807517475,39.60080564342781,0,0,0,0,0,39.9725,32.8725,42.6,30.244999999999997,37.345,37.80830922877633,36.33714077122368,,,,,94245648,0.7,0.65,1.4968287331672745,0.7451878985419141,2.7107500207870796,-62.49035013823834,54.56792465890968,54.56792465890968,108.89794923298385,108.89794923298385,225.27267890397212,-174.849397590359,,,3.611915098890502,4.529604673293938,9.4083945886324,,
1652103000,40.57,40.605,37.875,38.03,37.59891130940056,39.534532873097305,37.59891130940056,39.534532873097305,0,0,0,0,0,39.9725,32.8725,42.6,30.244999999999997,37.345,37.915077294913225,36.230372705086786,,,,,106043914,0.62,0.64,0.4976399164028709,-0.3038288142854904,1.8771077050070046,-149.60127228419643,65.40107683048606,65.40107683048606,87.06738117363884,87.06738117363884,225.27267890397212,-174.849397590359,,,8.646888567293779,4.691066786784128,9.406873098080274,,
1652189400,38.615,39.345,37.565,38.375,37.59892137671444,39.458823740818985,37.59892137671444,39.458823740818985,0,0,0,0,0,39.9725,32.8725,42.6,30.244999999999997,37.345,37.908710247241565,36.236739752758446,,,,,113727804,0.63,0.65,0.6204405756011799,-0.005793360455638707,1.985070073396575,-162.53750503401548,52.05049566620121,52.05049566620121,60.95088310905778,60.95088310905778,225.27267890397212,-174.849397590359,,,9.394597202122537,4.875518959934654,9.406848570815622,,
1652275800,39.015,40.165,38.825,38.89,37.601423731606126,39.43500124117902,37.601423731606126,39.43500124117902,0,0,0,0,0,39.9725,32.8725,42.6,30.244999999999997,37.345,37.9098782112146,36.23557178878541,,,,,99705084,0.62,0.64,0.6005570683568515,0.13693481029653307,2.060260816192936,-109.95797837346088,31.051425397257745,31.051425397257745,50.98439720512444,50.98439720512444,225.27267890397212,-174.849397590359,,,6.355523396044376,4.933558349586016,9.400752017019876,,
1652362200,38.875,39.075,37.83995,39.055,37.60197263623828,39.37386983956416,37.60197263623828,39.37386983956416,0,0,0,0,0,39.9725,32.8725,42.6,30.244999999999997,37.345,37.90904751682494,36.23640248317506,,,,,90043536,0.62,0.65,0.1969822829756377,0.07161596090346771,1.8866604870369992,-146.611992702397,11.838769709239692,11.838769709239692,37.93585470649619,37.93585470649619,213.4809348093538,-174.84939759035902,,,8.731427882296188,5.0824944096922975,9.399414706061387,,
1652448600,39.635,40.55,39.565,40.39,37.60593263097107,39.38210827722831,37.60593263097107,39.38210827722831,0,0,0,0,0,39.9725,32.8725,42.6,30.244999999999997,37.345,37.912776961452785,36.23267303854723,,,,,59437392,0.62,0.63,1.1607173689358625,0.5078734350357521,1.8825891537311565,-76.74748309306302,29.389777323095444,29.389777323095444,35.087162245362606,35.087162245362606,213.4809348093538,-174.84939759035902,,,4.570670525808016,5.06242288483409,9.3897668655414,,
1652707800,40.535,41.88,40.51,41.455,37.6117539443957,39.426711874199746,37.6117539443957,39.426711874199746,0,0,0,0,0,39.9725,32.8725,42.6,30.244999999999997,37.345,38.123057275602946,36.43744272439706,,,,,56518794,0.62,0.63,1.332754843885367,0.679863468654703,2.0720515774635833,-38.474991524226894,43.49613629196084,43.49613629196084,60.3140843851573,60.3140843851573,213.4809348093538,-174.84939759035902,,,2.291365171249404,4.953753954889593,9.375584244773584,,
1652794200,42.015,42.1892,41.56,41.935,38.049700393831344,39.944508342453275,38.049700393831344,39.944508342453275,0,0,0,0,0,39.9725,32.8725,42.6,30.244999999999997,37.345,38.279612681774765,36.59008731822523,,,,,56329300,0.66,0.63,1.0626189160466575,0.778357778569999,1.9949592402117362,-15.01546706300894,59.00760211664013,59.00760211664013,90.03053376599871,90.03053376599871,213.4809348093538,-174.84939759035902,,,0.8942410873971622,4.794557371850674,9.358638504199405,,
1652880600,42.235,42.285,40.3675,40.86,38.05436268075675,39.96171095647472,38.05436268075675,39.96171095647472,0,0,0,0,0,39.9725,32.8725,42.6,30.244999999999997,37.345,38.33929954661249,36.626200453387504,,,,,66461372,0.63,0.63,-0.005629630584139402,0.6728740995279855,1.698969401725367,-62.76465232337747,72.29319849410591,72.29319849410591,98.86439124903748,98.86439124903748,213.4809348093538,-174.84939759035902,,,3.7379277453201443,4.7531209159083,9.347408312872973,,
1652967000,39.93,41.395,39.93,40.71,38.05815026780819,39.961253664063946,38.05815026780819,39.961253664063946,0,0,0,0,0,39.9725,32.8725,42.6,30.244999999999997,37.345,38.33959129603689,36.625908703963105,,,,,71441008,0.62,0.63,0.17198844384474607,0.5837276359446755,1.7001864724395976,-80.28269723022123,77.67503617561252,77.67503617561252,88.43871153862574,88.43871153862574,213.4809348093538,-174.84939759035902,,,4.781209013950167,4.754222409949158,9.33828503755045,,
1653053400,41.21,41.69585,40.065,40.885,38.06219732022016,39.96605548115948,38.06219732022016,39.96605548115948,0,0,0,0,0,39.9725,32.8725,42.6,30.244999999999997,37.345,38.3385676278859,36.62693237211409,,,,,63839996,0.63,0.63,-0.21345742997686315,0.5017097930079112,1.5043123555680298,-74.8771290875381,77.73488474383902,77.73488474383902,77.854581880292,77.854581880292,213.4809348093538,-174.84939759035902,,,4.459282222487193,4.742656128087904,9.328536780177696,,
1653312600,41.37,42.11,41.1125,41.965,38.095483884167486,40.03881860200357,38.095483884167486,40.03881860200357,0,0,0,0,0,39.9725,32.8725,42.6,30.244999999999997,37.345,38.34037240019998,36.62512759980001,,,,,53289344,0.66,0.63,1.5853595429060316,0.48940728145522466,1.6591546034211178,-34.110759195990944,83.21714670779372,83.21714670779372,94.18167063570311,94.18167063570311,213.4809348093538,-174.84939759035902,,,2.0314547837483765,4.636334506741256,9.313957195769246,,
1653399000,41.5,42.3,41.18,42.125,38.24662212327014,40.23061093645293,38.24662212327014,40.23061093645293,0,0,0,0,0,39.9725,32.8725,42.6,30.244999999999997,37.345,38.347458064659875,36.63304193534013,,,,,53127676,0.67,0.64,1.4991700324964656,0.8163893901167881,1.721649856946343,-37.668308615880015,93.73991540294244,93.73991540294244,114.7854527932399,114.7854527932399,213.4809348093538,-174.84939759035902,,,2.243323442136499,4.542490935580285,9.299830055402348,,
1653485400,42.27,43.055,42.21,42.995,39.042878985330624,41.1068340517493,39.042878985330624,41.1068340517493,0,0,0,0,0,39.9725,32.8725,42.6,30.244999999999997,37.345,39.221134873030415,37.46386512696959,,,,,52647994,0.68,0.63,1.6144921031830233,0.8524504041511204,1.6976442516342565,-30.65744294983216,108.61232255901344,108.61232255901344,138.35713687115543,138.35713687115543,213.4809348093538,-174.84939759035902,,,1.8257936969414972,4.435953788967,9.284896915825003,,
1653571800,43.255,43.7925,43.22505,43.47,39.48171582400238,41.62632792105446,39.48171582400238,41.62632792105446,0,0,0,1,0,39.9725,32.8725,42.6,30.244999999999997,37.345,39.78415448588379,38.01334551411621,,,,,42678290,0.69,0.64,1.7425585228313902,0.8218669451219277,1.758748937662127,-9.461762201353674,125.8090768032245,125.8090768032245,160.20258529164664,160.20258529164664,213.4809348093538,-174.84939759035902,,,0.5634920634920538,4.284092544830727,9.267471531504658,,
1653658200,43.275,44.385,43.17,44.265,40.20972458853582,42.41872134437918,40.20972458853582,42.41872134437918,0,0,0,1,0,39.9725,32.8725,42.6,30.244999999999997,37.345,40.66706161594006,38.86293838405995,,,,,37334494,0.68,0.64,1.4917227955513361,0.9758306393334021,1.9530414439699362,-41.537262960778385,143.76622404281537,143.76622404281537,179.68051852199713,179.68051852199713,213.4809348093538,-174.84939759035902,,,2.473737716028462,4.2130982378188735,9.253897637767443,,
1654003800,44.995,45.23,43.365,43.6,40.216046817130156,42.45618325244274,40.216046817130156,42.45618325244274,0,0,0,1,0,39.9725,32.8725,42.6,30.244999999999997,37.345,41.14170605742014,39.30829394257985,,,,,78681152,0.65,0.64,0.8011500197299064,0.6818660688888821,1.9029072801961573,-34.140216132146605,158.28021898051222,158.28021898051222,187.30820885590595,187.30820885590595,213.4809348093538,-174.84939759035902,,,2.0332090816672284,4.127612388558025,9.239470687605404,,
1654090200,44.15,44.6325,43.665,44.31,40.26375284945643,42.54530932656977,40.26375284945643,42.54530932656977,0,0,0,0,0,49.23,40.15,53.23,36.15,44.15,41.13876610022144,39.31123389977855,,,,,59297158,0.65,0.63,0.8788335151150007,0.9208717201673325,2.1675527201890397,-24.442306734690284,171.41807764675784,171.41807764675784,197.69379497924908,197.69379497924908,213.4809348093538,-174.84939759035902,,,1.4556533513879555,4.022829681218022,9.223918605015559,,
1654176600,44,44.48,43.7312,44.17,40.27069238022675,42.59204182356704,40.27069238022675,42.59204182356704,0,0,0,0,0,49.23,40.15,53.23,36.15,44.15,41.13930705765069,39.31069294234929,,,,,52605446,0.64,0.63,1.2577208739804149,0.8522702266391866,2.096615862459335,-21.933654477579374,184.7895623593786,184.7895623593786,211.53253178462018,211.53253178462018,213.4809348093538,-174.84939759035902,231.53253178462018,,1.3062514105168157,3.9162972000140535,9.208099090141435,,
1654263000,44.225,44.895,44.175,44.755,40.682130443142306,43.06531843600718,40.682130443142306,43.06531843600718,0,0,0,0,0,49.23,40.15,53.23,36.15,44.15,41.13157611142911,39.318423888570884,,,,,41050668,0.64,0.63,1.541981347205964,1.3076733795424813,1.9167970140480706,-21.7605895532939,205.47263219146987,205.47263219146987,246.8387718556524,246.8387718556524,213.4809348093538,-174.84939759035902,266.8387718556524,,1.2959445871969733,3.813538274021227,9.192290589636052,,
1654522200,44.97,45,44.465,44.705,40.68969441828088,43.120321634595136,40.68969441828088,43.120321634595136,0,0,0,0,0,49.23,40.15,53.23,36.15,44.15,41.12972927657706,39.32027072342293,,,,,33384622,0.62,0.63,1.4656835870900053,1.5701027804786796,1.9416314714590266,-10.880294776646817,226.17229240399186,226.17229240399186,267.5716128290358,267.5716128290358,213.4809348093538,-174.84939759035902,287.5716128290358,,0.6479722935984786,3.6893984316517074,9.175219024609003,,
1654608600,44.675,46.1,44.64,46.04,41.8635583392506,44.36997962097837,41.8635583392506,44.36997962097837,0,0,0,1,0,49.23,40.15,53.23,36.15,44.15,41.58237291629116,39.73762708370883,,,,,51378748,0.62,0.63,1.5107935075570336,2.2432222432558033,2.059187439503386,-51.05954565897428,245.73587917352273,245.73587917352273,284.8630527125845,284.8630527125845,213.4809348093538,-174.84939759035902,304.8630527125845,,3.040834057341439,3.6639645346199323,9.162962511187889,,
1654695000,46.265,46.655,45.85525,46.14,41.96228642793024,44.52093053937973,41.96228642793024,44.52093053937973,0,0,0,1,0,49.23,40.15,53.23,36.15,44.15,41.84943801010661,40.02556198989339,,,,,56985362,0.63,0.64,1.4843050165282616,2.2544985984815202,2.1079051936142434,-10.36263897205921,260.2123466365818,260.2123466365818,289.1652815627,289.1652815627,213.4809348093538,-174.84939759035902,309.1652815627,,0.6171434763762516,3.5444813558652783,9.145887947681771,,
1654781400,45.745,46.035,45.07,45.12,41.968517024477826,44.54288228293346,41.968517024477826,44.54288228293346,0,0,0,0,1,49.23,40.15,53.23,36.15,44.15,41.84782358212501,40.02717641787499,,,,,49176284,0.63,0.63,0.767059790442047,1.8409166331043672,1.9085931181757034,-38.93950377560409,260.61721221652834,260.61721221652834,261.4269433764214,261.4269433764214,213.4809348093538,-174.84939759035902,281.4269433764214,,2.319029042045948,3.4964244023821673,9.132247869948234,,
1654867800,44.6,45.27,43.8419,44.355,41.97230596348986,44.516293997328226,41.97230596348986,44.516293997328226,0,0,0,0,0,49.23,40.15,53.23,36.15,44.15,41.8517666195553,40.0232333804447,,,,,62543526,0.68,0.64,0.3143932211698079,1.3385794196264538,1.5411654938707244,-83.6325921745006,201.05665983398893,201.05665983398893,240.76369475568188,240.76369475568188,213.4809348093538,-174.84939759035902,260.76369475568185,,4.980710879930641,3.5546317152272056,9.1239530907474,,
1655127000,43.01,43.055,41.205,42.04,41.97087148604033,44.38837462488398,41.97087148604033,44.38837462488398,0,0,0,0,0,49.23,40.15,53.23,36.15,44.15,41.881080969254796,39.9939190307452,,,,,89462692,0.69,0.65,-0.7502571956624053,1.0240059243637512,1.1325002769794068,-179.5948141426226,122.15355611071561,122.15355611071561,201.22698187402648,201.22698187402648,213.4809348093538,-174.84939759035902,,,10.695708712613788,3.834673950418836,9.127093461620259,,
1655213400,42.885,43.435,41.57,42.12,41.97016185270159,44.279642286653235,41.97016185270159,44.279642286653235,0,0,0,0,0,49.23,40.15,53.23,36.15,44.15,41.93548307654731,40.0895169234527,,,,,69512818,0.66,0.65,-0.5074869683308252,0.8919838739261299,1.204720838363957,-166.3117123873931,57.92955375113482,57.92955375113482,153.46117249972926,153.46117249972926,213.4809348093538,-174.84939759035902,,,9.904638058084092,4.072711758562572,9.12864699727753,,
1655299800,42.025,42.235,40.495,41.19,41.9673272635853,44.1334386675688,41.9673272635853,44.1334386675688,0,0,0,0,0,49.23,40.15,53.23,36.15,44.15,42.010052291955354,40.14494770804464,,,,,86446300,0.66,0.66,-1.051400231062002,0.42725767121582536,0.9737884961685084,-205.4331764610141,1.9559902047622302,1.9559902047622302,102.95944506807359,102.95944506807359,213.4809348093538,-174.84939759035902,,,12.234503684438671,4.392782030165556,9.134852505143986,,
1655386200,40.095,40.3125,38.535,38.87,41.96062141490681,43.91687440609551,41.96062141490681,43.91687440609551,0,0,0,0,0,49.23,40.15,53.23,36.15,44.15,42.04522804419605,40.10977195580395,,,,,115958294,0.7,0.68,-1.7262385026933746,-0.40742559892239644,0.5470325597657063,-235.98295816493916,-54.102239120347406,-54.102239120347406,50.605550338599926,50.605550338599926,213.48093480935378,-227.80719695908246,,,16.482444733420035,4.866886449901026,9.149533009096585,,
1655472600,38.6,38.885,36.2975,36.745,41.94950314035155,43.62193521369961,41.94950314035155,43.62193521369961,0,0,0,0,0,49.23,40.15,53.23,36.15,44.15,42.088529046958115,40.066470953041886,,,,,128468376,0.75,0.69,-2.5271759823843953,-0.7117630889164159,0.35914306692358683,-235.98295816493916,-105.95558631512567,-105.95558631512567,-1.58149521264194,-1.58149521264194,213.48093480935378,-227.80719695908246,,,21.33181621153013,5.512569969964912,9.173873235275273,,
1655818200,37.305,38.48,37.24,38.22,41.940271365845355,43.375153440613346,41.940271365845355,43.375153440613346,0,0,0,0,0,49.23,40.15,53.23,36.15,44.15,42.097090867087445,40.057909132912556,,,,,70013492,0.76,0.68,-2.018930080213278,-0.6279462663652366,0.511427379012547,-213.38565686237826,-132.8456418674827,-132.8456418674827,-45.336210764255526,-45.336210764255526,213.48093480935378,-227.80719695908246,,,19.289120069354137,6.052826836607627,9.194083518660046,,
1655904600,36.38,37.335,36.1775,36.69,41.928956388091414,43.09679938411871,41.928956388091414,43.09679938411871,0,0,0,0,0,49.23,40.15,53.23,36.15,44.15,42.11790832005289,40.03709167994711,,,,,82425234,0.75,0.69,-2.7824378315882012,-0.2787192850372635,0.331075105120856,-214.37128955642083,-154.37501791886967,-154.37501791886967,-81.68247981579357,-81.68247981579357,173.06711451142453,-227.80719695908243,,,21.591894234937143,6.662202028698981,9.218854369242019,,
1655991000,36.865,37.13,34.735,35.33,41.914810720982345,42.77335823180033,41.914810720982345,42.77335823180033,0,1,0,0,0,49.23,40.15,53.23,36.15,44.15,41.738858795591476,39.65114120440852,,,,,113842296,0.78,0.69,-3.16761086787958,-0.6193868798576121,0.016001773919398703,-214.37128955642083,-182.5880760094997,-182.5880760094997,-115.31767854702895,-115.31767854702895,173.06711451142453,-227.80719695908243,,,24.71824880797573,7.370282294552971,9.24982219029843,,
1656077400,35.935,36.555,35.415,35.795,41.90203837188947,42.48900104623953,41.90203837188947,42.48900104623953,0,1,0,0,0,49.23,40.15,53.23,36.15,44.15,41.74126674907078,39.64873325092922,,,,,94797014,0.77,0.68,-2.7907925285170982,-0.6204544231743027,0.18593972526805655,-201.5898360800187,-202.97952112820244,-202.97952112820244,-144.53829274075343,-144.53829274075343,173.06711451142453,-227.80719695908243,,,23.244473342002603,7.992799590531388,9.277783531260875,,
1656336600,36.21,37.0975,36.165,36.845,41.89077505845912,42.24491276991641,41.89077505845912,42.24491276991641,0,1,0,0,0,49.23,40.15,53.23,36.15,44.15,41.746045886679134,39.643954113320866,,,,,67958802,0.76,0.69,-2.2946809645318615,-0.4427718109434468,0.37585442277270603,-185.14998344419024,-194.02000839879804,-194.02000839879804,-161.03219796010163,-161.03219796010163,168.05831676607548,-227.8071969590825,,,21.618985695708716,8.527159829950106,9.302441277843188,,
1656423000,37.72,38.45,37.27,37.84,41.88171996343723,42.05329658286087,41.88171996343723,42.05329658286087,0,0,0,0,0,49.23,40.15,53.23,36.15,44.15,41.747894365951936,39.642105634048065,,,,,79600802,0.77,0.68,-1.3457988157304728,-0.49102008671282815,0.4648717680133678,-164.63963440099917,-157.55507175884165,-157.55507175884165,-150.60081935632172,-150.60081935632172,168.05831676607548,-227.8071969590825,,,19.22410056350238,8.946647701854117,9.32226477291943,,
1656509400,38.365,38.495,36.42215,36.525,41.871005894579206,41.836278226670245,41.871005894579206,41.836278226670245,0,0,0,0,0,49.23,40.15,53.23,36.15,44.15,41.76291570136602,39.627084298633974,,,,,71183918,0.75,0.68,-1.7706021304036907,-0.9152055108155777,0.29720297301630216,-173.23832336615345,-144.66120845429947,-144.66120845429947,-118.87348184521515,-118.87348184521515,152.39154616240367,-227.80719695908246,,,21.061660164716077,9.421746229809488,9.345720108367576,,
1656595800,35.74,36.6825,35.435,35.755,41.85836062805657,41.58944574719298,41.85836062805657,41.58944574719298,0,0,0,0,0,49.23,40.15,53.23,36.15,44.15,41.76603604116486,39.62396395883514,,,,,75533476,0.73,0.69,-1.7547218070992523,-1.1314925981611004,0.22538615329979045,-190.83606472981913,-135.3037384871716,-135.3037384871716,-116.58879855291583,-116.58879855291583,152.39154616240367,-227.80719695908246,,,23.201127004768093,9.962114103337276,9.373403239029715,,
1656682200,36.19,36.445,35.065,36.29,41.84500875866985,41.3379282669109,41.84500875866985,41.3379282669109,0,0,0,0,0,42.15,28.775,48.11,22.814999999999998,36.19,41.767191678918685,39.62280832108132,,,,,69203978,0.73,0.68,-0.8822338403506812,-0.8582933691178176,0.3725761972432013,-197.43198663080315,-129.37394709890327,-129.37394709890327,-117.5143643223666,-117.5143643223666,152.39154616240367,-227.80719695908246,,,24.00303424360642,10.512738422563517,9.402633271006891,,
1657027800,35.54,35.7075,34.095,34.85,41.82976488502615,41.05861539369871,41.82976488502615,41.05861539369871,0,0,0,0,0,42.15,28.775,48.11,22.814999999999998,36.19,41.456333024559584,39.293666975440416,,,,,89865882,0.74,0.69,-0.678707512996723,-1.0937235926550308,0.13360233879302294,-203.31483589384283,-129.10073808477665,-129.10073808477665,-128.55432005652344,-128.55432005652344,152.39154616240367,-227.80719695908246,,,26.105331599479847,11.12421266479553,9.436005295639205,,
1657114200,34.475,35.095,33.225,34.255,41.812830589551574,40.7564794959066,41.812830589551574,40.7564794959066,0,0,0,0,0,42.15,28.775,48.11,22.814999999999998,36.19,41.012406360862926,38.86759363913707,,,,,96419010,0.75,0.69,-1.3624511830995591,-1.229581557034053,0.09132464308476215,-203.31483589384285,-145.97041740934688,-145.97041740934688,-134.72396452630005,-134.72396452630005,152.39154616240367,-227.80719695908246,,,27.990897269180753,11.785651276732207,9.473078006875053,,
1657200600,35.185,35.77,35.1,35.49,41.79963892004198,40.53898618234164,41.79963892004198,40.53898618234164,0,0,0,0,0,42.15,28.775,48.11,22.814999999999998,36.19,41.02597180264833,38.85402819735167,,,,,67587122,0.74,0.69,-0.42508094645121414,-1.1577906087425631,0.13208180831042607,-173.79758329601432,-135.53653838021344,-135.53653838021344,-134.99482247760452,-134.99482247760452,152.39154616240367,-227.80719695908246,,,23.927178153446032,12.261789585622944,9.501957327847222,,
1657287000,35.92,36.07,34.97995,35.475,41.78623614597596,40.32536125362236,41.78623614597596,40.32536125362236,0,0,0,0,0,42.15,28.775,48.11,22.814999999999998,36.19,41.0254009215503,38.85459907844969,,,,,43940628,0.74,0.69,0.05371221836153151,-1.1928060377147638,0.02286901924754103,-175.6874745890113,-127.83738542112853,-127.83738542112853,-113.52251130817658,-113.52251130817658,152.39154616240367,-227.80719695908246,,,24.187364542696137,12.729459191782677,9.531298800803963,,
1657546200,35.03,35.43,34.665,35.135,41.77223717265733,40.107886302499914,41.77223717265733,40.107886302499914,0,0,0,0,0,42.15,28.775,48.11,22.814999999999998,36.19,41.02379390399625,38.856206096003746,,,,,45508232,0.74,0.69,-0.24229763740245877,-1.3869843988371495,-0.06267262900740825,-180.64558589871058,-119.20252468725893,-119.20252468725893,-101.93280321951973,-101.93280321951973,152.39154616240367,-227.80719695908246,,,24.86996098829649,13.205557301449886,9.56194547850125,,
1657632600,34.215,34.6525,33.83,34.45,41.75661452096371,39.866522133774424,41.75661452096371,39.866522133774424,0,0,0,0,0,42.15,28.775,48.11,22.814999999999998,36.19,41.01761014208606,38.86238985791393,,,,,64690296,0.75,0.69,-0.8521409943774643,-1.5705102375160966,-0.240903239496611,-181.7511221467186,-116.7512849591833,-116.7512849591833,-111.84880550303201,-111.84880550303201,152.39154616240367,-227.80719695908246,,,26.67967056783702,13.733953900131734,9.596146727430993,,
1657719000,33.95,35.115,33.95,34.395,41.741260445996744,39.639282050096995,41.741260445996744,39.639282050096995,0,0,0,0,0,42.15,28.775,48.11,22.814999999999998,36.19,41.008051195844196,38.8719488041558,,,,,58978078,0.75,0.68,-1.1940709995306715,-1.6884496289447775,-0.25889431330819845,-170.39300062685652,-120.0188871395542,-120.0188871395542,-117.84048568597359,-117.84048568597359,152.39154616240367,-227.80719695908246,,,26.419592544429992,14.231429925398333,9.629760005786634,,
1657805400,33.19,33.785,32.74,33.745,41.72354364190884,39.373976871661824,41.72354364190884,39.373976871661824,0,0,0,0,0,42.15,28.775,48.11,22.814999999999998,36.19,40.75840507288849,38.63659492711152,,,,,73273542,0.76,0.69,-0.9951661906950268,-1.7062809959372505,-0.448404214591084,-161.75835653083274,-138.8162288902642,-138.8162288902642,-124.8324000874038,-124.8324000874038,152.39154616240367,-227.80719695908246,,,29.04204594711747,14.812238396838298,9.668545791883199,,
1657891800,34.48,34.515,33.785,34.295,41.70792926899794,39.159646406106454,41.70792926899794,39.159646406106454,0,0,0,0,0,42.15,28.775,48.11,22.814999999999998,36.19,40.75897672243015,38.63602327756986,,,,,59920502,0.76,0.69,-0.5329127061653108,-1.7030546248411484,-0.44163989093280825,-143.73730295143832,-136.34110649230618,-136.34110649230618,-128.66863555570458,-128.66863555570458,152.39154616240367,-227.80719695908246,,,26.777199826614662,15.281452570555018,9.702728916827718,,
1658151000,35.21,35.66,34.915,35.08,41.694581258470464,38.99759164508267,41.694581258470464,38.99759164508267,0,0,0,0,0,42.15,28.775,48.11,22.814999999999998,36.19,40.76587151164863,38.62912848835138,,,,,51453524,0.75,0.68,-0.43434372004780614,-1.547786310314745,-0.41328006294075736,-110.65580148929864,-117.93228435557035,-117.93228435557035,-96.45958195530187,-96.45958195530187,152.39154616240367,-227.80719695908246,,,24.3281317728652,15.636224303978947,9.731950500955666,,
1658237400,35.03,36.25,35.02,36.16,41.68146760960239,38.845968443314725,41.68146760960239,38.845968443314725,0,0,0,0,0,42.15,28.775,48.11,22.814999999999998,36.19,40.77483282348045,38.62016717651956,,,,,48776352,0.74,0.67,0.48635537249693706,-1.4345936250800473,-0.1635175078467685,-71.94463917983917,-93.56992871427519,-93.56992871427519,-44.84521743168489,-44.84521743168489,152.39154616240367,-227.80719695908246,,,24.10056350238404,15.968159174504637,9.760659018441038,,
1658323800,35.76,36.675,35.61,36.51,41.66954719479799,38.723197131812185,41.66954719479799,38.723197131812185,0,0,0,0,0,42.15,28.775,48.11,22.814999999999998,36.19,40.77582011429344,38.61917988570658,,,,,41849412,0.74,0.66,0.8517757006229312,-1.3694144410534475,-0.24774669655980422,-49.60232968420776,-61.93556807413947,-61.93556807413947,1.333153206131982,1.333153206131982,152.39154616240367,-227.80719695908246,,,22.82184655396619,16.23693122860117,9.786755297233295,,
1658410200,35.51,35.905,34.83,35.87,41.65610773986333,38.57495802860387,41.65610773986333,38.57495802860387,0,0,0,0,0,42.15,28.775,48.11,22.814999999999998,36.19,40.77842767919966,38.61657232080035,,,,,43159174,0.74,0.66,0.13889896479114985,-1.6544224789880815,-0.2875260415121493,-64.4260144174193,-33.02705291247872,-33.02705291247872,24.789977410842774,24.789977410842774,152.39154616240367,-227.80719695908246,,,24.51235370611184,16.561457600268252,9.816177072276009,,
1658496600,36.01,36.365,35.3675,35.575,41.643758323799666,38.4533998706194,41.643758323799666,38.4533998706194,0,0,0,0,0,42.15,28.775,48.11,22.814999999999998,36.19,40.76806195523927,38.626938044760735,,,,,40836330,0.74,0.66,0.036724432646236864,-1.7222999266651882,-0.19805577659851045,-47.461058790708535,-8.525898239331354,-8.525898239331354,40.476411106963376,40.476411106963376,152.39154616240367,-227.80719695908246,,,23.347420892934547,16.827573807823793,9.843212524465137,,
1658755800,36.065,36.915,35.635,36.88,41.631962702773095,38.346993993340206,41.631962702773095,38.346993993340206,0,0,0,0,0,42.15,28.775,48.11,22.814999999999998,36.19,40.77744231120525,38.617557688794754,,,,,39112000,0.73,0.65,0.640460737816882,-1.3596731807428657,0.11611066498092995,-42.32624252113747,22.004506991032418,22.004506991032418,83.06531745175997,83.06531745175997,152.39154616240367,-227.80719695908246,,,22.767663632423066,17.060518506827687,9.869035603601917,,
1658842200,37.32,37.4825,36.2975,36.545,41.62150108898134,38.270481483797454,41.62150108898134,38.270481483797454,0,0,0,0,0,42.15,28.775,48.11,22.814999999999998,36.19,40.76542441512085,38.62957558487916,,,,,37228740,0.74,0.66,0.7868914242213179,-1.3154302783095826,0.09653247518877812,-29.60917418995672,54.46161884295151,54.46161884295151,119.37584254678971,119.37584254678971,152.39154616240367,-227.80719695908246,,,21.33181621153013,17.22802037760033,9.891938262159217,,
1658928600,36.78,37.5565,36.405,37.37,41.61127301487748,38.20114299423677,41.61127301487748,38.20114299423677,0,0,0,0,0,42.15,28.775,48.11,22.814999999999998,36.19,40.771204696617694,38.623795303382316,,,,,44810696,0.76,0.66,1.1146909364699267,-0.8265256950493013,0.04589131176952754,-27.54564989470849,85.22400854679438,85.22400854679438,146.74878795448012,146.74878795448012,152.39154616240367,-227.80719695908246,,,21.098829648894668,17.37981681961187,9.914329653541305,,
1659015000,37.705,37.9625,36.885,37.58,41.60201482703557,38.15315895524709,41.60201482703557,38.15315895524709,0,0,0,0,0,42.15,28.775,48.11,22.814999999999998,36.19,40.76913650800325,38.62586349199676,,,,,46665340,0.75,0.65,1.4742060543899782,-0.8072519776330086,0.07491418908388607,-18.33177397173987,112.40091629528487,112.40091629528487,166.75473179226586,166.75473179226586,152.39154616240367,-227.80719695908246,,,20.058517555266587,17.484863907284605,9.93459776123706,,
1659101400,38.265,39.33,38.19,39.21,41.59535645575278,38.157721349158976,41.59535645575278,38.157721349158976,0,0,0,0,0,42.15,28.775,48.11,22.814999999999998,36.19,40.77966283454227,38.61533716545774,,,,,51667628,0.76,0.65,1.8339528222699304,-0.35514705310720246,0.12830803155461812,-21.082525614884226,139.57557150527356,139.57557150527356,193.9248819252509,193.9248819252509,196.39970864694513,-227.8071969590825,,,17.230169050715222,17.474875873693648,9.949174327250002,,
1659360600,38.54,38.6375,37.885,38.4,41.588108091205825,38.150263649191956,41.588108091205825,38.150263649191956,0,0,0,0,0,42.625,35.245000000000005,45.919999999999995,31.950000000000003,38.54,40.7768425599985,38.61815744000151,,,,,51331008,0.76,0.65,1.2090215580139636,-0.08918221112359355,0.06930905545406403,-27.386614156589772,159.22146142906078,159.22146142906078,198.51324127663523,198.51324127663523,196.39970864694513,-227.8071969590825,,,17.8912006935414,17.49120233721709,9.965042511798037,,
1659447000,38.405,38.695,37.97,38.31,41.58104234077384,38.146398408047176,41.58104234077384,38.146398408047176,0,0,0,0,0,42.625,35.245000000000005,45.919999999999995,31.950000000000003,38.54,40.77407917552841,38.6209208244716,,,,,39864346,0.77,0.65,0.7655155038342673,0.3165916202534482,-0.013957441799276148,-25.629737022016073,169.51130905448127,169.51130905448127,190.09100430532226,190.09100430532226,196.39970864694513,-227.8071969590825,,,17.70697876029476,17.49966415772994,9.980510915890937,,
1659533400,38.4725,38.585,36.98,37.21,41.5720324659671,38.10424945086885,41.5720324659671,38.10424945086885,0,0,0,0,0,42.625,35.245000000000005,45.919999999999995,31.950000000000003,38.54,40.77454150103806,38.62045849896195,,,,,57013146,0.77,0.66,0.24702878896105354,-0.19657642198346162,-0.1471346734413233,-46.09218835410957,152.47392449120716,152.47392449120716,163.83218086672323,163.83218086672323,196.39970864694513,-227.8071969590825,,,19.852622453402695,17.591937032070046,10.000235414467385,,
1659619800,36.955,37.06,35.695,35.83,41.56049883466647,38.013865158677916,41.56049883466647,38.013865158677916,0,0,0,0,0,42.625,35.245000000000005,45.919999999999995,31.950000000000003,38.54,40.7692067280382,38.62579327196181,,,,,55991004,0.77,0.66,-0.014215537659297403,-0.17251417581640593,-0.3825683990580405,-72.65203680031159,93.15173285957968,93.15173285957968,140.2720315310087,140.2720315310087,196.39970864694513,-227.8071969590825,,,22.63762462071955,17.78980713358571,10.025484943351005,,
1659706200,35.345,36.855,35.345,36.54,41.54829593989191,37.91343711323957,41.54829593989191,37.91343711323957,0,0,0,0,0,42.625,35.245000000000005,45.919999999999995,31.950000000000003,38.54,40.7724862745991,38.62251372540091,,,,,45179530,0.77,0.66,0.34717637350327496,0.2530747772543386,-0.2066465803695761,-79.88623676620325,41.98677948881143,41.98677948881143,107.51028085027629,107.51028085027629,196.39970864694513,-227.8071969590825,,,23.396185522323368,18.009665109614637,10.052199629822478,,
1659965400,36.5,37.06,36.445,36.73,41.538293250701315,37.85965330487723,41.538293250701315,37.85965330487723,0,0,0,0,0,42.625,35.245000000000005,45.919999999999995,31.950000000000003,38.54,40.761734948806094,38.633265051193916,,,,,37765300,0.78,0.66,-0.05263684005418297,0.19517225479346825,-0.17683535004822587,-57.150179730543826,10.985502608733995,10.985502608733995,75.33535476976219,75.33535476976219,196.39970864694513,-227.8071969590825,,,21.012136974425662,18.12740910431311,10.074097606534972,,
1660051800,37.25,37.85,37.185,37.375,41.52977428316745,37.83670807723499,41.52977428316745,37.83670807723499,0,0,0,0,0,42.625,35.245000000000005,45.919999999999995,31.950000000000003,38.54,40.67696560320565,38.718034396794366,,,,,34683094,0.78,0.66,0.2932916778140256,0.10724728216871746,-0.15220652159317488,-41.85501408837293,10.907144811154582,10.907144811154582,53.85928478355966,53.85928478355966,196.39970864694513,-227.8071969590825,,,19.40832249674902,18.177641002055694,10.09274740651542,,
1660138200,37.46,37.8575,36.72,37.645,41.52035255632795,37.796609721264986,41.52035255632795,37.796609721264986,0,0,0,0,0,42.625,35.245000000000005,45.919999999999995,31.950000000000003,38.54,40.67657212538722,38.71842787461279,,,,,34788334,0.82,0.65,0.09591227360982844,-0.03877818215956581,-0.06536127229150399,-51.46616547162902,20.272964095622626,20.272964095622626,42.66384455424732,42.66384455424732,196.39970864694513,-227.8071969590825,,,20.41612483745124,18.26542468187513,10.113373535248558,,
1660224600,38.35,39.27,38.2355,38.94,41.5139473464252,37.81692090866636,41.5139473464252,37.81692090866636,0,0,0,0,0,42.625,35.245000000000005,45.919999999999995,31.950000000000003,38.54,40.68891152100784,38.70608847899217,,,,,60531552,0.82,0.65,0.4671918397596965,0.4928098719894488,0.04579063951090664,-20.142079619318228,45.306637286587566,45.306637286587566,50.59222275126806,50.59222275126806,196.39970864694513,-227.8071969590825,,,17.131556133506713,18.22095924860578,10.12739587810222,,
1660311000,38.685,39.255,38.52,39.235,41.50811768139738,37.84748087303238,41.50811768139738,37.84748087303238,0,0,0,0,0,42.625,35.245000000000005,45.919999999999995,31.950000000000003,38.54,40.689399947588456,38.705600052411555,,,,,38380936,0.83,0.65,0.008289109121301794,0.730544246478627,0.0735736856620942,-14.769020457227729,56.957103626233064,56.957103626233064,80.25803630552407,80.25803630552407,196.39970864694513,-227.8071969590825,,,16.514954486345896,18.154057101066176,10.140158232963845,,
1660570200,37.815,38.68,37.47,38.47,41.500222740975005,37.836077701540916,41.500222740975005,37.836077701540916,0,0,0,0,0,42.625,35.245000000000005,45.919999999999995,31.950000000000003,38.54,40.67952415857159,38.715475841428415,,,,,42024418,0.81,0.65,0.023631437625392063,0.44960613147509393,0.05632607497205793,-36.45779175805186,66.78369573885608,66.78369573885608,86.43687996410212,86.43687996410212,196.39970864694513,-227.8071969590825,,,18.79063719115735,18.179021026167792,10.15744190720599,,
1660656600,38.525,38.93,38.1375,38.38,41.4936639043297,37.85103641912755,41.4936639043297,37.85103641912755,0,0,0,0,0,42.625,35.245000000000005,45.919999999999995,31.950000000000003,38.54,40.67020150647237,38.72479849352765,,,,,39357556,0.8,0.65,0.02374197821674037,0.7598752683218244,0.020408867288331772,-22.669930002527924,73.21586097158522,73.21586097158522,86.08019143704348,86.08019143704348,196.39970864694513,-227.8071969590825,,,17.343953185955783,18.146273267728105,10.171800571099597,,
1660743000,38.205,39.1,38.105,38.7,41.48705388653883,37.86414675563235,41.48705388653883,37.86414675563235,0,0,0,0,0,42.625,35.245000000000005,45.919999999999995,31.950000000000003,38.54,40.669280342990454,38.72571965700956,,,,,45472328,0.8,0.65,0.5200424299106329,0.9729697689906809,0,-23.341249114220222,80.57901394125872,80.57901394125872,95.30531988060574,95.30531988060574,196.39970864694513,-227.8071969590825,,,17.414390983961862,18.117572001698058,10.186271281215205,,
1660829400,39.13,39.78,39.06,39.74,41.48234608656573,37.91381943188206,41.48234608656573,37.91381943188206,0,0,0,0,0,42.625,35.245000000000005,45.919999999999995,31.950000000000003,38.54,40.67080915133127,38.724190848668734,,,,,46865948,0.79,0.65,1.414404942972291,0.8961198954322176,-0.0027161989897538114,-13.867569692326917,95.63094745533594,95.63094745533594,125.7348144834904,125.7348144834904,196.39970864694513,-227.8071969590825,,,15.344603381014302,18.008828134220263,10.196577639056962,,
1660915800,39.64,40.00305,39.41,39.73,41.47834000047868,37.97513239533767,41.47834000047868,37.97513239533767,0,0,0,0,0,42.625,35.245000000000005,45.919999999999995,31.950000000000003,38.54,40.67067259191044,38.72432740808957,,,,,39488454,0.8,0.65,1.1376462092568995,0.9024052576053248,0.1306387991491178,-6.7298499977469985,113.10018302204486,113.10018302204486,148.03865415546272,148.03865415546272,196.39970864694513,-227.8071969590825,,,14.5860424794105,17.87460124579635,10.205347798578147,,
1661175000,39.39,39.9,38.74,39.655,41.47301664383437,38.008029164147956,41.47301664383437,38.008029164147956,0,0,0,0,0,42.625,35.245000000000005,45.919999999999995,31.950000000000003,38.54,40.67041275366094,38.72458724633908,,,,,45696134,0.8,0.65,1.0377799698098638,0.9679171648710149,0.04929947064072951,-20.39348484165724,126.18010246500243,126.18010246500243,152.33994135091757,152.33994135091757,196.39970864694513,-227.8071969590825,,,16.038144776766362,17.802583345050074,10.217001738594508,,
1661261400,40.305,41.395,40.275,41.085,41.47074018700353,38.09922998124019,41.47074018700353,38.09922998124019,0,0,0,0,0,42.625,35.245000000000005,45.919999999999995,31.950000000000003,38.54,40.67787748072517,38.71712251927484,,,,,54367024,0.8,0.65,1.2813657500489986,1.4353951575338448,0.13948270134083415,-15.97794915326867,141.39535939885403,141.39535939885403,171.8258732665572,171.8258732665572,196.39970864694513,-227.8071969590825,,,12.711313394018209,17.60292569991157,10.221985378265684,,
1661347800,41.09,41.6475,40.905,41.59,41.469714432384144,38.21131311923077,41.469714432384144,38.21131311923077,0,0,0,0,0,42.625,35.245000000000005,45.919999999999995,31.950000000000003,38.54,40.67965299719522,38.7153470028048,,,,,49093204,0.8,0.66,1.3537191526084789,1.5601405486343243,0.17957129956101348,-13.348146309476098,158.05865910701291,158.05865910701291,191.38525852333066,191.38525852333066,196.39970864694513,-227.8071969590825,,,11.345903771131338,17.357552290939797,10.224230969460221,,
1661434200,41.83,42.1175,41.505,41.91,41.469877540411346,38.34229495769231,41.469877540411346,38.34229495769231,0,0,0,1,0,42.625,35.245000000000005,45.919999999999995,31.950000000000003,38.54,40.674969317780416,38.720030682219594,,,,,39798554,0.8,0.66,0.9853029378395067,1.804660051691807,0.14881743449819096,-7.831711297566595,172.93793551487985,172.93793551487985,202.69648833061373,202.69648833061373,196.39970864694513,-227.8071969590825,222.69648833061373,,10.045513654096224,17.070805677730245,10.223873891907045,,
1661520600,41.825,42.28,41.235,41.42,41.46950625661432,38.457657900527906,41.46950625661432,38.457657900527906,0,0,0,1,0,42.625,35.245000000000005,45.919999999999995,31.950000000000003,38.54,40.67485314786754,38.72014685213247,,,,,38635108,0.79,0.66,0.7184507534563984,1.5474358508654769,0.13271185457473678,-13.052852162611128,181.33631384762657,181.33631384762657,198.13307051312003,198.13307051312003,196.39970864694513,-227.8071969590825,,,10.630689206762032,16.818252090633454,10.224686709718943,,
1661779800,41.4,42.59,41.295,42.045,41.46925439596175,38.57082621815427,41.46925439596175,38.57082621815427,0,0,0,0,0,42.625,35.245000000000005,45.919999999999995,31.950000000000003,38.54,40.673455548811795,38.721544451188215,,,,,52125050,0.79,0.66,1.1997727199954848,1.4799465538548324,0.18244750027463372,-14.437107261487466,191.12777948155963,191.12777948155963,210.71071074942574,210.71071074942574,196.3997086469451,-227.23516435483805,230.71071074942574,,10.500650195058515,16.57050299668934,10.225238085314027,,
1661866200,41.325,41.335,40.285,40.62,41.467005236329456,38.64034479783449,41.467005236329456,38.64034479783449,0,0,0,0,0,42.625,35.245000000000005,45.919999999999995,31.950000000000003,38.54,40.68520299797059,38.70979700202942,,,,,57641710,0.77,0.66,0.7460656811832287,0.9102901107228504,0.1707459692091977,-27.268762371090123,170.29704601166492,170.29704601166492,184.1842016582614,184.1842016582614,196.3997086469451,-144.57765078990957,,,12.68964022540096,16.41831229977607,10.230161965713801,,
1661952600,39.615,40.92,39.47,40.25,41.463148482610514,38.67549598223314,41.463148482610514,38.67549598223314,0,0,0,0,0,42.625,35.245000000000005,45.919999999999995,31.950000000000003,38.54,40.682105531649675,38.712894468350335,,,,,58304512,0.78,0.65,0.5122008592029421,0.7563428599087177,0.24055356582835685,-39.8960585827028,113.06906513532823,113.06906513532823,160.479156150617,160.479156150617,196.3997086469451,-144.57765078990957,,,14.456003467706982,16.34135901224395,10.238605205478024,,
1662039000,39.655,39.805,38.71,39.26,41.45779613798992,38.67976280645929,41.45779613798992,38.67976280645929,0,0,0,0,0,46.212500000000006,36.0325,49.83500000000001,32.41,39.655,40.68889532384837,38.70610467615164,,,,,56604190,0.78,0.65,-0.15460053566710924,0.6984017419502704,0.28026709335290534,-51.51325465884716,50.832320619545754,50.832320619545754,123.93021097359326,123.93021097359326,196.39970864694507,-143.53533292525253,,,16.103164282618117,16.3320180424547,10.250322606231551,,
1662125400,40.225,40.51,39.765,39.98,40.53985983194003,37.9028743668225,40.53985983194003,37.9028743668225,0,0,0,0,0,46.212500000000006,36.0325,49.83500000000001,32.41,39.655,40.69110704802326,38.70389295197675,,,,,57188168,0.77,0.65,0.08094530450848536,0.9196246297378264,0.3591689516471376,-34.91482967421128,13.2001411455662,13.2001411455662,87.02018769758425,87.02018769758425,196.39970864694507,-140.61423084513535,,,11.868351063829781,16.156972278587055,10.253555430322656,,
1662471000,40.355,40.49,39.445,39.61,39.85179901983775,37.34784158083029,39.85179901983775,37.34784158083029,0,0,0,0,0,46.212500000000006,36.0325,49.83500000000001,32.41,39.655,40.69179708351262,38.70320291648739,,,,,45568264,0.78,0.65,-0.014617319475914338,0.5505088267270343,0.2500740290165027,-39.81515664603041,-18.71271979631299,-18.71271979631299,51.7758851996185,51.7758851996185,196.39970864694507,-140.61423084513535,,,11.069777928080255,15.957474460920121,10.25518624450399,,
1662557400,38.745,39.32,38.39,39.15,37.84487641146703,35.58205700656867,37.84487641146703,35.58205700656867,0,0,0,0,0,46.212500000000006,36.0325,49.83500000000001,32.41,39.655,40.6802312595136,38.71476874048641,,,,,60541332,0.78,0.65,-0.6070365582681354,0.530440044592053,0.06517160918369043,-55.97092213124658,-65.26988067029347,-65.26988067029347,12.760629909647847,12.760629909647847,196.39970864694507,-140.61423084513535,,,8.855650522317182,15.678971561367065,10.252389969334786,,
1662643800,39.325,39.515,38.845,39.32,37.846940094960594,35.71129986905617,37.846940094960594,35.71129986905617,0,0,0,0,0,46.212500000000006,36.0325,49.83500000000001,32.41,39.655,40.362874265329864,38.41212573467014,,,,,53681520,0.8,0.65,-0.7034378277944144,0.38827521457634767,0.1995096788514286,-49.003269718191284,-96.75225545162633,-96.75225545162633,-23.743665210776875,-23.743665210776875,196.39970864694507,-140.61423084513535,,,7.775403608736939,15.369027720087452,10.247440945637287,,
1662730200,40.025,40.495,39.7275,40.3,37.78348713390896,35.80861190656429,37.78348713390896,35.80861190656429,0,0,0,0,0,46.212500000000006,36.0325,49.83500000000001,32.41,39.655,39.97476739329391,38.035232606706096,,,,,38678760,0.77,0.65,-0.49345853573443615,0.5367770650731643,0.23834227721219153,-35.48908674122136,-79.56131649312768,-79.56131649312768,-42.34954897156047,-42.34954897156047,196.39970864694507,-140.61423084513535,,,5.511951480556553,14.982475710694084,10.237979428224538,,
1662989400,40.89,41.485,40.54,41.04,37.789024722053,35.99474673375784,37.789024722053,35.99474673375784,0,0,0,0,0,46.212500000000006,36.0325,49.83500000000001,32.41,39.655,39.03622305518027,37.13877694481974,,,,,41731812,0.76,0.65,-0.11760368751533663,0.3454148919406439,0.1954367815926701,-23.04685028933686,-40.70902723875537,-40.70902723875537,-37.427983773145165,-37.427983773145165,196.39970864694507,-140.61423084513535,,,3.5794981567368356,14.53530012034282,10.224675769340447,,
1663075800,40.4,41.09,39.825,40.005,37.79313696037058,36.145823332434006,37.79313696037058,36.145823332434006,0,0,0,0,0,46.212500000000006,36.0325,49.83500000000001,32.41,39.655,39.00958504453953,37.165414955460484,,,,,61146076,0.77,0.65,-0.6187018120490053,0.30771506754199274,-0.0904702539953722,-33.996018366995166,-31.743850892579392,-31.743850892579392,-13.813498200227436,-13.813498200227436,196.39970864694507,-140.61423084513535,,,5.280057081698178,14.17234941294499,10.21479641132318,,
1663162200,40.38,41.425,40.38,41.135,37.798338784625585,36.3125224174366,37.798338784625585,36.3125224174366,0,0,0,0,0,46.212500000000006,36.0325,49.83500000000001,32.41,39.655,38.58671170258358,36.74328829741644,,,,,54384298,0.74,0.65,0.16203076180367332,0.5440963803397543,0.09258554591606181,-25.49701377524637,-15.644252031287134,-15.644252031287134,16.554945691297387,16.554945691297387,196.39970864694507,-140.61423084513535,,,3.9600428112736332,13.771866801114742,10.20229940113327,,
1663248600,40.405,40.575,39.8775,40.075,37.80253625958137,36.45317545989006,37.80253625958137,36.45317545989006,0,0,0,0,0,46.212500000000006,36.0325,49.83500000000001,32.41,39.655,38.588907724082326,36.74109227591769,,,,,55886300,0.75,0.65,-0.055534180840207295,0.5677962698699409,-0.14222876110828198,-37.13010319686494,-5.005149517162209,-5.005149517162209,16.273055511087644,16.273055511087644,196.39970864694507,-140.61423084513535,,,5.155190866928301,13.433957940950568,10.192215268197796,,
1663335000,39.95,39.98,38.65,39.22,37.8042973259958,36.54065681440417,37.8042973259958,36.54065681440417,0,0,0,0,0,46.212500000000006,36.0325,49.83500000000001,32.41,39.655,38.5530532165003,36.77694678349971,,,,,70403672,0.75,0.65,-0.01308414035598559,0.7015001380786833,0.13394758237957513,-58.15764722184836,-10.657322603460049,-10.657322603460049,-6.8892072125948225,-6.8892072125948225,196.39970864694507,-140.61423084513535,,,8.074681888452854,13.223790252617325,10.187984432274229,,
1663594200,37.73,38.845,37.64,38.82,37.8040570715982,36.58549576285891,37.8040570715982,36.58549576285891,0,0,0,0,0,46.212500000000006,36.0325,49.83500000000001,32.41,39.655,38.51280908689821,36.817190913101804,,,,,37625850,0.74,0.65,-0.3722312564036467,0.46217166427388195,0.04958930327457378,-75.45933314057199,-46.834711001338974,-46.834711001338974,-20.204375142176204,-20.204375142176204,196.39970864694507,-140.61423084513535,,,10.476870020216438,13.11606789056239,10.188561626256131,,
1663680600,38.55,38.7725,38.095,38.55,37.804717297229374,36.646241027060526,37.804717297229374,36.646241027060526,0,0,0,0,0,46.212500000000006,36.0325,49.83500000000001,32.41,39.655,38.49328108014337,36.83671891985665,,,,,42299684,0.72,0.65,-0.3437025081174548,0.3674273755838991,-0.03742841167735698,-67.6650092860975,-73.22641626381309,-73.22641626381309,-37.8783888493885,-37.8783888493885,196.39970864694507,-140.61423084513535,,,9.3946961588774,12.970131744221801,10.186975481466163,,
1663767000,39.275,39.33005,37.97,37.985,37.805128950981164,36.69975118286207,37.805128950981164,36.69975118286207,0,0,0,0,0,46.212500000000006,36.0325,49.83500000000001,32.41,39.655,38.47306523365534,36.856934766344665,,,,,68705864,0.75,0.66,-0.3843193280331941,0.12169873773409236,-0.11794619862033466,-78.7220418593837,-95.36546868062447,-95.36546868062447,-57.04074879313382,-57.04074879313382,196.3997086469451,-159.90716565128997,,,9.691996670234278,12.841577427594839,10.185986512812354,,
1663853400,38.675,38.8,37.82,37.85,37.805243078951236,36.74533937176945,37.805243078951236,36.74533937176945,0,0,0,0,0,46.212500000000006,36.0325,49.83500000000001,32.41,39.655,38.45231263722121,36.8776873627788,,,,,57748066,0.74,0.65,-0.48550996665667384,0.04083008238855837,-0.27222808792228564,-85.97664132833768,-124.63158152647071,-124.63158152647071,-79.57102637091279,-79.57102637091279,196.3997086469451,-159.90716565128997,,,10.04875728386253,12.7320550690171,10.185712328538727,,
1663939800,36.38,36.45,34.97,35.24,37.79971961625603,36.67849272973927,37.79971961625603,36.67849272973927,0,0,0,0,0,46.212500000000006,36.0325,49.83500000000001,32.41,39.655,38.5209065979782,36.809093402021816,,,,,105475630,0.74,0.66,-1.5721192661280352,-0.6868867971910276,-0.6257242379129859,-214.15667712976847,-163.82631844166204,-163.82631844166204,-107.6561237278292,-107.6561237278292,196.3997086469451,-274.5541727277607,,,16.827208942799388,12.89264933857719,10.198982052043744,,
1664199000,35.02,35.46,34.33,34.375,37.792941255384385,36.58942046582793,37.792941255384385,36.58942046582793,0,0,0,0,0,46.212500000000006,36.0325,49.83500000000001,32.41,39.655,38.51707256709981,36.812927432900196,,,,,72159632,0.76,0.66,-2.037618312375221,-0.8972883277995131,-0.753969758543709,-251.84699538754322,-189.96367753155528,-189.96367753155528,-135.0919749957379,-135.0919749957379,196.3997086469451,-274.5541727277607,,,18.34938756094661,13.106639072787756,10.21526657853506,,
1664285400,34.97,35.405,34.565,34.76,37.786641272856144,36.51296476128565,37.786641272856144,36.51296476128565,0,0,0,0,0,46.212500000000006,36.0325,49.83500000000001,32.41,39.655,38.508787035039155,36.82121296496086,,,,,67671102,0.77,0.67,-1.6670362954960156,-0.707953826976168,-0.6327382016048667,-244.17569999984752,-196.43916158043152,-196.43916158043152,-155.54103719063576,-155.54103719063576,196.3997086469451,-274.5541727277607,,,17.79046259959568,13.290318426780223,10.230401835320395,,
1664371800,35.11,36.4975,34.9,36.3,37.781016515068224,36.452513202019546,37.781016515068224,36.452513202019546,0,0,0,0,0,46.212500000000006,36.0325,49.83500000000001,32.41,39.655,38.51863114201064,36.81136885798937,,,,,63147502,0.77,0.67,-1.4725773995774485,-0.3920043544579496,-0.4523862396824464,-233.240023596111,-177.72391985532823,-177.72391985532823,-162.93533141219993,-162.93533141219993,196.3997086469451,-274.5541727277607,,,16.993697229159242,13.435548968049988,10.243914913030363,,
1664458200,36.035,36.375,35.4,36.3,37.77639200654661,36.413844056842315,37.77639200654661,36.413844056842315,0,0,0,0,0,46.212500000000006,36.0325,49.83500000000001,32.41,39.655,38.51258191002847,36.81741808997154,,,,,48562994,0.76,0.66,-1.1889497038923469,-0.45191807047469046,-0.47181760453559307,-191.3538131674846,-157.8216673124119,-157.8216673124119,-147.59433911283585,-147.59433911283585,196.3997086469451,-274.5541727277607,,,15.804495183731722,13.52844881964535,10.255024963521274,,
1664544600,36.01,36.51,35.66,36.01,37.772291023516544,36.38678546637791,37.772291023516544,36.38678546637791,0,0,0,0,0,46.212500000000006,36.0325,49.83500000000001,32.41,39.655,38.51053948561409,36.81946051438592,,,,,43369402,0.75,0.65,-1.09287588479947,-0.7235919748943476,-0.6316066349657424,-182.6786620910163,-144.42014459736683,-144.42014459736683,-117.61709916727665,-117.61709916727665,196.3997086469451,-274.5541727277607,,,15.186110120109419,13.593455145153746,10.264877281516455,,
1664803800,37.305,38.245,37.245,38.045,37.77133339909393,36.42232329122583,37.77133339909393,36.42232329122583,0,0,0,0,0,40.8825,30.752499999999998,44.46,27.174999999999997,37.305,38.527173725446666,36.80282627455335,,,,,69550622,0.74,0.65,-0.2594697425724911,-0.31824476051316214,-0.4196039269627866,-129.79360649023806,-117.2594539789981,-117.2594539789981,-62.9380727422606,-62.9380727422606,196.3997086469451,-274.5541727277607,,,11.416339636104183,13.508078066367489,10.267177905601546,,
1664890200,38.815,39.715,38.51,39.68,37.77287988580903,36.505579240589526,37.77287988580903,36.505579240589526,0,0,0,0,0,40.8825,30.752499999999998,44.46,27.174999999999997,37.305,38.54338476674303,36.786615233256974,,,,,66330858,0.76,0.66,0.3757863198372997,0.004666253535140073,-0.3294816480172991,-87.58565990665163,-78.77753556452629,-78.77753556452629,-1.8136987355826761,-1.8136987355826761,196.3997086469451,-274.5541727277607,,,8.407658461172561,13.308061611261806,10.263462582036253,,
1664976600,39.665,40.815,39.325,40.5,37.77603537055267,36.61721142723307,37.77603537055267,36.61721142723307,0,0,0,0,0,40.8825,30.752499999999998,44.46,27.174999999999997,37.305,38.53346157798569,36.79653842201432,,,,,61273694,0.78,0.66,0.8461091180453045,-0.1050539687667836,-0.2910355698837694,-60.39239787849105,-36.16291635443375,-36.16291635443375,49.066322065751336,49.066322065751336,196.3997086469451,-274.5541727277607,,,6.469259127125696,13.039873278550585,10.255881755952515,,
1665063000,40.17,41.345,40.14,41.22,37.78079663854357,36.75610705753766,37.78079663854357,36.75610705753766,0,0,0,0,0,40.8825,30.752499999999998,44.46,27.174999999999997,37.305,38.53643223581047,36.79356776418954,,,,,52670230,0.78,0.66,1.1456158274709847,-0.06608869318852033,-0.29503977062762693,-35.960934450506386,4.961492437146617,4.961492437146617,87.21031002030735,87.21031002030735,196.3997086469451,-274.5541727277607,,,4.530859793078847,12.706186475198752,10.244443150632089,,
1665149400,41.305,41.77,40.605,40.9,37.78646817373129,36.90760874155579,37.78646817373129,36.90760874155579,0,0,0,0,0,40.8825,30.752499999999998,44.46,27.174999999999997,37.305,38.535904762315305,36.79409523768471,,,,,56915316,0.76,0.66,2.0771461755246956,-0.17994078652797324,-0.26695775968060625,-20.47775433987179,42.083069902238805,42.083069902238805,116.3262248324232,116.3262248324232,196.3997086469451,-274.5541727277607,,,3.424901890831263,12.342214530713752,10.23081769356955,,
1665408600,41.06,41.41,39.93,40.06,37.79079321234522,37.02696330071046,37.79079321234522,37.02696330071046,0,0,0,0,0,40.8825,30.752499999999998,44.46,27.174999999999997,37.305,38.53652631738643,36.79347368261358,,,,,46331686,0.76,0.66,2.133686484442089,-0.2445744190002871,-0.4124855786861606,-40.16887181687563,70.78502067309793,70.78502067309793,128.1889222148162,128.1889222148162,165.86994353091643,-274.5541727277607,,,5.030324652158407,12.055473751162562,10.220427098082215,,
1665495000,39.31,40.425,39.145,39.74,37.793556862270606,37.111160818329665,37.793556862270606,37.111160818329665,0,0,0,0,0,40.8825,30.752499999999998,44.46,27.174999999999997,37.305,38.537712417997035,36.79228758200298,,,,,53842208,0.77,0.66,1.8575435290657285,-0.41037922807724997,-0.4334554790008092,-64.61272017055566,83.97508269861257,83.97508269861257,110.35520674964184,110.35520674964184,165.86994353091643,-274.5541727277607,,,6.897371863479601,11.853195245763231,10.213787627084008,,
1665581400,39.48,40.3375,39.22,40.06,37.79646334206627,37.194968237218696,37.79646334206627,37.194968237218696,0,0,0,0,0,40.8825,30.752499999999998,44.46,27.174999999999997,37.305,39.06660261375806,37.30839738624194,,,,,41102426,0.77,0.66,1.3424250163570859,-0.10315642847714682,-0.45319133465854133,-62.27732064631884,85.7288800222624,85.7288800222624,89.23647466956206,89.23647466956206,165.86994353091643,-274.5541727277607,,,6.718991556665483,11.651853924622143,10.206805017552702,,
1665667800,39.535,41.855,39.525,41.695,37.799967311412786,37.287330267131686,37.799967311412786,37.287330267131686,0,0,0,0,0,40.8825,30.752499999999998,44.46,27.174999999999997,37.305,39.361146768346686,37.55885323165332,,,,,70134842,0.78,0.67,1.900422930778781,0.26503716235527836,-0.28698194833578006,-66.801108175795,91.17000107498316,91.17000107498316,102.05224318042467,102.05224318042467,165.86994353091643,-274.5541727277607,,,5.993578308954699,11.42996076322342,10.198386982170888,,
1665754200,41.24,41.83505,40.06,40.14,37.8045225215798,37.39684084489123,37.8045225215798,37.39684084489123,0,0,0,0,0,40.8825,30.752499999999998,44.46,27.174999999999997,37.305,39.377288388565766,37.54271161143424,,,,,53510612,0.76,0.66,1.4580173839892048,0.1645157650309995,-0.5430392412131404,-50.33171053798369,94.72621510950144,94.72621510950144,101.83864317853798,101.83864317853798,165.86994353091643,-274.5541727277607,,,4.721132120347246,11.166869443894942,10.187443416013398,,
1666013400,40.77,41.31,40.525,40.64,37.80998841064757,37.520109831366085,37.80998841064757,37.520109831366085,0,0,0,0,0,40.8825,30.752499999999998,44.46,27.174999999999997,37.305,39.3683559959091,37.55164400409091,,,,,37988382,0.76,0.66,0.8661181167336575,0.12102577365907913,-0.5045464952279396,-36.017187357456315,96.61359909629579,96.61359909629579,100.38836706988448,100.38836706988448,165.86994353091643,-274.5541727277607,,,3.615174218099662,10.870724533079441,10.17431200902456,,
1666099800,40.975,41.375,40.205,40.995,37.81481041182509,37.6261212105282,37.81481041182509,37.6261212105282,0,0,0,0,0,40.8825,30.752499999999998,44.46,27.174999999999997,37.305,39.36817904209153,37.55182095790847,,,,,50375814,0.76,0.66,0.4220172103447317,0.2570753150083166,-0.3880696511273476,-45.868042019324704,98.01419617128269,98.01419617128269,100.81539032125652,100.81539032125652,165.86994353091643,-274.5541727277607,,,4.376263527173275,10.616039787749788,10.162727496573307,,
1666186200,41.115,42.36,41.1,42.205,37.96501102779126,37.90035421121011,37.96501102779126,37.90035421121011,0,0,0,0,0,40.8825,30.752499999999998,44.46,27.174999999999997,37.305,39.37239129296156,37.54760870703844,,,,,62527548,0.76,0.66,0.5328609220132272,0.5702474246841814,-0.2045121589499528,-33.60518455787925,108.40963415654564,108.40963415654564,129.2005101270715,129.2005101270715,165.86994353091643,-274.5541727277607,,,2.618173202227217,10.30239796086655,10.14765346201917,,
1666272600,42.525,42.915,41.9906,42.245,38.0089688835797,38.09536738469142,38.0089688835797,38.09536738469142,0,0,0,0,0,40.8825,30.752499999999998,44.46,27.174999999999997,37.305,39.53724398705913,37.70775601294088,,,,,50523692,0.77,0.66,0.31559656965585864,0.5450898936710287,0.020629385666372718,-7.7294697875640805,123.42831527873432,123.42831527873432,153.46567752311168,153.46567752311168,165.86994353091643,-274.5541727277607,,,0.6022014439578574,9.921998097458365,10.128581629815251,,
1666359000,42.48,43.55,42.37,43.465,39.11317796081932,39.320447942977374,39.11317796081932,39.320447942977374,0,0,0,1,0,40.8825,30.752499999999998,44.46,27.174999999999997,37.305,39.856411966281776,38.02358803371822,,,,,50548364,0.78,0.67,0.7921048226001954,0.5726992796356496,0.13444085416909068,-32.36612952669464,140.53094626468197,140.53094626468197,174.73620823657728,174.73620823657728,166.28432394855884,-274.5541727277607,,,2.519268376854954,9.631694971160192,10.113378206732413,,
1666618200,43.44,43.975,43.205,43.67,39.305469037851154,39.65114549967915,39.305469037851154,39.65114549967915,0,0,0,1,0,40.8825,30.752499999999998,44.46,27.174999999999997,37.305,40.072111598139124,38.23288840186088,,,,,44992078,0.79,0.67,1.1403544687183418,0.4681999692668426,0.2539698988378407,-13.679999879611202,156.56722580221788,156.56722580221788,188.6397848772897,188.6397848772897,166.28432394855884,-274.5541727277607,,,1.0648042134188307,9.295738470856609,10.095299137814704,,
1666704600,43.5,43.915,43.265,43.715,39.353810799703474,39.83229819924174,39.353810799703474,39.83229819924174,0,0,0,1,0,40.8825,30.752499999999998,44.46,27.174999999999997,37.305,40.067016225137955,38.23798377486206,,,,,37683652,0.78,0.68,1.2658708972466217,0.677608979796605,0.525821247553952,-13.225081700219986,169.94001899902807,169.94001899902807,196.68560539264848,196.68560539264848,166.28432394855884,-274.5541727277607,,,1.0293949445270567,8.971568136490744,10.07718544312282,,
1666791000,43.88,44.66,43.85,44.31,39.89737351419771,40.51092760155987,39.89737351419771,40.51092760155987,0,0,0,1,0,40.8825,30.752499999999998,44.46,27.174999999999997,37.305,40.419004147482276,38.57099585251772,,,,,45412924,0.77,0.68,1.3425313397019212,0.5639207148369861,0.8684321107983588,-13.337438020088394,183.09798226078965,183.09798226078965,209.41390878431278,209.41390878431278,166.28432394855884,-274.5541727277607,229.41390878431278,,1.0381403746332676,8.660453322300254,10.059125413015948,,
1666877400,44.92,45.22,44.335,44.47,40.05002109858536,40.80148946532098,40.05002109858536,40.80148946532098,0,0,0,1,1,40.8825,30.752499999999998,44.46,27.174999999999997,37.305,40.68356318043626,38.86643681956374,,,,,50021284,0.79,0.69,0.8421554491845122,0.8011945286580737,0.6897335218607188,-3.9001649192159062,198.03581771903367,198.03581771903367,227.91148863552172,227.91148863552172,166.28432394855884,-274.5541727277607,247.91148863552172,,0.3035754441196267,8.332732621195131,10.039633804686485,,
1666963800,44.95,45.315,43.825,44.625,40.1968947704611,41.05700865624655,40.1968947704611,41.05700865624655,0,0,0,1,1,40.8825,30.752499999999998,44.46,27.174999999999997,37.305,40.72478010130557,38.92021989869443,,,,,49327928,0.79,0.68,1.4238174719893977,1.0139037289904078,0.9186439164518045,-23.03181112829574,211.24557878472106,211.24557878472106,237.6651009160958,237.6651009160958,166.28432394855884,-274.5541727277607,257.6651009160958,,1.7927170868347275,8.076261423769232,10.02315644860686,,
1667223000,44.185,45.59,44.135,45,40.54189452381968,41.509540220584896,40.54189452381968,41.509540220584896,0,0,0,1,1,40.8825,30.752499999999998,44.46,27.174999999999997,37.305,40.86555781193056,39.054442188069444,,,,,59520866,0.78,0.68,1.3663785413730336,1.1706054981562608,1.1619831352445806,-24.695619567615996,222.51448922587576,222.51448922587576,245.0523101081852,245.0523101081852,166.28432394855884,-274.5541727277607,265.0523101081852,,1.9222222222222265,7.834926553120329,10.006970765836861,,
1667309400,45.755,45.77495,45.16,45.435,40.94224895575663,42.0383265952904,40.94224895575663,42.0383265952904,0,0,0,1,1,49.7625,41.582499999999996,53.93500000000001,37.41,45.755,40.94630380433278,39.158646195667224,,,,,43510860,0.78,0.68,1.3840004769466143,1.3176591897264944,1.1471430356576509,-7.776040144989026,235.75454951223762,235.75454951223762,262.23467008496135,262.23467008496135,166.28432394855884,-274.5541727277607,282.23467008496135,,0.6052602619126349,7.551410227974929,9.988186129465385,,
1667395800,45.29,45.525,44.235,44.34,40.94885185494593,42.124941238612344,40.94885185494593,42.124941238612344,0,0,0,1,1,49.7625,41.582499999999996,53.93500000000001,37.41,45.755,40.93308912543044,39.17186087456956,,,,,56499130,0.78,0.68,0.6448566313428183,1.231323001402622,0.8643726507220642,-33.93181154176967,235.73620823542203,235.73620823542203,235.74843575329908,235.74843575329908,166.28432394855884,-274.5541727277607,255.74843575329908,,2.6411356883459947,7.358850442107128,9.973506708004606,,
1667482200,44.07,45.4125,43.945,45.16,40.954867935155825,42.196900405725586,40.954867935155825,42.196900405725586,0,0,0,0,0,49.7625,41.582499999999996,53.93500000000001,37.41,45.755,40.932503618837735,39.172446381162274,,,,,53634490,0.79,0.68,0.8978573173288912,1.4508915370904822,0.8390402215717702,-42.131999331030634,209.01418970713237,209.01418970713237,226.83702040457683,226.83702040457683,166.28432394855884,-274.5541727277607,246.83702040457683,,3.2794101463629404,7.19887239129363,9.960131889699628,,
1667568600,46.165,46.51,45.07,45.71,41.21049103357645,42.55520730012498,41.21049103357645,42.55520730012498,0,0,0,0,1,49.7625,41.582499999999996,53.93500000000001,37.41,45.755,41.30915965975607,39.530840340243934,,,,,60590614,0.78,0.68,0.6713818456319296,2.2296828161476077,1.08958373992572,-17.988091386571025,209.57079866638554,209.57079866638554,221.08161315851308,221.08161315851308,166.28432394855884,-274.5541727277607,241.08161315851308,,1.4001312623058424,6.971470778392148,9.943028991343198,,
1667831400,45.805,46.64,45.725,46.495,41.925840124861594,43.3819764163444,41.925840124861594,43.3819764163444,0,0,0,0,1,49.7625,41.582499999999996,53.93500000000001,37.41,45.755,41.375436696528645,39.59456330347136,,,,,38775438,0.79,0.68,0.8429761939396522,2.652646238060095,1.304746961500318,-21.27653027562509,216.82116473471808,216.82116473471808,219.66146368391475,219.66146368391475,166.28432394855884,-274.5541727277607,239.66146368391475,,1.6560920529089065,6.763024553863394,9.92647167478289,,
1667917800,46.405,46.74,45.9675,46.54,41.97442349035839,43.52393452855642,41.97442349035839,43.52393452855642,0,0,0,0,1,49.7625,41.582499999999996,53.93500000000001,37.41,45.755,41.42641492730274,39.643585072697256,,,,,43718506,0.79,0.68,0.8673450678932678,2.626085363315366,1.2636290057404849,-15.803942636471666,214.79674520256907,214.79674520256907,218.03989085679953,218.03989085679953,166.28432394855884,-274.5541727277607,238.03989085679953,,1.2301246239793684,6.546048086024805,9.909096356000067,,
1668004200,45.91,46.055,44.165,44.265,41.97884771914889,43.550005723514985,41.97884771914889,43.550005723514985,0,0,0,0,0,49.7625,41.582499999999996,53.93500000000001,37.41,45.755,41.45267129142447,39.61732870857553,,,,,63027912,0.77,0.67,-0.013707807901608719,1.7099199277057047,1.215495997630536,-65.56220744387832,166.6513701021915,166.6513701021915,200.91038393859685,200.91038393859685,166.28432394855884,-274.5541727277607,,,5.10313708637731,6.489463340940589,9.899494039777045,,
1668090600,45.18,45.3,44.25,45.25,41.983431240189546,43.57835451867126,41.983431240189546,43.57835451867126,0,0,0,0,0,49.7625,41.582499999999996,53.93500000000001,37.41,45.755,41.45784695547926,39.61215304452073,,,,,58488214,0.77,0.68,0.23902870931680348,1.9398956809101153,1.4580506146458705,-63.21577054588686,117.63292424411796,117.63292424411796,173.15123070710388,173.15123070710388,166.28432394855884,-274.5541727277607,,,4.920498495917489,6.427935307802429,9.88954599673237,,
1668177000,46.115,46.805,46.005,46.565,42.01398480916863,43.696227777047966,42.01398480916863,43.696227777047966,0,0,0,0,0,49.7625,41.582499999999996,53.93500000000001,37.41,45.755,41.49358588259719,39.6414141174028,,,,,51082578,0.76,0.68,0.5984549733021266,2.3296059589326075,1.4319388115158165,-15.450578763451833,105.31914971257962,105.31914971257962,150.54053704226246,150.54053704226246,166.28432394855884,-274.5541727277607,,,1.2026199935573827,6.223020981753603,9.87218950122153,,
1668436200,46.43,47.355,46.425,46.55,42.022800823535924,43.803293354418635,42.022800823535924,43.803293354418635,0,0,0,0,0,49.7625,41.582499999999996,53.93500000000001,37.41,45.755,41.77461238518793,39.91038761481207,,,,,46245280,0.78,0.68,0.481434804348956,1.8039911442363747,1.4545155720288379,-3.8626446908630068,106.12953716883543,106.12953716883543,135.73687041778678,135.73687041778678,166.28432394855884,-274.5541727277607,,,0.30065499838934945,5.990771335347161,9.853065556160926,,
1668522600,46.725,47.16,46.42,47.04,42.45940830766765,44.33545815408812,42.45940830766765,44.33545815408812,0,0,0,0,0,49.7625,41.582499999999996,53.93500000000001,37.41,45.755,41.77500073389333,39.909999266106674,,,,,51542152,0.79,0.67,0.4939699417319418,1.4974817623670396,1.579371167950727,-16.93326515710358,108.76259724357092,108.76259724357092,126.74544602638149,126.74544602638149,166.28432394855884,-274.5541727277607,,,1.3180272108843483,5.807526467721169,9.83601253249404,,
1668609000,46.62,46.905,45.84,46.08,42.46618671264734,44.39493038333957,42.46618671264734,44.39493038333957,0,0,0,0,0,49.7625,41.582499999999996,53.93500000000001,37.41,45.755,41.77469815505336,39.910301844946645,,,,,47277206,0.76,0.67,0.5496638659250715,1.1141974928908815,1.5762055860279414,-32.77406159439405,95.57204522629017,95.57204522629017,116.35431242635104,116.35431242635104,166.28432394855884,-274.5541727277607,,,2.5510204081632564,5.679820347738506,9.821457103674199,,
1668695400,45.375,46.22,45.14,46.18,42.471566958975714,44.424893897718405,42.471566958975714,44.424893897718405,0,0,0,0,0,49.7625,41.582499999999996,53.93500000000001,37.41,45.755,41.77460120593396,39.91039879406604,,,,,42859808,0.75,0.67,0.31826631152524915,0.9789432003908334,1.6093757416161822,-51.89226419112405,63.620800005118014,63.620800005118014,98.7764749526067,98.7764749526067,166.28432394855884,-274.5541727277607,,,4.0391156462585,5.615478986896153,9.809903973889153,,
1668781800,45.325,45.94,44.75505,45.815,42.47617501600074,44.43873725467063,42.47617501600074,44.43873725467063,0,0,0,0,0,49.7625,41.582499999999996,53.93500000000001,37.41,45.755,41.77584588831129,39.909154111688714,,,,,47366110,0.77,0.67,0.03278550377089698,0.9902466236256423,1.701689685228323,-62.40591003342584,24.52449140508442,24.52449140508442,74.02581377009928,74.02581377009928,166.28432394855884,-274.5541727277607,,,4.8574617346938815,5.585752820143123,9.80000898440025,,
1669041000,44.82,45.31495,43.6425,45.195,42.47857321776697,44.40884461723256,42.47857321776697,44.40884461723256,0,0,0,0,0,49.7625,41.582499999999996,53.93500000000001,37.41,45.755,41.763240113484215,39.92175988651578,,,,,85153544,0.77,0.67,-0.40028675986759643,1.0595049759431205,1.5167309924858485,-92.79156188912852,-20.09074912707888,-20.09074912707888,42.65362613770656,42.65362613770656,166.28432394855884,-274.5541727277607,,,7.222576530612248,5.6499419852595585,9.794859269207867,,
1669127400,45.76,46.715,45.55,46.61,42.48473970484436,44.454180122439126,42.48473970484436,44.454180122439126,0,0,0,0,0,49.7625,41.582499999999996,53.93500000000001,37.41,45.755,41.77380992740229,39.91119007259772,,,,,53754914,0.75,0.67,0.021386933352617456,1.4192048998960851,1.5578488673510527,-40.69445981303947,-16.72384754467969,-16.72384754467969,22.861134910244477,22.861134910244477,166.28432394855884,-274.5541727277607,,,3.167517006802725,5.552591986104389,9.781617826126139,,
1669213800,45.765,46.3975,45.595,46.105,42.490982882257256,44.49948482351995,42.490982882257256,44.49948482351995,0,0,0,0,0,49.7625,41.582499999999996,53.93500000000001,37.41,45.755,41.77553686044864,39.909463139551356,,,,,41197300,0.75,0.67,0.601015137691933,1.2596584057760105,1.325510484153,-39.465432503249644,-7.822720997820689,-7.822720997820689,12.633182940889423,12.633182940889423,166.28432394855884,-274.5541727277607,,,3.071853741496599,5.455308133374672,9.768211704078928,,
1669386600,46.135,46.46,45.855,45.935,42.4977278715035,44.55310698730348,42.4977278715035,44.55310698730348,0,0,0,0,0,49.7625,41.582499999999996,53.93500000000001,37.41,45.755,41.77340423915323,39.91159576084678,,,,,15182622,0.77,0.67,0.21970787107604062,0.8521084636311557,1.2488834174864973,-32.3643858244643,0.5108480558931259,0.5108480558931259,8.592404645890657,8.592404645890657,166.28432394855884,-274.5541727277607,,,2.5191326530612295,5.340163996891792,9.75372802965132,,
1669645800,44.81,45.375,44.5252,44.675,42.50182901062137,44.55299879172295,42.50182901062137,44.55299879172295,0,0,0,0,0,49.7625,41.582499999999996,53.93500000000001,37.41,45.755,41.78275440096799,39.90224559903202,,,,,58300488,0.77,0.66,-0.590230121228799,0.9485461553495689,1.1898600991732482,-68.68350841465208,-21.53409541505149,-21.53409541505149,-1.4497620410900574,-1.4497620410900574,166.28432394855884,-274.5541727277607,,,5.346088435374153,5.340396327812669,9.744921556935482,,
1669732200,45.17,45.615,45.005,45.35,42.50687101060015,44.57152236851813,42.50687101060015,44.57152236851813,0,0,0,0,0,49.7625,41.582499999999996,53.93500000000001,37.41,45.755,41.76716318602788,39.91783681397212,,,,,38048386,0.79,0.66,-0.37428968567271814,0.9715225359090334,1.3298323735873818,-55.57934612049334,-35.425799490375255,-35.425799490375255,-12.775107857518456,-12.775107857518456,166.28432394855884,-274.5541727277607,,,4.326105442176863,5.30062021465048,9.734094751511389,,
1669818600,45.855,45.945,44.8575,45.575,42.51161117841114,44.58359305994879,42.51161117841114,44.58359305994879,0,0,0,0,0,49.7625,41.582499999999996,53.93500000000001,37.41,45.755,41.76556254989006,39.91943745010994,,,,,43830254,0.77,0.66,-0.452891567130025,0.9379892961026973,1.1428292353532288,-59.60782452480432,-37.910589183761076,-37.910589183761076,-21.153601632932663,-21.153601632932663,166.28432394855884,-274.5541727277607,,,4.639668367346934,5.274700534364066,9.723916077417154,,
1669905000,45.895,46.125,45.27,45.425,42.5171578094233,44.61120509681354,42.5171578094233,44.61120509681354,0,0,0,0,0,49.21124999999999,44.03875000000001,51.067499999999995,42.182500000000005,45.895,41.75543907735618,39.92956092264382,,,,,38902038,0.77,0.66,-0.2077274809947761,0.6437192028826042,1.183665174055965,-48.34174085173129,-32.27092093104626,-32.27092093104626,-24.859374732303863,-24.859374732303863,166.28432394855884,-274.5541727277607,,,3.762755102040808,5.215408556625899,9.71200566587794,,
1669991400,45.11,45.68955,44.89,45.155,42.52194170990398,44.62298136752674,42.52194170990398,44.62298136752674,0,0,0,0,0,49.21124999999999,44.03875000000001,51.067499999999995,42.182500000000005,45.895,41.752647398895796,39.932352601104206,,,,,36769930,0.75,0.66,-0.3241626463783979,0.5808313907069732,1.0141619133728734,-58.72019368995617,-42.69534161282921,-42.69534161282921,-30.80469702581231,-30.80469702581231,166.28432394855884,-274.5541727277607,,,4.570578231292513,5.190121092887335,9.701733083591057,,
1670250600,45.6,45.78,43.44,43.815,42.5238479202738,44.578001706055105,42.5238479202738,44.578001706055105,0,0,0,0,0,49.21124999999999,44.03875000000001,51.067499999999995,42.182500000000005,45.895,41.76556921063075,39.91943078936925,,,,,51753838,0.77,0.66,-0.6336031088904612,0.0674780817066561,0.8027002941052233,-87.6839259512515,-79.05524211531365,-79.05524211531365,-46.888212055646086,-46.888212055646086,166.28432394855884,-226.8563511113699,,,7.653061224489798,5.286706980401156,9.697639833123322,,
1670337000,43.54,44.065,42.365,42.66,42.523623948405124,44.493050658758825,42.523623948405124,44.493050658758825,0,0,0,0,0,49.21124999999999,44.03875000000001,51.067499999999995,42.182500000000005,45.895,41.77444431245573,39.910555687544274,,,,,64930220,0.78,0.66,-0.8085545729313638,-0.1924860760599318,0.42278810765254576,-121.79060796241006,-117.29343037888793,-117.29343037888793,-70.35661816339336,-70.35661816339336,166.28432394855884,-241.40406596859927,,,9.938350340136049,5.469124367057427,9.698120773197273,,
1670423400,42.65,43.20995,42.185,42.56,42.52304438007664,44.404442789787886,42.52304438007664,44.404442789787886,0,0,0,0,0,49.21124999999999,44.03875000000001,51.067499999999995,42.182500000000005,45.895,41.77450444492781,39.9104955550722,,,,,48894176,0.78,0.66,-1.2578271168947739,-0.2208187296541955,0.5227401817147128,-132.40999897158872,-142.59098256333093,-142.59098256333093,-94.43473963003922,-94.43473963003922,166.28432394855884,-241.40406596859927,,,10.321003401360537,5.659394133108529,9.699365293932864,,
1670509800,43.515,43.61,42.1325,42.37,42.52236212357299,44.31727150391386,42.52236212357299,44.31727150391386,0,0,0,0,0,49.21124999999999,44.03875000000001,51.067499999999995,42.182500000000005,45.895,41.76699764123062,39.91800235876938,,,,,51280724,0.78,0.66,-1.18249399048392,-0.36897395808184075,0.5156428372521263,-163.13900603572165,-154.33272856184163,-154.33272856184163,-114.40073594064002,-114.40073594064002,166.28432394855884,-241.40406596859927,,,10.432610544217685,5.8465790904069275,9.70083031940796,,
1670596200,42.235,42.7,41.325,41.34,42.52008397747194,44.2021686998388,42.52008397747194,44.2021686998388,0,0,0,0,0,49.21124999999999,44.03875000000001,51.067499999999995,42.182500000000005,45.895,41.77147688086233,39.91352311913767,,,,,48097886,0.81,0.67,-1.4507623997778214,-0.5893469996991381,0.5365665848414201,-199.00456419277893,-173.28375698320363,-173.28375698320363,-134.02840962149455,-134.02840962149455,166.28432394855884,-241.40406596859927,,,12.149234693877544,6.093742055248913,9.705722236240067,,
1670855400,41.575,42.525,41.4125,42.425,42.517983460034436,44.0949767900412,42.517983460034436,44.0949767900412,0,0,0,0,0,49.21124999999999,44.03875000000001,51.067499999999995,42.182500000000005,45.895,41.770975675813666,39.914024324186336,,,,,42184848,0.8,0.66,-0.7286385889415521,-0.4117921233604374,0.8876483455724306,-214.6772415454974,-183.2969304735345,-183.2969304735345,-150.45124990550786,-150.45124990550786,166.28432394855884,-241.40406596859927,,,11.963222789115642,6.32391777030251,9.710232726855203,,
1670941800,43.25,43.59,42.8875,43.23,42.518804721852554,44.04925319043174,42.518804721852554,44.04925319043174,0,0,0,0,0,49.21124999999999,44.03875000000001,51.067499999999995,42.182500000000005,45.895,41.765154295395874,39.919845704604136,,,,,54557376,0.8,0.66,-0.6750460767361846,-0.32792533678949765,0.8812744273962954,-158.40910626702401,-150.09933734916075,-150.09933734916075,-149.39551223646652,-149.39551223646652,166.28432394855884,-241.40406596859927,,,8.827593537414959,6.422101133718684,9.708469211991186,,
1671028200,43.525,43.68,42.58,42.965,42.51901610102967,43.99338443786579,42.51901610102967,43.99338443786579,0,0,0,0,0,49.21124999999999,44.03875000000001,51.067499999999995,42.182500000000005,45.895,41.755322586253556,39.92967741374645,,,,,52675510,0.81,0.66,-0.8369650447024143,-0.4587111363626193,0.8269662110039439,-170.1395819267737,-137.29283971576996,-137.29283971576996,-111.67984444898835,-111.67984444898835,166.28432394855884,-241.40406596859927,,,9.481292517006805,6.542069423259394,9.708015312500708,,
1671114600,42.59,42.805,41.98,42.705,42.51804024468396,43.916412499125954,42.51804024468396,43.916412499125954,0,0,0,0,0,49.21124999999999,44.03875000000001,51.067499999999995,42.182500000000005,45.895,41.748534281649356,39.936465718350654,,,,,40415090,0.79,0.66,-0.8756498365784076,-0.3113278294228357,0.6951543678131041,-193.02831492140697,-122.03404652725297,-122.03404652725297,-91.51646015021898,-91.51646015021898,166.28432394855884,-241.40406596859927,,,10.756802721088441,6.7073530819977885,9.710110791838545,,
1671201000,41.9,42.38,41.605,42.18,42.516324579859415,43.827900244258274,42.516324579859415,43.827900244258274,0,0,0,0,0,49.21124999999999,44.03875000000001,51.067499999999995,42.182500000000005,45.895,41.749316841074425,39.93568315892557,,,,,59101050,0.77,0.66,-0.9660089145295735,-0.558601006909421,0.5887741659945493,-192.69160517550154,-113.01773051598883,-113.01773051598883,-94.98509849346055,-94.98509849346055,166.28432394855884,-241.40406596859927,,,11.553996598639461,6.8974175336307955,9.71379487936462,,
1671460200,42.19,42.325,41.44,41.745,42.514285969310244,43.736453175855985,42.514285969310244,43.736453175855985,0,0,0,0,0,49.21124999999999,44.03875000000001,51.067499999999995,42.182500000000005,45.895,41.75030168572447,39.93469831427553,,,,,36836610,0.78,0.66,-0.6918248138564377,-0.7333646101989679,0.3516124701308966,-199.04407567579273,-110.67991127138639,-110.67991127138639,-106.00427278218152,-106.00427278218152,166.28432394855884,-241.40406596859927,,,11.904761904761909,7.0937839795575055,9.718172435858921,,
1671546600,41.875,42.645,41.7125,42.375,42.51279044289804,43.65917167876359,42.51279044289804,43.65917167876359,0,0,0,0,0,49.21124999999999,44.03875000000001,51.067499999999995,42.182500000000005,45.895,41.749092522115106,39.93590747788489,,,,,28593014,0.76,0.66,-0.09954053850976224,-0.7622655869407354,0.3974758195123609,-188.55287439500867,-107.13382270042709,-107.13382270042709,-100.04164555850848,-100.04164555850848,166.28432394855884,-241.40406596859927,,,11.325467687074832,7.25973236024446,9.72138381498223,,
1671633000,43.24,43.375,42.605,43.18,42.51306328916597,43.619570828616006,42.51306328916597,43.619570828616006,0,0,0,0,0,49.21124999999999,44.03875000000001,51.067499999999995,42.182500000000005,45.895,41.75282064580165,39.932179354198354,,,,,34058226,0.74,0.66,0.2174422722636126,-0.6221658631245122,0.6091599939138558,-154.1917839616151,-91.18259209098825,-91.18259209098825,-59.28013087211058,-59.28013087211058,166.28432394855884,-241.40406596859927,,,9.428146258503405,7.344768199391869,9.720797925758497,,
1671719400,43.225,43.25,41.34,42.185,42.51083339248432,43.53241118827812,42.51083339248432,43.53241118827812,0,0,0,0,0,49.21124999999999,44.03875000000001,51.067499999999995,42.182500000000005,45.895,41.68011563019003,40.00488436980997,,,,,37359328,0.74,0.66,-0.06475649670889493,-0.4023577030987771,0.490115590089634,-202.89405779718118,-76.00881678215609,-76.00881678215609,-45.66126616449178,-45.66126616449178,166.28432394855884,-241.40406596859927,,,12.117346938775501,7.531928149955934,9.725586235474815,,
1671805800,42.745,43.54,42.525,43.53,42.51095190718465,43.49467545540447,42.51095190718465,43.49467545540447,0,0,0,0,0,49.21124999999999,44.03875000000001,51.067499999999995,42.182500000000005,45.895,41.79996311975194,40.12003688024805,,,,,29629920,0.72,0.66,0.7855819432724847,-0.3254371185844757,0.6169255558052701,-139.33904060448313,-54.78811566860119,-54.78811566860119,-12.34671344149141,-12.34671344149141,166.28432394855884,-241.40406596859927,,,9.598214285714288,7.6129589788092025,9.725331746064704,,
1672151400,43.72,44.18,43.56,43.995,42.513117437839625,43.49860190813371,42.513117437839625,43.49860190813371,0,0,0,0,0,49.21124999999999,44.03875000000001,51.067499999999995,42.182500000000005,45.895,41.97078165554332,40.28421834445667,,,,,32749278,0.76,0.67,0.5577782556474951,-0.4802823943385188,0.5379404789294963,-92.78071369545461,-25.960577429907516,-25.960577429907516,31.694499047479837,31.694499047479837,166.28432394855884,-241.40406596859927,,,7.397959183673462,7.604527614294075,9.720681651034951,,
1672237800,43.935,43.935,42.875,43.01,42.51392369670508,43.47578026467748,42.51392369670508,43.47578026467748,0,0,0,0,0,49.21124999999999,44.03875000000001,51.067499999999995,42.182500000000005,45.895,42.21068307020051,40.544316929799486,,,,,31837948,0.72,0.66,-0.07645929518102226,-0.6596533834550876,0.41345368680319816,-106.31019199789286,-0.6820633128645959,-0.6820633128645959,49.87496492122125,49.87496492122125,166.28432394855884,-241.40406596859927,,,8.854166666666664,7.653533067328294,9.718950352364885,,
1672324200,42.83,43.655,42.81,43.46,42.51459977323514,43.45133005821954,42.51459977323514,43.45133005821954,0,0,0,0,0,49.21124999999999,44.03875000000001,51.067499999999995,42.182500000000005,45.895,42.34412766193089,40.670872338069096,,,,,26915814,0.7,0.66,0.1729722322969068,-0.6596918119196293,0.4801992303180978,-108.86951143487907,18.742806325491824,18.742806325491824,57.592545602204666,57.592545602204666,166.28432394855884,-241.40406596859927,,,8.992346938775505,7.70603557209093,9.717498597292778,,
1672410600,43.23,43.82,43.225,43.735,42.516095378083826,43.44395044809328,42.516095378083826,43.44395044809328,0,0,0,0,0,49.21124999999999,44.03875000000001,51.067499999999995,42.182500000000005,45.895,43.15077226847893,41.449227731521056,,,,,22661828,0.71,0.66,0.3630423932997219,-0.4422507645132692,0.3236235897836009,-92.52924118335113,38.25598550646393,38.25598550646393,77.28234386840813,77.28234386840813,166.28432394855884,-241.40406596859927,,,8.110119047619042,7.721881982895954,9.714287049740982,,
1672756200,43.46,43.68,41.675,42.2,42.51452206064509,43.37668376385433,42.51452206064509,43.37668376385433,0,0,0,0,0,45.86,38.925000000000004,48.26,36.525000000000006,43.46,43.77339541996589,42.09160458003411,,,,,53082832,0.72,0.66,0.007033215289078192,-0.7380724715005545,0.07251872354930325,-148.1406164099542,42.299100779167844,42.299100779167844,50.385331324575674,50.385331324575674,166.28432394855884,-241.40406596859927,,,11.405187074829936,7.866325319834541,9.71766547136953,,
1672842600,41.575,42.44005,41.415,42.195,42.51243760098347,43.301960871154165,42.51243760098347,43.301960871154165,0,0,0,0,0,45.86,38.925000000000004,48.26,36.525000000000006,43.46,44.067506357833636,42.43249364216637,,,,,45705150,0.65,0.65,0.16186831504363278,-0.6850054863659298,0.034037663622692796,-147.89509121917277,7.960230979603978,7.960230979603978,30.85281084597989,30.85281084597989,164.2712024568889,-241.40406596859933,,,11.957908163265305,8.026779548988689,9.722141480743947,,
1672929000,42.125,43.2,42.005,42.965,42.51152433904344,43.25307417032459,42.51152433904344,43.25307417032459,0,0,0,0,0,45.86,38.925000000000004,48.26,36.525000000000006,43.46,44.06592812863729,42.43407187136272,,,,,38723704,0.64,0.66,0.20847925897362338,-0.4265543735512423,0.18617342512373222,-78.57342423933827,-10.146758217196211,-10.146758217196211,17.18628782492119,17.18628782492119,153.24988409828882,-241.40406596859933,,,10.703656462585027,8.131755114227762,9.724102549638735,,
1673015400,43.52,44.315,43.41,43.78,42.513392022681714,43.26065165384127,42.513392022681714,43.26065165384127,0,0,0,0,0,45.86,38.925000000000004,48.26,36.525000000000006,43.46,44.066662418335675,42.43333758166433,,,,,44422378,0.66,0.66,0.20834598030580506,-0.5256095151870963,0.20624355267985395,-23.098217678398527,6.524354442159744,6.524354442159744,13.632310030667377,13.632310030667377,153.24988409828882,-241.40406596859933,,,7.716836734693882,8.115483805226432,9.720092028529955,,
1673274600,44.44,44.51,43.4825,43.625,42.51539938127775,43.270746687023966,42.51539938127775,43.270746687023966,0,0,0,0,0,45.86,38.925000000000004,48.26,36.525000000000006,43.46,44.06563342305743,42.43436657694257,,,,,46003220,0.67,0.66,0.511762866286904,-0.4655939823602083,0.36969845363025333,-20.23561805158826,18.37294229457683,18.37294229457683,27.85420682239574,27.85420682239574,153.24988409828882,-241.40406596859933,,,7.562712585034008,8.093806502473788,9.7157815800914,,
1673361000,43.91,44.025,43.245,43.935,42.51693294894753,43.271225248317144,42.51693294894753,43.271225248317144,0,0,0,0,0,45.86,38.925000000000004,48.26,36.525000000000006,43.46,44.057405214335105,42.442594785664895,,,,,31599002,0.65,0.66,0.1395100584100782,-0.3769335650535826,0.4576036893887835,-29.61309958769038,26.749349187097458,26.749349187097458,43.50216297213872,43.50216297213872,153.24988409828882,-241.40406596859933,,,8.06760204081633,8.092778876526436,9.712488514078863,,
1673447400,44.32,44.43,43.5925,44.07,42.519150815183394,43.28517621897137,42.519150815183394,43.28517621897137,0,0,0,0,0,45.86,38.925000000000004,48.26,36.525000000000006,43.46,44.0939590747714,42.48104092522859,,,,,32902984,0.66,0.66,0.025750222817431,-0.1181009078601046,0.6168741568146348,-18.821587506606402,39.22881913540268,39.22881913540268,64.18775903201313,64.18775903201313,153.24988409828882,-241.40406596859933,,,7.328869047619044,8.062821628333989,9.7077260376224,,
1673533800,44.335,45.2,44.25,44.91,42.522664799568645,43.32410656332544,42.522664799568645,43.32410656332544,0,0,0,0,0,45.86,38.925000000000004,48.26,36.525000000000006,43.46,44.25399889916912,42.62600110083088,,,,,36716070,0.68,0.66,0.6649232246949948,-0.0843144675474319,0.6186859004856349,-26.26833678604573,62.667733094103255,62.667733094103255,109.54556101150442,109.54556101150442,164.68586705553776,-241.40406596859933,,,5.93112244897959,7.979225582084797,9.70018037610663,,
1673620200,44.875,45.08265,44.4,44.975,42.526468466302774,43.367333756920516,42.526468466302774,43.367333756920516,0,0,0,0,0,45.86,38.925000000000004,48.26,36.525000000000006,43.46,44.498604037079566,42.916395962920426,,,,,31808318,0.69,0.66,0.5247658158856006,-0.11442121931831073,0.6796514612230099,-22.85221850220702,89.2626528300063,89.2626528300063,142.4524923018124,142.4524923018124,164.68586705553776,-241.40406596859933,,,5.612244897959185,7.886402810158303,9.692012672853588,,
1673965800,45.08,45.54,44.885,45.07,42.53122387396251,43.42769517821775,42.53122387396251,43.42769517821775,0,0,0,0,0,45.86,38.925000000000004,48.26,36.525000000000006,43.46,44.541838388277824,43.01816161172218,,,,,33933198,0.68,0.66,0.4659255223856774,-0.06887112159054185,0.7693661091675144,-7.336955171966396,114.35603087426935,114.35603087426935,164.54278696279547,164.54278696279547,164.68586705553776,-241.40406596859933,,,4.5812074829932,7.75678730713222,9.681801273872848,,
1674052200,45.28,45.785,44.2,44.245,42.534614835253294,43.45909536730725,42.534614835253294,43.45909536730725,0,0,0,0,0,45.86,38.925000000000004,48.26,36.525000000000006,43.46,44.54753593785721,43.01246406214279,,,,,38075292,0.72,0.66,0.7375847036863933,-0.17709486086729875,0.635480913469742,-34.50351891681442,128.5841568345727,128.5841568345727,157.04040875517939,157.04040875517939,164.68586705553776,-241.40406596859933,,,6.037414965986387,7.689360940812776,9.6745197827482,,
1674138600,43.99,44.975,43.895,44.795,42.53739572469335,43.47742299996187,42.53739572469335,43.47742299996187,0,0,0,0,0,45.86,38.925000000000004,48.26,36.525000000000006,43.46,45.00421971069204,43.45078028930796,,,,,34293724,0.7,0.66,0.9369259090376482,0.19635208818928032,0.5653225213133445,-46.59958014627237,131.45248458153537,131.45248458153537,137.18914007546073,137.18914007546073,164.68586705553776,-241.40406596859933,,,6.685799319727883,7.650005583123172,9.668548313291616,,
1674225000,44.89,45.395,44.435,45.24,42.54123918977887,43.5159966078065,42.54123918977887,43.5159966078065,0,0,0,0,0,45.86,38.925000000000004,48.26,36.525000000000006,43.46,45.10453526693626,43.575464733063754,,,,,28560060,0.69,0.65,0.8058716198110984,0.5314195217528913,0.5191823983383386,-31.80570154711445,135.84960095302054,135.84960095302054,144.6438336959909,144.6438336959909,164.68586705553776,-241.40406596859933,,,5.537840136054415,7.567175565591064,9.660295150100334,,
1674484200,45.57,45.795,45.155,45.3,42.54649915143766,43.581010466323896,42.54649915143766,43.581010466323896,0,0,0,0,0,45.86,38.925000000000004,48.26,36.525000000000006,43.46,45.104535746480174,43.575464253519826,,,,,29305088,0.65,0.65,0.5296184734596071,0.5670007203546181,0.673016527467436,-5.721389247905768,144.63320862597317,144.63320862597317,162.20042397187842,162.20042397187842,164.68586705553776,-241.40406596859933,,,4.007227891156458,7.427569774436766,9.649000310422124,,
1674570600,45.15,45.23,44.23,45.125,42.54991893335287,43.60756299705629,42.54991893335287,43.60756299705629,0,0,0,0,0,45.86,38.925000000000004,48.26,36.525000000000006,43.46,45.089270905505664,43.59072909449434,,,,,29772888,0.66,0.65,0.5319902111817477,0.5808317309431549,0.5002509953491193,-42.21990686385754,146.3360526195432,146.3360526195432,149.74174060668327,149.74174060668327,164.68586705553776,-241.40406596859933,,,5.973639455782318,7.370552899195415,9.641656932091175,,
1674657000,44.905,45.13,44.19,45.13,42.55325276165786,43.63152131089722,42.55325276165786,43.63152131089722,0,0,0,0,0,45.86,38.925000000000004,48.26,36.525000000000006,43.46,45.088916876781354,43.591083123218645,,,,,26861234,0.64,0.65,0.4213688246239676,0.8199988372095947,0.6513756212771363,-43.798221139141894,123.93171101025095,123.93171101025095,138.8679387497791,138.8679387497791,164.68586705553776,-241.40406596859933,,,6.058673469387759,7.3191066470460955,9.634498123973886,,
1674743400,45.86,46.575,45.3,46.555,42.558775533362834,43.69763420066596,42.558775533362834,43.69763420066596,0,0,0,0,0,45.86,38.925000000000004,48.26,36.525000000000006,43.46,45.107838132238086,43.57216186776193,,,,,36663010,0.66,0.66,0.8713753038179584,0.8685393071274297,0.9633701348117703,-48.256668653911426,137.4247070360278,137.4247070360278,138.386861511862,138.386861511862,165.29246776038735,-241.4040659685993,,,3.6989795918367387,7.17714088017514,9.622638946087498,,
1674829800,46.305,46.535,45.54,45.615,42.56476199583364,43.77047207514965,42.56476199583364,43.77047207514965,0,0,0,0,0,45.86,38.925000000000004,48.26,36.525000000000006,43.46,45.113563993558834,43.566436006441165,,,,,34841082,0.65,0.66,0.24199811912084404,0.49103047765970137,0.899453267665965,-39.028301740015955,139.26698314903194,139.26698314903194,141.0272264233718,141.0272264233718,165.29246776038735,-241.4040659685993,,,3.188775510204082,7.020734395078236,9.609784074087731,,
1675089000,45.285,45.35,44.5075,44.57,42.568694189648156,43.800368268281034,42.568694189648156,43.800368268281034,0,0,0,0,0,45.86,38.925000000000004,48.26,36.525000000000006,43.46,45.1243291330802,43.555670866919804,,,,,27524908,0.65,0.66,-0.13803567399974428,0.330603222308605,0.7979181484703947,-78.72950523417006,107.69191110592021,107.69191110592021,128.74195913466136,128.74195913466136,165.29246776038735,-241.4040659685993,,,5.383715986394556,6.956537594737699,9.601340381604828,,
1675175400,44.42,45.0325,43.965,44.965,42.5715454500085,43.80803029697589,42.5715454500085,43.80803029697589,0,0,0,0,0,45.86,38.925000000000004,48.26,36.525000000000006,43.46,45.12561943100148,43.55438056899853,,,,,27848274,0.66,0.66,-0.03576103451358212,0.4690049413493088,0.9402219156834732,-99.5894596124543,68.28180864218045,68.28180864218045,108.58857563716772,108.58857563716772,165.29246776038735,-241.4040659685993,,,6.536989795918359,6.940084739882039,9.595217803012048,,
1675261800,44.755,44.945,43.5,44.08,42.573471233325165,43.79733891278076,42.573471233325165,43.79733891278076,0,0,0,0,0,49.155,42.175,51.73500000000001,39.595,44.755,45.131934952659485,43.54806504734052,,,,,46967192,0.65,0.66,-0.056949593798988035,0.39715248489072835,0.8378606495429164,-117.46942050812677,25.24081289917366,25.24081289917366,80.80598805783637,80.80598805783637,165.29246776038735,-241.4040659685993,,,7.525510204081631,6.963042601223199,9.591082523094105,,
1675348200,43.91,43.995,42.6,43.075,42.5736129491427,43.752125622083476,42.5736129491427,43.752125622083476,0,0,0,0,0,49.155,42.175,51.73500000000001,39.595,44.755,45.139796464978026,43.54020353502199,,,,,49803012,0.67,0.66,-0.5863297755853197,0.28088567548431653,1.1316832550203564,-152.07579643523442,-23.998131630368412,-23.998131630368412,45.87128149510144,45.87128149510144,165.29246776038735,-241.4040659685993,,,9.438775510204076,7.060130166281272,9.59077821337804,,
1675434600,43.255,43.955,42.935,42.98,42.57441701917438,43.721691283962556,42.57441701917438,43.721691283962556,0,0,0,0,0,49.155,42.175,51.73500000000001,39.595,44.755,45.12878551756469,43.55121448243531,,,,,45454818,0.67,0.66,-0.7655168246771218,0.126314711163493,1.2786621519202843,-139.19453428458874,-65.30178639720705,-65.30178639720705,8.81359219766528,8.81359219766528,165.29246776038735,-241.4040659685993,,,8.726615646258496,7.125482538045085,9.589051614842337,,
1675693800,43.02,43.345,42.2575,42.785,42.57387937278243,43.666147508120886,42.57387937278243,43.666147508120886,0,0,0,0,0,49.155,42.175,51.73500000000001,39.595,44.755,45.121910453804475,43.55808954619553,,,,,31714340,0.66,0.66,-0.857307162605435,-0.08155498178556293,1.1883399110128656,-165.24544505193936,-99.36592301925837,-99.36592301925837,-27.246246207975936,-27.246246207975936,165.29246776038735,-241.4040659685993,,,10.166879251700678,7.244752997404127,9.590206115615281,,
1675780200,43.055,44.24,42.83,44.175,42.57447521819145,43.63500839015536,42.57447521819145,43.63500839015536,0,0,0,0,0,49.155,42.175,51.73500000000001,39.595,44.755,45.13973592602032,43.540264073979685,,,,,41014032,0.65,0.65,-0.3241251477829114,0.41931532294920754,1.1133430954320018,-143.23194480941814,-93.74761611376762,-93.74761611376762,-49.413369509906495,-49.413369509906495,165.29246776038735,-241.4040659685993,,,8.949829931972792,7.311618759544075,9.58892664272089,,
1675866600,44.14,44.365,43.5275,43.78,42.57644954342983,43.63216982583555,42.57644954342983,43.63216982583555,0,0,0,0,0,49.155,42.175,51.73500000000001,39.595,44.755,45.13487841497424,43.545121585025775,,,,,26967160,0.67,0.65,-0.4639587695476247,0.051428240616382494,1.065331261009004,-116.41200346590944,-72.89283927272581,-72.89283927272581,-57.239859430846266,-57.239859430846266,165.29246776038735,-241.4040659685993,,,7.467049319727883,7.3177140756297145,9.584687127590035,,
1675953000,43.785,43.925,43.3725,43.405,42.578113330555844,43.623424930704736,42.578113330555844,43.623424930704736,0,0,0,0,0,49.155,42.175,51.73500000000001,39.595,44.755,45.1359246619349,43.544075338065106,,,,,32150312,0.68,0.65,-1.0546653352104245,-0.12068644961010999,1.0669995868694158,-122.3719904311336,-62.34029149412348,-62.34029149412348,-58.94000345193867,-58.94000345193867,165.29246776038735,-241.4040659685993,,,7.7965561224489734,7.336492195112823,9.581114438269074,,
1676039400,44.125,45.195,44.085,45.105,42.5811831340912,43.64268473734377,42.5811831340912,43.64268473734377,0,0,0,0,0,49.155,42.175,51.73500000000001,39.595,44.755,45.116791640051986,43.563208359948014,,,,,40003254,0.65,0.65,-0.17161558611516964,0.4316663433252644,0.9494674679562014,-94.9752761555067,-47.202483228546896,-47.202483228546896,-23.727442781763344,-23.727442781763344,165.29246776038735,-241.4040659685993,,,6.281887755102038,7.295135158249654,9.574522576764245,,
1676298600,44.875,45.1625,44.41,44.99,42.19641751730647,43.290338554076655,42.19641751730647,43.290338554076655,0,0,0,0,0,49.155,42.175,51.73500000000001,39.595,44.755,45.1072363327112,43.57276366728881,,,,,24744892,0.68,0.65,0.14474167348718797,0.312196489086554,0.6851545342239878,-82.4785292929402,-25.562738318111904,-25.562738318111904,17.71675150275808,17.71675150275808,165.29246776038735,-241.4040659685993,,,4.720017163698783,7.194150138855503,9.564823265249629,,
1676385000,44.635,45.3325,44.51,45.005,42.2010820177714,43.33899194411286,42.2010820177714,43.33899194411286,0,0,0,0,0,49.155,42.175,51.73500000000001,39.595,44.755,45.08999148508043,43.590008514919575,,,,,27022610,0.66,0.65,0.013707498395943925,0.2583370957505883,0.5713356548370458,-78.6333764121504,-0.5217368743133264,-0.5217368743133264,49.56026601328383,49.56026601328383,165.29246776038735,-241.4040659685993,,,4.5054709289852,7.088711738468432,9.554714669173176,,
1676471400,44.5,44.595,43.675,44.24,42.20408555020342,43.3533197110104,42.20408555020342,43.3533197110104,0,0,0,0,0,49.155,42.175,51.73500000000001,39.595,44.755,44.99644975849858,43.488550241501414,,,,,31944246,0.68,0.66,0.055715734944884826,0.42840699756880296,0.3748669628941732,-110.74040296674481,15.885862564318025,15.885862564318025,48.70106144158073,48.70106144158073,165.29246776038735,-241.4040659685993,,,6.2969319888436,7.057661552208635,9.548205612868822,,
1676557800,44,44.3775,43.76,43.805,42.20725121343978,43.37038560469627,42.20725121343978,43.37038560469627,0,0,0,0,0,49.155,42.175,51.73500000000001,39.595,44.755,44.86571883792284,43.36428116207716,,,,,25314174,0.69,0.65,0.2766007231284074,0.3595505807930596,0.38641796688812946,-107.4720230180735,19.188327368217493,19.188327368217493,25.793256976016426,25.793256976016426,165.29246776038735,-241.4040659685993,,,6.114567689337055,7.020677479154847,9.54134519743719,,
1676644200,43.125,43.155,42.06,42.245,42.20704791431203,43.320782247649355,42.20704791431203,43.320782247649355,0,0,0,0,0,49.155,42.175,51.73500000000001,39.595,44.755,44.78636422290964,43.253635777090366,,,,,44680468,0.73,0.65,-0.27648342645995044,-0.15642466301766347,0.29394590661975656,-163.98645481479562,-16.93770436222219,-16.93770436222219,7.146316791404267,7.146316791404267,165.29246776038738,-220.57231245165633,,,9.761853679467919,7.128174585049478,9.541785773824863,,
1676989800,42.06,42.52,41.955,42.035,42.156931242007204,43.219912027388915,42.156931242007204,43.219912027388915,0,0,0,0,0,49.155,42.175,51.73500000000001,39.595,44.755,44.786356127970755,43.253643872029244,,,,,33622558,0.71,0.65,-0.28352457794683034,-0.37220313968666224,0.31135407772532064,-167.81706165696565,-54.853555363568205,-54.853555363568205,-13.520307260253222,-13.520307260253222,165.29246776038738,-220.57231245165633,,,9.88078616689937,7.236120137278886,9.542463097287548,,
1677076200,41.92,42.315,41.395,41.755,42.15551199876643,43.15037037925602,42.15551199876643,43.15037037925602,0,0,0,0,0,49.155,42.175,51.73500000000001,39.595,44.755,44.78606332621164,43.253936673788374,,,,,40270426,0.71,0.65,-0.9068246180724076,-0.4096661053038097,0.2334651152340917,-188.24696481520476,-86.01157295050491,-86.01157295050491,-37.68406249033712,-37.68406249033712,165.29246776038738,-220.57231245165633,,,11.083664482869716,7.38700422926284,9.545542420735265,,
1677162600,42.385,42.63,41.8475,42.385,42.15499064612154,43.101123501638135,42.15499064612154,43.101123501638135,0,0,0,0,0,49.155,42.175,51.73500000000001,39.595,44.755,44.788266130714895,43.251733869285104,,,,,35023348,0.7,0.65,-0.5261732397184927,-0.3363494691018593,0.09109072617753501,-174.40918020752892,-98.07790850087811,-98.07790850087811,-57.81534449385078,-57.81534449385078,165.29246776038738,-220.57231245165633,,,10.111695843625826,7.493854880806486,9.546673596405375,,
1677249000,41.76,42.39,41.52,42.33,42.15382253294248,43.041093168240565,42.15382253294248,43.041093168240565,0,0,0,0,0,49.155,42.175,51.73500000000001,39.595,44.755,44.696163151173785,43.20383684882622,,,,,37496776,0.7,0.65,-0.4094563423441027,-0.3768638402665406,0.3006660491488019,-197.37637353334813,-122.673534829445,-122.673534829445,-79.43474127238218,-79.43474127238218,165.29246776038738,-220.57231245165633,,,10.81516485876919,7.62410233092267,9.549208044482025,,
1677508200,42.415,42.63855,42.105,42.455,42.15381389651302,43.00612873027034,42.15381389651302,43.00612873027034,0,0,0,0,0,49.155,42.175,51.73500000000001,39.595,44.755,44.694709314196615,43.20529068580339,,,,,30676382,0.72,0.65,-1.0140791090447507,-0.5447515356610867,0.2569521906026718,-174.44386538697128,-120.97734793009735,-120.97734793009735,-93.28227682495391,-93.28227682495391,165.29246776038738,-220.57231245165633,,,9.558586617978742,7.69996445982683,9.54922678289061,,
1677594600,42.885,42.9,41.81,41.845,42.15322176085566,42.96108250555386,42.15322176085566,42.96108250555386,0,0,0,0,0,49.155,42.175,51.73500000000001,39.595,44.755,44.69811334006614,43.20188665993386,,,,,38007640,0.71,0.66,-1.2350198161310102,-0.709874878801669,0.12210573147842511,-152.23306916588953,-129.72888497559362,-129.72888497559362,-105.43114620850048,-105.43114620850048,165.29246776038738,-220.57231245165633,,,10.192245730855971,7.7977009802593455,9.550511536033397,,
1677681000,41.88,42.885,41.725,42.67,42.15246267641838,42.91450279945371,42.15246267641838,42.91450279945371,0,0,0,0,0,43.84875,39.42625,45.8175,37.4575,41.88,44.69219177231449,43.20780822768552,,,,,37093936,0.7,0.66,-0.9171631975461082,-0.5434799880118598,0.06492146245865099,-136.7584073488734,-104.34961679469492,-104.34961679469492,-102.1865579670838,-102.1865579670838,165.29246776038738,-220.57231245165633,,,10.374825475244332,7.898764685945031,9.552158516930922,,
1677767400,42.595,43.205,42.46,43.045,42.15315895478717,42.898285042612386,42.15315895478717,42.898285042612386,0,0,0,0,0,43.84875,39.42625,45.8175,37.4575,41.88,44.68892008477431,43.211079915225696,,,,,32804974,0.68,0.66,-0.4792052431449953,-0.27779549174450874,0.11198560278159395,-107.01952291058285,-86.47559652476922,-86.47559652476922,-50.7275559849178,-50.7275559849178,165.29246776038738,-220.57231245165633,,,8.796047685533239,7.933952254556334,9.550647805979079,,
1677853800,42.53,43.845,42.5,43.63,42.15393296286952,42.8842562174119,42.15393296286952,42.8842562174119,0,0,0,0,0,43.84875,39.42625,45.8175,37.4575,41.88,44.692453614078836,43.20754638592117,,,,,50675196,0.68,0.66,-0.07076813687327027,-0.26598623067112215,0.02241539537103452,-105.40108022006368,-55.92289807653199,-55.92289807653199,5.182498819942474,5.182498819942474,165.29246776038738,-220.57231245165633,,,8.710127805821072,7.964390511468676,9.548968445339403,,
1678113000,43.39,43.72,43.2125,43.65,42.15611476514151,42.898439306925155,42.15611476514151,42.898439306925155,0,0,0,0,0,43.84875,39.42625,45.8175,37.4575,41.88,44.692336263476946,43.20766373652306,,,,,33898314,0.71,0.66,0.5934452006512252,-0.3620708093871272,-0.0027239878188661786,-76.57256979519025,-20.99181589786916,-20.99181589786916,48.870348459456515,48.870348459456515,165.29246776038738,-220.57231245165633,,,7.179679948448074,7.9336175482129665,9.544234602188771,,
1678199400,43.39,43.50045,42.7775,42.89,42.15743176860776,42.89517796155555,42.15743176860776,42.89517796155555,0,0,0,0,0,43.84875,39.42625,45.8175,37.4575,41.88,44.6976074684534,43.20239253154661,,,,,37000358,0.69,0.65,0.3614605919531847,-0.5458384257363185,-0.11179132499668762,-94.1731340545865,6.094420785663189,6.094420785663189,60.266894152727886,60.266894152727886,165.29246776038738,-220.57231245165633,,,8.114058640317896,7.940693669471983,9.541377107759459,,
1678285800,42.7,43.245,42.04155,42.45,42.157290415423724,42.86347233561219,42.157290415423724,42.86347233561219,0,0,0,0,0,43.84875,39.42625,45.8175,37.4575,41.88,44.68154231862872,43.21845768137128,,,,,39399034,0.68,0.64,0.2954589964072708,-0.6075287654073146,-0.24837669346903812,-126.44343113933496,16.544484930550478,16.544484930550478,37.44461322032506,37.44461322032506,165.29246776038738,-220.57231245165633,,,9.69487702717216,8.00948517369552,9.541683800905139,,
1678372200,42.695,43.295,41.8375,41.85,42.156745729279024,42.82508812637249,42.156745729279024,42.82508812637249,0,0,0,0,0,43.84875,39.42625,45.8175,37.4575,41.88,44.67096778719968,43.22903221280033,,,,,37888112,0.65,0.64,-0.22922754606711743,-0.7620317972782354,-0.35664662438177946,-134.86556374276628,3.32272470156461,3.32272470156461,12.137231520888523,12.137231520888523,165.29246776038738,-220.57231245165633,,,10.133175813553862,8.092767159572318,9.542865603128213,,
1678458600,41.85,42.44,41.075,41.315,42.15469388966008,42.758606239063774,42.15469388966008,42.758606239063774,0,0,0,0,0,43.84875,39.42625,45.8175,37.4575,41.88,44.54713020035813,43.10286979964187,,,,,56625542,0.64,0.64,-0.44466241595870903,-1.2050830505234629,-0.45850192084949076,-166.3376348533581,-36.39832010047058,-36.39832010047058,-4.041285686231177,-4.041285686231177,165.29246776038738,-220.57231245165633,,,11.771023520567065,8.237012507062309,9.54731746709912,,
1678714200,40.26,41.1975,39.555,40.475,42.14963955621421,42.6357197198848,42.14963955621421,42.6357197198848,0,0,0,0,0,43.84875,39.42625,45.8175,37.4575,41.88,43.782501015573985,42.34749898442602,,,,,83326902,0.66,0.64,-0.8607918755820768,-1.2007611462305414,-0.6186522963981032,-206.34480225242976,-80.63287264877007,-80.63287264877007,-29.571814673744143,-29.571814673744143,165.29246776038738,-220.57231245165633,,,15.03597894962947,8.503638642064942,9.558283823707573,,
1678800600,40.47,41.785,40.1525,40.875,42.145777189468525,42.540849338712846,42.145777189468525,42.540849338712846,0,0,0,0,0,43.84875,39.42625,45.8175,37.4575,41.88,43.77263263690053,42.35736736309947,,,,,61066380,0.68,0.64,-0.4276947401719681,-0.8831143229576824,-0.617246737024208,-184.13020417210046,-105.37337133757424,-105.37337133757424,-54.83900022835417,-54.83900022835417,165.29246776038738,-220.57231245165633,,,13.752550746428946,8.709478332432157,9.566663977399324,,
1678887000,39.375,39.675,38.1175,38.68,42.13789726501405,42.37069348229274,42.13789726501405,42.37069348229274,0,0,0,0,0,43.84875,39.42625,45.8175,37.4575,41.88,43.086507026508194,41.6059929734918,,,,,115347020,0.69,0.65,-1.6703611424667972,-1.4415515670776453,-0.7600805394776785,-218.18936500574813,-138.25621292369863,-138.25621292369863,-82.64473779346899,-82.64473779346899,165.29246776038732,-242.72164480036167,,,18.123724626785524,9.078664461622486,9.583761001673823,,
1678973400,37.83,39.2,37.6775,39.1,42.129162754994034,42.190128051614586,42.129162754994034,42.190128051614586,0,0,0,0,0,43.84875,39.42625,45.8175,37.4575,41.88,42.85764921620956,41.39485078379044,,,,,88806096,0.68,0.64,-1.6337448982518883,-1.1627519554874293,-0.7973653977431602,-218.1893650057481,-160.83071716308132,-160.83071716308132,-108.7067309166731,-108.7067309166731,165.29246776038732,-242.72164480036167,,,19.06884330361937,9.470436180916481,9.602712215064324,,
1679059800,38.875,39.1975,38.17,38.485,42.12141987236667,42.03576420645323,42.12141987236667,42.03576420645323,0,0,0,0,0,43.84875,39.42625,45.8175,37.4575,41.88,42.86112843893987,41.391371561060126,,,,,67352164,0.7,0.65,-2.1245779998329413,-1.108407066636065,-0.9492440625050639,-183.87051398114446,-173.74517935929526,-173.74517935929526,-130.38621373088048,-130.38621373088048,165.29246776038732,-242.72164480036167,,,18.010954784663298,9.805358479102631,9.619511900518068,,
1679319000,38.05,39.1,38.05,38.85,42.11345509739691,41.88279502188644,42.11345509739691,41.88279502188644,0,0,0,0,0,43.84875,39.42625,45.8175,37.4575,41.88,42.86309336067029,41.3894066393297,,,,,52288920,0.69,0.65,-1.9787149342899997,-0.9982728399707471,-0.9862254948427006,-176.05978233328955,-173.265752764877,-173.265752764877,-144.67939340887932,-144.67939340887932,165.29246776038732,-242.72164480036167,,,18.26871442379981,10.137254790659384,9.63679302444071,,
1679405400,39.65,40.3175,39.53,40.195,42.10843370859092,41.79328345240069,42.10843370859092,41.79328345240069,0,0,0,0,0,43.84875,39.42625,45.8175,37.4575,41.88,42.884023153007725,41.36847684699227,,,,,59712458,0.71,0.64,-1.108369100359955,-0.6164946142631325,-0.8016147121915377,-126.4886289913831,-140.21672211773543,-140.21672211773543,-131.29137953544767,-131.29137953544767,165.29246776038732,-242.72164480036167,,,15.089678874449572,10.331467499827626,9.647687901263904,,
1679491800,40.22,40.405,39.31,39.34,42.10298718769464,41.698740964071256,42.10298718769464,41.698740964071256,0,0,0,0,0,43.84875,39.42625,45.8175,37.4575,41.88,42.890239234852,41.362260765148,,,,,49209392,0.69,0.64,-1.2881462964378239,-1.1110709370559106,-0.6520891983561541,-133.2428761705346,-125.39991261907616,-125.39991261907616,-95.76629362175764,-95.76629362175764,165.29246776038732,-242.72164480036167,,,15.562238212866497,10.536595763084053,9.65950518460377,,
1679578200,39.555,39.8975,38.42,38.795,42.095791109397545,41.57335308312729,42.095791109397545,41.57335308312729,0,0,0,0,0,43.84875,39.42625,45.8175,37.4575,41.88,42.888439097651805,41.36406090234819,,,,,49486222,0.69,0.64,-1.280738957410764,-1.1533832653564675,-0.8342597215520715,-160.5668761225567,-111.67836927994759,-111.67836927994759,-84.23528260169043,-84.23528260169043,165.29246776038732,-242.72164480036167,,,17.473955536462242,10.808649087530256,9.67511847202007,,
1679664600,38.025,39.0975,37.9025,38.945,42.08758578250564,41.432791197514454,42.08758578250564,41.432791197514454,0,0,0,0,0,43.84875,39.42625,45.8175,37.4575,41.88,42.881296318330214,41.37120368166978,,,,,41299218,0.68,0.64,-1.0063768263266157,-1.040769387439349,-0.9569608001554718,-176.45470755533353,-103.54977201947945,-103.54977201947945,-87.29257749854315,-87.29257749854315,165.29246776038732,-242.72164480036167,,,18.58554398023842,11.113625357832536,9.69292151998854,,
1679923800,39.355,40,39.04,39.775,42.081646849873266,41.34190330741585,42.081646849873266,41.34190330741585,0,0,0,0,0,43.84875,39.42625,45.8175,37.4575,41.88,42.88158426933325,41.370915730666745,,,,,40223852,0.68,0.64,-0.3015014887264422,-1.189378744247562,-0.8457590192140908,-141.5321795267661,-90.1978078962716,-90.1978078962716,-63.493879649855884,-63.493879649855884,165.29246776038732,-242.72164480036167,,,16.142197400923642,11.310824261483168,9.705807186084314,,
1680010200,39.55,40.565,39.535,40.39,42.07669890411927,41.273797295360325,42.07669890411927,41.273797295360325,0,0,0,0,0,43.84875,39.42625,45.8175,37.4575,41.88,42.866827382772584,41.385672617227414,,,,,32596708,0.72,0.64,-0.20635935372273018,-1.0266476025130102,-0.8195458654726892,-126.33512337367524,-66.9484322900872,-66.9484322900872,-20.449681077718367,-20.449681077718367,165.29246776038732,-242.72164480036167,,,15.07893888948556,11.4585934625813,9.716542713963237,,
1680096600,40.79,40.9925,40.525,40.95,42.073719086129024,41.24679740142462,42.073719086129024,41.24679740142462,0,0,0,0,0,43.84875,39.42625,45.8175,37.4575,41.88,42.86842341656817,41.38407658343183,,,,,36204548,0.7,0.64,1.02573054064533,-0.9092082336841649,-0.6486008818583622,-95.94101106749329,-36.511714783244244,-36.511714783244244,24.361720230441684,24.361720230441684,165.29246776038732,-242.72164480036167,,,12.95242186660939,11.517174968621617,9.723008006975517,,
1680183000,41.29,41.35,40.89,41.13,42.07146719984305,41.235026915094245,42.07146719984305,41.235026915094245,0,0,0,0,0,43.84875,39.42625,45.8175,37.4575,41.88,42.859958110473755,41.39254188952624,,,,,27460800,0.7,0.64,0.9122142211030049,-0.7131193178542126,-0.6404625685736521,-84.73510097481002,-4.212189188736474,-4.212189188736474,60.386862000279066,60.386862000279066,165.29246776038732,-242.72164480036167,,,12.168402964235849,11.542713321390803,9.727893910986028,,
1680269400,41.235,41.4825,41.0825,41.415,42.06960058206114,41.231191545874864,42.06960058206114,41.231191545874864,0,0,0,0,0,43.84875,39.42625,45.8175,37.4575,41.88,42.858693642789184,41.39380635721081,,,,,32294654,0.73,0.64,1.3399343730401432,-0.5543971481599301,-0.5634185343374205,-78.82513469305236,27.987553175730312,27.987553175730312,92.3870379046639,92.3870379046639,165.29246776038732,-242.72164480036167,,,11.754913543121033,11.551034898713556,9.731943900261022,,
1680528600,43.16,43.57,42.935,43.29,42.07140197949958,41.29942717152683,42.07140197949958,41.29942717152683,0,0,0,0,0,46.24374999999999,34.59375,49.32749999999999,31.510000000000005,43.16,42.89538707356261,41.35711292643739,,,,,62452248,0.75,0.64,1.9577675220530708,0.24465242297682396,-0.24068692984638515,-24.182603112275167,63.09255242712826,63.09255242712826,133.30255092992417,133.30255092992417,206.76616915422997,-242.7216448003617,,,7.7757491139512345,11.4029844757817,9.728035419169494,,
1680615000,43.42,43.475,42.125,42.505,42.071597579940146,41.33353983146696,42.071597579940146,41.33353983146696,0,0,0,0,0,46.24374999999999,34.59375,49.32749999999999,31.510000000000005,43.16,42.87796195307722,41.37453804692278,,,,,49362974,0.74,0.64,0.9801302436278359,0.1100956151140614,-0.5006758539527071,-51.57827936534235,93.32503499735557,93.32503499735557,153.79000013781018,153.79000013781018,206.76616915422997,-242.7216448003617,,,9.51562667812265,11.328970444500953,9.727611026080488,,
1680701400,42.61,43.145,42.255,43.145,42.072049932427774,41.371361798860406,42.072049932427774,41.371361798860406,0,0,0,0,0,46.24374999999999,34.59375,49.32749999999999,31.510000000000005,43.16,42.88200352685666,41.37049647314335,,,,,40552268,0.78,0.65,1.7026131338136912,0.33833066201205625,-0.376719502271776,-35.29669307033526,116.50552722286074,116.50552722286074,162.86651167387106,162.86651167387106,206.76616915422997,-242.7216448003617,,,9.236387069058097,11.246908351346331,9.726629559632892,,
1680787800,43.08,43.12405,42.4025,42.49,42.072793139355994,41.41342702243451,42.072793139355994,41.41342702243451,0,0,0,0,0,46.24374999999999,34.59375,49.32749999999999,31.510000000000005,43.16,42.88037846996862,41.37212153003137,,,,,33378540,0.76,0.63,1.6840931069922953,0.025289712720043964,-0.44202991575083994,-30.26648801924878,130.06081542018546,130.06081542018546,157.17139181483492,157.17139181483492,206.76616915422997,-242.7216448003617,,,8.919557512619475,11.155639691004101,9.725017028070427,,
1681133400,42.65,43.32,42.65,42.83,42.074024421794846,41.46345145292727,42.074024421794846,41.46345145292727,0,0,0,0,0,46.24374999999999,34.59375,49.32749999999999,31.510000000000005,43.16,42.87484366371963,41.37765633628037,,,,,26977294,0.76,0.64,1.7864864798944204,0.1221297666645147,-0.2465306799073544,-21.82597445895136,143.5771023092877,143.5771023092877,170.60967608749218,170.60967608749218,206.76616915422997,-242.7216448003617,,,8.387928256900443,11.047101987705918,9.722345522034123,,
1681219800,43.07,43.505,42.82495,43.235,42.07559929907397,41.51830631751836,42.07559929907397,41.51830631751836,0,0,0,0,0,46.24374999999999,34.59375,49.32749999999999,31.510000000000005,43.16,42.87639157088545,41.376108429114545,,,,,25575160,0.75,0.64,1.555319317667521,0.18965259337714951,-0.27794923384249115,-15.859639722086369,163.4251970168546,163.4251970168546,203.1213864319884,203.1213864319884,206.76616915422997,-242.7216448003617,223.1213864319884,,8.012136183009341,10.928083720855073,9.71892852035775,,
1681306200,43.535,43.625,43.135,43.265,42.07778431545944,41.58304724624313,42.07778431545944,41.58304724624313,0,0,0,0,0,46.24374999999999,34.59375,49.32749999999999,31.510000000000005,43.16,42.87541223373983,41.37708776626017,,,,,33334356,0.76,0.63,1.275179426472952,0.35098733544344035,-0.30267137469254596,-5.2859781892773166,185.1033406101419,185.1033406101419,228.45962779671652,228.45962779671652,206.76616915422997,-242.7216448003617,248.45962779671652,,7.346149715390402,10.787615720640773,9.714187703564608,,
1681392600,43.2,43.645,43.095,43.535,42.07988584529868,41.643696373841436,42.07988584529868,41.643696373841436,0,0,0,0,0,46.24374999999999,34.59375,49.32749999999999,31.510000000000005,43.16,42.875988635016746,41.37651136498325,,,,,31384524,0.76,0.64,1.13724894352642,0.21085394842238198,-0.24985872195281364,-14.92091245206154,203.08391498794032,203.08391498794032,239.04506374353716,239.04506374353716,206.76616915422997,-242.7216448003617,259.0450637435372,,7.432069595102568,10.65602567650202,9.709628027024225,,
1681479000,43.595,43.8694,43.36,43.615,42.08250735210128,41.71225533957315,42.08250735210128,41.71225533957315,0,0,0,0,0,46.24374999999999,34.59375,49.32749999999999,31.510000000000005,43.16,42.869112559564584,41.38338744043542,,,,,23560158,0.76,0.64,1.088498725382062,0.13773736088113922,-0.20481127481069875,-8.63148575438651,217.9689883589504,217.9689883589504,247.73913510097063,247.73913510097063,206.76616915422997,-242.7216448003617,267.73913510097066,,6.862850392009452,10.507273704561134,9.703940159621599,,
1681738200,43.47,43.65,42.95,43.1,42.08431263211706,41.76220807135459,42.08431263211706,41.76220807135459,0,0,0,0,0,46.24374999999999,34.59375,49.32749999999999,31.510000000000005,43.16,42.8714561135822,41.3810438864178,,,,,23761986,0.73,0.64,0.7321241643115819,-0.12620382886343376,-0.0978823692298074,-22.509560888890057,216.09922768254506,216.09922768254506,217.34573480014862,217.34573480014862,206.76616915422997,-242.7216448003617,237.34573480014862,,7.74352915905917,10.398891565521842,9.70002325452557,,
1681824600,43,43.38,42.785,43.27,42.08578793155339,41.803795990125,42.08578793155339,41.803795990125,0,0,0,0,0,46.24374999999999,34.59375,49.32749999999999,31.510000000000005,43.16,42.87171046935197,41.38078953064804,,,,,24493518,0.74,0.63,-0.008334418195234772,-0.09067166684708057,0.08598458659156766,-28.094639906434427,170.7189975108543,170.7189975108543,201.80348903705053,201.80348903705053,206.76616915422997,-242.7216448003617,,,8.097948662871879,10.308658510515961,9.696822306290498,,
1681911000,42.88,43.155,42.645,43.12,42.08698336026158,41.83831771600245,42.08698336026158,41.83831771600245,0,0,0,0,0,46.24374999999999,34.59375,49.32749999999999,31.510000000000005,43.16,42.86576540787711,41.38673459212289,,,,,34246140,0.74,0.63,0.26536977711513565,0.0567842019867214,0.08044175136413374,-32.83349483041106,116.42381804165903,116.42381804165903,173.34359870525336,173.34359870525336,206.76616915422997,-242.7216448003617,,,8.398668241864454,10.233756931353158,9.69422859187606,,
1681997400,42.52,42.75,42.22,42.74,42.08733574116016,41.85498564870824,42.08733574116016,41.85498564870824,0,0,0,0,0,46.24374999999999,34.59375,49.32749999999999,31.510000000000005,43.16,42.86388229718058,41.388617702819424,,,,,30396240,0.76,0.64,-0.17227131733478682,0.07238492033927668,0.053420805251240294,-47.21930442105525,54.452604245241744,54.452604245241744,133.7132672185828,133.7132672185828,206.76616915422997,-242.7216448003617,,,9.311566963806253,10.197592618900337,9.693464033178618,,
1682083800,42.895,42.915,42.3,42.49,42.08784565975924,41.87410581934713,42.08784565975924,41.87410581934713,0,0,0,0,0,46.24374999999999,34.59375,49.32749999999999,31.510000000000005,43.16,42.86214803320475,41.390351966795244,,,,,33757564,0.73,0.63,0,0.16198736874900366,0.17012313610150515,-44.51138732163996,-1.944156466757974,-1.944156466757974,88.49412599013588,88.49412599013588,206.76616915422997,-242.7216448003617,,,9.13972720438192,10.156107700683929,9.692357665888315,,
1682343000,42.355,43.34,42.34,43.14,41.24030988757023,41.08132959456618,41.24030988757023,41.08132959456618,0,0,0,0,0,46.24374999999999,34.59375,49.32749999999999,31.510000000000005,43.16,42.866979527224096,41.3855204727759,,,,,25251834,0.72,0.63,0.13388392642731473,0.47174717200974553,0.10391488399517304,-43.157428771932075,-17.262024521124705,-17.262024521124705,53.242075819715694,53.242075819715694,206.76616915422997,-242.7216448003617,,,7.179655814973142,10.039384097322722,9.687337282569803,,
1682429400,42.72,42.795,42.08,42.33,40.7818806516048,40.68038046664322,40.7818806516048,40.68038046664322,0,0,0,0,0,46.24374999999999,34.59375,49.32749999999999,31.510000000000005,43.16,42.872988097318384,41.379511902681614,,,,,30665212,0.7,0.62,-0.3865392941478681,0.48862643911069836,-0.12814939274431955,-51.95815934503213,-51.98366813953001,-51.98366813953001,18.16682783330046,18.16682783330046,206.76616915422997,-242.7216448003617,,,6.706573550604143,9.908685644510228,9.681381710677764,,
1682515800,42.03,42.42,41.51,41.765,40.78340726368951,40.71432436991211,40.78340726368951,40.71432436991211,0,0,0,0,0,46.24374999999999,34.59375,49.32749999999999,31.510000000000005,43.16,42.87581449019396,41.37668550980604,,,,,40070022,0.7,0.62,-0.6388105910290753,0.23162699367690628,-0.17153894392100852,-71.2520686783665,-96.17252829667576,-96.17252829667576,-19.946290876691613,-19.946290876691613,206.76616915422997,-242.7216448003617,,,7.9702915419576525,9.832670189508166,9.6779629491019,,
1682602200,41.74,42.02,41.345,41.915,40.78460445197385,40.74053125736654,40.78460445197385,40.74053125736654,0,0,0,0,0,46.24374999999999,34.59375,49.32749999999999,31.510000000000005,43.16,42.83579563179926,41.376704368200755,,,,,34114686,0.69,0.62,-0.6855019569463592,0.8895275951504903,-0.1135950333953016,-76.83714769591063,-126.33391826083701,-126.33391826083701,-55.40883333807341,-55.40883333807341,206.76616915422997,-242.7216448003617,,,8.336104644717876,9.773981344614429,9.675281913528705,,
1682688600,41.765,42.795,41.62,42.565,40.786343204317554,40.77638689433256,40.786343204317554,40.77638689433256,0,0,0,0,0,46.24374999999999,34.59375,49.32749999999999,31.510000000000005,43.16,42.23150095053816,40.79599904946185,,,,,38228540,0.71,0.63,-0.4417806776806447,0.9388995890932126,0.05583238681509202,-67.5286826666704,-120.06326214546655,-120.06326214546655,-76.96030960720445,-76.96030960720445,206.76616915422997,-242.7216448003617,,,7.726416140117504,9.693684669928274,9.671388075819593,,
1682947800,42.03,42.54,41.8622,42.085,40.78855755955368,40.82023948671168,40.78855755955368,40.82023948671168,0,0,0,0,0,45.1316,40.7678,46.3938,39.5056,42.03,42.21523212105208,40.79476787894792,,,,,27821372,0.72,0.63,-0.4376493469585855,1.003662956084636,0.0504534315316271,-59.33046364819031,-111.90687772412394,-111.90687772412394,-88.60916564617762,-88.60916564617762,206.76616915422997,-242.7216448003617,,,7.189446846247635,9.595479265078053,9.666429152283984,,
1683034200,41.58,41.645,39.87,40.255,40.78682687511901,40.78502813429161,40.78682687511901,40.78502813429161,0,0,0,0,0,45.1316,40.7678,46.3938,39.5056,42.03,42.248275780593815,40.76172421940619,,,,,67647972,0.72,0.63,-1.2692122096774072,0.38032817001762353,-0.30376568707563245,-128.22530070463208,-135.10467824970618,-135.10467824970618,-104.1076698473538,-104.1076698473538,206.76616915422994,-247.90189304401778,,,11.606252078483537,9.674333100897876,9.6703049223663,,
1683120600,39.74,40.205,39.48,39.495,40.784328220023866,40.736056442750765,40.784328220023866,40.736056442750765,0,0,0,0,0,45.1316,40.7678,46.3938,39.5056,42.03,42.247742294234484,40.76225770576553,,,,,59367546,0.73,0.63,-1.5228943334026068,-0.18214023460138545,-0.5153165747734229,-141.57853629203035,-158.665924749936,-158.665924749936,-122.2937548148812,-122.2937548148812,206.76616915422994,-247.90189304401778,,,12.470901230462255,9.784002439312165,9.675900519385474,,
1683207000,39.51,39.91,38.93585,39.055,40.78075821658726,40.6678793861723,40.78075821658726,40.6678793861723,0,0,0,0,0,45.1316,40.7678,46.3938,39.5056,42.03,42.24095042996488,40.76904957003512,,,,,52860960,0.72,0.62,-1.559415691108614,-0.0756499773885838,-0.4473258077963521,-160.2097238430116,-171.91027359562096,-171.91027359562096,-138.83259440846112,-138.83259440846112,206.76616915422994,-247.90189304401778,,,13.677308502383317,9.936681108452209,9.683895340530324,,
1683293400,40.135,40.43,39.895,40.115,40.779092565804866,40.639613527891036,40.779092565804866,40.639613527891036,0,0,0,0,0,45.1316,40.7678,46.3938,39.5056,42.03,42.255466257309344,40.75453374269066,,,,,39073304,0.71,0.62,-1.0078819678949962,0.35421776628254525,-0.471534613986422,-127.36932406441403,-162.70811429300156,-162.70811429300156,-146.79110103664127,-146.79110103664127,206.76616915422994,-247.90189304401778,,,11.550825850792581,9.99998090226948,9.687625471419958,,
1683552600,40.7,40.875,40.11,40.115,40.777855517721335,40.620803193463935,40.777855517721335,40.620803193463935,0,0,0,0,0,45.1316,40.7678,46.3938,39.5056,42.03,42.25526496300674,40.75473503699327,,,,,32711898,0.71,0.63,-1.2790929544853833,0.31639557046180744,-0.5362459403425008,-120.00792495854078,-144.87130780576322,-144.87130780576322,-141.0317213440071,-141.0317213440071,206.76616915422994,-247.90189304401778,,,11.074160292650477,10.042105584245204,9.690395770763075,,
1683639000,39.8,40.51,39.7125,40.13,40.68560680372114,40.50073233375735,40.68560680372114,40.50073233375735,0,0,0,0,0,45.1316,40.7678,46.3938,39.5056,42.03,42.23489751459344,40.77510248540656,,,,,41421242,0.71,0.63,-0.9540784648459617,0.09459479017885984,-0.4097429325130769,-133.6179535380044,-137.60663396641397,-137.60663396641397,-123.07728628771544,-123.07728628771544,206.76616915422994,-247.90189304401778,,,11.759804466170435,10.10946632471286,9.694530453471183,,
1683725400,40.33,40.41,39.375,39.675,40.6831006962212,40.458793810864904,40.6831006962212,40.458793810864904,0,0,0,0,0,45.1316,40.7678,46.3938,39.5056,42.03,42.23568151567577,40.77431848432423,,,,,36052000,0.72,0.63,-0.9173307987428857,-0.18735433049109965,-0.5321659479869474,-145.17363818094515,-131.6156820623513,-131.6156820623513,-119.63377825422604,-119.63377825422604,206.76616915422994,-247.90189304401778,,,12.509721142095328,10.203593964610212,9.700155210091811,,
1683811800,39.115,39.405,38.9,39.2,39.98949056631681,39.739005210941926,39.98949056631681,39.739005210941926,0,0,0,0,0,45.1316,40.7678,46.3938,39.5056,42.03,42.23680560289867,40.773194397101335,,,,,38168274,0.72,0.63,-1.185423482742737,-0.4515404671759583,-0.6325575862186302,-161.4371943450841,-138.6853134938383,-138.6853134938383,-133.97222587284696,-133.97222587284696,206.76616915422994,-247.90189304401778,,,12.070524412296571,10.27680692334301,9.704891212493818,,
1683898200,39.395,39.65995,38.97505,39.26,39.5951399546884,39.33552060231192,39.5951399546884,39.33552060231192,0,0,0,0,0,45.1316,40.7678,46.3938,39.5056,42.03,42.20599274239042,40.80400725760958,,,,,37913270,0.72,0.64,-1.4241247972552893,-0.4814503337846115,-0.42593452800415926,-158.86755247115,-148.40773198116185,-148.40773198116185,-138.78406124228525,-138.78406124228525,206.76616915422994,-247.90189304401778,,,11.026024426435331,10.30618800189565,9.7075308392949,,
1684157400,39.405,39.685,39.095,39.46,39.45440781678375,39.19414778318118,39.45440781678375,39.19414778318118,0,0,0,0,0,45.1316,40.7678,46.3938,39.5056,42.03,42.20700645870543,40.802993541294576,,,,,32544556,0.73,0.64,-1.1452716304144683,-0.5004203880807235,-0.3967177310423545,-154.76057655138496,-144.62927722422037,-144.62927722422037,-140.73246656959697,-140.73246656959697,206.76616915422994,-247.90189304401778,,,10.435280641466207,10.311250458349397,9.708984884853685,,
1684243800,39.275,39.445,38.4325,38.49,39.45247028867829,39.16632532109564,39.45247028867829,39.16632532109564,0,0,0,0,0,45.1316,40.7678,46.3938,39.5056,42.03,41.84168544198146,40.43081455801855,,,,,44521718,0.73,0.64,-0.8006523727411237,-1.1689936188008063,-0.6339807701242003,-166.9520914042071,-162.71567940143646,-162.71567940143646,-148.06020418021012,-148.06020418021012,206.76616915422994,-247.90189304401778,,,11.953035509736544,10.375634185854775,9.713468502485819,,
1684330200,38.885,39.44,38.6,39.23,39.450867950439175,39.14609687713111,39.450867950439175,39.14609687713111,0,0,0,0,0,45.1316,40.7678,46.3938,39.5056,42.03,41.73537856498109,40.31962143501892,,,,,46200666,0.72,0.64,-0.12250586940253108,-0.8122015191167041,-0.6325101887321345,-161.17132131424216,-162.00331233667413,-162.00331233667413,-152.70790689903146,-152.70790689903146,206.76616915422994,-247.90189304401778,,,11.569301260022904,10.422444659351564,9.717176460043335,,
1684416600,38.995,39.5625,38.75,39.515,39.44956551697176,39.13248523489067,39.44956551697176,39.13248523489067,0,0,0,0,0,45.1316,40.7678,46.3938,39.5056,42.03,41.47723446727293,40.069665532727065,,,,,33154252,0.73,0.64,0.21663619017369284,-0.8934399012220937,-0.5776103240518226,-151.96450524433303,-147.53467223008485,-147.53467223008485,-137.18820289219164,-137.18820289219164,206.76616915422994,-247.90189304401778,,,11.225658648339058,10.453943247154996,9.7201904104695,,
1684503000,39.88,40.13,39.595,39.82,39.44993711434045,39.15221326489496,39.44993711434045,39.15221326489496,0,0,0,0,0,45.1316,40.7678,46.3938,39.5056,42.03,41.45547594648593,40.091424053514054,,,,,36122188,0.72,0.64,-0.1375755535989959,-0.6787189149585797,-0.58406879484257,-122.71393418933047,-127.58915045954268,-127.58915045954268,-87.69810691845834,-87.69810691845834,206.76616915422994,-247.90189304401778,,,9.289805269186713,10.40829077743075,9.719330500097307,,
1684762200,39.67,40.059,39.595,39.655,39.450307969256855,39.17116764666379,39.450307969256855,39.17116764666379,0,0,0,0,0,45.1316,40.7678,46.3938,39.5056,42.03,41.455359007764095,40.0915409922359,,,,,26943532,0.72,0.65,-0.21498139565391128,-0.8023888234333983,-0.626060416096742,-122.71393418933047,-100.28684394900114,-100.28684394900114,-45.68223092791804,-45.68223092791804,206.76616915422994,-247.90189304401778,,,9.289805269186713,10.364428600636867,9.718472307827755,,
1684848600,40.035,40.535,39.9275,40.08,39.451335775512085,39.20228754287305,39.451335775512085,39.20228754287305,0,0,0,0,0,45.1316,40.7678,46.3938,39.5056,42.03,41.457219653949146,40.08968034605085,,,,,42803744,0.71,0.64,-0.023498837337565564,-0.7946004438858962,-0.6761271125334545,-111.20409409964,-66.03164428046519,-66.03164428046519,2.4787550566067154,2.4787550566067154,206.76616915422994,-247.90189304401778,,,8.528064146620839,10.292414308322513,9.716093869943226,,
1684935000,40.395,40.565,39.915,40.255,39.45233680293364,39.231701756878024,39.45233680293364,39.231701756878024,0,0,0,0,0,45.1316,40.7678,46.3938,39.5056,42.03,41.452944309983934,40.09395569001606,,,,,33474290,0.71,0.64,0.27619270773925664,-0.7588751117789532,-0.6609227809510925,-92.97175245597786,-28.616906383709,-28.616906383709,46.212569409803386,46.212569409803386,206.76616915422994,-247.90189304401778,,,8.556701030927833,10.224347120973702,9.713777400734404,,
1685021400,39.675,39.76,39.17,39.54,39.45186220392678,39.23103894288281,39.45186220392678,39.23103894288281,0,0,0,0,0,45.1316,40.7678,46.3938,39.5056,42.03,41.45851178085006,40.08838821914993,,,,,38250904,0.71,0.64,0.16317193433700075,-0.996713221876921,-0.7694296723144808,-119.1090941841678,-6.40752212553727,-6.40752212553727,38.01124639080621,38.01124639080621,206.76616915422994,-247.90189304401778,,,10.263459335624276,10.22588093331294,9.71487566633858,,
1685107800,39.78,39.89,39.18,39.385,39.45140833338946,39.230790356887404,39.45140833338946,39.230790356887404,0,0,0,0,0,45.1316,40.7678,46.3938,39.5056,42.03,41.45834031011819,40.08855968988181,,,,,28785746,0.72,0.64,0.06118051544781686,-1.0759628511343258,-0.7035650037924717,-140.92411124778036,0.9463415759153335,0.9463415759153335,15.65406897882054,15.65406897882054,206.76616915422994,-247.90189304401778,,,10.240549828178693,10.226456184091989,9.715925964364235,,
1685453400,38.7,39.025,38.55,38.98,39.44970921584023,39.206092695833,39.44970921584023,39.206092695833,0,0,0,0,0,45.1316,40.7678,46.3938,39.5056,42.03,41.456545841437205,40.09035415856279,,,,,40331610,0.73,0.65,-0.23334032797073423,-1.0586806272233267,-0.8300506058794316,-174.17708662760748,-19.326237419855403,-19.326237419855403,-5.811184756008245,-5.811184756008245,206.76616915422994,-247.90189304401778,,,11.683848797250864,10.283608835588415,9.719857878116256,,
1685539800,38.37,38.665,38.165,38.295,39.415682387061345,39.1371988695771,39.415682387061345,39.1371988695771,0,0,0,0,0,45.1316,40.7678,46.3938,39.5056,42.03,41.45320085408733,40.09369914591267,,,,,44797624,0.74,0.66,-0.09733406678010725,-1.2753333937911557,-0.9831200835768255,-171.9954054547563,-57.247358224406454,-57.247358224406454,-22.95657591214098,-22.95657591214098,206.76616915422994,-247.90189304401778,,,12.49570102029119,10.370357548714015,9.725404018260463,,
1685626200,38.385,39.205,38.125,38.77,39.4132132913829,39.09965773743682,39.4132132913829,39.09965773743682,0,0,0,0,0,40.5725,35.9775,42.76,33.79,38.385,41.454896863393046,40.09200313660695,,,,,51623680,0.73,0.65,-0.2261965318987921,-1.1235600681995772,-0.9269154965275778,-97.70524602179026,-79.18519496570289,-79.18519496570289,-41.69944892999495,-41.69944892999495,206.76616915422994,-247.90189304401778,,,12.587412587412592,10.45730088356494,9.731122317099928,,
1685712600,39.495,40.14,39.225,39.95,39.41292495313838,39.106294688909884,39.41292495313838,39.106294688909884,0,0,0,0,0,40.5725,35.9775,42.76,33.79,38.385,41.469591407541934,40.07730859245807,,,,,55278778,0.71,0.64,0.20860729892263813,-0.7141859253951442,-0.7243927809316824,-47.24713774762627,-55.52447189132053,-55.52447189132053,-46.30778991710348,-46.30778991710348,206.76616915422994,-247.90189304401778,,,10.065344491574,10.441930044663335,9.731790093672304,,
1685971800,40.5325,40.56,39.615,39.685,39.41340861956567,39.12781254424675,39.41340861956567,39.12781254424675,0,0,0,0,0,40.5725,35.9775,42.76,33.79,38.385,41.470034425504885,40.07686557449511,,,,,43507754,0.72,0.65,-0.06427747802374885,-0.722623070710506,-0.7624960734756128,-29.357444814059033,-38.566596058931516,-38.566596058931516,-23.084208342587587,-23.084208342587587,206.76616915422994,-247.90189304401778,,,9.171156712140318,10.3920957963291,9.730669947055857,,
1686058200,39.16,40.04,39.12,40.005,39.412912198747364,39.12926891506061,39.412912198747364,39.12926891506061,0,0,0,0,0,40.5725,35.9775,42.76,33.79,38.385,41.46667306087784,40.080226939122156,,,,,34750720,0.73,0.65,0.16714628333321682,-0.7945539864789527,-0.8881377872468301,-61.31896132610524,-25.141823476413776,-25.141823476413776,1.707721688621703,1.707721688621703,206.76616915422994,-247.90189304401778,,,10.306087355267692,10.388722916287476,9.731819632187149,,
1686144600,40.2,41.115,40.175,41.065,39.41450358296565,39.17162699682294,39.41450358296565,39.17162699682294,0,0,0,0,0,40.5725,35.9775,42.76,33.79,38.385,41.47869452678674,40.06820547321326,,,,,60654274,0.7,0.64,0.46251134408344236,-0.32470987856010025,-0.6257434817036752,-47.13428665486913,-3.1772291817887712,-3.1772291817887712,40.75195940746125,40.75195940746125,206.76616915422994,-247.90189304401778,,,7.887194772440685,10.290623773391523,9.72813406803181,,
1686231000,41.12,41.2575,40.21,40.89,39.41616101836432,39.213682800869094,39.41616101836432,39.213682800869094,0,0,0,0,0,40.5725,35.9775,42.76,33.79,38.385,41.47540377898498,40.07149622101501,,,,,46162274,0.69,0.64,0.29683347202671884,-0.2276113515434629,-0.5178964183561328,-45.28069111226173,23.9370799585127,23.9370799585127,78.16569823911564,78.16569823911564,206.76616915422994,-247.90189304401778,,,7.806947151209448,10.193224690168696,9.724295532733464,,
1686317400,40.87,41.07,40.555,40.665,39.41849755978617,39.26748347534482,39.41849755978617,39.26748347534482,0,0,0,0,0,40.5725,35.9775,42.76,33.79,38.385,41.47294586124661,40.073954138753386,,,,,38388122,0.68,0.64,0.5352734677743359,-0.32392149984112545,-0.5996978096572437,-27.009535049419267,49.57081433935574,49.57081433935574,100.83828310104182,100.83828310104182,206.76616915422994,-247.90189304401778,,,7.015934884787349,10.068625089957663,9.718884222747558,,
1686576600,40.055,40.68,40,40.275,39.419731630595784,39.29762726062541,39.419731630595784,39.29762726062541,0,0,0,0,0,40.5725,35.9775,42.76,33.79,38.385,41.46677955772446,40.08012044227554,,,,,36392260,0.69,0.65,0.42685610531619256,-0.5867384617445978,-0.5435182875574932,-56.40226436790505,64.85400622769765,64.85400622769765,95.42039000438146,95.42039000438146,206.76616915422994,-247.90189304401778,,,8.288432878596817,9.99881363068861,9.7160261781039,,
1686663000,40.72,41.2575,40.445,40.465,39.42184345550968,39.34386540726755,39.42184345550968,39.34386540726755,0,0,0,0,0,40.5725,35.9775,42.76,33.79,38.385,41.46533588637845,40.081564113621546,,,,,40136424,0.68,0.66,0.7214976007589732,-0.4208984515756948,-0.38251127307899907,-32.835121040470476,77.60051777807014,77.60051777807014,103.09354087881513,103.09354087881513,206.76616915422994,-247.90189304401778,,,7.268141694371207,9.891728456715379,9.711135300014524,,
1686749400,40.865,41.045,39.75,40.05,39.42257633571845,39.36130794031588,39.42257633571845,39.36130794031588,0,0,0,0,0,40.5725,35.9775,42.76,33.79,38.385,41.40641961499828,40.140480385001716,,,,,47605372,0.68,0.67,0.8684450189076427,-0.055716096809959946,-0.4306130984188409,-67.85627140470854,78.15423648622411,78.15423648622411,79.26167390253204,79.26167390253204,195.10629763337545,-247.9018930440178,,,8.861630173105588,9.851332445593426,9.709437987073647,,
1686835800,40.12,40.795,40.11,40.49,39.42401983954319,39.39204292304859,39.42401983954319,39.39204292304859,0,0,0,0,0,40.5725,35.9775,42.76,33.79,38.385,41.520720616237924,40.25117938376208,,,,,46777078,0.73,0.67,0.8386098541332005,0.2749461549866148,-0.3379848348588435,-49.279649575282626,65.80524308306752,65.80524308306752,74.03790535183857,74.03790535183857,195.10629763337545,-247.9018930440178,,,8.03622606901296,9.780151803374585,9.706094906318281,,
1686922200,40.64,40.755,40.3125,40.43,39.42586100869495,39.42943437704669,39.42586100869495,39.42943437704669,0,0,0,0,0,40.5725,35.9775,42.76,33.79,38.385,41.51508664899275,40.25681335100726,,,,,47461764,0.72,0.67,0.22715102003203583,0.38428697637251014,-0.5342496505737662,-38.830299796230506,58.72653296574154,58.72653296574154,68.93411455647289,68.93411455647289,195.10629763337545,-247.9018930440178,,,7.571936260460854,9.693555115417183,9.701830853079805,,
1687267800,39.81,39.8525,38.885,39.18,39.42487487281345,39.40993891128015,39.42487487281345,39.40993891128015,0,0,0,0,0,40.5725,35.9775,42.76,33.79,38.385,41.534497215954424,40.23740278404558,,,,,42567320,0.7,0.66,-0.23685321887651006,-0.2504715969464071,-0.6518911985539073,-112.49176552263488,14.075693802177994,14.075693802177994,50.64797430504126,50.64797430504126,195.10629763337545,-247.9018930440178,,,10.844892812105936,9.738705613326546,9.704114693157779,,
1687354200,39.02,39.8225,38.96,39.49,39.424039058881746,39.39411973828877,39.424039058881746,39.39411973828877,0,0,0,0,0,40.5725,35.9775,42.76,33.79,38.385,41.51158873727193,40.26031126272807,,,,,34473740,0.7,0.64,-0.24387302443962422,-0.17040541976749418,-0.5695627275383419,-108.62163597483766,-24.797649629164376,-24.797649629164376,25.499432993639385,25.499432993639385,195.10629763337545,-247.9018930440178,,,10.672933623753297,9.775342005892302,9.706050395316812,,
1687440600,39.13,39.175,38.815,38.96,39.422918101721145,39.37329151325784,39.422918101721145,39.37329151325784,0,0,0,0,0,40.5725,35.9775,42.76,33.79,38.385,41.50570326786357,40.266196732136436,,,,,33510762,0.71,0.65,-0.9747095677985336,-0.3200744668721274,-0.8635170190225427,-116.10388643391215,-59.845486994463336,-59.845486994463336,-2.94887366906152,-2.94887366906152,195.10629763337545,-247.9018930440178,,,11.005388054568392,9.823579105840384,9.708646474556076,,
1687527000,38.54,38.7825,38.3605,38.68,39.42090037324618,39.33563478724773,39.42090037324618,39.33563478724773,0,0,0,0,0,40.5725,35.9775,42.76,33.79,38.385,41.50267242597566,40.26922757402434,,,,,34905112,0.72,0.64,-1.035801040087214,-0.2774895915083809,-0.8959696342074288,-139.5568714935622,-90.83507840880384,-90.83507840880384,-32.244275248975626,-32.244275248975626,195.10629763337545,-247.9018930440178,,,12.047460735985325,9.910790150159794,9.713319430123367,,
1687786200,38.75,39.595,38.66,39.375,39.41947909377915,39.31108244264978,39.41947909377915,39.31108244264978,0,0,0,0,0,40.5725,35.9775,42.76,33.79,38.385,41.622048393163084,40.372351606836915,,,,,32488608,0.73,0.64,-0.6049963105948611,0.049155842821759825,-0.7952618820878345,-124.10215416602618,-94.295302122443,-94.295302122443,-52.92795087346475,-52.92795087346475,195.10629763337545,-247.9018930440178,,,11.360770377163831,9.967652119846226,9.716611040407164,,
1687872600,39.335,39.635,39.105,39.465,39.418940873811565,39.30476940568312,39.418940873811565,39.30476940568312,0,0,0,0,0,40.5725,35.9775,42.76,33.79,38.385,41.61261474507597,40.38178525492402,,,,,28388388,0.72,0.62,-0.3859164657850079,0.05784779074341927,-0.690368300888447,-101.13938551576352,-77.19092676901339,-77.19092676901339,-61.015609505314295,-61.015609505314295,195.10629763337545,-247.9018930440178,,,10.34047919293822,9.982272789379246,9.71785753022241,,
1687959000,39.425,39.915,39.075,39.865,39.4183443885492,39.297539232911234,39.4183443885492,39.297539232911234,0,0,0,0,0,40.5725,35.9775,42.76,33.79,38.385,41.60967120944358,40.38472879055641,,,,,32903260,0.71,0.63,-0.28644828841079484,0.1144753133215904,-0.5791963393668709,-102.68743733488205,-55.91110491471443,-55.91110491471443,-45.70209573351469,-45.70209573351469,195.10629763337545,-247.9018930440178,,,10.40926286827926,9.999017498355718,9.719238959469278,,
1688045400,40.015,40.325,39.8,40.325,39.41918316099965,39.31873965515001,39.41918316099965,39.31873965515001,0,0,0,0,0,40.5725,35.9775,42.76,33.79,38.385,41.60838459177485,40.386015408225155,,,,,28435784,0.71,0.63,0.1322942432775668,0.5303203629015956,-0.2918874568214006,-65.27618503951064,-38.82149291733968,-38.82149291733968,-4.642268922590198,-4.642268922590198,195.10629763337545,-247.9018930440178,,,8.74699071420384,9.949918408781134,9.717296405532684,,
1688131800,40.6,40.79,40.3,40.585,39.42100926857008,39.358520452987264,39.42100926857008,39.358520452987264,0,0,0,0,0,40.5725,35.9775,42.76,33.79,38.385,41.60888634963742,40.385513650362576,,,,,35970586,0.69,0.62,0.045179175569741575,0.38399258034909595,-0.2214104776752269,-39.47532138753016,-12.2969841122544,-12.2969841122544,40.752033497916166,40.752033497916166,195.10629763337545,-247.9018930440178,,,7.6005961251863,9.857788123149964,9.71306723414338,,
1688391000,40.685,40.985,40.53,40.68,39.42328667262888,39.40567063130149,39.42328667262888,39.40567063130149,0,0,0,0,0,42.823750000000004,39.118750000000006,44.39,37.5525,40.685,41.60791551504723,40.38648448495277,,,,,19539782,0.69,0.62,0.12153362343866506,0.33455189228282584,-0.16867040994043467,-27.606924107618937,17.92099881934007,17.92099881934007,78.35696468252901,78.35696468252901,195.10629763337545,-247.9018930440178,,,7.073254614238222,9.748590730643622,9.70779288325446,,
1688563800,40.85,40.8575,40.225,40.455,39.424956229726526,39.439130606544566,39.424956229726526,39.439130606544566,0,0,0,0,0,42.823750000000004,39.118750000000006,44.39,37.5525,40.685,41.56260329337259,40.4317967066274,,,,,32560684,0.68,0.63,0.6401497498578368,0.1811121846537423,-0.29857929881717565,-43.345450935327015,44.40555852227837,44.40555852227837,97.37467792815497,97.37467792815497,195.10629763337545,-247.9018930440178,,,7.772555313538922,9.671099145659124,9.703926274723559,,
1688650200,40.015,40.295,39.2425,39.545,39.42467904445235,39.433134308248704,39.42467904445235,39.433134308248704,0,0,0,0,0,42.823750000000004,39.118750000000006,44.39,37.5525,40.685,41.56666633395054,40.427733666049456,,,,,41967770,0.66,0.63,0.027181556643826738,-0.03125596214848871,-0.4280105213929919,-94.04414801146875,52.6123314387659,52.6123314387659,69.02587727174097,69.02587727174097,195.10629763337545,-247.9018930440178,,,10.025220680958391,9.684986264690467,9.704568221589163,,
1688736600,39.35,40.7675,39.32,40.395,39.4245557096982,39.43038198243502,39.4245557096982,39.43038198243502,0,0,0,0,0,42.823750000000004,39.118750000000006,44.39,37.5525,40.685,41.57232519670738,40.42207480329262,,,,,48916054,0.67,0.62,0.734437050784846,0.09047817638823495,-0.32250670305729073,-90.04501414541174,52.95187211469646,52.95187211469646,53.630953466557564,53.630953466557564,195.10629763337545,-247.9018930440178,,,9.847529519660672,9.691360509983417,9.704853858548347,,
1688995800,40.29,40.79,40.26,40.71,39.426291962026475,39.464231708614044,39.426291962026475,39.464231708614044,0,0,0,0,0,42.823750000000004,39.118750000000006,44.39,37.5525,40.685,41.56921101313307,40.42518898686693,,,,,30925020,0.66,0.63,1.0449561962524636,0.12993299564580207,-0.18001949856245378,-41.53939047968856,55.1314461595183,55.1314461595183,59.49059424916198,59.49059424916198,195.10629763337545,-247.9018930440178,,,7.692307692307701,9.61296628183927,9.700832787287126,,
1689082200,40.895,41.67,40.815,41.605,39.42912254751693,39.51830105337428,39.42912254751693,39.51830105337428,0,0,0,0,0,42.823750000000004,39.118750000000006,44.39,37.5525,40.685,41.57903993015292,40.415360069847075,,,,,39642046,0.7,0.63,1.1162794725356477,0.5943077667477861,-0.16398131033804594,-40.23626237405005,64.91649925931205,64.91649925931205,84.48660545889956,84.48660545889956,195.10629763337545,-247.9018930440178,,,6.4198096984982325,9.487744455041582,9.694277296600236,,
1689168600,41.945,42.225,41.73,41.99,39.12248443383801,39.30530227026399,39.12248443383801,39.30530227026399,0,0,0,0,0,42.823750000000004,39.118750000000006,44.39,37.5525,40.685,41.578950107067605,40.41544989293239,,,,,43077518,0.7,0.63,1.2653935496487778,0.7552532302882097,-0.16157896940585367,-13.12089741013745,79.78972648043101,79.78972648043101,109.53618092266896,109.53618092266896,195.10629763337545,-247.9018930440178,,,3.5590478391495406,9.255246548536013,9.682019095886048,,
1689255000,41.99,42.2475,41.44,41.83,39.12715139800616,39.389733553783046,39.12715139800616,39.389733553783046,0,0,0,0,0,42.823750000000004,39.118750000000006,44.39,37.5525,40.685,41.579169872592814,40.41523012740718,,,,,53226474,0.68,0.63,0.9763574364102507,0.836142791475024,-0.2723981097290708,-27.755744521444278,94.57495106721889,94.57495106721889,124.14540024079466,124.14540024079466,195.10629763337545,-247.9018930440178,,,4.229258146521852,9.058148964143301,9.671124468614591,,
1689341400,41.56,41.6,40.625,40.725,39.012875961100974,39.32546035653912,39.012875961100974,39.32546035653912,0,0,0,0,0,42.823750000000004,39.118750000000006,44.39,37.5525,40.685,41.593332680161524,40.401067319838475,,,,,43988176,0.68,0.62,0.19869760558202512,0.7338555630096407,-0.44743235518143093,-66.72200307165929,97.90399849726792,97.90399849726792,104.56209335736598,104.56209335736598,195.10629763337545,-233.99318259999018,,,5.8298562818729724,8.931549251113092,9.66344960710262,,
1689600600,40.58,40.82,40.46,40.645,39.0158208642756,39.371003087655225,39.0158208642756,39.371003087655225,0,0,0,0,0,42.823750000000004,39.118750000000006,44.39,37.5525,40.685,41.481863735540855,40.29313626445915,,,,,32464618,0.71,0.62,0.029625290001733064,0.5595279091838627,-0.34963584831313743,-68.47775891839746,68.00568700140093,68.00568700140093,87.93789466531226,87.93789466531226,195.10629763337548,-197.791570079012,,,6.212331942512749,8.824913278226804,9.65655426711343,,
1689687000,40.55,41.4775,40.485,41.055,39.01880933407724,39.4157304175511,39.01880933407724,39.4157304175511,0,0,0,0,0,42.823750000000004,39.118750000000006,44.39,37.5525,40.685,41.34492554018568,40.16007445981432,,,,,43214582,0.71,0.62,0.18449740437655454,0.3196132712453256,-0.2192376788797994,-65.94569993860384,44.16960131028031,44.16960131028031,73.34846354696828,73.34846354696828,195.10629763337545,-189.5488477766894,,,6.154381084840058,8.720186525544971,9.649556918097899,,
1689773400,41.055,41.575,40.965,41.295,39.0227412834597,39.477339028627526,39.0227412834597,39.477339028627526,0,0,0,0,0,42.823750000000004,39.118750000000006,44.39,37.5525,40.685,41.325109196873676,40.13989080312632,,,,,37520964,0.67,0.62,0.41720649484455263,0.4706335074123506,-0.08882193828734188,-44.91318434356726,38.32725602934935,38.32725602934935,61.67472770776197,61.67472770776197,195.10629763337545,-189.5488477766894,,,5.041724617524332,8.575933117387299,9.640350459954895,,
1689859800,41.635,41.865,41.43,41.78,38.508490568905636,39.04881213464734,38.508490568905636,39.04881213464734,0,0,0,0,0,42.823750000000004,39.118750000000006,44.39,37.5525,40.685,41.328280441816645,40.136719558183366,,,,,35449808,0.65,0.63,1.1324590817661413,0.5132867182491753,0.07517276287256247,-24.537934860875907,56.26556814594872,56.26556814594872,59.871674520490885,59.871674520490885,195.10629763337545,-189.5488477766894,,,2.6665100434629343,8.344191036056932,9.626416712868997,,
1689946200,41.935,42.17,41.665,42.15,38.51481526307366,39.15176067838666,38.51481526307366,39.15176067838666,0,0,0,0,0,42.823750000000004,39.118750000000006,44.39,37.5525,40.685,41.32854865644291,40.136451343557084,,,,,31529010,0.67,0.64,0.8693239409881862,0.3052315453661158,0.27601890653271527,-21.170933915097628,66.50454604768639,66.50454604768639,79.77028910207741,79.77028910207741,195.10629763337545,-189.5488477766894,,,2.114413250323032,8.099886024851681,9.611407714941832,,
1690205400,42.365,43.14,42.35,42.83,38.76179294225632,39.51156119103182,38.76179294225632,39.51156119103182,0,0,0,0,0,42.823750000000004,39.118750000000006,44.39,37.5525,40.685,41.333471890885335,40.13152810911466,,,,,44539606,0.7,0.64,1.0411380855579258,0.5476430329908947,0.31874348473944003,-20.620017040288886,81.33406104517476,81.33406104517476,110.99309104015151,110.99309104015151,195.10629763337545,-189.5488477766894,,,1.1207097828624724,7.82619283889132,9.594443283509106,,
1690291800,42.81,43.305,42.55,43.055,38.972593405117344,39.83034096034659,38.972593405117344,39.83034096034659,0,0,0,0,0,42.823750000000004,39.118750000000006,44.39,37.5525,40.685,41.31127122439656,40.11872877560345,,,,,33606524,0.7,0.63,0.7017466677373678,0.6832417244093844,0.7591510908043464,-21.580606277192423,99.62780472237989,99.62780472237989,136.21529207679015,136.21529207679015,195.10629763337545,-189.5488477766894,,,1.1729183602369122,7.565280114238206,9.577617059886185,,
1690378200,42.7,43.24,42.64,43.07,38.99348007777719,39.954024672475136,38.99348007777719,39.954024672475136,0,0,0,1,0,42.823750000000004,39.118750000000006,44.39,37.5525,40.685,41.30318802272329,40.12681197727671,,,,,32788010,0.68,0.63,0.5186688609756653,0.8079750129726325,0.6825033526357057,-18.36916607795926,117.00810524727297,117.00810524727297,151.76870629705914,151.76870629705914,195.10629763337545,-189.5488477766894,,,0.9983747387973061,7.307754413240524,9.560475716587305,,
1690464600,43.305,43.48,42.675,42.795,39.00084365404537,40.06088448924081,39.00084365404537,40.06088448924081,0,0,0,1,0,42.823750000000004,39.118750000000006,44.39,37.5525,40.685,41.388711096436765,40.21628890356322,,,,,35550606,0.68,0.62,0.4665691780917137,0.6723452573578724,0.7549898644437361,-16.87400139719528,130.63049870346987,130.63049870346987,157.87528561586365,157.87528561586365,195.10629763337545,-189.5488477766894,,,0.9171116786626495,7.057140972668842,9.543206257970073,,
1690551000,42.765,42.9325,42.3,42.925,39.00745075963169,40.14899490142745,39.00745075963169,40.14899490142745,0,0,0,0,0,42.823750000000004,39.118750000000006,44.39,37.5525,40.685,41.38863826792265,40.21636173207734,,,,,34636576,0.69,0.63,1.0923340305234737,0.8380473888411047,0.7069833911577335,-34.07342637051884,139.67313441485825,139.67313441485825,157.75840583763502,157.75840583763502,195.10629763337545,-189.5488477766894,,,1.7877873229626262,6.85049965307252,9.527710915442587,,
1690810200,43.3,43.865,43.175,43.74,39.62137912055587,40.867951398513775,39.62137912055587,40.867951398513775,0,0,0,0,0,42.823750000000004,39.118750000000006,44.39,37.5525,40.685,41.586484091568806,40.40351590843121,,,,,36266478,0.68,0.63,1.5382516958449601,0.9361573123412738,0.5938774415212031,-26.110502462797676,155.40105313204663,155.40105313204663,186.85689056642335,186.85689056642335,195.10629763337545,-189.5488477766894,,,1.291723822588031,6.632508444033912,9.511255396775544,,
1690896600,43.565,43.66,43.06705,43.535,39.628277023411904,40.954454461317155,39.628277023411904,40.954454461317155,0,0,0,0,0,46.17625,41.25375,48.487500000000004,38.942499999999995,43.565,41.58393062883933,40.40606937116067,,,,,35809282,0.68,0.62,1.2224556248641179,0.8973145597878854,0.7193228125377558,-33.55065835072161,169.8931363282781,169.8931363282781,198.87730272074103,198.87730272074103,195.10629763337545,-189.5488477766894,,,1.5385230909922272,6.432744312542082,9.495325861699055,,
1690983000,43.24,43.46,42.6,42.965,39.63423730907942,41.01943271773609,39.63423730907942,41.01943271773609,0,0,0,0,0,46.17625,41.25375,48.487500000000004,38.942499999999995,43.565,41.540378550928025,40.449621449071984,,,,,45923034,0.7,0.62,0.8188904799869404,1.1293996436470064,0.7255141141216643,-56.83594697945263,171.53534176089929,171.53534176089929,174.81975262614162,174.81975262614162,195.10629763337545,-189.5488477766894,,,2.6063100137174224,6.28268806552935,9.48156159427052,,
1691069400,43.08,43.79,42.845,43.4,39.640670301468866,41.09137457194252,39.640670301468866,41.09137457194252,0,0,0,0,0,46.17625,41.25375,48.487500000000004,38.942499999999995,43.565,41.53210972073118,40.457890279268824,,,,,41633966,0.65,0.62,0.7865041266371731,1.159533827601048,0.7734445297212154,-44.621203988254614,156.73441746380087,156.73441746380087,166.60170032853316,166.60170032853316,195.10629763337545,-189.5488477766894,,,2.0461819844535967,6.11655057215383,9.466705690954203,,
1691155800,43.71,44.12,43.41,43.46,39.64820802314426,41.18243047108203,39.64820802314426,41.18243047108203,0,0,0,0,0,46.17625,41.25375,48.487500000000004,38.942499999999995,43.565,41.657184733102355,40.58781526689766,,,,,43208298,0.62,0.62,0.6362405077673572,1.365150515938008,0.6321987728544435,-16.452510967736547,158.57304188553812,158.57304188553812,163.9254808475348,163.9254808475348,195.10629763337545,-189.5488477766894,,,0.7544581618655816,5.906272438417036,9.449298602983996,,
1691415000,43.705,43.795,43.38215,43.51,39.65567559652459,41.26883431535332,39.65567559652459,41.26883431535332,0,0,0,0,0,46.17625,41.25375,48.487500000000004,38.942499999999995,43.565,41.6408896650847,40.604110334915305,,,,,26821530,0.63,0.63,0.32558265258161356,1.4784289454249004,0.5280315894467666,-17.841003181225492,156.77808422002573,156.77808422002573,161.5430153050318,161.5430153050318,195.10629763337545,-189.5488477766894,,,0.818129858253313,5.706737435273361,9.43205351058693,,
1691501400,42.805,43.7425,42.4825,43.725,39.66134872220586,41.316922185339465,39.66134872220586,41.316922185339465,0,0,0,0,0,46.17625,41.25375,48.487500000000004,38.942499999999995,43.565,41.64117952112414,40.60382047887587,,,,,37237116,0.65,0.63,0.34122202308256006,1.398601234396098,0.49530609365382244,-62.69403800584356,139.61974607690198,139.61974607690198,154.2352588956552,154.2352588956552,195.10629763337545,-189.5488477766894,,,2.874942844078647,5.595686666991215,9.418952390374127,,
1691587800,44.15,44.68,43.875,44.275,40.1539188607686,41.90294013557803,40.1539188607686,41.90294013557803,0,0,0,0,0,46.17625,41.25375,48.487500000000004,38.942499999999995,43.565,41.92784382460289,40.87715617539712,,,,,52085610,0.64,0.63,0.6129506357314172,1.5416495714904086,0.5584110584534223,-19.70146172451879,154.66784888633447,154.66784888633447,155.53302886769302,155.53302886769302,195.10629763337545,-189.5488477766894,,,0.9034443817052481,5.411677165607451,9.401938388358804,,
1691674200,44.34,44.845,43.97,44.27,40.16154949241541,41.984120914574966,40.16154949241541,41.984120914574966,0,0,0,0,0,46.17625,41.25375,48.487500000000004,38.942499999999995,43.565,42.00703234701724,40.96296765298276,,,,,39226504,0.63,0.63,0.7604601138415479,1.4075731295036606,0.5069961282492237,-15.212916224487886,159.71117292375035,159.71117292375035,169.79782099858213,169.79782099858213,195.10629763337545,-189.5488477766894,,,0.6888763410502535,5.22646929013462,9.384529672979566,,
1691760600,44.25,45,44.24,44.95,40.78077695854431,42.68783836556154,40.78077695854431,42.68783836556154,0,0,0,1,0,46.17625,41.25375,48.487500000000004,38.942499999999995,43.565,42.08499726172646,41.040002738273536,,,,,46689206,0.62,0.65,1.0376327006609731,1.4564838047159088,0.28114358195592665,-43.03607618604151,167.29013565862047,167.29013565862047,182.44806112836068,182.44806112836068,197.74420946626432,-137.80852335809908,,,1.5795328142380443,5.083452173432794,9.368935273661402,,
1692019800,44.825,44.945,44.46,44.76,40.78813784374202,42.75752705710815,40.78813784374202,42.75752705710815,0,0,0,0,0,46.17625,41.25375,48.487500000000004,38.942499999999995,43.565,42.08604910860604,41.03895089139395,,,,,30189466,0.62,0.64,0.5267941099655823,1.3416826990767934,0.3994889659587318,-29.700953987549855,172.78970747268642,172.78970747268642,183.78885110081833,183.78885110081833,197.74420946626432,-137.80852335809908,,,1.0901001112347095,4.926850131777967,9.352394144465745,,
1692106200,44.45,44.5,43.75,43.83,40.79407962627201,42.79691815290783,40.79407962627201,42.79691815290783,0,0,0,0,0,46.17625,41.25375,48.487500000000004,38.942499999999995,43.565,42.09930887222393,41.025691127776064,,,,,44982466,0.65,0.64,0.1531602619914608,1.010489058954999,0.11961936064949218,-72.73703017359136,144.21436919821008,144.21436919821008,163.26459471452765,163.26459471452765,197.74420946626432,-137.80852335809908,,,2.6696329254727535,4.838331809962076,9.339041974198027,,
1692192600,43.875,44.35,43.42,43.45,40.79935678985588,42.82195273514674,40.79935678985588,42.82195273514674,0,0,0,0,0,46.17625,41.25375,48.487500000000004,38.942499999999995,43.565,42.08371391243415,41.041286087565844,,,,,37995458,0.67,0.64,0.25599305388536137,0.9693157126121458,0.17079081308441438,-92.73971347132884,90.72783457292684,90.72783457292684,139.08567466732737,139.08567466732737,197.74420946626432,-137.80852335809908,,,3.4037819799777553,4.782074953884259,9.327183312870913,,
1692279000,44.06,44.57,43.905,43.97,40.80558275031571,42.86483498082726,40.80558275031571,42.86483498082726,0,0,0,0,0,46.17625,41.25375,48.487500000000004,38.942499999999995,43.565,42.07857446646879,41.046425533531206,,,,,40464298,0.64,0.63,0.29702105849616744,1.461043623160446,0.20064929471139697,-63.341830442835764,58.613379207593724,58.613379207593724,112.26157618074949,112.26157618074949,197.74420946626432,-137.80852335809908,,,2.3248053392658545,4.685711439585498,9.313192547688885,,
1692365400,43.715,44.46,43.575,44.405,40.811143524041356,42.89322380510854,40.811143524041356,42.89322380510854,0,0,0,0,0,46.17625,41.25375,48.487500000000004,38.942499999999995,43.565,42.079502705861,41.045497294139,,,,,35307296,0.64,0.63,0.49592288919325106,1.3071583448617492,0.2057316980741294,-83.34451374057323,43.857192492186,43.857192492186,89.46011495122832,89.46011495122832,197.74420946626432,-137.80852335809908,,,3.0589543937708563,4.6219170456319825,9.300696567361376,,
1692624600,44.585,44.765,43.8191,44.125,40.81717602249482,42.92997616569252,40.81717602249482,42.92997616569252,0,0,0,0,0,46.17625,41.25375,48.487500000000004,38.942499999999995,43.565,42.0802892404937,41.0447107595063,,,,,30488472,0.66,0.64,0.32365376091039827,1.1089797187453072,0.1517173030266525,-68.5485895194288,39.14764401640733,39.14764401640733,72.689291306288,72.689291306288,197.74420946626432,-137.80852335809908,,,2.515906562847617,4.539328399248282,9.287140543376333,,
1692711000,44.18,44.335,43.7575,43.785,40.82307462185047,42.96289572782223,40.82307462185047,42.96289572782223,0,0,0,0,0,46.17625,41.25375,48.487500000000004,38.942499999999995,43.565,42.081718793227274,41.043281206772726,,,,,25739472,0.67,0.64,0.03149944735482178,0.6944353846225367,0.04394016741285993,-72.2824237350064,16.118753688807317,16.118753688807317,53.83244543379444,53.83244543379444,197.74420946626432,-137.80852335809908,,,2.6529477196885485,4.465352686324371,9.273885412859475,,
1692797400,43.31,43.71495,42.935,43.675,40.82733451271591,42.96259197378998,40.82733451271591,42.96259197378998,0,0,0,0,0,46.17625,41.25375,48.487500000000004,38.942499999999995,43.565,42.079903414910625,41.04509658508938,,,,,38798566,0.67,0.64,-0.31110546897973596,0.531873519326826,0.010527108134874234,-122.13759649982192,-27.595086955441445,-27.595086955441445,26.68993463738248,26.68993463738248,197.74420946626432,-137.80852335809908,,,4.482758620689657,4.466035271985755,9.26431273195604,,
1692883800,43.28,43.835,43.25,43.375,40.83220896923395,42.97452954344528,40.83220896923395,42.97452954344528,0,0,0,0,0,46.17625,41.25375,48.487500000000004,38.942499999999995,43.565,42.08141670556507,41.04358329443494,,,,,33455026,0.72,0.64,-0.46391694511409376,0.4893354893954854,0.04880461504409366,-103.04412607925437,-62.97681079582779,-62.97681079582779,-3.1989805070209414,-3.1989805070209414,197.74420946626432,-137.80852335809908,,,3.7819799777530654,4.439209574172708,9.25335902015943,,
1692970200,43.635,44.015,43.255,43.795,40.83708357668803,42.98619309076115,40.83708357668803,42.98619309076115,0,0,0,0,0,46.17625,41.25375,48.487500000000004,38.942499999999995,43.565,42.07327682308366,41.05172317691634,,,,,38036814,0.71,0.65,-0.6220665971380874,1.0536618330185987,0.0979119606325222,-102.74105512019756,-73.018786410793,-73.018786410793,-26.472249141611623,-26.472249141611623,197.74420946626432,-137.80852335809908,,,3.770856507230256,4.412999649978886,9.242404969184546,,
1693229400,43.91,44.42,43.8344,44.09,40.84309451060074,43.01989359700581,40.84309451060074,43.01989359700581,0,0,0,0,0,46.17625,41.25375,48.487500000000004,38.942499999999995,43.565,42.073097419329,41.05190258067099,,,,,25718194,0.68,0.64,-0.3656090978911194,1.1952362063693835,0.18314876596791654,-67.62119238471531,-46.708923575319076,-46.708923575319076,-33.21780728618077,-33.21780728618077,197.74420946626432,-137.80852335809908,,,2.481868743047832,4.337269026177668,9.228897404297161,,
1693315800,44.25,44.255,43.77,44.21,40.848966050040104,43.04977227947617,40.848966050040104,43.04977227947617,0,0,0,0,0,46.17625,41.25375,48.487500000000004,38.942499999999995,43.565,42.06908293130559,41.05591706869441,,,,,27019324,0.66,0.64,0.21309749437647682,1.0905332134433547,0.28179142904928484,-71.52474633736465,-27.67015531052545,-27.67015531052545,-16.574851359214797,-16.574851359214797,197.74420946626432,-137.80852335809908,,,2.6251390433815343,4.270126673911153,9.215703081897729,,
1693402200,44.41,44.51,44.235,44.43,40.85574563835171,43.09653219008495,40.85574563835171,43.09653219008495,0,0,0,0,0,46.17625,41.25375,48.487500000000004,38.942499999999995,43.565,42.058455525437346,41.066544474562654,,,,,27890124,0.66,0.64,0.5581452417062847,1.0846518943819332,0.37662112461153646,-43.33914714509829,-12.059113300055254,-12.059113300055254,19.16297072088514,19.16297072088514,197.74420946626432,-137.80852335809908,,,1.5906562847608527,4.165049403748396,9.20046822316219,,
1693488600,44.595,44.67,44.14,44.46,40.862323768944414,43.13777014341495,40.862323768944414,43.13777014341495,0,0,0,0,0,46.17625,41.25375,48.487500000000004,38.942499999999995,43.565,42.17486701359914,41.18563298640086,,,,,29617384,0.68,0.65,0.2762494302225398,0.918052478783585,0.2528333227663828,-49.0974953671742,9.369282409778316,9.369282409778316,52.226073829445454,52.226073829445454,197.74420946626432,-137.80852335809908,,,1.8020022246941096,4.072380886922738,9.1856860733151,,
1693575000,44.95,45.4175,44.94,45.37,41.25152263393139,43.595874941189585,41.25152263393139,43.595874941189585,0,0,0,0,0,46.25875,43.691250000000004,47.5175,42.432500000000005,44.95,42.373391295672846,41.404608704327146,,,,,35764160,0.67,0.65,0.5335205962911947,1.0828128879587247,0.5877055760831745,-25.822821389138504,38.95251394633179,38.95251394633179,98.11897701943874,98.11897701943874,197.74420946626432,-137.80852335809908,,,0.9477628388803169,3.949846845823035,9.169226686233312,,
1693920600,45.625,46.075,45.58,45.61,41.477949465308264,43.895266963708075,41.477949465308264,43.895266963708075,0,0,0,0,0,46.25875,43.691250000000004,47.5175,42.432500000000005,44.95,42.70400034459961,41.73149965540039,,,,,48737396,0.67,0.64,0.8256738480837843,0.9193965889136066,0.7528863054211606,-1.7471223226349741,71.25519029904054,71.25519029904054,135.86054300445804,135.86054300445804,197.7442094662643,-93.15798019158967,,,0.06577504933128948,3.7975303047841433,9.151037971674068,,
1694007000,45.52,45.875,45.295,45.63,41.50373438784224,43.968783089856444,41.50373438784224,43.968783089856444,0,0,0,1,0,46.25875,43.691250000000004,47.5175,42.432500000000005,44.95,42.70307783925915,41.73242216074086,,,,,40324290,0.68,0.65,1.0347999788754716,0.8479659375595904,0.7255268472375399,-23.567768997719305,99.09740561822231,99.09740561822231,154.78183625658588,154.78183625658588,197.7442094662643,-93.15798019158967,,,0.7341661187815052,3.6773983759212947,9.134221044895062,,
1694093400,45.72,45.9525,45.5044,45.585,41.51173023521918,44.029052615744426,41.51173023521918,44.029052615744426,0,0,0,1,0,46.25875,43.691250000000004,47.5175,42.432500000000005,44.95,42.6858289681306,41.749671031869404,,,,,30729144,0.68,0.64,1.0739336660358911,0.8279030712351172,0.5807778623746777,-8.836154585413947,119.77626326916663,119.77626326916663,161.1339785710553,161.1339785710553,197.7442094662643,-93.15798019158967,,,0.2752575060267493,3.543981086905822,9.116520818044176,,
1694179800,45.8,46.355,45.775,46.025,41.87888511536429,44.46381372563725,41.87888511536429,44.46381372563725,0,0,0,1,0,46.25875,43.691250000000004,47.5175,42.432500000000005,44.95,42.82813796591768,41.88736203408231,,,,,34751722,0.69,0.64,1.5036497774238728,1.0724799269258154,0.7680472593644226,-18.84977804588112,142.8560124432401,142.8560124432401,189.01551079138704,189.01551079138704,197.7442094662643,-93.15798019158967,,,0.5431830526887562,3.4263027326228,9.09939127205945,,
1694439000,46.36,46.5,45.235,45.42,41.8856064238251,44.49436612855344,41.8856064238251,44.49436612855344,0,0,0,0,0,46.25875,43.691250000000004,47.5175,42.432500000000005,44.95,42.90665037051314,41.95384962948686,,,,,44094996,0.69,0.64,0.9082797777995716,0.8214675817131042,1.0469357994936248,-59.56529862498426,157.6892172640647,157.6892172640647,187.35562690571385,187.35562690571385,197.7442094662643,-93.15798019158967,,,1.7164584464964674,3.3592500155198066,9.08464015752286,,
1694525400,45.91,46.54,45.825,46.49,42.315823973603486,44.97871547518123,42.315823973603486,44.97871547518123,0,0,0,0,0,46.25875,43.691250000000004,47.5175,42.432500000000005,44.95,42.936280031761235,41.96421996823875,,,,,53599346,0.66,0.64,1.312772787538964,0.8754104176286466,1.4237796087308472,-49.63889765399143,173.15075984873943,173.15075984873943,204.0738450180889,204.0738450180889,197.7442094662643,-93.15798019158967,224.0738450180889,,1.4304151430415124,3.2836094322853637,9.06934700065077,,
1694611800,46.535,46.63,45.9,46.14,42.3229969526772,45.01507565262511,42.3229969526772,45.01507565262511,0,0,0,0,0,46.25875,43.691250000000004,47.5175,42.432500000000005,44.95,42.984393462760025,42.00610653723997,,,,,36315372,0.65,0.64,1.0535322993893408,0.8337188334922597,1.4593283465361364,-44.040525738128046,184.69701176001814,184.69701176001814,207.78951558257555,207.78951558257555,197.7442094662643,-93.15798019158967,227.78951558257555,,1.26909012690902,3.2046086752117815,9.053762071832105,,
1694698200,46.62,46.8425,46.48,46.68,42.5039309284654,45.24935963532636,42.5039309284654,45.24935963532636,0,0,0,0,0,46.25875,43.691250000000004,47.5175,42.432500000000005,44.95,43.08980723983653,42.113192760163464,,,,,37099808,0.62,0.65,1.2196540663538062,1.202302742654876,1.3138238529175814,-14.868226813396584,195.60440285942818,195.60440285942818,217.41918505824827,217.41918505824827,197.7442094662643,-93.15798019158967,237.41918505824827,,0.4284490145672726,3.095739668911997,9.036528679110297,,
1694784600,46.25,46.705,46.005,46.005,42.51093955797896,45.27925729668611,42.51093955797896,45.27925729668611,0,0,0,0,0,46.25875,43.691250000000004,47.5175,42.432500000000005,44.95,43.095858922695776,42.10714107730423,,,,,49612742,0.63,0.64,0.8362672369448552,0.8339565572489045,1.1778047475880424,-50.18026549521255,195.98154016756996,195.98154016756996,196.73581478385353,196.73581478385353,197.7442094662643,-93.15798019158967,,,1.4460154241645184,3.031044600490527,9.021362818461055,,
1695043800,46.14,46.275,45.7165,46.055,42.51736352489608,45.29678191250234,42.51736352489608,45.29678191250234,0,0,0,0,0,46.25875,43.691250000000004,47.5175,42.432500000000005,44.95,43.09552260265558,42.107477397344425,,,,,33746652,0.67,0.66,0.36744739760374556,0.8389969779441867,1.1977641878432244,-71.62768267353675,154.33330382421462,154.33330382421462,182.09879471978485,182.09879471978485,197.7442094662643,-93.15798019158967,,,2.0640531276777985,2.993123366262577,9.007462099798152,,
1695130200,46.4,46.465,45.355,45.625,42.52305960176941,45.29958458260029,42.52305960176941,45.29958458260029,0,0,0,0,0,46.25875,43.691250000000004,47.5175,42.432500000000005,44.95,43.06554095480681,42.1374590451932,,,,,36271806,0.66,0.66,0.00802742661443075,0.6850240486770914,1.2201800859266845,-98.50200263875118,99.80095937032402,99.80095937032402,154.66618293663123,154.66618293663123,197.7442094662643,-93.15798019158967,,,2.8384747215081463,2.987058713527109,8.99513645069068,,
1695216600,45.4,45.915,45.17,45.2,42.52837836380384,45.295094991125765,42.52837836380384,45.295094991125765,0,0,0,0,0,46.25875,43.691250000000004,47.5175,42.432500000000005,44.95,43.068761183662964,42.13423881633704,,,,,35941990,0.63,0.66,-0.2293555107803927,0.4740157449610855,1.2417527238857735,-112.25511244114247,42.43920176399325,42.43920176399325,117.25718921241858,117.25718921241858,197.7442094662643,-93.15798019158967,,,3.2347900599828576,2.99677366829008,8.983627267092862,,
1695303000,45.51,45.615,44.505,44.58,42.53237111432571,45.26496381500319,42.53237111432571,45.26496381500319,0,0,0,0,0,46.25875,43.691250000000004,47.5175,42.432500000000005,44.95,43.06905315111218,42.133946848887824,,,,,43446210,0.67,0.66,-0.5367687762061673,0.0968330886318438,1.0997227887482708,-176.6376090936197,-17.37902912972713,-17.37902912972713,72.37844976503669,72.37844976503669,197.7442094662643,-132.56811953880452,,,4.659383033419017,3.061974035550038,8.974987418474132,,
1695389400,44.915,45.215,44.6125,44.655,42.5365685246867,45.24018778304228,42.5365685246867,45.24018778304228,0,0,0,0,0,46.25875,43.691250000000004,47.5175,42.432500000000005,44.95,43.21770264239017,42.284797357609825,,,,,42072052,0.65,0.65,-0.727749782372897,0.12275689486678422,1.0729081159931408,-167.90724450623432,-62.58710585371044,-62.58710585371044,27.389931225454312,27.389931225454312,197.7442094662643,-132.56811953880452,,,4.429091688089123,3.1155864925123553,8.965904709722114,,
1695648600,44.535,45.285,44.535,45.215,42.5406042519101,45.213374536648466,42.5406042519101,45.213374536648466,0,0,0,0,0,46.25875,43.691250000000004,47.5175,42.432500000000005,44.95,43.42313756653894,42.49436243346106,,,,,35073760,0.65,0.65,-0.11696992718018862,0.088211059594949,1.5093522664412966,-174.20122827853575,-82.9939136327862,-82.9939136327862,-9.404683727292522,-9.404683727292522,197.7442094662643,-132.56811953880452,,,4.595115681233939,3.173607245011241,8.95717186451035,,
1695735000,44.825,45.225,44.755,44.955,42.54506708057762,45.19615396658382,42.54506708057762,45.19615396658382,0,0,0,0,0,46.25875,43.691250000000004,47.5175,42.432500000000005,44.95,43.42510017131863,42.49239982868137,,,,,33459962,0.64,0.65,-0.8661539611378705,0.06598271299840638,1.276092600502893,-156.33443563458292,-97.67102208092412,-97.67102208092412,-38.826796511836385,-38.826796511836385,197.7442094662643,-132.56811953880452,,,4.123821765209934,3.210870559528837,8.947514821354904,,
1695821400,45.515,46.205,45.3125,46.075,42.55062373975728,45.201252830639355,42.55062373975728,45.201252830639355,0,0,0,0,0,46.25875,43.691250000000004,47.5175,42.432500000000005,44.95,43.52342051792726,42.56157948207274,,,,,46289416,0.64,0.66,-0.03647581412104876,0.7656908807787659,1.4328140312645394,-111.05835882093113,-64.66163120057602,-64.66163120057602,-47.438408074749596,-47.438408074749596,197.7442094662643,-132.56811953880452,,,2.929520137103684,3.1998372096298113,8.935490855951805,,
1695907800,45.875,46.3925,45.77,46.125,42.557074241775744,45.223913503947614,42.557074241775744,45.223913503947614,0,0,0,0,0,46.25875,43.691250000000004,47.5175,42.432500000000005,44.95,43.52083251198501,42.564167488015,,,,,48462748,0.63,0.66,-0.314803190488027,0.9411316257753045,1.3974605927294588,-73.90355139089358,-39.22998937689432,-39.22998937689432,-22.813151981183786,-22.813151981183786,197.7442094662643,-132.56811953880452,,,1.9494430162810554,3.1508021432239777,8.921532718410006,,
1695994200,46.055,46.235,45.0225,45.195,42.56203328424972,45.216664935165355,42.56203328424972,45.216664935165355,0,0,0,0,0,46.25875,43.691250000000004,47.5175,42.432500000000005,44.95,43.53526195457863,42.549738045421385,,,,,48369140,0.66,0.65,-0.458817625887703,0.4191592988703293,1.2135304141166012,-134.61004003341372,-29.012385316892555,-29.012385316892555,-8.577177196889014,-8.577177196889014,197.7442094662643,-132.56811953880452,,,3.5507712082262186,3.1664872045966144,8.910801926181867,,
1696253400,45.135,45.255,43.99,44.295,42.564940110854614,45.169615329864754,42.564940110854614,45.169615329864754,0,0,0,0,0,48.011250000000004,43.96625,49.18,42.7975,45.135,43.54902895846135,42.53597104153866,,,,,50599806,0.7,0.66,-0.9811826595160542,-0.03672097184072598,0.9000416237771165,-179.3670512164737,-28.70370903738538,-28.70370903738538,-28.086356478371027,-28.086356478371027,197.7442094662643,-137.67217630854157,,,5.762639245929729,3.268297088570462,8.904511890856687,,
1696339800,44.19,44.35,43.83,44.265,42.56752464609767,45.11819904241908,42.56752464609767,45.11819904241908,0,0,0,0,0,48.011250000000004,43.96625,49.18,42.7975,45.135,43.547754818239085,42.537245181760916,,,,,41466566,0.7,0.68,-0.7691934576885651,0.04726963411850132,0.8568461264295111,-179.3670512164737,-53.053817928521255,-53.053817928521255,-36.82041200109734,-36.82041200109734,197.7442094662643,-137.67217630854157,,,6.105398457583551,3.3795559657866616,8.898919256624373,,
1696426200,43.605,43.68,42.455,42.875,42.567384237214355,45.01541672703009,42.567384237214355,45.01541672703009,0,0,0,0,0,48.011250000000004,43.96625,49.18,42.7975,45.135,43.60203211241977,42.56046788758022,,,,,59572318,0.73,0.67,-1.2899054541171204,-0.30090455887146084,0.7050359708856975,-218.81429552349,-84.1829941134661,-84.1829941134661,-52.60793937188692,-52.60793937188692,197.7442094662643,-211.43852316266208,,,9.050985432733508,3.6019649644904597,8.899223085148067,,
1696512600,42.26,42.985,42.26,42.61,42.56685839458255,44.90909450244068,42.56685839458255,44.90909450244068,0,0,0,0,0,48.011250000000004,43.96625,49.18,42.7975,45.135,44.06745415952669,43.0350458404733,,,,,47036926,0.72,0.67,-1.1064033482262703,-0.35248722857247144,0.6833842003380878,-218.81429552349002,-112.0650524706286,-112.0650524706286,-72.42697707146748,-72.42697707146748,197.7442094662643,-211.43852316266208,,,9.468723221936594,3.832033915762857,8.900360947559234,,
1696599000,42.61,43.255,42.13005,42.865,42.56607655862935,44.80189665920771,42.56607655862935,44.80189665920771,0,0,0,0,0,48.011250000000004,43.96625,49.18,42.7975,45.135,44.16800374247385,43.13449625752616,,,,,51481094,0.71,0.66,-1.003362638089925,-0.16992021501888316,0.8315778667767998,-218.81429552349002,-129.66874852786384,-129.66874852786384,-91.50756755693293,-91.50756755693293,197.7442094662643,-211.43852316266208,,,9.747107969151676,4.063997604131046,8.902052749800177,,
1696858200,44.015,44.48,43.7006,44.295,42.56840286720351,44.75987694708192,42.56840286720351,44.75987694708192,0,0,0,0,0,48.011250000000004,43.96625,49.18,42.7975,45.135,44.1848180815655,43.11768191843451,,,,,61489052,0.73,0.67,-0.5035070439357324,0.16311169648316914,1.2923739046165716,-143.2840607221366,-105.82720954447063,-105.82720954447063,-96.28078155277883,-96.28078155277883,197.7442094662643,-211.43852316266208,,,6.382604970008565,4.154923383185067,8.897018888102291,,
1696944600,44.335,44.6425,44.085,44.35,42.571484879456854,44.73442883151008,42.571484879456854,44.73442883151008,0,0,0,0,0,48.011250000000004,43.96625,49.18,42.7975,45.135,44.18287419811546,43.11962580188455,,,,,41700506,0.74,0.66,-0.3363143771591528,0.08508258623406319,1.1989061941840993,-124.79765643214894,-87.31277988601444,-87.31277988601444,-69.37677655248567,-69.37677655248567,197.7442094662643,-211.43852316266208,,,5.55912596401028,4.209990151060565,8.890349771370838,,
1697031000,43.895,43.94,43.2769,43.78,42.57296229428311,44.67860538713713,42.57296229428311,44.67860538713713,0,0,0,0,0,48.011250000000004,43.96625,49.18,42.7975,45.135,44.18761103942176,43.11488896057825,,,,,47145322,0.74,0.65,-1.238549823624241,-0.13963151467941426,0.7946152056917715,-163.66046420202179,-74.7080269587733,-74.7080269587733,-49.49852110429102,-49.49852110429102,197.7442094662643,-211.43852316266208,,,7.290274207369328,4.330785604249145,8.88715281719701,,
1697117400,44.245,44.285,43.62625,43.83,42.575127779209616,44.63853409744548,42.575127779209616,44.63853409744548,0,0,0,0,0,48.011250000000004,43.96625,49.18,42.7975,45.135,44.165497234621476,43.13700276537853,,,,,39986446,0.72,0.64,-1.238899437447215,-0.19413509600078235,0.8668952844210513,-146.85966987656073,-60.90901397273772,-60.90901397273772,-33.31098800066654,-33.31098800066654,197.7442094662643,-211.43852316266208,,,6.541880891173952,4.417495223344235,8.882466959202958,,
1697203800,44.545,45.01,44.355,44.795,42.578730421009396,44.628326877937816,42.578730421009396,44.628326877937816,0,0,0,0,0,48.011250000000004,43.96625,49.18,42.7975,45.135,44.189953969481294,43.137546030518706,,,,,48532252,0.75,0.63,-0.21764935132741234,0.10697997642597959,0.981494251869172,-111.81292917331281,-35.97178376724099,-35.97178376724099,13.902676643752457,13.902676643752457,197.7442094662643,-211.43852316266208,,,4.980719794344479,4.439582461422676,8.874671260571873,,
1697463000,45.085,45.2275,44.665,45.095,42.582939051536854,44.630555235665746,42.582939051536854,44.630555235665746,0,0,0,0,0,48.011250000000004,43.96625,49.18,42.7975,45.135,44.43151496467164,43.37598503532836,,,,,38365272,0.75,0.64,0.44494721266053405,-0.08621374224404345,0.8059074560933652,-71.05855825964227,-4.1736290172976425,-4.1736290172976425,59.42268048258906,59.42268048258906,197.7442094662643,-211.43852316266208,,,4.316623821765211,4.434760553985128,8.86556427268215,,
1697549400,44.995,45.705,44.9275,45.565,42.58765850398133,44.6428873832867,42.58765850398133,44.6428873832867,0,0,0,0,0,48.011250000000004,43.96625,49.18,42.7975,45.135,44.66854597362625,43.603954026373756,,,,,40423918,0.75,0.65,0.721911834844466,-0.01400209732549262,0.9367949216591075,-58.28261884652152,29.020998777597967,29.020998777597967,95.4102543673892,95.4102543673892,197.7442094662643,-211.43852316266208,,,3.754284490145668,4.408075218148286,8.855351925464294,,
1697635800,45.75,46.17,45.645,45.98,42.59378775771963,44.6825917996284,42.59378775771963,44.6825917996284,0,0,0,0,0,48.011250000000004,43.96625,49.18,42.7975,45.135,44.78611916781562,43.72138083218437,,,,,47616772,0.75,0.65,1.7971142856116307,0.10989430157815144,1.0811338433634943,-23.361717783991814,61.34391734866935,61.34391734866935,125.98975449081212,125.98975449081212,197.7442094662643,-211.43852316266208,,,2.2172236503855967,4.3221594703928865,8.842088931907693,,
1697722200,45.82,46.28,45.385,45.9,42.59939047948243,44.71064506238807,42.59939047948243,44.71064506238807,0,0,0,0,0,48.011250000000004,43.96625,49.18,42.7975,45.135,45.02013767478448,43.95241232521552,,,,,63297064,0.75,0.65,1.9171723795326086,0.0990614697204254,1.1559592452141034,-36.01598158365437,90.18568749497582,90.18568749497582,147.86922778758878,147.86922778758878,197.7442094662643,-211.43852316266208,,,2.774207369323054,4.261455466429363,8.82996529242201,,
1697808600,45.82,45.99,44.9725,45.13,42.60416607293002,44.72158349131402,42.60416607293002,44.72158349131402,0,0,0,0,0,48.011250000000004,43.96625,49.18,42.7975,45.135,45.023128960336884,43.949421039663115,,,,,46549554,0.72,0.63,1.3041610600622056,-0.2770986827649227,0.9484549318425576,-56.09245780427254,105.88077924673233,105.88077924673233,137.27096275024533,137.27096275024533,197.7442094662643,-211.43852316266208,,,3.6578834618680443,4.237785976054409,8.819631462590733,,
1698067800,44.87,44.875,44.195,44.4,42.607394212644444,44.70190766812524,42.607394212644444,44.70190766812524,0,0,0,0,0,48.011250000000004,43.96625,49.18,42.7975,45.135,45.03088162237992,43.941668377620076,,,,,51888136,0.7,0.65,0.058598019523910784,-0.32050939146198676,0.8949810233581763,-93.88010307551983,92.080095910219,92.080095910219,101.28055146789455,101.28055146789455,197.51128730316003,-211.43852316266208,,,5.323479005998285,4.28036217330711,8.812646142997142,,
1698154200,44.51,44.545,43.76,43.775,42.609755462968835,44.6661152105517,42.609755462968835,44.6661152105517,0,0,0,0,0,48.011250000000004,43.96625,49.18,42.7975,45.135,45.03695296241434,43.93559703758566,,,,,44271596,0.68,0.63,-0.31932715290024366,-0.8304457918593912,0.6660824189797863,-115.03960817285213,40.780284572494075,40.780284572494075,81.1137958360944,81.1137958360944,197.51128730316003,-211.43852316266208,,,6.255355612682094,4.357812896419855,8.807536671408101,,
1698240600,43.805,44.03,43.475,43.695,42.61154825924662,44.620661672883,42.61154825924662,44.620661672883,0,0,0,0,0,48.011250000000004,43.96625,49.18,42.7975,45.135,45.03580017938858,43.93674982061142,,,,,41412648,0.68,0.63,-0.04910170221271049,-0.7737381763529354,0.6807874939671504,-128.90273220213857,-4.417658259264975,-4.417658259264975,52.60331113764127,52.60331113764127,197.51128730316003,-211.43852316266208,,,6.865895458440442,4.456169075322623,8.803657268385189,,
1698327000,43.295,43.555,42.9226,43.355,42.612244814173195,44.555544509240534,42.612244814173195,44.555544509240534,0,0,0,0,0,48.011250000000004,43.96625,49.18,42.7975,45.135,45.03743037903261,43.93511962096739,,,,,44770332,0.69,0.61,-0.27391446571860456,-1.0394246318914981,0.897766969550587,-155.7728715487277,-47.14056914306451,-47.14056914306451,19.355351044072677,19.355351044072677,197.51128730316003,-211.43852316266208,,,8.049271636675229,4.5970750581207644,8.80215000438577,,
1698413400,43.31,43.4725,42.17,42.315,42.61145131804098,44.46376237162326,42.61145131804098,44.46376237162326,0,0,0,0,0,48.011250000000004,43.96625,49.18,42.7975,45.135,45.04366283959543,43.92888716040458,,,,,53809426,0.68,0.6,-1.3748561689390635,-1.149994678066127,0.5921683483825393,-192.38124749413512,-94.31063316178543,-94.31063316178543,-18.533310357880026,-18.533310357880026,197.51128730316003,-211.43852316266208,,,9.661525278491856,4.7956809491157095,8.803867037900467,,
1698672600,42.465,42.77,42.045,42.455,42.61041215456837,44.370726592343914,42.61041215456837,44.370726592343914,0,0,0,0,0,48.011250000000004,43.96625,49.18,42.7975,45.135,45.00049909175072,43.887000908249284,,,,,45530672,0.69,0.6,-1.4846614152018618,-1.1445030990397254,0.7583310932160903,-192.01201168113303,-131.56959585067474,-131.56959585067474,-56.2120721888116,-56.2120721888116,197.51128730316003,-211.43852316266208,,,9.929305912596396,4.99699957513456,8.80611566702074,,
1698759000,42.505,42.685,42.08,42.595,42.60944429811569,44.28269809852651,42.60944429811569,44.28269809852651,0,0,0,0,0,48.011250000000004,43.96625,49.18,42.7975,45.135,44.99614503708789,43.891354962912104,,,,,37205698,0.69,0.61,-1.6537639433917815,-0.9728089731272008,0.8559974884596017,-190.30415388981433,-152.91364154159993,-152.91364154159993,-88.44592863974104,-88.44592863974104,197.51128730316003,-211.43852316266208,,,9.854327335047133,5.187483016699759,8.808209996027784,,
1698845400,42.865,43.095,42.435,42.495,42.60918057324433,44.211904055447036,42.60918057324433,44.211904055447036,0,0,0,0,0,44.9825,39.9275,47.1,37.81,42.865,44.99324802345061,43.894251976549384,,,,,46082504,0.69,0.61,-1.9247445204952625,-0.8774199073833933,0.6707366677103553,-172.98159629215152,-160.01765115821576,-160.01765115821576,-112.30316947923261,-112.30316947923261,197.51128730316003,-211.43852316266208,,,9.093830334190226,5.340673107581738,8.808780666034103,,
1698931800,42.6,43.82,42.355,43.78,42.608759133537546,44.14078036699813,42.608759133537546,44.14078036699813,0,0,0,0,0,44.9825,39.9275,47.1,37.81,42.865,45.01812605385379,43.869373946146204,,,,,45322982,0.69,0.59,-1.1449904734151408,-0.2568431534091919,0.9034957958882955,-176.88527124373775,-121.35417071493183,-121.35417071493183,-115.32016989113235,-115.32016989113235,197.51128730316003,-211.43852316266208,,,9.265209940017144,5.494576512775283,8.809692612635468,,
1699018200,43.7,43.8375,43.075,43.34,42.60976271169231,44.1003987839786,42.60976271169231,44.1003987839786,0,0,0,0,0,44.9825,39.9275,47.1,37.81,42.865,45.02088480471793,43.86661519528207,,,,,47235004,0.67,0.58,-0.9801393648589685,-0.420141098109661,0.7180288928480761,-141.75219667946402,-103.09045512760991,-103.09045512760991,-78.63102560056504,-78.63102560056504,197.51128730316003,-211.43852316266208,,,7.722793487574972,5.581957570610565,8.807520986011971,,
1699281000,43.685,43.685,42.725,42.85,42.61007197700362,44.04801255715591,42.61007197700362,44.04801255715591,0,0,0,0,0,44.9825,39.9275,47.1,37.81,42.865,45.023560781621725,43.863939218378285,,,,,41035394,0.67,0.58,-0.8620403207152649,-0.7457046209055769,0.5154002245485994,-158.83077459265255,-87.34520888492014,-87.34520888492014,-55.854716399540614,-55.854716399540614,197.51128730316003,-211.43852316266208,,,8.47257926306769,5.695315284040256,8.806851771780314,,
1699367400,42.29,42.365,41.7125,41.9,42.608377877149465,43.958371868639986,42.608377877149465,43.958371868639986,0,0,0,0,0,44.9825,39.9275,47.1,37.81,42.865,44.86328999748233,43.691710002517674,,,,,47550296,0.65,0.6,-1.0446978856059772,-0.9569476574228044,0.26342351848332834,-208.23666069866223,-81.76264529714038,-81.76264529714038,-70.59751812158085,-70.59751812158085,197.51128730316003,-211.43852316266208,,,10.641602399314484,5.8892873277765005,8.810517607199962,,
1699453800,41.74,42.015,41.35795,41.375,42.6059858544179,43.8584816188894,42.6059858544179,43.8584816188894,0,0,0,0,0,44.9825,39.9275,47.1,37.81,42.865,44.68722034610681,43.513229653893184,,,,,50742002,0.7,0.61,-1.2887727723051385,-1.4295257994370185,0.13823013006151802,-218.68973821701712,-92.16886677988745,-92.16886677988745,-85.2313857913894,-85.2313857913894,197.51128730316003,-211.43852316266208,,,11.401135389888598,6.105438232173054,8.815693666705833,,
1699540200,41.68,41.775,41.225,41.25,42.60333563293055,43.75734704559962,42.60333563293055,43.75734704559962,0,0,0,0,0,44.9825,39.9275,47.1,37.81,42.865,44.61278842236701,43.454711577632985,,,,,38232248,0.71,0.61,-1.2137835159399395,-1.5254779659319528,0.16375779954792907,-218.68973821701715,-109.00327773409498,-109.00327773409498,-93.15534977229126,-93.15534977229126,197.51128730316003,-211.43852316266208,,,11.68594687232219,6.324281708257334,8.821428438345427,,
1699626600,41.715,41.805,41.31,41.705,42.60085883845916,43.66347853400748,42.60085883845916,43.66347853400748,0,0,0,0,0,44.9825,39.9275,47.1,37.81,42.865,44.616502287868784,43.45099771213121,,,,,34583566,0.71,0.6,-0.3597619371378929,-1.1126386244701583,0.4543814988275555,-214.78045793343216,-113.90038741183277,-113.90038741183277,-100.0703623188051,-100.0703623188051,197.51128730316003,-211.43852316266208,,,11.5038560411311,6.527402270330815,8.826787934055288,,
1699885800,41.77,42.09,41.64,42.005,42.59903973988082,43.58610290522287,42.59903973988082,43.58610290522287,0,0,0,0,0,44.9825,39.9275,47.1,37.81,42.865,44.60748438533027,43.46001561466972,,,,,28447368,0.69,0.6,-0.2658379024524595,-0.7486061350409363,0.33320402725451004,-199.60325212657298,-100.2487889614236,-100.2487889614236,-100.1298378663446,-100.1298378663446,197.51128730316003,-211.43852316266208,,,10.796915167095115,6.694834148635297,8.83072425220322,,
1699972200,42.165,42.4975,42.095,42.38,42.598124275865075,43.52942632070433,42.598124275865075,43.52942632070433,0,0,0,0,0,44.9825,39.9275,47.1,37.81,42.865,44.608074530011955,43.459425469988034,,,,,34723982,0.69,0.61,-0.1265994416272997,-0.6166549350781496,0.34296205038519895,-166.00429566488125,-88.12350297408248,-88.12350297408248,-64.11083318955824,-64.11083318955824,168.5062120774341,-211.43852316266208,,,9.822193658954587,6.817475698059583,8.832705210058867,,
1700058600,42.315,42.8332,42.24,42.3,42.59749745413507,43.48060175910808,42.59749745413507,43.48060175910808,0,0,0,0,0,44.9825,39.9275,47.1,37.81,42.865,44.60399016763378,43.46350983236621,,,,,33043526,0.69,0.61,-0.11613421737718253,-0.19595958185958837,0.1409228583174129,-149.19434625229292,-67.81753549806997,-67.81753549806997,-27.20560054604495,-27.20560054604495,143.27103505216445,-211.43852316266205,,,9.511568123393312,6.9231263814060044,8.834061579516078,,
1700145000,41.9,42.06,41.0525,41.475,42.594522983697246,43.38758894502541,42.594522983697246,43.38758894502541,0,0,0,0,0,44.9825,39.9275,47.1,37.81,42.865,44.52307396849699,43.37192603150302,,,,,53165916,0.68,0.6,-1.3155177551909274,-0.3842600558075176,-0.10215076919275856,-189.68425572985373,-56.721209921242085,-56.721209921242085,-34.528558767586304,-34.528558767586304,143.27103505216445,-211.43852316266205,,,12.055484147386457,7.124395313405238,8.840497988243092,,
1700231400,41.83,42.625,41.73,42.345,42.5928945661474,43.32452663345579,42.5928945661474,43.32452663345579,0,0,0,0,0,44.9825,39.9275,47.1,37.81,42.865,44.53462258134909,43.36037741865092,,,,,48859340,0.7,0.6,-0.5679269516536921,-0.17325995353262358,0.10152112345619554,-157.12925514932195,-44.54423213614567,-44.54423213614567,-20.190276565952846,-20.190276565952846,135.16498562365922,-211.43852316266208,,,10.604113110539853,7.260854834861497,8.844021694781148,,
1700490600,42.52,42.76995,42.39505,42.405,42.59258488569556,43.289756941947715,42.59258488569556,43.289756941947715,0,0,0,0,0,44.9825,39.9275,47.1,37.81,42.865,44.53338910890185,43.36161089109817,,,,,29098976,0.71,0.61,-0.25783690244600704,-0.6116209615057386,0.3413994557131989,-104.81362462830435,-27.432486477691118,-27.432486477691118,6.791004839218001,6.791004839218001,135.16498562365922,-211.43852316266208,,,9.179413024850048,7.33609241093948,8.844691807328738,,
1700577000,42.205,42.385,41.907,42.31,42.5913104503595,43.23740294422428,42.5913104503595,43.23740294422428,0,0,0,0,0,44.9825,39.9275,47.1,37.81,42.865,44.53336239049357,43.36163760950643,,,,,26973776,0.71,0.62,0.24314734716782618,-0.6598961852011492,0.3393013261592247,-91.94076817006075,-11.90373464044734,-11.90373464044734,19.153769034040216,19.153769034040216,116.70821537724817,-211.43852316266208,,,10.224935732647822,7.449380384339807,8.847449537449256,,
1700663400,41.465,42.325,41.23,42.29,42.58869944046867,43.16081851503901,42.58869944046867,43.16081851503901,0,0,0,0,0,44.9825,39.9275,47.1,37.81,42.865,44.5322764313227,43.36272356867731,,,,,36550238,0.71,0.62,0.5495621367738179,-0.4882964872150761,0.2491801039046489,-95.3747127151482,-3.0755917100958925,-3.0755917100958925,14.580694150607005,14.580694150607005,116.70821537724817,-211.43852316266208,,,11.675235646958019,7.615100198560129,8.853099459745977,,
1700836200,42.275,42.78,42.25,42.465,42.58811122979841,43.12683739680219,42.58811122979841,43.12683739680219,0,0,0,0,0,44.9825,39.9275,47.1,37.81,42.865,44.530156789089304,43.364843210910706,,,,,19152594,0.72,0.62,0.7324889314100612,-0.44714594309003597,0.23486368897597226,-55.64970358859825,11.204848263600363,11.204848263600363,39.765728210992876,39.765728210992876,107.67591527085057,-211.43852316266208,,,9.490145672664953,7.688631393623064,8.854372279352209,,
1701095400,42.245,42.39,41.92,42.315,42.58687144712148,43.08137710673151,42.58687144712148,43.08137710673151,0,0,0,0,0,44.9825,39.9275,47.1,37.81,42.865,44.52899143135426,43.366008568645746,,,,,24501810,0.71,0.62,0.36971619219072616,-0.8079570494401961,0.10789239995727108,-67.65258083319779,22.157709051747545,22.157709051747545,44.063430628041914,44.063430628041914,107.67591527085057,-211.43852316266208,,,10.197086546700938,7.787002183939843,8.857055025141117,,
1701181800,42.4,42.715,42.245,42.325,42.586276998675686,43.05031722019302,42.586276998675686,43.05031722019302,0,0,0,0,0,44.9825,39.9275,47.1,37.81,42.865,44.528710179023214,43.366289820976796,,,,,28921796,0.7,0.61,0.19529328785083014,-0.9091364665629204,0.035477870386775724,-55.83156536503166,33.09518306414267,33.09518306414267,54.970131088932916,54.970131088932916,107.67591527085057,-211.43852316266208,,,9.50085689802914,7.854212172727658,8.858341342569464,,
1701268200,42.59,42.6425,41.8725,42.01,42.58494692475226,43.00601360371486,42.58494692475226,43.00601360371486,0,0,0,0,0,44.9825,39.9275,47.1,37.81,42.865,44.52901366230846,43.365986337691545,,,,,45267980,0.69,0.61,-0.22374507408180513,-1.1544106220679007,-0.1635525178415657,-69.38026770931438,34.96318352765425,34.96318352765425,38.69918445467742,38.69918445467742,107.67591527085057,-211.43852316266208,,,10.298843187660662,7.9500800556662075,8.861219468134081,,
1701354600,42.37,42.895,41.785,42.29,42.58344643139611,42.96005032513781,42.58344643139611,42.96005032513781,0,0,0,0,0,44.9825,39.9275,47.1,37.81,42.865,44.53042795461822,43.36457204538179,,,,,58364580,0.69,0.62,-0.0061458624914671935,-1.2045365380546793,-0.15397130592086,-72.56284879689781,35.054890543216445,35.054890543216445,35.23830457434082,35.23830457434082,107.67591527085057,-211.43852316266208,,,10.486289631533854,8.049539254719841,8.864466361567446,,
1701441000,42.24,43.0125,42.05,42.51,42.58247311185286,42.9261777633677,42.58247311185286,42.9261777633677,0,0,0,0,0,43.6325,39.660000000000004,45.025,38.267500000000005,42.24,44.51951456082382,43.37548543917619,,,,,43047940,0.69,0.62,0.6499987073997511,-1.1106696976849135,-0.11288869131565236,-62.924174645931444,42.58381908164261,42.58381908164261,57.641676158494946,57.641676158494946,107.67591527085057,-211.43852316266208,,,9.918594687232225,8.122835546190915,8.866572512068275,,
1701700200,42.2,42.58,42.005,42.315,42.581412726014996,42.89188647852975,42.581412726014996,42.89188647852975,0,0,0,0,0,43.6325,39.660000000000004,45.025,38.267500000000005,42.24,44.51874622968099,43.376253770319025,,,,,37070282,0.68,0.61,-0.01844918438355544,-0.9378005693504783,-0.09736099547101254,-64.56093063383119,46.859899874974516,46.859899874974516,55.412061461638324,55.412061461638324,107.67591527085057,-211.43852316266208,,,10.01499571550985,8.19703790577205,8.868867063923304,,
1701786600,42.29,42.37,41.55,41.575,42.57945445883015,42.8412752440776,42.57945445883015,42.8412752440776,0,0,0,0,0,43.6325,39.660000000000004,45.025,38.267500000000005,42.24,44.52575605202901,43.369243947971,,,,,37747152,0.68,0.61,-0.5166932040928238,-0.9697205056940205,-0.27674127313120495,-65.76749582062517,14.813307748296857,14.813307748296857,36.1777024994153,36.1777024994153,107.67591527085057,-211.43852316266208,,,10.989717223650391,8.306554741767279,8.873104526779901,,
1701873000,41.305,41.595,40.795,40.955,42.57600669767365,42.763336999211816,42.57600669767365,42.763336999211816,0,0,0,0,0,43.6325,39.660000000000004,45.025,38.267500000000005,42.24,44.40005459276129,43.23744540723871,,,,,62306596,0.67,0.62,-0.8388873818793384,-0.974248438371594,-0.5559459338986301,-85.12854469968693,-35.194467815367396,-35.194467815367396,12.386979061154399,12.386979061154399,107.67591527085054,-248.0483423158666,,,12.60711225364181,8.475204055958438,8.880565081678727,,
1701959400,41.145,41.3475,40.5275,40.675,42.5720367042717,42.67806986198782,42.5720367042717,42.67806986198782,0,0,0,0,0,43.6325,39.660000000000004,45.025,38.267500000000005,42.24,44.261766339844364,43.10823366015564,,,,,40908824,0.66,0.63,-1.0021459215019892,-1.0471543320493832,-0.5746485979484259,-82.78207347012066,-75.31751281131457,-75.31751281131457,-16.84785156300192,-16.84785156300192,107.67591527085054,-248.0483423158666,,,13.180162810625529,8.65971224241597,8.889155686531767,,
1702045800,40.945,41.24,40.8625,41.115,42.0635789630581,42.121414350868335,42.0635789630581,42.121414350868335,0,0,0,0,0,43.6325,39.660000000000004,45.025,38.267500000000005,42.24,44.262439591752255,43.10756040824774,,,,,34127256,0.66,0.62,-0.8318865813972779,-0.780566088218831,-0.37557539832861725,-68.79367770089495,-94.99173441020714,-94.99173441020714,-42.89581251207032,-42.89581251207032,107.67591527085054,-248.0483423158666,,,11.409214092140928,8.76753584436597,8.894190768261256,,
1702305000,41.15,41.3,40.96,41.165,42.061477206888156,42.07789418024605,42.061477206888156,42.07789418024605,0,0,0,0,0,43.6325,39.660000000000004,45.025,38.267500000000005,42.24,44.245990369669094,43.1240096303309,,,,,29344128,0.65,0.62,-0.7145142796182234,-0.4125250116774129,-0.45130896509364143,-64.72242818597081,-101.94065339939995,-101.94065339939995,-62.5774261411802,-62.5774261411802,107.67591527085054,-248.0483423158666,,,11.197831978319781,8.862841575109256,8.898793448001632,,
1702391400,40.785,40.83,40.37,40.6,42.0582126170642,42.013174800628555,42.0582126170642,42.013174800628555,0,0,0,0,0,43.6325,39.660000000000004,45.025,38.267500000000005,42.24,44.169161150147886,43.04333884985212,,,,,45386686,0.68,0.62,-1.0677818689925243,-0.6609138469761517,-0.5747056490419773,-89.35870730192117,-141.75286875419752,-141.75286875419752,-88.9692403455193,-88.9692403455193,107.67591527085054,-248.0483423158666,,,12.476964769647703,9.004571896463705,8.905942641451475,,
1702477800,40.625,41.1775,40.435,41.165,42.05508312132581,41.95351696530979,42.05508312132581,41.95351696530979,0,0,0,0,0,43.6325,39.660000000000004,45.025,38.267500000000005,42.24,44.10124511669773,42.973754883302256,,,,,46445638,0.67,0.61,-0.5282144403288824,-0.5090061502537024,-0.4717791584932739,-86.64454095863832,-148.38738356285518,-148.38738356285518,-108.77528808463126,-108.77528808463126,107.67591527085054,-248.0483423158666,,,12.3360433604336,9.13521783622723,8.91279598954135,,
1702564200,41.58,42.43,41.58,42.375,42.054224713490996,41.94065159412117,42.054224713490996,41.94065159412117,0,0,0,0,0,43.6325,39.660000000000004,45.025,38.267500000000005,42.24,43.99984237347366,42.835157626526346,,,,,60717378,0.67,0.6,0.05130637379216373,-0.04161720075150803,-0.2627076841090393,-38.833456911582545,-106.62804480105108,-106.62804480105108,-102.33355823389073,-102.33355823389073,107.67591527085054,-248.0483423158666,,,9.85365853658537,9.163391981339315,8.914675834790188,,
1702650600,41.995,42.23,41.8,42.15,42.05380318559191,41.93683192376348,42.05380318559191,41.93683192376348,0,0,0,0,0,43.6325,39.660000000000004,45.025,38.267500000000005,42.24,44.000093728550695,42.834906271449306,,,,,46366366,0.66,0.59,-0.21598438994678035,-0.548229231204393,-0.40802810476096335,-29.647047749702846,-89.32662273676914,-89.32662273676914,-54.72377860820525,-54.72377860820525,107.67591527085054,-248.0483423158666,,,9.376693766937676,9.171756757245133,8.915598947541731,,
1702909800,42.49,42.705,42.05,42.09,42.05387700540092,41.942867926753145,42.05387700540092,41.942867926753145,0,0,0,0,0,43.6325,39.660000000000004,45.025,38.267500000000005,42.24,43.96169762890413,42.800802371095855,,,,,42447132,0.66,0.61,-0.1357784881308117,-0.42520980880457454,-0.41914907548985797,-19.207946429384958,-64.42527634885377,-64.42527634885377,-14.622583573023022,-14.622583573023022,107.67591527085054,-248.0483423158666,,,8.834688346883475,9.158538388211342,8.915437287999957,,
1702996200,42.17,42.64,42.075,42.595,42.05400012826725,41.94963781197851,42.05400012826725,41.94963781197851,0,0,0,0,0,43.6325,39.660000000000004,45.025,38.267500000000005,42.24,43.96431542385605,42.79818457614393,,,,,36862452,0.65,0.6,0.623735061259389,-0.08734960997398156,-0.44398899343299586,-21.67000093963041,-35.266844236437336,-35.266844236437336,23.050019988395555,23.050019988395555,107.67591527085054,-248.0483423158666,,,8.780487804878042,9.143712875139448,8.91516765866305,,
1703082600,42.745,42.995,42.15,42.2,42.0542713567822,41.95905397621465,42.0542713567822,41.95905397621465,0,0,0,0,0,43.6325,39.660000000000004,45.025,38.267500000000005,42.24,43.96185582222975,42.800644177770245,,,,,39818174,0.64,0.6,0.7800024330266442,0.10606696462648223,-0.4891726518238047,-18.544520034876175,0.7227229802546447,0.7227229802546447,72.7018574136386,72.7018574136386,107.67591527085054,-248.0483423158666,,,8.617886178861792,9.12309222038346,8.914573689672437,,
1703169000,42.285,42.43,41.9675,42.365,42.05418105437105,41.96101558499054,42.05418105437105,41.96101558499054,0,0,0,0,0,43.6325,39.660000000000004,45.025,38.267500000000005,42.24,43.962272242704245,42.80022775729575,,,,,26062878,0.65,0.6,1.066176899793914,0.35449220198799286,-0.2859005724993005,-26.149856903111797,33.79252552482143,33.79252552482143,99.932130613955,99.932130613955,107.67591527085054,-248.0483423158666,,,9.013550135501353,9.118796452348867,8.914771444808958,,
1703255400,42.67,42.8575,42.4225,42.49,41.92304933124005,41.853771083286205,41.92304933124005,41.853771083286205,0,0,0,0,0,43.6325,39.660000000000004,45.025,38.267500000000005,42.24,43.95804155918135,42.804458440818635,,,,,25038248,0.66,0.6,0.8626959834117501,0.4477055491850088,-0.18998336251995748,-7.188606080935118,70.89626034319642,70.89626034319642,145.10372997994642,145.10372997994642,107.67591527085054,-248.0483423158666,,,7.737059591126572,9.064610693085248,8.91241837417223,,
1703601000,42.85,43.0825,42.72,42.855,41.92470677513368,41.88901927609851,41.92470677513368,41.88901927609851,0,0,0,0,0,43.6325,39.660000000000004,45.025,38.267500000000005,42.24,43.95971996646457,42.80278003353543,,,,,25983454,0.68,0.61,1.0600618544854066,0.41107560972925367,-0.21825779795835112,-5.591733670480032,110.43362047540765,110.43362047540765,189.50834073983012,189.50834073983012,107.67591527085054,-248.0483423158666,,,7.090039147455411,8.987176514825254,8.908777256836132,,
1703687400,42.855,43,42.51,42.665,41.925945522835704,41.914732245663274,41.925945522835704,41.914732245663274,0,0,0,1,0,43.6325,39.660000000000004,45.025,38.267500000000005,42.24,43.94286309498355,42.81963690501643,,,,,20238192,0.68,0.61,1.3125729246951516,0.23410556536760638,-0.33707422004885595,-14.289986046782468,140.99129793488646,140.99129793488646,202.1066528538441,202.1066528538441,107.67591527085054,-248.0483423158666,222.1066528538441,,7.546759460635057,8.930689571523677,8.906055942558007,,
1703773800,42.445,42.6075,42,42.015,41.926173004308566,41.919636863480406,41.926173004308566,41.919636863480406,0,0,0,0,0,43.6325,39.660000000000004,45.025,38.267500000000005,42.24,43.89091156149953,42.75908843850048,,,,,26198098,0.66,0.6,0.5289292902691004,-0.12737321068263308,-0.40830367946308543,-35.414313246373936,148.01505331987366,148.01505331987366,162.06256408984808,162.06256408984808,107.67591527085054,-248.0483423158666,,,8.65593736407133,8.919914975152997,8.905556205138453,,
1703860200,42.16,42.2,41.795,41.92,41.92599453676749,41.916390319814504,41.92599453676749,41.916390319814504,0,0,0,0,0,43.6325,39.660000000000004,45.025,38.267500000000005,42.24,43.88131876529702,42.768681234702996,,,,,24345460,0.66,0.61,-0.27526269277938803,-0.13296222392832302,-0.36398031458533026,-43.80884436201429,105.64358758987075,105.64358758987075,133.8912314098727,133.8912314098727,106.89309511173829,-248.0483423158666,,,9.101783384080026,8.927047069620723,8.90594826743404,,
1704205800,42.215,42.76,42.155,42.37,41.926528513717,41.92724756217472,41.926528513717,41.92724756217472,0,0,0,0,0,43.571250000000006,39.013749999999995,44.92750000000001,37.65749999999999,42.215,43.87506822398675,42.77493177601326,,,,,39301790,0.67,0.61,0.1339996977034008,0.31985616806838396,-0.25570255058711666,-28.93036891831128,74.79064439935576,74.79064439935576,114.19103573970038,114.19103573970038,106.89309511173829,-248.0483423158666,,,8.318834275772065,8.90319558750901,8.904775212505644,,
1704292200,42.435,43.2125,42.22,43.06,41.927189995208074,41.9402025597365,41.927189995208074,41.9402025597365,0,0,0,0,0,43.571250000000006,39.013749999999995,44.92750000000001,37.65749999999999,42.215,43.8825926937573,42.7674073062427,,,,,37935998,0.69,0.61,0.5863794473171445,0.24804427546128263,-0.06159362187695949,-36.76865514577317,77.27780929197071,77.27780929197071,101.88662692379049,101.88662692379049,129.6732026143783,-248.04834231586665,,,8.1774684645498,8.87473570033414,8.903322052170068,,
1704378600,43.37,43.555,42.28,42.305,41.92796883637649,41.95497892994291,41.92796883637649,41.95497892994291,0,0,0,0,0,43.571250000000006,39.013749999999995,44.92750000000001,37.65749999999999,42.215,43.86368231886137,42.786317681138634,,,,,42049032,0.67,0.61,-0.1729650580944039,-0.03458926286626196,-0.28811076443674816,-34.142322635360706,74.32339063916564,74.32339063916564,92.6988814955822,92.6988814955822,129.6732026143783,-248.04834231586665,,,8.046976946498468,8.842274572732741,8.901611072937957,,
1704465000,42.71,42.73,42.1441,42.34,41.928477308231884,41.96389971700397,41.928477308231884,41.96389971700397,0,0,0,0,0,43.571250000000006,39.013749999999995,44.92750000000001,37.65749999999999,42.215,43.86269818668814,42.78730181331186,,,,,34029298,0.73,0.62,0.0843148572793,0.010404138539074875,-0.3362522659320409,-40.09096577144469,57.165361610101556,57.165361610101556,80.85437486708865,80.85437486708865,129.6732026143783,-248.04834231586665,,,8.342540234884723,8.822677147719093,8.900494048286502,,
1704724200,41.62,41.9,41.05125,41.85,41.92682308284081,41.93004237516068,41.92682308284081,41.93004237516068,0,0,0,0,0,43.571250000000006,39.013749999999995,44.92750000000001,37.65749999999999,42.215,43.86522524575898,42.78477475424103,,,,,47218684,0.74,0.62,-0.3118831604536471,-0.15411548315873108,-0.4565224523230944,-87.92742383818037,12.95117132985434,12.95117132985434,58.219973688010555,58.219973688010555,129.6732026143783,-248.04834231586665,,,10.719334493257925,8.897055867151987,8.904128095129602,,
1704810600,41.905,41.95,41.0875,41.18,41.92524386589208,41.898920125154376,41.92524386589208,41.898920125154376,0,0,0,0,0,43.571250000000006,39.013749999999995,44.92750000000001,37.65749999999999,42.215,43.84004863203278,42.80995136796722,,,,,33750456,0.72,0.62,-0.786484933452934,-0.44567391376781973,-0.6220017918391169,-86.34068127980645,-30.232689078751037,-30.232689078751037,28.735752765756693,28.735752765756693,129.6732026143783,-248.04834231586665,,,10.64049586776859,8.965426063254599,8.907597361408602,,
1704897000,41.26,41.27525,40.61,40.775,41.92272329872746,41.85048012024636,41.92272329872746,41.85048012024636,0,0,0,0,0,43.571250000000006,39.013749999999995,44.92750000000001,37.65749999999999,42.215,43.84202407007083,42.807975929929185,,,,,33159758,0.7,0.61,-1.2410166313227247,-0.5372562970090653,-0.7064192824748523,-107.24191084183809,-70.43603618578933,-70.43603618578933,-4.32151021809198,-4.32151021809198,129.6732026143783,-248.04834231586665,,,11.678990865593732,9.071840369228683,8.913134611167214,,
1704983400,40.995,41.1,40.715,40.88,41.920415459968766,41.80801619396219,41.920415459968766,41.80801619396219,0,0,0,0,0,43.571250000000006,39.013749999999995,44.92750000000001,37.65749999999999,42.215,43.83846317794869,42.81153682205132,,,,,38588570,0.69,0.62,-1.07332396324898,-0.505678638581834,-0.8462928313878596,-102.6458289486163,-98.25221386337662,-98.25221386337662,-35.63174476652019,-35.63174476652019,129.6732026143783,-248.04834231586665,,,11.450630709003901,9.165126264906142,8.918204533440614,,
1705069800,41.51,41.6725,41.09,41.34,41.91885399051827,41.781776343218574,41.91885399051827,41.781776343218574,0,0,0,0,0,43.571250000000006,39.013749999999995,44.92750000000001,37.65749999999999,42.215,43.842628960060516,42.8073710399395,,,,,38769190,0.71,0.62,-0.4106721845299355,-0.23537339806449023,-0.7977052154689684,-86.23125075853906,-98.95503350213524,-98.95503350213524,-56.739507678391874,-56.739507678391874,129.6732026143783,-248.04834231586665,,,10.635058721183109,9.22277067495622,8.921634811538,,
1705415400,41.25,41.305,40.33,40.355,41.843002402960764,41.65718349219733,41.843002402960764,41.65718349219733,0,0,0,0,0,43.571250000000006,39.013749999999995,44.92750000000001,37.65749999999999,42.215,43.82206251710581,42.78793748289419,,,,,36031252,0.69,0.63,-0.9394723637435519,-0.6647733458064782,-0.9697095699837057,-119.49812922376248,-125.83862897484087,-125.83862897484087,-79.77254811054154,-79.77254811054154,129.6732026143783,-248.04834231586665,,,12.135076252723312,9.336978736829439,8.928055273957952,,
1705501800,39.94,40.42,39.85,40.02,41.13858692042541,40.9169647994961,41.13858692042541,40.9169647994961,0,0,0,0,0,43.571250000000006,39.013749999999995,44.92750000000001,37.65749999999999,42.215,43.5783838012669,42.55161619873309,,,,,39284270,0.72,0.63,-1.3933577951729141,-0.8495733253638956,-1.0222925789291357,-140.50878930706122,-159.67254852408195,-159.67254852408195,-106.40588158172167,-106.40588158172167,129.6732026143783,-248.04834231586665,,,11.699534677598052,9.4296279894086,8.933592695343846,,
1705588200,40.03,40.065,39.49115,39.955,40.47128603580402,40.227078437800046,40.47128603580402,40.227078437800046,0,0,0,0,0,43.571250000000006,39.013749999999995,44.92750000000001,37.65749999999999,42.215,43.39244402589947,42.37870597410053,,,,,35705594,0.73,0.63,-1.8135996445178761,-0.8098617234604577,-1.1056749799183063,-156.21644632975264,-181.30567089374398,-181.30567089374398,-131.37247801906244,-131.37247801906244,129.6732026143783,-248.04834231586665,,,11.055968468468471,9.493406047410947,8.937833206379059,,
1705674600,39.935,40.09,39.795,40.085,39.90600400556319,39.671996063565366,39.90600400556319,39.671996063565366,0,0,0,0,0,43.571250000000006,39.013749999999995,44.92750000000001,37.65749999999999,42.215,43.3896586360901,42.38149136390991,,,,,39940210,0.75,0.63,-1.3237260802207584,-0.5219516004181608,-0.987649594044668,-142.91626077493922,-182.86379452317775,-182.86379452317775,-148.53625018710088,-148.53625018710088,129.6732026143783,-248.04834231586665,,,9.102329830973046,9.478069725197695,8.938161870963663,,
1705933800,40,40.3225,39.74,40.235,39.90575304850911,39.67624719832751,39.90575304850911,39.67624719832751,0,0,0,0,0,43.571250000000006,39.013749999999995,44.92750000000001,37.65749999999999,42.215,43.243943051690806,42.23720694830919,,,,,30136726,0.75,0.63,-1.2555675343445705,-0.25633255700550345,-1.1326229154345313,-145.3237322428172,-174.11382784343422,-174.11382784343422,-157.06210940587866,-157.06210940587866,129.6732026143783,-248.04834231586665,,,9.227957971676561,9.468261421138044,8.938740884151901,,
1706020200,40.17,40.645,40.11,40.32,39.906234460999606,39.69469632780486,39.906234460999606,39.69469632780486,0,0,0,0,0,43.571250000000006,39.013749999999995,44.92750000000001,37.65749999999999,42.215,42.673930747562345,41.69221925243767,,,,,24709224,0.74,0.63,-0.9233997418103791,-0.12727231519555696,-1.0619838688991836,-129.12801509527443,-151.96756129125723,-151.96756129125723,-141.7784650620144,-141.7784650620144,129.6732026143783,-248.04834231586665,,,8.382823206943813,9.425695216659838,8.937630159522115,,
1706106600,40.53,40.915,40.34,40.895,39.907169856681925,39.721351373773295,39.907169856681925,39.721351373773295,0,0,0,0,0,43.571250000000006,39.013749999999995,44.92750000000001,37.65749999999999,42.215,42.5078365756275,41.52831342437249,,,,,33840970,0.71,0.63,-0.17373593841106144,-0.07755198270474595,-1.0370087189298198,-119.06040713869355,-130.95938351493925,-130.95938351493925,-88.94302796230328,-88.94302796230328,129.6732026143783,-248.04834231586665,,,7.857469164001822,9.364196155771289,8.935471995694902,,
1706193000,41.185,41.83,40.94,41.815,39.90929019662862,39.77025524146846,39.90929019662862,39.77025524146846,0,0,0,0,0,43.571250000000006,39.013749999999995,44.92750000000001,37.65749999999999,42.215,42.257688829416324,41.26346117058368,,,,,37609386,0.65,0.62,0.6297800064127194,0.22509928159366852,-0.7496132123361428,-92.79708203457021,-95.87738528919759,-95.87738528919759,-25.71338883771427,-25.71338883771427,129.6732026143783,-248.04834231586665,,,6.486980356327098,9.251364163636223,8.930579904507354,,
1706279400,41.77,42.14,41.4625,42.125,39.91243981661537,39.83752660454813,39.91243981661537,39.83752660454813,0,0,0,0,0,43.571250000000006,39.013749999999995,44.92750000000001,37.65749999999999,42.215,42.162047341533366,41.16660265846664,,,,,36469526,0.62,0.61,0.7608373098010068,0.5417719548261338,-0.7106043243094856,-69.92610308972921,-54.26756644821067,-54.26756644821067,28.952071233763178,28.952071233763178,129.6732026143783,-248.04834231586665,,,5.293513019643679,9.096154314852201,8.92331303760453,,
1706538600,42.06,42.125,41.625,42.065,39.91590457222653,39.90846869848742,39.91590457222653,39.90846869848742,0,0,0,0,0,43.571250000000006,39.013749999999995,44.92750000000001,37.65749999999999,42.215,42.160599803419906,41.16805019658009,,,,,29680630,0.62,0.61,0.43861117482567863,0.31569370378391576,-0.650486104674573,-62.81311920736235,-13.780600674156226,-13.780600674156226,67.19333087395268,67.19333087395268,129.6732026143783,-248.04834231586665,,,4.922338967565101,8.932475281625257,8.915319083418636,,
1706625000,41.65,42.51,41.49,42.5,39.91909537228202,39.97138757305654,39.91909537228202,39.97138757305654,0,0,0,0,0,43.571250000000006,39.013749999999995,44.92750000000001,37.65749999999999,42.215,42.14738979053295,41.181260209467055,,,,,35341118,0.65,0.62,1.3243889439075127,0.04243510451318236,-0.4961233600289707,-70.23515151411844,23.924065992156258,23.924065992156258,99.33339932478124,99.33339932478124,137.98797975922665,-248.04834231586662,,,5.230698949291912,8.787307582318066,8.907957205028772,,
1706711400,42.5,42.58,41.685,41.705,39.5222613740592,39.653268414889624,39.5222613740592,39.653268414889624,0,0,0,0,0,43.571250000000006,39.013749999999995,44.92750000000001,37.65749999999999,42.215,42.15701693859219,41.1716330614078,,,,,38580744,0.65,0.61,1.0387017481694885,-0.15037299381944766,-0.5303280176027427,-72.55909644806806,54.79215447048584,54.79215447048584,116.52833142714502,116.52833142714502,137.98797975922665,-248.04834231586662,,,3.818643285648364,8.592458002056508,8.897788745649391,,
1706797800,41.955,42.15,41.315,41.7,39.27105296545223,39.47298330813911,39.27105296545223,39.47298330813911,0,0,0,0,0,43.986925,37.459224999999996,46.01885,35.427299999999995,41.955,42.15665497763471,41.17199502236528,,,,,51101376,0.66,0.61,1.081058986008449,-0.13241895269451565,-0.5459982259298741,-100.93776849446306,71.49381372799878,71.49381372799878,104.89713224302469,104.89713224302469,137.98797975922665,-248.04834231586662,,,4.052484904784032,8.414419841379157,8.888107818894415,,
1706884200,42.05,42.09,41.41,41.76,39.27535955293384,39.54959180585915,39.27535955293384,39.54959180585915,0,0,0,0,0,43.986925,37.459224999999996,46.01885,35.427299999999995,41.955,42.15662332029004,41.172026679709965,,,,,38075024,0.65,0.62,1.038999545434271,-0.2814165662730349,-0.6333250935217621,-95.44258912083907,76.76585079058806,76.76585079058806,87.3099249157666,87.3099249157666,137.98797975922665,-248.04834231586662,,,3.83186251741757,8.234711711027723,8.878005430679677,,
1707143400,41.505,41.9025,41.2025,41.655,39.27924709628462,39.615140166413696,39.27924709628462,39.615140166413696,0,0,0,0,0,43.986925,37.459224999999996,46.01885,35.427299999999995,41.955,42.13029573065101,41.19835426934899,,,,,31593614,0.64,0.62,0.894140521997341,-0.18890561306673076,-0.6199206764326006,-76.04150957700465,59.387053059901575,59.387053059901575,70.97291821369257,70.97291821369257,137.98797975922665,-248.04834231586662,,,4.313748258244314,8.08094843836955,8.868886035729757,,
1707229800,41.86,42.2,41.615,41.79,39.28394280638195,39.694132708907276,39.28394280638195,39.694132708907276,0,0,0,0,0,43.986925,37.459224999999996,46.01885,35.427299999999995,41.955,42.051024055955615,41.12512594404439,,,,,28056298,0.63,0.61,0.9244259936785933,-0.19868969543964377,-0.7860308022832901,-51.86646317969094,59.43651718183239,59.43651718183239,67.12745120307251,67.12745120307251,137.98797975922665,-248.04834231586662,,,3.3557826288899215,7.895647818389956,8.8578708441077,,
1707316200,41.91,42.0875,41.535,41.875,39.28847089268289,39.76692162228346,39.28847089268289,39.76692162228346,0,0,0,0,0,43.986925,37.459224999999996,46.01885,35.427299999999995,41.955,41.98195755829636,41.06419244170364,,,,,26920456,0.64,0.6,0.6105979082814069,-0.21292526987376773,-0.782583604899913,-56.554957026442985,67.15117013284896,67.15117013284896,67.19860799240185,67.19860799240185,137.98797975922665,-248.04834231586662,,,3.5415699024616942,7.724899664824142,8.84724886420431,,
1707402600,41.85,42.46,41.84,42.305,39.29359322856165,39.84869724493901,39.29359322856165,39.84869724493901,0,0,0,0,0,43.986925,37.459224999999996,46.01885,35.427299999999995,41.955,41.970135675825986,41.07601432417401,,,,,36201078,0.64,0.6,0.29916390196287773,-0.18916717266640004,-0.5441660053610383,-38.6800742357016,76.44521521998912,76.44521521998912,95.03330539426943,95.03330539426943,137.98797975922665,-248.04834231586662,,,2.8332559219693425,7.533070498437679,8.835232894289755,,
1707489000,42.385,42.565,41.61,41.655,39.29825038494813,39.918336568666895,39.29825038494813,39.918336568666895,0,0,0,0,0,43.986925,37.459224999999996,46.01885,35.427299999999995,41.955,41.97262366206048,41.07352633793952,,,,,38073338,0.64,0.6,-0.2829380066606034,-0.3465950388411696,-0.5038036523457847,-52.15949404511308,81.73526365634481,81.73526365634481,92.3153605290562,92.3153605290562,137.98797975922665,-248.04834231586662,,,3.367394333488163,7.369710648831815,8.82430814192052,,
1707748200,41.8,42.235,41.8,42.115,39.30327406050269,39.99262140911133,39.30327406050269,39.99262140911133,0,0,0,0,0,43.986925,37.459224999999996,46.01885,35.427299999999995,41.955,41.97581898981481,41.070331010185186,,,,,25893854,0.67,0.6,0.030076678026789056,0.034770886259384536,-0.4096731415449262,-41.02432115907784,86.43999058117696,86.43999058117696,95.84944443084123,95.84944443084123,137.98797975922665,-248.04834231586662,,,2.926149558755237,7.1954533511817536,8.812523609286822,,
1707834600,42.155,42.3,41.4175,41.69,39.30753110533684,40.04914311855794,39.30753110533684,40.04914311855794,0,0,0,0,0,43.986925,37.459224999999996,46.01885,35.427299999999995,41.955,41.97549756517573,41.07065243482427,,,,,41156814,0.66,0.6,-0.48204006465339466,-0.08011853176048095,-0.23301292402890625,-63.44118236385958,69.96189136306208,69.96189136306208,80.94729084180533,80.94729084180533,137.98797975922665,-248.04834231586662,,,3.814444960520217,7.062864786842085,8.802537438160416,,
1707921000,41.995,42.1225,41.43,41.65,39.31180436986165,40.10393358449684,39.31180436986165,40.10393358449684,0,0,0,0,0,43.986925,37.459224999999996,46.01885,35.427299999999995,41.955,41.97393433992541,41.07221566007458,,,,,40894572,0.66,0.61,-0.033538162806970605,-0.2495043430901163,-0.19098671057016073,-62.70860520030446,36.13275239535516,36.13275239535516,66.00911135965526,66.00911135965526,137.98797975922665,-248.04834231586662,,,3.7854156990246226,6.934337371633557,8.792513218901403,,
1708007400,41.64,42.928,41.605,42.81,39.31641525024154,40.163369522359716,39.31641525024154,40.163369522359716,0,0,0,0,0,43.986925,37.459224999999996,46.01885,35.427299999999995,41.955,41.99397996869087,41.05217003130913,,,,,43364426,0.66,0.6,0.660131617801322,-0.08312831286028778,-0.010606747179424605,-82.62536858036582,51.91283182420934,51.91283182420934,61.31035151450662,61.31035151450662,206.90563552543952,-248.04834231586662,,,3.3790060380864033,6.794912613455237,8.781697020737937,,
1708093800,42.985,43.12495,42.66,42.785,39.32310373126004,40.26143346265933,39.32310373126004,40.26143346265933,0,0,0,0,0,43.986925,37.459224999999996,46.01885,35.427299999999995,41.955,41.993873188352325,41.05227681164767,,,,,26960766,0.66,0.6,0.6118666170014372,0.1632985371487248,-0.283265948005509,-10.28531559091725,67.25204345555217,67.25204345555217,79.13542733764326,79.13542733764326,206.90563552543952,-248.04834231586662,,,0.9289363678588147,6.5648743293142005,8.766007189263654,,
1708439400,42.83,42.855,42.34,42.395,39.329145881647136,40.34322822882956,39.329145881647136,40.34322822882956,0,0,0,0,0,43.986925,37.459224999999996,46.01885,35.427299999999995,41.955,41.98478494643055,41.061365053569446,,,,,28995576,0.65,0.62,0.4422096822297608,0.018668734303535318,-0.3657594445541043,-30.9776965633287,74.18000245561359,74.18000245561359,88.03592045573643,88.03592045573643,206.90563552543952,-230.4073436603612,,,1.6720854621458403,6.3730002560919115,8.751833519479202,,
1708525800,42.575,43.23,42.545,43.19,39.454083206429225,40.546846719558786,39.454083206429225,40.546846719558786,0,0,0,0,0,43.986925,37.459224999999996,46.01885,35.427299999999995,41.955,41.98227819748559,41.0638718025144,,,,,28756630,0.66,0.61,0.8411247044052534,0.46414473970948966,-0.11278717627252308,-42.13791103486734,84.01165484250541,84.01165484250541,103.67495961628906,103.67495961628906,206.90563552543952,-230.4073436603612,,,1.4934012502894098,6.18164343233495,8.737331157302998,,
1708612200,42.915,43.445,42.71,43.265,39.52897526703985,40.69954285521968,39.52897526703985,40.69954285521968,0,0,0,0,0,43.986925,37.459224999999996,46.01885,35.427299999999995,41.955,41.98230214443237,41.06384785556763,,,,,35206832,0.66,0.61,0.8333539407703227,0.7338859999455906,-0.10787609962632345,-36.19534882164778,99.58352847278336,99.58352847278336,130.72727573333927,130.72727573333927,206.90563552543952,-230.4073436603612,,,1.2827920952270881,5.989531615193465,8.722436973362786,,
1708698600,42.845,43.1175,42.57,42.98,39.53506512664616,40.77316666481891,39.53506512664616,40.77316666481891,0,0,0,0,0,43.986925,37.459224999999996,46.01885,35.427299999999995,41.955,41.98352610038406,41.062623899615936,,,,,28952394,0.66,0.61,0.40506256767387927,0.7926181896222231,-0.3428750402828821,-45.325707082964385,111.73624351303928,111.73624351303928,136.04167359355114,136.04167359355114,206.90563552543952,-230.4073436603612,,,1.6063792904195084,5.817643288731742,8.708219075894368,,
1708957800,42.93,43.4125,42.715,43.13,39.541429631887624,40.84953267796327,39.541429631887624,40.84953267796327,0,0,0,0,0,43.986925,37.459224999999996,46.01885,35.427299999999995,41.955,41.98381404426555,41.06233595573445,,,,,23376344,0.66,0.61,0.9098615233851571,0.8165098380993829,-0.37321864088173473,-35.86926459802917,121.06558959494849,121.06558959494849,139.7242817587669,139.7242817587669,206.90563552543952,-230.4073436603612,,,1.271235409684496,5.6393527836710655,8.693359967670172,,
1709044200,43.17,43.355,42.725,42.945,39.54780120105468,40.92329218078824,39.54780120105468,40.92329218078824,0,0,0,0,0,43.986925,37.459224999999996,46.01885,35.427299999999995,41.955,41.98397913024764,41.06217086975236,,,,,26317368,0.66,0.6,0.5061232317807598,0.5756505477532827,-0.49222497676332805,-35.21709615079239,126.69636539579477,126.69636539579477,137.95791699748733,137.95791699748733,206.90563552543952,-230.4073436603612,,,1.2481220385993277,5.46714765641335,8.678484367412288,,
1709130600,43,43.325,42.69,42.86,39.55409080904458,40.992800330561245,39.55409080904458,40.992800330561245,0,0,0,0,0,43.986925,37.459224999999996,46.01885,35.427299999999995,41.955,41.983706194169216,41.06244380583079,,,,,26679624,0.66,0.61,0.7451419168144539,0.9515569360188418,-0.6005503167946353,-37.49968571612178,120.26648766207299,120.26648766207299,124.55307281788751,124.55307281788751,206.90563552543952,-230.4073436603612,,,1.329018837397441,5.3048680948833145,8.663800120599072,,
1709217000,42.95,43.21,42.8275,43.07,39.56063982840713,41.064920905833354,39.56063982840713,41.064920905833354,0,0,0,0,0,43.986925,37.459224999999996,46.01885,35.427299999999995,41.955,41.984347435386006,41.061802564614,,,,,27335314,0.65,0.6,0.9057689258361289,1.1689776459221697,-0.5460049423826099,-28.532369566614253,121.44219323888942,121.44219323888942,123.51611295822148,123.51611295822148,206.90563552543952,-230.4073436603612,,,1.0112099849763088,5.136489345475197,8.648510230218207,,
1709303400,43.38,43.77,43.305,43.57,39.84645497114408,41.43100887326431,39.84645497114408,41.43100887326431,0,0,0,0,0,44.56625,42.258750000000006,45.6875,41.1375,43.38,42.09485673161116,41.16629326838884,,,,,32459688,0.66,0.6,0.47004169513422367,1.3830712657031616,-0.30507458522519854,-17.161482638218207,131.39926904758278,131.39926904758278,147.1655812263054,147.1655812263054,206.90563552543952,-230.4073436603612,,,0.608216662841406,4.958910024587597,8.632445707606065,,
1709562600,43.545,43.66,43.0625,43.105,39.85289077539753,41.49518793705787,39.85289077539753,41.49518793705787,0,0,0,0,0,44.56625,42.258750000000006,45.6875,41.1375,43.38,42.097407004393816,41.163742995606185,,,,,33198046,0.66,0.6,0.2053396067664617,1.1942045228452784,-0.26691920802309493,-32.86585825998387,136.44324651327594,136.44324651327594,146.5312014446623,146.5312014446623,206.90563552543952,-230.4073436603612,,,1.1647922882717472,4.810121093751682,8.617525321153849,,
1709649000,43.04,43.705,42.985,43.425,39.85916042419794,41.55384135129089,39.85916042419794,41.55384135129089,0,0,0,0,0,44.56625,42.258750000000006,45.6875,41.1375,43.38,42.0981832631476,41.162966736852404,,,,,32174252,0.66,0.6,0.6656202479671116,1.2540937097223046,-0.07301709901802242,-37.8847824277647,138.58692036087308,138.58692036087308,142.87426805606734,142.87426805606734,206.90563552543952,-230.4073436603612,,,1.3426669726876312,4.674142500768777,8.602990139638433,,
1709735400,43.79,44.02,43.465,43.56,39.86636699677697,41.628829925750075,39.86636699677697,41.628829925750075,0,0,0,0,0,44.56625,42.258750000000006,45.6875,41.1375,43.38,42.22406620174111,41.28708379825889,,,,,28008764,0.67,0.6,0.23606860305341235,1.278449475930992,-0.02837922166024575,-6.799832743444733,143.15867758244076,143.15867758244076,152.30219202557615,152.30219202557615,206.90563552543952,-230.4073436603612,,,0.24099150791828525,4.500293442225621,8.586282849664965,,
1709821800,43.62,44.175,43.585,43.93,40.20254407514092,42.03615006110151,40.20254407514092,42.03615006110151,0,0,0,0,0,44.56625,42.258750000000006,45.6875,41.1375,43.38,42.294239564450436,41.371910435549545,,,,,24569196,0.67,0.6,0.42242751608934925,1.1775927353234676,0.12149954783248483,-22.15921560447979,153.0986647717482,153.0986647717482,172.97863915036308,172.97863915036308,206.90563552543952,-230.4073436603612,,,0.785340314136123,4.354609005829954,8.570696550892679,,
1709908200,43.87,44.095,43.76,44.085,40.35122322571657,42.246380936578845,40.35122322571657,42.246380936578845,0,0,0,0,0,44.56625,42.258750000000006,45.6875,41.1375,43.38,42.28660948497626,41.37954051502373,,,,,28251986,0.68,0.6,0.7195373441082266,0.877183796395321,0.3902250441098198,-20.80122957390041,163.85896771542593,163.85896771542593,185.37957360278142,185.37957360278142,206.90563552543952,-230.4073436603612,,,0.7372122036974091,4.212750307707109,8.555045233515665,,
1710163800,44.095,44.555,43.765,44.54,40.77369114629145,42.725163245844534,40.77369114629145,42.725163245844534,0,0,0,1,0,44.56625,42.258750000000006,45.6875,41.1375,43.38,42.47908965392317,41.56706034607682,,,,,24983720,0.7,0.6,0.9127275734578773,0.9240981697355021,0.4570434355450296,-49.096211493086756,175.7087445582139,175.7087445582139,199.4082982437899,199.4082982437899,206.90563552543952,-230.4073436603612,,,1.7400089806915102,4.11578005958885,8.541428777466066,,
1710250200,44.535,44.6575,44.2325,44.47,40.78060799714801,42.784395079340825,40.78060799714801,42.784395079340825,0,0,0,1,0,44.56625,42.258750000000006,45.6875,41.1375,43.38,42.528422222162106,41.620227777837904,,,,,23780904,0.69,0.6,0.995662350502067,0.925525542260159,0.411411325910946,-19.480109721450425,187.259908487697,187.259908487697,210.3622363466632,210.3622363466632,206.90563552543952,-230.4073436603612,230.3622363466632,,0.6903906600808205,3.981451063529712,8.525742387621142,,
1710336600,44.935,45.425,44.86,45.18,41.373575129357306,43.45658160126888,41.373575129357306,43.45658160126888,0,0,0,1,0,44.56625,42.258750000000006,45.6875,41.1375,43.38,42.92281215935782,41.99333784064217,,,,,42725190,0.7,0.59,1.5074443078234485,1.0138896615022228,0.586530579812789,-19.98482009363746,200.6067464379112,200.6067464379112,227.30042233833956,227.30042233833956,206.90563552543952,-230.4073436603612,247.30042233833956,,0.7082779991146532,3.8530913355134353,8.510123078153596,,
1710423000,45.36,45.665,45.185,45.645,41.806172406582675,43.95426570333307,41.806172406582675,43.95426570333307,0,0,0,1,0,44.56625,42.258750000000006,45.6875,41.1375,43.38,43.038959087467944,42.11719091253205,,,,,35946028,0.71,0.6,1.6582929558153934,1.5128865547024268,0.3938589497561262,-28.43551587263453,213.11219057961395,213.11219057961395,238.1230788630195,238.1230788630195,206.90563552543952,-230.4073436603612,258.1230788630195,,1.007777412641036,3.7415103973615764,8.4951333765242,,
1710509400,45.61,46.11,45.505,45.78,41.93696737478933,44.14008810901299,41.93696737478933,44.14008810901299,0,0,0,1,0,44.56625,42.258750000000006,45.6875,41.1375,43.38,43.25933435405857,42.34181564594141,,,,,37753366,0.73,0.6,1.4221322820533555,1.5837942500106141,0.5261565071120891,-16.949363617668542,222.67335657089873,222.67335657089873,241.79568855346827,241.79568855346827,206.90563552543952,-230.4073436603612,261.79568855346827,,0.600698995194405,3.6183413227667853,8.479360280857207,,
1710768600,45.595,45.73,45.215,45.57,41.94352817923531,44.18246308513013,41.94352817923531,44.18246308513013,0,0,0,1,1,44.56625,42.258750000000006,45.6875,41.1375,43.38,43.235825869165005,42.365324130834985,,,,,30496710,0.7,0.6,1.6191146492265152,1.4913932951257587,0.5990804550911583,-34.82323797811904,224.68338572655622,224.68338572655622,228.70344403787118,228.70344403787118,206.90563552543952,-230.4073436603612,248.70344403787118,,1.2341633901266877,3.524844148937762,8.46488436299361,,
1710855000,45.565,46.1248,45.535,46.09,42.23416883084531,44.52317101143951,42.23416883084531,44.52317101143951,0,0,0,1,1,44.56625,42.258750000000006,45.6875,41.1375,43.38,43.24521848148526,42.37073151851473,,,,,28545786,0.69,0.61,1.7439470760676914,1.746794327478095,0.9472282899091851,-33.97682288497746,228.18249282575775,228.18249282575775,235.18070702416082,235.18070702416082,206.90563552543952,-230.4073436603612,255.18070702416082,,1.204165762638331,3.433837153396608,8.45037743272317,,
1710941400,45.825,46.19,45.755,46.025,42.2412101518626,44.57160940314777,42.2412101518626,44.57160940314777,0,0,0,0,1,44.56625,42.258750000000006,45.6875,41.1375,43.38,43.27814896321127,42.40300103678874,,,,,32659336,0.7,0.61,1.608189183022174,1.6627559105338348,1.0646375395406735,-20.50853273237358,234.94435813924358,234.94435813924358,248.46808876621523,248.46808876621523,206.90563552543952,-230.4073436603612,268.46808876621526,,0.726838793664571,3.327680354975744,8.434945787090687,,
1711027800,46.105,46.395,45.96,46.3,42.440726299372294,44.82130718879997,42.440726299372294,44.82130718879997,0,0,0,1,1,44.56625,42.258750000000006,45.6875,41.1375,43.38,43.37866948688548,42.50748051311452,,,,,23334194,0.7,0.64,1.5358401392340773,1.7368275467852656,1.1617295638190965,-20.579938203426778,244.12728922066796,244.12728922066796,262.49315138351676,262.49315138351676,206.90563552543955,-227.44655507492232,282.49315138351676,,0.7343412526997761,3.2259807823374707,8.41955996384515,,
1711114200,46.32,46.435,46.08675,46.2,42.44801532275017,44.871016024533304,42.44801532275017,44.871016024533304,0,0,0,0,1,44.56625,42.258750000000006,45.6875,41.1375,43.38,43.395434040867556,42.53071595913245,,,,,17948808,0.7,0.63,1.4006534786574043,1.5519092185381564,1.0488937399784917,-10.964663006955766,249.68443097335896,249.68443097335896,260.7987144787409,260.7987144787409,206.90563552543952,-162.05761815355729,280.7987144787409,,0.4605831533477215,3.1175338164947353,8.403657912275726,,
1711373400,46.36,46.94,46.35,46.63,42.757757853924495,45.23639845168993,42.757757853924495,45.23639845168993,0,0,0,1,1,44.56625,42.258750000000006,45.6875,41.1375,43.38,43.652336304569225,42.77881369543078,,,,,35074380,0.71,0.64,1.366232226480018,2.0076766623657334,1.0686068286255035,-14.29485832542971,256.91344798535863,256.91344798535863,271.371482009358,271.371482009358,206.90563552543952,-162.05761815355729,291.371482009358,,0.600471799270858,3.018825502093799,8.38806713083116,,
1711459800,46.675,46.78,46.18,46.27,42.76460449157899,45.27357890456483,42.76460449157899,45.27357890456483,0,0,0,0,1,44.56625,42.258750000000006,45.6875,41.1375,43.38,43.655115113216716,42.77603488678329,,,,,35373850,0.71,0.64,1.1750554473706223,1.653585213865003,0.8882196539526995,-22.973879451583514,257.3823208774816,257.3823208774816,258.32006666172765,258.32006666172765,206.90563552543952,-162.05761815355729,278.32006666172765,,0.9650439631138812,2.9382850495847825,8.373235915710847,,
1711546200,46.17,46.71,46.09,46.7,42.835329907342974,45.37113315643624,42.835329907342974,45.37113315643624,0,0,0,0,1,44.56625,42.258750000000006,45.6875,41.1375,43.38,43.65546947861663,42.77568052138337,,,,,33960082,0.7,0.63,0.9742628205720665,2.009203710464091,1.004083481746725,-30.362949448581052,250.21071769615585,250.21071769615585,254.99178648370636,254.99178648370636,206.90563552543955,-153.3633510710898,274.9917864837064,,1.3062098501070651,2.8742821005856563,8.359115983511838,,
1711632600,46.975,47.29,46.74785,47.205,43.30543937210432,45.896690960208694,43.30543937210432,45.896690960208694,0,0,0,0,1,44.56625,42.258750000000006,45.6875,41.1375,43.38,43.83396661934888,42.94718338065112,,,,,34615140,0.7,0.65,1.0229491911824193,2.304788649717283,1.378382177063826,-21.05401378181724,255.36226485023403,255.36226485023403,256.1032215832894,256.1032215832894,206.90563552543952,-130.04017168431076,276.1032215832894,,0.9684355470818741,2.7995430200560962,8.344349389233257,,
1711978200,47.345,47.695,46.87815,47.555,43.63303647579336,46.262399483109135,43.63303647579336,46.262399483109135,0,0,0,0,1,49.442499999999995,45.192499999999995,51.595,43.04,47.345,44.029563830023726,43.156586169976265,,,,,42899028,0.71,0.66,1.164542204706196,1.9220426709415164,1.2318192735166276,-30.699320333592514,257.3619251753421,257.3619251753421,261.3612458255582,261.3612458255582,206.90563552543955,-104.07845951441377,281.3612458255582,,1.423299337609088,2.7455726795679785,8.33052111740184,,
1712064600,47.76,48.27,47.55,48.22,44.24981288464228,46.93471129928013,44.24981288464228,46.93471129928013,0,0,0,1,1,49.442499999999995,45.192499999999995,51.595,43.04,47.345,44.324099292966835,43.43705070703316,,,,,38671198,0.74,0.67,1.7457142800461078,2.2016774984129235,1.3722009508431103,-27.867862665756174,259.39304833410637,259.39304833410637,263.45529465163486,263.45529465163486,206.9056355254395,-82.27002065864761,283.45529465163486,,1.3894649523019529,2.6923919843810755,8.316652873315727,,
1712151000,48.4,48.6151,48.24245,48.55,44.560020767557894,47.29472349958217,44.560020767557894,47.29472349958217,0,0,0,1,1,49.442499999999995,45.192499999999995,51.595,43.04,47.345,44.49664013748916,43.60960986251083,,,,,29148862,0.74,0.66,1.6415604251826483,2.5779902166492175,1.5119895313248346,-13.5550970350208,260.04660504100366,260.04660504100366,261.3537184547982,261.3537184547982,206.90563552543955,-67.23014935320813,281.3537184547982,,0.6334706488156521,2.611649971221647,8.301301859880162,,
1712237400,48.625,48.7975,48.33,48.52,44.56755758920114,47.33540885253973,44.56755758920114,47.33540885253973,0,0,0,1,1,49.442499999999995,45.192499999999995,51.595,43.04,47.345,44.58200681294213,43.70664318705786,,,,,36941290,0.73,0.65,1.6828124603201189,2.211782125080514,1.5243618565869304,-9.79370142143141,253.73685467521688,253.73685467521688,257.94335491907475,257.94335491907475,206.90563552543952,-48.39382561535692,277.94335491907475,,0.45314109165808214,2.5270025641799387,8.285621218984614,,
1712323800,48.72,49.23335,48.425,49.04,45.02418479183534,47.83738564297929,45.02418479183534,47.83738564297929,0,0,0,1,1,49.442499999999995,45.192499999999995,51.595,43.04,47.345,44.79059781872483,43.93390218127518,,,,,31194538,0.74,0.65,1.83191551779986,2.3855609817544874,1.597641170981305,-34.775318030226686,250.01288895149136,250.01288895149136,255.29986626321363,255.29986626321363,206.90563552543952,-48.39382561535692,275.29986626321363,,1.254078303425779,2.4770839657189914,8.27157218219029,,
1712583000,49.065,49.205,48.6425,48.73,45.031422134908595,47.86911463737226,45.031422134908595,47.86911463737226,0,0,0,0,1,49.442499999999995,45.192499999999995,51.595,43.04,47.345,44.79322728033398,43.931272719666026,,,,,34034558,0.72,0.65,1.697031519260578,2.393603268245221,1.5660024017055625,-27.306972771516286,246.79714457910092,246.79714457910092,252.46562570184273,252.46562570184273,206.90563552543952,-48.39382561535692,272.4656257018427,,0.8105628058727588,2.4117301947446292,8.256665070549296,,
1712669400,48.94,49.07,48.39,48.745,45.038145567206485,47.889796416298836,45.038145567206485,47.889796416298836,0,0,0,0,1,49.442499999999995,45.192499999999995,51.595,43.04,47.345,44.78624914011471,43.938250859885294,,,,,35333104,0.72,0.66,1.407608399366675,2.332633822585445,1.5691111192400553,-44.652911450278005,241.61392603555365,241.61392603555365,248.84839247974637,248.84839247974637,206.90563552543952,-48.39382561535692,268.8483924797464,,1.3254486133768324,2.369130917043931,8.242816486219281,,
1712755800,48.61,49.075,48.4,48.895,45.04487534629298,47.91005538036555,45.04487534629298,47.91005538036555,0,0,0,0,1,49.442499999999995,45.192499999999995,51.595,43.04,47.345,44.77315740173027,43.95134259826973,,,,,39199650,0.69,0.66,1.7650959816296148,2.4887555945115563,1.699685331208269,-43.965943581812326,241.69122379996358,241.69122379996358,246.46266958648545,246.46266958648545,206.90563552543952,-48.39382561535692,266.46266958648545,,1.305057096247962,2.3274025319146774,8.22895482909646,,
1712842200,49.05,49.07,48.1675,48.86,45.05113178915753,47.92049340466494,45.05113178915753,47.92049340466494,0,0,0,0,1,49.442499999999995,45.192499999999995,51.595,43.04,47.345,44.767474089790895,43.95702591020911,,,,,39204692,0.67,0.66,1.4395040495497515,2.5154429770494304,1.6116934839205703,-59.93794652364269,234.38926950876356,234.38926950876356,242.4382028939115,242.4382028939115,206.90563552543952,-48.39382561535692,262.43820289391147,,1.779159869494295,2.3059028196628977,8.216068125880472,,
1712928600,49.17,49.485,47.835,48.065,45.05671803932905,47.91761327114867,45.05671803932905,47.91761327114867,0,0,0,0,1,49.442499999999995,45.192499999999995,51.595,43.04,47.345,44.908348730607926,44.06780126939206,,,,,46572430,0.69,0.64,0.570479941296107,2.096669235945688,1.3639599963569404,-82.77962815013082,177.96523326485232,177.96523326485232,220.94721301755843,220.94721301755843,206.90563552543952,-48.39382561535692,,,2.45717781402936,2.311835172383151,8.20456185153112,,
1713187800,48.295,48.525,47.555,47.615,45.06173928200771,47.903975495809505,45.06173928200771,47.903975495809505,0,0,0,0,0,49.442499999999995,45.192499999999995,51.595,43.04,47.345,44.9106747344871,44.065475265512895,,,,,48690726,0.7,0.64,0.04003943349647611,1.7009956322675457,1.3249305969253349,-107.88830374255642,103.33304108970842,103.33304108970842,181.74248904160842,181.74248904160842,206.90563552543952,-48.39382561535692,,,3.0281402936378456,2.3399255692951,8.194219350915947,,
1713274200,47.525,47.745,46.865,47.2,45.06538565706863,47.86408429989541,45.06538565706863,47.86408429989541,0,0,0,0,0,49.442499999999995,45.192499999999995,51.595,43.04,47.345,44.88863166269966,44.087518337300324,,,,,36497618,0.75,0.65,-0.6680043596010422,1.7320960065682411,1.4242143105993075,-143.46593417171363,31.736406064936517,31.736406064936517,131.7404613827178,131.7404613827178,206.90563552543952,-61.375661375664976,,,4.435154975530174,2.4220914283631423,8.186708732783309,,
1713360600,47.1,47.57,46.73,47.065,45.06875771369786,47.820516288134804,45.06875771369786,47.820516288134804,0,0,0,0,0,49.442499999999995,45.192499999999995,51.595,43.04,47.345,44.88512715354882,44.09102284645116,,,,,27420914,0.74,0.64,-0.9657063115912655,1.5279487221938892,1.5700767252749086,-152.4312227741708,-23.92471065361697,-23.92471065361697,79.85207070393955,79.85207070393955,206.90563552543955,-78.14075106225991,,,4.710440456769988,2.5118306059477247,8.179763141822244,,
1713447000,47.225,47.36,46.755,46.92,45.072172483500665,47.7796274140903,45.072172483500665,47.7796274140903,0,0,0,0,0,49.442499999999995,45.192499999999995,51.595,43.04,47.345,45.01123194905858,44.21376805094141,,,,,25555648,0.73,0.65,-1.0403564553334903,1.4049916874307862,1.6146061493741923,-162.64177433459537,-65.88334874856766,-65.88334874856766,31.27359755310382,31.27359755310382,206.9056355254395,-100.56205488731902,,,4.65946166394779,2.5960514317516488,8.172729572435882,,
1713533400,47.01,47.805,46.94,47.485,45.075946364652516,47.747524378243625,45.075946364652516,47.747524378243625,0,0,0,0,0,49.442499999999995,45.192499999999995,51.595,43.04,47.345,45.01466477348998,44.21033522651001,,,,,35451440,0.71,0.65,-0.9949418402161614,1.4660052891759434,1.6204500396441568,-149.4738407451427,-78.27035179787534,-78.27035179787534,-5.241052230555894,-5.241052230555894,206.9056355254395,-100.56205488731902,,,4.282218597063625,2.6621756343129026,8.16495632373384,,
1713792600,47.235,48.12,46.86,47.795,45.07955446382404,47.71357440262622,45.07955446382404,47.71357440262622,0,0,0,0,0,49.442499999999995,45.192499999999995,51.595,43.04,47.345,45.201859119282865,44.393140880717134,,,,,30244332,0.71,0.65,-0.6018842127037499,1.5241236062231962,1.6840768521612577,-155.1680822973385,-62.313032195367825,-62.313032195367825,-24.26504555215987,-24.26504555215987,206.9056355254395,-100.56205488731902,,,4.445350734094617,2.73210406959846,8.157524544333961,,
1713879000,47.575,48.06,47.345,48.06,45.08411469466555,47.69978521036637,45.08411469466555,47.69978521036637,0,0,0,0,0,49.442499999999995,45.192499999999995,51.595,43.04,47.345,45.318183154165645,44.50681684583436,,,,,28657490,0.72,0.65,-0.4404502142019392,1.430105747940827,1.9196757021430633,-120.64674288715081,-31.61376532292865,-31.61376532292865,-26.714618809082797,-26.714618809082797,206.9056355254395,-100.56205488731902,,,3.4563621533442093,2.7605063473924107,8.148131612483832,,
1713965400,47.76,48.15,47.53,48.095,45.08903174822266,47.69371912368534,45.08903174822266,47.69371912368534,0,0,0,0,0,49.442499999999995,45.192499999999995,51.595,43.04,47.345,45.6157775026307,44.80922249736929,,,,,21303784,0.72,0.65,-0.5147704098356315,1.480704145568938,1.7655169782093114,-107.47880929769762,-17.931399909567066,-17.931399909567066,-0.364962110535604,-0.364962110535604,206.9056355254395,-100.56205488731902,,,3.079119086460029,2.7730009646107487,8.138003715328939,,
1714051800,48.04,48.46,47.625,48.315,45.09412688958485,47.69157915805062,45.09412688958485,47.69157915805062,0,0,0,0,0,49.442499999999995,45.192499999999995,51.595,43.04,47.345,45.73222700767065,44.955272992329355,,,,,26500194,0.72,0.64,-0.35124589555452773,1.2615338541994665,1.471376100217151,-100.71689745446506,0.801643675383442,0.801643675383442,38.26773084528446,38.26773084528446,206.9056355254395,-100.56205488731902,,,2.885399673735724,2.7774087571254538,8.127509001959123,,
1714138200,47.88,48.0575,47.38,47.87,45.098727235459805,47.680011347930986,45.098727235459805,47.680011347930986,0,0,0,0,0,49.442499999999995,45.192499999999995,51.595,43.04,47.345,45.73652927701749,44.95097072298252,,,,,32366598,0.75,0.64,-0.12715279723721043,0.8820565524149442,1.4177427956509019,-118.15551220806486,14.972275213146531,14.972275213146531,43.31353828867271,43.31353828867271,206.9056355254395,-100.56205488731902,,,3.384991843393142,2.8012355448222257,8.11803344320075,,
1714397400,47.73,48.3,47.7,48.195,45.10395135686748,47.681320706835656,45.10395135686748,47.681320706835656,0,0,0,0,0,49.442499999999995,45.192499999999995,51.595,43.04,47.345,45.73692121369515,44.95057878630485,,,,,22236328,0.76,0.64,0.3818555078182121,0.9547629851605836,1.5156549495619174,-93.31086022207205,32.038326429970894,32.038326429970894,66.17042886361962,66.17042886361962,200.2401263822975,-100.56205488731905,,,2.7324632952691603,2.7985385938593605,8.107273063284802,,
1714483800,48,48.0825,46.7375,46.76,45.107261194316294,47.64521107127347,45.107261194316294,47.64521107127347,0,0,0,0,0,49.442499999999995,45.192499999999995,51.595,43.04,47.345,45.774804586624754,44.91269541337524,,,,,35398934,0.77,0.64,-0.2838143487314423,0.45901933113222515,0.992336118345374,-180.8887308423416,33.60933155731457,33.60933155731457,36.751341812001925,36.751341812001925,200.2401263822975,-139.12363067293074,,,4.695146818923332,2.872915386999124,8.100455628231133,,
1714570200,46.695,46.845,45.765,46.015,45.10864079232965,47.572761617498045,45.10864079232965,47.572761617498045,0,0,0,0,0,48.072500000000005,45.35249999999999,49.45,43.974999999999994,46.695,45.77072301635739,44.91677698364261,,,,,50943700,0.79,0.64,-0.6781607876390422,-0.028558498257036737,0.9160143455121755,-206.3188134143963,-9.63354745313545,-9.63354745313545,19.195038553831232,19.195038553831232,200.2401263822975,-185.5760547026236,,,6.67822185970636,3.0221430918111727,8.097614002319995,,
1714656600,46.325,46.595,46.06,46.28,45.110601150386934,47.5146062599491,45.110601150386934,47.5146062599491,0,0,0,0,0,48.072500000000005,45.35249999999999,49.45,43.974999999999994,46.695,45.77126204729984,44.91623795270015,,,,,34616794,0.76,0.64,-0.4155144410549747,0.09744283425073322,0.9383556051007896,-187.73437067935893,-45.486857639654545,-45.486857639654545,-2.365593510664027,-2.365593510664027,200.2401263822975,-185.5760547026236,,,6.076672104404562,3.1419285432854234,8.093576156370114,,
1714743000,46.32,46.37,45.6725,46.285,45.11179110812842,47.443687387009916,45.11179110812842,47.443687387009916,0,0,0,0,0,48.072500000000005,45.35249999999999,49.45,43.974999999999994,46.695,45.771350419454606,44.916149580545394,,,,,38087736,0.76,0.64,-0.7730302322700596,-0.005721650368444295,0.9107002791415569,-206.3188134143963,-70.51445450729861,-70.51445450729861,-25.08188050954222,-25.08188050954222,200.2401263822975,-185.5760547026236,,,6.86684339314845,3.2880036354369144,8.091125141858182,,
1715002200,46.43,47.1175,46.43,46.65,45.11447703998031,47.40495846987228,45.11447703998031,47.40495846987228,0,0,0,0,0,48.072500000000005,45.35249999999999,49.45,43.974999999999994,46.695,45.88062006673313,45.021879933266874,,,,,33445506,0.76,0.64,-0.7313204755414598,0.1716700853711866,0.9011015533248364,-159.90856808064567,-70.55213088648762,-70.55213088648762,-40.23863063519069,-40.23863063519069,200.2401263822975,-185.5760547026236,,,5.322185970636214,3.36777549171924,8.085592795861734,,
1715088600,46.715,46.95,46.59,46.605,45.11747408885148,47.37396009850473,45.11747408885148,47.37396009850473,0,0,0,0,0,48.072500000000005,45.35249999999999,49.45,43.974999999999994,46.695,45.88082181446103,45.021678185538974,,,,,20942292,0.75,0.64,-0.9339240585901228,-0.009548745146822827,0.9495887342464331,-141.6407337158526,-61.01124502780115,-61.01124502780115,-47.16283543272751,-47.16283543272751,200.2401263822975,-185.5760547026236,,,4.995921696574217,3.4316243624978666,8.079419626832188,,
1715175000,46.335,46.7725,46.265,46.55,45.11982229247016,47.33155970248494,45.11982229247016,47.33155970248494,0,0,0,0,0,48.072500000000005,45.35249999999999,49.45,43.974999999999994,46.695,45.88113558815874,45.02136441184126,,,,,19811882,0.75,0.65,-0.998182166074096,0.10856233009751025,1.1179771324938161,-161.6117699230771,-59.093192093786286,-59.093192093786286,-51.13962098641377,-51.13962098641377,200.2401263822975,-185.5760547026236,,,5.65864600326264,3.518958544488642,8.074582916295585,,
1715261400,46.6,47.175,46.6,47.175,45.122828441735955,47.303827949446315,45.122828441735955,47.303827949446315,0,0,0,0,0,48.072500000000005,45.35249999999999,49.45,43.974999999999994,46.695,45.88352654176409,45.01897345823591,,,,,22489492,0.74,0.64,-0.7571367737297431,0.18843760437989676,1.3408545324118104,-141.02624029409196,-44.26648958289577,-44.26648958289577,-30.520226775859776,-30.520226775859776,200.2401263822975,-185.5760547026236,,,4.975530179445347,3.576079000761454,8.068391002735444,,
1715347800,47.275,47.43,46.79,46.915,45.12620440888533,47.28456018672293,45.12620440888533,47.28456018672293,0,0,0,0,0,48.072500000000005,45.35249999999999,49.45,43.974999999999994,46.695,45.874123482607786,45.02837651739221,,,,,20568410,0.77,0.65,-0.6400774416174425,-0.11379991718255701,1.1472200967614867,-127.29125588205706,-27.90426997062461,-27.90426997062461,4.820169253917719,4.820169253917719,200.2401263822975,-185.5760547026236,,,4.588091353996737,3.615765759711857,8.061437357083618,,
1715607000,47.025,47.2,46.59,46.79,45.12917802644999,47.258283316655366,45.12917802644999,47.258283316655366,0,0,0,0,0,48.072500000000005,45.35249999999999,49.45,43.974999999999994,46.695,45.871598747171184,45.030901252828826,,,,,20978056,0.75,0.65,-0.9349573379846626,-0.29786678413432727,0.9260426870644618,-107.27259930313717,-11.974121530458595,-11.974121530458595,19.88617534987344,19.88617534987344,200.2401263822975,-185.5760547026236,,,4.995921696574217,3.6698895219417538,8.055312450669014,,
1715693400,46.7,46.885,46.51,46.85,45.131987460962584,47.2299310297277,45.131987460962584,47.2299310297277,0,0,0,0,0,48.072500000000005,45.35249999999999,49.45,43.974999999999994,46.695,45.87235075657003,45.04264924342996,,,,,24353552,0.75,0.65,0.06211205979810494,-0.5293472468322828,1.1556567447980028,-112.24756043023953,-1.7570080455429142,-1.7570080455429142,18.677218924288447,18.677218924288447,200.2401263822975,-185.5760547026236,,,5.159053833605222,3.7282881223991446,8.04952572016539,,
1715779800,46.75,47.04,46.06,46.955,45.13390117232929,47.18522000895407,45.13390117232929,47.18522000895407,0,0,0,0,0,48.072500000000005,45.35249999999999,49.45,43.974999999999994,46.695,45.9603354312486,45.1296645687514,,,,,38792236,0.75,0.65,0.6628751071778514,-0.6154802321152756,1.1789703416791477,-140.23171677018817,1.3455151615263237,1.3455151615263237,7.5505615756647995,7.5505615756647995,200.2401263822975,-185.5760547026236,,,6.076672104404562,3.820381611889553,8.045583954699334,,
1715866200,46.85,47.19,46.7,46.825,45.1370769941628,47.16710942036764,45.1370769941628,47.16710942036764,0,0,0,0,0,48.072500000000005,45.35249999999999,49.45,43.974999999999994,46.695,46.304510220318114,45.52048977968188,,,,,24580136,0.75,0.66,0.3819884216823027,-0.6542373443572852,1.285355959260326,-100.4320277533719,6.1411410401216635,6.1411410401216635,15.732392797312345,15.732392797312345,200.2401263822975,-185.5760547026236,,,4.7716150081566,3.857684882331398,8.039042558202745,,
1715952600,46.91,47.5525,46.895,47.48,45.14063218498365,47.15727963917675,45.14063218498365,47.15727963917675,0,0,0,0,0,48.072500000000005,45.35249999999999,49.45,43.974999999999994,46.695,46.31078078836638,45.51421921163362,,,,,29001582,0.75,0.65,0.8304074941410533,-0.590713820904962,1.6401991221165735,-88.30556000606069,21.72622847533968,21.72622847533968,52.89640334577572,52.89640334577572,200.2401263822975,-185.5760547026236,,,4.373980424143548,3.8779317663240316,8.031719756736093,,
1716211800,47.5,47.605,47.0525,47.17,45.14449181098768,47.15395004548354,45.14449181098768,47.15395004548354,0,0,0,0,0,48.072500000000005,45.35249999999999,49.45,43.974999999999994,46.695,46.41207345572465,45.61792654427534,,,,,20134668,0.74,0.65,0.3584917539181708,-0.5944222188023138,1.6813293692434552,-78.51110528707864,40.56021154059758,40.56021154059758,78.22817767111339,78.22817767111339,200.2401263822975,-185.5760547026236,,,4.0528140293637795,3.884789894286375,8.02376989514294,,
1716298200,47.05,47.4325,46.905,46.94,45.14805196720948,47.145024553503795,45.14805196720948,47.145024553503795,0,0,0,0,0,48.072500000000005,45.35249999999999,49.45,43.974999999999994,46.695,46.41393137279602,45.641068627203985,,,,,22467678,0.75,0.65,0.23111455548729187,-0.6873873055046981,1.5887497147924647,-87.26220890373092,53.30541004825955,53.30541004825955,78.79580706358351,78.79580706358351,198.3855719583944,-185.5760547026236,,,4.353588907014678,3.903174169295328,8.016436866195631,,
1716384600,46.75,46.77,45.855,46.04,45.14952808715512,47.09568437493502,45.14952808715512,47.09568437493502,0,0,0,0,0,48.072500000000005,45.35249999999999,49.45,43.974999999999994,46.695,46.431812791523214,45.62318720847679,,,,,34867966,0.79,0.66,-0.34968175123286344,-1.075978299363266,1.2095633206453467,-152.2447048958714,38.299422815519335,38.299422815519335,48.30341430401281,48.30341430401281,198.3855719583944,-185.5760547026236,,,6.494698205546498,4.004802562873805,8.013396429311218,,
1716471000,46.27,46.43,45.54,45.62,45.150378180887074,47.03604969356502,45.150378180887074,47.03604969356502,0,0,0,0,0,48.072500000000005,45.35249999999999,49.45,43.974999999999994,46.695,46.49421947303461,45.680780526965385,,,,,26931380,0.81,0.66,-1.047225176239022,-1.2163330575705045,1.3816605550869188,-174.25660973797366,-7.152158329171755,-7.152158329171755,29.818223426284625,29.818223426284625,187.54951895868436,-202.03976814147427,,,7.137030995106036,4.127635050412324,8.011645449422696,,
1716557400,45.975,46.0949,45.555,45.685,45.15125624645973,46.97933598009188,45.15125624645973,46.97933598009188,0,0,0,0,0,48.072500000000005,45.35249999999999,49.45,43.974999999999994,46.695,46.49395912953741,45.68104087046259,,,,,19041398,0.78,0.66,-0.8370668694666753,-0.9127548419578287,1.5064972304195459,-173.3146821177684,-42.97103230152704,-42.97103230152704,5.555138183680739,5.555138183680739,187.54951895868436,-202.03976814147427,,,7.106443719412724,4.244451076647634,8.009836854557541,,
1716903000,45.845,46.275,45.7275,46.155,45.152473766446825,46.931543392637295,45.152473766446825,46.931543392637295,0,0,0,0,0,48.072500000000005,45.35249999999999,49.45,43.974999999999994,46.695,46.49629061975777,45.678709380242225,,,,,28904122,0.78,0.66,-0.43665212451395474,-0.5695912868628251,1.6642332600192262,-155.3328939433707,-58.56578153508194,-58.56578153508194,-15.818501722573487,-15.818501722573487,187.54951895868436,-202.03976814147427,,,6.754690048939641,4.342891820659085,8.007329068732131,,
1716989400,46.025,46.065,45.135,45.34,45.15251687580457,46.862622083122105,45.15251687580457,46.862622083122105,0,0,0,0,0,48.072500000000005,45.35249999999999,49.45,43.974999999999994,46.695,46.57968807122186,45.73281192877814,,,,,30053556,0.79,0.66,-1.0367638897037286,-0.7318512661857662,1.4056658307631436,-192.63167394800993,-100.48974132573389,-100.48974132573389,-44.042248256960285,-44.042248256960285,187.54951895868436,-202.03976814147427,,,7.962887438825452,4.484852433136198,8.007240274266783,,
1717075800,45.24,45.635,45.225,45.47,45.15273792100776,46.79989768770555,45.15273792100776,46.79989768770555,0,0,0,0,0,48.072500000000005,45.35249999999999,49.45,43.974999999999994,46.695,46.658674591145406,45.81132540885459,,,,,22732776,0.79,0.66,-1.0170837399659611,-0.62923677942756,1.3947729887019416,-144.09340121853387,-138.99255043557463,-138.99255043557463,-75.69234898316506,-75.69234898316506,187.54951895868436,-202.03976814147427,,,7.779363784665574,4.614048956725585,8.006784976585262,,
1717162200,45.55,46.63305,45.5048,46.6,45.15351197511164,46.75049589603083,45.15351197511164,46.75049589603083,0,0,0,0,0,48.072500000000005,45.35249999999999,49.45,43.974999999999994,46.695,46.676107482434674,45.79389251756532,,,,,32503704,0.81,0.66,-0.1513189502977844,-0.12399950040084709,1.6349574457494165,-126.21431755514317,-116.6459962142319,-116.6459962142319,-89.34356472685401,-89.34356472685401,187.54951895868436,-202.03976814147427,,,7.208809135399666,4.715804257850059,8.005190619260215,,
1717421400,46.445,46.46,45.045,45.38,45.15337498814838,46.68518037069629,45.15337498814838,46.68518037069629,0,0,0,0,0,47.68,43.9,48.915,42.665,46.445,46.699284020593424,45.770715979406575,,,,,40796588,0.78,0.65,-1.3626887590145988,-0.7885388940233092,1.1263129280635067,-155.5953135109224,-110.03965971411509,-110.03965971411509,-96.24226305594104,-96.24226305594104,187.54951895868436,-202.03976814147427,,,8.146411092985312,4.850337859227912,8.005472778048876,,
1717507800,44.91,44.985,44.35,44.945,45.151863549610624,46.595443885570944,45.151863549610624,46.595443885570944,0,0,0,0,0,47.68,43.9,48.915,42.665,46.445,46.94393918474127,46.006060815258735,,,,,34721410,0.78,0.65,-1.4536589535294697,-1.0609627963348394,0.7689345411965531,-200.00547486208927,-126.0645165571506,-126.0645165571506,-106.18301422301089,-106.18301422301089,187.54951895868436,-202.03976814147427,,,9.563621533442083,5.035172513118663,8.008585962375337,,
1717594200,45,45.07,44.665,44.94,45.15097820785316,46.521455890058355,45.15097820785316,46.521455890058355,0,0,0,0,0,47.68,43.9,48.915,42.665,46.445,47.00431486396671,46.06568513603328,,,,,21040150,0.78,0.65,-1.3131353863778985,-1.1551351374977206,0.6864988673707949,-179.8771283504095,-134.9929439634785,-134.9929439634785,-115.78632413650008,-115.78632413650008,187.54951895868436,-202.03976814147427,,,8.921288743882545,5.18756922805058,8.01040954435637,,
1717680600,44.785,45.19,44.6133,45.175,45.14999237127403,46.44836220809528,45.14999237127403,46.44836220809528,0,0,0,0,0,47.68,43.9,48.915,42.665,46.445,47.09117979595746,46.15382020404255,,,,,25506506,0.78,0.66,-0.5814568422905779,-1.0848232587549216,0.7627020856498221,-183.1807331588342,-130.63772784671315,-130.63772784671315,-120.73679203990444,-120.73679203990444,187.54951895868436,-202.03976814147427,,,9.02671288743882,5.338123881359923,8.012440120466426,,
1717767000,45.09,45.5175,44.775,44.995,45.1493283505522,46.384412709738605,45.1493283505522,46.384412709738605,0,0,0,0,0,47.68,43.9,48.915,42.665,46.445,47.0940473164949,46.15595268350509,,,,,20089778,0.76,0.65,-0.43657669187785836,-1.264245107926236,0.6235857388580698,-172.8481819495054,-121.97568423623983,-121.97568423623983,-121.14975610534957,-121.14975610534957,187.54951895868436,-202.03976814147427,,,8.696982055464927,5.469843809756198,8.01380783662027,,
1718026200,45.165,45.605,44.995,45.335,45.14910082138027,46.33151221131748,45.14910082138027,46.33151221131748,0,0,0,0,0,47.68,43.9,48.915,42.665,46.445,47.328404264132566,46.389095735867436,,,,,22548382,0.77,0.65,-0.24476259420667817,-0.9767975042566958,0.9269320040941903,-158.79028914769725,-111.21256518000521,-111.21256518000521,-91.33818332931652,-91.33818332931652,187.54951895868436,-202.03976814147427,,,8.248368678629694,5.578805569319865,8.014276489651257,,
1718112600,45.135,45.295,44.72,45.245,45.14832979076812,46.270009771657975,45.14832979076812,46.270009771657975,0,0,0,0,0,47.68,43.9,48.915,42.665,46.445,47.38780644237064,46.447193557629376,,,,,18591126,0.76,0.65,-0.629830469560675,-1.1289128951200837,0.9052321287455359,-176.36265514995745,-99.88997507396668,-99.88997507396668,-77.2447948618896,-77.2447948618896,187.54951895868436,-202.03976814147427,,,8.809135399673737,5.705485170510213,8.015864619341611,,
1718199000,45.62,45.635,44.53555,44.76,45.14719545452283,46.203758192377265,45.14719545452283,46.203758192377265,0,0,0,0,0,47.68,43.9,48.915,42.665,46.445,47.38290006195149,46.45209993804852,,,,,32560574,0.74,0.65,-0.4057885332367523,-0.7833361310026927,0.7596137244415616,-183.27200625562594,-97.38502649164495,-97.38502649164495,-92.37512932700149,-92.37512932700149,177.45116998645904,-202.03976814147424,,,9.18525693311582,5.841946808259453,8.01820106752098,,
1718285400,44.64,44.765,44.1225,44.35,45.145246362705606,46.1240686554213,45.145246362705606,46.1240686554213,0,0,0,0,0,47.68,43.9,48.915,42.665,46.445,47.2668243827107,46.34067561728929,,,,,28495640,0.73,0.65,-0.7775269795156678,-0.659441968514112,0.6807580336020264,-187.25601323005222,-122.12894265854817,-122.12894265854817,-105.63299854727936,-105.63299854727936,148.12897659872334,-202.03976814147427,,,10.027528548123975,6.006087268646297,8.022215707841866,,
1718371800,44.3,44.35,43.835,44.02,45.14273248385904,46.036342433640066,45.14273248385904,46.036342433640066,0,0,0,0,0,47.68,43.9,48.915,42.665,46.445,47.12299059427564,46.197009405724344,,,,,25811336,0.7,0.65,-1.7416312845191928,-0.8869045633696905,0.5595432552966194,-187.2560132300522,-147.31232249057283,-147.31232249057283,-119.52610652837718,-119.52610652837718,148.12897659872334,-202.03976814147427,,,10.613784665579114,6.18678128421229,8.027393667797385,,
1718631000,43.96,44.3325,43.8,44.135,45.140154396978204,45.95069763232085,45.140154396978204,45.95069763232085,0,0,0,0,0,47.68,43.9,48.915,42.665,46.445,47.10508607222512,46.179913927774884,,,,,29562294,0.71,0.65,-0.8706594371523148,-0.8511008345110662,0.5709207350109933,-165.10535594707088,-159.05708163541357,-159.05708163541357,-132.70309823072265,-132.70309823072265,106.7072474795483,-202.0397681414743,,,10.685154975530184,6.363188095636521,8.032703880200447,,
1718717400,44.42,44.88,44.209,44.32,45.138390472109116,45.88429027419062,45.138390472109116,45.88429027419062,0,0,0,0,0,47.68,43.9,48.915,42.665,46.445,47.10061023670441,46.184389763295584,,,,,29285780,0.72,0.65,-0.4519512438165498,-0.9372093204434181,0.516006354318653,-142.03859364563147,-146.49724184501713,-146.49724184501713,-137.30114610215415,-137.30114610215415,96.78407350688383,-202.03976814147427,,,9.851141924959208,6.499970598747215,8.036337123047119,,
1718890200,44.45,45.365,44.31,45.135,45.13682985178522,45.82440830265374,45.13682985178522,45.82440830265374,0,0,0,0,0,47.68,43.9,48.915,42.665,46.445,47.11355604839256,46.171443951607436,,,,,34073852,0.73,0.65,0.13906853074617426,-0.5836486941453523,0.892520445442934,-125.00767752694618,-124.8268476184204,-124.8268476184204,-99.8782506509529,-99.8782506509529,96.78407350688383,-202.03976814147427,,,9.645187601957579,6.623312442010366,8.039551609518469,,
1718976600,45.255,45.38,44.81,44.875,45.13626136057286,45.78628640843202,45.13626136057286,45.78628640843202,0,0,0,0,0,47.68,43.9,48.915,42.665,46.445,47.11313166497862,46.17186833502137,,,,,39986358,0.72,0.65,-0.21243120576025676,-0.6645531476539454,0.6987892945982962,-93.55630217756836,-101.43676873340556,-101.43676873340556,-54.65661096337587,-54.65661096337587,96.78407350688383,-202.03976814147427,,,8.62561174551386,6.701833983324229,8.040722558841138,,
1719235800,44.765,45.8125,44.69,45.64,45.13545664256972,45.74500066692488,45.13545664256972,45.74500066692488,0,0,0,0,0,47.68,43.9,48.915,42.665,46.445,47.123804352456894,46.161195647543096,,,,,31188222,0.75,0.65,0.45452814655847085,-0.5956637443051567,1.0014038788805164,-84.50530631536797,-69.71165416606195,-69.71165416606195,-6.2614250313747135,-6.2614250313747135,96.78407350688383,-202.03976814147427,,,8.870309951060362,6.786872256568783,8.042380076108309,,
1719322200,45.6,45.75,45.35,45.745,45.13595902690025,45.730957503516066,45.13595902690025,45.730957503516066,0,0,0,0,0,47.68,43.9,48.915,42.665,46.445,47.120780977536384,46.16421902246361,,,,,27670260,0.75,0.65,0.29241434957511275,-0.46554531221752316,1.059658899326765,-62.60030160690098,-33.28835297278373,-33.28835297278373,39.558249413772714,39.558249413772714,136.20496608048222,-202.03976814147427,,,7.524469820554645,6.815797651234895,8.041345290382926,,
1719408600,45.795,45.795,45.0775,45.295,45.135921396476874,45.70688564063308,45.135921396476874,45.70688564063308,0,0,0,0,0,47.68,43.9,48.915,42.665,46.445,47.1220893092083,46.162910690791705,,,,,23127398,0.7,0.65,0.03551886533850564,-0.5929078385390707,0.6218986046356432,-76.24716735720543,-0.5383025859897401,-0.5383025859897401,64.96179818759825,64.96179818759825,136.20496608048222,-202.03976814147427,,,8.080138662316473,6.865379651669467,8.041422799617559,,
1719495000,45.535,45.585,45.145,45.4,45.13601735772267,45.68637836060825,45.13601735772267,45.68637836060825,0,0,0,0,0,47.68,43.9,48.915,42.665,46.445,47.11899542211199,46.166004577888,,,,,15631574,0.73,0.66,0.45952610413751244,-0.5742725673049642,0.654755557358321,-72.86675107043264,25.594780996379274,25.594780996379274,77.8609481611173,77.8609481611173,136.20496608048222,-202.03976814147427,,,7.942495921696565,6.90761950539602,8.041225143517817,,
1719581400,45.75,45.91,45.41,45.575,45.13663730306189,45.67696352293734,45.13663730306189,45.67696352293734,0,0,0,0,0,47.68,43.9,48.915,42.665,46.445,47.11507190948954,46.16992809051046,,,,,25670032,0.72,0.67,0.8878367463736908,-0.5454152358761086,0.8036776243593123,-59.59548712976996,55.411369264969714,55.411369264969714,115.0445458021506,115.0445458021506,136.20496608048222,-202.03976814147427,,,7.402120717781409,6.92701170980329,8.039948211598263,,
1719840600,45.94,46.09,45.33,45.6,45.13709776799084,45.66481201223392,45.13709776799084,45.66481201223392,0,0,0,0,0,47.269999999999996,42.47,48.6,41.13999999999999,45.94,47.11277769658566,46.17222230341434,,,,,24563286,0.7,0.67,1.1540209802399306,-0.48562868426793704,0.5980248619625493,-63.601906432611536,86.00237484483121,86.00237484483121,147.1843860045542,147.1843860045542,136.20496608048222,-202.03976814147427,,,7.5652528548124005,6.952040774313452,8.038999769326963,,
1719927000,46.04,46.05,45.275,45.565,45.0042522621454,45.52121944453935,45.0042522621454,45.52121944453935,0,0,0,0,0,47.269999999999996,42.47,48.6,41.13999999999999,45.94,47.10480934083469,46.180190659165305,,,,,25226770,0.67,0.66,1.0416578580669675,-0.748634140305725,0.569694545224528,-66.35631970331517,110.66150684734023,110.66150684734023,159.97977085235829,159.97977085235829,136.20496608048222,-202.03976814147427,,,7.4036200020452085,6.9697497636362655,8.037730279282444,,
1720013400,45.605,45.975,45.525,45.765,45.00536004983343,45.52268927024369,45.00536004983343,45.52268927024369,0,0,0,0,0,47.269999999999996,42.47,48.6,41.13999999999999,45.94,47.10361951735973,46.18138048264026,,,,,16280094,0.65,0.66,1.0523331000673188,-0.5550536414040371,0.6971442812704349,-12.238553884786825,132.22802354378464,132.22802354378464,175.3610569366735,175.3610569366735,136.20496608048222,-202.03976814147427,,,6.892320278147059,6.966713313224924,8.035441747811644,,
1720186200,45.675,45.71,44.85,45.05,45.00513045932426,45.49789557337139,45.00513045932426,45.49789557337139,0,0,0,0,0,47.269999999999996,42.47,48.6,41.13999999999999,45.94,47.11162181322023,46.173378186779765,,,,,23450492,0.6,0.65,-0.060757460595892133,-0.7499843940643984,0.47873441708573483,-46.659486685749336,130.87971149731442,130.87971149731442,131.77858619496124,131.77858619496124,136.20496608048222,-202.03976814147427,,,8.272829532672056,7.017933557124811,8.035916049080097,,
1720445400,44.725,45.19,44.5975,44.775,44.97224998934169,45.432966413335244,44.97224998934169,45.432966413335244,0,0,0,0,0,47.269999999999996,42.47,48.6,41.13999999999999,45.94,47.107178457591196,46.1778215424088,,,,,19595012,0.59,0.65,-0.07211564794809941,-0.5133677170268459,0.45967533310495545,-59.53546525203562,70.16257103386081,70.16257103386081,111.23991447459443,111.23991447459443,136.20496608048222,-202.03976814147427,,,8.723905034793294,7.08483439938632,8.037290652448155,,
1720531800,44.33,44.87,44.2,44.38,44.47015671914677,44.89932822018665,44.47015671914677,44.89932822018665,0,0,0,0,0,47.269999999999996,42.47,48.6,41.13999999999999,45.94,47.10832614103159,46.1766738589684,,,,,19091194,0.62,0.65,-0.894631570624133,-0.5085399633430832,0.38307999850993846,-79.80557012371331,11.011152787864312,11.011152787864312,77.8303272456844,77.8303272456844,136.20496608048222,-202.03976814147427,,,8.517023698644303,7.140998685631732,8.038249160032962,,
1720618200,44.33,44.695,44.195,44.68,44.46968927315447,44.873323191944046,44.46968927315447,44.873323191944046,0,0,0,0,0,47.269999999999996,42.47,48.6,41.13999999999999,45.94,47.11068206975908,46.17431793024092,,,,,19320756,0.6,0.65,-0.7531061842982175,-0.41084881929349,0.4030695473370486,-80.06053999631317,-29.86031313294624,-29.86031313294624,41.933447119474195,41.933447119474195,136.20496608048222,-202.03976814147427,,,8.527372451619575,7.195366284297921,8.03922642934682,,
1720704600,44.565,45.2375,44.41,45.145,44.46964803584547,44.85668502755408,44.46964803584547,44.85668502755408,0,0,0,0,0,47.269999999999996,42.47,48.6,41.13999999999999,45.94,47.114978722779206,46.17002127722079,,,,,22689674,0.6,0.66,-0.11092941123713784,-0.42320199275172393,0.4036244408297441,-69.09683547452524,-36.81362511576641,-36.81362511576641,15.684423041060661,15.684423041060661,136.20496608048222,-202.03976814147427,,,8.082376073683124,7.23015098192087,8.039312642422418,,
1720791000,45.4,45.465,44.925,45.26,44.47062556224738,44.860693457846075,44.47062556224738,44.860693457846075,0,0,0,0,0,47.269999999999996,42.47,48.6,41.13999999999999,45.94,47.11549186984242,46.169508130157574,,,,,18117240,0.6,0.66,-0.10328050913489581,-0.034118822240833166,0.5581418116465776,-42.8349385967537,-18.00542254116702,-18.00542254116702,4.454474513651434,4.454474513651434,136.20496608048222,-202.03976814147427,,,7.016454517230675,7.221770728403608,8.037268969844613,,
1721050200,45.58,46.36,45.405,45.945,44.47255058609903,44.88317998891094,44.47255058609903,44.88317998891094,0,0,0,0,0,47.269999999999996,42.47,48.6,41.13999999999999,45.94,46.6312454402369,45.693754559763086,,,,,30791946,0.61,0.65,0.27023572174659616,0.20075933019084738,0.6438833114331937,-27.428864766761187,9.013748828399752,9.013748828399752,18.132297457896392,18.132297457896392,136.20496608048222,-202.03976814147427,,,6.022974231605085,7.174759101078176,8.033244404933045,,
1721136600,45.75,46.19355,45.515,46.15,44.47468934616676,44.909055283463445,44.47468934616676,44.909055283463445,0,0,0,0,0,47.269999999999996,42.47,48.6,41.13999999999999,45.94,46.5965417289288,45.66345827107119,,,,,24129334,0.66,0.65,0.4085475114362805,-0.188847261890603,0.6713289268813583,-32.17558277100772,22.980401104958958,22.980401104958958,50.913705658077376,50.913705658077376,136.8848509876757,-202.03976814147427,,,5.795301666149223,7.120662731080962,8.028772990869541,,
1721223000,46.255,46.91,46.245,46.61,44.47826778903157,44.962257037053114,44.47826778903157,44.962257037053114,0,0,0,0,0,47.269999999999996,42.47,48.6,41.13999999999999,45.94,46.59779720268827,45.662202797311714,,,,,29435350,0.7,0.65,0.7731189421934196,0.5275229892222257,0.6855099048819913,-20.64212921652068,44.30148537945959,44.30148537945959,86.94365392846086,86.94365392846086,180.00956480152547,-202.0397681414743,,,4.2843837317603235,7.009436103656624,8.021291693648545,,
1721309400,46.56,47.255,46.395,46.695,44.482135785457075,45.01919597677652,44.482135785457075,45.01919597677652,0,0,0,0,0,47.269999999999996,42.47,48.6,41.13999999999999,45.94,46.59767582246267,45.66232417753733,,,,,32867664,0.7,0.65,0.687145489789552,0.7601429202637932,0.6673099890361007,-16.935249753037674,68.51372587684978,68.51372587684978,116.93820687163014,116.93820687163014,180.00956480152547,-202.0397681414743,,,3.9739211425023173,6.8903963012584155,8.0132050392007,,
1721395800,46.62,46.94,46.065,46.185,44.48534330636525,45.061090252197054,44.48534330636525,45.061090252197054,0,0,0,0,0,47.269999999999996,42.47,48.6,41.13999999999999,45.94,46.60156393154066,45.65843606845933,,,,,26500272,0.66,0.65,0.8456514639896596,0.5368661163099363,0.4132232734076414,-35.5640244813796,87.23609235796215,87.23609235796215,124.68082532018688,124.68082532018688,180.00956480152547,-202.0397681414743,,,4.656938838869917,6.802809734105925,8.006499212626613,,
1721655000,45.94,46.16,45.6325,45.895,44.48768892413476,45.084550438385406,44.48768892413476,45.084550438385406,0,0,0,0,0,47.269999999999996,42.47,48.6,41.13999999999999,45.94,46.59731672740075,45.66268327259924,,,,,21527512,0.67,0.66,0.8384730180601235,0.30844687268019627,0.35804131511673226,-59.97900954200899,91.19877702518988,91.19877702518988,99.12414635964535,99.12414635964535,180.00956480152547,-202.0397681414743,,,5.5521059712304615,6.753762527718652,8.00159533002642,,
1721741400,45.765,45.805,45.1075,45.165,44.37871565890853,44.97907591186566,44.37871565890853,44.97907591186566,0,0,0,0,0,47.269999999999996,42.47,48.6,41.13999999999999,45.94,46.60385924836975,45.65614075163025,,,,,33103796,0.67,0.65,0.5842152646037325,0.07204678060348046,-0.0036552267142489834,-89.61569660982512,53.805652602022874,53.805652602022874,78.73440221746755,78.73440221746755,180.00956480152547,-202.0397681414743,,,6.406266210187776,6.7401352211488135,7.998407859257512,,
1721827800,45.285,45.575,44.8575,45.17,44.37973895429533,44.97561705257681,44.37973895429533,44.97561705257681,0,0,0,0,0,47.269999999999996,42.47,48.6,41.13999999999999,45.94,46.60240423737139,45.657595762628596,,,,,29328500,0.68,0.65,0.3625921774761597,-0.06947446508620927,-0.11468712300676827,-103.72840473735664,11.358733900458951,11.358733900458951,56.27584611179802,56.27584611179802,180.00956480152547,-202.0397681414743,,,6.924992219109863,6.747384515186502,7.99626317266381,,
1721914200,45.2,46.095,44.985,45.95,43.72391514751235,44.33589102508843,43.72391514751235,44.33589102508843,0,0,0,0,0,47.269999999999996,42.47,48.6,41.13999999999999,45.94,46.613729981869724,45.64627001813027,,,,,36437404,0.64,0.65,0.5845507603069663,0.29491299101960716,0.04057774279717524,-96.53092359231569,-4.737335451545128,-4.737335451545128,35.93811892401697,35.93811892401697,180.00956480152547,-202.0397681414743,,,5.254844144903112,6.688853520273428,7.990785811968983,,
1722000600,45.83,46.2875,45.6657,46.095,43.727831087277565,44.38875188684967,43.727831087277565,44.38875188684967,0,0,0,0,0,47.269999999999996,42.47,48.6,41.13999999999999,45.94,46.532438451401745,45.56756154859824,,,,,23730772,0.64,0.65,0.6087940637014331,0.5682363913479695,0.12672360037127003,-58.10484190267276,5.125162945619969,5.125162945619969,25.667133597884636,25.667133597884636,180.00956480152547,-202.0397681414743,,,3.821187868576234,6.576396043736283,7.98245494694722,,
1722259800,46.1,46.135,45.2675,45.7,43.73095155463565,44.424080244228115,43.73095155463565,44.424080244228115,0,0,0,0,0,47.269999999999996,42.47,48.6,41.13999999999999,45.94,46.53206874839499,45.567931251605,,,,,27156520,0.67,0.64,-0.17559546758738898,0.5787153346150564,-0.09287998092280494,-80.58356340820514,4.540538019658765,4.540538019658765,18.624935071809347,18.624935071809347,180.00956480152547,-202.0397681414743,,,4.659856781802862,6.5012376413075215,7.975816389174704,,
1722346200,45.695,46.555,45.64085,46.41,43.734804281799214,44.472517940532896,43.734804281799214,44.472517940532896,0,0,0,0,0,47.269999999999996,42.47,48.6,41.13999999999999,45.94,46.42921476266454,45.45328523733545,,,,,25673202,0.64,0.64,0.1833801877543516,1.0203237734919575,0.0907604097820969,-59.507645090549445,20.465252094229474,20.465252094229474,24.145886139069727,24.145886139069727,180.00956480152547,-202.0397681414743,,,3.873525695029479,6.3981901140025,7.967620004171417,,
1722432600,47.04,47.07,46.57,46.605,43.74048719032709,44.555129001688464,43.74048719032709,44.555129001688464,0,0,0,0,0,47.269999999999996,42.47,48.6,41.13999999999999,45.94,46.15711569193041,45.247884308069594,,,,,36173750,0.65,0.64,-0.0035008057882025046,1.0544604907822974,0.07165965460815968,-7.056354063765765,34.179144630396095,34.179144630396095,61.60692970272933,61.60692970272933,180.00956480152547,-202.0397681414743,,,1.9165964616680637,6.222441343322719,7.955530047043538,,
1722519000,46.5,46.735,45.135,45.37,43.74332028285391,44.578788648681076,43.74332028285391,44.578788648681076,0,0,0,0,0,48.785000000000004,44.97,50.315000000000005,43.44,46.5,46.17360295390863,45.231397046091374,,,,,42558498,0.63,0.64,-0.8924807347677677,0.43021175383228694,-0.18835112290170872,-88.06329871579685,39.80224521484346,39.80224521484346,51.04844638373819,51.04844638373819,180.00956480152547,-202.0397681414743,,,4.938921651221565,6.172107237750124,7.949502857441496,,
1722605400,44.85,45.095,43.755,44.2,43.74341804452653,44.54794399579162,43.74341804452653,44.54794399579162,0,0,0,0,0,48.785000000000004,44.97,50.315000000000005,43.44,46.5,46.172167253567544,45.187832746432456,,,,,45836208,0.65,0.65,-1.3152367753723675,-0.36600070105438554,-0.5315743098022212,-169.3719026694733,9.53071807829091,9.53071807829091,29.711736169325945,29.711736169325945,180.0095648015254,-209.88136356811074,,,7.8454085930918165,6.237726898743916,7.949294876893345,,
1722864600,43.25,43.59,42.735,43.225,43.74149802845355,44.47870893713313,43.74149802845355,44.47870893713313,0,0,0,0,0,48.785000000000004,44.97,50.315000000000005,43.44,46.5,45.67164262541853,44.668357374581475,,,,,50039100,0.69,0.65,-1.741655886682401,-0.6355289229497945,-0.6567241810046562,-226.72651635408937,-35.678457796543206,-35.678457796543206,7.915004847369566,7.915004847369566,180.00956480152544,-243.96902078062172,,,9.993681550126364,6.385019238013816,7.9533795655511526,,
1722951000,43.385,43.98,43.215,43.49,43.74053129912597,44.43082427293183,43.74053129912597,44.43082427293183,0,0,0,0,0,48.785000000000004,44.97,50.315000000000005,43.44,46.5,45.670732229798844,44.66926777020115,,,,,31418598,0.69,0.65,-1.1215243828807253,-0.822485253144944,-0.6928876495318432,-199.2445143717753,-64.71428621006343,-64.71428621006343,-16.29475883844143,-16.29475883844143,180.00956480152544,-243.96902078062172,,,8.982729570345395,6.486890231438585,7.955436208917375,,
1723037400,44.02,44.47,43.64,43.665,43.74040716066617,44.40131743869921,43.74040716066617,44.40131743869921,0,0,0,0,0,48.785000000000004,44.97,50.315000000000005,43.44,46.5,45.671568877578984,44.66843112242102,,,,,26125948,0.69,0.65,-1.0119557107038528,-0.7973227791608845,-0.7592225548203256,-174.9114917832684,-78.2463256264134,-78.2463256264134,-36.94528110109875,-36.94528110109875,180.00956480152544,-243.96902078062172,,,8.087615838247677,6.549663784646785,7.955700304080872,,
1723123800,43.79,44.665,43.79,44.605,43.74057997353198,44.37879126463257,43.74057997353198,44.37879126463257,0,0,0,0,0,48.785000000000004,44.97,50.315000000000005,43.44,46.5,45.687169658078005,44.652830341922,,,,,21596840,0.67,0.64,-0.8705194829136139,-0.26156517801260765,-0.6149591985261291,-166.32336616379538,-67.32261049408224,-67.32261049408224,-47.07105756542658,-47.07105756542658,180.00956480152544,-243.96902078062172,,,7.7716933445661285,6.5975865124867585,7.955332657808115,,
1723210200,44.54,44.895,44.255,44.705,43.74167222133711,44.375201411117565,43.74167222133711,44.375201411117565,0,0,0,0,0,48.785000000000004,44.97,50.315000000000005,43.44,46.5,45.68119055644499,44.65880944355502,,,,,22345572,0.66,0.64,-0.8973587659293027,-0.26301072174067575,-0.7230727540192079,-139.70017674342864,-46.07645433773244,-46.07645433773244,-44.08724788234417,-44.08724788234417,180.00956480152544,-243.96902078062172,,,6.792333614153316,6.605223653728585,7.953008983395218,,
1723469400,44.965,45.2125,43.75,44.925,43.74176338573004,44.35214645381884,43.74176338573004,44.35214645381884,0,0,0,0,0,48.785000000000004,44.97,50.315000000000005,43.44,46.5,45.68149593516946,44.658504064830545,,,,,28785872,0.66,0.64,-0.5070848414312982,-0.24621878146289855,-0.744205109851164,-168.61353299565482,-36.798299300821284,-36.798299300821284,-18.241989226998953,-18.241989226998953,180.00956480152544,-243.96902078062172,,,7.855939342881207,6.654271327813001,7.9528150380595255,,
1723555800,44.585,44.625,44.27,44.49,43.74288293940491,44.35018384778673,43.74288293940491,44.35018384778673,0,0,0,0,0,48.785000000000004,44.97,50.315000000000005,43.44,46.5,45.68392928975592,44.65607071024408,,,,,31386390,0.67,0.64,-1.2322170795683063,-0.4185959987019047,-0.824632720509527,-138.8413641814813,-26.38995119891211,-26.38995119891211,-5.573254995093762,-5.573254995093762,180.00956480152544,-243.96902078062172,,,6.76074136478516,6.658446623380537,7.950433272478557,,
1723642200,44.575,44.9475,44.4,44.75,43.459221714584444,44.0750139686906,43.459221714584444,44.0750139686906,0,0,0,0,0,48.785000000000004,44.97,50.315000000000005,43.44,46.5,45.685164737342234,44.65483526265777,,,,,21657604,0.66,0.64,-1.185605553005963,-0.30760573619032705,-0.868589147985421,-131.39832197793822,-8.023236995377697,-8.023236995377697,28.710191411691127,28.710191411691127,180.00956480152544,-243.96902078062172,,,5.8723765104939645,6.627620344443809,7.9462813109161505,,
1723728600,45.005,45.43,44.965,45.285,43.25078679493733,43.90420878334372,43.25078679493733,43.90420878334372,0,0,0,0,0,48.785000000000004,44.97,50.315000000000005,43.44,46.5,45.689820695292234,44.65017930470776,,,,,18335210,0.65,0.65,-0.055451929011745296,-0.17923121772388503,-0.6974901394527357,-99.04971547792267,21.26249475358221,21.26249475358221,79.83395825150203,79.83395825150203,180.00956480152544,-243.96902078062172,,,4.207498934810385,6.5327136224974005,7.938811216258596,,
1723815000,45.005,45.345,44.97,45.235,43.02896287628454,43.72651255159842,43.02896287628454,43.72651255159842,0,0,0,0,0,48.785000000000004,44.97,50.315000000000005,43.44,46.5,45.689677600722405,44.65032239927759,,,,,17753042,0.64,0.65,0.695814070460466,0.07045169266841945,-0.7132321529282106,-98.76344462394052,52.108741634733825,52.108741634733825,113.80123539703705,113.80123539703705,180.00956480152544,-243.96902078062172,,,3.6941856729842626,6.421398800947865,7.930330445942364,,
1724074200,45.31,45.925,45.31,45.54,43.03354806534291,43.78915323584946,43.03354806534291,43.78915323584946,0,0,0,0,0,48.785000000000004,44.97,50.315000000000005,43.44,46.5,45.68477822103267,44.65522177896733,,,,,21762686,0.65,0.65,1.5920823667469957,0.2932342886822219,-0.6799177173794377,-74.28733267713415,81.65010924962084,81.65010924962084,140.73284447939486,140.73284447939486,180.00956480152544,-243.96902078062172,,,2.966056322946778,6.285895174359587,7.920411816325989,,
1724160600,45.44,45.48,44.32,44.34,43.03616585142615,43.810902128561246,43.03616585142615,43.810902128561246,0,0,0,0,0,48.785000000000004,44.97,50.315000000000005,43.44,46.5,45.61717148200593,44.55032851799405,,,,,33866474,0.68,0.64,0.5664733162690501,-0.015082106572624654,-0.8937450647381916,-131.07842097857295,92.89988760368455,92.89988760368455,115.39944431181198,115.39944431181198,180.00956480152544,-243.96902078062172,,,5.086197665702966,6.238848213235798,7.914749050790278,,
1724247000,44.62,44.8425,44.2875,44.415,43.03871412145327,43.830536358813745,43.03871412145327,43.830536358813745,0,0,0,0,0,48.785000000000004,44.97,50.315000000000005,43.44,46.5,45.52710568302146,44.46289431697855,,,,,22737732,0.67,0.64,0.5004240313679535,-0.09976597252773653,-0.7374847112436923,-132.9427748874585,73.98976023809307,73.98976023809307,86.59651181515406,86.59651181515406,180.00956480152544,-243.96902078062172,,,5.155798265338899,6.196375666259449,7.909236661608557,,
1724333400,44.445,44.73,44.355,44.53,43.041390816515296,43.85202120748772,43.041390816515296,43.85202120748772,0,0,0,0,0,48.785000000000004,44.97,50.315000000000005,43.44,46.5,45.516823066284985,44.473176933715024,,,,,19595436,0.66,0.64,-0.049100077638701146,-0.22967265466744333,-0.6306589801145092,-129.07065523054249,38.00016176224728,38.00016176224728,70.39772846418514,70.39772846418514,180.00956480152544,-243.96902078062172,,,5.01124317378735,6.149899882240936,7.903446464829694,,
1724419800,44.74,45.27,44.685,45.195,43.044714910787995,43.88547527778232,43.044714910787995,43.88547527778232,0,0,0,0,0,48.785000000000004,44.97,50.315000000000005,43.44,46.5,45.52148282382608,44.46851717617394,,,,,20734626,0.63,0.65,0.31968006484355016,-0.024183199214771002,-0.41297779148154606,-110.14029246339595,30.897538432699946,30.897538432699946,57.23099845369008,57.23099845369008,180.00956480152544,-243.96902078062172,,,4.304529392868611,6.0775324120694725,7.896255821329272,,
1724679000,45.695,45.9975,45.265,45.6,43.04917961626094,43.94013507081046,43.04917961626094,43.94013507081046,0,0,0,0,0,48.785000000000004,44.97,50.315000000000005,43.44,46.5,45.52388522228639,44.46611477771362,,,,,19514760,0.64,0.65,0.43755117803403887,-0.12625058008294268,-0.30215617724588556,-76.8687457817451,51.06436239585711,51.06436239585711,55.175453101079086,55.175453101079086,180.00956480152544,-243.96902078062172,,,3.0624263839811534,5.959292959987578,7.886597820455449,,
1724765400,45.6,45.725,45.095,45.175,43.053299137507175,43.986051342543384,43.053299137507175,43.986051342543384,0,0,0,0,0,48.785000000000004,44.97,50.315000000000005,43.44,46.5,45.52314540179567,44.46685459820435,,,,,16627126,0.63,0.65,0.4469397701348011,-0.3540732509720608,-0.35986284467638646,-86.6207508436084,57.09863272214455,57.09863272214455,60.944991964275474,60.944991964275474,180.00956480152544,-243.96902078062172,,,3.426491058999896,5.859967395242963,7.877686518234759,,
1724851800,44.9,45.1625,44.68685,44.885,43.056603098271395,44.014321152639724,43.056603098271395,44.014321152639724,0,0,0,0,0,48.785000000000004,44.97,50.315000000000005,43.44,46.5,45.51485928989323,44.475140710106785,,,,,17049002,0.63,0.65,0.08793888518610896,-0.622858787470426,-0.5320297009402044,-110.03416770242876,48.006567196006806,48.006567196006806,54.06794421343197,54.06794421343197,180.00956480152544,-243.96902078062172,,,4.300567512581648,5.7988144586680095,7.870539427314373,,
1724938200,45.15,45.64,44.725,45.47,43.05997591925387,44.04296346037934,43.05997591925387,44.04296346037934,0,0,0,0,0,48.785000000000004,44.97,50.315000000000005,43.44,46.5,45.51981485703857,44.47018514296144,,,,,22499056,0.66,0.65,0.11829305872945306,-0.43857814552677293,-0.4695276168248426,-107.84570303707524,52.31761623585691,52.31761623585691,53.48450155424028,53.48450155424028,180.00956480152544,-243.96902078062172,,,4.218867116393616,5.736855739363131,7.863243378741105,,
1725024600,45.01,45.655,44.905,45.64,43.06369804528933,44.07747077565858,43.06369804528933,44.07747077565858,0,0,0,0,0,48.785000000000004,44.97,50.315000000000005,43.44,46.5,45.50125326523915,44.48874673476086,,,,,28085268,0.66,0.65,0.2590555832901963,-0.19712760942896856,-0.4856494185169723,-43.054565653513286,58.05048337498655,58.05048337498655,67.18244701647909,67.18244701647909,180.00956480152544,-243.96902078062172,,,3.833386872256128,5.662209901437366,7.855191717389487,,
1725370200,44.895,44.96345,44.2225,44.505,43.06606273450953,44.08412780406413,43.06606273450953,44.08412780406413,0,0,0,0,0,46.895,40.735,48.895,38.735,44.895,45.49906657366031,44.4909334263397,,,,,38194160,0.66,0.64,-0.6425048801955523,-0.49433106778985636,-0.7034000129998926,-83.03380518891878,34.82398724912733,34.82398724912733,50.308317999700144,50.308317999700144,180.00956480152544,-243.96902078062172,,,5.29499946461078,5.647809492150049,7.850076448153166,,
1725456600,44.55,44.835,43.8025,43.89,43.06759192984518,44.07421789017926,43.06759192984518,44.07421789017926,0,0,0,0,0,46.895,40.735,48.895,38.735,44.895,45.50217815750247,44.487821842497546,,,,,30113984,0.65,0.64,-0.28502871430841753,-0.4577404915686871,-0.8573967348001849,-107.63641413378323,-10.684270836357697,-10.684270836357697,29.97745505434753,29.97745505434753,180.00956480152544,-243.96902078062172,,,6.194453367598241,5.669246506873508,7.846768509930278,,
1725543000,44.205,44.24,43.51,43.55,43.06853949841691,44.05334071801537,43.06853949841691,44.05334071801537,0,0,0,0,0,46.895,40.735,48.895,38.735,44.895,45.50387825830603,44.48612174169398,,,,,24991290,0.65,0.64,-0.5510702859986809,-0.5859018237799282,-0.8511764865052174,-124.77037393467141,-51.66948444735897,-51.66948444735897,2.7618085537786996,2.7618085537786996,180.00956480152544,-243.96902078062172,,,6.820858764321666,5.714407771871475,7.844718740208783,,
1725629400,43.645,43.91,42.83,43.005,43.0681401187997,44.006882258485355,43.0681401187997,44.006882258485355,0,0,0,0,0,46.895,40.735,48.895,38.735,44.895,45.50729559295722,44.48270440704279,,,,,35912028,0.67,0.64,-0.9665949418094621,-1.0443991883370853,-1.0131447262256854,-164.60316936921436,-87.06275289120842,-87.06275289120842,-27.179711927883673,-27.179711927883673,180.00956480152544,-243.96902078062172,,,8.27711746439662,5.814906191186187,7.845582673723643,,
1725888600,43.135,43.715,43.07,43.315,43.06821626241848,43.97156334638789,43.06821626241848,43.97156334638789,0,0,0,0,0,46.895,40.735,48.895,38.735,44.895,45.50889681507122,44.48110318492879,,,,,32824322,0.67,0.64,-1.173891339738765,-0.9826317427253815,-0.6930329910003513,-150.54453568643436,-111.91177137824364,-111.91177137824364,-55.42373174467033,-55.42373174467033,180.00956480152544,-243.96902078062172,,,7.763143805546632,5.891307666259145,7.8454179607003125,,
1725975000,43.38,43.435,42.205,42.57,43.06658126489117,43.904047136725616,43.06658126489117,43.904047136725616,0,0,0,0,0,46.895,40.735,48.895,38.735,44.895,45.247185963232745,44.21281403676726,,,,,49326820,0.68,0.64,-1.8558416327672351,-1.1044107809775392,-0.6969982256340107,-201.21419458478687,-144.0293068527705,-144.0293068527705,-84.95892344737038,-84.95892344737038,180.00956480152544,-243.96902078062172,,,9.615590534318454,6.03735797481049,7.84895476903921,,
1726061400,42.565,42.585,41.51,42.175,43.063574808817464,43.812196268618735,43.063574808817464,43.812196268618735,0,0,0,0,0,46.895,40.735,48.895,38.735,44.895,44.89771864078501,43.86728135921499,,,,,48125724,0.72,0.64,-1.850099247547857,-1.4677535920867064,-0.8237026998709199,-226.72651635408937,-176.96882632148572,-176.96882632148572,-115.62889107207549,-115.62889107207549,180.00956480152544,-243.96902078062172,,,11.103972588071533,6.236048743957982,7.855458301145169,,
1726147800,42.34,42.7175,42.025,42.555,43.06159304096768,43.74394151298662,43.06159304096768,43.74394151298662,0,1,0,0,0,46.895,40.735,48.895,38.735,44.895,44.89778432000219,43.86721567999781,,,,,31769226,0.69,0.64,-1.4501379865113262,-1.4015755769380238,-0.7504157603706839,-198.45432363681184,-188.66387898596065,-188.66387898596065,-139.97388704337055,-139.97388704337055,180.00956480152544,-243.96902078062172,,,10.00107077845594,6.38369666687947,7.859745239161774,,
1726234200,42.77,43.115,42.67,42.795,43.060891056869835,43.70340459090872,43.060891056869835,43.70340459090872,0,0,0,0,0,46.895,40.735,48.895,38.735,44.895,44.89678933305369,43.86821066694631,,,,,26195462,0.67,0.64,-1.6442505608212392,-0.9158344865941889,-0.7698757604807813,-163.04546091323115,-171.60206143954414,-171.60206143954414,-150.51661184209507,-150.51661184209507,180.00956480152544,-243.96902078062172,,,8.619766570296603,6.47138568269975,7.861263763299906,,
1726493400,43.155,43.555,42.96,43.285,43.06076410171126,43.67571617557896,43.06076410171126,43.67571617557896,0,0,0,0,0,46.895,40.735,48.895,38.735,44.895,44.89950446458498,43.865495535415015,,,,,26875438,0.69,0.63,-1.4358792860701466,-0.3325912750491776,-0.6607801244362611,-147.1251970530167,-142.89273722066721,-142.89273722066721,-127.64498797781148,-127.64498797781148,180.00956480152544,-243.96902078062172,,,7.998715065852874,6.531280952627323,7.861538391277035,,
1726579800,43.3,43.9,43.205,43.87,43.06112201559395,43.658625345164104,43.06112201559395,43.658625345164104,0,0,0,0,0,46.895,40.735,48.895,38.735,44.895,44.90483930360064,43.86016069639937,,,,,25034684,0.68,0.64,-0.3939199174926787,0.23785216327374972,-0.5298304015051214,-133.67531896421494,-120.12164367848405,-120.12164367848405,-74.5794565941177,-74.5794565941177,180.00956480152544,-243.96902078062172,,,7.474033622443521,6.568251645561292,7.86076415597467,,
1726666200,43.805,44.495,43.745,43.955,43.06254734623212,43.663169449275316,43.06254734623212,43.663169449275316,0,0,0,0,0,46.895,40.735,48.895,38.735,44.895,44.90441233811739,43.86058766188261,,,,,28209578,0.69,0.64,0.04092143972799852,0.17057133441333622,-0.6286744887922906,-104.03068970726385,-87.19271922435738,-87.19271922435738,-21.334870316104016,-21.334870316104016,180.00956480152544,-243.96902078062172,,,6.317592890031058,6.5584218904424585,7.857680896702056,,
1726752600,44.7,44.9775,44.235,44.48,43.06493905982607,43.686558882637065,43.06493905982607,43.686558882637065,0,0,0,0,0,46.895,40.735,48.895,38.735,44.895,44.898587570263985,43.86641242973601,,,,,37806716,0.73,0.64,0.5880328448319314,0.29673605058482927,-0.4764011327247329,-77.13093352965996,-47.751741788189754,-47.751741788189754,31.130213084145495,31.130213084145495,180.00956480152544,-243.96902078062172,,,5.268230003212338,6.507826130158924,7.852507168643135,,
1726839000,44.295,44.485,43.8875,44.38,43.06663863213411,43.69553990684738,43.06663863213411,43.69553990684738,0,0,0,0,0,46.895,40.735,48.895,38.735,44.895,44.89777296137826,43.86722703862174,,,,,27961604,0.71,0.64,0.882226967864931,-0.08035907518572614,-0.4737392036102275,-96.20780143112367,-9.927437801327478,-9.927437801327478,65.72117017239708,65.72117017239708,180.00956480152544,-243.96902078062172,,,6.012421030088869,6.4883984791757845,7.848830672861808,,
1727098200,44.1,44.7775,43.9475,44.56,43.06845349001196,43.70649814579454,43.06845349001196,43.70649814579454,0,0,0,0,0,46.895,40.735,48.895,38.735,44.895,44.88931449529027,43.875685504709736,,,,,26630108,0.73,0.64,0.8194200909282474,-0.05338593470464434,-0.4644941061223626,-92.91395373590716,25.69047665906441,25.69047665906441,96.92630557984819,96.92630557984819,180.00956480152544,-243.96902078062172,,,5.8839276153763835,6.464693739418945,7.844904792627071,,
1727184600,45.07,45.07,44.3874,44.45,43.07113485366828,43.734105120469266,43.07113485366828,43.734105120469266,0,0,0,0,0,46.895,40.735,48.895,38.735,44.895,44.88921704547246,43.87578295452754,,,,,34627308,0.7,0.64,1.2713810694320087,-0.17573830689831274,-0.5119483788799215,-68.76456038380928,61.31108436675782,61.31108436675782,132.55229978214464,132.55229978214464,180.00956480152544,-243.96902078062172,,,4.9418567298425975,6.404974641004187,7.839104496797332,,
1727271000,44.335,44.47,43.49,43.58,43.07203578303158,43.725789233392035,43.07203578303158,43.725789233392035,0,0,0,0,0,46.895,40.735,48.895,38.735,44.895,44.89785706487377,43.86714293512623,,,,,27633552,0.67,0.63,0.9462379440340566,-0.3354265887221388,-0.6561373898035054,-118.02954241193497,76.8185096934077,76.8185096934077,107.8333603467075,107.8333603467075,180.00956480152544,-243.96902078062172,,,6.863689902559157,6.422963474790656,7.837155616489164,,
1727357400,42.715,43.2875,42.585,42.725,43.071144802446106,43.68266416541588,43.071144802446106,43.68266416541588,0,0,0,0,0,46.895,40.735,48.895,38.735,44.895,44.908436950908445,43.856563049091555,,,,,46896314,0.65,0.62,0.11185738929298222,-0.7315393849963632,-0.9347272602904088,-160.53582070264855,55.012839749531466,55.012839749531466,69.54995304544896,69.54995304544896,161.86868686868317,-243.96902078062172,,,8.801798907805972,6.516251138830472,7.839082975712574,,
1727443800,42.955,43.6575,42.93,43.595,43.07093801962403,43.6546243942231,43.07093801962403,43.6546243942231,0,0,0,0,0,46.895,40.735,48.895,38.735,44.895,44.92074106597757,43.844258934022434,,,,,30489512,0.66,0.63,0.5160192023255932,-0.594758437681257,-0.6973612669122131,-128.68112630819104,19.79789541126651,19.79789541126651,52.96593383405481,52.96593383405481,122.75319567354464,-243.96902078062172,,,8.062961773209123,6.5769064578257135,7.839530285997283,,
1727703000,43.515,43.9775,43.2625,43.9,43.071389342262144,43.64059304543004,43.071389342262144,43.64059304543004,0,0,0,0,0,46.895,40.735,48.895,38.735,44.895,44.92238567130397,43.84261432869604,,,,,22809424,0.66,0.63,0.39134846196173767,-0.46932315453924905,-0.5946140694524571,-112.89275933495342,5.86569371810595,5.86569371810595,37.26585379540519,37.26585379540519,122.75319567354464,-243.96902078062172,,,7.350894100010702,6.607258914381988,7.838553989921385,,
1727789400,43.505,45.08,43.45,44.9,43.07221064227761,43.63439135737396,43.07221064227761,43.63439135737396,0,0,0,0,0,45.285000000000004,39.73,47.065000000000005,37.949999999999996,43.505,44.93741357929972,43.82758642070028,,,,,66114108,0.68,0.63,0.6338999441619355,-0.21906724348027173,-0.22284320955914141,-103.98954487636088,23.132194781268062,23.132194781268062,32.55463412402615,32.55463412402615,122.75319567354464,-243.96902078062172,,,6.949352179034152,6.62067433652521,7.836777362926605,,
1727875800,45.53,45.645,44.855,45.36,43.07580942221312,43.68297993159459,43.07580942221312,43.68297993159459,0,0,0,0,0,45.285000000000004,39.73,47.065000000000005,37.949999999999996,43.505,44.93985610395033,43.82514389604966,,,,,41925142,0.7,0.63,0.8654574333089743,0.3596015277573669,-0.05143686425583236,-25.598861240880904,38.71806586366071,38.71806586366071,51.044929342929834,51.044929342929834,145.1194268948971,-243.96902078062172,,,3.940464717849884,6.5155680769693145,7.828992522476901,,
1727962200,45.52,46.22,45.175,46.16,43.08003397881209,43.74208660094382,43.08003397881209,43.74208660094382,0,0,0,0,0,45.285000000000004,39.73,47.065000000000005,37.949999999999996,43.505,44.94124415103839,43.82375584896161,,,,,44726052,0.72,0.64,1.0119271556011602,0.6077288938501829,0.09285461060792934,-54.39708853015855,53.13865045067223,53.13865045067223,81.97981962469528,81.97981962469528,187.4022798498407,-243.9690207806217,,,3.255166506049905,6.38770919183522,7.8198540089575665,,
1728048600,46.55,46.7325,46.125,46.59,43.08612921561766,43.835757714632294,43.08612921561766,43.835757714632294,0,0,0,0,0,45.285000000000004,39.73,47.065000000000005,37.949999999999996,43.505,44.94216184167522,43.82283815832477,,,,,35955784,0.75,0.63,1.3303295994401168,0.7135233274314164,0.0839273528490912,-25.442833030916503,72.39416184382628,72.39416184382628,110.9051846301344,110.9051846301344,187.4022798498407,-243.9690207806217,,,1.2206874397687124,6.185080887832612,7.8066688609671795,,
1728307800,46.755,47.105,46.6,46.755,43.148405257002935,43.99833735397375,43.148405257002935,43.99833735397375,0,0,0,0,0,45.285000000000004,39.73,47.065000000000005,37.949999999999996,43.505,44.93980777625645,43.82519222374355,,,,,32519412,0.77,0.64,1.3154595605013994,0.5321839094164031,0.2778061325986099,-8.4510147999173,93.70709526216041,93.70709526216041,136.3329620988287,136.3329620988287,187.4022798498407,-243.9690207806217,,,0.331515345952307,5.9555292979549534,7.791733489308808,,
1728394200,46.15,46.2,45.315,45.535,43.15276288885707,44.050535889112034,43.15276288885707,44.050535889112034,0,0,0,0,0,45.285000000000004,39.73,47.065000000000005,37.949999999999996,43.505,44.95886880705953,43.80613119294047,,,,,39759882,0.74,0.64,0.6367974797335344,-0.02146996070893688,0.012431127211845602,-78.51265362503783,104.35072299132088,104.35072299132088,125.63797844964184,125.63797844964184,187.4022798498407,-243.9690207806217,,,3.0798845043310976,5.842758913891273,7.78231920562254,,
1728480600,45.195,45.93,45.105,45.81,43.15669642953868,44.09253448169588,43.15669642953868,44.09253448169588,0,0,0,0,0,45.285000000000004,39.73,47.065000000000005,37.949999999999996,43.505,44.95700419942365,43.80799580057636,,,,,31519582,0.73,0.63,1.3334799402562076,0.2114870534740524,-0.14726134734158572,-89.96241561202251,102.09966626661098,102.09966626661098,103.60037074975091,103.60037074975091,187.4022798498407,-243.9690207806217,,,3.529034327879383,5.75202461640061,7.773821133938737,,
1728567000,46.065,46.375,45.73,46.12,43.1618583747344,44.15715077653133,43.1618583747344,44.15715077653133,0,0,0,0,0,45.285000000000004,39.73,47.065000000000005,37.949999999999996,43.505,44.95800426917301,43.80699573082699,,,,,26047398,0.73,0.64,2.081551199280641,0.41613523607929054,0.14238864716291258,-55.88574303171107,90.67599140177997,90.67599140177997,99.29224430042726,99.29224430042726,187.4022798498407,-243.9690207806217,,,2.1922789006523486,5.612426745194796,7.762669201404699,,
1728653400,46.105,46.57,46.015,46.405,43.16757374261705,44.230297804902655,43.16757374261705,44.230297804902655,0,0,0,0,0,45.285000000000004,39.73,47.065000000000005,37.949999999999996,43.505,44.95299389693251,43.81200610306749,,,,,26414500,0.73,0.64,1.6885227728865655,0.3110020943671062,0.2836530780658241,-40.34678033508885,91.69770475641279,91.69770475641279,96.7607311190891,96.7607311190891,187.4022798498407,-243.9690207806217,,,1.582718425836813,5.454398967965071,7.75032164740756,,
1728912600,46.08,46.46,46.01,46.385,43.17326780107336,44.300382204710395,43.17326780107336,44.300382204710395,0,0,0,0,0,45.285000000000004,39.73,47.065000000000005,37.949999999999996,43.505,44.9524875880457,43.812512411954295,,,,,22198514,0.71,0.64,1.4840273871572904,0.24707571030570857,0.28099174879574496,-40.61939371573148,95.55029531551432,95.55029531551432,96.3572525178975,96.3572525178975,187.4022798498407,-243.9690207806217,,,1.5934124692546348,5.302987732721524,7.738020130568094,,
1728999000,45.15,45.45,44.865,44.89,43.176685647624666,44.323265255506065,43.176685647624666,44.323265255506065,0,0,0,0,0,45.285000000000004,39.73,47.065000000000005,37.949999999999996,43.505,44.97804979397977,43.78695020602024,,,,,37839152,0.72,0.64,-0.005709290264067292,0.12803236304216395,-0.053908085492836176,-88.51927397223695,53.740440486347666,53.740440486347666,82.1516485073809,82.1516485073809,187.40227984984074,-183.15054025510477,,,4.042348411934554,5.253550896612231,7.730636171090304,,
1729085400,45.145,45.2525,44.9825,45.105,43.18032908289415,44.349812696466614,43.18032908289415,44.349812696466614,0,0,0,0,0,45.285000000000004,39.73,47.065000000000005,37.949999999999996,43.505,44.90264321491147,43.712356785088524,,,,,19877098,0.72,0.64,-0.14438260274794176,0.41048548199018936,0.020929309783037225,-83.01609159565609,12.856762143860209,12.856762143860209,59.053353052874,59.053353052874,187.40227984984074,-183.15054025510477,,,3.7910383916158716,5.196197465043746,7.72276484685559,,
1729171800,45.1,45.47,45.05,45.32,43.1840987550562,44.37793964954635,43.1840987550562,44.37793964954635,0,0,0,0,0,45.285000000000004,39.73,47.065000000000005,37.949999999999996,43.505,44.90042389970307,43.714576100296924,,,,,21433300,0.72,0.64,-0.46704967804165715,0.602246203293636,-0.0028306487075584357,-79.8546889537907,-13.086275646078025,-13.086275646078025,35.00681015322333,35.00681015322333,187.40227984984074,-183.15054025510477,,,3.6466688054753615,5.135431635256751,7.714620798820864,,
1729258200,45.235,45.365,44.85,45.17,43.18746529101013,44.39719887897591,43.18746529101013,44.39719887897591,0,0,0,0,0,45.285000000000004,39.73,47.065000000000005,37.949999999999996,43.505,44.89971304887699,43.715286951123005,,,,,24015182,0.71,0.64,-0.7847564095557181,0.7483720494744953,-0.01422684676121667,-89.22180789265154,-33.10861723616346,-33.10861723616346,12.301667690094401,12.301667690094401,187.40227984984074,-183.15054025510477,,,4.074430542188003,5.093823749254055,7.707347691415004,,
1729517400,45.47,45.615,44.955,45.035,43.191032792926194,44.419779315094495,43.191032792926194,44.419779315094495,0,0,0,0,0,45.285000000000004,39.73,47.065000000000005,37.949999999999996,43.505,44.89325237143418,43.72174762856581,,,,,21162084,0.7,0.65,-0.9567870711737436,0.5962719963928954,0.053264306127080205,-84.30407044974964,-71.25871773398694,-71.25871773398694,-15.551794117932712,-15.551794117932712,187.40227984984074,-183.15054025510477,,,3.8498556304138685,5.045040685770126,7.6996404145698465,,
1729603800,45.2,45.35,44.975,45.14,43.19463272740586,44.442250714502556,43.19463272740586,44.442250714502556,0,0,0,0,0,45.285000000000004,39.73,47.065000000000005,37.949999999999996,43.505,44.8933996055359,43.7216003944641,,,,,17956470,0.69,0.65,-0.22563554434062452,0.906618561231094,0.15444290885457151,-83.36735855586339,-112.85009314385593,-112.85009314385593,-47.984560459907115,-47.984560459907115,187.40227984984074,-183.15054025510477,,,3.8070794567425965,4.996493186592576,7.691863069998763,,
1729690200,45.015,45.1875,44.645,44.905,43.1975727219565,44.4510291178554,43.1975727219565,44.4510291178554,0,0,0,0,0,45.285000000000004,39.73,47.065000000000005,37.949999999999996,43.505,44.88606016102462,43.728939838975364,,,,,19813274,0.69,0.65,-0.524607374248613,0.9924143422940634,0.17795823157296695,-98.82310480498404,-158.8651270437615,-158.8651270437615,-84.9447493211919,-84.9447493211919,187.40227984984074,-183.15054025510477,,,4.512886322318467,4.977528211523003,7.685511468105296,,
1729776600,45,45.135,44.6,44.9,43.200417831403136,44.45771621127283,43.200417831403136,44.45771621127283,0,0,0,0,0,45.285000000000004,39.73,47.065000000000005,37.949999999999996,43.505,44.88572437490454,43.72927562509545,,,,,17047212,0.73,0.66,-0.7198338194265543,0.8657516735194263,0.15722397221542522,-100.93070656622785,-191.20841705826808,-191.20841705826808,-120.36597190021729,-120.36597190021729,187.40227984984074,-183.15054025510477,,,4.609132713078817,4.963081329231074,7.679364857206142,,
1729863000,45.14,45.26,44.755,44.885,43.20356384972201,44.470158712791545,43.20356384972201,44.470158712791545,0,0,0,0,0,45.285000000000004,39.73,47.065000000000005,37.949999999999996,43.505,44.8838852926939,43.73111470730609,,,,,19104512,0.73,0.65,-0.8943831218475171,0.7699054821041716,0.11603051647247295,-93.67118938861049,-196.99898510357298,-196.99898510357298,-145.91030963466918,-145.91030963466918,187.40227984984074,-183.15054025510477,,,4.27761736712651,4.9362003895407,7.672568158924265,,
1730122200,43.93,44.6275,43.89,44.6,43.20499259327901,44.44853092013305,43.20499259327901,44.44853092013305,0,0,0,0,0,45.285000000000004,39.73,47.065000000000005,37.949999999999996,43.505,44.877987140259705,43.73701285974029,,,,,24227926,0.72,0.65,-1.0491782942949561,0.4782074539498333,-0.10772282104517929,-134.18397879918462,-214.28393408170547,-214.28393408170547,-168.70151778368128,-168.70151778368128,187.40227984984074,-183.15054025510477,,,6.12768687840873,4.982925349888466,7.669481483039119,,
1730208600,44.5,44.535,43.825,43.92,43.206289910774956,44.425227746794505,43.206289910774956,44.425227746794505,0,0,0,0,0,45.285000000000004,39.73,47.065000000000005,37.949999999999996,43.505,44.883090724855656,43.73190927514434,,,,,23791564,0.75,0.65,-0.5847861573423897,0.017808063576091257,-0.1919785071242973,-137.22829245431436,-230.5673871394919,-230.5673871394919,-189.32347423561816,-189.32347423561816,187.40227984984074,-183.15054025510477,,,6.266709442840337,5.033269824121873,7.666678741700061,,
1730295000,44.075,44.365,43.905,44.02,43.2077428779862,44.40594430574374,43.2077428779862,44.40594430574374,0,0,0,0,0,45.285000000000004,39.73,47.065000000000005,37.949999999999996,43.505,44.864527849229425,43.75047215077058,,,,,19364152,0.75,0.64,-0.6511992406001099,0.02311283821259323,-0.3203000146109344,-133.48144487877002,-231.0155322350725,-231.0155322350725,-203.22082690210294,-203.22082690210294,187.40227984984074,-183.15054025510477,,-251.0155322350725,6.095604748155281,5.074930017221222,7.663539732721949,,
1730381400,44.3,44.63,44.1775,44.295,43.20973195315506,44.39799648983222,43.20973195315506,44.39799648983222,0,0,0,0,0,45.285000000000004,39.73,47.065000000000005,37.949999999999996,43.505,44.846635905445396,43.7683640945546,,,,,31623212,0.72,0.64,-0.6126848428762276,-0.06505032860803307,-0.2862241589494848,-120.7187453245718,-207.91943243602302,-207.91943243602302,-204.78702874674298,-204.78702874674298,187.40227984984074,-183.15054025510477,,-227.91943243602302,5.512779381884291,5.092100580541342,7.659242509243752,,
1730467800,44.895,45.055,43.925,44.015,43.2112176035983,44.380557411799586,43.2112176035983,44.380557411799586,0,0,0,0,0,48.93249999999999,43.06750000000001,50.75999999999999,41.24000000000001,44.895,44.83310105816299,43.78189894183701,,,,,26304584,0.72,0.65,-0.6918109242469921,-0.12846962638890325,-0.2548554779258874,-132.5447329848841,-199.0821660924616,-199.0821660924616,-187.67244078389882,-187.67244078389882,187.40227984984074,-183.15054025510477,,,6.052828574484024,5.129776188146938,7.656032890992484,,
1730730600,44.315,44.855,44.255,44.785,43.21335303296174,44.376613983885875,43.21335303296174,44.376613983885875,0,0,0,0,0,48.93249999999999,43.06750000000001,50.75999999999999,41.24000000000001,44.895,44.84060524672044,43.77439475327955,,,,,25811882,0.71,0.64,-0.14913171716122034,0.07831715191652684,-0.1213048555843959,-117.08898673576311,-178.06632968991588,-178.06632968991588,-136.03465688482447,-136.03465688482447,187.40227984984074,-183.15054025510477,,,5.347021708908138,5.138295620333651,7.65141948203727,,
1730817000,45.005,45.1975,44.805,45.085,43.21657210782096,44.39417814138054,43.21657210782096,44.39417814138054,0,0,0,0,0,48.93249999999999,43.06750000000001,50.75999999999999,41.24000000000001,44.895,44.841360378683284,43.77363962131671,,,,,20876666,0.71,0.64,-0.03278467601323895,0.2219274863070701,-0.09643127510316636,-91.32940965389535,-142.79846317923332,-142.79846317923332,-72.26273015786822,-72.26273015786822,187.40227984984074,-183.15054025510477,,,4.1706769329483535,5.100349789455796,7.64446495146966,,
1730903400,46.325,47.1325,46.02495,46.78,43.245260163479244,44.481232851677944,43.245260163479244,44.481232851677944,0,0,0,0,0,48.93249999999999,43.06750000000001,50.75999999999999,41.24000000000001,44.895,44.8806190004744,43.7618809995256,,,,,50053266,0.7,0.64,1.0735037690643239,1.089931306822811,0.22176495268929255,-44.42382320986433,-95.82181084367681,-95.82181084367681,-1.8685061725637695,-1.8685061725637695,282.59259259259346,-183.15054025510477,,,1.614044463445926,4.963631933533841,7.632416159285796,,
1730989800,46.75,46.75,46.21,46.565,43.251195108207554,44.549251171219986,43.251195108207554,44.549251171219986,0,0,0,0,0,48.93249999999999,43.06750000000001,50.75999999999999,41.24000000000001,44.895,44.88133786204364,43.761162137956354,,,,,26138004,0.69,0.63,0.9526334611525468,1.3330500661301483,0.18793397767678657,-33.53629458926236,-48.0127802444833,-48.0127802444833,47.605280953903716,47.605280953903716,282.59259259259346,-183.15054025510477,,,1.2184694313809328,4.816762815802354,7.619601080908364,,
1731076200,46.57,46.9425,46.385,46.875,43.345124519997576,44.70835547615283,43.345124519997576,44.70835547615283,0,0,0,0,0,48.93249999999999,43.06750000000001,50.75999999999999,41.24000000000001,44.895,44.881828856063485,43.76067114393651,,,,,22336820,0.7,0.64,1.138074832770905,1.1150529909999871,0.20753303150189056,-28.77101854817281,-4.796456490591048,-4.796456490591048,81.63619101719345,81.63619101719345,282.59259259259346,-183.15054025510477,,,1.0453333333333374,4.668863620411413,7.606465680813309,,
1731335400,46.885,47.2975,46.665,47.14,43.596321966360314,45.02811233156449,43.596321966360314,45.02811233156449,0,0,0,0,0,48.93249999999999,43.06750000000001,50.75999999999999,41.24000000000001,44.895,44.96293266156917,43.84456733843084,,,,,20909486,0.7,0.63,1.476150922847679,1.1044645148730636,0.4008317737431543,-27.733486439076806,32.92481648849384,32.92481648849384,108.3673624466636,108.3673624466636,282.59259259259346,-183.15054025510477,,,1.0076368264743347,4.525286099080547,7.593281207577866,,
1731421800,47.275,47.42375,46.83995,46.89,43.6028087366573,45.09928245581687,43.6028087366573,45.09928245581687,0,0,0,1,0,48.93249999999999,43.06750000000001,50.75999999999999,41.24000000000001,44.895,45.02721174697962,43.906538253020386,,,,,18500350,0.69,0.64,1.753099832762267,0.6633742940746027,0.4081934700191406,-17.518805486410397,72.8882388710429,72.8882388710429,152.81508363614103,152.81508363614103,282.59259259259346,-183.15054025510477,,,0.636508273228678,4.37278500787067,7.57938156135539,,
1731508200,47.03,47.4475,46.465,47.255,43.714701529609336,45.258856822827155,43.714701529609336,45.258856822827155,0,0,0,1,0,48.93249999999999,43.06750000000001,50.75999999999999,41.24000000000001,44.895,45.03712410760471,43.920375892395285,,,,,23676238,0.69,0.65,1.9195151919998759,0.6300033342909213,0.5640227261016678,-46.01291648705866,111.7471057805837,111.7471057805837,189.4648395996653,189.4648395996653,282.59259259259346,-183.15054025510477,,,1.671780763940322,4.266863272814578,7.567578163158757,,
1731594600,47.57,47.59,47.1325,47.435,43.88771822099627,45.49808745786814,43.88771822099627,45.49808745786814,0,0,0,1,0,48.93249999999999,43.06750000000001,50.75999999999999,41.24000000000001,44.895,45.10944368527086,43.99055631472913,,,,,18011072,0.68,0.65,1.8510788042116875,0.4164220551288929,0.5367068644488994,-17.552012187237754,151.41949221018035,151.41949221018035,230.76426506937364,230.76426506937364,282.59259259259346,-183.15054025510477,250.76426506937364,,0.6377147675766881,4.124543723589563,7.553732282248503,,
1731681000,47.39,47.845,47.195,47.365,43.89433097180347,45.56472716540272,43.89433097180347,45.56472716540272,0,0,0,1,0,48.93249999999999,43.06750000000001,50.75999999999999,41.24000000000001,44.895,45.23764938030395,44.11735061969604,,,,,28080492,0.69,0.65,1.9944280919847173,0.2516648990279014,0.42953281103735946,-13.745538033106707,188.10881421005217,188.10881421005217,261.4874582097959,261.4874582097959,282.59259259259346,-177.12955779674337,281.4874582097959,,0.5059555180773733,3.982638303765555,7.539650810192217,,
1731940200,47.74,48.09,47.53,47.995,44.41876914741663,46.158804382621284,44.41876914741663,46.158804382621284,0,0,0,1,0,48.93249999999999,43.06750000000001,50.75999999999999,41.24000000000001,44.895,45.344006187536635,44.255993812463366,,,,,25235560,0.69,0.65,1.868056595017216,0.39907137022123557,0.5249755800051737,-26.32124113789534,219.5689536068396,219.5689536068396,282.4892324004145,282.4892324004145,282.59259259259346,-177.12955779674337,302.4892324004145,,0.9688509219710311,3.864450563303025,7.52652233888708,,
1732026600,47.61,47.97505,47.4625,47.69,44.424861167102115,46.21013852447927,44.424861167102115,46.21013852447927,0,0,0,1,0,48.93249999999999,43.06750000000001,50.75999999999999,41.24000000000001,44.895,45.345673622563005,44.254326377436996,,,,,23796418,0.7,0.65,1.5039836432169917,0.7112278686895375,0.3295363902652099,-30.14206646436419,238.86998985568388,238.86998985568388,277.4720623533724,277.4720623533724,282.59259259259346,-177.12955779674337,297.4720623533724,,1.1094905719345742,3.7564129165826934,7.513701096595467,,
1732113000,47.865,48.205,47.715,48.17,44.59310283343888,46.431215615999285,44.59310283343888,46.431215615999285,0,0,0,1,0,48.93249999999999,43.06750000000001,50.75999999999999,41.24000000000001,44.895,45.40608949726218,44.308910502737824,,,,,17917576,0.73,0.65,0.7710830286318778,0.7718584189929434,0.3786212379109222,-29.31743071070757,251.64364347011715,251.64364347011715,277.1909506989837,277.1909506989837,282.59259259259346,-177.12955779674337,297.1909506989837,,0.9445713099439449,3.6461446182831345,7.500575962156603,,
1732199400,48.39,48.925,48.27,48.56,44.96077399254679,46.8646187201917,44.96077399254679,46.8646187201917,0,0,0,0,0,48.93249999999999,43.06750000000001,50.75999999999999,41.24000000000001,44.895,45.766410798787156,44.668589201212846,,,,,33541028,0.73,0.65,1.109824359557772,0.791244784806883,0.3612478024800786,-21.933481058868313,261.4164791983048,261.4164791983048,280.96215065468004,280.96215065468004,282.59259259259346,-177.12955779674337,300.96215065468004,,0.597199341021415,3.5265781368218905,7.486783001874614,,
1732285800,48.495,48.96,48.45,48.635,45.03705148962211,46.99640610902608,45.03705148962211,46.99640610902608,0,0,0,1,1,48.93249999999999,43.06750000000001,50.75999999999999,41.24000000000001,44.895,45.782308813492584,44.68769118650742,,,,,21555650,0.7,0.66,0.9730397742324894,0.7190161819223186,0.35889656470449294,-13.970471133704962,267.053201008299,267.053201008299,278.32664462828745,278.32664462828745,282.59259259259346,-177.12955779674337,298.32664462828745,,0.38038449676158154,3.4031979940744272,7.4725844034628,,
1732545000,48.625,48.87,47.5575,47.675,45.042108879253234,47.01883234004467,45.042108879253234,47.01883234004467,0,0,0,0,0,48.93249999999999,43.06750000000001,50.75999999999999,41.24000000000001,44.895,45.79200358803828,44.67799641196172,,,,,32950682,0.73,0.66,0.2926391978964233,0.41401856517785457,0.27728882002548505,-81.3685548463108,235.5827965737913,235.5827965737913,256.56306619679646,256.56306619679646,282.59259259259346,-177.12955779674337,276.56306619679646,,2.2154826770844056,3.3566209228199164,7.4620807037097965,,
1732631400,47.74,47.84,47.39,47.61,45.04682484552845,47.033876169846835,45.04682484552845,47.033876169846835,0,0,0,0,0,48.93249999999999,43.06750000000001,50.75999999999999,41.24000000000001,44.895,45.79058181792284,44.67941818207716,,,,,24932738,0.72,0.66,0.39648216660831004,0.90329595515173,0.32162432644898126,-94.01749492682755,171.38771121012675,171.38771121012675,228.17128120123988,228.17128120123988,282.59259259259346,-177.12955779674337,,,2.559884856584759,3.3253763712028515,7.452286106612643,,
1732717800,47.565,47.965,47.5,47.56,45.05174897171121,47.05260063377441,45.05174897171121,47.05260063377441,0,0,0,0,0,48.93249999999999,43.06750000000001,50.75999999999999,41.24000000000001,44.895,45.786371595230555,44.68362840476944,,,,,15596444,0.72,0.65,0.1671482559857235,0.813796765999493,0.4577538715945596,-85.71072830678658,113.76898116615462,113.76898116615462,190.0371811895448,190.0371811895448,282.59259259259346,-177.12955779674337,,,2.3337102909427325,3.2864875053102978,7.44205918190601,,
1732890600,47.665,47.845,47.58,47.765,45.05682150123826,47.073696687351884,45.05682150123826,47.073696687351884,0,0,0,0,0,48.93249999999999,43.06750000000001,50.75999999999999,41.24000000000001,44.895,45.78648220859722,44.68351779140278,,,,,13636374,0.74,0.66,0.18030431558815446,0.8072711305950014,0.4963146602118863,-79.66944349221144,71.28664456973223,71.28664456973223,150.45366898294063,150.45366898294063,282.59259259259346,-177.12955779674337,,,2.1692196977485345,3.2426730814843463,7.43152403808152,,
1733149800,47.75,47.83,46.835,47.26,45.06041026946755,47.06504191529887,45.06041026946755,47.06504191529887,0,0,0,0,0,51.477500000000006,45.2325,53.995000000000005,42.714999999999996,47.75,45.77017463926778,44.69982536073222,,,,,22189956,0.77,0.65,-0.057396110228395865,0.6916498255526505,0.2460453879729739,-135.9289083279435,8.056750632897732,8.056750632897732,102.98802953292633,102.98802953292633,282.59259259259346,-177.12955779674337,,,3.7010383468695327,3.260648189930824,7.424070520216961,,
1733236200,47.565,47.65,47.05035,47.255,45.064417834363724,47.06508719313029,45.064417834363724,47.06508719313029,0,0,0,0,0,51.477500000000006,45.2325,53.995000000000005,42.714999999999996,47.75,45.7633652103533,44.70663478964671,,,,,17886554,0.73,0.65,-0.3992460261317106,0.7369653319203916,0.2172139901834369,-119.66652476770862,-48.15100306995404,-48.15100306995404,52.60835199863288,52.60835199863288,282.59259259259346,-177.12955779674337,,,3.2582502313148893,3.2605541523380426,7.415747202956417,,
1733322600,47.235,47.235,45.84,46.115,45.06602329323612,47.01814063653694,45.06602329323612,47.01814063653694,0,0,0,0,0,51.477500000000006,45.2325,53.995000000000005,42.714999999999996,47.75,45.780618333352095,44.689381666647904,,,,,32518052,0.75,0.64,-0.844565774174524,0.31890598927553837,0.07740889784867466,-232.55400101732235,-103.34591016916013,-103.34591016916013,0.6235979427018705,0.6235979427018705,282.5925925925935,-223.92916965781768,,,5.746890099722411,3.358057522823704,7.412412823129776,,
1733409000,46.285,46.6,46.10185,46.295,45.06814348945343,46.9832010625551,45.06814348945343,46.9832010625551,0,0,0,0,0,51.477500000000006,45.2325,53.995000000000005,42.714999999999996,47.75,45.77530377095343,44.69469622904656,,,,,22662402,0.71,0.65,-0.9955646626789022,0.45709273579652576,-0.021125639501611802,-210.7671440704941,-137.2229716584372,-137.2229716584372,-45.32525859101115,-45.32525859101115,282.5925925925935,-223.92916965781768,,,5.208491826873649,3.4306235739629174,7.408009384575817,,
1733495400,46.2,46.205,45.4225,45.51,45.068915680283695,46.92325690323921,45.068915680283695,46.92325690323921,0,0,0,0,0,51.477500000000006,45.2325,53.995000000000005,42.714999999999996,47.75,45.78390234241001,44.68609765758998,,,,,26206628,0.72,0.65,-1.5967224177428514,0.19940274296548643,-0.1990987867764932,-270.8672525403269,-165.02236467840788,-165.02236467840788,-85.22429395347672,-85.22429395347672,282.5925925925935,-223.92916965781768,,,6.605325382954659,3.5551216841194564,7.406405620336814,,
1733754600,45.89,46.1325,45.395,45.435,45.069631932670745,46.86459584821023,45.069631932670745,46.86459584821023,0,0,0,0,0,51.477500000000006,45.2325,53.995000000000005,42.714999999999996,47.75,45.77414624840964,44.695853751590356,,,,,23627798,0.74,0.65,-1.6727663259916352,0.17986019160809222,0.012141086178457714,-270.8672525403268,-179.79499426914379,-179.79499426914379,-116.74786072536574,-116.74786072536574,282.5925925925935,-223.92916965781768,,,6.661869024365159,3.6769549131486996,7.4049180347304775,,
1733841000,45.695,45.76,45.06,45.125,45.06968411662145,46.795229344358845,45.06968411662145,46.795229344358845,0,0,0,0,0,51.477500000000006,45.2325,53.995000000000005,42.714999999999996,47.75,46.03334294511265,44.95165705488734,,,,,23299828,0.73,0.65,-1.3629712835937764,0.17318131954841312,0.17776057063683529,-270.8672525403268,-198.2422636424092,-198.2422636424092,-143.91266169771356,-143.91266169771356,282.5925925925935,-223.92916965781768,,,7.35067338336588,3.8210223041376086,7.4048096538086705,,
1733927400,45.22,45.37,44.98,45.2,45.069577954550276,46.72547721320752,45.069577954550276,46.72547721320752,0,0,0,0,0,51.477500000000006,45.2325,53.995000000000005,42.714999999999996,47.75,46.31474761936505,45.230252380634944,,,,,23147502,0.7,0.65,-1.291361471408342,0.4292556048925996,0.38854364227248334,-270.86725254032683,-209.6325214651483,-209.6325214651483,-165.81928162019182,-165.81928162019182,282.5925925925935,-223.92916965781768,,,7.5151639765600935,3.965890605016922,7.405030141966016,,
1734013800,45.12,45.2,44.79,44.835,45.069096180415315,46.65108398916016,45.069096180415315,46.65108398916016,0,0,0,0,0,51.477500000000006,45.2325,53.995000000000005,42.714999999999996,47.75,46.31650508369688,45.22849491630312,,,,,21746294,0.73,0.65,-1.4706715624220825,0.27437085541588635,0.26460780857725635,-270.86725254032683,-230.59305240664446,-230.59305240664446,-187.41053854900937,-187.41053854900937,282.5925925925935,-223.92916965781768,,,7.905829135396318,4.120397998365133,7.406030739355487,,
1734100200,44.945,44.96,44.485,44.61,45.06801207216273,46.56776696997741,45.06801207216273,46.56776696997741,0,0,0,0,0,51.477500000000006,45.2325,53.995000000000005,42.714999999999996,47.75,46.31392184553962,45.231078154460384,,,,,22346060,0.75,0.65,-1.6940418497548848,0.10530034010239317,0.18501700343409033,-270.86725254032683,-248.56114487284046,-248.56114487284046,-207.7940739902864,-207.7940739902864,282.5925925925935,-223.92916965781768,,-268.5611448728405,8.532949521949211,4.293439234584117,7.408282325334696,,
1734359400,44.485,44.485,43.595,43.63,45.06516969040017,46.45316434370379,45.06516969040017,46.45316434370379,0,1,1,0,0,51.477500000000006,45.2325,53.995000000000005,42.714999999999996,47.75,46.323877754495854,45.221122245504155,,,,,25036152,0.78,0.66,-1.9592977317991858,-0.12882107646812183,-0.1858606044645298,-270.86725254032683,-266.90127447599167,-266.90127447599167,-227.49647415218814,-227.49647415218814,282.5925925925935,-223.92916965781768,,-286.90127447599167,10.362907371234705,4.53145759288414,7.414185672079751,,
1734445800,43.3,43.385,42.9,43.305,45.06095826244732,46.31607358512717,45.06095826244732,46.31607358512717,0,1,1,0,0,51.477500000000006,45.2325,53.995000000000005,42.714999999999996,47.75,46.325356831314444,45.21964316868556,,,,,32011674,0.8,0.66,-2.129816112046171,-0.48613992483868174,-0.2659766193940653,-270.86725254032683,-275.7364685291168,-275.7364685291168,-243.57647227783102,-243.57647227783102,282.5925925925935,-223.92916965781768,,-295.7364685291168,11.791919399609334,4.816181585304736,7.422932392814076,,
1734532200,43.185,43.39,42.025,42.025,45.05502447970517,46.15038834649473,45.05502447970517,46.15038834649473,0,1,1,0,0,51.477500000000006,45.2325,53.995000000000005,42.714999999999996,47.75,46.062849500070946,44.92215049992905,,,,,39241224,0.83,0.67,-2.20517446061227,-0.9742952474640812,-0.5349959771371025,-270.86725254032683,-278.3324662497629,-278.3324662497629,-255.16180360180832,-255.16180360180832,282.5925925925935,-223.92916965781768,,-298.3324662497629,13.591035262670914,5.160293494221056,7.435256274671931,,
1734618600,42.47,42.605,41.63,41.66,45.04832123399147,45.975865274083176,45.04832123399147,45.975865274083176,0,1,1,0,0,51.477500000000006,45.2325,53.995000000000005,42.714999999999996,47.75,45.86455398866633,44.72544601133367,,,,,49988450,0.85,0.67,-2.5054981732079518,-1.581348374606043,-0.5306170678907102,-270.8672525403269,-274.0073831034751,-274.0073831034751,-261.44366343569726,-261.44366343569726,282.5925925925935,-223.92916965781768,,-294.0073831034751,14.403207566567279,5.522760712744438,7.449178255275119,,
1734705000,41.655,42.215,41.5451,42.07,45.04146344731017,45.80489012607991,45.04146344731017,45.80489012607991,0,1,1,0,0,51.477500000000006,45.2325,53.995000000000005,42.714999999999996,47.75,45.82415038285094,44.680949617149054,,,,,35704810,0.83,0.68,-1.8862857923579643,-1.3908021326997282,-0.4981686414173606,-270.8672525403268,-262.3500203537246,-262.3500203537246,-261.74578240837303,-261.74578240837303,282.5925925925935,-223.92916965781768,,-282.3500203537246,14.577773208594635,5.877859241993465,7.463421202234798,,
1734964200,41.655,42.105,41.375,41.965,45.0342829009619,45.63401600348854,45.0342829009619,45.63401600348854,0,0,0,0,0,51.477500000000006,45.2325,53.995000000000005,42.714999999999996,47.75,45.738028526067694,44.596971473932314,,,,,34445364,0.83,0.68,-1.9460725566618644,-1.5409894659568797,-0.6227052723117831,-270.86725254032683,-258.4265219567807,-258.4265219567807,-251.78800105359602,-251.78800105359602,282.5925925925935,-223.92916965781768,,-278.4265219567807,14.927521332373802,6.232747951420145,7.478334489208103,,
1735050600,42.085,42.4,41.80955,42.32,45.02797625081013,45.48671359158703,45.02797625081013,45.48671359158703,0,0,0,0,0,51.477500000000006,45.2325,53.995000000000005,42.714999999999996,47.75,45.73000059274912,44.60499940725089,,,,,15024184,0.83,0.67,-1.613375471248347,-1.5322041416341017,-0.5575226412286053,-254.6543924037704,-250.07415401197431,-250.07415401197431,-233.3694181223616,-233.3694181223616,282.5925925925935,-223.92916965781768,,-270.0741540119743,14.034028991467043,6.538680541225906,7.491432779921907,,
1735223400,42.335,42.3575,42.025,42.285,45.02210836619312,45.353552274269894,45.02210836619312,45.353552274269894,0,0,0,0,0,51.477500000000006,45.2325,53.995000000000005,42.714999999999996,47.75,45.71895541836477,44.61604458163524,,,,,15386454,0.84,0.68,-1.7013115507663068,-1.495796458834506,-0.6285219340295428,-218.0574416606761,-236.22864900376683,-236.22864900376683,-208.53763898735184,-208.53763898735184,282.5925925925935,-223.92916965781768,,-256.2286490037668,13.591035262670914,6.815243471478651,7.503619797869457,,
1735309800,42.25,42.74,42.0675,42.28,45.016336271555375,45.22726296939656,45.016336271555375,45.22726296939656,0,0,0,0,0,51.477500000000006,45.2325,53.995000000000005,42.714999999999996,47.75,45.70649685937146,44.62850314062855,,,,,20369700,0.85,0.67,-1.5054276412979082,-1.605723804494033,-0.40910654958832043,-216.44290485395487,-214.61156337507128,-214.61156337507128,-171.37739211768022,-171.37739211768022,282.5925925925935,-223.92916965781768,,-234.61156337507128,13.503649635036489,7.077533909265234,7.515607869472189,,
1735569000,42.285,42.515,41.925,42.275,45.010293841442376,45.1003938333418,45.010293841442376,45.1003938333418,0,0,0,0,0,51.477500000000006,45.2325,53.995000000000005,42.714999999999996,47.75,45.70480342679945,44.63019657320055,,,,,23545302,0.83,0.67,-1.38361463538686,-1.660162710797179,-0.42454461609636696,-221.8563517941374,-190.4043143344479,-190.4043143344479,-141.9898162532011,-141.9898162532011,282.5925925925935,-223.92916965781768,,,13.79664850416367,7.341028599261251,7.528157401209834,,
1735655400,42.375,42.95,42.2875,42.83,45.00498051708385,44.99257348693624,45.00498051708385,44.99257348693624,0,0,0,0,0,51.477500000000006,45.2325,53.995000000000005,42.714999999999996,47.75,45.69415176724832,44.64084823275169,,,,,21165070,0.84,0.67,-0.4897831537039717,-1.4765841139696836,-0.3399179045341833,-208.0853025603402,-153.52759102433626,-153.52759102433626,-79.774144404113,-79.774144404113,282.5925925925935,-223.92916965781768,,,13.051300503752437,7.564960830809925,7.5391926521639645,,
1735828200,43.18,43.6475,43.0375,43.33,45.001161325241526,44.91809903646815,45.001161325241526,44.91809903646815,0,0,0,0,0,46.4075,38.1475,49.635,34.92,43.18,45.695162313434786,44.63983768656522,,,,,34887070,0.84,0.67,0.015345933668472181,-1.4917167820688866,-0.3656440760443814,-162.12304164428048,-106.17553635761666,-106.17553635761666,-11.471427024177444,-11.471427024177444,282.5925925925935,-223.92916965781768,,,11.509201192556793,7.71963692342745,7.547124737159755,,
1735914600,43.585,43.88155,43.41,43.735,44.998086577338945,44.86100691739097,44.998086577338945,44.86100691739097,0,0,0,0,0,46.4075,38.1475,49.635,34.92,43.18,45.68799315128499,44.647006848715016,,,,,22124068,0.83,0.67,1.079153788968245,-1.2698531179691028,-0.3615660880069651,-147.64453581795956,-55.68509005616905,-55.68509005616905,45.295802546726186,45.295802546726186,282.5925925925935,-223.92916965781768,,,10.743291867996302,7.838211627136032,7.553510685473115,,
1736173800,43.935,44.285,43.4225,43.535,44.99504269806354,44.80663899906191,44.99504269806354,44.80663899906191,0,0,0,0,0,46.4075,38.1475,49.635,34.92,43.18,45.685131098249414,44.649868901750594,,,,,22835288,0.82,0.66,1.1966454871769312,-1.4770526143953162,-0.32174213026613974,-112.58868612213453,-9.741614692551885,-9.741614692551885,82.14533603468246,82.14533603468246,282.5925925925935,-223.92916965781768,,,10.717590212809702,7.9511284344173525,7.559832522690571,,
1736260200,43.855,44.305,43.59,43.97,44.99233621914633,44.76090609713791,44.99233621914633,44.76090609713791,0,0,0,0,0,46.4075,38.1475,49.635,34.92,43.18,45.6882339835494,44.646766016450606,,,,,25035776,0.82,0.66,1.1979611198099296,-1.4475548017516573,-0.18024376230100495,-106.02346247532584,31.29431051015373,31.29431051015373,113.36616091556496,113.36616091556496,282.5925925925935,-223.92916965781768,,,10.373188033309335,8.046111163785666,7.565453612621877,,
1736346600,43.7,44.035,43.545,44.015,44.989546136790395,44.71521958352466,44.989546136790395,44.71521958352466,0,0,0,0,0,46.4075,38.1475,49.635,34.92,43.18,45.66740622320324,44.66759377679678,,,,,28483866,0.82,0.67,1.3024486382198444,-1.4622660616191647,-0.28438766589500913,-78.34738784029571,68.2069096474811,68.2069096474811,142.03210792213585,142.03210792213585,282.5925925925935,-223.92916965781768,,,10.465713991981076,8.140997549205094,7.571248338654563,,
1736519400,44.585,45.1,43.96,44.195,44.987582508145465,44.68743646260212,44.987582508145465,44.68743646260212,0,0,0,0,0,46.4075,38.1475,49.635,34.92,43.18,45.66670130974313,44.66829869025687,,,,,34075792,0.85,0.67,1.1805388618192785,-1.1229297553294946,-0.2812066791061141,-58.90745905668451,106.47791502219523,106.47791502219523,183.01992577162352,183.01992577162352,282.5925925925935,-223.92916965781768,,,9.612419039786156,8.198700352757292,7.575326601793686,,
1736778600,44.395,45.3875,44.395,45.125,44.986483242394925,44.67763111112753,44.986483242394925,44.67763111112753,0,0,0,1,0,46.4075,38.1475,49.635,34.92,43.18,45.67954491516206,44.655455084837946,,,,,48896172,0.84,0.67,1.7647237628505639,-0.7917941939228218,0.12201307094134604,-32.31664352487728,143.30882443203103,143.30882443203103,216.97064325170268,216.97064325170268,282.5925925925935,-223.92916965781768,236.97064325170268,,8.71800143929268,8.219065101248876,7.577609668402076,,
1736865000,45.045,45.64995,44.9775,45.61,44.986538370781744,44.69082498912253,44.986538370781744,44.69082498912253,0,0,0,1,0,46.4075,38.1475,49.635,34.92,43.18,45.682041531401254,44.652958468598754,,,,,31173006,0.85,0.68,2.1130156518362213,-0.6350758486277223,0.35045726753541534,-25.163396436509842,174.6805882274113,174.6805882274113,237.42411581817188,237.42411581817188,282.5925925925935,-223.92916965781768,257.4241158181719,,7.520304307597407,8.191662717184112,7.577495172176691,,
1736951400,45.89,46.4025,45.7,46.285,44.988022509901064,44.73155146013733,44.988022509901064,44.73155146013733,0,0,0,1,0,46.4075,38.1475,49.635,34.92,43.18,45.68892784370398,44.64607215629603,,,,,34657892,0.86,0.68,2.5262151279008225,-0.4764319534238532,0.5575162004957757,-22.934242492598752,199.18318499011127,199.18318499011127,248.1883785155112,248.1883785155112,282.5925925925935,-223.92916965781768,268.1883785155112,,6.034748637812266,8.107077851326393,7.57441276151862,,
1737037800,46.13,46.6625,46.075,46.62,44.99024544194921,44.78523963817116,44.99024544194921,44.78523963817116,0,0,0,1,0,46.4075,38.1475,49.635,34.92,43.18,45.65543719704181,44.67956280295819,,,,,25230602,0.86,0.69,2.3532635222055434,-0.20792420835845568,0.7451565481620456,-21.212557631060147,216.46561074746182,216.46561074746182,251.03046226216296,251.03046226216296,282.5925925925935,-223.92916965781768,271.0304622621629,,5.2636989822144455,7.995572797635728,7.56979595077076,,
1737124200,46.62,47.145,46.455,46.98,44.99321558092634,44.85157533863504,44.99321558092634,44.85157533863504,0,0,0,1,0,46.4075,38.1475,49.635,34.92,43.18,45.656521383060735,44.67847861693927,,,,,23899650,0.88,0.7,2.2526660435436403,-0.0898497630498323,0.7542356267243194,-20.277531891338352,228.39091768305215,228.39091768305215,252.24153155423284,252.24153155423284,282.5925925925935,-223.92916965781768,272.24153155423284,,4.482368664541996,7.857800086534013,7.563627264884189,,
1737469800,46.86,47,46.495,46.74,44.996258906438975,44.916862580257195,44.996258906438975,44.916862580257195,0,0,0,1,0,46.4075,38.1475,49.635,34.92,43.18,45.65701249520743,44.677987504792576,,,,,49302056,0.89,0.7,1.840270159490767,0.20957690163530607,0.8745353894257907,-18.732577080569744,234.08719575567292,234.08719575567292,245.47975190091447,245.47975190091447,282.5925925925935,-223.92916965781768,265.4797519009145,,4.400123367944897,7.722204921099146,7.557306577777417,,
1737556200,46.595,46.65,45.86,45.89,44.998040107425105,44.954936596717694,44.998040107425105,44.954936596717694,0,0,0,0,0,46.4075,38.1475,49.635,34.92,43.18,45.66803461567605,44.66696538432396,,,,,35880258,0.89,0.69,1.4360810107423723,-0.13408706488166536,0.7794873095056996,-35.89572919417211,205.9501950839199,205.9501950839199,224.70819553175525,224.70819553175525,196.37826961769932,-223.92916965781765,244.70819553175525,,5.705767451423869,7.643128941896194,7.553607198903584,,
1737642600,46.24,46.40995,45.7725,46.1,44.99964467264504,44.98812045566994,44.99964467264504,44.98812045566994,0,0,0,0,0,46.4075,38.1475,49.635,34.92,43.18,45.66826697868121,44.6667330213188,,,,,29359132,0.89,0.7,1.2872283066669352,0.1988918523253845,0.7378648695023771,-37.58867334467828,160.64367786906018,160.64367786906018,203.3533563108569,203.3533563108569,184.30765567328805,-223.92916965781765,,,5.885679037730024,7.574209337811246,7.550274675105035,,
1737729000,46.165,46.3525,45.5975,45.655,45.0008998780943,45.013208869173084,45.0008998780943,45.013208869173084,0,0,0,0,0,46.4075,38.1475,49.635,34.92,43.18,45.67133862606371,44.6636613739363,,,,,29156796,0.88,0.7,0.9924245584125899,0.07446048864672303,0.5933433899950115,-41.97630418020457,110.12736059203873,110.12736059203873,172.2780244045842,172.2780244045842,174.25260492744948,-223.92916965781768,,,6.245502210342349,7.522103175949721,7.5476677371135015,,
1737988200,45.5,45.58,44.865,45.18,45.00070367454166,45.00887518802904,45.00070367454166,45.00887518802904,0,0,0,0,0,46.4075,38.1475,49.635,34.92,43.18,45.674017719294014,44.660982280706,,,,,31993400,0.89,0.69,0.5916332009791417,0.018679889054239222,0.3873824869967854,-64.2169138091374,50.16667342128255,50.16667342128255,131.57424074348364,131.57424074348364,174.25260492744948,-223.92916965781768,,,7.751619204276748,7.531103804511565,7.548075232552389,,
1738074600,45.315,45.475,44.525,44.75,44.999835335531586,44.99151145516515,44.999835335531586,44.99151145516515,0,0,0,0,0,46.4075,38.1475,49.635,34.92,43.18,45.6769454461587,44.65805455384131,,,,,37401748,0.88,0.69,-0.22483159649940473,-0.15550943487881602,0.18089937840572007,-74.54020018980263,-9.051771769963992,-9.051771769963992,84.69890323900111,84.69890323900111,174.25260492744948,-223.92916965781768,,,8.450704225352112,7.567166566113155,7.549878687083457,,
1738161000,44.64,45.0775,44.575,44.85,44.999067632563495,44.9767698294724,44.999067632563495,44.9767698294724,0,0,0,0,0,46.4075,38.1475,49.635,34.92,43.18,45.67710556860951,44.657894431390496,,,,,20681758,0.88,0.69,-0.45402337650761126,0.005263057947298374,0.18493460767539782,-73.02206983970468,-52.85752208490983,-52.85752208490983,38.84676146436413,38.84676146436413,174.25260492744948,-223.92916965781768,,,8.347897604605727,7.597783469583452,7.55147313047511,,
1738247400,45.125,45.315,44.8,45.08,44.99874651841252,44.97134160086564,44.99874651841252,44.97134160086564,0,0,0,0,0,46.4075,38.1475,49.635,34.92,43.18,45.67658998055373,44.65841001944628,,,,,39092542,0.87,0.69,-0.7104943356758181,0.1660041129775147,0.1227097462862898,-66.1904832642647,-74.44518713316121,-74.44518713316121,1.0827785985223528,1.0827785985223528,174.25260492744948,-223.92916965781768,,,7.885267811247046,7.609057365334966,7.552140052914215,,
1738333800,44.955,45.055,43.715,43.82,44.9962798920021,44.92400271455719,44.9962798920021,44.92400271455719,0,0,0,0,0,46.4075,38.1475,49.635,34.92,43.18,45.69438554903111,44.6406144509689,,,,,44540036,0.86,0.67,-1.6016437029725226,0.06704832133488263,-0.11216558424602557,-99.13391186138706,-118.29258466359505,-118.29258466359505,-38.70900915551678,-38.70900915551678,174.25260492744948,-223.92916965781768,,,10.116171481443393,7.707375565966669,7.557262992831356,,
1738593000,43.815,44.2725,43.415,44.095,44.99322478732278,44.866873196339256,44.99322478732278,44.866873196339256,0,0,0,0,0,49.198750000000004,41.76125,51.252500000000005,39.707499999999996,43.815,45.69542941706656,44.63957058293344,,,,,39816454,0.87,0.67,-1.6383246299903333,0.2809930486750243,-0.09280121692969222,-108.2426939619741,-153.29227934849195,-153.29227934849195,-76.90343255317516,-76.90343255317516,174.25260492744948,-223.92916965781768,,,10.73301120592166,7.826027944004119,7.563608144106262,,
1738679400,43.89,45.115,43.815,45.02,44.990966995539914,44.82751346314949,44.990966995539914,44.82751346314949,0,0,0,0,0,49.198750000000004,41.76125,51.252500000000005,39.707499999999996,43.815,45.7072001871644,44.627799812835605,,,,,40279818,0.86,0.67,-0.9779204062442481,1.0934331767498062,0.11359144007759728,-96.09765116119162,-144.9842110055169,-144.9842110055169,-99.5970253706224,-99.5970253706224,174.25260492744948,-223.92916965781768,,,9.910558239950653,7.90777423011967,7.568297355086971,,
1738765800,45.005,45.1775,44.7525,45.115,44.99056811043394,44.82609430773186,44.99056811043394,44.82609430773186,0,0,0,0,0,49.198750000000004,41.76125,51.252500000000005,39.707499999999996,43.815,45.705961039031465,44.62903896096854,,,,,21771998,0.85,0.67,-0.45034440245632623,1.2768188421658924,0.3130841078830322,-67.6327070968576,-111.46645481171582,-111.46645481171582,-103.55350185098688,-103.55350185098688,174.25260492744948,-223.92916965781768,,,7.982934100956103,7.910721676034824,7.569125800133662,,
1738852200,45.32,45.43,44.045,44.285,44.98877057175176,44.79726315840904,44.98877057175176,44.79726315840904,0,0,0,0,0,49.198750000000004,41.76125,51.252500000000005,39.707499999999996,43.815,45.707513338823325,44.62748666117668,,,,,41309624,0.85,0.66,-1.0391914859951858,0.8023437374247986,0.3212485293676341,-89.11425155074156,-100.11294834199093,-100.11294834199093,-93.23184132399905,-93.23184132399905,174.25260492744948,-223.92916965781768,,,9.437647784517315,7.970601131269432,7.5728591107917715,,
1738938600,44.45,44.6825,44.22,44.28,44.987322778401605,44.77635676004006,44.987322778401605,44.77635676004006,0,0,0,0,0,49.198750000000004,41.76125,51.252500000000005,39.707499999999996,43.815,45.706080878227176,44.62891912177283,,,,,22568414,0.84,0.67,-0.7956804844034893,0.8414484132103337,0.1383747948469345,-83.80079532539929,-95.88114164529603,-95.88114164529603,-87.41752825190622,-87.41752825190622,174.25260492744948,-223.92916965781768,,,9.077824611905005,8.014021659921807,7.57586603486992,,
1739197800,44.675,45.33,44.675,45.255,44.98677787774545,44.773934926313,44.98677787774545,44.773934926313,0,0,0,0,0,49.198750000000004,41.76125,51.252500000000005,39.707499999999996,43.815,45.678308932740876,44.65669106725913,,,,,25871356,0.84,0.68,0.043339988512813066,1.0453833392405087,0.2686131534059294,-69.98580913950924,-79.58033836420014,-79.58033836420014,-46.97873180200836,-46.97873180200836,174.25260492744948,-223.92916965781768,,,8.142284363112987,8.019051569850873,7.576997739821454,,
1739284200,45.47,45.925,45.18,45.62,44.987232966900805,44.79121394881052,44.987232966900805,44.79121394881052,0,0,0,0,0,49.198750000000004,41.76125,51.252500000000005,39.707499999999996,43.815,45.68002001621402,44.65497998378599,,,,,26226818,0.84,0.68,0.5095277133597114,1.1934122004256382,0.14008979447260395,-54.65269260352123,-51.7081166962676,-51.7081166962676,4.036326639597483,4.036326639597483,174.25260492744948,-223.92916965781768,,,7.103937493574583,7.983164743330234,7.576052564504278,,
1739370600,45.245,45.555,44.4375,44.52,44.98621846546844,44.77898889199442,44.98621846546844,44.77898889199442,0,0,0,0,0,49.198750000000004,41.76125,51.252500000000005,39.707499999999996,43.815,45.696076262213545,44.63892373778646,,,,,38798774,0.83,0.67,-0.1890141416841139,0.7857695920291208,-0.15857247015586612,-77.19692830247376,-28.79219121609785,-28.79219121609785,17.03965974424166,17.03965974424166,174.25260492744948,-223.92916965781768,,,8.630615811658267,8.008554981303883,7.578159583979111,,
1739457000,44.45,44.955,44.16,44.855,44.98465708991306,44.75646971975935,44.98465708991306,44.75646971975935,0,0,0,0,0,49.198750000000004,41.76125,51.252500000000005,39.707499999999996,43.815,45.69691506491057,44.63808493508944,,,,,31550918,0.83,0.67,-0.1285744620204345,0.9076774945060402,-0.24276136003546242,-85.62255174551674,-15.010012964757653,-15.010012964757653,12.554343537922744,12.554343537922744,174.25260492744948,-223.92916965781768,,,9.201192556800661,8.055325082303757,7.581402407101631,,
1739543400,45.025,45.6625,45.025,45.035,44.98480982300015,44.768416005258985,44.98480982300015,44.768416005258985,0,0,0,0,0,49.198750000000004,41.76125,51.252500000000005,39.707499999999996,43.815,45.696948370767394,44.63805162923262,,,,,25886492,0.83,0.67,0.7140609069616795,0.76547541083848,-0.2865152751328387,-59.35889668882449,-1.9236887635455222,-1.9236887635455222,24.248959638878745,24.248959638878745,174.25260492744948,-223.92916965781768,,,7.422638017888351,8.030513824875701,7.581085195534771,,
1739889000,45.25,45.95,44.99,45.65,44.98489302015699,44.77853498544491,44.98489302015699,44.77853498544491,0,0,0,0,0,49.198750000000004,41.76125,51.252500000000005,39.707499999999996,43.815,45.70093209258899,44.634067907411016,,,,,29574750,0.83,0.67,0.9032565735733701,0.7917877036951693,-0.20178228998072884,-60.42158793389286,15.343324042944031,15.343324042944031,49.87734965592314,49.87734965592314,174.25260492744948,-223.92916965781768,,,7.494602652410808,8.009497700465314,7.580912403240817,,
1739975400,45.84,46.44,45.8125,46.01,44.986602974162665,44.82018949581961,44.986602974162665,44.82018949581961,0,0,0,0,0,49.198750000000004,41.76125,51.252500000000005,39.707499999999996,43.815,45.702491016448896,44.63250898355111,,,,,24531244,0.84,0.68,0.5623553831347047,0.7680204703571151,0.08892178392869912,-34.571393344280565,37.50110599464662,37.50110599464662,81.8166698980518,81.8166698980518,174.25260492744943,-214.07862086979816,,,5.803433741132926,7.922985388334632,7.57736099732252,,
1740061800,45.915,46.5075,45.72,46.43,44.98812654464386,44.856619319512966,44.98812654464386,44.856619319512966,0,0,0,0,0,49.198750000000004,41.76125,51.252500000000005,39.707499999999996,43.815,45.70517333302576,44.629826666974246,,,,,28332290,0.84,0.68,0.7536252904750842,0.992658955560582,0.11664357347198746,-30.781192635183096,60.92497035486187,60.92497035486187,107.77269907529237,107.77269907529237,179.6557120500767,-214.0786208697982,,,5.993625989513723,7.847324235439694,7.574196691612612,,
1740148200,46.15,46.275,45.4375,45.465,44.9890882798194,44.880652875610494,44.9890882798194,44.880652875610494,0,0,0,0,0,49.198750000000004,41.76125,51.252500000000005,39.707499999999996,43.815,45.71194524947121,44.62305475052879,,,,,31276604,0.82,0.67,0.6878127177700677,0.5067210467035985,-0.12220123361081417,-27.402493908492747,75.42267271083104,75.42267271083104,104.41807742276939,104.41807742276939,179.65571205007672,-178.1832003040681,,,6.574483396730746,7.7974089084315,7.572199262452009,,
1740407400,45.545,45.71905,45.2325,45.475,44.18645252191292,44.12408697977259,44.18645252191292,44.12408697977259,0,0,0,0,0,49.198750000000004,41.76125,51.252500000000005,39.707499999999996,43.815,45.711053954256776,44.62394604574323,,,,,26295264,0.81,0.68,0.7058805719998525,0.5009131789912425,-0.17473015118803564,-33.06245486692193,76.95799586157767,76.95799586157767,80.02864216307093,80.02864216307093,179.65571205007672,-178.1832003040681,,,5.3019993719250476,7.699549710921443,7.567663398534872,,
1740493800,45.465,45.675,44.4525,44.82,44.18705026912188,44.13826494135014,44.18705026912188,44.13826494135014,0,0,0,0,0,49.198750000000004,41.76125,51.252500000000005,39.707499999999996,43.815,45.71294590937461,44.6220540906254,,,,,26608672,0.83,0.65,-0.2499235326344459,0.21229057578399324,-0.29241523067292946,-54.59791607460393,38.367705929632365,38.367705929632365,64.09456588426256,64.09456588426256,179.65571205007672,-178.1832003040681,,,6.934994242646289,7.669567143538104,7.566399324297333,,
1740580200,44.875,44.9925,44.3575,44.565,44.18745890994282,44.14819866914033,44.18745890994282,44.14819866914033,0,0,0,0,0,49.198750000000004,41.76125,51.252500000000005,39.707499999999996,43.815,45.71095378948271,44.6240462105173,,,,,24305696,0.84,0.66,-0.6112563848558855,-0.18938100398924584,-0.06378796257142444,-57.220824811436955,-4.572056496165118,-4.572056496165118,41.20569175745334,41.20569175745334,179.65571205007672,-178.1832003040681,,,7.133884643567463,7.64855998667651,7.565535159101069,,
1740666600,44.875,45.3525,44.49,44.805,44.188128822210665,44.162886956625016,44.188128822210665,44.162886956625016,0,0,0,0,0,49.198750000000004,41.76125,51.252500000000005,39.707499999999996,43.815,45.666502533400326,44.578497466599686,,,,,30048002,0.83,0.66,0.1696584092330403,-0.27006037540991706,-0.05875718745192984,-53.5625573626961,-33.68351209349125,-33.68351209349125,16.24262380713847,16.24262380713847,179.65571205007672,-178.1832003040681,,,6.856484873861611,7.617498217546514,7.564118475214476,,
1740753000,44.66,45.535,44.38,45.5,43.72231996692804,43.7239247315533,43.72231996692804,43.7239247315533,0,0,0,0,0,49.198750000000004,41.76125,51.252500000000005,39.707499999999996,43.815,45.20594305927682,44.134056940723184,,,,,26627104,0.81,0.66,0.38204597483466407,-0.26015701211084624,0.035174515489251365,-56.59960958429227,-33.901861943550465,-33.901861943550465,-0.47220477642450476,-0.47220477642450476,179.65571205007672,-178.1832003040681,,,6.093948370715183,7.5577511647295985,7.561181072408284,,
1741012200,45.675,45.93625,43.505,43.91,43.717344206938805,43.71236555238357,43.717344206938805,43.71236555238357,0,0,0,0,0,48.05375,44.12875,49.6,42.582499999999996,45.675,45.240136790791574,44.09986320920843,,,,,49501752,0.83,0.65,-0.6391639960642624,-0.8587096476849769,-0.23790805571754675,-80.7579795288073,-68.36408154449771,-68.36408154449771,-23.10283036578224,-23.10283036578224,179.65571205007672,-178.1832003040681,,,7.93566818326103,7.572571439966125,7.561929298403994,,
1741098600,43.265,44.19,42.715,43.485,43.46152240548876,43.430517882908134,43.46152240548876,43.430517882908134,0,0,0,0,0,48.05375,44.12875,49.6,42.582499999999996,45.675,45.18130991378314,44.03869008621687,,,,,50677032,0.84,0.64,-1.210860865621209,-1.0966061185541018,-0.29291215958434663,-103.56345435167462,-110.28646284522311,-110.28646284522311,-52.16404119226253,-52.16404119226253,179.65571205007666,-181.65072617782627,,,9.078331204767972,7.631620842507374,7.564959072442683,,
1741185000,42.855,43.0725,42.0125,42.85,43.458726506576696,43.37685737769605,43.458726506576696,43.37685737769605,0,0,0,0,0,48.05375,44.12875,49.6,42.582499999999996,45.675,45.17751829227389,44.02748170772611,,,,,56510824,0.85,0.63,-1.780066638653178,-1.2453793991954498,-0.4382824537485601,-127.94302103099466,-143.74691129530163,-143.74691129530163,-82.69166455994223,-82.69166455994223,179.6557120500767,-195.72161172161296,,,10.573648361004672,7.746994470683738,7.570970439652597,,
1741271400,42.645,43.2425,42.31,42.98,43.456524655414704,43.33685120602169,43.456524655414704,43.33685120602169,0,0,0,0,0,48.05375,44.12875,49.6,42.582499999999996,45.675,45.084720424389054,43.94027957561095,,,,,47104294,0.85,0.64,-1.9278271108672986,-0.9498651981044572,-0.3707340285386592,-119.32659799608328,-157.4766833612358,-157.4766833612358,-107.62000416037341,-107.62000416037341,179.6557120500767,-195.72161172161296,,,9.940400170285217,7.8330103804720315,7.575704564988526,,
1741357800,43.175,44.0297,43.175,43.715,43.45603819256672,43.33199625676594,43.45603819256672,43.33199625676594,0,0,0,0,0,48.05375,44.12875,49.6,42.582499999999996,45.675,44.88362490656154,43.726375093438456,,,,,44849130,0.83,0.65,-0.9901045431025506,-0.7683286550660909,-0.22629291384794273,-94.27380497020673,-142.22088622748174,-142.22088622748174,-119.15363151607619,-119.15363151607619,179.6557120500767,-195.72161172161296,,,8.099191145168156,7.8434488418326636,7.576750492221652,,
1741613400,43.9525,44.645,43.63,44.04,43.45645270167248,43.344996403559435,43.45645270167248,43.344996403559435,0,0,0,0,0,48.05375,44.12875,49.6,42.582499999999996,45.675,44.82501006586808,43.694989934131925,,,,,40045348,0.82,0.64,-0.811218267214564,-0.525027534983472,-0.16132168629075957,-86.25879868599942,-114.18519437296715,-114.18519437296715,-104.24832008674906,-104.24832008674906,179.6557120500767,-195.72161172161296,,,7.130693912303096,7.815497668125622,7.575859270283753,,
1741699800,44.22,44.41,43.455,43.69,43.456520228742065,43.35069262302769,43.456520228742065,43.35069262302769,0,0,0,0,0,48.05375,44.12875,49.6,42.582499999999996,45.675,44.82580459988393,43.69419540011608,,,,,30230208,0.81,0.62,-0.6469450649689136,-0.4885851101380126,-0.17452035668634486,-105.19900896762603,-100.6925379790841,-100.6925379790841,-73.707225191318,-73.707225191318,179.6557120500767,-195.72161172161296,,,7.503192848020432,7.80325042027836,7.575714082626884,,
1741786200,43.72,44.2925,43.5525,43.89,43.45678047803529,43.35995075545798,43.45678047803529,43.35995075545798,0,0,0,0,0,48.05375,44.12875,49.6,42.582499999999996,45.675,44.81919245739161,43.7008075426084,,,,,32240470,0.8,0.63,-0.4020250980140376,-0.2945018916832564,-0.006043394890709179,-101.75131035440118,-82.72433569684921,-82.72433569684921,-46.787931132379455,-46.787931132379455,179.6557120500767,-195.72161172161296,,,7.295657726692199,7.783344824451452,7.575154529468173,,
1741872600,43.735,44.365,43.325,43.59,43.456590207349905,43.36001347093021,43.456590207349905,43.36001347093021,0,0,0,0,0,48.05375,44.12875,49.6,42.582499999999996,45.675,44.820245114382026,43.69975488561799,,,,,30742034,0.81,0.62,-0.7192915355352515,-0.4302319151392216,-0.0863678912462947,-109.79594045192549,-68.00545627187165,-68.00545627187165,-38.567697421916556,-38.567697421916556,179.6557120500767,-195.72161172161296,,,7.779906343124722,7.783209982046482,7.575563624000953,,
1741959000,43.83,44.94,43.63,44.88,43.457003613529025,43.37191490344276,43.457003613529025,43.37191490344276,0,0,0,0,0,48.05375,44.12875,49.6,42.582499999999996,45.675,44.84283667879503,43.67716332120498,,,,,32023138,0.78,0.63,-0.3509729896514795,-0.0659749186209269,0.11338962202399448,-105.56335165715326,-42.5850447881003,-42.5850447881003,8.255778179442409,8.255778179442409,179.6557120500767,-195.72161172161296,,,7.130693912303096,7.757621116566349,7.57467477342813,,
1742218200,44.845,45.805,44.845,45.595,43.459819490425076,43.43052020134696,43.459819490425076,43.43052020134696,0,0,0,0,0,48.05375,44.12875,49.6,42.582499999999996,45.675,44.84937103044079,43.67062896955922,,,,,29761584,0.76,0.63,0.9806175896024535,0.597624739971641,0.30577243868697784,-72.0243148365463,-8.383365492673228,-8.383365492673228,60.01999309818091,60.01999309818091,179.6557120500767,-195.72161172161296,,,4.54448701575138,7.63161585771086,7.568620452233971,,
1742304600,45.85,45.9525,45.31,45.67,43.463549521413235,43.504880193451,43.463549521413235,43.504880193451,0,0,0,0,0,48.05375,44.12875,49.6,42.582499999999996,45.675,44.847594571179954,43.672405428820056,,,,,30806524,0.76,0.63,1.2843663937040797,0.5271176402938179,0.16837065599629933,-50.89415307061932,26.98773602854296,26.98773602854296,97.72993907097535,97.72993907097535,179.6557120500767,-195.72161172161296,,,3.5547041294167614,7.471736966405209,7.560600639401169,,
1742391000,45.73,46.62,45.72,46.415,43.46808308880302,43.592241754492136,43.46808308880302,43.592241754492136,0,0,0,0,0,48.05375,44.12875,49.6,42.582499999999996,45.675,44.85330702382046,43.66669297617955,,,,,31742590,0.76,0.63,2.109261362502942,0.453554812007691,0.24929869299338334,-32.263257750124865,60.22487458048698,60.22487458048698,126.69915168437504,126.69915168437504,179.6557120500767,-195.72161172161296,,,2.681992337164747,7.283903843689897,7.550853170265832,,
1742477400,46.16,46.74,45.965,46.585,43.47309221350071,43.68568913666892,43.47309221350071,43.68568913666892,0,0,0,0,0,48.05375,44.12875,49.6,42.582499999999996,45.675,44.839433389469136,43.68056661053087,,,,,33163598,0.76,0.64,2.127899056898446,0.4772521679369694,-0.03525050177480936,-28.07980854472407,90.13570236842006,90.13570236842006,149.95735794428623,149.95735794428623,179.6557120500767,-195.72161172161296,,,2.1604938271604803,7.0829858038259985,7.540083221528358,,
1742563800,46.43,46.54,45.9675,46.26,43.4780962750122,43.77556897444661,43.4780962750122,43.77556897444661,0,0,0,1,0,48.05375,44.12875,49.6,42.582499999999996,45.675,44.83922179990272,43.6807782000973,,,,,36975532,0.75,0.62,1.4743883700131062,0.6520853092443385,-0.055293434922918015,-27.966583510269643,114.54510365016247,114.54510365016247,163.36390621364734,163.36390621364734,179.6557120500767,-195.72161172161296,,,2.1551724137930948,6.88973821990314,7.529324158975441,,
1742823000,46.11,46.6975,46.035,46.425,43.483223854882304,43.86454470093889,43.483223854882304,43.86454470093889,0,0,0,1,0,48.05375,44.12875,49.6,42.582499999999996,45.675,44.81241080431648,43.70758919568353,,,,,23824528,0.75,0.62,1.3710809947878413,0.7080779897902483,-0.08101622743541372,-24.909507579997456,135.06711091256676,135.06711091256676,176.11112543737536,176.11112543737536,179.6557120500767,-195.72161172161296,,,2.0114942528735638,6.698434534921588,7.518299523798414,,
1742909400,46.63,47.02,46.475,46.615,43.48921151950792,43.967113536196194,43.48921151950792,43.967113536196194,0,0,0,0,0,48.05375,44.12875,49.6,42.582499999999996,45.675,44.80951836640315,43.710481633596864,,,,,22292004,0.8,0.63,1.6967988308537887,0.4397422987330744,-0.0940881655370997,-6.3365213103852565,164.12758177990642,164.12758177990642,222.24852351458577,222.24852351458577,179.6557120500767,-195.72161172161296,242.24852351458577,,1.0749255002128468,6.477904768854578,7.505425649625416,,
1742995800,47.05,47.41,46.7725,46.89,43.4957756823061,44.0772100641885,43.4957756823061,44.0772100641885,0,0,0,1,0,48.05375,44.12875,49.6,42.582499999999996,45.675,44.942310988616306,43.84268901138369,,,,,25571668,0.81,0.64,1.7449824041343411,0.41032047688496315,0,-5.2869619708472415,195.9521180977035,195.9521180977035,259.60119073329764,259.60119073329764,179.6557120500767,-195.72161172161296,279.60119073329764,,0.441677309493393,6.241189966526688,7.49131226632845,,
1743082200,46.75,46.925,46.2488,46.435,43.50129083978401,44.162657198926205,43.50129083978401,44.162657198926205,0,0,0,0,0,48.05375,44.12875,49.6,42.582499999999996,45.675,45.16549708035698,44.05405291964303,,,,,19147728,0.79,0.63,1.660538455403135,0.631839148598344,-0.14716290968732545,-28.85106396346594,213.0610221412947,213.0610221412947,247.27883022847706,247.27883022847706,179.6557120500767,-195.72161172161296,267.2788302284771,,1.5564069816943256,6.057472986729341,7.479454313711798,,
1743168600,46.41,46.585,45.9825,46.215,43.506268230713516,44.23441475975263,43.506268230713516,44.23441475975263,0,0,0,0,0,48.05375,44.12875,49.6,42.582499999999996,45.675,45.223689733609945,44.11131026639005,,,,,22248740,0.79,0.62,0.7569080059824195,0.44543270537831686,-0.21814956557996482,-40.83334458335215,199.0957527476783,199.0957527476783,208.40593234342256,208.40593234342256,179.6557120500767,-195.72161172161296,,,2.123243933588751,5.903189494449317,7.468752594670593,,
1743427800,46.115,47,46.05,46.725,43.51136919328951,44.30597888682115,43.51136919328951,44.30597888682115,0,0,0,0,0,48.05375,44.12875,49.6,42.582499999999996,45.675,45.226092132857936,44.10890786714205,,,,,28813730,0.79,0.62,0.6293822183819873,0.5502108566922839,-0.1143811406127147,-37.79615366392946,167.90118634088367,167.90118634088367,194.90435034257627,194.90435034257627,179.6557120500767,-195.72161172161296,,,1.9795657726692204,5.749321897516764,7.457785188432828,,
1743514200,46.75,47.0425,46.245,47,43.53533242684354,44.40043697123896,43.53533242684354,44.40043697123896,0,0,0,0,0,50.10874999999999,44.05125,52.80749999999999,41.352500000000006,46.75,45.22651372584106,44.10848627415894,,,,,27121216,0.8,0.62,0.7457686728509022,0.4372359532386288,-0.17696579720295197,-33.89203501020128,154.57975425458278,154.57975425458278,181.4628183132451,181.4628183132451,179.6557120500767,-195.72161172161296,,,1.6063829787234096,5.586853704622907,7.446094075126715,,
1743600600,46.6,47.105,46.49,47.065,43.60133548895193,44.5416029355514,43.60133548895193,44.5416029355514,0,0,0,0,0,50.10874999999999,44.05125,52.80749999999999,41.352500000000006,46.75,45.270721072866884,44.15177892713311,,,,,33960598,0.79,0.61,0.3590626854660739,0.33943363252122044,-0.11200739918805057,-25.776166852540268,151.89070159647738,151.89070159647738,171.60544607432251,171.60544607432251,179.6557120500767,-195.72161172161296,,,1.2217146499521847,5.41567178091033,7.433657752598894,,
1743687000,44.825,45.17,43.355,43.37,43.600917436026954,44.496524389059196,43.600917436026954,44.496524389059196,0,0,0,0,0,50.10874999999999,44.05125,52.80749999999999,41.352500000000006,46.75,45.43613528854289,43.98636471145711,,,,,75657844,0.66,0.58,-1.545346207031061,-0.8520263548395182,-0.7437624515253114,-170.24980149960047,96.83540653308368,96.83540653308368,146.68209956057623,146.68209956057623,179.6557120500767,-204.60877410279036,,,7.882715393604592,5.512418589251281,7.434554970662841,,
1743773400,41.825,42.295,39.38,39.38,43.59263758100992,44.298890099292166,43.59263758100992,44.298890099292166,0,0,0,0,0,50.10874999999999,44.05125,52.80749999999999,41.352500000000006,46.75,44.26969851309649,42.520301486903506,,,,,100751914,0.74,0.6,-2.8008400323717852,-1.455218660603073,-1.1867199511225852,-282.36805843646096,30.00233909563555,30.00233909563555,107.78884607226267,107.78884607226267,179.65571205007666,-348.3725572261054,,,16.328481886752357,5.936577934251323,7.452325054411272,,
1744032600,38.105,40.79,37.49,39.125,43.58063580762129,44.03562970324149,43.58063580762129,44.03562970324149,0,0,0,0,0,50.10874999999999,44.05125,52.80749999999999,41.352500000000006,46.75,43.30404005735077,41.59595994264924,,,,,113906712,0.76,0.62,-2.96358698278724,-1.5194524754356873,-1.2284488350956326,-282.36805843646096,-24.500430890993684,-24.500430890993684,63.69242041784389,63.69242041784389,179.65571205007666,-348.3725572261054,,,20.344204823116957,6.501582910285269,7.478083055947147,,
1744119000,40.33,40.5375,37.61,38.22,43.56889537643723,43.78735206782026,43.56889537643723,43.78735206782026,0,0,0,0,0,50.10874999999999,44.05125,52.80749999999999,41.352500000000006,46.75,43.311617591557,41.58838240844301,,,,,90538470,0.77,0.63,-3.3704201757995724,-1.5911110429905388,-1.2371962948199067,-278.82924203830174,-63.015432284999335,-63.015432284999335,21.45646951689615,21.45646951689615,179.65571205007666,-348.3725572261054,,,20.089238287474767,7.034432140763289,7.503280169296852,,
1744205400,37.475,41.605,37.245,41.18,43.55645642463615,43.534640222023384,43.55645642463615,43.534640222023384,0,0,0,0,0,50.10874999999999,44.05125,52.80749999999999,41.352500000000006,46.75,43.275785768643466,41.379214231356535,,,,,118962320,0.74,0.6,-2.0650167893805556,-0.7436555890379812,-0.763412467423974,-282.368058436461,-79.44123500259197,-79.44123500259197,-12.176098656266554,-12.176098656266554,179.65571205007666,-348.3725572261054,,,20.86476150005312,7.576797997990341,7.52997643569197,,
1744291800,40.11,40.11,37.74,38.49,43.54502144676476,43.31105629174796,43.54502144676476,43.31105629174796,0,0,0,0,0,50.10874999999999,44.05125,52.80749999999999,41.352500000000006,46.75,43.338843301319656,41.31615669868035,,,,,79046518,0.71,0.62,-2.7481106036467557,-1.306989209530071,-1.0210098751832515,-268.1346379755598,-122.72473321138325,-122.72473321138325,-49.02564350797212,-49.02564350797212,179.65571205007666,-348.3725572261054,,,19.81302454052905,8.05665001926637,7.554517990346989,,
1744378200,38.67,39.74,37.91,39.445,43.53394557973825,43.102840358738234,43.53394557973825,43.102840358738234,0,0,0,0,0,50.10874999999999,44.05125,52.80749999999999,41.352500000000006,46.75,43.3481416432729,41.3068583567271,,,,,41916818,0.71,0.61,-2.332629069945721,-1.223438366844516,-0.9245539572921867,-263.24639256474546,-152.69442132619557,-152.69442132619557,-83.58190278071326,-83.58190278071326,179.65571205007666,-348.3725572261054,,,19.45182194836928,8.503519506682169,7.578288827425955,,
1744637400,40.38,40.38,39.19,39.585,43.52542371044807,42.952483874081835,43.52542371044807,42.952483874081835,0,0,0,0,0,50.10874999999999,44.05125,52.80749999999999,41.352500000000006,46.75,43.341316854990595,41.313683145009406,,,,,32748178,0.7,0.61,-2.432439809841897,-0.9052223083002173,-0.8617010317910484,-226.44078005978923,-151.48080287262275,-151.48080287262275,-106.21486947801642,-106.21486947801642,179.65571205007666,-348.3725572261054,,,16.732178901519177,8.826212031969895,7.596578318083484,,
1744723800,39.55,40.26,39.5025,39.525,43.51753699973788,42.82015607509823,43.51753699973788,42.82015607509823,0,0,0,0,0,50.10874999999999,44.05125,52.80749999999999,41.352500000000006,46.75,43.338998400282556,41.31600159971745,,,,,22166906,0.7,0.61,-2.5388813661371032,-0.8393133929910431,-0.8704414039875177,-217.45503481932138,-135.48170451079244,-135.48170451079244,-115.97048115560843,-115.97048115560843,179.65571205007666,-348.3725572261054,,,16.068203548284288,9.110211699276341,7.613504642219749,,
1744810200,39.77,40.5225,39.67,39.85,43.50999736537277,42.69952054274144,43.50999736537277,42.69952054274144,0,0,0,0,0,50.10874999999999,44.05125,52.80749999999999,41.352500000000006,46.75,43.33647908316198,41.318520916838025,,,,,27331426,0.7,0.61,-2.4448272502253787,-0.6446436459193691,-0.7222166772569989,-212.63867537043055,-112.53001871350973,-112.53001871350973,-105.64909382931235,-105.64909382931235,179.65571205007666,-348.3725572261054,,,15.71231275895038,9.369117623185128,7.629686077018412,,
1744896600,40.175,41.3775,40.155,40.75,43.50343213587153,42.602445227339814,43.50343213587153,42.602445227339814,0,0,0,0,0,50.10874999999999,44.05125,52.80749999999999,41.352500000000006,46.75,43.34371096505941,41.3112890349406,,,,,47908786,0.71,0.6,-0.9580018600960419,-0.4750423270350008,-0.6331413683413352,-198.6927987572245,-93.10651759486632,-93.10651759486632,-54.25951535757947,-54.25951535757947,179.65571205007666,-348.3725572261054,,,14.681823010729836,9.577459010931978,7.64377626070215,,
1745242200,40.105,40.205,39.245,39.685,43.49508002371194,42.47384737528727,43.49508002371194,42.47384737528727,0,0,0,0,0,50.10874999999999,44.05125,52.80749999999999,41.352500000000006,46.75,43.35037207429262,41.30462792570738,,,,,31011920,0.71,0.61,0.1220497886909186,-0.8387390055666823,-0.6723272961836653,-224.8592888974669,-75.64049074151177,-75.64049074151177,-40.70843703480268,-40.70843703480268,179.65571205007666,-348.3725572261054,,,16.615319239349837,9.853453529693462,7.661701421498649,,
1745328600,40.2,40.995,40.025,40.695,43.488287456232,42.38057492919758,43.488287456232,42.38057492919758,0,0,0,0,0,50.10874999999999,44.05125,52.80749999999999,41.352500000000006,46.75,43.36078568102507,41.29421431897493,,,,,22097338,0.71,0.6,0.6267251286728793,-0.6848886841263309,-0.5431232080228799,-202.4308687772592,-53.70935318363132,-53.70935318363132,-9.84707806787042,-9.84707806787042,179.65571205007666,-348.3725572261054,,,14.958036757675556,10.053633264124132,7.6762795140784235,,
1745415000,41.05,41.49,40.37,40.62,43.48219087789787,42.30435434373885,43.48219087789787,42.30435434373885,0,0,0,0,0,50.10874999999999,44.05125,52.80749999999999,41.352500000000006,46.75,43.35713007467954,41.29786992532046,,,,,43216130,0.71,0.6,0.9847462123368415,-0.6362084945793725,-0.5218673008956329,-192.51060603178271,-27.61971991076527,-27.61971991076527,24.559546634966843,24.559546634966843,179.65571205007666,-348.3725572261054,,,14.22500796770424,10.217216585833155,7.68936388661314,,
1745501400,41,41.39,40.645,41.27,43.476650436583384,42.24179927143536,43.476650436583384,42.24179927143536,0,0,0,0,0,50.10874999999999,44.05125,52.80749999999999,41.352500000000006,46.75,43.360892582996264,41.29410741700374,,,,,21218990,0.71,0.6,0.034148059713340326,-0.5384990582737761,-0.45283785636279084,-184.60315022017087,1.7460775368996195,1.7460775368996195,60.4776724322294,60.4776724322294,179.65571205007666,-348.3725572261054,,,13.640709656857528,10.351471216069404,7.70125468735289,,
1745587800,40.9,41.23,40.74,41.195,43.471308977169635,42.18538557451633,43.471308977169635,42.18538557451633,0,0,0,0,0,50.10874999999999,44.05125,52.80749999999999,41.352500000000006,46.75,43.360010568601204,41.2949894313988,,,,,17664780,0.7,0.59,1.098063637951662,-0.49563980024673104,-0.42283517336174925,-181.8714836670687,28.692760850850227,28.692760850850227,82.58612747875145,82.58612747875145,179.65571205007666,-348.3725572261054,,,13.438861149474125,10.472545331104884,7.7127184365279575,,
1745847000,41.15,41.5975,41.095,41.485,43.46668038780466,42.14496653237843,43.46668038780466,42.14496653237843,0,0,0,0,0,50.10874999999999,44.05125,52.80749999999999,41.352500000000006,46.75,43.35990045186052,41.29509954813948,,,,,16436710,0.69,0.59,0.8076944906955742,-0.6820798448831357,-0.36467455128413867,-171.66367707389733,57.67186646395412,57.67186646395412,115.6300776901619,115.6300776901619,179.65571205007666,-348.3725572261054,,,12.684585148199298,10.559291990598783,7.722652236151676,,
1745933400,41.02,41.515,40.94,41.365,43.46175445296389,42.10011490365771,43.46175445296389,42.10011490365771,0,0,0,0,0,50.10874999999999,44.05125,52.80749999999999,41.352500000000006,46.75,43.35899504145278,41.29600495854722,,,,,19843316,0.7,0.6,0.7029945763365897,-0.8373849309781972,-0.2705355611633874,-176.1206067131694,84.37841250500186,84.37841250500186,137.79150458709736,137.79150458709736,179.65571205007666,-348.3725572261054,,,13.013916923403803,10.655551791885255,7.733224193568764,,
1746019800,40.7,40.7575,39.7525,40.25,43.45448945905187,42.01091922116133,43.45448945905187,42.01091922116133,0,0,0,0,0,50.10874999999999,44.05125,52.80749999999999,41.352500000000006,46.75,43.367971481855015,41.28702851814499,,,,,37814288,0.7,0.6,0.28448457465075316,-1.0626744590644492,-0.3647073467817237,-210.26643862694715,90.18239477090376,90.18239477090376,101.79035930270753,101.79035930270753,179.65571205007666,-348.3725572261054,,,15.537023265696378,10.846982045760202,7.748816199706881,,
1746106200,39.92,40.93,39.92,40.4,43.44757029929353,41.931724349743234,43.44757029929353,41.931724349743234,0,0,0,0,0,44.85,32.315,49.78,27.384999999999998,39.92,43.36773705727043,41.28726294272957,,,,,36314420,0.7,0.59,0.2153504150613871,-1.1674223376440855,-0.2011109594263011,-205.45007917805626,61.829256868043,61.829256868043,80.73134880328351,80.73134880328351,179.65571205007666,-348.3725572261054,,,15.18113247636247,11.016948729313231,7.763665982477422,,
1746192600,40.89,41.195,40.1575,40.99,43.441134744249986,41.864855747792525,43.441134744249986,41.864855747792525,0,0,0,0,0,44.85,32.315,49.78,27.384999999999998,39.92,43.36124477065615,41.29375522934386,,,,,32038804,0.7,0.59,0.09164975076718285,-1.0790486440138498,-0.08342225823868284,-190.3553686920895,42.063345412992135,42.063345412992135,67.84201433985305,67.84201433985305,157.68198891074837,-348.3725572261054,,,14.67651120790396,11.160460983375613,7.777477861049703,,
1746451800,40.475,40.53,40.025,40.25,43.434449959546185,41.79546532631046,43.434449959546185,41.79546532631046,0,0,0,0,0,44.85,32.315,49.78,27.384999999999998,39.92,43.36442256209476,41.290577437905235,,,,,29530210,0.71,0.6,0.22145198313956185,-1.1667175397572622,-0.22430302565854504,-100.03431425381137,11.342674179586169,11.342674179586169,49.008900953097424,49.008900953097424,157.68198891074837,-348.3725572261054,,,14.958036757675556,11.309385523544238,7.791824632071933,,
1746538200,40.43,40.61,40.035,40.26,43.42779831127537,41.729184333121815,43.42779831127537,41.729184333121815,0,0,0,0,0,44.85,32.315,49.78,27.384999999999998,39.92,43.35758439658067,41.29741560341933,,,,,22995462,0.71,0.6,-0.16626452137556272,-1.1925371675782885,-0.21065282296513815,-45.33349549919135,-22.84627724897434,-22.84627724897434,25.057174885740174,25.057174885740174,157.68198891074837,-348.3725572261054,,,14.936789546372042,11.451636661694348,7.806100286246359,,
1746624600,40.35,40.47765,39.97,40.275,43.42103138158251,41.66297906515626,43.42103138158251,41.66297906515626,0,0,0,0,0,44.85,32.315,49.78,27.384999999999998,39.92,43.357439319875866,41.297560680124136,,,,,22448240,0.7,0.6,-0.13216052145135357,-1.2218714280578138,-0.2506391829417673,-47.365686676741234,-51.1537414511424,-51.1537414511424,-0.34646389322068316,-0.34646389322068316,157.68198891074837,-348.3725572261054,,,15.074896419844894,11.593725279661037,7.820623355444358,,
1746711000,40.645,41.36,40.58,40.805,43.41548456563529,41.62305243515013,43.41548456563529,41.62305243515013,0,0,0,0,0,44.85,32.315,49.78,27.384999999999998,39.92,43.356392673526585,41.29860732647342,,,,,30565874,0.71,0.59,-0.1749211747424826,-1.1631711550802666,-0.18112484510171462,-28.29435408742631,-33.42046924344463,-33.42046924344463,-11.37113234329533,-11.37113234329533,157.68198891074837,-348.3725572261054,,,13.778816530330392,11.679415132628462,7.832527837312262,,
1746797400,41.3,41.4175,40.88,41.215,43.41054223883083,41.59633861416385,43.41054223883083,41.59633861416385,0,0,0,0,0,44.85,32.315,49.78,27.384999999999998,39.92,43.35811300297164,41.296886997028366,,,,,19993148,0.72,0.6,0.007531576604479921,-1.0068501404801609,-0.13025481417768853,-18.915010191041773,-6.987627569886577,-6.987627569886577,1.779381976930928,1.779381976930928,157.68198891074837,-348.3725572261054,,,13.141400191224891,11.7367478800244,7.843134974882517,,
1747056600,42.74,42.935,41.98,42.29,43.407785610981016,41.6133782763535,43.407785610981016,41.6133782763535,0,0,0,0,0,44.85,32.315,49.78,27.384999999999998,39.92,43.3608328396976,41.2941671603024,,,,,32610056,0.72,0.6,0.29857720357970824,-0.7544803557202382,0.0018198611267555228,-10.147728509785702,11.306201757003642,11.306201757003642,47.893860410784086,47.893860410784086,191.75938627241283,-348.3725572261054,,,10.804206947838098,11.700177647389642,7.84905120260071,,
1747143000,42.5,43.2225,42.33,42.885,43.405726798571465,41.64333795179062,43.405726798571465,41.64333795179062,0,0,0,0,0,44.85,32.315,49.78,27.384999999999998,39.92,43.36279716599184,41.29220283400816,,,,,29031568,0.72,0.6,0.567256048639665,-0.7324700358787146,0.006607876789812025,-18.75104032883133,36.43669976076243,36.43669976076243,86.69769576828,86.69769576828,216.9454644362794,-348.3725572261054,,,10.060554552215022,11.635878702480834,7.853469790711827,,
1747229400,42.5975,42.79,42.46,42.625,43.40392924253036,41.67716979681844,43.40392924253036,41.67716979681844,0,0,0,0,0,44.85,32.315,49.78,27.384999999999998,39.92,43.355518209925705,41.299481790074296,,,,,21332654,0.71,0.6,0.9110956099574088,-0.8298236285218773,-0.08374239897661379,-14.35890475631219,60.79657535042817,60.79657535042817,109.51632652975965,109.51632652975965,216.9454644362794,-348.3725572261054,,,9.784340805269302,11.563269373178422,7.857327674856797,,
1747315800,42.085,42.83,41.98,42.805,43.40118582746037,41.69103960870791,43.40118582746037,41.69103960870791,0,0,0,0,0,44.85,32.315,49.78,27.384999999999998,39.92,43.354921280202525,41.300078719797476,,,,,29721532,0.73,0.59,0.9288736756859308,-0.8154058975898605,-0.11060009563638305,-30.576020716382672,80.73054128458426,80.73054128458426,120.59847315289646,120.59847315289646,216.9454644362794,-348.3725572261054,,,10.804206947838098,11.533502219243507,7.863215545532084,,
1747402200,42.9,42.925,42.3025,42.74,43.399085805827085,41.716886094640934,43.399085805827085,41.716886094640934,0,0,0,0,0,44.85,32.315,49.78,27.384999999999998,39.92,43.35461096508243,41.30038903491757,,,,,21725824,0.73,0.6,0.6668107983888315,-0.13098844718605623,-0.09507138461177549,-19.680145930710236,105.24991582704587,105.24991582704587,154.28866491196908,154.28866491196908,216.9454644362794,-348.3725572261054,,,10.118984383299685,11.478030931559436,7.867722576176974,,
1747661400,42.385,42.43,41.8725,42.185,43.396139430590665,41.72502487524325,43.396139430590665,41.72502487524325,0,0,0,0,0,44.85,32.315,49.78,27.384999999999998,39.92,43.353660580371184,41.30133941962882,,,,,24787066,0.72,0.59,0.7500549071819921,0.6416149851836455,-0.21112442131820752,-34.20797897827324,115.75221377403086,115.75221377403086,136.75680966800087,136.75680966800087,216.9454644362794,-348.3725572261054,,,11.03261446935089,11.460563619315964,7.874046036502996,,
1747747800,42.155,42.25,41.755,41.795,43.39296652463544,41.728282723272926,43.39296652463544,41.728282723272926,0,0,0,0,0,44.85,32.315,49.78,27.384999999999998,39.92,43.35334096425119,41.30165903574881,,,,,22782142,0.7,0.59,0.594264348969445,0.6141031867913661,-0.26204512290912496,-38.17779382266546,93.45722531726067,93.45722531726067,108.32055095510746,108.32055095510746,216.9454644362794,-348.3725572261054,,,11.282269202167205,11.453571681388562,7.88085567319763,,
1747834200,41.545,41.625,41.02,41.025,43.3883461119988,41.7028775184387,43.3883461119988,41.7028775184387,0,0,0,0,0,44.85,32.315,49.78,27.384999999999998,39.92,43.355647649181655,41.299352350818346,,,,,25698320,0.7,0.59,0.28930272758895476,0.6582765274443945,-0.37144257657155766,-63.01025263652315,36.521249572134664,36.521249572134664,84.38745049411654,84.38745049411654,216.9454644362794,-348.3725572261054,,,12.843939232975663,11.50809589909786,7.890771924066317,,
1747920600,40.81,41.0975,40.36,40.865,43.38242943645035,41.65284506673522,43.38242943645035,41.65284506673522,0,0,0,0,0,44.85,32.315,49.78,27.384999999999998,39.92,43.35061053022337,41.30438946977663,,,,,23732250,0.7,0.59,0.022839798236709657,-0.06859903067778263,-0.4887936152204915,-85.30878708162001,-15.74880802383376,-15.74880802383376,51.008697654799775,51.008697654799775,216.9454644362794,-348.3725572261054,,,14.246255179007752,11.615474694388444,7.903470192307958,,
1748007000,40.505,41.0975,40.49,40.995,43.376781725288616,41.609821730784816,43.376781725288616,41.609821730784816,0,0,0,0,0,44.85,32.315,49.78,27.384999999999998,39.92,43.350887224294915,41.304112775705086,,,,,23510912,0.7,0.59,-0.08290197901084803,0.5835750462501974,-0.5238270240663975,-80.91665150910086,-53.442524028047565,-53.442524028047565,16.19162376051733,16.19162376051733,216.9454644362794,-348.3725572261054,,,13.970041432062033,11.707810644885448,7.9155912137660085,,
1748352600,41.28,41.415,40.975,41.35,43.372104638924405,41.58731499624423,43.372104638924405,41.58731499624423,0,0,0,0,0,44.85,32.315,49.78,27.384999999999998,39.92,43.34993528935688,41.30506471064312,,,,,19028072,0.71,0.59,-0.3448978145177766,0.43265593565356625,-0.551475100095589,-64.5306072577798,-65.12160360430985,-65.12160360430985,-10.912785361091728,-10.912785361091728,216.9454644362794,-348.3725572261054,,,12.939551683841488,11.756114215040586,7.925629096823102,,
1748439000,41.55,41.675,40.72,40.825,43.366932501783694,41.55579087874446,43.366932501783694,41.55579087874446,0,0,0,0,0,44.85,32.315,49.78,27.384999999999998,39.92,43.35148936926369,41.30351063073632,,,,,29552608,0.69,0.6,-0.745517493284821,0.2806896771758327,-0.6430665931837393,-73.14595011156727,-86.511212049378,-86.511212049378,-36.112260923853825,-36.112260923853825,216.9454644362794,-348.3725572261054,,,13.481355572081164,11.823770738846099,7.93672944942102,,
1748525400,40.89,41.13,40.63,41.13,43.361592676605305,41.52200888349958,43.361592676605305,41.52200888349958,0,0,0,0,0,44.85,32.315,49.78,27.384999999999998,39.92,43.35193711718999,41.30306288281001,,,,,23793426,0.7,0.6,-0.5448875189268068,0.36422738038043695,-0.6448395384045519,-76.18665935408033,-104.12757037524932,-104.12757037524932,-58.784030740985656,-58.784030740985656,216.9454644362794,-348.3725572261054,,,13.672580473812804,11.896273081393813,7.948189691227997,,
1748611800,40.815,40.9775,40.4375,40.765,43.355882751177525,41.48207814297018,43.355882751177525,41.48207814297018,0,0,0,0,0,44.85,32.315,49.78,27.384999999999998,39.92,43.348699491907205,41.306300508092804,,,,,31038616,0.7,0.6,-0.7406063900466868,0.2060079259852779,-0.6621856051923379,-82.69039856723363,-133.81096895565312,-133.81096895565312,-83.7930101458748,-83.7930101458748,216.9454644362794,-348.3725572261054,,,14.0815892914055,11.981971756296232,7.960444235883696,,
1748871000,41.53,41.585,40.825,41.3,43.350950717708635,41.45875743148116,43.350950717708635,41.45875743148116,0,0,0,0,0,44.873749999999994,39.878750000000004,46.52499999999999,38.227500000000006,41.53,43.33519909690569,41.31980090309431,,,,,32030982,0.7,0.6,-0.5225321934486565,0.12085358211642333,-0.5170808470199446,-69.59845599530175,-113.0674578220724,-113.0674578220724,-93.551159371274,-93.551159371274,216.9454644362794,-348.3725572261054,,,13.258259853394232,12.03202226990792,7.971029282072529,,
1748957400,41.33,42.0475,40.94,41.79,43.34625601097995,41.44081596357994,43.34625601097995,41.44081596357994,0,0,0,0,0,44.873749999999994,39.878750000000004,46.52499999999999,38.227500000000006,41.53,43.33631364791317,41.31868635208683,,,,,30352648,0.7,0.6,-0.14514580900917304,0.4747123674901579,-0.4830816580659136,-65.71310529653508,-83.73402652758303,-83.73402652758303,-64.09976084020109,-64.09976084020109,216.9454644362794,-348.3725572261054,,,13.013916923403803,12.070527942594033,7.981104981655608,,
1749043800,41.77,42.095,40.925,40.975,43.341541013955016,41.42299572971405,43.341541013955016,41.42299572971405,0,0,0,0,0,44.873749999999994,39.878750000000004,46.52499999999999,38.227500000000006,41.53,43.33863395893928,41.316366041060725,,,,,44939216,0.71,0.6,-0.302809559434743,0.06131071907041781,-0.5273710794120583,-66.21989017028729,-68.01505928982024,-68.01505928982024,-36.5771248142947,-36.5771248142947,216.9454644362794,-348.3725572261054,,,13.04578774035908,12.10877342485933,7.991224227926743,,
1749130200,41.28,41.3,40.83,40.935,43.33664752541564,41.402186093254684,43.33664752541564,41.402186093254684,0,0,0,0,0,44.873749999999994,39.878750000000004,46.52499999999999,38.227500000000006,41.53,43.33843471029321,41.3165652897068,,,,,27667328,0.71,0.6,-0.03386750444288809,0.0691192925014355,-0.4835033528168435,-69.42952770405117,-56.39034160186076,-56.39034160186076,-33.14090622594179,-33.14090622594179,216.9454644362794,-348.3725572261054,,,13.247636247742484,12.153434712031217,8.001726549644657,,
1749216600,41.305,41.83,41.305,41.705,43.33270337451571,41.400633697440774,43.33270337451571,41.400633697440774,0,0,0,0,0,44.873749999999994,39.878750000000004,46.52499999999999,38.227500000000006,41.53,43.339310876138995,41.315689123861,,,,,28556812,0.7,0.6,0.31768090788788544,0.09404971700980061,-0.3505389932256221,-53.3813400352315,-37.743722705631,-37.743722705631,-0.4504849131714721,-0.4504849131714721,216.9454644362794,-348.3725572261054,,,12.23839371082545,12.156766437474127,8.010191419097564,,
1749475800,41.87,42.22,41.5375,41.785,43.32922699414705,41.40816865048231,43.32922699414705,41.40816865048231,0,0,0,0,0,44.873749999999994,39.878750000000004,46.52499999999999,38.227500000000006,41.53,43.338469097705946,41.316530902294055,,,,,28680330,0.7,0.6,0.2982614962228067,0.12798169824201205,-0.3525719587129114,-45.526174492072364,-12.256992328854135,-12.256992328854135,38.716468424699606,38.716468424699606,216.9454644362794,-348.3725572261054,,,11.74439604801869,12.140595049652346,8.017652367407097,,
1749562200,42.23,42.805,42.21,42.53,43.32708777937353,41.44151693869869,43.32708777937353,41.44151693869869,0,0,0,0,0,44.873749999999994,39.878750000000004,46.52499999999999,38.227500000000006,41.53,43.34241366416625,41.31258633583374,,,,,46092238,0.71,0.6,0.44113696348949544,0.224818230214828,-0.291475445239481,-22.80531931884883,18.728902311370753,18.728902311370753,80.70069159182053,80.70069159182053,216.9454644362794,-348.3725572261054,,,10.315521087857213,12.069023521738812,8.022243513701703,,
1749648600,42.82,43.215,42.4,43.145,43.32532866293122,41.48093392149482,43.32532866293122,41.48093392149482,0,0,0,0,0,44.873749999999994,39.878750000000004,46.52499999999999,38.227500000000006,41.53,43.345101477098616,41.30989852290138,,,,,48996600,0.71,0.61,0.8767434240661192,0.38329845789499917,-0.07921745222114848,-25.14303586223191,50.76794637391364,50.76794637391364,114.84603449899942,114.84603449899942,219.75642760486596,-348.37255722610547,,,9.911824073090406,11.98442746492907,8.026018899434748,,
1749735000,42.945,43.3075,42.63,43.295,43.32402800626203,41.527734552024434,43.32402800626203,41.527734552024434,0,0,0,0,0,44.873749999999994,39.878750000000004,46.52499999999999,38.227500000000006,41.53,43.34466714164854,41.31033285835145,,,,,34028116,0.71,0.61,0.8126084536508094,0.6742841168637852,-0.0933601477142654,-22.36535606630435,80.49402229642362,80.49402229642362,139.94617414144358,139.94617414144358,219.75642760486596,-348.37255722610547,,,9.42313821310952,11.88398474917144,8.028810346614916,,
1749821400,44.105,44.285,43.475,44.05,43.32440137687889,41.60550574606269,43.32440137687889,41.60550574606269,0,0,0,0,0,44.873749999999994,39.878750000000004,46.52499999999999,38.227500000000006,41.53,43.33685794766439,41.31814205233561,,,,,84194742,0.72,0.61,1.2396027935373641,0.8023899695126835,-0.11047896778317706,-19.00701193148997,108.96891862553989,108.96891862553989,165.9187112837724,165.9187112837724,219.75642760486596,-348.37255722610547,,,7.627748857962385,11.717073537751476,8.028009024959267,,
1750080600,43.93,44.375,43.5875,43.92,43.32499652897304,41.684594736413175,43.32499652897304,41.684594736413175,0,0,0,0,0,44.873749999999994,39.878750000000004,46.52499999999999,38.227500000000006,41.53,43.333219767496985,41.321780232503016,,,,,69406614,0.74,0.61,0.9794884001031438,0.637202002709753,-0.13632444751591946,-15.288248727502868,133.90661075630237,133.90661075630237,183.7819950178273,183.7819950178273,219.75642760486596,-348.37255722610547,,,7.388717730797831,11.54733409434153,8.026731719676228,,
1750167000,44.285,44.66,44.01,44.33,43.32642620623783,41.776985138906774,43.32642620623783,41.776985138906774,0,0,0,0,0,44.873749999999994,39.878750000000004,46.52499999999999,38.227500000000006,41.53,43.33451677729759,41.32048322270241,,,,,67884132,0.74,0.62,0.9376852025027571,0.9028786177789342,0.0052255297797183615,-8.396624708612094,155.91579862049048,155.91579862049048,199.9341743488667,199.9341743488667,219.7564276048659,-234.08854281231368,,,6.491023053224263,11.349047386846735,8.023663370692308,,
1750253400,44.49,44.715,43.94,44.04,43.327714565466124,41.86303474130259,43.327714565466124,41.86303474130259,0,0,0,1,0,44.873749999999994,39.878750000000004,46.52499999999999,38.227500000000006,41.53,43.33100232247889,41.32399767752111,,,,,70472920,0.73,0.61,1.1546824776493938,0.8367745458112048,-0.027889031550188067,-9.0737018286943,171.8395745950221,171.8395745950221,203.68712654408534,203.68712654408534,219.7564276048659,-182.65718131128716,223.68712654408534,,6.63975353234888,11.16436919647427,8.020898316070243,,
1750426200,44.215,44.6125,44.085,44.49,43.32928716373692,41.951339261251505,43.32928716373692,41.951339261251505,0,0,0,1,0,44.873749999999994,39.878750000000004,46.52499999999999,38.227500000000006,41.53,43.332420644762465,41.322579355237536,,,,,56744750,0.74,0.62,1.3406225689410958,0.9327454055330517,-0.08698318927048349,-7.933815593407492,190.79095997204686,190.79095997204686,228.6937307260964,228.6937307260964,219.7564276048659,-120.29493210556211,248.6937307260964,,6.331668968447884,10.974851540473235,8.01752323245861,,
1750685400,44.685,44.715,42.8275,43.015,43.32836925731587,41.98736027061419,43.32836925731587,41.98736027061419,0,0,0,0,0,44.873749999999994,39.878750000000004,46.52499999999999,38.227500000000006,41.53,43.346993358938924,41.30800664106108,,,,,105688294,0.73,0.61,0.4791831573071435,0.47702005566121597,-0.2903685437961504,-34.29662461167635,188.80329156742468,188.80329156742468,190.1284038371728,190.1284038371728,219.7564276048659,-120.29493210556211,,,9.003505789865075,10.897543863978797,8.019493227578304,,
1750771800,42.3875,42.9,42.2925,42.455,43.32639494311543,42.001198103139124,43.32639494311543,42.001198103139124,0,0,0,0,0,44.873749999999994,39.878750000000004,46.52499999999999,38.227500000000006,41.53,43.34861217850697,41.30638782149303,,,,,65358708,0.72,0.61,0.24416414980694143,0.2645046156927414,-0.2354350656236491,-41.39316833635009,123.57670769201329,123.57670769201329,167.94450512211964,167.94450512211964,219.7564276048659,-85.07804893369803,,,10.140231594603211,10.867845343611126,8.023730467072859,,
1750858200,42.405,42.5575,42.13,42.27,43.324103145027294,42.00818445203563,43.324103145027294,42.00818445203563,0,0,0,0,0,44.873749999999994,39.878750000000004,46.52499999999999,38.227500000000006,41.53,43.34829564319323,41.30670435680677,,,,,43723020,0.73,0.62,-0.0931061216220244,-0.004158454501977866,-0.29256926639489444,-50.91101513198016,62.03135934792294,62.03135934792294,132.64012319738742,132.64012319738742,219.7564276048659,-80.54421768707624,,,10.48549877828534,10.852851360657175,8.02864908507728,,
1750944600,42.365,42.96,42.26,42.875,43.32207306881345,42.01994388528914,43.32207306881345,42.01994388528914,0,0,0,0,0,44.873749999999994,39.878750000000004,46.52499999999999,38.227500000000006,41.53,43.19478105244555,41.15521894755445,,,,,33565614,0.72,0.63,-0.0959322256207777,-0.002063788497458067,-0.24508320932065406,-48.44494042256321,22.27347311483242,22.27347311483242,95.85123983653577,95.85123983653577,219.7564276048659,-80.54421768707624,,,10.209285031339636,10.82761346538982,8.033006000054828,,
1751031000,42.85,42.85,42.39505,42.65,43.320314180564075,42.036485281944465,43.320314180564075,42.036485281944465,0,0,0,0,0,44.873749999999994,39.878750000000004,46.52499999999999,38.227500000000006,41.53,43.19401997289059,41.15598002710941,,,,,35411732,0.74,0.64,-0.22841286556546175,0.005191747721260938,-0.335859633533088,-45.511088761546546,-9.838840783728763,-9.838840783728763,60.62121296311426,60.62121296311426,219.7564276048659,-80.54421768707624,,,9.922341442685648,10.792112601754363,8.0367808960441,,
1751290200,42.485,42.67,42.2775,42.405,40.952887987751176,39.83711387078019,40.952887987751176,39.83711387078019,0,0,0,0,0,44.873749999999994,39.878750000000004,46.52499999999999,38.227500000000006,41.53,43.194129239189984,41.15587076081001,,,,,26247518,0.75,0.63,-0.5754071483389955,-0.0831304489457019,-0.40242693819047587,-48.06476712328288,-61.5845914661225,-61.5845914661225,19.88594482003534,19.88594482003534,219.7564276048659,-80.54421768707624,,,4.9730276466621675,10.563913191750748,8.03065951093045,,
1751376600,42.47,42.9275,42.0775,42.73,40.955183166596825,39.92591822878881,40.955183166596825,39.92591822878881,0,0,0,0,0,46.660000000000004,40.525,48.605000000000004,38.58,42.47,43.19313895264208,41.15686104735791,,,,,40772802,0.73,0.63,-0.41719572640190794,-0.0020799843911199654,-0.409012901100572,-52.40960482934242,-85.92929695144039,-85.92929695144039,-15.385802437123239,-15.385802437123239,219.7564276048659,-80.54421768707624,,,5.42256686895932,10.362291767327555,8.025448536620818,,
1751463000,43.09,43.535,42.615,43.465,40.95853694648375,40.03210771001278,40.95853694648375,40.03210771001278,0,0,0,0,0,46.660000000000004,40.525,48.605000000000004,38.58,42.47,43.19709929421743,41.152900705782564,,,,,42468858,0.72,0.63,-0.3005646639664704,0.2698427995418558,-0.22586611952464225,-43.559783155621886,-55.848312137550536,-55.848312137550536,-28.873305670599002,-28.873305670599002,219.7564276048659,-80.54421768707624,,,4.214430209035738,10.121199157198465,8.017834114387881,,
1751549400,43.405,43.655,43.305,43.515,40.963248860676586,40.160921133149536,40.963248860676586,40.160921133149536,0,0,0,0,0,46.660000000000004,40.525,48.605000000000004,38.58,42.47,42.20613647105996,40.20886352894003,,,,,22266218,0.73,0.63,-0.18362221916292115,0.3659794739976965,-0.22129690882089798,-27.529782954353085,-23.877077964578888,-23.877077964578888,-13.884622552538659,-13.884622552538659,219.7564276048659,-80.54421768707624,,,2.6635198921105916,9.828741146802862,8.00713618387384,,
1751895000,43.25,43.48,42.65,43.095,40.96665575605985,40.2592536377319,40.96665575605985,40.2592536377319,0,0,0,0,0,46.660000000000004,40.525,48.605000000000004,38.58,42.47,41.881769511810084,40.078230488189924,,,,,35673204,0.73,0.63,-0.4852786917553192,0.4508587978136184,-0.19855252427970155,-42.74666720338368,-13.82357106516863,-13.82357106516863,6.283442733651885,6.283442733651885,219.7564276048659,-80.54421768707624,,,4.135760845133745,9.605487017325641,7.999401168212021,,
1751981400,43.045,44.415,43.035,44.255,40.97081738292087,40.36867702448752,40.97081738292087,40.36867702448752,0,0,0,0,0,46.660000000000004,40.525,48.605000000000004,38.58,42.47,41.74024029966068,40.21975970033933,,,,,47472456,0.62,0.62,0.4426318567768917,0.7354082153143412,-0.03560306914854309,-33.80239172876271,5.522937029022886,5.522937029022886,44.215953217405925,44.215953217405925,219.7564276048659,-80.54421768707624,,,3.270397842211745,9.357052147713333,7.989952610118114,,
1752067800,44.145,44.32,43.9,44.03,40.976681683854096,40.5073916509782,40.976681683854096,40.5073916509782,0,0,0,0,0,46.660000000000004,40.525,48.605000000000004,38.58,42.47,41.73986435909406,40.22013564090595,,,,,28673156,0.51,0.62,0.5733992171813929,0.6606517049208853,-0.08911675186578817,-13.706811766302433,31.090152696173057,31.090152696173057,82.22458403047341,82.22458403047341,219.7564276048659,-80.54421768707624,,,1.3261407057765866,9.04211444410797,7.97663830061893,,
1752154200,43.93,44.39,43.615,44.365,40.9819705316386,40.62960178231239,40.9819705316386,40.62960178231239,0,0,0,0,0,46.660000000000004,40.525,48.605000000000004,38.58,42.47,41.72888120642263,40.23111879357738,,,,,28824762,0.54,0.62,0.7660386423153863,0.6506539544755519,-0.12851745258154165,-20.327898805956885,57.52431947998182,57.52431947998182,110.39265304759934,110.39265304759934,219.7564276048659,-80.54421768707624,,,1.9667340975500114,8.764648548164521,7.9646305000133975,,
1752240600,44.29,44.72,44.155,44.565,41.05726667002882,40.833819755049085,41.05726667002882,40.833819755049085,0,0,0,0,0,46.660000000000004,40.525,48.605000000000004,38.58,42.47,41.881875695772806,40.5781243042272,,,,,30171552,0.58,0.62,0.6092003297208475,0.8174521484430748,0.07684828259341658,-9.509042504965802,82.48523429347475,82.48523429347475,132.4070639204606,132.4070639204606,219.7564276048659,-80.54421768707624,,,0.9200044878267623,8.457015447759119,7.950555323165871,,
1752499800,44.48,44.48,43.84,44.075,41.06284106229649,40.9519934901452,41.06284106229649,40.9519934901452,0,0,0,0,0,46.660000000000004,40.525,48.605000000000004,38.58,42.47,41.86377141888116,40.76622858111884,,,,,33441544,0.62,0.62,0.516794255187173,0.639422347677061,0.06995409314579737,-17.208958389879605,99.77838442181383,99.77838442181383,134.364684678492,134.364684678492,219.7564276048659,-80.54421768707624,,,1.6268372040839096,8.18916532055617,7.937920521729144,,
1752586200,43.99,44.18,43.385,43.44,41.06750431691728,41.047868255237546,41.06750431691728,41.047868255237546,0,0,0,0,0,46.660000000000004,40.525,48.605000000000004,38.58,42.47,42.506060602638435,41.40393939736156,,,,,33859576,0.6,0.61,0.37691965556114665,0.5850610896364206,0.07087701746910621,-28.97209661281016,96.88099610064681,96.88099610064681,98.81258831475816,98.81258831475816,219.7564276048659,-80.54421768707624,,,2.647817794233142,7.971857574425854,7.927350885909972,,
1752672600,43.38,43.63,42.9075,43.065,41.071213748851505,41.12144499032627,41.071213748851505,41.12144499032627,0,0,0,0,0,46.660000000000004,40.525,48.605000000000004,38.58,42.47,42.53639353211558,41.42860646788442,,,,,35501652,0.6,0.62,0.1211060404654927,0.38114297690230386,0.010183220571703767,-77.44039957120025,46.004512014706265,46.004512014706265,81.20989621474087,81.20989621474087,219.7564276048659,-80.54421768707624,,,3.7192864355435855,7.8050900787834125,7.918943164730418,,
1752759000,42.845,43.3925,42.74,43.33,41.074584450652004,41.18563342207818,41.074584450652004,41.18563342207818,0,0,0,0,0,46.660000000000004,40.525,48.605000000000004,38.58,42.47,42.5367453744138,41.428254625586206,,,,,36086420,0.59,0.62,-0.048193219668130304,0.3301258855499035,-0.045551307656747725,-111.69343536458447,5.043553937124834,5.043553937124834,55.82111545553553,55.82111545553553,219.7564276048659,-80.54421768707624,,,4.095141927521588,7.659601915988831,7.911303202218512,,
1752845400,43.675,43.875,42.81,42.98,41.07808687932203,41.25002230748688,41.07808687932203,41.25002230748688,0,0,0,0,0,46.660000000000004,40.525,48.605000000000004,38.58,42.47,42.53780588005352,41.42719411994648,,,,,60975682,0.59,0.61,-0.1906307590768785,0.43803919320587154,-0.12439859728346914,-107.40930359717572,-27.490257592929638,-27.490257592929638,28.05065777271381,28.05065777271381,219.7564276048659,-80.54421768707624,,,3.9380679905755533,7.513659409109879,7.903364670327118,,
1753104600,43.01,43.085,42.4475,42.535,41.08086527716554,41.29781260915406,41.08086527716554,41.29781260915406,0,0,0,0,0,46.660000000000004,40.525,48.605000000000004,38.58,42.47,42.52945835242463,41.43554164757536,,,,,30434458,0.61,0.61,-0.20172016225545475,0.3503101552741752,-0.1367939378524639,-139.79733625193404,-74.96846255453715,-74.96846255453715,-6.2890490030365065,-6.2890490030365065,219.7564276048659,-104.18535127055577,,,4.751486592617525,7.405338906502336,7.897067211630396,,
1753191000,42.485,42.97,42.4425,42.735,41.08362823365472,41.343534663697035,41.08362823365472,41.343534663697035,0,0,0,0,0,46.660000000000004,40.525,48.605000000000004,38.58,42.47,42.76720862890876,41.705291371091235,,,,,32444074,0.64,0.62,-0.5332057860746149,0.2213614966524204,-0.13617856684402105,-140.12743621947078,-113.82199906822099,-113.82199906822099,-42.13336569143134,-42.13336569143134,219.7564276048659,-104.18535127055577,,,4.7627061595422315,7.301706249758802,7.890804751985864,,
1753277400,42.91,43.43,42.8,43.405,41.08709281260846,41.40134310825794,41.08709281260846,41.40134310825794,0,0,0,0,0,46.660000000000004,40.525,48.605000000000004,38.58,42.47,42.75728833234953,41.715211667650465,,,,,28046082,0.63,0.61,-0.21978424595969046,0.346576576924648,-0.021904272413268915,-116.52528854057317,-103.73644257233549,-103.73644257233549,-62.66772465173272,-62.66772465173272,219.7564276048659,-104.18535127055577,,,3.9605071244249985,7.170678833079045,7.882952009473255,,
1753363800,43.29,43.76965,43.095,43.715,41.09113398581004,41.46833749616939,41.09113398581004,41.46833749616939,0,0,0,0,0,46.660000000000004,40.525,48.605000000000004,38.58,42.47,42.75803852934606,41.714461470653944,,,,,24022142,0.62,0.61,-0.22737369609715874,0.24964891967954697,-0.1342824242637153,-97.04939045588802,-66.94006238009837,-66.94006238009837,-64.0918372278546,-64.0918372278546,219.7564276048659,-104.18535127055577,,,3.2985526758667087,7.0188307484824835,7.87379237044507,,
1753450200,43.76,43.835,43.3225,43.55,41.095617084739494,41.541537006123534,41.095617084739494,41.541537006123534,0,0,0,0,0,46.660000000000004,40.525,48.605000000000004,38.58,42.47,42.75263720008355,41.71986279991644,,,,,20143134,0.61,0.61,-0.35870217265606985,0.0853543773063512,-0.23545976887920578,-82.02984193295302,-53.23076413785404,-53.23076413785404,-31.508617957852913,-31.508617957852913,219.7564276048659,-104.18535127055577,,,2.788062380792101,6.852918263475018,7.863631071764445,,
1753709400,43.84,44.12,43.775,44.045,41.10098628137338,41.62943359411869,41.10098628137338,41.62943359411869,0,0,0,0,0,46.660000000000004,40.525,48.605000000000004,38.58,42.47,42.75535253924415,41.71714746075585,,,,,23705282,0.63,0.61,-0.01071646029053068,0.15746546403533504,-0.18673405332233392,-52.15579487085138,-32.076324938743916,-32.076324938743916,10.232553459476335,10.232553459476335,219.7564276048659,-104.18535127055577,,,1.7726915741052378,6.653693687421301,7.851461362478412,,
1753795800,44.115,44.49,43.97,44.475,41.106730464627375,41.72145384532972,41.106730464627375,41.72145384532972,0,0,0,0,0,46.660000000000004,40.525,48.605000000000004,38.58,42.47,42.75642405860883,41.71607594139116,,,,,24551960,0.62,0.62,0.37577553486166765,0.08785376101593886,-0.21973543045869137,-39.281896136907015,-2.036582298130128,-2.036582298130128,58.042902983097456,58.042902983097456,219.7564276048659,-104.18535127055577,,,1.3351284640412855,6.445122502190712,7.838441716327688,,
1753882200,44.2,44.225,43.565,43.84,41.11166207209066,41.794141929826594,41.11166207209066,41.794141929826594,0,0,0,0,0,46.660000000000004,40.525,48.605000000000004,38.58,42.47,42.76242331853995,41.71007668146004,,,,,26552332,0.61,0.61,0.2830838355490722,-0.016542641134342628,-0.30896751123122035,-66.01999350740688,23.552753115905766,23.552753115905766,74.73142394397756,74.73142394397756,219.7564276048659,-104.18535127055577,,,2.2439133849433412,6.280369203475129,7.827263837543703,,
1753968600,43.38,44.1075,43.38,43.605,41.11621789212644,41.85679714826477,41.11621789212644,41.85679714826477,0,0,0,0,0,46.660000000000004,40.525,48.605000000000004,38.58,42.47,42.82614598662398,41.81385401337602,,,,,24960798,0.63,0.62,0.10014575221460764,-0.14899379292089007,-0.30187432043872575,-78.23369230627682,37.29678629147784,37.29678629147784,64.78485264262198,64.78485264262198,219.7564276048659,-104.18535127055577,,,2.6590373611578486,6.138356190050922,7.816937710717758,,
1754055000,43.44,43.595,42.56,42.795,41.11914263160271,41.88516000519556,41.11914263160271,41.88516000519556,0,0,0,0,0,46.04125,42.11875,47.3625,40.7975,43.44,42.86220094518718,41.827799054812814,,,,,42329366,0.66,0.61,-0.06767353371225596,-0.2566108121513459,-0.4097764496101488,-132.37008698235047,26.361000522333256,26.361000522333256,33.65152436842964,33.65152436842964,219.7564276048659,-104.18535127055577,,,4.499046336811388,6.074069529139567,7.810308557123539,,
1754314200,42.72,43.041,42.48,42.7,41.12190328568543,41.90930471087417,41.12190328568543,41.90930471087417,0,0,0,0,0,46.04125,42.11875,47.3625,40.7975,43.44,42.8572483987493,41.83275160125069,,,,,26509642,0.67,0.61,0.061032426622781286,-0.3654711741272156,-0.44046150025215675,-137.6516864629434,-12.71815481573104,-12.71815481573104,18.19496464037608,18.19496464037608,219.7564276048659,-104.18535127055577,,,4.678559407606868,6.019343642020638,7.804051316065564,,
1754400600,42.69,42.8125,42.1725,42.755,41.12405018221752,41.92056433005557,41.12405018221752,41.92056433005557,0,0,0,0,0,46.04125,42.11875,47.3625,40.7975,43.44,42.84710245927564,41.84289754072436,,,,,31413606,0.67,0.61,0.007365030890330426,-0.054918805002386724,-0.46259646716834646,-162.95440532291687,-46.82660608015483,-46.82660608015483,-3.4788922664675574,-3.4788922664675574,219.7564276048659,-104.18535127055577,,,5.36856277347694,5.993822823646375,7.799185205091361,,
1754487000,43.025,43.275,42.235,42.36,41.126316415619684,41.93380886613182,41.126316415619684,41.93380886613182,0,0,0,0,0,46.04125,42.11875,47.3625,40.7975,43.44,42.8500108279098,41.839989172090206,,,,,38249454,0.68,0.61,-0.3787031490120495,-0.020321535452324582,-0.4601329085670298,-165.05576266398637,-74.33409210148758,-74.33409210148758,-27.097292211474233,-27.097292211474233,219.7564276048659,-117.16417910448126,,,5.228318186917981,5.963803033970752,7.794048607652454,,
1754573400,42.61,43.085,42.14,42.195,41.12839020899507,41.94284577334234,41.12839020899507,41.94284577334234,0,0,0,0,0,46.04125,42.11875,47.3625,40.7975,43.44,43.04795046761931,42.03204953238069,,,,,35042056,0.67,0.61,-0.5529686346893549,-0.016291301496771923,-0.46111498288457925,-172.70493786389952,-117.79048572203206,-117.79048572203206,-57.328356714993504,-57.328356714993504,219.7564276048659,-118.9674523007888,,,5.441489958487597,5.94332016826553,7.789348190771006,,
1754659800,42.395,42.8525,42.18,42.465,41.13053897980627,41.953081233211265,41.13053897980627,41.953081233211265,0,0,0,0,0,46.04125,42.11875,47.3625,40.7975,43.44,43.044516177890195,42.0354838221098,,,,,40736226,0.65,0.61,-0.3973286631509229,-0.08804960530207746,-0.4846713535253355,-169.8561966207837,-154.4533308147709,-154.4533308147709,-89.70334808158597,-89.70334808158597,219.7564276048659,-118.9674523007888,,,5.351733423089865,5.920120688062563,7.7844778315948195,,
1754919000,42.55,42.735,42.05,42.125,41.13242631451195,41.95786824367357,41.13242631451195,41.95786824367357,0,0,0,0,0,46.04125,42.11875,47.3625,40.7975,43.44,43.04401313964073,42.035986860359266,,,,,28828714,0.65,0.61,-0.6947580197945556,-0.11326835540269917,-0.5510416954289465,-179.11460566091043,-198.45435215707286,-198.45435215707286,-125.95368277341493,-125.95368277341493,219.7564276048659,-118.9674523007888,,,5.643442163132504,5.909270549830012,7.780200038051438,,
1755005400,42.21,42.7,42.085,42.33,41.13437910908835,41.9638263517648,41.13437910908835,41.9638263517648,0,0,0,0,0,46.04125,42.11875,47.3625,40.7975,43.44,43.02567421430731,42.05432578569269,,,,,34527022,0.66,0.62,-0.7711981721884393,-0.016328196578494814,-0.536235198152574,-172.4813228864476,-218.02368882076806,-218.02368882076806,-156.6436847891993,-156.6436847891993,219.7564276048659,-118.9674523007888,,,5.564905194659479,5.895766026097834,7.775773874528178,,
1755091800,42.36,42.825,42.21,42.82,41.136575254724534,41.97440374973481,41.136575254724534,41.97440374973481,0,0,0,0,0,46.04125,42.11875,47.3625,40.7975,43.44,43.02381466906764,42.05618533093236,,,,,25601212,0.69,0.63,-0.3714121342528839,0.019412231027455554,-0.06748052839984195,-163.46033319573385,-180.50346402571836,-180.50346402571836,-164.59694453470567,-164.59694453470567,219.7564276048659,-118.9674523007888,,,5.284416021541562,5.871791516115235,7.770796136560173,,
1755178200,42.79,42.8425,42.325,42.78,41.13899448498483,41.98903105366678,41.13899448498483,41.98903105366678,0,0,0,0,0,46.04125,42.11875,47.3625,40.7975,43.44,43.02273647794801,42.057263522052,,,,,24944596,0.72,0.63,-0.3021814509191725,-0.14532502440885683,0.4596551125159563,-155.161022680277,-153.2186227660281,-153.2186227660281,-130.4619792286729,-130.4619792286729,219.7564276048659,-118.9674523007888,,,5.026365982273074,5.838637573611621,7.7653127596285305,,
1755264600,42.8,43.2625,42.645,42.78,41.14204184865119,42.01550826724847,41.14204184865119,42.01550826724847,0,0,0,0,0,46.04125,42.11875,47.3625,40.7975,43.44,43.022213932645904,42.057786067354094,,,,,27297716,0.69,0.62,-0.005599413787596187,-0.1557873026471744,0.4974576455302897,-132.0672890720497,-127.10844374829912,-127.10844374829912,-74.88808571284116,-74.88808571284116,219.7564276048659,-118.9674523007888,,,4.308313699091204,5.7786248726500355,7.758405668598486,,
1755523800,42.555,42.725,42.28,42.525,41.14436114565688,42.02677657049363,41.14436114565688,42.02677657049363,0,0,0,0,0,46.04125,42.11875,47.3625,40.7975,43.44,43.02319686605454,42.05680313394546,,,,,26428444,0.69,0.62,-0.0654673625046224,-0.12198375959412822,0.5997577788427043,-158.4085789689341,-103.4230673422637,-103.4230673422637,-56.05231453019286,-56.05231453019286,219.7564276048659,-118.9674523007888,,,5.1273420845955275,5.753084371157702,7.753148798300778,,
1755610200,42.405,42.79,42.295,42.54,41.14670547903219,42.038185332435056,41.14670547903219,42.038185332435056,0,0,0,0,0,46.04125,42.11875,47.3625,40.7975,43.44,43.018074337102064,42.061925662897934,,,,,25693882,0.7,0.62,-0.08037192038181562,-0.35759706705797717,0.1759479080330745,-157.3260602060484,-85.96827909001993,-85.96827909001993,-51.05870258553237,-51.05870258553237,219.7564276048659,-118.9674523007888,,,5.093683383821376,5.7272255089092186,7.747835181089031,,
1755696600,42.61,43.07,42.57,42.895,41.149589084468694,42.05982316253564,41.149589084468694,42.05982316253564,0,0,0,0,0,46.04125,42.11875,47.3625,40.7975,43.44,43.01726850698017,42.062731493019825,,,,,27967210,0.68,0.62,0.2018597871000507,-0.2378693736457284,0.6097175940307955,-137.47988288647815,-63.07745213901402,-63.07745213901402,-17.295798237002188,-17.295798237002188,219.7564276048659,-118.9674523007888,,,4.476607202961961,5.678181653774032,7.741299261052813,,
1755783000,42.82,43.2825,42.705,43.19,41.152733961422804,42.08585362674993,41.152733961422804,42.08585362674993,0,0,0,0,0,46.04125,42.11875,47.3625,40.7975,43.44,43.0072301848303,42.0727698151697,,,,,22088028,0.65,0.62,0.37671020725355336,-0.24427670416948524,0.5055730381787109,-127.73721402050742,-32.926195791316516,-32.926195791316516,27.376316904078493,27.376316904078493,219.7564276048659,-118.9674523007888,,,4.173678895994613,5.619181545625819,7.734171148435314,,
1755869400,43.335,44.175,43.265,44.07,41.156980247214165,42.132604464916604,41.156980247214165,42.132604464916604,0,0,0,0,0,46.04125,42.11875,47.3625,40.7975,43.44,43.05684425618618,42.10065574381382,,,,,30936332,0.7,0.62,0.6014857148520593,-0.10205447896969537,0.6010241908930244,-107.9834072160472,3.3010736888942773,3.3010736888942773,75.75561264931588,75.75561264931588,299.89680082558465,-118.9674523007888,,,2.9170874004263374,5.5132170693434865,7.7245466054822485,,
1756128600,43.96,44.24,43.815,44.185,41.16230596100594,42.198874878057126,41.16230596100594,42.198874878057126,0,0,0,0,0,46.04125,42.11875,47.3625,40.7975,43.44,43.05678601811145,42.100713981888546,,,,,23412822,0.71,0.62,0.7785315855457032,0.022939749293004973,0.6256647878491775,-58.900040299662386,39.41609583537969,39.41609583537969,111.64614012835052,111.64614012835052,299.89680082558465,-118.9674523007888,,,1.682935038707506,5.3630099308871735,7.712475453500681,,
1756215000,44.01,44.155,43.7025,44.115,41.167398506538404,42.25817880440783,41.167398506538404,42.25817880440783,0,0,0,0,0,46.04125,42.11875,47.3625,40.7975,43.44,43.055302805044676,42.102197194955316,,,,,22855500,0.7,0.62,0.6713510563698815,0.1428279008965929,0.5679749470028217,-68.93981989619544,69.79240550590237,69.79240550590237,130.54502484694774,130.54502484694774,299.89680082558465,-118.9674523007888,,,1.9353752945136256,5.228592886323505,7.700932795840367,,
1756301400,44.05,44.77,44,44.61,41.21455641682006,42.367722036226894,41.21455641682006,42.367722036226894,0,0,0,1,0,46.04125,42.11875,47.3625,40.7975,43.44,43.077641748271894,42.12985825172812,,,,,26877360,0.7,0.62,0.7231632382917332,0.35832192094512827,0.5462210210037428,-54.27317452669789,96.9110138400738,96.9110138400738,151.1482305084167,151.1482305084167,299.89680082558465,-118.9674523007888,,,1.367406411118582,5.077173808864488,7.688278397469294,,
1756387800,44.625,45.015,44.33,44.95,41.53428710695549,42.75516433706131,41.53428710695549,42.75516433706131,0,0,0,1,0,46.04125,42.11875,47.3625,40.7975,43.44,43.201560055412145,42.25093994458785,,,,,24086284,0.74,0.63,1.0181651349724765,0.43327633188097364,0.8876668551953208,-54.74564874247627,125.105534896434,125.105534896434,181.49457700915437,181.49457700915437,299.89680082558465,-118.9674523007888,,,1.3793103448275963,4.932159555372846,7.675673066694785,,
1756474200,44.97,45.31,44.91,45.195,41.76696782434594,43.06367780037113,41.76696782434594,43.06367780037113,0,0,0,1,0,46.04125,42.11875,47.3625,40.7975,43.44,43.54372056771939,42.59127943228062,,,,,23744920,0.75,0.64,1.1342204573187034,0.5978163840384456,0.740578888460425,-25.02891840118204,152.35870840931665,152.35870840931665,206.86505543508196,206.86505543508196,299.89680082558465,-118.9674523007888,226.86505543508196,,0.6306007301692746,4.763470973992313,7.661596998090339,,
1756819800,45.075,45.34,44.735,45.26,41.83285819090009,43.18893162417978,41.83285819090009,43.18893162417978,0,0,0,1,0,46.940000000000005,43.445,48.57000000000001,41.815,45.075,43.55731189651787,42.612688103482135,,,,,25964440,0.75,0.63,1.3085858066583713,0.7525730105737752,0.7747222050496498,-46.03968747813703,173.6594978100625,173.6594978100625,216.26107661155422,216.26107661155422,299.89680082558465,-118.9674523007888,236.26107661155422,,1.1599646486964175,4.622157000451298,7.648606723665975,,
1756906200,44.9,45.2725,44.095,44.245,41.83740123147771,43.2249205800943,41.83740123147771,43.2249205800943,0,0,0,0,0,46.940000000000005,43.445,48.57000000000001,41.815,45.075,43.57134817388387,42.598651826116125,,,,,36018148,0.69,0.62,0.921363289305995,0.46896088228258664,0.5523765751327601,-102.16425888005668,176.6631496262139,176.6631496262139,182.67045325851672,182.67045325851672,299.89680082558465,-118.9674523007888,,,2.5740167918691985,4.541837776585333,7.6384676828432045,,
1756992600,44.25,44.725,44.06,44.54,41.84186596428195,43.258139380874916,41.84186596428195,43.258139380874916,0,0,0,0,0,46.940000000000005,43.445,48.57000000000001,41.815,45.075,43.55899933523223,42.61100066476778,,,,,25895486,0.71,0.63,1.0060154422700693,0.39604167684473046,0.7100284933173837,-105.23357137859884,138.58005682846968,138.58005682846968,163.96878536029917,163.96878536029917,299.89680082558465,-118.9674523007888,,,2.651347768448952,4.467700913521162,7.628503407289969,,
1757079000,44.175,44.32,43.4575,43.68,41.84513001829937,43.266664307115114,41.84513001829937,43.266664307115114,0,0,0,0,0,46.940000000000005,43.445,48.57000000000001,41.815,45.075,43.812147621790054,42.83285237820995,,,,,48182236,0.71,0.62,0.29892581956947645,-0.012179444673275334,0.46470005949394416,-158.06959367493712,80.29333836059524,80.29333836059524,136.0769696937312,136.0769696937312,299.89680082558465,-118.9674523007888,,,3.9825452938577,4.448675202946124,7.621218775694699,,
1757338200,43.825,44.015,43.1925,43.58,41.84786337490617,43.264566687228246,41.84786337490617,43.264566687228246,0,0,0,0,0,46.940000000000005,43.445,48.57000000000001,41.815,45.075,43.92029154986078,42.95720845013922,,,,,34931864,0.72,0.63,-0.2929053551335607,0.010477236575644453,0.47021202299144127,-181.3086740210445,26.029678952577278,26.029678952577278,99.3945394466799,99.3945394466799,299.89680082558465,-118.9674523007888,,,4.56805125939018,4.453356616924322,7.615118540896888,,
1757424600,43.815,44.4075,43.765,43.79,41.85172368784342,43.284777797533025,41.85172368784342,43.284777797533025,0,0,0,0,0,46.940000000000005,43.445,48.57000000000001,41.815,45.075,44.17985959659971,43.21014040340029,,,,,41193414,0.69,0.62,-0.2354424241424029,-0.08803298399929435,0.7721089860941077,-131.10349100917128,-6.764627280359903,-6.764627280359903,64.00815053766664,64.00815053766664,299.89680082558465,-118.9674523007888,,,3.3031374281926587,4.4082499820721,7.606503194018358,,
1757511000,43.89,44.5775,43.79,44.555,41.85562573841715,43.305166903512124,41.85562573841715,43.305166903512124,0,0,0,0,0,46.940000000000005,43.445,48.57000000000001,41.815,45.075,44.17948938329864,43.21051061670137,,,,,29932822,0.7,0.62,0.26073136497774413,0.027148153007306445,0.8961800950664265,-128.91112493878396,-5.696399456841259,-5.696399456841259,40.77330053949734,40.77330053949734,299.89680082558465,-118.9674523007888,,,3.2479010163499757,4.362746101063389,7.59779469815888,,
1757597400,44.2,44.66,44.065,44.565,41.86006394873001,43.33543290729596,41.86006394873001,43.33543290729596,0,0,0,0,0,46.940000000000005,43.445,48.57000000000001,41.815,45.075,44.17356170657359,43.216438293426414,,,,,25176854,0.69,0.63,-0.026796027254008453,0.2536278580762974,0.7722661396165879,-104.79509816452173,9.521115935474242,9.521115935474242,30.355905671489644,30.355905671489644,299.89680082558465,-118.9674523007888,,,2.6403004860804247,4.295199214201312,7.587889614818065,,
1757683800,44.75,44.95,44.29,44.3,41.86493834643484,43.37324730308828,41.86493834643484,43.37324730308828,0,0,0,0,0,46.940000000000005,43.445,48.57000000000001,41.815,45.075,44.17456790637489,43.215432093625104,,,,,22298266,0.66,0.63,-0.39384458552576596,0.2506277210552817,0.9135011585730399,-85.06380353103428,24.201528424428815,24.201528424428815,28.304446589136035,28.304446589136035,299.89680082558465,-118.9674523007888,,,2.1431727794962416,4.210806020683466,7.577011059702537,,
1757943000,44.385,44.5,44.075,44.15,41.86937773035805,43.40123172257501,41.86937773035805,43.40123172257501,0,0,0,0,0,46.940000000000005,43.445,48.57000000000001,41.815,45.075,44.1656666086688,43.2243333913312,,,,,23288564,0.63,0.62,-0.6436792229460712,0.5088962239242366,0.8965988289140953,-103.91815173636631,20.402834640766297,20.402834640766297,25.670575939679456,25.670575939679456,299.89680082558465,-118.9674523007888,,,2.618205921343339,4.1483511148269905,7.567103357128393,,
1758029400,44.345,45.0275,44.335,44.89,41.874322530097594,43.43821283149364,41.874322530097594,43.43821283149364,0,0,0,0,0,46.940000000000005,43.445,48.57000000000001,41.815,45.075,44.1739661049624,43.216033895037604,,,,,41593456,0.63,0.63,-0.22547944232980383,0.8167241357994248,1.0535003376268697,-81.11754460433666,35.86875260496758,35.86875260496758,56.26510593554383,56.26510593554383,299.89680082558465,-118.9674523007888,,,2.0437472381794017,4.0658176294682615,7.556067680567057,,
1758115800,44.83,45.31,44.635,44.995,41.87985085671079,43.48539075967036,41.87985085671079,43.48539075967036,0,0,0,0,0,46.940000000000005,43.445,48.57000000000001,41.815,45.075,44.171529453954,43.218470546046,,,,,26044858,0.64,0.63,0.4715609847660999,0.841475124956603,0.9521824839590949,-54.8091517596871,55.617497276262725,55.617497276262725,95.11498661885301,95.11498661885301,299.89680082558465,-118.9674523007888,,,1.3809102960671675,3.9605271458054734,7.543729703774849,,
1758202200,45.035,45.125,44.515,44.855,41.885130775079,43.5260597494872,41.885130775079,43.5260597494872,0,0,0,0,0,46.940000000000005,43.445,48.57000000000001,41.815,45.075,44.17040934804203,43.21959065195797,,,,,28713048,0.65,0.63,0.19667713117200986,0.9456871652980264,0.8186878562998275,-65.3325088975468,74.70360028867408,74.70360028867408,112.87580631349681,112.87580631349681,299.89680082558465,-118.9674523007888,,,1.6460450729120581,3.869763142946908,7.5319461180988,,
1758288600,44.815,44.8475,44.105,44.26,41.88958915514877,43.54921622989947,41.88958915514877,43.54921622989947,0,0,0,0,0,46.940000000000005,43.445,48.57000000000001,41.815,45.075,44.172948675288715,43.21705132471129,,,,,29979134,0.64,0.63,0.3670091459878353,0.780962104612197,0.4291793419899669,-101.28731245190187,80.30410281566391,80.30410281566391,91.50510786964355,91.50510786964355,299.89680082558465,-118.9674523007888,,,2.5519222271321285,3.818083107032603,7.521996020414551,,
1758547800,43.73,44.05,43.555,43.835,41.89295071527834,43.5501116718642,41.89295071527834,43.5501116718642,0,0,0,0,0,46.940000000000005,43.445,48.57000000000001,41.815,45.075,44.13845031156026,43.25154968843974,,,,,22502342,0.68,0.63,0.16115650463927755,0.5130074784507025,0.20337230969802003,-149.51936600042623,44.85859573003721,44.85859573003721,68.48893378712168,68.48893378712168,299.89680082558465,-118.9674523007888,,,3.7671232876712293,3.8160846827439214,7.514493777192286,,
1758634200,44.01,45.07,44.01,44.59,41.89720555900406,43.568636704340115,41.89720555900406,43.568636704340115,0,0,0,0,0,46.940000000000005,43.445,48.57000000000001,41.815,45.075,44.14142520720457,43.248574792795424,,,,,44214788,0.66,0.64,0.5131189502702662,0.9488977015775658,0.43159849370027437,-109.6183035193742,27.598917477668493,27.598917477668493,54.858928350637285,54.858928350637285,299.89680082558465,-118.9674523007888,,,2.761820592134335,3.7747409929160947,7.50499792667269,,
1758720600,44.905,45.59,44.855,45.17,41.90312333011494,43.619241147307164,41.90312333011494,43.619241147307164,0,0,0,0,0,46.940000000000005,43.445,48.57000000000001,41.815,45.075,44.27164271577791,43.368357284222085,,,,,35406134,0.67,0.64,0.38565065013096783,1.0822431465747917,0.5145537990518431,-35.516330340277335,42.07284892265316,42.07284892265316,50.596901874642576,50.596901874642576,299.89680082558465,-118.9674523007888,,,0.8948298718515271,3.6618033018939546,7.491790797692029,,
1758807000,45.165,45.6175,45.04,45.575,42.20045566466716,43.96684252689805,42.20045566466716,43.96684252689805,0,0,0,0,0,46.940000000000005,43.445,48.57000000000001,41.815,45.075,44.28175192730404,43.38574807269595,,,,,31887198,0.68,0.64,0.6361867389693198,1.042729023977868,0.6206609758972826,-46.592360956638444,54.91920185342966,54.91920185342966,63.56380181100384,63.56380181100384,299.89680082558465,-118.9674523007888,,,1.1738891936368703,3.564238042746618,7.479167617663947,,
1758893400,45.65,46.455,45.64,45.995,42.59545956885834,44.42188625158233,42.59545956885834,44.42188625158233,0,0,0,0,0,46.940000000000005,43.445,48.57000000000001,41.815,45.075,44.70564595036016,43.79935404963984,,,,,40161680,0.69,0.64,1.0873988435720965,1.2331118184260688,0.8555956305430856,-30.634115327958696,65.73131081029136,65.73131081029136,87.35552872401476,87.35552872401476,299.89680082558465,-118.9674523007888,,,0.7718230242417586,3.454731571432702,7.465766329765001,,
1759152600,45.675,45.74,44.9125,45.15,42.600110648640836,44.44155051622616,42.600110648640836,44.44155051622616,0,0,0,0,0,46.940000000000005,43.445,48.57000000000001,41.815,45.075,44.71711663146573,43.78788336853427,,,,,37674482,0.67,0.64,0.6339067725796859,0.8951648859598039,0.7488641492324762,-93.41247842962102,72.6292326334801,72.6292326334801,86.42507627985756,86.42507627985756,299.89680082558465,-118.9674523007888,,,2.3535166865963606,3.4115466739881395,7.455552044763666,,
1759239000,44.755,44.8475,44.32,44.67,42.60358045753466,44.43744069206043,42.60358045753466,44.43744069206043,0,0,0,0,0,46.940000000000005,43.445,48.57000000000001,41.815,45.075,44.720021149758715,43.78497885024128,,,,,47544756,0.65,0.64,-0.13642349980857155,0.8106594658110148,0.8244110410818576,-144.5412483783977,55.018019307911246,55.018019307911246,66.75882819162382,66.75882819162382,299.89680082558465,-118.9674523007888,,,3.64170018480269,3.4205723018632197,7.44793196112738,,
1759325400,44.45,44.82,44.4,44.67,42.60720157550163,44.436597919822766,42.60720157550163,44.436597919822766,0,0,0,0,0,46.08125,41.56125,47.7125,39.93000000000001,44.45,44.71090871004224,43.794091289957755,,,,,27661224,0.64,0.63,-0.20221096295599178,0.8092954207882125,0.868895395246261,-137.63778576928033,23.117763874519454,23.117763874519454,52.211806752589034,52.211806752589034,299.89680082558465,-118.9674523007888,,,3.467768235677789,3.4224231227971242,7.439979586051557,,
1759411800,44.57,44.965,44.1725,44.22,42.610365458467655,44.4269558445356,42.610365458467655,44.4269558445356,0,0,0,0,0,46.08125,41.56125,47.7125,39.93000000000001,44.45,44.71458824040078,43.790411759599216,,,,,31793606,0.66,0.63,-0.39577235982016107,0.49857577716291535,0.7330948517713783,-157.2695075639582,-6.846096966559472,-6.846096966559472,32.5258388462062,32.5258388462062,299.89680082558465,-118.9674523007888,,,3.9623872160017353,3.4435981852757362,7.433031349547961,,
1759498200,44.445,44.715,44.39,44.455,42.61395323976942,44.42613600749499,42.61395323976942,44.42613600749499,0,0,0,0,0,46.08125,41.56125,47.7125,39.93000000000001,44.45,44.71198448583643,43.793015514163564,,,,,24047956,0.66,0.65,0.12629074176226027,0.4847245391341702,0.7174855323178219,-138.50071859541987,-31.59224259736479,-31.59224259736479,11.153145031682538,11.153145031682538,299.89680082558465,-118.9674523007888,,,3.4895097293183976,3.4453986379832915,7.425152185471578,,
1759757400,44.735,44.93,44.495,44.675,42.61774154498467,44.42942479151479,42.61774154498467,44.42942479151479,0,0,0,0,0,46.08125,41.56125,47.7125,39.93000000000001,44.45,44.68883235095233,43.816167649047664,,,,,21488472,0.64,0.65,0.5530366473221595,0.22874274719340615,0.9072122738961619,-129.4399239209534,-35.05829945983781,-35.05829945983781,-4.250669798824246,-4.250669798824246,299.89680082558465,-118.9674523007888,,,3.2612240460919666,3.4381761049679453,7.416832648729561,,
1759843800,44.6325,44.78,43.955,44.745,42.620454149290396,44.4116198977299,42.620454149290396,44.4116198977299,0,0,0,0,0,46.08125,41.56125,47.7125,39.93000000000001,44.45,44.68789697229949,43.817103027700504,,,,,25324566,0.68,0.61,0.10049664696642796,0.2115484688920466,0.8470044333578206,-176.03829653249653,-49.37615237956098,-49.37615237956098,-19.29249732573649,-19.29249732573649,299.89680082558465,-118.9674523007888,,,4.435264702685073,3.477277618603911,7.410875470016186,,
1759930200,44.745,44.745,44.1475,44.485,42.62354210303806,44.401986764485585,42.62354210303806,44.401986764485585,0,0,0,0,0,46.08125,41.56125,47.7125,39.93000000000001,44.45,44.687200822058195,43.8177991779418,,,,,20024210,0.69,0.6,-0.43795431263995993,0.13984377517465987,0.8784611607536581,-159.4268396293073,-75.20687040884098,-75.20687040884098,-37.93062168677132,-37.93062168677132,299.89680082558465,-118.9674523007888,,,4.016740950103265,3.4984330433685917,7.4040939824639125,,
1760016600,44.58,44.96,43.8325,43.88,42.6260008101249,44.38050198940772,42.6260008101249,44.38050198940772,0,0,0,0,0,46.08125,41.56125,47.7125,39.93000000000001,44.45,44.693010698528106,43.81198930147188,,,,,23397888,0.72,0.61,-1.065571379536441,-0.270688329205281,0.5966064187539342,-193.16792715423304,-113.83423142028239,-113.83423142028239,-63.23182493127501,-63.23182493127501,299.89680082558465,-133.68915999492003,,,4.701597999782573,3.5456159828358067,7.398694390090923,,
1760103000,43.555,43.775,42.595,42.61,42.626006802512265,44.31181563688193,42.626006802512265,44.31181563688193,0,0,0,0,0,46.08125,41.56125,47.7125,39.93000000000001,44.45,44.717921226450464,43.78707877354953,,,,,44892248,0.75,0.6,-2.0523236139791847,-0.8381530433946723,0.18239713771897462,-293.34053187399246,-153.1829366859883,-153.1829366859883,-93.21552884951276,-93.21552884951276,299.8968008255847,-248.64999377878127,,,7.392107837808455,3.6964588006778714,7.398681230146303,,
1760362200,42.9325,43.245,42.795,43.19,42.62640838732243,44.25358757269048,42.62640838732243,44.25358757269048,0,0,0,0,0,46.08125,41.56125,47.7125,39.93000000000001,44.45,44.717580506777644,43.787419493222345,,,,,22889576,0.72,0.6,-1.2065099349511166,-0.7118622199272605,0.500802051575084,-276.08520646963973,-171.0065649300394,-171.0065649300394,-119.1458742096883,-119.1458742096883,299.8968008255847,-248.64999377878127,,,6.9572779649961864,3.824334062023688,7.397799305540608,,
1760448600,42.575,43.4275,42.52,43.185,42.62626521372138,44.1869664914085,42.62626521372138,44.1869664914085,0,0,0,0,0,46.08125,41.56125,47.7125,39.93000000000001,44.45,44.71507575645369,43.7899242435463,,,,,25084586,0.73,0.6,-0.9369532712058838,-0.746019800892378,0.51638533403865,-293.34053187399246,-173.16459877668896,-173.16459877668896,-137.15211573202185,-137.15211573202185,299.8968008255847,-248.64999377878127,,,7.555169040113044,3.970641316066408,7.398113730584709,,
1760535000,43.46,43.705,42.8375,43.16,42.626750348159504,44.13528447213758,42.626750348159504,44.13528447213758,0,0,0,0,0,46.08125,41.56125,47.7125,39.93000000000001,44.45,44.713816753868194,43.7911832461318,,,,,24267072,0.73,0.6,-0.9534396120173833,-0.3993347535801557,0.3280090373393047,-266.5389149329878,-163.1160576811331,-163.1160576811331,-145.80676304839227,-145.80676304839227,299.8968008255847,-248.64999377878127,,,6.864876617023588,4.084140739633356,7.3970483217664045,,
1760621400,43.235,43.365,42.35,42.64,42.62627022758376,44.066702728132185,42.62627022758376,44.066702728132185,0,0,0,0,0,46.08125,41.56125,47.7125,39.93000000000001,44.45,44.71651734513029,43.78848265486971,,,,,29193852,0.74,0.6,-1.001780763907307,-0.690521333160922,0.19123121878111318,-293.34053187399246,-196.81574005351933,-196.81574005351933,-162.80975538343463,-162.80975538343463,299.8968008255847,-248.64999377878127,,,7.9247744320034705,4.234753825608655,7.398102719589056,,
1760707800,42.82,43.08,42.645,42.99,42.6263745827734,44.01226340546033,42.6263745827734,44.01226340546033,0,0,0,0,0,46.08125,41.56125,47.7125,39.93000000000001,44.45,44.71509877165324,43.78990122834676,,,,,24072064,0.7,0.59,-0.9242177947103526,-0.25577797790470663,0.10111102435018363,-269.59966578268154,-212.0367803652941,-212.0367803652941,-179.21876371072113,-179.21876371072113,299.8968008255847,-248.64999377878127,,,7.28340036960538,4.3543085920398985,7.397873544064613,,
1760967000,43.065,43.5425,43.065,43.445,42.627309498691936,43.976264840540324,42.627309498691936,43.976264840540324,0,0,0,0,0,46.08125,41.56125,47.7125,39.93000000000001,44.45,44.717990026800315,43.78700997319968,,,,,25352354,0.69,0.6,-0.7744516776097599,-0.05030830553491946,0.06519635281145107,-235.79911066962933,-178.06313540548388,-178.06313540548388,-175.75187879500936,-175.75187879500936,299.8968008255847,-248.64999377878127,,,6.370257636699642,4.4333654173206725,7.395820365428519,,
1761053400,43.565,43.665,43.125,43.345,42.62836122796528,43.94400739581325,42.62836122796528,43.94400739581325,0,0,0,0,0,46.08125,41.56125,47.7125,39.93000000000001,44.45,44.71016441419203,43.79483558580797,,,,,25885212,0.7,0.6,-0.8814393359879198,-0.1652849622886043,0.010844759124493735,-230.97045993919303,-161.71000058292586,-161.71000058292586,-129.0037309378098,-129.0037309378098,299.8968008255847,-248.64999377878127,,,6.239808674855958,4.50420632938088,7.393510651761042,,
1761139800,43.635,44.09,43.27,43.9,42.62969766906825,43.91864436068332,42.62969766906825,43.91864436068332,0,0,0,0,0,46.08125,41.56125,47.7125,39.93000000000001,44.45,44.713917629915535,43.79108237008446,,,,,32814074,0.71,0.6,-0.36966235380537765,-0.2385872206301859,-0.03190707880328693,-219.3012206739722,-131.7967386549155,-131.7967386549155,-71.97021479889477,-71.97021479889477,299.8968008255847,-248.64999377878127,,,5.924557017067061,4.559906356348965,7.390575679463951,,
1761226200,44.685,44.7775,44.215,44.485,42.63290067072845,43.93096418967613,42.63290067072845,43.93096418967613,0,0,0,0,0,46.08125,41.56125,47.7125,39.93000000000001,44.45,44.71907790370902,43.785922096290975,,,,,47308840,0.71,0.61,0.3874946826174088,-0.02912811900798287,0.1205152075949175,-143.2499716696037,-90.76484426489233,-90.76484426489233,-8.701055484846009,-8.701055484846009,299.8968008255847,-248.64999377878127,,,3.869985868029121,4.532850650924658,7.383541533986559,,
1761312600,44.685,44.7,44.005,44.035,42.63568188816955,43.934647946943734,42.63568188816955,43.934647946943734,0,0,0,0,0,46.08125,41.56125,47.7125,39.93000000000001,44.45,44.718504512207254,43.78649548779274,,,,,21190900,0.69,0.6,0.9401870785837928,-0.09709401681875575,-0.06236113027068128,-160.15024922613006,-49.13637179930008,-49.13637179930008,34.12057313188443,34.12057313188443,299.8968008255847,-248.64999377878127,,,4.326557234481998,4.524760713024945,7.377433673248288,,
1761571800,44.175,44.32,43.94535,44.14,42.638339559721665,43.9358714196126,42.638339559721665,43.9358714196126,0,0,0,0,0,46.08125,41.56125,47.7125,39.93000000000001,44.45,44.715505794391454,43.789494205608534,,,,,19597228,0.72,0.61,0.6285185130970304,-0.003736683702804554,0.021627638813726376,-164.9507328273057,-13.508695637214672,-13.508695637214672,57.74665668695615,57.74665668695615,299.8968008255847,-248.64999377878127,,,4.456245244048266,4.522073831888605,7.371597132930206,,
1761658200,43.975,44.115,43.655,43.68,42.64041760255938,43.92577450119642,42.64041760255938,43.92577450119642,0,0,0,0,0,46.08125,41.56125,47.7125,39.93000000000001,44.45,44.7122599167344,43.792740083265585,,,,,22474500,0.75,0.6,0.32591019142286537,-0.44248729342274656,-0.1725547920872485,-122.56560227681051,7.745734796978187,7.745734796978187,50.25459566536391,50.25459566536391,299.8968008255847,-248.64999377878127,,,5.08750951190346,4.544247780124482,7.367033521299783,,
1761744600,43.7275,44.23,43.64,44.005,42.64246182313369,43.91549118742402,42.64246182313369,43.91549118742402,0,0,0,0,0,46.08125,41.56125,47.7125,39.93000000000001,44.45,44.71310261750766,43.79189738249234,,,,,26807882,0.72,0.6,0.5631671520903127,-0.36540320633956797,0.22067648381338975,-91.4119411229487,19.952019477917496,19.952019477917496,44.36458883979612,44.36458883979612,299.8968008255847,-248.64999377878127,,,5.120121752364381,4.566831073153497,7.362544187096116,,
1761831000,43.99,44.3099,43.6825,43.745,42.64458602528527,43.90726114085837,42.64458602528527,43.90726114085837,0,0,0,0,0,46.08125,41.56125,47.7125,39.93000000000001,44.45,44.70207876429203,43.80292123570797,,,,,20663498,0.71,0.6,0.7442008380142269,-0.410295319895047,0.2908604576292596,-87.89609723360476,23.43613768579832,23.43613768579832,30.40437410155997,30.40437410155997,299.8968008255847,-248.64999377878127,,,5.027720404391782,4.584905164574606,7.35787920451329,,
1761917400,43.85,44.3125,43.66,44.065,42.6466614777822,43.8984803118051,42.6466614777822,43.8984803118051,0,0,0,0,0,46.08125,41.56125,47.7125,39.93000000000001,44.45,44.70346352033009,43.8015364796699,,,,,26985364,0.7,0.61,0.7257604235982639,-0.07382693477513888,0.4108310062542098,-89.75742635149292,27.009223660684928,27.009223660684928,34.155395610458136,34.155395610458136,299.8968008255847,-248.64999377878127,,,5.076638765083164,4.604188835182785,7.353321281557386,,
1762180200,44.075,44.19,43.565,44.07,42.64854487143299,43.88635559369509,42.64854487143299,43.88635559369509,0,0,0,0,0,45.38250000000001,41.042500000000004,46.690000000000005,39.735,44.075,44.7034465149405,43.801553485059486,,,,,22232654,0.69,0.61,0.4210836317710897,0.09059711502637974,0.27193847748842154,-85.65766708209928,29.90836488441512,29.90836488441512,35.70664733187551,35.70664733187551,232.69589094830687,-248.64999377878124,,,5.283182954668986,4.630816055554793,7.3491851410441225,,
1762266600,43.53,43.715,43.185,43.595,42.64967285370785,43.85995341355019,42.64967285370785,43.85995341355019,0,0,0,0,0,45.38250000000001,41.042500000000004,46.690000000000005,39.735,44.075,44.704573672482724,43.800426327517265,,,,,29477614,0.69,0.6,0.16803375255292985,-0.375336245889675,0.21517263741037793,-101.20206542025333,-3.1219301926616296,-3.1219301926616296,18.898266525389538,18.898266525389538,181.5177148461406,-248.6499937787812,,,6.109359713012274,4.688798159768812,7.346707967361741,,
1762353000,43.6,44.195,43.5425,43.71,42.651505725129006,43.84846602478351,42.651505725129006,43.84846602478351,0,0,0,0,0,45.38250000000001,41.042500000000004,46.690000000000005,39.735,44.075,44.704059967133496,43.80094003286651,,,,,23857158,0.71,0.61,-0.12770302042611717,-0.5506228455216987,0.3026803852037523,-78.00992542811224,-22.071712988671596,-22.071712988671596,5.24160668736916,5.24160668736916,181.5177148461406,-248.6499937787812,,,5.332101315360367,4.714025734497892,7.342682779245854,,
1762439400,43.775,44.55,43.775,44.135,42.6537948245793,43.846455592439064,42.6537948245793,43.846455592439064,0,0,0,0,0,45.38250000000001,41.042500000000004,46.690000000000005,39.735,44.075,44.70574601856983,43.79925398143016,,,,,32155414,0.72,0.62,-0.23129732630805908,-0.5362796910545384,0.32220949913506897,-46.32911923974332,-4.717977935541594,-4.717977935541594,1.9217451463989086,1.9217451463989086,181.5177148461406,-248.6499937787812,,,4.8266115882161085,4.718440866016254,7.337655663979062,,
1762525800,44.29,44.8725,44.1675,44.77,42.65685572403069,43.85976223587283,42.65685572403069,43.85976223587283,0,0,0,0,0,45.38250000000001,41.042500000000004,46.690000000000005,39.735,44.075,44.72698560403606,43.81301439596393,,,,,35458420,0.71,0.62,0.48819406657262204,-0.44974671149981105,0.2927202257149079,-39.06422808286013,11.95556600780099,11.95556600780099,32.02320773060515,32.02320773060515,181.5177148461406,-248.6499937787812,,,3.9732579628220472,4.689218007067461,7.330933590650076,,
1762785000,44.885,45.28,44.3025,45.175,42.66017754076589,43.87778822662291,42.66017754076589,43.87778822662291,0,0,0,0,0,45.38250000000001,41.042500000000004,46.690000000000005,39.735,44.075,44.79180583845994,43.873194161540056,,,,,31264530,0.73,0.62,0.684893515116329,0.0093376299708224,0.37141794144695667,-61.89938941433887,30.460958616228297,30.460958616228297,67.47174383308291,67.47174383308291,226.29969418959567,-248.64999377878124,,,3.679747798673759,4.64963094007163,7.3236385141426315,,
1762871400,45.445,46.085,45.41,45.765,42.665683379845284,43.93810437459848,42.665683379845284,43.93810437459848,0,0,0,0,0,45.38250000000001,41.042500000000004,46.690000000000005,39.735,44.075,44.828283434835676,43.906716565164324,,,,,38752756,0.74,0.63,1.390434156960147,0.4122536767954618,0.6015754712752696,-25.642923910286434,55.113976238648114,55.113976238648114,104.42001148348776,104.42001148348776,241.24293785309195,-248.64999377878124,,,1.271877377975869,4.517170016067874,7.311547083301139,,
1762957800,45.455,45.665,45.06,45.125,42.67048591055488,43.98246694814364,42.67048591055488,43.98246694814364,0,0,0,0,0,45.38250000000001,41.042500000000004,46.690000000000005,39.735,44.075,44.83576593785951,43.899234062140486,,,,,29863294,0.7,0.61,0.772146111961324,0.1784096365289003,0.19880126540360413,-50.92467987817378,76.50477913490631,76.50477913490631,119.2863849274227,119.2863849274227,241.24293785309195,-248.64999377878124,,,2.0328296553973155,4.419744903884715,7.3010001953333,,
1763044200,45.27,45.65,45.0375,45.24,42.67523434030402,44.024216283510555,42.67523434030402,44.024216283510555,0,0,0,0,0,45.38250000000001,41.042500000000004,46.690000000000005,39.735,44.075,44.83583477368595,43.89916522631404,,,,,32243820,0.69,0.61,1.0455984244496526,0.40744871692263146,0.2802641693516224,-52.54993561896663,92.49823011213067,92.49823011213067,124.48513206657938,124.48513206657938,241.24293785309195,-248.64999377878124,,,2.0817480160886968,4.328058751422126,7.290572119051093,,
1763130600,45.48,46.11,44.9075,46.01,42.69360598267133,44.0730814661277,42.69360598267133,44.0730814661277,0,0,0,0,0,45.38250000000001,41.042500000000004,46.690000000000005,39.735,44.075,44.85004755768052,43.89995244231948,,,,,34179728,0.7,0.61,1.335733431733505,0.6111433861856456,0.37402284251245305,-79.2134670700218,110.05031386233112,110.05031386233112,145.15448136273204,145.15448136273204,241.24293785309195,-248.64999377878124,,,2.396218213431861,4.252300298951919,7.280793190168737,,
1763389800,45.955,45.97,44.99,45.17,42.69821456212653,44.10943905569132,42.69821456212653,44.10943905569132,0,0,0,0,0,45.38250000000001,41.042500000000004,46.690000000000005,39.735,44.075,44.890214187515205,43.9147858124848,,,,,37447338,0.68,0.6,0.7493051080922208,0.19203883779532943,0.13584675464672255,-73.28592871784308,119.6019693920734,119.6019693920734,138.70528045155794,138.70528045155794,241.24293785309195,-248.64999377878124,,,2.2169093675287894,4.1724810467392475,7.270675540173452,,
1763476200,44.975,45.65,44.85,45.53,42.70253701055385,44.138935563311264,42.70253701055385,44.138935563311264,0,0,0,0,0,45.38250000000001,41.042500000000004,46.690000000000005,39.735,44.075,44.890042813638075,43.914957186361924,,,,,34839908,0.7,0.61,1.3313195564182252,0.30381033335953106,0.33005585546243305,-83.34478167911574,121.75043565713744,121.75043565713744,126.04736818726553,126.04736818726553,241.24293785309195,-248.64999377878124,,,2.5211910454249002,4.107724576099469,7.261186060663466,,
1763562600,44.725,45.0825,44.41,44.94,42.70598049305025,44.15019299220102,42.70598049305025,44.15019299220102,0,0,0,0,0,45.38250000000001,41.042500000000004,46.690000000000005,39.735,44.075,44.894977213619626,43.910022786380374,,,,,41062738,0.68,0.6,0.8386001905210579,0.1759818286418925,0.34301320509061617,-114.95831955740147,81.03813754924317,81.03813754924317,108.17966962117269,108.17966962117269,241.24293785309195,-248.64999377878124,,,3.477504890241255,4.083010078614833,7.25362625812516,,
1763649000,45.17,45.7825,44.395,44.43,42.709387425132064,44.16042660035,42.709387425132064,44.16042660035,0,0,0,0,0,45.38250000000001,41.042500000000004,46.690000000000005,39.735,44.075,44.886885349051724,43.91811465094828,,,,,41630046,0.67,0.59,0.19839382957767177,0.21479527261144912,0.3136001203641175,-116.03605380325162,35.332354327793894,35.332354327793894,83.89723119004643,83.89723119004643,241.24293785309195,-248.64999377878124,,,3.5101064985872523,4.060543271554928,7.246146698166044,,
1763735400,44.505,44.905,44.035,44.71,42.712075462244684,44.15628241994412,42.712075462244684,44.15628241994412,0,0,0,0,0,45.38250000000001,41.042500000000004,46.690000000000005,39.735,44.075,44.887902215545346,43.91709778445466,,,,,39317220,0.66,0.6,-0.04022005933133094,0.8539367103736825,0.31860141006279585,-141.90167570366742,-9.733417476954635,-9.733417476954635,52.68701496771274,52.68701496771274,241.24293785309195,-248.64999377878124,,,4.292545098891549,4.0696413824308735,7.240245396269391,,
1763994600,44.66,44.725,43.895,44.585,42.71448120557687,44.14686546229925,42.71448120557687,44.14686546229925,0,0,0,0,0,45.38250000000001,41.042500000000004,46.690000000000005,39.735,44.075,44.88808774579383,43.916912254206174,,,,,33681798,0.66,0.6,-0.391792711431506,0.5594134169887796,0.37341337793382046,-151.96052866493955,-48.93604213856349,-48.93604213856349,18.812662598954,18.812662598954,241.24293785309195,-248.64999377878124,,,4.596826776787644,4.090315319464472,7.234963840586111,,
1764081000,44.235,44.48,43.9375,44.305,42.71696620816312,44.139467797111045,42.71696620816312,44.139467797111045,0,0,0,0,0,45.38250000000001,41.042500000000004,46.690000000000005,39.735,44.075,44.88538048047658,43.91961951952343,,,,,29298924,0.66,0.6,-0.9594358488537865,0.4503197804605063,0.41715948924331747,-148.90694830169633,-94.87411074465734,-94.87411074465734,-19.082928515583113,-19.082928515583113,241.24293785309195,-248.64999377878124,,,4.504455553140618,4.106556112941968,7.229508279572235,,
1764167400,44.295,44.9575,44.255,44.64,42.720074267687274,44.14468670702826,42.720074267687274,44.14468670702826,0,0,0,0,0,45.38250000000001,41.042500000000004,46.690000000000005,39.735,44.075,44.88535068046942,43.91964931953058,,,,,26611030,0.66,0.6,-0.33331137754823403,0.6139673363095306,0.46080335435879577,-126.09490676452428,-101.00193802421103,-101.00193802421103,-46.389265018459085,-46.389265018459085,241.24293785309195,-248.64999377878124,,,3.814388176483363,4.095098546806336,7.222684862782846,,
1764340200,44.665,45.4175,44.5975,45.225,42.72385358982976,44.16299801263499,42.72385358982976,44.16299801263499,0,0,0,0,0,45.38250000000001,41.042500000000004,46.690000000000005,39.735,44.075,44.889889560358085,43.915110439641914,,,,,16666626,0.66,0.6,-0.010215060002756097,1.078338182465902,0.43060853328982596,-101.48664148426849,-65.43025025015496,-65.43025025015496,-52.736260095691044,-52.736260095691044,241.24293785309195,-248.64999377878124,,,3.0699847859161085,4.054898007163582,7.214387759732164,,
1764599400,45.29,45.91,45.255,45.66,42.7289259103296,44.20611769841401,42.7289259103296,44.20611769841401,0,0,0,0,0,47.5725,43.8275,49.035,42.365,45.29,44.89271771938919,43.91228228061082,,,,,31150072,0.67,0.61,-0.23399297829691573,1.1029865154792333,0.456199581306463,-54.24595704114844,-40.76146929914496,-40.76146929914496,-16.811887706052794,-16.811887706052794,241.24293785309195,-248.64999377878124,,,1.640947620082581,3.960233286101582,7.2032520151974,,
1764685800,45.59,45.59,44.8425,45.07,42.73317216225701,44.231531710240915,42.73317216225701,44.231531710240915,0,0,0,0,0,47.5725,43.8275,49.035,42.365,45.29,44.881432694137665,43.923567305862335,,,,,33304920,0.66,0.61,-0.0676029435304886,0.6594298969708667,0.3552629114499603,-83.88364880204108,-24.001029184994866,-24.001029184994866,9.51985104330533,9.51985104330533,241.24293785309195,-248.64999377878124,,,2.537491849597907,3.9044395042779088,7.193929817064334,,
1764772200,45.375,45.995,45.31,45.915,42.73833465543932,44.27409909415304,42.73833465543932,44.27409909415304,0,0,0,0,0,47.5725,43.8275,49.035,42.365,45.29,44.89086731279884,43.91413268720117,,,,,30173970,0.67,0.6,0.25569994268938523,1.035144645931993,0.42794828371635085,-50.29426480636279,-0.8571803584652109,-0.8571803584652109,45.430517294594104,45.430517294594104,241.24293785309195,-248.64999377878124,,,1.5214083894805386,3.81098730369762,7.182596107918313,,
1764858600,45.89,46.1825,45.755,46.11,42.837072688718465,44.42476636508621,42.837072688718465,44.42476636508621,0,0,0,0,0,47.5725,43.8275,49.035,42.365,45.29,44.878074655998596,43.92692534400141,,,,,23799698,0.67,0.6,0.7949449884803782,0.8874653554208197,0.37416643637033936,-25.451060784086646,28.092449626995908,28.092449626995908,85.99170959791815,85.99170959791815,241.24293785309195,-248.64999377878124,,,0.7698980698330012,3.6917289023695954,7.169783524425635,,
1764945000,46.03,46.66,45.91,45.92,42.843216399630116,44.48308925272988,42.843216399630116,44.48308925272988,0,0,0,0,0,47.5725,43.8275,49.035,42.365,45.29,44.982163608794146,44.027836391205845,,,,,22164390,0.69,0.61,1.0270367406167762,0.5703660981767715,0.484336902148011,-14.33862579385196,58.030724935395526,58.030724935395526,117.90727555219475,117.90727555219475,241.24293785309195,-248.64999377878124,,,0.43374539145522195,3.5639648431180513,7.156324906777343,,
1765204200,45.66,45.92,45.27,45.42,42.84808190132916,44.51427790948557,42.84808190132916,44.51427790948557,0,0,0,0,0,47.5725,43.8275,49.035,42.365,45.29,44.98606717358581,44.023932826414175,,,,,27891927,0.68,0.61,0.4840301462938586,0.5534901259800998,0.42290012754329465,-60.22222833417712,75.12922286328383,75.12922286328383,109.32621871906044,109.32621871906044,241.24293785309195,-248.64999377878124,,,1.8217306441118983,3.495641933353104,7.145666376782007,,
1765290600,45.5,46.08,45.46,45.7,42.8533135059219,44.551619952250846,42.8533135059219,44.551619952250846,0,0,0,0,0,47.5725,43.8275,49.035,42.365,45.29,44.97778773651024,44.032212263489754,,,,,20917429,0.69,0.6,0.7638339253486135,0.6232244589336475,0.6911060555957795,-46.60053383001811,82.8792152726852,82.8792152726852,98.37920009148795,98.37920009148795,241.24293785309195,-248.64999377878124,,,1.4096725222294482,3.4138392113482547,7.134205849600083,,
1765377000,45.84,46.265,45.625,46.18,42.923788443323545,44.65891282200376,42.923788443323545,44.65891282200376,0,0,0,0,0,47.5725,43.8275,49.035,42.365,45.29,44.98107548617453,44.02892451382546,,,,,26255067,0.68,0.6,1.2943482600171872,1.010646705607805,0.8308693284080748,-39.72937306428647,90.8120936111997,90.8120936111997,106.67785028822871,106.67785028822871,241.24293785309195,-248.64999377878124,,,1.2018189692507573,3.327093319501294,7.1223529287602245,,
1765463400,45.9,46.245,45.84,45.96,42.92962183304717,44.70536329957224,42.92962183304717,44.70536329957224,0,0,0,0,0,47.5725,43.8275,49.035,42.365,45.29,44.98060860466814,44.02939139533186,,,,,25827244,0.68,0.59,0.9036952384145134,0.7838922264647857,0.7636460629818874,-24.338715030373443,97.50598737448628,97.50598737448628,110.89377490105943,110.89377490105943,241.24293785309195,-248.64999377878124,,,0.7362494586400959,3.2254915994675213,7.109593481267477,,
1765549800,46.045,46.235,45.39,45.51,42.934553457756365,44.7325216015498,42.934553457756365,44.7325216015498,0,0,0,0,0,47.5725,43.8275,49.035,42.365,45.29,44.983645610323464,44.02635438967653,,,,,33161151,0.67,0.58,0.1936496191007613,0.7158236190467129,0.761699569688689,-56.55172021763296,85.29756422045368,85.29756422045368,93.43651298980875,93.43651298980875,241.24293785309195,-248.64999377878124,,,1.710697271546122,3.166087900333349,7.098806475853448,,
1765809000,45.61,45.61,44.82,45.19,42.93834775654207,44.73648546031255,42.93834775654207,44.73648546031255,0,0,0,0,0,47.5725,43.8275,49.035,42.365,45.29,44.976611731075984,44.03338826892401,,,,,27521554,0.67,0.58,-0.3161401159608567,0.45270550756354505,0.7266616460026342,-97.35486012149478,35.305634538258126,35.305634538258126,74.05955350595855,74.05955350595855,241.24293785309195,-248.64999377878124,,,2.9449978345604144,3.1574177016755867,7.090507157888826,,
1765895400,44.83,44.85,43.77,43.81,42.9400575512343,44.69952916775127,42.9400575512343,44.69952916775127,0,0,0,0,0,47.5725,43.8275,49.035,42.365,45.29,45.00714827673259,44.0028517232674,,,,,49312410,0.7,0.59,-0.823205584162053,-0.10029862766418214,0.3108817456713953,-172.51853889176633,-21.930301568703527,-21.930301568703527,42.06293514773786,42.06293514773786,241.24293785309195,-248.64999377878124,,,5.218709398007788,3.2382526701592025,7.086767302224728,,
1765981800,44.13,44.88,44.06,44.78,42.94233755612693,44.67528096509436,42.94233755612693,44.67528096509436,0,0,0,0,0,47.5725,43.8275,49.035,42.365,45.29,45.021991025951024,43.98800897404897,,,,,43375286,0.67,0.58,-0.7168703558162122,0.4551142038800179,0.6092600554310373,-151.75904665997703,-54.75980615252838,-54.75980615252838,9.788688047649117,9.788688047649117,241.24293785309195,-248.64999377878124,,,4.590731918579466,3.291291072058036,7.081780218541121,,
1766068200,44.65,44.71,43.98,44.13,42.944454763807,44.648877789992625,42.944454763807,44.648877789992625,0,0,0,0,0,47.5725,43.8275,49.035,42.365,45.29,45.02306573597259,43.986934264027404,,,,,29920197,0.68,0.58,-1.2390284908172382,0.16007336749431506,0.40899142889979173,-157.48580313771242,-80.52117086781956,-80.52117086781956,-20.314598257507107,-20.314598257507107,241.24293785309195,-248.64999377878124,,,4.763967085318326,3.3490430725780476,7.077149223269947,,
1766154600,44.25,44.53,44.025,44.13,42.9466567522909,44.625257092345855,42.9466567522909,44.625257092345855,0,0,0,0,0,47.5725,43.8275,49.035,42.365,45.29,45.02021548748556,43.989784512514426,,,,,31959550,0.66,0.58,-1.1345083450338418,-0.0019036310906572049,0.296797283145242,-154.2645026189864,-100.88907693449707,-100.88907693449707,-47.17275781650376,-47.17275781650376,241.24293785309195,-248.64999377878124,,,4.666522304027721,3.4007089247917603,7.072332785868864,,
1766413800,44.14,44.485,44.09,44.21,42.948982912625986,44.60508622597935,42.948982912625986,44.60508622597935,0,0,0,0,0,47.5725,43.8275,49.035,42.365,45.29,45.011327415414534,43.99867258458545,,,,,23707420,0.66,0.58,-0.7762577322430478,-0.21043016901704034,0.32466965629664624,-129.12645423761347,-121.41326216441213,-121.41326216441213,-71.91959259913989,-71.91959259913989,241.24293785309192,-181.5730337078688,,,4.525768731052396,3.444828917194138,7.0672447457993,,
1766500200,44.37,44.55,44.22,44.5,42.95156156814521,44.59075343280369,42.95156156814521,44.59075343280369,0,0,0,0,0,47.5725,43.8275,49.035,42.365,45.29,45.00737990099788,44.00262009900211,,,,,19137538,0.67,0.58,-0.7756771547328665,-0.25483609354581255,0.39589714216548477,-121.09466521804927,-116.83122351733986,-116.83122351733986,-86.89013623853988,-86.89013623853988,241.24293785309192,-181.5730337078688,,,4.2442615851017775,3.4761792178963984,7.061604419803901,,
1766586600,44.415,44.555,44.31,44.37,42.954313093483584,44.5804768275957,42.954313093483584,44.5804768275957,0,0,0,0,0,47.5725,43.8275,49.035,42.365,45.29,45.004902786230424,44.00509721376957,,,,,11293864,0.69,0.58,-1.1576051670750933,-0.5197756424626434,0.427136420481284,-115.53419589681212,-107.9384462216012,-107.9384462216012,-93.90623956622699,-93.90623956622699,241.24293785309192,-181.5730337078688,,,4.049372022520567,3.498657367097346,7.055585973455683,,
1766759400,44.32,44.435,43.99,44.2,42.956426154235864,44.55817969710175,42.956426154235864,44.55817969710175,0,0,0,0,0,47.5725,43.8275,49.035,42.365,45.29,45.00228053528958,44.00771946471041,,,,,17884483,0.71,0.58,-1.1301639861720552,-0.34927918630279225,0.3838823669319102,-135.30475348343242,-124.40552442985711,-124.40552442985711,-104.0726678541037,-104.0726678541037,241.24293785309192,-181.5730337078688,,,4.742312689475959,3.54742816405337,7.050964048812367,,
1767018600,44.51,44.74,44.29,44.62,42.959128399681944,44.548404022705604,42.959128399681944,44.548404022705604,0,0,0,0,0,47.5725,43.8275,49.035,42.365,45.29,44.99490978516591,44.01509021483409,,,,,31352054,0.71,0.6,-0.5774861949763113,-0.23365060046267208,0.39583993634020737,-127.05257438629343,-100.67192905337093,-100.67192905337093,-93.8704514519054,-93.8704514519054,241.24293785309192,-181.5730337078688,,,4.092680814205285,3.5688106209220725,7.045053392998966,,
1767105000,44.8,45.0884,44.8,44.96,42.96283403724502,44.5588117080897,42.96283403724502,44.5588117080897,0,0,0,0,0,47.5725,43.8275,49.035,42.365,45.29,44.99313972904342,44.01686027095657,,,,,18654743,0.67,0.6,-0.15010990550501738,-0.38859776220429176,0.4028957298454121,-106.06642674536982,-79.90726304775924,-79.90726304775924,-38.37793103653588,-38.37793103653588,241.24293785309192,-181.5730337078688,,,2.9883066262451337,3.546045758385722,7.0369480048536035,,
1767191400,44.93,45.02,44.57,44.71,42.96607732588189,44.55988183718422,42.96607732588189,44.55988183718422,0,0,0,0,0,47.5725,43.8275,49.035,42.365,45.29,44.994160925460854,44.01583907453914,,,,,16965922,0.66,0.59,0.6057544892214163,-0.17337021942916198,0.14273913278190414,-126.33115055444435,-53.54788413063371,-53.54788413063371,-0.8291262963826327,-0.8291262963826327,241.24293785309192,-181.5730337078688,,,3.4863577306193148,3.5437050514144905,7.029853918391597,,
1767364200,44.72,45.7799,44.49,45.65,42.969155892663345,44.557804118078955,42.969155892663345,44.557804118078955,0,0,0,0,0,46.16499999999999,42.325,47.60999999999999,40.88000000000001,44.72,45.004160014129226,44.005839985870765,,,,,31935524,0.62,0.59,0.5646841015692659,0.04422759922807697,0.32122690091355105,-139.66470557506904,-21.113215002691327,-21.113215002691327,43.756123253193444,43.756123253193444,241.24293785309192,-181.5730337078688,,,3.659592897358159,3.548249672824046,7.023120130137784,,
1767623400,47.16,47.32,45.75,46.89,43.6340493415458,45.263198236966765,43.6340493415458,45.263198236966765,0,0,0,0,0,46.16499999999999,42.325,47.60999999999999,40.88000000000001,44.72,45.3584161718406,44.3115838281594,,,,,94961037,0.61,0.59,1.7683910512541374,0.7083437557719464,0.5928688096982753,-105.33465621393329,17.141752815624024,17.141752815624024,93.65168845225472,93.65168845225472,241.24293785309192,-181.5730337078688,,,2.431222008957135,3.5044446663978928,7.013945508517043,,
1767709800,46.995,47.06,45.5313,45.64,43.63786719900524,45.274244855124934,43.63786719900524,45.274244855124934,0,0,0,0,0,46.16499999999999,42.325,47.60999999999999,40.88000000000001,44.72,45.38061049286722,44.28938950713278,,,,,69568225,0.62,0.59,0.9434657542099291,0.43354237329967893,0.21221049955777002,-125.54227841918505,49.785731946968404,49.785731946968404,115.07369020965719,115.07369020965719,241.24293785309192,-181.5730337078688,,,2.897632757517592,3.4806481209516065,7.005721107416146,,
1767796200,45.82,45.82,45.08,45.13,43.64078474705918,45.26733721374749,43.64078474705918,45.26733721374749,0,0,0,0,0,46.16499999999999,42.325,47.60999999999999,40.88000000000001,44.72,45.38439596067172,44.285604039328284,,,,,42739166,0.67,0.59,0.5708138174927048,0.1487685595969818,0.036614130006315686,-167.2418664449293,67.73744186355592,67.73744186355592,103.64086169673094,103.64086169673094,241.24293785309192,-181.5730337078688,,,3.860098101940717,3.4955285123629443,6.999436146366245,,
1767882600,45.32,46.85,45.22,46.55,43.6439733889232,45.26613575438484,43.6439733889232,45.26613575438484,0,0,0,0,0,46.16499999999999,42.325,47.60999999999999,40.88000000000001,44.72,45.4097781449159,44.260221855084104,,,,,51451021,0.59,0.58,1.221088286464068,0.6744757993454789,0.2648993330727352,-154.30603147128832,81.13145613031438,81.13145613031438,107.91948466383128,107.91948466383128,241.24293785309192,-181.5730337078688,,,3.5615269780336996,3.4981166874872875,6.992567196978967,,
1767969000,46.75,46.88,46.505,46.67,43.649697418116155,45.31486964636975,43.649697418116155,45.31486964636975,0,0,0,0,0,46.16499999999999,42.325,47.60999999999999,40.88000000000001,44.72,45.403961057600405,44.266038942399604,,,,,38839945,0.58,0.58,1.3762053066450763,0.8182058827522672,0.27569451713045146,-35.573546177512355,95.08392351990189,95.08392351990189,122.98885829907691,122.98885829907691,241.24293785309192,-181.5730337078688,,,0.8210705907442909,3.393134487615013,6.980236534429047,,
1768228200,46.75,46.805,46.1001,46.34,43.654609109588456,45.345972758276815,43.654609109588456,45.345972758276815,0,0,0,0,0,46.16499999999999,42.325,47.60999999999999,40.88000000000001,44.72,45.37920451691419,44.29079548308581,,,,,28264436,0.58,0.58,1.2824960929403062,0.5824097741648553,0.41808358833928255,-72.98582889770717,105.28623224396463,105.28623224396463,125.69084969209011,125.69084969209011,241.24293785309192,-181.5730337078688,,,1.6845809341010938,3.3261323874772124,6.969655803958862,,
1768314600,46.73,47.39,46.68,47,43.76286566959393,45.50061920402423,43.76286566959393,45.50061920402423,0,0,0,0,0,46.16499999999999,42.325,47.60999999999999,40.88000000000001,44.72,45.415085201704926,44.32491479829508,,,,,50469235,0.64,0.59,1.4068964735511926,0.5976871302496364,0.485599677495825,-29.49842197758169,114.88308019239574,114.88308019239574,134.07677608925795,134.07677608925795,241.24293785309192,-181.5730337078688,,,0.6808510638297879,3.2223958649812348,6.957090759523039,,
1768401000,47.25,48.65,47.18,48.06,44.7547309702341,46.55276403351057,44.7547309702341,46.55276403351057,0,0,0,0,0,46.16499999999999,42.325,47.60999999999999,40.88000000000001,44.72,46.065354317574666,44.93464568242534,,,,,80750152,0.66,0.59,1.7921695066145316,0.7887845574430463,0.8687882095990516,-79.33148232630963,129.8693646893375,129.8693646893375,159.841933683221,159.841933683221,241.24293785309192,-181.5730337078688,,,1.8310445276737464,3.167833067439765,6.946848908909954,,
1768487400,47.63,48.07,47.27,47.61,44.75977226699687,46.58120073807878,44.75977226699687,46.58120073807878,0,0,0,0,0,46.16499999999999,42.325,47.60999999999999,40.88000000000001,44.72,46.06874165542888,44.93125834457111,,,,,49328793,0.62,0.58,1.7014127686575498,0.8534967877060454,0.8085612521121596,-71.2180352702095,143.332733997501,143.332733997501,170.25947261382808,170.25947261382808,241.24293785309192,-181.5730337078688,,,1.6437786100707432,3.108066225974313,6.936253363857328,,
1768573800,47.56,47.805,47.485,47.69,44.765228765963904,46.616869336585495,44.765228765963904,46.616869336585495,0,0,0,0,0,46.16499999999999,42.325,47.60999999999999,40.88000000000001,44.72,46.21254820683594,45.08245179316406,,,,,30796285,0.63,0.58,1.1723086032972494,0.5855118755502626,0.7787910891854073,-51.83591174730469,151.6552826162827,151.6552826162827,168.30037985384607,168.30037985384607,241.24293785309192,-181.5730337078688,,,1.196421140241371,3.0330997520240017,6.924785167606347,,
1768919400,48.09,48.31,47.5,47.6,44.770704033164776,46.651721519464495,44.770704033164776,46.651721519464495,0,0,0,0,0,46.16499999999999,42.325,47.60999999999999,40.88000000000001,44.72,46.4242912700399,45.290708729960095,,,,,50178699,0.64,0.58,0.39719832622217005,0.4893953207047106,0.5975838996051995,-50.483670571287995,156.81570453640106,156.81570453640106,167.1365483766378,167.1365483766378,241.24293785309192,-181.5730337078688,,,1.1652101539742035,2.9598491795514605,6.913277525221468,,
1769005800,48.29,49.05,48.29,48.75,45.41923591903656,47.35966346463196,45.41923591903656,47.35966346463196,0,0,0,0,1,46.16499999999999,42.325,47.60999999999999,40.88000000000001,44.72,46.66922990018714,45.50577009981285,,,,,58996037,0.66,0.59,1.7613520470155535,0.9197193928574648,0.8091177189356127,-40.88178738175107,169.06374239831607,169.06374239831607,193.55981812214605,193.55981812214605,241.24293785309192,-181.5730337078688,,,0.9435897435897453,2.880780182062766,6.901350077106319,,
1769092200,48.62,49,48.42,48.91,45.57401166466924,47.55077872808539,45.57401166466924,47.55077872808539,0,0,0,0,0,46.16499999999999,42.325,47.60999999999999,40.88000000000001,44.72,46.69915949928269,45.535840500717306,,,,,50869509,0.65,0.59,2.167837001125347,1.1482007548579882,0.8977927681596702,-43.40553172559922,182.54138556861145,182.54138556861145,209.49667190920218,209.49667190920218,241.24293785309192,-181.5730337078688,229.49667190920218,,1.0018401144960025,2.8070962578444614,6.889562844413791,,
1769178600,49.52,49.89,49.09,49.19,45.84141946320486,47.87272304717007,45.84141946320486,47.87272304717007,0,0,0,1,1,46.16499999999999,42.325,47.60999999999999,40.88000000000001,44.72,47.12142772661842,45.953572273381575,,,,,51431167,0.65,0.59,1.4677333420369056,1.1410679785189903,0.9847851528934944,-8.807848603287376,194.84562263698413,194.84562263698413,219.4540967737295,219.4540967737295,241.24293785309192,-181.5730337078688,239.4540967737295,,0.203293352307368,2.7049863399802616,6.876203664609383,,
1769437800,49.865,49.89,48.95,49.22,45.87553771576998,47.94312673813976,45.87553771576998,47.94312673813976,0,0,0,1,1,46.16499999999999,42.325,47.60999999999999,40.88000000000001,44.72,47.11753554063123,45.95746445936878,,,,,40122625,0.64,0.59,1.4140600576742457,0.9836135509187501,0.8321133924200355,-22.303202977625485,202.72948793150326,202.72948793150326,218.4972185205415,218.4972185205415,215.20699323766462,-181.57303370786886,238.4972185205415,,0.5485574969524504,2.620420502998779,6.8635610149237545,,
1769524200,49.39,49.815,49.16,49.67,46.300695095801245,48.412184028924436,46.300695095801245,48.412184028924436,0,0,0,1,0,46.16499999999999,42.325,47.60999999999999,40.88000000000001,44.72,47.114912727289116,45.96008727271089,,,,,39840271,0.64,0.59,1.8908395029002352,1.2263084620039997,0.9113025115093017,-41.746598795380194,210.87329865079386,210.87329865079386,227.16092008937503,227.16092008937503,215.20699323766462,-181.57303370786886,247.16092008937503,,1.026776726394212,2.557924668622129,6.851899108253366,,
1769610600,49.97,50.14,49.56,50.05,46.660732400703935,48.813241072543775,46.660732400703935,48.813241072543775,0,0,0,1,1,46.16499999999999,42.325,47.60999999999999,40.88000000000001,44.72,47.24241643592145,46.082583564078554,,,,,41890386,0.66,0.59,1.7068422512973973,1.5148854468954835,1.0154179576523232,-39.80494977420936,220.75440729239983,220.75440729239983,240.5166245756118,240.5166245756118,215.20699323766462,-181.57303370786886,260.5166245756118,,0.9790209790209689,2.496006876873064,6.840165086017137,,
1769697000,51.15,51.73,50.48,50.51,47.09635694966365,49.30965565890389,47.09635694966365,49.30965565890389,0,0,0,1,1,46.16499999999999,42.325,47.60999999999999,40.88000000000001,44.72,48.043939829530274,46.87106017046971,,,,,77520650,0.66,0.59,1.3581875868825206,1.8108651157924236,1.2540787013345307,-2.4148433765784203,233.2684872860219,233.2684872860219,258.296647273266,258.296647273266,215.20699323766462,-181.57303370786886,278.296647273266,,0.059394179370423954,2.4004534377553135,6.826617092197663,,
1769783400,50.36,51.085,49.875,51.05,47.604431061772296,49.8387807628717,47.604431061772296,49.8387807628717,0,0,0,1,0,46.16499999999999,42.325,47.60999999999999,40.88000000000001,44.72,48.045252455440064,46.86974754455992,,,,,74039404,0.68,0.59,1.9204153600537643,2.5359436291207076,1.458239908494355,-93.58089668128699,242.13601079253678,242.13601079253678,259.8710578055665,259.8710578055665,215.20699323766462,-181.57303370786886,279.8710578055665,,2.301665034280112,2.3965793827170705,6.8175762289450805,,
1770042600,50.1,50.51,49.77,50.05,47.608783447263264,49.83658543883752,47.608783447263264,49.83658543883752,0,0,0,0,0,55.349999999999994,46.480000000000004,58.96999999999999,42.86000000000001,50.1,48.05784590242385,46.85715409757614,,,,,61479856,0.66,0.59,1.2955166375109115,1.7787880894523707,1.0685435566049015,-101.9434448953592,229.8781569496364,229.8781569496364,238.05005951157,238.05005951157,215.20699323766462,-181.57303370786886,258.05005951157,,2.507345739471095,2.400923161413307,6.808964379815262,,
1770129000,50.24,51.78,50.02,51.67,48.19068534852753,50.425952550022856,48.19068534852753,50.425952550022856,0,0,0,0,0,55.349999999999994,46.480000000000004,58.96999999999999,42.86000000000001,50.1,48.10788585905276,46.85711414094725,,,,,83754106,0.67,0.59,2.186730771818033,2.522810622570048,1.2267325000457814,-129.83463600354983,225.59353934995045,225.59353934995045,233.89788612436348,233.89788612436348,215.20699323766462,-181.57303370786886,253.89788612436348,,3.1933423650087063,2.431998424299401,6.801740359805659,,
1770215400,51.82,52.9599,51.82,52.83,49.277684103969314,51.568693147564545,49.277684103969314,51.568693147564545,0,0,0,0,0,55.349999999999994,46.480000000000004,58.96999999999999,42.86000000000001,50.1,48.716335156506396,47.42856484349362,,,,,78149891,0.69,0.6,2.1109328827691964,2.87087034928174,1.3383766983316168,-77.72949482016585,234.45163639023136,234.45163639023136,235.5591369219671,235.5591369219671,215.20699323766462,-181.57303370786886,255.5591369219671,,1.9117925421162183,2.411598193625551,6.79197023429579,,
1770301800,52.26,52.49,51.435,52.21,49.28202229756778,51.56399733785613,49.28202229756778,51.56399733785613,0,0,0,0,0,55.349999999999994,46.480000000000004,58.96999999999999,42.86000000000001,50.1,48.89826465105265,47.60413534894734,,,,,54235648,0.67,0.6,1.6951857234029406,2.6248824176011625,1.1316451439981483,-107.35905472686264,228.1554822789786,228.1554822789786,232.35291835314712,232.35291835314712,215.20699323766462,-181.57303370786886,252.35291835314712,,2.640545144804081,2.4205765054364736,6.78367567867243,,
1770388200,52.5,53.415,52.36,53.25,49.679200557764,51.98942149914863,49.679200557764,51.98942149914863,0,0,0,0,0,55.349999999999994,46.480000000000004,58.96999999999999,42.86000000000001,50.1,49.25213383662782,47.932866163372175,,,,,41669571,0.69,0.6,2.0543872023581082,2.8256639094137355,1.488466619242849,-67.9540705266758,221.56418693722304,221.56418693722304,228.75667454783908,228.75667454783908,215.20699323766462,-181.57303370786886,248.75667454783908,,1.6713615023474189,2.3911955249231776,6.773461264733719,,
1770647400,53.205,53.72,52.975,53.64,50.04891955604101,52.39416795231604,50.04891955604101,52.39416795231604,0,0,0,0,0,55.349999999999994,46.480000000000004,58.96999999999999,42.86000000000001,50.1,49.405975186683804,48.084024813316205,,,,,38798501,0.69,0.61,2.2485477061565557,3.020307243923762,1.6760102952577662,-50.405503605764274,222.21790950236903,222.21790950236903,226.57708619934905,226.57708619934905,215.20699323766462,-181.57303370786886,246.57708619934905,,1.2397464578672617,2.3460406595484358,6.762404891493226,,
1770733800,53.77,53.79,53.24,53.58,50.05530333315181,52.42749469928403,50.05530333315181,52.42749469928403,0,0,0,0,1,55.349999999999994,46.480000000000004,58.96999999999999,42.86000000000001,50.1,49.438267325507844,48.12173267449216,,,,,32145991,0.67,0.61,1.9705517712875307,3.067080632708136,1.6643541712550705,-30.319099913241597,225.4720463373551,225.4720463373551,226.2087395786844,226.2087395786844,215.20699323766462,-181.57303370786886,246.2087395786844,,0.7457121551081256,2.283282678982149,6.750383527384565,,
1770820200,54.28,55.11,54.25,54.98,51.31164994258965,53.757600566509176,51.31164994258965,53.757600566509176,0,0,0,0,0,55.349999999999994,46.480000000000004,58.96999999999999,42.86000000000001,50.1,50.12110154426459,48.758898455735405,,,,,57349665,0.69,0.62,2.423761877578262,3.2985014169630142,1.9958109049491655,-53.98376951267657,229.0964943643577,229.0964943643577,234.8720039357043,234.8720039357043,215.20699323766462,-181.57303370786886,254.8720039357043,,1.3277555474718024,2.245811026766057,6.739549105846278,,
1770906600,54.94,55.24,53.76,53.98,51.31656612652055,53.75817309331274,51.31656612652055,53.75817309331274,0,0,0,0,0,55.349999999999994,46.480000000000004,58.96999999999999,42.86000000000001,50.1,50.196860837097475,48.81313916290253,,,,,67427841,0.67,0.61,1.6815279344651772,2.8351209277510976,1.7481355118635336,-90.21945041844606,229.45152843763987,229.45152843763987,230.16159658420418,230.16159658420418,215.20699323766462,-181.57303370786886,250.16159658420418,,2.2189887231720604,2.2447591717231554,6.730517017169606,,
1770993000,53.94,54.575,53.81,54.35,51.32157138900502,53.76066434455538,51.32157138900502,53.76066434455538,0,0,0,0,0,55.349999999999994,46.480000000000004,58.96999999999999,42.86000000000001,50.1,50.18927852475803,48.82072147524198,,,,,48392131,0.67,0.62,1.5877627859775691,3.0575893847538236,1.7730973595353616,-86.52193195867338,217.70259503294426,217.70259503294426,225.53521730274133,225.53521730274133,215.20699323766462,-181.57303370786886,245.53521730274133,,2.1280465623863125,2.2401822066511223,6.721321272005204,,
1771338600,54.56,54.905,53.18,53.75,51.325320497118895,53.73859907614144,51.325320497118895,53.73859907614144,0,0,0,0,0,55.349999999999994,46.480000000000004,58.96999999999999,42.86000000000001,50.1,50.194781516627465,48.81521848337255,,,,,50499593,0.69,0.61,1.8188860836547804,2.520527659212672,1.6505390659678707,-133.1106645518056,186.84667866833541,186.84667866833541,212.63903775793935,212.63903775793935,215.20699323766462,-181.57303370786886,,,3.273917788286645,2.280720856911339,6.714433352956815,,
1771425000,54.53,54.86,54.22,54.78,51.33111925736441,53.757775582959425,51.33111925736441,53.757775582959425,0,0,0,0,0,55.349999999999994,46.480000000000004,58.96999999999999,42.86000000000001,50.1,50.196580314643704,48.813419685356294,,,,,59196116,0.66,0.61,1.4731929314173475,2.3777918930245274,1.8881182943861428,-56.202280588540084,185.62875683513903,185.62875683513903,203.63561078367258,203.63561078367258,215.20699323766462,-181.57303370786886,,,1.3823208439432486,2.245489483853767,6.703779781510235,,
1771511400,55.46,55.88,54.925,55.18,51.524658369254375,53.99153423873115,51.524658369254375,53.99153423873115,0,0,0,0,1,55.349999999999994,46.480000000000004,58.96999999999999,42.86000000000001,50.1,50.50849960369878,49.141500396301225,,,,,62513522,0.68,0.61,1.0894077232407011,2.9555976314030468,2.1022955358990325,-18.78899567022956,199.51706175448606,199.51706175448606,202.26276110727707,202.26276110727707,215.20699323766462,-181.57303370786886,,,0.46212395795578576,2.1755535808773754,6.691308940703933,,
1771597800,55,55.285,54.51,54.88,51.530636474410706,54.01212897446718,51.530636474410706,54.01212897446718,0,0,0,0,0,55.349999999999994,46.480000000000004,58.96999999999999,42.86000000000001,50.1,50.50990900435297,49.140090995647036,,,,,50833496,0.69,0.62,1.2524127485700325,3.054700010533094,2.3507242385262526,-49.36716509432828,194.19134608243942,194.19134608243942,199.5722894323312,199.5722894323312,215.20699323766462,-181.57303370786886,,,1.214208046393624,2.1378537559956596,6.680365682173842,,
1771857000,55.035,55.93,54.865,55.15,51.53730483310319,54.04569842644886,51.53730483310319,54.04569842644886,0,0,0,0,1,55.349999999999994,46.480000000000004,58.96999999999999,42.86000000000001,50.1,50.52779829259812,49.17220170740188,,,,,44013472,0.68,0.62,0.8846328180002607,2.644522074034298,2.2885256203711286,-23.209935827930234,188.10804115349492,188.10804115349492,195.75087333938578,195.75087333938578,215.20699323766462,-181.57303370786886,,,0.570859006886549,2.0764029815207925,6.668158875629811,,
1771943400,55.11,55.22,54.4,55.1,51.54304008818191,54.05989848815675,51.54304008818191,54.05989848815675,0,0,0,0,0,55.349999999999994,46.480000000000004,58.96999999999999,42.86000000000001,50.1,50.521968868880734,49.17803113111926,,,,,42921656,0.68,0.61,0.6780381828798168,2.5978807453589328,2.291025550924616,-57.47222205011346,170.2138718798149,170.2138718798149,187.2385395195288,187.2385395195288,215.20699323766462,-181.57303370786886,,,1.4135556361000383,2.0504089679748807,6.657660167858523,,
1772029800,55.3,55.37,54.185,54.87,51.54833860948425,54.06519462587609,51.54833860948425,54.06519462587609,0,0,0,0,0,55.349999999999994,46.480000000000004,58.96999999999999,42.86000000000001,50.1,50.52337032268029,49.17662967731972,,,,,36207494,0.68,0.61,0.5991006281183089,2.644509602006483,2.2504376149506813,-73.31392428187522,138.12753482800596,138.12753482800596,170.86820462235454,170.86820462235454,215.20699323766462,-181.57303370786886,,,1.8031895614352982,2.040714089287054,6.647960925887648,,
1772116200,54.37,55.67,54.12,55.05,51.55349797290186,54.0677595425084,51.55349797290186,54.0677595425084,0,0,0,0,0,55.349999999999994,46.480000000000004,58.96999999999999,42.86000000000001,50.1,50.52228024047168,49.17771975952832,,,,,47033507,0.68,0.61,0.0318293318619818,2.4721317530164226,2.42531162581831,-78.103276119385,118.32749432153449,118.32749432153449,153.3546345220812,153.3546345220812,215.20699323766462,-181.57303370786886,,,1.920985864443643,2.036018864783391,6.638516420270377,,
1772202600,55.64,56.15,54.925,55.92,52.25023899840694,54.79841646562637,52.25023899840694,54.79841646562637,0,0,0,0,0,55.349999999999994,46.480000000000004,58.96999999999999,42.86000000000001,50.1,50.63527289414058,49.28472710585942,,,,,59071460,0.66,0.61,0.8936580920591062,2.347905941065199,2.4929431085423834,-72.34374717228009,134.0330016265153,134.0330016265153,146.91409022355924,146.91409022355924,215.20699323766462,-181.57303370786886,,,1.7793276108726834,2.0259525411006183,6.628807751320531,,
1772461800,57.77,57.88,56.27,57.04,53.3026947445377,55.91092318605258,53.3026947445377,55.91092318605258,0,0,0,0,0,59.339999999999996,54.580000000000005,62.529999999999994,51.39000000000001,57.77,51.51918492757801,50.130815072421996,,,,,135633331,0.66,0.62,1.2193520481841886,2.8172751491948107,2.5697716650864666,-54.390631679324095,151.05366636136466,151.05366636136466,159.33281863697547,159.33281863697547,215.20699323766456,-143.73415939172392,,,1.349929873772784,1.9994418482642327,6.6182605427739825,,
1772548200,57.385,57.72,56.05,56.52,53.30820364614702,55.916765414050516,53.30820364614702,55.916765414050516,0,0,0,0,0,59.339999999999996,54.580000000000005,62.529999999999994,51.39000000000001,57.77,51.52151807792906,50.12848192207094,,,,,154770813,0.67,0.61,1.2645172174930837,2.6229873754762014,2.486072607778432,-69.93081215913148,156.60052599153084,156.60052599153084,167.69424525186318,167.69424525186318,215.20699323766456,-143.73415939172392,,,1.7356241234221632,1.9890960551331711,6.6085050254526,,
1772634600,56.06,56.43,55.325,56.19,53.31226747502584,55.89423147624461,53.31226747502584,55.89423147624461,0,0,0,0,0,59.339999999999996,54.580000000000005,62.529999999999994,51.39000000000001,57.77,51.522931617800964,50.12706838219904,,,,,70732742,0.66,0.62,0.6315598424857648,2.55648357479124,2.289726080799041,-117.5179359700549,151.353545378428,151.353545378428,154.8515324538299,154.8515324538299,215.2069932376646,-131.41118899616768,,,3.006661991584846,2.029000601660688,6.601308535874443,,
1772721000,56.53,57.06,56.08,56.48,53.31781659095986,55.90189298698012,53.31781659095986,55.90189298698012,0,0,0,0,0,59.339999999999996,54.580000000000005,62.529999999999994,51.39000000000001,57.77,51.51502993585996,50.13497006414005,,,,,85177811,0.67,0.62,0.5825164609966296,2.2635536513109242,2.222347397549389,-60.35316397146971,141.1557945042433,141.1557945042433,150.28628647063437,150.28628647063437,215.20699323766462,-102.80252522272994,,,1.6830294530154295,2.015433105635384,6.591481804440159,,
1772807400,57.15,57.34,56.17,56.57,53.32353264172717,55.91274816396129,53.32353264172717,55.91274816396129,0,0,0,0,0,59.339999999999996,54.580000000000005,62.529999999999994,51.39000000000001,57.77,51.50830004893311,50.1416999510669,,,,,68219040,0.66,0.62,0.7859075175204892,2.3076467069563944,2.4216084532843523,-49.50477764563285,140.31110179574208,140.31110179574208,146.96122491233695,146.96122491233695,215.20699323766456,-72.62507026419573,,,1.525245441795227,1.9962100599945933,6.581359454065244,,
1773063000,56.84,57.15,55.94,56.32,53.328782326758684,55.91424823596281,53.328782326758684,55.91424823596281,0,0,0,0,0,59.339999999999996,54.580000000000005,62.529999999999994,51.39000000000001,57.77,51.510034552597276,50.13996544740273,,,,,88747415,0.69,0.61,0.5425563291674651,2.1402108875953183,2.3523297105859253,-62.59224759792684,128.00707731145044,128.00707731145044,140.64317571204145,140.64317571204145,215.20699323766456,-72.62507026419573,,,1.9284712482468467,1.9935536360044857,6.572062974133539,,
1773149400,56.055,56.46,55.365,55.6,53.332884160271654,55.89336595219956,53.332884160271654,55.89336595219956,0,0,0,0,0,59.339999999999996,54.580000000000005,62.529999999999994,51.39000000000001,57.77,51.516076239713,50.133923760287004,,,,,88817874,0.7,0.62,0.23033790672014787,1.8996143962119438,2.3089758002219245,-95.31092247866106,80.23666352230825,80.23666352230825,120.50767164879706,120.50767164879706,215.20699323766456,-72.62507026419573,,,2.9365357643758716,2.0305333273131674,6.564799183504652,,
1773235800,55.63,57.04,55.54,56.98,53.337323952159224,55.88009669917213,53.337323952159224,55.88009669917213,0,0,0,0,0,59.339999999999996,54.580000000000005,62.529999999999994,51.39000000000001,57.77,51.52333297825251,50.126667021747494,,,,,48743711,0.68,0.63,0.9614441123701922,2.124413921711505,2.45731389074033,-83.79201699340543,70.28244576497089,70.28244576497089,103.76592968752166,103.76592968752166,215.2069932376646,-28.652902931450313,,,2.6297335203366057,2.0540313740984004,6.556936914447373,,
1773322200,57.13,58.215,57.06,57.51,53.783383326844756,56.36892990722028,53.783383326844756,56.36892990722028,0,0,0,0,0,59.339999999999996,54.580000000000005,62.529999999999994,51.39000000000001,57.77,51.693881847756096,50.29111815224392,,,,,69358707,0.67,0.64,1.123790618210123,2.164121983244766,2.6377531994346763,-24.57441028621134,89.66232679234871,89.66232679234871,99.06472872246401,99.06472872246401,215.2069932376646,-11.494252873566495,,,0.7824726134585215,2.004166324661542,6.545399523236607,,
1773408600,57.5,57.93,57.1,57.7,53.96735500390731,56.57676163623169,53.96735500390731,56.57676163623169,0,0,0,0,0,59.339999999999996,54.580000000000005,62.529999999999994,51.39000000000001,57.77,51.692499726722964,50.29250027327704,,,,,43374633,0.68,0.64,0.8011710077212835,2.0685369348590044,2.596046686735935,-32.65798580150273,101.49404313451564,101.49404313451564,106.35267195861888,106.35267195861888,215.2069932376646,-11.494252873566495,,,1.0398613518197597,1.9663504433736292,6.534399446970039,,
1773667800,57.76,58.1,57.27,57.9,54.16065442168761,56.792610683437964,54.16065442168761,56.792610683437964,0,0,0,0,0,59.339999999999996,54.580000000000005,62.529999999999994,51.39000000000001,57.77,51.6904290246041,50.29457097539591,,,,,39474322,0.68,0.63,0.3801743834181336,1.953431171326245,2.6376780831522217,-32.27064041402469,106.50434050649262,106.50434050649262,116.52493525044662,116.52493525044662,215.2069932376646,1.1223344556661345,,,1.0880829015543965,1.9319085789885613,6.523517695630548,,
1773754200,58.23,59.05,57.98,58.51,54.73776047894643,57.41425197037144,54.73776047894643,57.41425197037144,0,0,0,0,0,59.339999999999996,54.580000000000005,62.529999999999994,51.39000000000001,57.77,52.10938218551719,50.7106178144828,,,,,40137744,0.67,0.64,0.8870048971015854,2.4585596415154,2.873031683001421,-26.865279911049935,117.1314796551112,117.1314796551112,138.38575795234837,138.38575795234837,215.2069932376646,1.1223344556661345,,,0.9058280635788775,1.8916701274038679,6.512293540521553,,
1773840600,58.74,58.97,58.43,58.43,54.745139179288195,57.45411659898432,54.745139179288195,57.45411659898432,0,0,0,0,0,59.339999999999996,54.580000000000005,62.529999999999994,51.39000000000001,57.77,52.10656310493471,50.713436895065286,,,,,42908021,0.66,0.64,1.006754909650744,1.9075783158756514,2.834918113072802,-4.048134149159792,132.13318298428712,132.13318298428712,162.13658964263894,162.13658964263894,214.83731019522733,1.1223344556661345,,,0.1367287643137896,1.8228488974787667,6.499555149360299,,
1773927000,58.87,59.72,58.52,59.36,55.5464153619217,58.29817429313901,55.5464153619217,58.29817429313901,0,0,0,0,0,59.339999999999996,54.580000000000005,62.529999999999994,51.39000000000001,57.77,52.517353043322544,51.182646956677445,,,,,69231382,0.67,0.64,1.2852777288029713,1.7987513202004166,2.8983584698554985,-41.89675632087443,150.19408862933432,150.19408862933432,186.31589991942874,186.31589991942874,214.83731019522733,1.1223344556661345,,,1.4150943396226352,1.806858522660879,6.489396386503681,,
1774013400,59.555,60.32,59.28,59.31,55.55387666988989,58.33670863458455,55.55387666988989,58.33670863458455,0,0,0,0,0,59.339999999999996,54.580000000000005,62.529999999999994,51.39000000000001,57.77,52.81254723638433,51.48745276361567,,,,,73003414,0.62,0.64,1.2270084953296057,1.988965333499634,2.7424533129989928,-4.324672309140659,168.15633707753435,168.15633707753435,204.0808339739344,204.0808339739344,214.83731019522733,1.1223344556661345,224.0808339739344,,0.13477088948786775,1.7412864586148786,6.476699832064089,,
1774272600,57.89,59.84,57.66,59.63,55.810306979807734,58.56588342388535,55.810306979807734,58.56588342388535,0,0,0,1,0,59.339999999999996,54.580000000000005,62.529999999999994,51.39000000000001,57.77,52.805456062056535,51.50454393794346,,,,,71027210,0.63,0.63,1.4886073765020287,1.7520853501275258,2.7015530437726167,-114.28608328318779,180.0926146852788,180.0926146852788,203.9651699007677,203.9651699007677,214.83731019522733,1.1223344556661345,223.9651699007677,,3.303706188160332,1.8025578205578376,6.470360184423922,,
1774359000,59.8,61.47,59.77,60.84,56.94846866795541,59.75532624713513,56.94846866795541,59.75532624713513,0,0,0,1,0,59.339999999999996,54.580000000000005,62.529999999999994,51.39000000000001,57.77,53.394476447969375,52.06552355203063,,,,,51207451,0.63,0.64,2.379187431197246,1.9563892211255522,2.7718821443526145,-60.839621662284884,192.99884289092964,192.99884289092964,218.8112993022313,218.8112993022313,214.83731019522733,1.1223344556661345,238.8112993022313,,1.7587113740959899,1.8008383520691378,6.460946300687003,,
1774445400,60.32,61,60.26,60.57,56.95509670258487,59.77534482567885,56.95509670258487,59.77534482567885,0,0,0,1,0,59.339999999999996,54.580000000000005,62.529999999999994,51.39000000000001,57.77,53.39711745483896,52.062882545161045,,,,,42680736,0.61,0.64,1.5883316749096805,1.898816654408044,2.876197047461747,-32.978486508528555,203.6509590058519,203.6509590058519,224.95519123569642,224.95519123569642,214.83731019522733,1.1223344556661345,244.95519123569642,,0.9533201840894237,1.767602345481698,6.449942052701793,,
1774531800,60.67,61.86,60.59,61.52,57.597684932061334,60.44955727466204,57.597684932061334,60.44955727466204,0,0,0,1,0,59.339999999999996,54.580000000000005,62.529999999999994,51.39000000000001,57.77,53.598159081572035,52.25184091842795,,,,,54967638,0.61,0.64,1.7541922272921573,1.7277804785182205,3.0177741000850182,-52.29480574963953,212.50925709706806,212.50925709706806,230.22585327950037,230.22585327950037,214.83731019522733,1.1223344556661345,250.22585327950037,,1.5117035110533155,1.757567097072742,6.440075442228969,,
1774618200,61.53,62.79,61.26,62.56,58.576775761631204,61.46367856524899,58.576775761631204,61.46367856524899,0,0,0,1,0,59.339999999999996,54.580000000000005,62.529999999999994,51.39000000000001,57.77,54.07119797355932,52.70880202644068,,,,,59553212,0.62,0.65,2.1080932057967727,2.2967997526993145,3.0009161625529903,-71.8850442866579,219.9455526051648,219.9455526051648,234.8181436213583,234.8181436213583,214.83731019522733,1.1223344556661345,254.8181436213583,,2.0780051150895207,1.7701332938577137,6.431360016999919,,
1774877400,63.13,63.46,61.78,61.96,58.5831913944751,61.47638920974903,58.5831913944751,61.47638920974903,0,0,0,0,0,59.339999999999996,54.580000000000005,62.529999999999994,51.39000000000001,57.77,54.56708994779204,53.182910052207966,,,,,49750120,0.63,0.64,1.7462310246910497,2.013161939261407,3.085557051892955,-43.13102657199466,225.50114296791207,225.50114296791207,236.61232369340658,236.61232369340658,214.83731019522733,1.1223344556661345,256.61232369340655,,1.2468030690537102,1.749610539943831,6.421001261859168,,
1774963800,62.04,62.83,60.035,61.26,58.5861425605201,61.42085433877848,58.5861425605201,61.42085433877848,0,0,0,0,0,59.339999999999996,54.580000000000005,62.529999999999994,51.39000000000001,57.77,54.676859600782166,53.273140399217844,,,,,94766929,0.62,0.65,1.1699133943507243,2.0079456740415913,2.8665593313112003,-114.2860832831878,208.9283588435429,208.9283588435429,219.97688159312236,219.97688159312236,214.83731019522733,1.1223344556661345,239.97688159312236,,4.036125319693103,1.8392777862085083,6.416236274961733,,
1775050200,59.72,60.62,58.355,58.97,58.58576475320638,61.30227377647344,58.58576475320638,61.30227377647344,0,0,0,0,0,67.5275,55.6525,71.595,51.585,59.72,54.734466211331814,53.21553378866819,,,,,96652895,0.64,0.66,0.21909305078591018,1.046892520386679,2.4670279936020583,-129.72749350907398,144.5397072182729,144.5397072182729,194.83115680150587,194.83115680150587,214.83731019522733,-27.753102666741057,,,6.721547314578014,2.0307393363406456,6.416846287028898,,
1775136600,60.53,61.01,58.98,59.25,58.58662396448868,61.212608138180364,58.58662396448868,61.212608138180364,0,0,0,0,0,67.5275,55.6525,71.595,51.585,59.72,54.73144165241639,53.21855834758361,,,,,60400533,0.64,0.65,-0.043982183959078075,1.0107181939752314,2.6389346372569187,-110.44576141795123,87.80157193738516,87.80157193738516,159.15462851346564,159.15462851346564,214.83731019522733,-27.753102666741057,,,5.7225063938619005,2.1755145150669692,6.415458994535058,,
1775482200,59.11,59.69,58.891,59.68,58.587305415109086,61.12300350531055,58.587305415109086,61.12300350531055,0,0,0,0,0,67.5275,55.6525,71.595,51.585,59.72,55.022474690601484,53.51752530939851,,,,,25474156,0.62,0.65,0.1485320691720069,1.2023002528726827,2.6573105202133234,-113.19148006772708,42.4661671869753,42.4661671869753,120.25847473796887,120.25847473796887,214.83731019522733,-27.753102666741057,,,5.8647698209718735,2.3201911937299067,6.414358716466,,
1775568600,59.81,60.77,59.79,60.16,58.58976374594803,61.07181513255327,58.58976374594803,61.07181513255327,0,0,0,0,0,67.5275,55.6525,71.595,51.585,59.72,55.00678357524752,53.53321642475247,,,,,38811700,0.64,0.64,0.21168760912574372,1.249153931986296,2.773335476910702,-85.4566366278561,20.96802109005496,20.96802109005496,87.1616568553309,87.1616568553309,214.83731019522733,-27.753102666741057,,,4.427749360613816,2.402840533607707,6.410389467003758,,
1775655000,56.68,58.19,56.18,58.05,58.58507650569638,60.882481205786476,58.58507650569638,60.882481205786476,0,0,0,0,0,67.5275,55.6525,71.595,51.585,59.72,55.02595413019723,53.514045869802764,,,,,88023628,0.74,0.66,-1.0534366142881366,0.7100733297655225,2.375549912216981,-177.8933859625663,-33.19722067195612,-33.19722067195612,47.0420310129019,47.0420310129019,214.83731019522736,-117.82332155477164,,,10.19820971867008,2.7085412859630944,6.41795753943466,,
1775741400,58.2,59.02,57.11,57.33,58.58223819099969,60.73667802124583,58.58223819099969,60.73667802124583,0,0,0,0,0,67.5275,55.6525,71.595,51.585,59.72,55.09813443754917,53.581865562450844,,,,,55088507,0.72,0.66,-1.2304097397291858,0.5953904211455416,2.1796085616808827,-165.8148582612277,-75.49699358450208,-75.49699358450208,6.195689480433913,6.195689480433913,214.8373101952273,-148.14814814814932,,,8.711636828644506,2.943956797440797,6.422540315237277,,
1775827800,57.17,57.475,56.4,56.94,58.57800115165703,60.5690279027656,58.57800115165703,60.5690279027656,0,0,0,0,0,67.5275,55.6525,71.595,51.585,59.72,55.523835571130036,54.03626442886997,,,,,42561689,0.71,0.67,-1.7085644927602943,0.4549106234419465,1.9816396718830132,-190.60139505009735,-107.48629906088215,-107.48629906088215,-31.69830670000477,-31.69830670000477,214.83731019522733,-154.316748860729,,,9.846547314578011,3.2146466216422565,6.429381488063132,,
1776087000,57.615,57.72,56.645,57.11,58.57425719331206,60.41746406344146,58.57425719331206,60.41746406344146,0,0,0,0,0,67.5275,55.6525,71.595,51.585,59.72,55.523824548192124,54.03627545180788,,,,,43100868,0.75,0.64,-2.0107595384021355,0.2835825782056355,1.929339696643466,-183.02065774696834,-122.28719151011127,-122.28719151011127,-61.89460163670694,-61.89460163670694,214.83731019522733,-154.316748860729,,,9.454923273657286,3.4593633530938264,6.435426526595788,,
1776173400,56.5,56.5,55.405,55.95,58.5680679681506,60.22370272762023,58.5680679681506,60.22370272762023,0,0,0,0,0,67.5275,55.6525,71.595,51.585,59.72,55.83218330011851,54.30781669988149,,,,,58830078,0.77,0.64,-2.2335836017999626,-0.25405368774107323,1.8529309357400414,-197.40858773045792,-159.23598195465127,-159.23598195465127,-94.34172840935504,-94.34172840935504,214.83731019522733,-154.316748860729,,,11.437020460358058,3.772212651417914,6.44541972126864,,
1776259800,55.6,56.21,55.27,55.76,58.56162407610634,60.0322986990861,58.56162407610634,60.0322986990861,0,0,0,0,0,67.5275,55.6525,71.595,51.585,59.72,56.082835382759704,54.557164617240296,,,,,39551489,0.76,0.64,-2.067534853135779,-0.17877959703627475,1.6459135455700387,-197.40858773045792,-186.966241689389,-186.966241689389,-125.21656616936636,-125.21656616936636,214.83731019522733,-154.316748860729,,,11.652813299232735,4.081255814077319,6.4558241040417945,,
1776346200,55.84,56.875,55.765,56.58,58.556172179850385,59.86761835794547,58.556172179850385,59.86761835794547,0,1,0,0,0,67.5275,55.6525,71.595,51.585,59.72,56.120659298747846,54.60934070125215,,,,,31282568,0.77,0.64,-0.935233354314565,0.09246942595906531,1.7465600365754013,-184.00430090925406,-185.681551570868,-185.681551570868,-145.37156130320025,-145.37156130320025,214.83731019522733,-154.316748860729,,,10.861572890025577,4.347150601369408,6.464626798918885,,
1776432600,54.41,55.16,53.41,55.02,58.5460729347358,59.61796665763388,58.5460729347358,59.61796665763388,0,1,0,0,0,67.5275,55.6525,71.595,51.585,59.72,56.25450210069429,54.690497899305704,,,,,90913253,0.79,0.67,-1.617277374950939,-0.33808821981295273,1.4964105331353226,-197.40858773045792,-199.9231496222954,-199.9231496222954,-163.55542407623196,-163.55542407623196,214.83731019522733,-154.316748860729,,,14.625959079283895,4.750241129915074,6.480933157121412,,
1776691800,55.1,55.72,54.8,55.07,58.53874331848258,59.43206992596196,58.53874331848258,59.43206992596196,0,0,0,0,0,67.5275,55.6525,71.595,51.585,59.72,56.26215578820622,54.69784421179379,,,,,35150037,0.78,0.67,-1.7505411325541507,-0.34693224136152434,1.604941243710626,-167.4197421626616,-203.04132623679274,-203.04132623679274,-176.71739146308556,-176.71739146308556,214.83731019522733,-154.316748860729,,,12.404092071611261,5.050392147236494,6.492767640467046,,
1776778200,55.32,55.96,54.92,55.87,58.53166570945464,59.25812208572816,58.53166570945464,59.25812208572816,0,0,0,0,0,67.5275,55.6525,71.595,51.585,59.72,56.66666881970226,55.08333118029775,,,,,41299833,0.77,0.66,-1.6108867186032718,-0.10420889158245669,1.6757106676259772,-164.8307770776719,-182.96703136698957,-182.96703136698957,-178.8006047643869,-178.8006047643869,214.83731019522733,-154.316748860729,,,12.21227621483376,5.331250345965798,6.5041952300262205,,
1776864600,56.36,56.78,56.13,56.54,58.52699564809709,59.13797220001333,58.52699564809709,59.13797220001333,0,0,0,0,0,67.5275,55.6525,71.595,51.585,59.72,56.72093293640485,55.159067063595145,,,,,40565507,0.78,0.66,-0.5873882077472594,0.22041590771395517,1.6886322230927968,-138.72537913735997,-164.85490071850816,-164.85490071850816,-136.96349262675068,-136.96349262675068,214.83731019522733,-154.316748860729,,,10.278132992327365,5.52524574386233,6.511735565215633,,
1776951000,56.89,57.19,56.465,56.98,58.5229975548941,59.03553995687555,58.5229975548941,59.03553995687555,0,0,0,0,0,67.5275,55.6525,71.595,51.585,59.72,56.99052583844953,55.41947416155047,,,,,34707172,0.79,0.66,-0.1378515033730199,0,1.8047029322784895,-131.49785160843064,-138.02754717637384,-138.02754717637384,-84.37284009210525,-84.37284009210525,214.83731019522733,-154.316748860729,,,9.742647058823527,5.690634030723554,6.518190932835229,,
1777037400,56.77,56.92,56.17,56.87,58.5184239334058,58.92567172327259,58.5184239334058,58.92567172327259,0,0,0,0,0,67.5275,55.6525,71.595,51.585,59.72,56.990757680024366,55.41924231997564,,,,,36426744,0.8,0.66,-0.027825781102265124,-0.14542623684845304,1.8832892537422048,-137.86239077569678,-105.98856234667889,-105.98856234667889,-41.910592687288954,-41.910592687288954,214.83731019522733,-154.316748860729,,,10.214194373401535,5.868028553965828,6.525575555094103,,
1777296600,57.1,57.68,56.63,56.77,58.51476934013226,58.83797087137955,58.51476934013226,58.83797087137955,0,0,0,0,0,67.5275,55.6525,71.595,51.585,59.72,57.09765864298568,55.52234135701433,,,,,33070604,0.79,0.66,-0.1348769633430972,-0.2108227775236802,1.9351560231560987,-127.93802461656993,-71.10390228537203,-71.10390228537203,-1.3345821627583092,-1.3345821627583092,214.83731019522733,-154.316748860729,,,9.478900255754475,6.009631365800677,6.531476303746771,,
1777383000,57.72,58.05,57.375,57.71,58.51259567511701,58.782632797992115,58.51259567511701,58.782632797992115,0,0,0,0,0,67.5275,55.6525,71.595,51.585,59.72,57.3053418536293,55.71465814637071,,,,,39151281,0.8,0.66,0.7133173514831217,-0.042962012912458984,2.3982281911006154,-111.86486638059282,-28.42494248403603,-28.42494248403603,56.93297711863596,56.93297711863596,214.83731019522733,-154.316748860729,,,8.288043478260873,6.098980860406959,6.534985928471075,,
1777469400,58.28,59.11,58.06,59.03,58.51178129814375,58.756058962776734,58.51178129814375,58.756058962776734,0,0,0,0,0,67.5275,55.6525,71.595,51.585,59.72,57.42380944241295,55.80619055758705,,,,,40616692,0.8,0.66,1.3247188481632444,0.11590744861031631,2.396118257553525,-84.95616221434594,18.28104998919698,18.28104998919698,111.69303493566301,111.69303493566301,214.83731019522733,-154.316748860729,,,7.19309462915601,6.141887282710844,6.536300830969946,,
1777555800,58.2,59.835,57.935,59.65,58.510721295550056,58.72567429756981,58.510721295550056,58.72567429756981,0,0,0,0,0,67.5275,55.6525,71.595,51.585,59.72,57.4243952502707,55.805604749729305,,,,,35896766,0.81,0.65,1.2238251712032828,0.27189878443758636,2.644115875824635,-73.25821706100477,61.69169908651694,61.69169908651694,148.51299728115688,148.51299728115688,214.83731019522733,-154.316748860729,,,7.392902813299232,6.190946715282937,6.538012323442133,,
1777642200,59.06,59.6,58.26,58.85,58.51030626798652,58.70909883492001,58.51030626798652,58.70909883492001,0,0,0,0,0,62.86,49.61,66.66,45.809999999999995,59.06,57.43026447190406,55.79973552809594,,,,,35828435,0.79,0.66,1.5616918785617564,-0.11128402377159058,2.4944212160815447,-42.62726422071766,94.884431420403,94.884431420403,161.26989608817513,161.26989608817513,214.83731019522733,-154.316748860729,,,6.873401534526861,6.217709649370934,6.538682431755988,,
1777901400,58.73,59.63,58.22,59.39,58.50981294876976,58.69162044923687,58.50981294876976,58.69162044923687,0,0,0,0,0,62.86,49.61,66.66,45.809999999999995,59.06,57.54281357293442,55.937186427065576,,,,,36882957,0.78,0.65,1.7662167542851999,0.01753382894635736,2.576946081684732,-43.52468030957485,119.74793676076581,119.74793676076581,169.47494744149142,169.47494744149142,214.83731019522733,-154.316748860729,,,6.937340153452691,6.245930453452572,6.539478950680457,,
1777987800,59.23,59.76,58.89,59.45,58.51064588993106,58.70083925514915,58.51064588993106,58.70083925514915,0,0,0,0,0,62.86,49.61,66.66,45.809999999999995,59.06,58.23208007772793,56.66291992227208,,,,,27041418,0.81,0.65,1.4430248122165803,-0.039247907904308516,2.521908760833541,-28.49296082121647,147.81385137213135,147.81385137213135,203.94568059486247,203.94568059486247,214.83731019522733,-154.316748860729,223.94568059486247,,5.866368286445015,6.231045662589531,6.538134074228438,,
1778074200,57.29,57.89,56.655,57,58.50705628775338,58.62292595102566,58.50705628775338,58.62292595102566,0,0,0,0,0,62.86,49.61,66.66,45.809999999999995,59.06,58.280614861831495,56.61438513816851,,,,,57907517,0.75,0.66,0.17521011014504567,-0.7847630144502162,2.043383123742029,-78.63608478611332,153.6453235652947,153.6453235652947,165.30826795162136,165.30826795162136,214.83731019522733,-154.316748860729,,,9.438938618925832,6.356845386367425,6.543929887504556,,
1778160600,55.87,56.15,55.13,55.95,58.50045737409153,58.48886218824033,58.50045737409153,58.48886218824033,0,0,0,0,0,62.86,49.61,66.66,45.809999999999995,59.06,58.75682760177148,57.06317239822852,,,,,52909857,0.73,0.66,-0.38594458912324725,-0.9402296691100602,1.891927628072251,-102.27504384473508,102.95119105629834,102.95119105629834,136.74727939562925,136.74727939562925,214.83731019522733,-154.316748860729,,,11.876598465473146,6.573306291430394,6.5545845699780205,,
1778247000,55.85,56.225,55.46,55.7,58.49452439232512,58.37286759262307,58.49452439232512,58.37286759262307,0,0,0,0,0,62.86,49.61,66.66,45.809999999999995,59.06,59.05848898587435,57.37651101412565,,,,,30573489,0.75,0.66,-0.4402386567013572,-1.1687767712006376,1.7712280483449265,-94.80806055518586,47.76391489557331,47.76391489557331,107.0861578956106,107.0861578956106,214.83731019522733,-154.316748860729,,,11.349104859335041,6.760592509779596,6.564164031095617,,
1778506200,56.26,57.22,56.24,57.17,58.49014612181098,58.29170415761824,58.49014612181098,58.29170415761824,0,0,0,0,0,62.86,49.61,66.66,45.809999999999995,59.06,59.18125897685008,57.45874102314991,,,,,31943312,0.73,0.65,0.1490992683134743,-1.0526059313032488,1.9155898260105932,-77.15882732534216,18.445369172792617,18.445369172792617,77.53922832133794,77.53922832133794,214.83731019522733,-154.316748860729,,,10.10230179028133,6.89163993254437,6.571233237407676,,
1778592600,57.73,57.84,57.14,57.57,58.4875568188703,58.24866477888811,58.4875568188703,58.24866477888811,0,0,0,0,0,62.86,49.61,66.66,45.809999999999995,59.06,59.18219715785001,57.45780284214999,,,,,36814545,0.74,0.66,-0.05262645211620944,-0.8874003892441487,2.07989865982447,-56.729264956988764,15.902521217870946,15.902521217870946,56.993659286848946,56.993659286848946,214.41441441441313,-154.316748860729,,,8.66368286445013,6.961131812226949,6.575413955943225,,
1778679000,57.47,57.71,56.96,57.63,58.48461664540602,58.2003249836376,58.48461664540602,58.2003249836376,0,0,0,0,0,62.86,49.61,66.66,45.809999999999995,59.06,59.162642237696545,57.477357762303456,,,,,22707191,0.75,0.66,-0.5190808643652809,-0.7487705795226707,1.9145845418730583,-60.79749909733058,19.831433329886632,19.831433329886632,44.60625063452817,44.60625063452817,214.41441441441313,-154.316748860729,,,8.95140664961637,7.039181805850063,6.5801611940924225,,
1778765400,57.65,58.18,57.505,58.07,58.48276036839223,58.17503969016162,58.48276036839223,58.17503969016162,0,0,0,0,0,62.86,49.61,66.66,45.809999999999995,59.06,59.152049543792565,57.48795045620744,,,,,23486953,0.74,0.66,-0.5835711663952952,-0.1941323631085407,1.751005470401867,-48.47979017240667,33.38600830783011,33.38600830783011,40.86616985896215,40.86616985896215,214.41441441441313,-154.316748860729,,,8.080242966751918,7.080007733728567,6.583158360471362,,
1778851800,58.7,59.47,58.475,59.44,58.48282648154229,58.18840480035136,58.48282648154229,58.18840480035136,0,0,0,0,0,62.86,49.61,66.66,45.809999999999995,59.06,59.16666742079491,57.47333257920509,,,,,33565457,0.76,0.66,0.2186789798356777,0.040383700618918654,2.1984353091741013,-26.556528416120194,50.34348330983032,50.34348330983032,69.29811021156667,69.29811021156667,214.41441441441313,-154.316748860729,,,6.529731457800512,7.0584282719274665,6.583051613413079,,
1779111000,59.125,60.7,58.72,60.58,58.483377077982766,58.210757553278754,58.483377077982766,58.210757553278754,0,0,0,0,0,62.86,49.61,66.66,45.809999999999995,59.06,59.28772610865432,57.58227389134568,,,,,41516591,0.78,0.66,0.4344340668738075,0.18877448987289397,2.474184792819289,-41.393062400204066,69.27897386419792,69.27897386419792,107.14995497293313,107.14995497293313,214.41441441441313,-154.316748860729,,,6.138107416879801,7.022337258004028,6.582162614019406,,
1779197400,60.81,61.49,60.295,61.29,58.48704195894584,58.29338078648351,58.48704195894584,58.29338078648351,0,0,0,0,0,62.86,49.61,66.66,45.809999999999995,59.06,59.28142453499273,57.588575465007274,,,,,31111027,0.79,0.65,0.6701013794715381,0.2347926710420754,2.285236180985277,-21.88655169766977,92.16862558624499,92.16862558624499,137.94792903033914,137.94792903033914,214.41441441441313,-154.316748860729,,,3.6205242966751925,6.888932828147995,6.576245254743993,,
1779283800,60.81,61.7,59.675,59.8,58.48947314384305,58.34869330466063,58.48947314384305,58.34869330466063,0,0,0,0,0,62.86,49.61,66.66,45.809999999999995,59.06,59.301995597068114,57.568004402931884,,,,,61776771,0.76,0.66,1.0460523005680011,0.3706341398277761,1.9969900167031405,-35.52440300677066,110.1715115626414,110.1715115626414,146.17728351543425,146.17728351543425,214.41441441441313,-154.316748860729,,,4.611572890025584,6.7996245952804495,6.572319835433866,,
1779370200,60.48,60.59,58.715,59.13,58.49000057012908,58.364566116242564,58.49000057012908,58.364566116242564,0,0,0,0,0,62.86,49.61,66.66,45.809999999999995,59.06,59.3054750821288,57.5645249178712,,,,,45851129,0.76,0.66,1.2060532387795753,0.3846532322069406,1.9522377683706988,-56.64107600150723,115.20918958607409,115.20918958607409,125.28454563293948,125.28454563293948,214.41441441441313,-154.316748860729,,,6.1460997442455225,6.773996169749668,6.571468246840084,,
1779456600,58.99,59.61,58.83,59.49,58.490754415143805,58.38428117050756,58.490754415143805,58.38428117050756,0,0,0,0,0,62.86,49.61,66.66,45.809999999999995,59.06,59.30578584186382,57.56421415813618,,,,,42428853,0.76,0.65,1.4449182023571776,0.5490619366747252,1.8810596735576535,-54.11147454901285,95.4064292405858,95.4064292405858,108.60826947091132,108.60826947091132,214.41441441441313,-154.316748860729,,,5.962276214833766,6.742164014654927,6.5702510799429685,,
1779802200,58.87,59.57,57.835,57.85,58.48953862210655,58.36459367362491,58.48953862210655,58.36459367362491,0,0,0,0,0,62.86,49.61,66.66,45.809999999999995,59.06,59.33136807438435,57.538631925615654,,,,,38819875,0.74,0.66,0.24760572540006273,0.15573237052696481,1.413505923496159,-75.99802624668261,51.61056164328087,51.61056164328087,89.60903352836783,89.60903352836783,214.41441441441313,-154.316748860729,,,7.552749360613813,6.773951675280766,6.572214113470783,,
1779888600,57.01,57.5,56.475,56.99,58.48563514833611,58.29287823544354,58.48563514833611,58.29287823544354,0,0,0,0,0,62.86,49.61,66.66,45.809999999999995,59.06,59.33804517004593,57.53195482995408,,,,,48329833,0.74,0.66,-0.20865097288265932,0.2222599800431121,1.3601037941543461,-105.91331298922627,-1.7994304916503125,-1.7994304916503125,59.13954552169512,59.13954552169512,214.41441441441313,-154.316748860729,,,9.726662404092073,6.88974425288121,6.578516707458038,,
1779975000,57.55,57.68,56.68,56.95,58.48214496821956,58.231933990916346,58.48214496821956,58.231933990916346,0,0,0,0,0,62.86,49.61,66.66,45.809999999999995,59.06,59.33787415644052,57.532125843559484,,,,,46554064,0.74,0.65,-0.2461485895649461,0.2570399496191208,1.35020424171194,-101.40402344347524,-44.34040287066708,-44.34040287066708,24.646229390907727,24.646229390907727,214.41441441441313,-154.316748860729,,,9.39897698209719,6.988145536379876,6.584151992722052,,
1780061400,56.68,56.79,55.99,56.29,58.47729692632501,58.14659148146865,58.47729692632501,58.14659148146865,0,0,0,0,0,62.86,49.61,66.66,45.809999999999995,59.06,59.33509632414124,57.53490367585876,,,,,32389634,0.74,0.66,-0.6456310007283879,-0.062329067072076014,1.2817631098923012,-116.5816321584422,-80.67434150483864,-80.67434150483864,-10.460627574341054,-10.460627574341054,214.41441441441313,-154.316748860729,,,10.501918158567774,7.125940541171558,6.5919796973491165,,
1780320600,57.025,57.81,56.85,57.3,58.474159669728955,58.09798397239145,58.474159669728955,58.09798397239145,0,0,0,0,0,60.31,51.845,63.595,48.56,57.025,59.33278607093057,57.53721392906943,,,,,55879350,0.73,0.65,-0.7682981513711961,0.5105619542862548,1.247570381355247,-97.66461260065725,-90.38099996630949,-90.38099996630949,-37.1007517049972,-37.1007517049972,214.41441441441313,-154.316748860729,,,9.127237851662406,7.2044227886417875,6.5970451482068855,,
1780407000,57.19,58.17,57.08,57.96,58.47148362643279,58.0602120519055,58.47148362643279,58.0602120519055,0,0,0,0,0,60.31,51.845,63.595,48.56,57.025,59.333919378040356,57.53608062195965,,,,,23842616,0.73,0.65,-0.9251556387072714,0.6481341676495523,1.3193877256133424,-92.60540969566831,-71.92100917491918,-71.92100917491918,-48.70750419497119,-48.70750419497119,214.41441441441313,-154.316748860729,,,8.759590792838882,7.265409769198536,6.601365918725631,,
1780493400,58.24,59.375,58.01,58.71,58.47065249031605,58.06002726555627,58.47065249031605,58.06002726555627,0,0,0,0,0,60.31,51.845,63.595,48.56,57.025,59.33724478385318,57.53275521614683,,,,,46312795,0.74,0.65,-0.9158865296591497,0.638543705890135,1.4036229424026996,-72.14863273201713,-43.626637158847046,-43.626637158847046,-33.46490308659875,-33.46490308659875,214.41441441441313,-154.316748860729,,,7.273017902813306,7.265708127379507,6.6027078807318,,
1780579800,58.5,59.025,58.17,58.75,58.470139498327406,58.06606149043641,58.470139498327406,58.06606149043641,0,0,0,0,0,60.31,51.845,63.595,48.56,57.025,59.3366398961573,57.53336010384271,,,,,23916327,0.75,0.66,-0.38200485526570077,0.4909718697308522,1.4041412704010632,-68.62918723289425,-29.07917336970876,-29.07917336970876,0.01575420856782017,0.01575420856782017,214.41441441441313,-154.316748860729,,,7.017263427109975,7.255965197957172,6.603536163541746,,
1780666200,58.665,58.78,57.63,57.67,58.468559399429644,58.0508943731644,58.468559399429644,58.0508943731644,0,0,0,0,0,60.31,51.845,63.595,48.56,57.025,59.3474103380316,57.5225896619684,,,,,28212971,0.72,0.66,-0.5329014675641043,0.15089260559275164,1.1587146868718194,-80.50731579243366,-16.550871472571707,-16.550871472571707,8.505732321702396,8.505732321702396,214.41441441441313,-154.316748860729,,,7.8804347826086945,7.280454201276839,6.606087409533888,,
1780925400,58.08,58.96,57.97,58.33,58.46765498504517,58.04952204480501,58.46765498504517,58.04952204480501,0,0,0,0,0,60.31,51.845,63.595,48.56,57.025,59.350264476597076,57.519735523402936,,,,,25717786,0.73,0.66,-0.42141941136479855,0.3203387790926149,1.1918058589440415,-73.02849410679781,-3.209083168605126,-3.209083168605126,23.474493439328032,23.474493439328032,214.41441441441313,-154.316748860729,,,7.336956521739135,7.282669978549871,6.607547687480352,,
1781011800,58.08,58.21,56.81,57.39,58.464457872187936,58.00316823912638,58.464457872187936,58.00316823912638,0,0,0,0,0,60.31,51.845,63.595,48.56,57.025,59.35327913285188,57.51672086714812,,,,,46026298,0.73,0.66,-0.17220799483993485,0.13655606996225472,0.9833059260793924,-98.54447397543794,-0.6493820517875881,-0.6493820517875881,4.470020181847488,4.470020181847488,214.41441441441313,-154.316748860729,,,9.191176470588234,7.357513370394512,6.6127097829510975,,
1781098200,57.94,59.04,57.78,58.25,58.46318582848726,57.99629105327829,58.46318582848726,57.99629105327829,0,0,0,0,0,60.31,51.845,63.595,48.56,57.025,59.342245278461924,57.52775472153808,,,,,36515274,0.75,0.66,0.47837793555832236,0.11689106359061123,1.0172196650331204,-77.20783563700606,2.544803460035104,2.544803460035104,8.933174483680489,8.933174483680489,214.41441441441313,-154.316748860729,,,7.64066496163683,7.368617354364799,6.614763639451968,,
1781184600,58.775,58.99,57.055,57.12,58.46048226039838,57.96153650216934,58.46048226039838,57.96153650216934,0,0,0,0,0,60.31,51.845,63.595,48.56,57.025,59.35131117659727,57.51868882340273,,,,,40863527,0.73,0.66,0.06390585140459039,-0.3999312945639972,1.0080440476803618,-93.15532305490622,-9.456155668029698,-9.456155668029698,-1.45551624931983,-1.45551624931983,214.41441441441313,-154.316748860729,,,8.799552429667523,7.424732455357063,6.61912885182003,,
1781271000,56.79,58.15,56.63,57.55,58.45694343470328,57.91164487463328,58.45694343470328,57.91164487463328,0,0,0,0,0,60.31,51.845,63.595,48.56,57.025,59.35267051515649,57.517329484843515,,,,,31964734,0.73,0.66,0.4790314420482768,-0.434983659771711,0.8117874507463316,-102.50385016195106,-31.708423285086873,-31.708423285086873,-11.539818594575511,-11.539818594575511,214.41441441441313,-154.316748860729,,,9.478900255754475,7.505288055372648,6.6248426807989205,,
1781530200,55.2,56.05,55.02,55.55,58.45022706420437,57.80120389915747,58.45022706420437,57.80120389915747,0,0,0,0,0,60.31,51.845,63.595,48.56,57.025,59.38778991448616,57.482210085513834,,,,,44319055,0.71,0.66,-0.6415700121450941,-0.6800917003281585,0.3605185935584415,-150.2577471720091,-73.63304339272695,-73.63304339272695,-32.237560193959325,-32.237560193959325,214.41441441441313,-187.3069362538644,,,12.05242966751918,7.683607334280355,6.635687010442717,,
1781616600,55,55.475,54.95,55.36,58.443385651488676,57.69237629526894,58.443385651488676,57.69237629526894,0,0,0,0,0,60.31,51.845,63.595,48.56,57.025,59.38438602505019,57.485613974949814,,,,,42008394,0.73,0.67,-0.9419300215751192,-0.8226304128797998,0.4222885186526191,-151.93526588046853,-105.43278358228602,-105.43278358228602,-56.635967990068224,-56.635967990068224,214.41441441441313,-187.3069362538644,,,12.164322250639385,7.8593216447258065,6.646733234698854,,
1781703000,55.26,55.36,54.54,54.67,58.43574691891827,57.57189879349369,58.43574691891827,57.57189879349369,0,0,0,0,0,60.31,51.845,63.595,48.56,57.025,59.38819834274745,57.481801657252554,,,,,38553036,0.73,0.67,-1.4395794571349805,-0.9711398293140429,0.1859575575982279,-161.76073260144528,-128.79398752018454,-128.79398752018454,-80.68864116677366,-80.68864116677366,214.41441441441313,-187.3069362538644,,,12.819693094629162,8.053846015310253,6.659066820832582,,
1781789400,54.14,54.25,53.245,53.77,58.42556191008926,57.40586942904296,58.42556191008926,57.40586942904296,0,0,0,0,0,60.31,51.845,63.595,48.56,57.025,59.302679828475156,57.40232017152484,,,,,39645690,0.74,0.66,-1.7615007353880865,-0.6798739425029068,0.016787834742558513,-192.79482870794482,-151.00252866314355,-151.00252866314355,-104.12660366556362,-104.12660366556362,214.41441441441313,-187.3069362538644,,,14.88970588235295,8.32191895127271,6.6755116541223325,,
1782135000,53.53,54.13,53.165,54.06,58.41523900917,57.24324513770794,58.41523900917,57.24324513770794,0,0,0,0,0,60.31,51.845,63.595,48.56,57.025,59.26336738910334,57.361632610896656,,,,,30765618,0.74,0.66,-1.3021501197183076,-0.4056998906616602,0.06211851687674932,-162.96663451772824,-171.16562654614125,-171.16562654614125,-126.47294462575616,-126.47294462575616,214.41441441441313,-187.3069362538644,,,15.017583120204609,8.58449401672102,6.69217912957904,,
1782221400,54.14,54.56,53.87,54.46,58.40633123892191,57.11436885779782,58.40633123892191,57.11436885779782,0,0,0,0,0,60.31,51.845,63.595,48.56,57.025,59.264252112142216,57.360747887857784,,,,,38690404,0.73,0.67,-1.3802373951821152,-0.26738723095388,-0.0655861525022574,-138.7558493924814,-171.4751066028692,-171.4751066028692,-141.47366528479384,-141.47366528479384,214.41441441441313,-187.3069362538644,,,13.890664961636837,8.792579151815758,6.706561718654081,,
1782307800,53.5,53.765,52.94,53.57,57.83654590141377,56.42791455137296,57.83654590141377,56.42791455137296,0,0,0,0,0,60.31,51.845,63.595,48.56,57.025,59.142570367018,57.25742963298201,,,,,43034611,0.73,0.66,-1.3780224816013988,-0.7526669492274822,-0.052415397839534535,-161.7172266051162,-188.25872517046164,-188.25872517046164,-157.06868524668312,-157.06868524668312,214.41441441441313,-187.3069362538644,,,14.557779212395097,9.018665428701222,6.722248466893324,,
1782394200,53.2,54.315,53,54.09,57.20288635456461,55.710486913704216,57.20288635456461,55.710486913704216,0,0,0,0,0,60.31,51.845,63.595,48.56,57.025,59.146196119843225,57.253803880156774,,,,,28238616,0.75,0.67,-1.4791104799718162,-0.7228124100347301,-0.03302598338636825,-143.75366551696098,-193.2556936652899,-193.2556936652899,-169.13102138621872,-169.13102138621872,214.41441441441313,-187.3069362538644,,,13.525860662424538,9.195418182964882,6.7358420976536255,,
1782480600,54,54.15,53.675,53.84,57.19598977843162,55.633650171990325,57.19598977843162,55.633650171990325,0,0,0,0,0,60.31,51.845,63.595,48.56,57.025,59.13764109793127,57.26235890206874,,,,,19025239,0.72,0.66,-1.1992475600328705,-0.7929634349109776,0.011656441400296513,-126.87823521714391,-186.36455321584856,-186.36455321584856,-174.87553199609533,-174.87553199609533,214.41441441441313,-187.3069362538644,,,12.424539076521459,9.322050374869061,6.747208125583431,,
1782739800,53.98,54.28,53.47,53.58,57.188701487166014,55.55186781230443,57.188701487166014,55.55186781230443,0,0,0,0,0,60.31,51.845,63.595,48.56,57.025,59.12736493827393,57.27263506172607,,,,,25142317,0.73,0.67,-1.4723384973526499,-0.9527882146583225,-0.15584771975034567,-132.00336590079203,-178.37821327217685,-178.37821327217685,-176.04309242145584,-176.04309242145584,214.41441441441313,-187.3069362538644,,,12.759014521129059,9.456833282565531,6.759219726773333,,
1782826200,53.62,54.115,53.08,53.11,57.1806563293495,55.45815142750818,57.1806563293495,55.45815142750818,0,0,0,0,0,60.31,51.845,63.595,48.56,57.025,58.807022967194065,56.962977032805924,,,,,28283952,0.74,0.67,-0.946312473329321,-1.3246254149823609,-0.26939913447551894,-157.95088679487813,-194.7618566952324,-194.7618566952324,-182.2826805127147,-182.2826805127147,214.41441441441313,-187.3069362538644,,,13.395333659650843,9.611284277745348,6.772478695670191,,
1782912600,53.045,53.44,52.62,52.81,57.171717355664484,55.35025137152746,57.171717355664484,55.35025137152746,0,0,0,0,0,56.2625,49.7225,59.480000000000004,46.504999999999995,53.045,58.0684891217987,56.251510878201294,,,,,33662700,0.73,0.67,-0.9948685683638486,-1.5993839501410823,-0.2715542468543827,-170.7652444537219,-213.2948982630354,-213.2948982630354,-192.62008642948828,-192.62008642948828,214.41441441441313,-187.3069362538644,,,14.145863925599611,9.789110930602378,6.787210734091628,,
1782999000,53.24,53.65,52.91,53.22,57.163369868440384,55.2578415138205,57.163369868440384,55.2578415138205,0,0,0,0,0,56.2625,49.7225,59.480000000000004,46.504999999999995,53.045,58.03329801304666,56.28670198695333,,,,,28538218,0.71,0.67,-0.5773458200777298,-1.6547804583635304,-0.25392627108280846,-162.68662766879868,-207.14223218660842,-207.14223218660842,-197.46080168186165,-197.46080168186165,214.41441441441313,-187.3069362538644,,,13.672703540544957,9.941408680011891,6.80096796247615,,
1783344600,53.058,53.55,53,53.13,57.15521708149045,55.17254968974911,57.15521708149045,55.17254968974911,0,0,0,0,0,56.2625,49.7225,59.480000000000004,46.504999999999995,53.045,58.03207468217206,56.287925317827934,,,,,24735264,0.73,0.67,-0.2593999316758354,-1.4034402974664295,-0.25973070385882574,-160.17947073554654,-195.71116446248948,-195.71116446248948,-192.21189002374513,-192.21189002374513,214.41441441441313,-187.3069362538644,,,13.525860662424538,10.08197542442023,6.814404311526996,,
1783431000,53.61,54.82,53.6,54.64,57.14826739701195,55.113896760739344,57.14826739701195,55.113896760739344,0,0,0,0,0,56.2625,49.7225,59.480000000000004,46.504999999999995,53.045,58.05549385574113,56.26450614425886,,,,,41833647,0.7,0.66,0.22951552193057903,-0.9378598505425392,-0.029890400262484112,-143.46509118053297,-174.76674128652996,-174.76674128652996,-132.87789493461094,-132.87789493461094,214.41441441441313,-187.3069362538644,,,12.546908141621794,10.178639452545783,6.825857865633079,,
1783517400,55.455,56.035,54.865,55.6,57.14383379581912,55.106655711298586,57.14383379581912,55.106655711298586,0,0,0,0,0,56.2625,49.7225,59.480000000000004,46.504999999999995,53.045,58.06310961241039,56.2568903875896,,,,,39741354,0.7,0.66,0.45163858350731745,-0.8145332688257685,0.07185350102668338,-97.22056554773592,-137.84810831970503,-137.84810831970503,-64.01084238605512,-64.01084238605512,214.41441441441313,-187.3069362538644,,,10.48294991026268,10.19057319598566,6.833164742845126,,
1783603800,55.28,55.48,54.73,54.82,57.1391420200033,55.094457448110404,57.1391420200033,55.094457448110404,0,0,0,0,0,56.2625,49.7225,59.480000000000004,46.504999999999995,53.045,58.03307938746127,56.286920612538715,,,,,21770724,0.71,0.66,0.5050466234354318,-0.654518223775078,-0.14192123213724267,-101.00837978985565,-97.14359394442715,-97.14359394442715,-15.734565193871354,-15.734565193871354,214.41441441441313,-187.3069362538644,,,10.703214227443306,10.210676765846744,6.840897109447719,,
1783690200,55.08,55.24,54.36,55.08,57.133727750233064,55.06837284230215,57.133727750233064,55.06837284230215,0,0,0,0,0,56.2625,49.7225,59.480000000000004,46.504999999999995,53.045,58.029901640310214,56.29009835968978,,,,,22974652,0.69,0.66,0.39636908644623725,-0.41904015861236354,-0.2480486469198703,-109.29506487994021,-59.658021970331404,-59.658021970331404,15.313121977860103,15.313121977860103,214.41441441441313,-187.3069362538644,,,11.30690161527166,10.253665975628113,6.849820195373441,,
1783949400,55.86,56.97,55.86,56.74,57.13129133115167,55.101546456329515,57.13129133115167,55.101546456329515,0,0,0,0,0,56.2625,49.7225,59.480000000000004,46.504999999999995,53.045,58.055179256890504,56.26482074310948,,,,,41200899,0.74,0.66,1.1464924261008842,-0.04531512500235949,0.027617064631133753,-67.31127352335257,-17.745616269441108,-17.745616269441108,66.07919513233949,66.07919513233949,215.37659629918832,-187.3069362538644,,,8.859520313264806,10.198993596711905,6.853835580224373,,
1784035800,57,57.22,56.29,56.95,57.12971032949103,55.150113261963654,57.12971032949103,55.150113261963654,0,0,0,0,0,56.2625,49.7225,59.480000000000004,46.504999999999995,53.045,58.05531921129004,56.26468078870995,,,,,32578964,0.76,0.67,1.349067759496372,0.1451973303719218,0.09670298441806496,-35.91790962376869,24.809796821173066,24.809796821173066,109.92062300240141,109.92062300240141,215.37659629918832,-187.3069362538644,,,8.157937673356177,10.118952187952857,6.856441178812049,,
1784122200,56.94,57.04,55.76,56.5,57.127084135026514,55.17619901639645,57.127084135026514,55.17619901639645,0,0,0,0,0,56.2625,49.7225,59.480000000000004,46.504999999999995,53.045,58.04484406662542,56.27515593337457,,,,,33184198,0.74,0.67,1.3683930879069626,-0.17280735092511665,0.0025304719519842196,-51.026236687734944,59.358448240270505,59.358448240270505,128.4557510784654,128.4557510784654,215.37659629918832,-187.3069362538644,,,9.022679066731932,10.07596108515988,6.860769326440261,,
1784208600,56.66,57.3,56.595,57.02,57.126114836055436,55.23367944712601,57.126114836055436,55.23367944712601,0,0,0,0,0,56.2625,49.7225,59.480000000000004,46.504999999999995,53.045,58.04677476754866,56.273225232451324,,,,,27476980,0.78,0.67,1.707363068859999,-0.2005389812033837,0.056789106427219876,-12.227778223324073,86.79272053787582,86.79272053787582,141.66126513308646,141.66126513308646,215.37659629918832,-187.3069362538644,,,7.660303475281449,9.981229414184256,6.862366797267116,,
1784295000,57.95,58.115,57.28,57.68,57.12650241880058,55.3154998609642,57.12650241880058,55.3154998609642,0,0,0,0,0,56.2625,49.7225,59.480000000000004,46.504999999999995,53.045,58.044472198182156,56.275527801817844,,,,,31397793,0.77,0.67,1.7906001879419677,-0.216422871125941,0.17198621734850775,-11.376811851088016,117.09390165934067,117.09390165934067,177.6962639022704,177.6962639022704,215.37659629918832,-187.3069362538644,,,6.542666014031649,9.84638379064886,6.861728034463448,,
1784554200,57.555,58.385,57.41,57.94,57.127146370011765,55.39915868994599,57.127146370011765,55.39915868994599,0,0,0,1,0,56.2625,49.7225,59.480000000000004,46.504999999999995,53.045,58.020757955875816,56.299242044124185,,,,,27329327,0.77,0.68,1.9338088134179596,-0.17002970265268633,0.29965952437360316,-15.006631386455954,146.24688931454517,146.24688931454517,204.5528646249542,204.5528646249542,215.37659629918832,-187.3069362538644,224.5528646249542,,6.330559634524397,9.70850833354594,6.860666758939095,,
1784640600,58.16,58.53,57.83,58.5,57.128619803837914,55.49584266288929,57.128619803837914,55.49584266288929,0,0,0,1,0,56.2625,49.7225,59.480000000000004,46.504999999999995,53.045,58.02305021619048,56.29694978380951,,,,,20315679,0.79,0.68,1.5070225958197006,0.17725996680718073,0.18968938931106077,-18.789047866342298,170.64227213034397,170.64227213034397,219.43303776194153,219.43303776194153,215.37659629918832,-187.3069362538644,239.43303776194153,,5.645292869962475,9.549166550660313,6.8582384394806,,
1784727000,59.27,59.52,58.9,59.2,57.13220677725682,55.630276283952455,57.13220677725682,55.630276283952455,0,0,0,1,0,56.2625,49.7225,59.480000000000004,46.504999999999995,53.045,58.021192181756696,56.2988078182433,,,,,29548568,0.8,0.68,1.377532537181884,0.18320646933274318,0.20839929178783606,-8.31352838983237,192.04140043225854,192.04140043225854,234.83965703608766,234.83965703608766,215.37659629918832,-187.3069362538644,254.83965703608766,,3.8994942078642527,9.327610772511449,6.852326862594254,,
1784813400,60.244,60.3768,59.265,59.38,57.136508561917644,55.77360858654255,57.136508561917644,55.77360858654255,0,0,0,1,0,56.2625,49.7225,59.480000000000004,46.504999999999995,53.045,58.0176375056162,56.302362494383786,,,,,35838630,0.79,0.68,1.7786095167031726,0.4280662859275018,0.2075233713216192,-3.1771921678443333,209.8909650817701,209.8909650817701,245.5900943807932,245.5900943807932,215.37659629918832,-187.3069362538644,265.5900943807932,,3.303964757709249,9.091389360166264,6.84523722801906,,
1784899800,59.4,60.45,59.4,59.62,57.14106878457116,55.916561190991864,57.14106878457116,55.916561190991864,0,0,0,1,0,56.2625,49.7225,59.480000000000004,46.504999999999995,53.045,58.016480013502836,56.30351998649716,,,,,34181899,0.79,0.68,1.777327651931744,0.2927989982796366,0.21351785847497579,-6.05363936873391,222.28157284440013,222.28157284440013,247.0627883696602,247.0627883696602,215.37659629918832,-187.3069362538644,267.0627883696602,,3.0837004405286352,8.855793716258907,6.837721670002096,,
1785159000,58.41,59.2799,58.23,58.36,57.14330561017641,56.0084842815412,57.14330561017641,56.0084842815412,0,0,0,1,0,56.2625,49.7225,59.480000000000004,46.504999999999995,53.045,58.03072662462941,56.289273375370584,,,,,33826362,0.77,0.68,0.6103438547071751,0.2679302517513412,-0.018267907309336803,-38.24799419336446,208.76946331477382,208.76946331477382,217.77753633452468,217.77753633452468,215.37659629918832,-187.3069362538644,237.77753633452468,,4.992657856093984,8.70429819233087,6.834035228815466,,
1785245400,58.41,58.79,57.25,57.57,57.143599505061175,56.05875548618665,57.143599505061175,56.05875548618665,0,0,0,0,0,56.2625,49.7225,59.480000000000004,46.504999999999995,53.045,58.036371523766164,56.28362847623384,,,,,27800811,0.77,0.68,0.2319061944798761,0.0042740384865692475,-0.1045094827837453,-65.21420592681557,147.09367963860865,147.09367963860865,194.21625076921933,194.21625076921933,215.37659629918832,-187.3069362538644,,,6.591613640071789,8.621447817732475,6.833550869996798,,
1785331800,59.08,59.3,58.42,58.65,57.14620709845765,56.152478800453835,57.14620709845765,56.152478800453835,0,0,0,0,0,56.2625,49.7225,59.480000000000004,46.504999999999995,53.045,58.03857920056015,56.281420799439836,,,,,34175576,0.77,0.67,0.8048851809750172,0.6814922519779122,-0.08433097493369301,-33.019851102185015,108.6166312394736,108.6166312394736,165.6830442593041,165.6830442593041,215.37659629918832,-187.3069362538644,,,4.682656224506441,8.466985402311847,6.829253378197617,,
1785418200,58.08,59.105,58.02,58.96,57.14801827308611,56.226997278867415,57.14801827308611,56.226997278867415,0,0,0,0,0,56.2625,49.7225,59.480000000000004,46.504999999999995,53.045,58.02430999733789,56.295690002662106,,,,,23045724,0.76,0.67,0.7192969649301489,0.7937422589181103,-0.04158651968749157,-44.026468136246685,83.62219930265395,83.62219930265395,138.32942927375404,138.32942927375404,215.37659629918832,-187.3069362538644,,,5.335291238374933,8.344173866471184,6.826268438857312,,
1785504600,58.93,59.685,58.32,59.55,57.150419235577445,56.310240522833396,57.150419235577445,56.310240522833396,0,0,0,0,0,56.2625,49.7225,59.480000000000004,46.504999999999995,53.045,58.02400849630947,56.29599150369052,,,,,23556477,0.76,0.67,0.6844412843059712,1.0880026758453527,-0.009441125389998981,-35.77150536070049,82.76940422651961,82.76940422651961,119.8094209246759,119.8094209246759,215.37659629918832,-187.3069362538644,,,4.845814977973566,8.206983321824218,6.822311488885516,,
1785763800,58.69,59.325,58.16,58.79,57.152498917424445,56.38400756115365,57.152498917424445,56.38400756115365,0,0,0,0,0,64.36500000000001,54.77499999999999,68.28,50.85999999999999,58.69,58.023489054736345,56.296510945263655,,,,,26038365,0.75,0.68,0.3097176291964343,1.137964056294367,-0.2371203854730828,-40.17415217432527,70.49698206037344,70.49698206037344,103.37194130324175,103.37194130324175,215.37659629918832,-187.3069362538644,,,5.10686898352097,8.085410210518209,6.81888403133234,,
1785850200,57.7,58.72,57.13,58.52,57.15253708142559,56.41489353914763,57.15253708142559,56.41489353914763,0,0,0,0,0,64.36500000000001,54.77499999999999,68.28,50.85999999999999,58.69,58.021514378753835,56.29848562124616,,,,,37661542,0.75,0.68,0.007310202497247703,1.0184822575060055,-0.24122944100000163,-68.51619103703402,30.443899593975864,30.443899593975864,79.0625940668198,79.0625940668198,215.37659629918832,-187.3069362538644,,,6.787404144232332,8.03450801184033,6.818821134455018,,
1785936600,58.77,58.98,57.205,57.31,57.15272352082334,56.447480067024195,57.15272352082334,56.447480067024195,0,0,0,0,0,64.36500000000001,54.77499999999999,68.28,50.85999999999999,58.69,58.03399451295393,56.28600548704607,,,,,33213538,0.73,0.68,-0.6771783463898865,0.6408694372011329,-0.4838463613944792,-66.45245034314756,-16.155475664048886,-16.155475664048886,47.32323748986357,47.32323748986357,215.37659629918832,-187.3069362538644,,,6.6650350791319966,7.980803190949807,6.818513869609217,,
1786023000,58.39,58.56,57.58,58.16,57.15365134595656,56.493347515376186,57.15365134595656,56.493347515376186,0,0,0,0,0,64.36500000000001,54.77499999999999,68.28,50.85999999999999,58.69,57.98706029651512,56.33293970348487,,,,,25084278,0.74,0.68,-0.43379016905425327,1.0444567953423396,-0.4949880903366327,-56.1337468737147,-40.51506874967738,-40.51506874967738,18.043802076683257,18.043802076683257,215.37659629918832,-187.3069362538644,,,6.053189753630283,7.905210507133355,6.816984750496372,,
1786109400,57.525,58.045,57.11,57.5,57.15364764696365,56.519169181439864,57.15364764696365,56.519169181439864,0,0,0,0,0,64.36500000000001,54.77499999999999,68.28,50.85999999999999,58.69,57.98010679768218,56.33989320231781,,,,,21092719,0.78,0.68,-0.7487605107007598,0.766435853783471,-0.5052440846143073,-69.06652188873717,-71.26936040793711,-71.26936040793711,-11.727252084856865,-11.727252084856865,215.37659629918832,-187.3069362538644,,,6.820035894925762,7.8626546399879595,6.8169908466890385,,
1786368600,58.19,60.21,58.1,60.18,57.15560219711956,56.58241352726575,57.15560219711956,56.58241352726575,0,0,0,0,0,64.36500000000001,54.77499999999999,68.28,50.85999999999999,58.69,58.04025542190966,56.27974457809033,,,,,33677848,0.78,0.67,0.6287900643582194,1.370796999839101,-0.11848819242913851,-56.70181853386416,-44.45772817600484,-44.45772817600484,-22.63741078190619,-22.63741078190619,215.37659629918832,-187.3069362538644,,,5.204764235601236,7.758423643737499,6.813769614698853,,
1786455000,59.99,61.08,59.99,60.93,57.161291303618825,56.71655417325533,57.161291303618825,56.71655417325533,0,0,0,0,0,64.36500000000001,54.77499999999999,68.28,50.85999999999999,58.69,58.02556394442323,56.29443605557675,,,,,22400839,0.79,0.67,1.1734301711405482,1.592348800547005,0.22275009169819396,-25.30943858183621,-15.68696780032652,-15.68696780032652,-1.7860818371671812,-1.7860818371671812,215.37659629918832,-187.3069362538644,,,2.121063795072601,7.5373507084957385,6.804393579095205,,
1786541400,60.47,61.17,60.335,61.03,57.16765146085435,56.85882851940218,57.16765146085435,56.85882851940218,0,0,0,0,0,64.36500000000001,54.77499999999999,68.28,50.85999999999999,58.69,58.02449700083417,56.29550299916583,,,,,22584153,0.77,0.67,0.8198134426295477,1.7393795007773694,0.20230959819923822,-18.68216789946247,1.1797249481106853,1.1797249481106853,34.9131104449851,34.9131104449851,215.37659629918832,-187.3069362538644,,,1.5581660956110268,7.302872880539475,6.79391160610123,,
1786627800,60.52,61.125,60.23,61.06,57.17379121817532,56.99144700883739,57.17379121817532,56.99144700883739,0,0,0,0,0,64.36500000000001,54.77499999999999,68.28,50.85999999999999,58.69,58.0245021333011,56.29549786669889,,,,,20703554,0.76,0.68,0.7195843081683774,1.8222040939031472,0.15572160867818333,-22.3001163316301,20.59686900571566,20.59686900571566,59.43115712092562,59.43115712092562,215.37659629918832,-187.3069362538644,,,1.7294827867515128,7.084308563136025,6.783792867201431,,
1786714200,61.37,62.11,61.25,61.91,57.75915419106781,57.71261593374443,57.75915419106781,57.71261593374443,0,0,0,0,0,64.36500000000001,54.77499999999999,68.28,50.85999999999999,58.69,58.236244756611455,56.49375524338853,,,,,22777742,0.76,0.68,0.7981121405958856,1.898532162998168,0.19527320143423701,-17.489160676655583,46.82573190115528,46.82573190115528,99.28345769203452,99.28345769203452,215.37659629918832,-187.3069362538644,,,1.0660636407688526,6.848298958337312,6.772368832782984,,
1786973400,62.215,62.685,61.785,62.58,58.39104369183952,58.47271112099873,58.39104369183952,58.47271112099873,0,0,0,0,0,64.36500000000001,54.77499999999999,68.28,50.85999999999999,58.69,58.515827987958524,56.78917201204148,,,,,23550295,0.77,0.68,1.3058812322694773,2.080172237297928,0.5269175378523889,-20.8409449312382,79.33846330618881,79.33846330618881,144.3639261162559,144.3639261162559,215.37659629918832,-187.3069362538644,,,1.2703739213806355,6.629556800025286,6.761375835957005,,
1787059800,63.41,63.71,63.115,63.68,59.424811385291676,59.64248131617405,59.424811385291676,59.64248131617405,0,0,0,1,0,64.36500000000001,54.77499999999999,68.28,50.85999999999999,58.69,59.03431318426657,57.295686815733426,,,,,27280522,0.77,0.69,1.7764397508476648,1.9244304096136213,0.7438333176645991,-14.555637436301721,113.48392115612715,113.48392115612715,181.77483685600384,181.77483685600384,215.37659629918832,-187.3069362538644,,,0.8872487437185893,6.404368248797573,6.749639318290195,,
1787146200,63.85,64.25,63.4,63.58,59.43275941449189,59.789944793971145,59.43275941449189,59.789944793971145,0,0,0,1,0,64.36500000000001,54.77499999999999,68.28,50.85999999999999,58.69,59.30476887881966,57.56523112118034,,,,,25537822,0.77,0.69,2.214288084663754,1.6771212553598438,0.7867311617244762,-7.213413242769053,142.77592861383715,142.77592861383715,201.35994352925715,201.35994352925715,215.37659629918832,-187.3069362538644,221.35994352925715,,0.43969849246231335,6.170459630902072,6.737032043912917,,
1787232600,64.25,64.7,63.69,63.75,59.50646729334083,60.00605812954705,59.50646729334083,60.00605812954705,0,0,0,1,0,64.36500000000001,54.77499999999999,68.28,50.85999999999999,58.69,59.51279592426352,57.80720407573647,,,,,24304126,0.75,0.68,1.9560485699967498,1.9140092165029896,0.7887273284323036,-1.5440341354606684,165.90269046459548,165.90269046459548,212.1562141661121,212.1562141661121,215.37659629918832,-187.3069362538644,232.1562141661121,,0.0941176470588271,5.932171709967043,6.723759487675446,,
1787319000,63.905,64.3,63.35,63.64,59.51415467137612,60.13734996760403,59.51415467137612,60.13734996760403,0,0,0,1,0,64.36500000000001,54.77499999999999,68.28,50.85999999999999,58.69,59.50814671454209,57.81185328545789,,,,,27798587,0.73,0.68,2.177430310635543,1.8296286129882773,0.9342190780364333,-10.293560903070697,181.18817848480853,181.18817848480853,211.7591545252346,211.7591545252346,215.37659629918832,-187.3069362538644,231.7591545252346,,0.6274509803921546,5.724143446062145,6.711579051097457,,
1787578200,63.24,63.72,62.56,63.11,59.52026405265209,60.232822517894064,59.52026405265209,60.232822517894064,0,0,0,1,0,64.36500000000001,54.77499999999999,68.28,50.85999999999999,58.69,59.510187875525816,57.809812124474185,,,,,23010358,0.74,0.68,0.9940487420893283,1.3233713145912904,0.897089063945388,-30.62334368663537,179.97974680934075,179.97974680934075,180.78536792631928,180.78536792631928,215.37659629918832,-187.3069362538644,,,1.866666666666663,5.572869846870166,6.70189890647322,,
1787664600,62.2,62.785,62.04,62.06,59.525332655943494,60.304362811309986,59.525332655943494,60.304362811309986,0,0,0,0,0,64.36500000000001,54.77499999999999,68.28,50.85999999999999,58.69,59.49322130991943,57.82677869008057,,,,,27426442,0.75,0.68,0.3880011090227264,1.083807734368706,0.6754326684887945,-44.0049728606274,122.34878246752659,122.34878246752659,161.3065061067217,161.3065061067217,215.37659629918832,-187.3069362538644,,,2.6823529411764717,5.459516242725315,6.693867845603497,,
1787751000,61.43,63.02,61.31,62.43,59.52894717611144,60.344756426552735,59.52894717611144,60.344756426552735,0,0,0,0,0,64.36500000000001,54.77499999999999,68.28,50.85999999999999,58.69,59.48523155075544,57.83476844924456,,,,,24398571,0.75,0.68,0.47980128336270744,1.2674252579592908,0.9389730051326339,-62.35549473412153,70.70510381937805,70.70510381937805,131.10603867760716,131.10603867760716,215.37659629918832,-184.51578095495282,,,3.827450980392153,5.395513683418132,6.688140738979698,,
1787837400,62.23,62.72,61.55,62.29,59.533029199735594,60.392883625511445,59.533029199735594,60.392883625511445,0,0,0,0,0,64.36500000000001,54.77499999999999,68.28,50.85999999999999,58.69,59.48552850843741,57.83447149156258,,,,,29603990,0.76,0.67,0.42166875277872073,1.1169812494922151,0.914795404530766,-56.22216738322446,28.12538945690094,28.12538945690094,96.77915560403842,96.77915560403842,215.37659629918832,-184.51578095495282,,,3.4509803921568674,5.3192574759176905,6.681672886138893,,
1787923800,62.35,62.74,62.118,62.68,59.538226583951904,60.46117524804041,59.538226583951904,60.46117524804041,0,0,0,0,0,64.36500000000001,54.77499999999999,68.28,50.85999999999999,58.69,59.480453622608835,57.83954637739116,,,,,20624540,0.75,0.67,0.2604819077129329,1.048170102664627,0.8509319463265207,-41.70662598610094,6.898373268851852,6.898373268851852,66.8188948256429,66.8188948256429,215.37659629918832,-184.51578095495282,,,2.5599999999999965,5.211051300391507,6.673437775477277,,
1788183000,63.8,64.44,63.14,63.96,59.74117338092894,60.757904551901134,59.74117338092894,60.757904551901134,0,0,0,0,0,64.36500000000001,54.77499999999999,68.28,50.85999999999999,58.69,59.483245208584414,57.83675479141558,,,,,27148838,0.76,0.67,0.4712574286390942,1.2819528573229217,0.9348491296872423,-21.44942800234038,27.961337892990745,27.961337892990745,53.86637584809218,53.86637584809218,215.37659629918832,-131.75301952816554,,,1.2820512820512826,5.0569728682997335,6.662665774491411,,
1788269400,64.87,64.95,64.05,64.77,60.50485726135785,61.62656238504003,60.50485726135785,61.62656238504003,0,0,0,0,0,68.495,61.075,72.29,57.28,64.87,59.61077174688709,57.95922825311291,,,,,33275948,0.75,0.67,0.3662460461137635,1.3240383032785996,0.9750867604531303,-17.67906497255857,55.72759914979568,55.72759914979568,59.45004575320267,59.45004575320267,215.37659629918835,-112.06935888660863,,,1.1116257526632682,4.902253373568891,6.651574785436809,,
1788355800,64.27,65.345,64.25,65.1,60.82001042953775,62.03144685176785,60.82001042953775,62.03144685176785,0,0,0,0,0,68.495,61.075,72.29,57.28,64.87,59.807271385114774,58.15772861488524,,,,,27401415,0.75,0.67,0.5121580089865423,1.2326806584543055,1.0334185581748774,-20.765320074494817,65.81491112380893,65.81491112380893,85.9895350718354,85.9895350718354,215.37659629918835,-112.06935888660863,,,1.3056835637480713,4.761211420242585,6.640893684094774,,
1788442200,65.12,65.52,64.5825,64.62,60.82753823087734,62.131691092874995,60.82753823087734,62.131691092874995,0,0,0,0,0,68.495,61.075,72.29,57.28,64.87,59.89866515897274,58.241334841027246,,,,,24079406,0.76,0.67,0.2918634702634335,1.0896101616281697,0.9857577183456226,-13.173172268624043,77.88441738531112,77.88441738531112,102.02342990831553,102.02342990831553,215.37659629918835,-107.96026319184946,,,0.7949308755760344,4.60567100672625,6.629213438723108,,
1788528600,64.04,64.33,63.375,64.06,60.832662530116345,62.18112477550735,60.832662530116345,62.18112477550735,0,0,0,0,0,68.495,61.075,72.29,57.28,64.87,59.88858449893681,58.25141550106318,,,,,26289553,0.77,0.67,0.14235335591168566,0.9274253476690554,0.7911338860544501,-43.91057422874681,80.92959743291198,80.92959743291198,87.0199575281137,87.0199575281137,215.37659629918835,-107.96026319184946,,,2.649769585253448,4.528968990197905,6.6212625019529385,,