time,open,high,low,close,Trend,Trade,Trend,Trade,Buy,Buy,Mega Buy,Sell,Mega Sell,Up Target 1,Down Target 1,Up Target 2,Down Target 2,Period Open,Bullish Trend,Bearish Trend,Range High,Range Low,LT Range High,LT Range Low,Volume,Hurst Exponent 64,Hurst Exponent 256,Period 1,Period 2,Period 3,Vixfix,PlotCandle (Open),PlotCandle (High,PlotCandle (Low),PlotCandle (Close),Plot,Plot,Plot,Plot,Volatility,Trade,Trend,52-weeks high,52-weeks low
1533821400,90.13,90.38,89.925,90.02,86.8481531915688,88.4666130951257,86.8481531915688,88.4666130951257,0,0,0,1,1,92.215,85.715,95.38,82.55,88.88,86.53119312672473,85.41880687327527,,,,,5680303,0.69,0.66,0.5655594722395895,1.675329424964433,1.3487053483873899,-13.354497337983021,199.55985559701088,199.55985559701088,222.58550864395892,222.58550864395892,227.80514504653362,-219.77345210599884,242.58550864395892,,0.21637816245007477,1.8531821823139472,3.66721678438985,,
1533907800,89.69,90.16,89.32,89.63,86.85310793044678,88.5003929737482,86.85310793044678,88.5003929737482,0,0,0,0,1,92.215,85.715,95.38,82.55,88.88,86.51536184193593,85.43463815806406,,,,,5389456,0.66,0.65,0.6689361751617774,1.5484215274830828,1.106910614047248,-54.78768138659571,188.21153260316407,188.21153260316407,195.7770812657286,195.7770812657286,227.80514504653362,-219.77345210599884,,,0.8877052818464395,1.8153203430799272,3.661663314854299,,
1534167000,89.73,90.085,89.425,89.66,86.85826046205428,88.53692462183652,86.85826046205428,88.53692462183652,0,0,0,0,1,92.215,85.715,95.38,82.55,88.88,86.51221706560435,85.43778293439564,,,,,6563902,0.66,0.67,0.6615616164996565,1.5134603868021943,1.122353000376727,-47.59679820460486,144.9686983286946,144.9686983286946,178.8409536200506,178.8409536200506,227.80514504653362,-219.77345210599884,,,0.7711939636040916,1.774374210551463,3.6558881513153376,,
1534253400,89.79,90.24,89.7,90.08,86.86394665493728,88.58270012686253,86.86394665493728,88.58270012686253,0,0,0,0,1,92.215,85.715,95.38,82.55,88.88,86.49086029297254,85.45913970702746,,,,,5497737,0.67,0.67,0.4830782731372453,1.6384576699736317,1.5900428122871817,-28.763532727962456,131.11955417836532,131.11955417836532,162.9338204728222,162.9338204728222,227.80514504653362,-219.77345210599884,,,0.46604527296937603,1.7230671933913813,3.64951483887109,,
1534339800,89.8,90.04,89.36,89.93,86.86894895932302,88.6134805140444,86.86894895932302,88.6134805140444,0,0,0,0,0,92.215,85.715,95.38,82.55,88.88,86.48985836422553,85.46014163577448,,,,,6829302,0.66,0.66,0.42585823811689016,1.598207996019509,1.47898103383063,-52.048297317265536,107.10903667722823,107.10903667722823,144.3255592076242,144.3255592076242,227.80514504653362,-219.77345210599884,,,0.8433200177541113,1.688567304150704,3.6439080560117154,,
1534426200,90.19,90.93,90.08,90.81,87.53915880716185,89.32313626722936,87.53915880716185,89.32313626722936,0,0,0,0,0,92.215,85.715,95.38,82.55,88.88,86.77436525323915,85.72563474676085,,,,,6916702,0.66,0.67,0.6781454255100514,1.6220969807659882,1.4118421288458405,-47.41323798698253,118.17084461166178,118.17084461166178,135.60732100897005,135.60732100897005,207.95252225521082,-219.77345210599879,,,0.8038762250853473,1.6538735363442196,3.638233666739135,,
1534512600,90.74,91.3749,90.53,91.09,87.81452122858563,89.63529872077537,87.81452122858563,89.63529872077537,0,0,0,0,0,92.215,85.715,95.38,82.55,88.88,86.99833807702402,85.94656192297597,,,,,5455285,0.66,0.67,0.5714615267720837,1.367274962729532,1.5983885856768547,-36.25999635006191,135.88033720658967,135.88033720658967,136.42636960182892,136.42636960182892,207.95252225521082,-219.77345210599879,,,0.6147765945767947,1.6131246366670657,3.6321927934680813,,
1534771800,91.3,91.56,91.25,91.39,88.11002265971332,89.98230743705135,88.11002265971332,89.98230743705135,0,0,0,1,0,92.215,85.715,95.38,82.55,88.88,87.09180199672606,86.03819800327392,,,,,8144869,0.65,0.67,0.6334765453229887,1.2704408636590219,1.548424635707695,-8.519753450682789,141.88619131466294,141.88619131466294,153.89789953080947,153.89789953080947,183.54942998128715,-219.7734521059988,,,0.15318962687383803,1.555872283341841,3.6252417381901707,,
1534858200,91.62,91.66,91.195,91.39,88.1161903467069,90.02994047873561,88.1161903467069,90.02994047873561,0,0,0,1,0,92.215,85.715,95.38,82.55,88.88,87.14103998516175,86.08896001483824,,,,,6395926,0.64,0.67,0.6309041105992597,1.1813603896359726,1.560562391390806,-11.866799449165715,148.34099141468963,148.34099141468963,161.25059161474297,161.25059161474297,183.54942998128715,-219.7734521059988,,,0.21337126600285303,1.503225184622665,3.6184248141698165,,
1534944600,91.18,91.68,91.07,91.48,88.20870286100627,90.1560716499943,88.20870286100627,90.1560716499943,0,0,0,1,0,92.215,85.715,95.38,82.55,88.88,87.15078047695934,86.09921952304066,,,,,3954306,0.64,0.67,0.638195781181138,1.471528858164832,1.5306071553907112,-24.926159490110734,155.3050903572399,155.3050903572399,169.23328824234042,169.23328824234042,183.54942998128715,-219.7734521059988,,,0.4481853957149222,1.461851075253734,3.612090669477599,,
1535031000,91.43,91.67,91.23,91.45,88.21474441373154,90.19828452646512,88.21474441373154,90.19828452646512,0,0,0,1,0,92.215,85.715,95.38,82.55,88.88,87.14776839618986,86.10223160381014,,,,,6058378,0.63,0.67,0.6834611217762132,1.1987333769053177,1.429669266791625,-15.198877737871996,165.02591105292078,165.02591105292078,184.46755244428257,184.46755244428257,183.54942998128715,-219.7734521059988,,,0.27328377787494534,1.4152405930035854,3.605419726637234,,
1535117400,91.66,91.89,91.485,91.89,88.61586214290315,90.6373051603923,88.61586214290315,90.6373051603923,0,0,0,1,0,92.215,85.715,95.38,82.55,88.88,87.25354452544236,86.20645547455761,,,,,4029139,0.64,0.68,1.1009239687516998,1.295020267569372,1.5143247727436802,-24.512321291174942,185.57412999954812,185.57412999954812,226.67056789280284,226.67056789280284,183.54942998128715,-219.7734521059988,246.67056789280284,,0.4407443682664067,1.377025054778598,3.5990966989481814,,
1535376600,92.22,92.29,91.83,92.22,88.9398976924013,90.99696695210547,88.9398976924013,90.99696695210547,0,0,0,1,0,92.215,85.715,95.38,82.55,88.88,87.80042754009303,86.77957245990699,,,,,4671309,0.66,0.67,1.2464096233972808,1.552182904409626,1.7084813404650931,-23.519991361076016,209.66841082310296,209.66841082310296,257.8569724702126,257.8569724702126,183.54942998128715,-219.7734521059988,277.8569724702126,,0.422901756668836,1.339608454852725,3.5927506551074635,,
1535463000,92.36,92.39,92.07,92.27,88.99428088066553,91.08652722451167,88.99428088066553,91.08652722451167,0,0,0,1,0,92.215,85.715,95.38,82.55,88.88,87.83000316287266,86.84999683712735,,,,,4954106,0.68,0.67,1.1332311364329557,1.5158084625982442,1.9268106090586425,-12.05499803152097,229.40525017543777,229.40525017543777,268.87892888010737,268.87892888010737,183.54942998128715,-219.7734521059988,288.87892888010737,,0.2167551750298069,1.2955749928988851,3.5860054093930227,,
1535549400,92.29,92.965,92.19,92.87,89.57822240611908,91.69914399889488,89.57822240611908,91.69914399889488,0,0,0,1,0,92.215,85.715,95.38,82.55,88.88,88.1014445928732,87.15355540712682,,,,,5338515,0.67,0.67,1.531485161076869,1.6861458149612143,1.981985951557989,-40.722190938437386,244.1971999410798,244.1971999410798,273.7810994723638,273.7810994723638,183.54942998128715,-219.7734521059988,293.7810994723638,,0.7322063098955602,1.2734821033693429,3.5803035130903305,,
1535635800,92.8,93.11,92.6,92.8,89.58426531839457,91.73457756756568,89.58426531839457,91.73457756756568,0,0,0,1,0,92.215,85.715,95.38,82.55,88.88,88.16302749220677,87.23697250779324,,,,,5266116,0.71,0.68,1.0542723567694785,1.8756042705453302,2.1587347108198265,-16.169105225556468,253.43227534732583,253.43227534732583,271.9024261598179,271.9024261598179,183.54942998128715,-219.7734521059988,291.9024261598179,,0.2907289759879511,1.2349427650406608,3.5737309365926233,,
1535722200,92.58,92.86,92.4,92.78,89.58990055252366,91.76085687864153,89.58990055252366,91.76085687864153,0,0,0,1,1,92.215,85.715,95.38,82.55,88.88,88.16294823649397,87.23705176350603,,,,,5808393,0.7,0.68,0.9017386411993834,1.9470674584595213,2.0941486650888694,-28.14622020744902,255.14752102099814,255.14752102099814,258.5780123683428,258.5780123683428,183.54942998128715,-219.7734521059988,278.5780123683428,,0.5060837730160427,1.206360059471068,3.567601771430632,,
1536067800,92.7,92.76,91.82,92.04,89.59437727469643,91.7635879814399,89.59437727469643,91.7635879814399,0,0,0,0,0,95.4,90.41,97.69,88.12,92.7,88.17325308825386,87.22674691174616,,,,,6875469,0.68,0.67,0.34345591523245333,1.635483752574282,1.7102673512262765,-62.879853654940135,206.5600075351185,206.5600075351185,238.9516831923716,238.9516831923716,183.54942998128715,-219.7734521059988,258.9516831923716,,1.1306126843975572,1.2033895741740674,3.562732662365631,,
1536154200,91.97,92.41,91.795,92.41,89.59879560181992,91.76524139393246,89.59879560181992,91.76524139393246,0,0,0,0,0,95.4,90.41,97.69,88.12,92.7,88.16178441140028,87.23821558859973,,,,,10218935,0.68,0.67,0.5386473095929267,1.486415060265004,1.7080905688097456,-64.37699302767626,153.86284902109387,153.86284902109387,210.58873846861235,210.58873846861235,183.54942998128715,-219.7734521059988,,,1.1575320340260609,1.2015912392663024,3.557927066704613,,
1536240600,92.4,92.6,91.85,92.41,89.60331389232577,91.76896526083706,89.60331389232577,91.76896526083706,0,0,0,0,0,95.4,90.41,97.69,88.12,92.7,88.16204948609453,87.23795051390547,,,,,5940322,0.71,0.67,0.49317485278013434,1.1222150002302995,1.995263295125585,-61.08328640765607,112.25626505974449,112.25626505974449,177.81124733232306,177.81124733232306,183.54942998128715,-219.7734521059988,,,1.0983094648433402,1.1975409736026568,3.553012745821773,,
1536327000,92.19,92.64,92.05,92.55,89.60821875967378,91.78030779962776,89.60821875967378,91.78030779962776,0,0,0,0,0,95.4,90.41,97.69,88.12,92.7,88.15948539667504,87.24051460332497,,,,,5591062,0.7,0.67,0.5865503163422442,1.2551598667013955,2.0421982154925082,-42.54127703936776,90.55165029481368,90.55165029481368,148.72471498648662,148.72471498648662,183.54942998128715,-165.85411676293975,,,0.8829546678152336,1.1852042557286402,3.547677964447135,,
1536586200,92.78,92.95,92.22,92.31,89.61345009082328,91.7978055329757,89.61345009082328,91.7978055329757,0,0,0,0,0,95.4,90.41,97.69,88.12,92.7,88.16146279752653,87.2385372024735,,,,,4233993,0.76,0.66,0.2225290576200177,1.3901097799979527,2.2454841384819693,-33.615261896078735,81.37207926097886,81.37207926097886,126.27383641131738,126.27383641131738,183.54942998128715,-119.63963963963047,,,0.6999030903413435,1.166172837478158,3.5419881045588117,,
1536672600,92.15,92.41,91.84,92.23,89.61791932141104,91.79986413952567,89.61791932141104,91.79986413952567,0,0,0,0,0,95.4,90.41,97.69,88.12,92.7,88.16161070426466,87.23838929573536,,,,,5683869,0.76,0.67,0.005334321913754176,1.3618339014379999,2.4221100675874556,-46.05025501979734,37.86748341687208,37.86748341687208,96.80505207983562,96.80505207983562,183.54942998128712,-78.56154910096066,,,1.1090772046947357,1.1639337930552787,3.5371271437199225,,
1536759000,92.29,92.86,92.11,92.69,89.62291368840123,91.81232436934819,89.62291368840123,91.81232436934819,0,0,0,0,0,95.4,90.41,97.69,88.12,92.7,88.16323709472272,87.23676290527729,,,,,11056597,0.75,0.67,0.2246822259546162,1.2049218316112373,2.3745875453600798,-45.940102451557564,42.644094151940784,42.644094151940784,78.75139943720401,78.75139943720401,183.54942998128715,-50.65995269702577,,,0.8183482287067998,1.1503814179827894,3.5316950180156006,,
1536845400,93.09,93.84,93,93.84,90.56389272959248,92.78057618770536,90.56389272959248,92.78057618770536,0,0,0,0,0,95.4,90.41,97.69,88.12,92.7,88.54390794349146,87.58609205650853,,,,,10603828,0.71,0.66,0.5083624950037406,1.5448257259967053,2.5996795509130406,-62.12028101009656,75.87149583861813,75.87149583861813,77.79143157100872,77.79143157100872,239.42208462334065,12.043010752704134,,,0.8951406649616405,1.1403719766878424,3.526427177150358,,
1536931800,93.92,93.92,93.36,93.53,90.56948894791498,92.80348692544241,90.56948894791498,92.80348692544241,0,0,0,0,0,95.4,90.41,97.69,88.12,92.7,88.58571308379518,87.62428691620482,,,,,5929022,0.71,0.66,0.38548269050243184,1.346803135204663,2.6983544929616863,-43.858019064044925,85.53779821695022,85.53779821695022,101.03053150883323,101.03053150883323,239.42208462334065,12.043010752704134,,,0.5115089514066539,1.1157106815787763,3.5204033645115094,,
1537191000,93.53,93.54,93.075,93.19,90.57451024871834,92.8144344969937,90.57451024871834,92.8144344969937,0,0,0,0,0,95.4,90.41,97.69,88.12,92.7,88.57305717917733,87.63694282082268,,,,,5543053,0.71,0.66,0.21617913100305283,1.0629568982852673,2.516784979237378,-69.89871788332107,92.20212932799376,92.20212932799376,105.53079155008085,105.53079155008085,239.42208462334065,12.043010752704134,,,0.8152173913043483,1.103926630979779,3.5149983975320747,,
1537277400,93.19,93.97,93.05,93.73,90.57947206640323,92.82398216377825,90.57947206640323,92.82398216377825,0,0,0,0,0,95.4,90.41,97.69,88.12,92.7,88.600391910985,87.659608089015,,,,,5423032,0.66,0.65,0.9102536230896421,1.1961394626056094,2.407691999460222,-72.1829897095739,99.44263172706674,99.44263172706674,113.9236365252127,113.9236365252127,239.42208462334065,12.043010752704134,,,0.8418584825234507,1.093649448687374,3.5096574586409486,,
1537363800,93.67,93.865,93.5,93.6,90.58531408025657,92.85062600049284,90.58531408025657,92.85062600049284,0,0,0,0,0,95.4,90.41,97.69,88.12,92.7,88.60147951226422,87.65852048773577,,,,,4186602,0.67,0.65,0.6385227512899693,1.1517290985679771,2.1041034080411714,-31.066096837031875,112.76169180859564,112.76169180859564,139.39981197165343,139.39981197165343,239.42208462334065,12.043010752704134,,,0.36231884057971375,1.0649698169968775,3.5033690697936732,,
1537450200,93.87,94.57,93.8144,94.51,91.23724961936405,93.52563240645368,91.23724961936405,93.52563240645368,0,0,0,0,0,95.4,90.41,97.69,88.12,92.7,88.90431262882527,87.95568737117475,,,,,5083129,0.64,0.64,1.156250060868969,1.4309819441468028,2.217930762286799,-63.10700709888474,133.14033973584685,133.14033973584685,173.8976355903493,173.8976355903493,239.42208462334065,12.043010752704134,,,0.7360067717701818,1.0520693054193602,3.497839874393027,,
1537536600,94.39,94.48,94.07,94.27,91.24291825149318,93.54715270423982,91.24291825149318,93.54715270423982,0,0,0,0,0,95.4,90.41,97.69,88.12,92.7,88.90567341449199,87.95432658550803,,,,,8623345,0.62,0.65,0.9441315863251366,1.3847449743958928,2.4159156278139284,-39.91817585323474,151.83780534860702,151.83780534860702,189.23273657412733,189.23273657412733,239.42208462334065,12.043010752704134,,,0.46555920008465973,1.0290689091317249,3.4917813715472557,,
1537795800,94.21,94.65,94.075,94.46,91.2485854477939,93.56802318642649,91.2485854477939,93.56802318642649,0,0,0,0,0,95.4,90.41,97.69,88.12,92.7,88.92991648125091,88.01008351874908,,,,,5392620,0.63,0.64,1.220172108467868,1.6299132542217571,2.4206902819060963,-39.464560218538026,166.62951839664302,166.62951839664302,196.212944492715,196.212944492715,239.42208462334065,12.043010752704134,,,0.46026875462914213,1.0067630207198588,3.485724403281685,,
1537882200,94.59,94.73,94.07,94.17,91.25423143091518,93.58788110068427,91.25423143091518,93.58788110068427,0,0,0,0,0,95.4,90.41,97.69,88.12,92.7,88.97009823399897,88.04990176600104,,,,,5199261,0.61,0.64,1.1158622104587848,1.540629568548848,2.3821869054679836,-39.91817585323474,173.96451926342695,173.96451926342695,188.63452099699478,188.63452099699478,239.42208462334065,12.043010752704134,,,0.46555920008465973,0.9855393414792628,3.4796901071714013,,
1537968600,94.35,95.12,94.1801,94.38,91.26008391357071,93.6112347437947,91.26008391357071,93.6112347437947,0,0,0,0,0,95.4,90.41,97.69,88.12,92.7,89.15117979735967,88.25882020264035,,,,,10880503,0.61,0.64,0.9727843547319505,1.4704227232813816,2.38979130863197,-29.92955957723216,191.23737852353068,191.23737852353068,225.7830970437381,225.7830970437381,239.42208462334065,12.043010752704134,245.7830970437381,,0.3490635911543849,0.9605795081331892,3.473435109137401,,
1538055000,94.51,95.12,94.4,94.86,91.60365595650012,93.97542373439512,91.60365595650012,93.97542373439512,0,0,0,0,0,95.4,90.41,97.69,88.12,92.7,89.36848312999503,88.47151687000499,,,,,7168813,0.61,0.64,0.5796887842230927,1.687968833548662,2.4718909828686804,-41.578659650321256,213.48612430540956,213.48612430540956,257.9836158691673,257.9836158691673,239.42208462334065,12.043010752704134,277.9836158691673,,0.48492515285683513,0.9419263961615674,3.467464060273704,,
1538141400,94.67,95.21,94.63,95.15,91.88919836794796,94.27732654356619,91.88919836794796,94.27732654356619,0,0,0,0,0,95.4,90.41,97.69,88.12,92.7,89.41384430041619,88.5161556995838,,,,,5995812,0.62,0.65,0.9348144563421498,1.4892128197763406,2.603755364605552,-46.85870959591022,234.10685055806462,234.10685055806462,275.3483030633748,275.3483030633748,239.42208462334065,12.043010752704134,295.3483030633748,,0.5465055176037942,0.9264196950416547,3.4616279792693683,,
1538400600,95.51,96.06,95.34,95.62,92.34908483671073,94.76653685732417,92.34908483671073,94.76653685732417,0,0,0,0,0,96.91749999999999,93.80250000000001,98.62499999999999,92.09500000000001,95.51,90.33444799368142,89.42555200631857,,,,,7307132,0.64,0.65,1.4085130398515184,1.5509249503478524,2.6406761231949374,-25.107592172827953,250.81394940541895,250.81394940541895,284.2281471001276,284.2281471001276,239.42208462334065,12.043010752704134,304.2281471001276,,0.2928257686676439,0.9015728743995366,3.4552967061213127,,
1538487000,95.62,95.7,95.33,95.51,92.35504650536866,94.78874717664479,92.35504650536866,94.78874717664479,0,0,0,0,0,96.91749999999999,93.80250000000001,98.62499999999999,92.09500000000001,95.51,90.54194664066911,89.6280533593309,,,,,5572670,0.63,0.65,1.0458377013835922,1.4333782813204505,2.7515605759836372,-26.00429189328655,258.858189063219,258.858189063219,274.9466683788192,274.9466683788192,239.42208462334065,12.043010752704134,294.9466683788192,,0.3032838318343508,0.8781105590048234,3.4489989781007595,,
1538573400,95.83,96,95.18,95.33,92.36069955930398,94.80426297363911,92.36069955930398,94.80426297363911,0,0,0,0,0,96.91749999999999,93.80250000000001,98.62499999999999,92.09500000000001,95.51,91.03158503082985,90.12841496917015,,,,,6367826,0.6,0.65,1.045012788966876,1.4073051215017156,2.8153822723394204,-39.45478770015785,254.20875111470414,254.20875111470414,257.3083764137141,257.3083764137141,239.42208462334065,12.043010752704134,277.3083764137141,,0.4601547793348648,0.8617201362726682,3.4430272614199087,,
1538659800,95.26,95.295,93.9144,94.4,92.36383793381087,94.77003524918268,92.36383793381087,94.77003524918268,0,0,0,0,0,96.91749999999999,93.80250000000001,98.62499999999999,92.09500000000001,95.51,91.59035632849903,90.68964367150097,,,,,10976848,0.56,0.65,-0.0648350542434604,1.0265758058906767,2.7844633060285244,-128.6177166424324,190.08185055240293,190.08185055240293,234.8995344599437,234.8995344599437,239.42208462334065,-1.093045498007939,,,1.7837272537126165,0.8978772781330583,3.4397119766892246,,
1538746200,94.48,94.97,93.7,94.29,92.36654594992713,94.72882602372454,92.36654594992713,94.72882602372454,0,0,0,0,0,96.91749999999999,93.80250000000001,98.62499999999999,92.09500000000001,95.51,91.5862344410722,90.69376555892781,,,,,12291090,0.58,0.65,0.012194897280452421,1.0306131056973455,2.5226544734978753,-137.64319146648583,122.2115474913708,122.2115474913708,197.33687213708606,197.33687213708606,239.42208462334065,-17.970683418987846,,,2.007948128006695,0.9414094683241813,3.43685130965889,,
1539005400,94.17,94.52,93.46,94.25,92.36877383014706,94.67991519926476,92.36877383014706,94.67991519926476,0,0,0,0,0,96.91749999999999,93.80250000000001,98.62499999999999,92.09500000000001,95.51,91.58576079818172,90.69423920181826,,,,,11924047,0.61,0.65,-0.12810772953622435,0.854450886726428,2.759653236003227,-144.26579774528,61.95648773543748,61.95648773543748,152.21007733653653,152.21007733653653,239.42208462334065,-30.354957160332958,,,2.258941644007541,0.9930773967823522,3.434497843793453,,
1539091800,94,94.74,93.71,94.41,92.37149176455236,94.64262832870536,92.37149176455236,94.64262832870536,0,0,0,0,0,96.91749999999999,93.80250000000001,98.62499999999999,92.09500000000001,95.51,91.71843577623535,90.85156422376464,,,,,7463876,0.61,0.64,0.14687722267156605,0.7901583794980698,2.546473129461055,-127.56836745068749,20.811311139536414,20.811311139536414,108.41048860420317,108.41048860420317,239.42208462334065,-30.354957160332958,,,1.997490064840003,1.0324661288630443,3.4316266993799593,,
1539178200,94.4,94.51,92.12,92.18,92.37105921357423,94.54507427659925,92.37105921357423,94.54507427659925,0,0,0,0,0,96.91749999999999,93.80250000000001,98.62499999999999,92.09500000000001,95.51,91.7928430198155,90.77715698018449,,,,,22549315,0.66,0.65,-1.224507435099752,-0.029582854678618327,1.7809726700083055,-282.6639431993739,-39.965400958685045,-39.965400958685045,58.9518587499071,58.9518587499071,239.4220846233407,-289.15948915948843,,,3.6603221083455346,1.1355193045290244,3.4320836332640066,,
1539264600,91.93,92.14,89.04,89.69,92.36453521914152,94.33176940300713,92.36453521914152,94.33176940300713,0,0,0,0,0,96.91749999999999,93.80250000000001,98.62499999999999,92.09500000000001,95.51,91.88634121523967,90.68365878476033,,,,,46582163,0.76,0.65,-2.597338315857658,-0.9421328492633069,1.177616869360368,-323.30966114964906,-97.2559836303302,-97.2559836303302,6.882577956494671,6.882577956494671,239.4220846233406,-365.1669817265031,,,6.8814055636896025,1.3608481774372823,3.438975385372749,,
1539351000,90.77,91.41,90.02,91.07,92.35996272120117,94.16487648524215,92.35996272120117,94.16487648524215,0,0,0,0,0,96.91749999999999,93.80250000000001,98.62499999999999,92.09500000000001,95.51,91.90490307422533,90.66509692577468,,,,,20797355,0.73,0.64,-1.9978195430821102,-0.5014670318013694,1.2194077075514207,-275.1571584252337,-127.3768537111811,-127.3768537111811,-37.87056593273058,-37.87056593273058,239.4220846233406,-365.1669817265031,,,5.856515373352863,1.537148851786913,3.443805635098983,,
1539610200,90.92,91.32,90.37,90.44,92.35609166681316,94.01811662307578,92.35609166681316,94.01811662307578,0,0,0,0,0,96.91749999999999,93.80250000000001,98.62499999999999,92.09500000000001,95.51,91.90852285768243,90.66147714231757,,,,,13909713,0.73,0.65,-2.5089602410606324,-0.6743938802952281,1.0754573374628358,-257.95983602365624,-140.10863409619478,-140.10863409619478,-71.94992198721863,-71.94992198721863,239.4220846233406,-365.1669817265031,,,5.490483162518301,1.6921815698548106,3.4478949008880324,,
1539696600,91.14,93.08,91.13,92.92,92.35373164350284,93.90661793197478,92.35373164350284,93.90661793197478,0,0,0,0,0,96.91749999999999,93.80250000000001,98.62499999999999,92.09500000000001,95.51,91.97797537318785,90.59202462681216,,,,,13505912,0.71,0.65,-1.1739283962296758,0.23896600529743292,1.3371262049084949,-220.6170788088036,-117.12072747322996,-117.12072747322996,-87.00685714922241,-87.00685714922241,239.4220846233406,-365.1669817265031,,,4.695670361848995,1.809965444050661,3.4503879587520903,,
1539783000,92.86,93.64,92.39,93.41,92.35386864321612,93.84840938562283,92.35386864321612,93.84840938562283,0,0,0,0,0,96.91749999999999,93.80250000000001,98.62499999999999,92.09500000000001,95.51,91.97540469573222,90.59459530426776,,,,,14232285,0.71,0.65,-0.8710892434557304,0.270216222004201,1.3892273439957292,-158.70671816312583,-83.77455696127751,-83.77455696127751,-77.30995658538771,-77.30995658538771,239.4220846233406,-365.1669817265031,,,3.377954402844597,1.8714552071406192,3.4502432363626645,,
1539869400,93.36,93.37,91.61,92.35,92.35246251206085,93.76220117442193,92.35246251206085,93.76220117442193,0,0,0,0,0,96.91749999999999,93.80250000000001,98.62499999999999,92.09500000000001,95.51,92.03969148647633,90.63030851352369,,,,,14455855,0.7,0.65,-0.9369208604969143,-0.01617307850434223,1.2160393575422412,-197.03217951521196,-72.4388445656255,-72.4388445656255,-49.76741977432149,-49.76741977432149,239.4220846233406,-365.1669817265031,,,4.1936833298473175,1.9625229766585288,3.4517286311548414,,
1539955800,92.51,92.83,91.39,91.51,92.35062402552326,93.67083250091518,92.35062402552326,93.67083250091518,0,0,0,0,0,96.91749999999999,93.80250000000001,98.62499999999999,92.09500000000001,95.51,92.41682463527131,90.9831753647287,,,,,11318605,0.69,0.65,-1.2827716697633693,-0.2822711473666497,1.0795718596721142,-207.84192502477464,-62.12888022522708,-62.12888022522708,-41.50895154443023,-41.50895154443023,239.4220846233406,-365.1669817265031,,,4.42376071951475,2.059042103829361,3.4536707532095066,,
1540215000,91.5,91.67,90.34,90.76,92.34671228920853,93.54228220676166,92.34671228920853,93.54228220676166,0,0,0,0,0,96.91749999999999,93.80250000000001,98.62499999999999,92.09500000000001,95.51,92.54366457207888,91.10633542792112,,,,,8288278,0.69,0.65,-1.619901089063249,-0.42409851245358426,0.877214711690027,-259.4338922295057,-60.68746947579262,-60.68746947579262,-57.80464797692369,-57.80464797692369,239.4220846233406,-365.1669817265031,,,5.521857352018407,2.1948387802289315,3.4578029941661677,,
1540301400,89.6,90.71,88.88,90.27,92.33992045646286,93.36209074767295,92.33992045646286,93.36209074767295,0,0,0,0,0,96.91749999999999,93.80250000000001,98.62499999999999,92.09500000000001,95.51,92.55784949994967,91.14215050005032,,,,,15424486,0.67,0.65,-1.9318935411174394,-0.5405353265056904,0.8265360115488272,-323.309661149649,-81.31769533818903,-81.31769533818903,-67.56421142992475,-67.56421142992475,239.4220846233406,-365.1669817265031,,,7.048734574356838,2.385187634900614,3.464977682638077,,
1540387800,90.23,90.75,87.18,87.29,92.32977955644995,93.12296562031324,92.32977955644995,93.12296562031324,0,0,0,0,0,96.91749999999999,93.80250000000001,98.62499999999999,92.09500000000001,95.51,92.42479733192154,90.81520266807846,,,,,17432153,0.76,0.66,-2.1176767659727402,-1.3427271385708437,0.41661651429231694,-323.30966114964906,-112.79975708818387,-112.79975708818387,-82.64272664934445,-82.64272664934445,239.4220846233406,-365.1669817265031,,,8.826605312696085,2.6377922497161226,3.4756902253554753,,
1540474200,87.28,89.03,86.27,88.42,92.31785891797553,92.85788853716369,92.31785891797553,92.85788853716369,0,0,0,0,0,96.91749999999999,93.80250000000001,98.62499999999999,92.09500000000001,95.51,91.97529658565803,90.35470341434196,,,,,15725063,0.74,0.65,-0.5587268628200677,-1.3158019184734093,0.5517795123471613,-323.30966114964906,-135.3100688527535,-135.3100688527535,-100.19850738381413,-100.19850738381413,239.4220846233406,-365.1669817265031,,,9.778289060865935,2.917811732506311,3.48828283042143,,
1540560600,87.6,88.22,86.35,87.42,92.30612033871883,92.60631251609846,92.30612033871883,92.60631251609846,0,0,0,0,0,96.91749999999999,93.80250000000001,98.62499999999999,92.09500000000001,95.51,91.98571121076208,90.34428878923791,,,,,25507931,0.73,0.67,-1.5785854570271802,-1.4855258659610937,0.36743711325756817,-320.54337527885,-153.51829719249204,-153.51829719249204,-117.97177065337343,-117.97177065337343,239.4220846233406,-365.1669817265031,,,9.694624555532325,3.1835690981151745,3.500683113588485,,
1540819800,88.43,89.08,86.41,87.64,92.29452389448562,92.36693163311419,92.29452389448562,92.36693163311419,0,0,0,0,0,96.91749999999999,93.80250000000001,98.62499999999999,92.09500000000001,95.51,91.97726951644619,90.3527304835538,,,,,14024311,0.73,0.66,-1.2190553365235506,-1.3539074760133287,0.4796777290455594,-318.4686608757506,-161.36730756369627,-161.36730756369627,-132.43694962348104,-132.43694962348104,239.4220846233406,-365.1669817265031,,,9.631876176532113,3.436443885504074,3.5129332495783823,,
1540906200,87.65,88.72,87.2,88.58,92.2845132573338,92.16760882397247,92.2845132573338,92.16760882397247,0,0,0,0,0,96.91749999999999,93.80250000000001,98.62499999999999,92.09500000000001,95.51,91.9867061158495,90.34329388415047,,,,,15432052,0.72,0.64,-1.828174969242764,-1.2416672165725011,0.5607221545044269,-291.15158790160893,-152.67393778776906,-152.67393778776906,-139.18261234491038,-139.18261234491038,239.4220846233406,-365.1669817265031,,,8.805689186362688,3.6470025247534315,3.523508186515014,,
1540992600,89.29,89.65,88.63,88.7,92.27735119288359,92.03162024264022,92.27735119288359,92.03162024264022,0,0,0,0,0,96.91749999999999,93.80250000000001,98.62499999999999,92.09500000000001,95.51,91.98571988719956,90.34428011280042,,,,,13460681,0.72,0.64,-1.9738135549964853,-1.1831456082862917,0.7055285841922069,-238.1745778144693,-131.50819346521794,-131.50819346521794,-116.15935570583306,-116.15935570583306,239.4220846233406,-365.1669817265031,,,7.310186153524377,3.790656784705233,3.531073976658889,,
1541079000,89,89.97,88.97,89.82,92.27087596572498,91.9141645468504,92.27087596572498,91.9141645468504,0,0,0,0,0,93.89500000000001,81.375,98.79,76.47999999999999,89,91.99555350773035,90.33444649226963,,,,,9668637,0.73,0.64,-1.0606275906443525,-1.1092099360704175,0.9122262039242937,-220.58873670179534,-110.11685235026512,-110.11685235026512,-67.33417012035946,-67.33417012035946,239.4220846233406,-365.1669817265031,,,6.9546120058565215,3.9147334600444994,3.5379142124814615,,
1541165400,90.69,90.84,88.67,89.26,92.26382026948977,91.7896678979543,92.26382026948977,91.7896678979543,0,0,0,0,0,93.89500000000001,81.375,98.79,76.47999999999999,89,91.99832459573794,90.33167540426204,,,,,12952987,0.72,0.64,-0.9486578071715296,-1.1838569111981005,0.9400674836015438,-201.02483099033026,-82.14604835177526,-82.14604835177526,-26.204440354795558,-26.204440354795558,239.4220846233406,-365.1669817265031,,,7.268353900857563,4.0462479871352075,3.5453676384322628,,
1541428200,89.38,90.45,89.38,90.05,92.25818306615412,91.6976181764659,92.25818306615412,91.6976181764659,0,0,0,0,0,93.89500000000001,81.375,98.79,76.47999999999999,89,92.00452451558903,90.32547548441096,,,,,7783769,0.72,0.64,-0.3007597638264656,-1.0363009457057208,1.0401319879275521,-176.15939022323386,-49.3053727729676,-49.3053727729676,16.375978384647723,16.375978384647723,239.4220846233406,-365.1669817265031,,,6.525831416021761,4.143486552973896,3.551322611014859,,
1541514600,89.93,90.605,89.8,90.51,92.25338789519277,91.62548413032998,92.25338789519277,91.62548413032998,0,0,0,0,0,93.89500000000001,81.375,98.79,76.47999999999999,89,92.00634991908264,90.32365008091735,,,,,7980944,0.72,0.65,0.1021028806491666,-0.861743633311742,1.0813335497578205,-161.45025624833158,-11.901724678526435,-11.901724678526435,62.90557151035591,62.90557151035591,239.4220846233406,-365.1669817265031,,,6.086592763020296,4.219686796505128,3.556388085844041,,
1541601000,91.35,93.25,91.29,93.17,92.25154955773984,91.61402592914057,92.25154955773984,91.61402592914057,0,0,0,0,0,93.89500000000001,81.375,98.79,76.47999999999999,89,92.06829994358515,90.26170005641485,,,,,13310811,0.74,0.66,2.4614260435699045,-0.2704697681761689,1.374849920717127,-109.26785238498763,30.197200490708163,30.197200490708163,114.39505082917736,114.39505082917736,239.4220846233406,-365.1669817265031,,,4.528341351181759,4.231790896688525,3.55833005041015,,
1541687400,93,93.555,92.87,93.22,92.25284016801409,91.66435824564486,92.25284016801409,91.66435824564486,0,0,0,0,0,93.89500000000001,81.375,98.79,76.47999999999999,89,92.06652614515305,90.26347385484694,,,,,7345597,0.73,0.65,1.9839653295538715,-0.3647904430968181,1.3500180349374786,-19.114203201147767,69.81104405077537,69.81104405077537,149.03873117090978,149.03873117090978,239.4220846233406,-365.1669817265031,,,2.8759673708429196,4.1786213466553646,3.556966688413013,,
1541773800,93.11,93.26,92.5,92.95,92.25339633151455,91.6983520399333,92.25339633151455,91.6983520399333,0,0,0,0,0,93.89500000000001,81.375,98.79,76.47999999999999,89,92.06741603673605,90.26258396326394,,,,,8486522,0.73,0.65,2.3097661408944856,-0.48742403705552784,1.1713264500096288,-32.21097206119381,100.72298554766817,100.72298554766817,162.5468685414538,162.5468685414538,239.4220846233406,-365.1669817265031,,,3.2629157080108806,4.1427113216104825,3.556379173966655,,
1542033000,92.81,92.95,91.48,91.69,92.25193380138167,91.69141274424965,92.25193380138167,91.69141274424965,0,0,0,0,0,93.89500000000001,81.375,98.79,76.47999999999999,89,92.08048338027304,90.24951661972695,,,,,8423548,0.72,0.65,1.6691605960093228,-0.8570943911382906,0.7951033856457317,-68.31557810780666,117.05382635210013,117.05382635210013,149.71550796096406,149.71550796096406,239.4220846233406,-365.1669817265031,,,4.329638151014432,4.150041785508677,3.5579241469477694,,
1542119400,92,92.365,90.78,91.05,92.24908957800228,91.65756910722024,92.24908957800228,91.65756910722024,0,0,0,0,0,93.89500000000001,81.375,98.79,76.47999999999999,89,92.08399525075933,90.24600474924065,,,,,14226950,0.72,0.65,1.004125051848179,-0.9708495002018243,0.610977780112438,-93.09324892410979,112.95135622603675,112.95135622603675,115.686336310079,115.686336310079,239.4220846233406,-365.1669817265031,,,5.061702572683542,4.185793188927299,3.5609286992469418,,
1542205800,91.61,91.62,89.891,90.32,92.24449257584843,91.59053855399591,92.24449257584843,91.59053855399591,0,0,0,0,0,93.89500000000001,81.375,98.79,76.47999999999999,89,92.08197921680177,90.24802078319821,,,,,11664016,0.71,0.64,0.6586162344634181,-1.0941794208047364,0.463015062167581,-124.56089086081448,65.78808525231199,65.78808525231199,99.05358595749,99.05358595749,239.4220846233406,-365.1669817265031,,,5.991424388203304,4.256602255565574,3.565784834489612,,
1542292200,89.68,91.23,88.83,91.12,92.23780607719539,91.48494488521176,92.23780607719539,91.48494488521176,0,0,0,0,0,93.89500000000001,81.375,98.79,76.47999999999999,89,92.08691126860819,90.2430887313918,,,,,15563868,0.71,0.64,0.5202521976040305,-0.7210823142121845,0.6721366735665655,-162.1167604838112,24.63359065169268,24.63359065169268,74.24692085555756,74.24692085555756,239.4220846233406,-365.1669817265031,,,7.1010248901903426,4.368148241237134,3.5728482511843187,,
1542378600,90.96,92.48,90.91,92.04,92.23524722389429,91.4642450857917,92.23524722389429,91.4642450857917,0,0,0,0,0,93.89500000000001,81.375,98.79,76.47999999999999,89,92.09327952047836,90.23672047952162,,,,,11323185,0.7,0.64,1.1199007664979914,-0.49539073901492464,0.6594713824601004,-81.9329689137295,22.47482745787257,22.47482745787257,56.98955638966257,56.98955638966257,239.4220846233406,-365.1669817265031,,,4.925747751516427,4.390014888699067,3.5755513470890783,,
1542637800,92.13,92.19,90.47,90.87,92.23182315351688,91.42727469027045,92.23182315351688,91.42727469027045,0,0,0,0,0,93.89500000000001,81.375,98.79,76.47999999999999,89,92.10485713993695,90.22514286006302,,,,,8820959,0.7,0.64,0.3235366150822806,-0.7356445405783293,0.4702080821422517,-97.53924870682073,11.463942292345365,11.463942292345365,41.81435169055683,41.81435169055683,239.4220846233406,-365.1669817265031,,,5.3859025308512924,4.42906930603837,3.5791684323713207,,
1542724200,90.3,90.97,89.81,90.02,92.22710042993343,91.36613058476965,92.22710042993343,91.36613058476965,0,0,0,0,0,93.89500000000001,81.375,98.79,76.47999999999999,89,92.11071747559026,90.21928252440972,,,,,11604320,0.69,0.64,-0.19111425153045683,-0.9477187087417902,0.4266905615785821,-120.94866839645759,-21.820930257381065,-21.820930257381065,20.602591041244203,20.602591041244203,239.4220846233406,-365.1669817265031,,,6.076134699853589,4.493660105795829,3.5841573759626937,,
1542810600,90.31,90.32,89.485,89.51,92.22174428521828,91.29476664026888,92.22174428521828,91.29476664026888,0,0,0,0,0,93.89500000000001,81.375,98.79,76.47999999999999,89,92.11273678026531,90.21726321973468,,,,,9345117,0.69,0.64,-1.3836835755182515,-0.5890412731560539,0.29033633015331756,-132.47603415271834,-58.22031280140466,-58.22031280140466,-5.671710239638749,-5.671710239638749,239.4220846233406,-365.1669817265031,,,6.416021752771392,4.569046837049773,3.5898154466456282,,
1542983400,89.03,90.18,88.98,89.64,92.21539994099207,91.20659539947403,92.21539994099207,91.20659539947403,0,0,0,0,0,93.89500000000001,81.375,98.79,76.47999999999999,89,92.11110751470572,90.21889248529426,,,,,3939469,0.68,0.64,-1.3529043626900408,-0.01133857617677677,0.2982044271940071,-135.38523395901365,-83.3685798242834,-83.3685798242834,-31.57066676785363,-31.57066676785363,179.1088120519301,-365.16698172650314,,,6.944153942689814,4.662188292172912,3.5965174216626994,,
1543242600,90.36,90.75,89.98,90.51,92.21104629475631,91.16070538380838,92.21104629475631,91.16070538380838,0,0,0,0,0,93.89500000000001,81.375,98.79,76.47999999999999,89,92.1169897463355,90.21301025366448,,,,,7141247,0.7,0.64,-0.9254796193599165,-0.1251637280018094,0.4839700865054817,-103.45475425169907,-79.06309830047623,-79.06309830047623,-47.401477278727825,-47.401477278727825,179.1088120519301,-365.16698172650314,,,5.898347626019661,4.7106651287943535,3.601116483010066,,
1543329000,90.21,91.45,89.88,91.45,92.20650354491664,91.11273262365903,92.20650354491664,91.11273262365903,0,0,0,0,0,93.89500000000001,81.375,98.79,76.47999999999999,89,92.1246328239671,90.20536717603288,,,,,9261963,0.71,0.64,-0.09282429194275493,0.22865071770352927,0.639005241941454,-106.6478022224308,-47.150294672206094,-47.150294672206094,-46.64792945916264,-46.64792945916264,179.1088120519301,-365.16698172650314,,,6.002928257686686,4.761342114241112,3.6059153077346946,,
1543415400,91.72,93.68,91.7,93.65,92.20556987150023,91.13729997175083,92.20556987150023,91.13729997175083,0,0,0,0,0,93.89500000000001,81.375,98.79,76.47999999999999,89,92.15994905048545,90.17005094951453,,,,,11870393,0.73,0.64,0.9822291788557078,0.15601719489886515,0.8849139943117117,-61.97854426818948,-30.461757001731662,-30.461757001731662,2.915318339217208,2.915318339217208,179.1088120519301,-365.16698172650314,,,4.099560761347,4.7353899043236956,3.6069016123373165,,
1543501800,93.43,94.505,93.3,93.96,92.20780289873,91.22302154148609,92.20780289873,91.22302154148609,0,0,0,0,0,93.89500000000001,81.375,98.79,76.47999999999999,89,92.16054642949258,90.16945357050741,,,,,8796008,0.72,0.64,1.3864593568379637,0.11694950241604853,0.8143448437919079,-20.90814335981759,-4.550174834155328,-4.550174834155328,47.27298950099735,47.27298950099735,179.1088120519301,-365.16698172650314,,,2.4262706546747617,4.644836208259031,3.6045427093250035,,
1543588200,93.9037,95.87,93.8,95.87,92.45162255131758,91.55404221611101,92.45162255131758,91.55404221611101,0,0,0,0,0,93.89500000000001,81.375,98.79,76.47999999999999,89,92.18608120088071,90.14391879911928,,,,,15875944,0.73,0.65,1.7627389706524423,0.744137590649992,0.8905668655360951,-66.25177901737011,25.94895290055398,25.94895290055398,86.9472083699726,86.9472083699726,195.89960330701734,-365.1669817265032,,,2.159173881297598,4.547359254260543,3.601654859518755,,
1543847400,95.81,95.81,94.86,95.41,92.45645467409217,91.68408369783215,92.45645467409217,91.68408369783215,0,0,0,0,0,99.47,92.21000000000001,103.07000000000001,88.61,95.81,92.18320374166403,90.14679625833597,,,,,12158136,0.73,0.65,1.2429818790604275,0.8353085576331077,0.8697684333871409,-32.32574725002121,55.36748531862584,55.36748531862584,114.20455015476955,114.20455015476955,195.89960330701734,-365.1669817265032,,,1.053509961406076,4.410345556501545,3.5965636609211273,,
1543933800,95.39,95.92,93.11,93.28,92.45781560381427,91.74108433713285,92.45781560381427,91.74108433713285,0,0,0,0,0,99.47,92.21000000000001,103.07000000000001,88.61,95.81,92.21589800564104,90.11410199435896,,,,,15011336,0.72,0.64,0.8738288324189161,0.5281718879267312,0.6642552762417268,-88.33570535649334,74.30464620228457,74.30464620228457,112.17896796960207,112.17896796960207,195.89960330701734,-365.1669817265032,,,2.8788985083967926,4.350288809517044,3.595129764512487,,
1544106600,92.12,92.93,90.135,92.93,92.45328919901144,91.68034965724529,92.45328919901144,91.68034965724529,0,0,0,0,0,99.47,92.21000000000001,103.07000000000001,88.61,95.81,92.2168406785012,90.11315932149878,,,,,18492882,0.7,0.63,1.0665886379418679,0.5613329545520088,0.6148296451299234,-183.55263413749574,75.1411143378916,75.1411143378916,76.81405060910564,76.81405060910564,195.89960330701734,-365.1669817265032,,,5.982059038281005,4.414279798880337,3.599898853970566,,
1544193000,92.67,92.8,90.11,90.56,92.44872238742501,91.62102614127488,92.44872238742501,91.62102614127488,0,0,0,0,0,99.47,92.21000000000001,103.07000000000001,88.61,95.81,92.25733066658313,90.07266933341685,,,,,14930858,0.72,0.63,0.3739424202995958,0.6894608722967273,0.1947623697142117,-184.35277639615984,32.19415435671074,32.19415435671074,60.82546101083131,60.82546101083131,195.89960330701734,-365.1669817265032,,,6.008136017523736,4.476783964317333,3.604710516635008,,
1544452200,90.61,91.25,88.65,90.91,92.44127678824933,91.50734668475431,92.44127678824933,91.50734668475431,0,0,0,0,0,99.47,92.21000000000001,103.07000000000001,88.61,95.81,92.25805080796447,90.07194919203552,,,,,15372051,0.71,0.63,0.4513683714196017,0.5179853294791448,0.23400121627663556,-231.08108430213065,-8.69125503393819,-8.69125503393819,37.65322232924147,37.65322232924147,195.89960330701734,-365.1669817265032,,,7.531031605298841,4.596558381610725,3.6125553140149558,,
1544538600,91.67,92.28,90.54,91.19,92.43758452693415,91.47150171672472,92.43758452693415,91.47150171672472,0,0,0,0,0,99.47,92.21000000000001,103.07000000000001,88.61,95.81,92.25867648956648,90.0713235104335,,,,,13632328,0.68,0.63,0.23972394294978688,0.7944544192270638,0.22753960269243506,-170.59032954714073,-32.86188362533347,-32.86188362533347,14.148187011049824,14.148187011049824,195.89960330701734,-365.1669817265032,,,5.559611974548866,4.634325189176927,3.616445537112926,,
1544625000,92.2,93.17,91.91,91.97,92.43660953287433,91.49025066901002,92.43660953287433,91.49025066901002,0,0,0,0,0,99.47,92.21000000000001,103.07000000000001,88.61,95.81,92.26161972887375,90.06838027112623,,,,,12581032,0.68,0.64,0.18090853001167284,0.9075369392097937,0.2550628517059265,-126.74253377236002,-27.939779870227515,-27.939779870227515,0.11886471729071246,0.11886471729071246,195.89960330701734,-365.1669817265032,,,4.1305935120475725,4.61457100576009,3.617472805794114,,
1544711400,92.22,92.725,91.44,92.06,92.43470681652494,91.490017309441,92.43470681652494,91.490017309441,0,0,0,0,0,99.47,92.21000000000001,103.07000000000001,88.61,95.81,92.25219939651421,90.07780060348577,,,,,11567208,0.68,0.64,-0.5402217806794287,0.7217149276102828,0.24638261391046729,-141.78520823524104,-18.26980797885856,-18.26980797885856,-6.010692848092377,-6.010692848092377,195.89960330701734,-365.1669817265032,,,4.620840721810792,4.614816876977764,3.6194775368950465,,
1544797800,91.16,91.24,88.6926,88.96,92.42737348422419,91.38312933652175,92.42737348422419,91.38312933652175,0,0,0,0,0,99.47,92.21000000000001,103.07000000000001,88.61,95.81,92.31862766903238,90.01137233096759,,,,,19422740,0.71,0.63,-1.6071378429105991,0.051111100490175844,-0.11411928958604052,-229.7176418933676,-47.07556264422412,-47.07556264422412,-19.69898278013629,-19.69898278013629,195.89960330701734,-365.1669817265032,,,7.486596432669246,4.727435683083312,3.6272040481753147,,
1545057000,88.04,88.78,86.59,87.19,92.41589581492504,91.19880269587384,92.41589581492504,91.19880269587384,0,0,0,0,0,99.47,92.21000000000001,103.07000000000001,88.61,95.81,92.33904025131183,89.99095974868816,,,,,22089533,0.73,0.64,-2.7055742769468303,-0.5051781217256384,-0.3238527923587449,-297.012806416035,-84.4941661369842,-84.4941661369842,-41.297377232418924,-41.297377232418924,195.89960330701734,-365.1669817265032,,,9.679774694899344,4.921645056095706,3.639297096420518,,
1545143400,87.94,88.1,85.6,86.43,92.40248283627383,90.98326925681997,92.40248283627383,90.98326925681997,0,0,0,0,0,99.47,92.21000000000001,103.07000000000001,88.61,95.81,92.00024130203401,89.659758697966,,,,,24712567,0.73,0.64,-2.804309533101992,-0.5453966087442988,-0.3960752388548673,-300.03560696979713,-112.59407583148176,-112.59407583148176,-65.06294343210654,-65.06294343210654,195.89960330701734,-365.1669817265032,,,10.712423072911244,5.148734390088472,3.653429216253666,,
1545229800,86.6,87.64,84.53,85.3,92.3869801732643,90.7346469330231,92.3869801732643,90.7346469330231,0,0,0,0,0,99.47,92.21000000000001,103.07000000000001,88.61,95.81,91.46604146411914,89.12395853588085,,,,,23075642,0.76,0.65,-2.5358867089586643,-0.9027443077360485,-0.4773410001800336,-300.0356069697971,-132.84746517456853,-132.84746517456853,-87.6577840129272,-87.6577840129272,195.89960330701734,-365.1669817265032,,,11.828517784499846,5.410686680065388,3.6697630595468653,,
1545316200,84.91,85.26,83.5,84.1,92.36947112196907,90.45578626898298,92.36947112196907,90.45578626898298,0,0,0,0,0,99.47,92.21000000000001,103.07000000000001,88.61,95.81,90.94588929200552,88.61411070799448,,,,,25321706,0.77,0.65,-2.7935732688055777,-1.2021430146430654,-0.607729197983443,-300.0356069697971,-157.01413423004584,-157.01413423004584,-110.7765674186334,-110.7765674186334,195.89960330701734,-365.1669817265032,,,12.902889329300098,5.704498548662828,3.688210864281637,,
1545402600,83.85,85.27,82.51,82.68,92.35003881203507,90.1494260231405,92.35003881203507,90.1494260231405,0,1,0,0,0,99.47,92.21000000000001,103.07000000000001,88.61,95.81,90.45675639234501,88.11324360765498,,,,,28921621,0.78,0.66,-2.5421971769898555,-1.8991453033375534,-0.8000212374564821,-300.03560696979713,-182.50529764470747,-182.50529764470747,-134.6861441606581,-134.6861441606581,195.89960330701734,-365.1669817265032,,,13.935537707311985,6.027284398021618,3.7086850437881913,,
1545661800,82.13,82.44,80.65,80.7,92.32696620701601,89.7828681398801,92.32696620701601,89.7828681398801,0,1,0,0,0,99.47,92.21000000000001,103.07000000000001,88.61,95.81,89.53904294661054,87.17095705338946,,,,,14235526,0.79,0.67,-3.2087287194943435,-2.215406981639051,-0.9774504929878545,-203.31807904087884,-207.19877059885226,-207.19877059885226,-158.85701964005617,-158.85701964005617,195.89960330701734,-184.30520449942614,,,15.875664962970687,6.413495400568641,3.732994693976368,,
1545834600,81,84.3,80.61,84.22,92.30386058022877,89.4291321343946,92.30386058022877,89.4291321343946,0,0,0,0,0,99.47,92.21000000000001,103.07000000000001,88.61,95.81,89.61957432888637,87.05042567111364,,,,,20575130,0.77,0.65,-2.0286039225597907,-1.4391826699139965,-0.6420105765214503,-203.31807904087887,-202.0836624607314,-202.0836624607314,-173.26590058028125,-173.26590058028125,195.89960330701734,-184.30520449942614,,,15.917388129759052,6.786197076223167,3.757339136405504,,
1545921000,83.23,85.2,82.0999,85.15,92.28374817347506,89.14711130559482,92.28374817347506,89.14711130559482,0,0,0,0,0,99.47,92.21000000000001,103.07000000000001,88.61,95.81,89.62656792715676,87.04343207284326,,,,,14045706,0.78,0.64,-1.9617888109500194,-1.0894547914824986,-0.5750539000731852,-183.4672529620449,-172.10248209139698,-172.10248209139698,-169.7756451136284,-169.7756451136284,195.89960330701734,-184.30520449942614,,,14.363304474809638,7.083338542834401,3.778529876342376,,
1546007400,85.7,86.44,84.9,85.25,92.2692146106909,88.984859881846,92.2692146106909,88.984859881846,0,0,0,0,0,99.47,92.21000000000001,103.07000000000001,88.61,95.81,89.6247763864232,87.04522361357681,,,,,15770636,0.77,0.64,-1.9571587423882408,-0.9730548615858663,-0.5925136363678053,-146.15985105363305,-155.25114621785934,-155.25114621785934,-121.54847447078411,-121.54847447078411,195.89960330701734,-184.30520449942614,,,11.442578491707518,7.254289129064719,3.79384266078866,,
1546266600,85.73,86.59,85.67,86.51,92.25623316291728,88.85886537667557,92.25623316291728,88.85886537667557,0,0,0,0,0,99.47,92.21000000000001,103.07000000000001,88.61,95.81,89.63640156068362,87.03359843931639,,,,,10163087,0.77,0.64,-0.7228580980259517,-0.639237375795407,-0.4671771904276549,-135.90068192771722,-127.3598689848869,-127.3598689848869,-71.57731451894202,-71.57731451894202,195.89960330701734,-184.30520449942614,,,10.639407531031608,7.387038870318323,3.8075201130768574,,
1546439400,85.18,85.83,84.27,85.2,92.24050842133303,88.68345889131574,92.24050842133303,88.68345889131574,0,0,0,0,0,92.83500000000001,72.955,100.49000000000001,65.3,85.18,89.61265330084721,86.9973466991528,,,,,14191867,0.77,0.64,-0.5947017459342337,-0.9773726525565605,-0.5962454087077972,-154.55371670210982,-98.58051024859874,-98.58051024859874,-41.0217927760224,-41.0217927760224,195.89960330701734,-184.30520449942614,,,12.099718368624186,7.5718498310362,3.8240879417592697,,
1546525800,85.32,85.5,83.25,83.47,92.22279751539631,88.4753310916563,92.22279751539631,88.4753310916563,0,0,0,0,0,92.83500000000001,72.955,100.49000000000001,65.3,85.18,89.62876955538809,86.98123044461192,,,,,17668044,0.77,0.64,-0.8808141941965004,-1.382613175443219,-0.7480920394385983,-168.14378489488146,-80.36043081773754,-80.36043081773754,-43.92027195601513,-43.92027195601513,195.89960330701734,-184.30520449942614,,,13.163659121727342,7.791136469886833,3.8427484236373277,,
1546612200,84.45,86.43,84.41,85.96,92.20741650137953,88.32040046061095,92.20741650137953,88.32040046061095,0,0,0,0,0,92.83500000000001,72.955,100.49000000000001,65.3,85.18,89.63314306313805,86.89685693686195,,,,,16262555,0.76,0.63,0.19329252086443738,-0.7793283631284901,-0.5373847438161062,-147.26616618526924,-60.92980689097702,-60.92980689097702,-22.068559037455977,-22.068559037455977,195.89960330701734,-184.30520449942614,,,11.953687284864928,7.954373756748719,3.8589540956877326,,
1546871400,85.99,87.1,85.73,86.29,92.19467720767048,88.22279259941052,92.19467720767048,88.22279259941052,0,0,0,0,0,92.83500000000001,72.955,100.49000000000001,65.3,85.18,89.63135255169617,86.89864744830383,,,,,12392057,0.75,0.64,0.6501891971872796,-0.5973114312374973,-0.5351800936230786,-103.38620781402116,-36.72120949285515,-36.72120949285515,11.69598530338859,11.69598530338859,195.89960330701734,-184.30520449942614,,,10.576822780849067,8.057214894948732,3.872376410743,,
1546957800,86.98,87.25,85.9999,86.96,92.18249723522759,88.1394909680611,92.18249723522759,88.1394909680611,0,0,0,0,0,92.83500000000001,72.955,100.49000000000001,65.3,85.18,89.635084740265,86.894915259735,,,,,13370996,0.77,0.64,1.2908998472366706,-0.41016372093585324,-0.4783678610925104,-92.73212234556033,-9.535018210244086,-9.535018210244086,44.83736435497806,44.83736435497806,195.8996033070173,-174.23530639941256,,,10.29529571294462,8.144982770164257,3.8852094163418047,,
1547044200,87.34,87.86,87.09,87.35,92.1724978401522,88.10177759676458,92.1724978401522,88.10177759676458,0,0,0,0,0,92.83500000000001,72.955,100.49000000000001,65.3,85.18,89.63653033265051,86.8934696673495,,,,,11259669,0.77,0.64,2.0536351344329913,-0.367576875944978,-0.49376187401045996,-67.13238142148022,18.020641072883567,18.020641072883567,73.13195963913887,73.13195963913887,195.8996033070173,-174.23530639941256,,,9.158235110044853,8.184718156041926,3.895744932213339,,
1547130600,86.96,87.58,86.52,87.52,92.16139095136069,88.04341376944048,92.16139095136069,88.04341376944048,0,0,0,0,0,92.83500000000001,72.955,100.49000000000001,65.3,85.18,89.63659800810022,86.89340199189978,,,,,10396767,0.77,0.64,0.9794242953683867,-0.4767450210161658,-0.4740638744593432,-74.83166862676075,44.67527518842931,44.67527518842931,97.9845434195208,97.9845434195208,195.8996033070173,-174.23530639941256,,,9.75279023677898,8.246211178815928,3.9074473204342492,,
1547217000,87.11,87.835,86.95,87.81,92.15115680360573,88.00403283730556,92.15115680360573,88.00403283730556,0,0,0,0,0,92.83500000000001,72.955,100.49000000000001,65.3,85.18,89.61356096993103,86.91643903006897,,,,,7187901,0.77,0.64,0.7808136227406378,-0.5743907586464014,-0.44630439469353383,-69.0234344192684,72.22776508135287,72.22776508135287,127.3327448672,127.3327448672,195.8996033070173,-174.23530639941256,,,9.30426619380411,8.287703532344876,3.918230175326097,,
1547476200,87.28,87.32,86.83,86.84,92.14070574106105,87.96153743192103,92.14070574106105,87.96153743192103,0,0,0,0,0,92.83500000000001,72.955,100.49000000000001,65.3,85.18,89.58550254082881,86.94449745917117,,,,,5448972,0.77,0.64,0.4647170194323843,-1.0460791456791343,-0.4692359960038672,-70.64433698880119,89.46215190287407,89.46215190287407,123.93092554591648,123.93092554591648,195.8996033070173,-174.23530639941256,,,9.429435694169193,8.332477342612496,3.9292415749641454,,
1547562600,86.96,88.42,86.9425,88.4,92.13049808723277,87.92507616008099,92.13049808723277,87.92507616008099,0,0,0,0,0,92.83500000000001,72.955,100.49000000000001,65.3,85.18,89.58953982211524,86.94046017788476,,,,,10540620,0.79,0.65,0.5387811326853197,-0.8425351781990241,-0.3567147227901316,-69.12474082986431,110.3578759938311,110.3578759938311,152.1493241757452,152.1493241757452,195.8996033070173,-174.23530639941256,,,9.312089287576935,8.370893497316983,3.939996515448886,,
1547649000,88.52,88.895,88.18,88.24,92.12275863051502,87.93808885968566,92.12275863051502,87.93808885968566,0,0,0,0,0,92.83500000000001,72.955,100.49000000000001,65.3,85.18,89.58764890606768,86.94235109393232,,,,,8288920,0.78,0.64,0.8799134105062455,-1.1331492902228855,-0.3709383859239796,-10.903011337485042,132.94892740061547,132.94892740061547,178.13103021418425,178.13103021418425,195.8996033070173,-174.23530639941256,,,8.021278815062061,8.35718311762071,3.9481509256379232,,
1547735400,88,89.39,87.93,89.02,92.11454013175275,87.9408853749921,92.11454013175275,87.9408853749921,0,0,0,0,0,92.83500000000001,72.955,100.49000000000001,65.3,85.18,89.55575972203299,86.97424027796701,,,,,8731630,0.79,0.64,1.6356277805614396,-0.9511921196276011,-0.31275116508886547,-15.225990105293493,154.03641387600496,154.03641387600496,196.21138682678395,196.21138682678395,195.8996033070173,-174.23530639941256,,,8.282048607489306,8.354236666243008,3.9568100618653985,,
1547821800,89.68,90.13,89.01,90.08,92.10847431730369,87.98550163479634,92.10847431730369,87.98550163479634,0,0,0,1,0,92.83500000000001,72.955,100.49000000000001,65.3,85.18,89.56152971806527,86.96847028193474,,,,,13368209,0.8,0.65,1.1747389855159138,-0.48544651321023913,-0.1973674044759957,-14.77073257935207,172.69612503346335,172.69612503346335,210.01554734838015,210.01554734838015,195.8996033070173,-174.23530639941256,230.01554734838015,,7.155523104203608,8.30722829126107,3.963201096915025,,
1548167400,89.45,89.62,88.84,89.46,92.10208435862776,88.02176823735334,92.10208435862776,88.02176823735334,0,0,0,1,0,92.83500000000001,72.955,100.49000000000001,65.3,85.18,89.55781994948096,86.97218005051904,,,,,12244517,0.79,0.64,0.899572047536476,-0.5278980638546611,-0.24514523980125066,-17.117484484482812,184.70254953853146,184.70254953853146,208.7153985486677,208.7153985486677,195.8996033070173,-174.23530639941256,228.7153985486677,,7.332846563054137,8.269017243096092,3.9699336552889295,,
1548253800,89.63,90.05,88.59,89.56,92.09521266160753,88.04690673784928,92.09521266160753,88.04690673784928,0,0,0,1,0,92.83500000000001,72.955,100.49000000000001,65.3,85.18,89.55429685758688,86.97570314241311,,,,,7722861,0.79,0.64,0.7321082026535624,-0.15610773219059051,-0.27562058905701303,-20.568590227322105,190.25028085049118,190.25028085049118,201.34574347441063,201.34574347441063,195.8996033070173,-174.23530639941256,221.34574347441063,,7.593616355481382,8.242530933777868,3.9771737805640393,,
1548340200,89.47,89.55,88.39,88.81,92.08795908985606,88.06329470891403,92.08795908985606,88.06329470891403,0,0,0,0,0,92.83500000000001,72.955,100.49000000000001,65.3,85.18,89.55443451038961,86.97556548961039,,,,,11306954,0.8,0.64,0.40903551819585326,-0.32637590142582945,-0.43724998770731466,-23.329474821593575,168.39281612879665,168.39281612879665,182.964459276593,182.964459276593,195.8996033070173,-174.23530639941256,,,7.80223218942318,8.225264316352193,3.984816254907414,,
1548426600,89.25,89.25,88.66,88.92,92.08125407668952,88.08952236738799,92.08125407668952,88.08952236738799,0,0,0,0,0,92.83500000000001,72.955,100.49000000000001,65.3,85.18,89.55328844323847,86.97671155676153,,,,,7241935,0.81,0.64,0.391436141744375,-0.351688534115851,-0.4020396920988055,-19.602280619327196,131.90383041178092,131.90383041178092,165.94424965498897,165.94424965498897,195.8996033070173,-174.23530639941256,,,7.52060081360176,8.197630453499235,3.99188075952019,,
1548685800,88.31,88.4,87.485,87.91,92.0722382843285,88.06910384317669,92.0722382843285,88.06910384317669,0,0,0,0,0,92.83500000000001,72.955,100.49000000000001,65.3,85.18,89.5046845142422,87.0253154857578,,,,,7113845,0.79,0.64,0.027767740823189623,-0.6214464965263262,-0.4604981399468407,-35.82247761067182,71.76055058248811,71.76055058248811,134.54968329748868,134.54968329748868,195.8996033070173,-174.23530639941256,,,8.74621883800981,8.219143723480041,4.001379936500189,,
1548772200,87.91,88.405,87.66,88.34,92.06358665938478,88.05628016305211,92.06358665938478,88.05628016305211,0,0,0,0,0,92.83500000000001,72.955,100.49000000000001,65.3,85.18,89.4976395435791,87.0323604564209,,,,,11099240,0.8,0.65,0.42154010496176675,-0.5693493078484988,-0.4677958325526087,-33.40670359068436,24.976151666228787,24.976151666228787,98.02517275373539,98.02517275373539,195.8996033070173,-174.23530639941256,,,8.563679983310742,8.232654949355755,4.010495421109201,,
1548858600,88.67,89.8,88.45,89.55,92.05651495776763,88.07462996057949,92.05651495776763,88.07462996057949,0,0,0,0,0,92.83500000000001,72.955,100.49000000000001,65.3,85.18,89.49997067275892,87.03002932724108,,,,,11706927,0.8,0.64,0.315818898911273,0.09295850910410236,-0.35014704009728187,-22.501209443312113,25.72761879347225,25.72761879347225,73.92598810031434,73.92598810031434,195.8996033070173,-174.23530639941256,,,7.739647439240639,8.213321321508104,4.017946274292282,,
1548945000,89.45,90.88,89.355,90.67,92.05124749531456,88.12739545232147,92.05124749531456,88.12739545232147,0,0,0,0,0,92.83500000000001,72.955,100.49000000000001,65.3,85.18,89.5069121639478,87.0230878360522,,,,,13410059,0.82,0.65,0.6654073709140103,0.5567994173237575,-0.3272495361785869,-18.034693768133938,50.58570610250356,50.58570610250356,66.14589410104408,66.14589410104408,195.8996033070173,-174.23530639941256,,,6.7956607906540105,8.157726790886375,4.023496153445851,,
1549031400,90.78,90.96,90.13,90.75,92.04752352429495,88.20817994438728,92.04752352429495,88.20817994438728,0,0,0,0,0,94.695,86.965,98.50999999999999,83.15,90.78,89.5017234203356,87.02827657966441,,,,,9386492,0.8,0.64,0.46959806928891507,0.6973108069220677,-0.30075696330551616,-8.495553732023302,68.72700160290948,68.72700160290948,73.8892166066403,73.8892166066403,195.8996033070173,-174.23530639941256,,,5.987274434129559,8.072611012190029,4.02741978637429,,
1549290600,90.76,90.76,89.72,90.49,92.04299600476588,88.26987877009759,92.04299600476588,88.26987877009759,0,0,0,0,0,94.695,86.965,98.50999999999999,83.15,90.78,89.50219132593944,87.02780867406057,,,,,9308908,0.8,0.65,0.10997785148581585,0.8488040658562394,-0.33850965695906793,-14.113581199974108,74.4420508000478,74.4420508000478,85.87214919432441,85.87214919432441,195.8996033070173,-174.23530639941256,,,6.414936893710238,8.007604184014351,4.032190050325012,,
1549377000,90.64,91.15,90.34,90.36,92.03970390485625,88.35322862225063,92.03970390485625,88.35322862225063,0,0,0,0,0,94.695,86.965,98.50999999999999,83.15,90.78,89.49469134319983,87.03530865680018,,,,,8921434,0.79,0.65,0.24307954003963889,1.0383708800992648,-0.3258561641236496,-5.618027467950806,83.05159322063218,83.05159322063218,100.27067806180095,100.27067806180095,195.8996033070173,-174.23530639941256,,,5.768227808490665,7.919785502621266,4.035658657234434,,
1549463400,90.2,90.81,90.09,90.77,92.03592387707432,88.42360397039766,92.03592387707432,88.42360397039766,0,0,0,0,0,94.695,86.965,98.50999999999999,83.15,90.78,89.49355864313456,87.03644135686542,,,,,6135904,0.8,0.64,0.32648393908734824,1.3651424216680887,-0.30810341384320716,-9.315651057141027,106.81073375641661,106.81073375641661,154.32901482798547,154.32901482798547,195.8996033070173,-174.23530639941256,,,6.0289976009179105,7.845636957456428,4.039641352426608,,
1549549800,90.18,90.33,89.29,89.77,92.03056898421305,88.46016067744088,92.03056898421305,88.46016067744088,0,0,0,0,0,94.695,86.965,98.50999999999999,83.15,90.78,89.49604185393495,87.03395814606505,,,,,9511821,0.79,0.63,0.26155111448452345,1.5700747775041548,-0.4327734596079345,-20.275240536130553,116.86912654302436,116.86912654302436,136.9859121162399,136.9859121162399,195.8996033070173,-174.23530639941256,,,6.863460936685092,7.807120250759513,4.045283349597954,,
1549636200,89.42,89.95,89.29,89.94,92.02522479043839,88.49528378812948,92.02522479043839,88.49528378812948,0,0,0,0,0,94.695,86.965,98.50999999999999,83.15,90.78,89.49489304139601,87.03510695860399,,,,,7284173,0.79,0.63,0.2775857793050666,0.9488917267451404,-0.44167637700758583,-20.275240536130553,99.59488320328481,99.59488320328481,111.11104542977785,111.11104542977785,195.8996033070173,-174.23530639941256,,,6.863460936685092,7.770114003148751,4.050914074047678,,
1549895400,90.14,90.2,89.58,89.83,92.0204649007472,88.54028834545774,92.0204649007472,88.54028834545774,0,0,0,0,0,94.695,86.965,98.50999999999999,83.15,90.78,89.45097316166604,87.07902683833396,,,,,5017407,0.79,0.63,0.5286770628119927,0.7681182667710169,-0.48858045487225155,-16.302389349996943,65.78425939781528,65.78425939781528,96.00211675245698,96.00211675245698,195.8996033070173,-174.23530639941256,,,6.560967977469496,7.722696511945643,4.055929166761808,,
1549981800,90.22,91.11,90.06,91.06,92.01666397187458,88.60216331230254,92.01666397187458,88.60216331230254,0,0,0,0,0,94.695,86.965,98.50999999999999,83.15,90.78,89.46120452687944,87.06879547312055,,,,,9093318,0.8,0.65,0.7418930034983258,0.9480928768900334,-0.37421369526576265,-13.655857909728239,71.70093138791272,71.70093138791272,87.90172163094223,87.90172163094223,195.8996033070173,-174.23530639941256,,,6.060289976009181,7.657504098771664,4.059933883663401,,
1550068200,91.24,91.53,90.849,91.26,92.0144312966061,88.69224357456518,92.0144312966061,88.69224357456518,0,0,0,0,0,94.695,86.965,98.50999999999999,83.15,90.78,89.4611931367943,87.06880686320572,,,,,6435569,0.8,0.65,0.46005209921426776,0.763735832002069,-0.3428625556622423,-5.600257452748207,88.6268835605447,88.6268835605447,90.07720741974964,90.07720741974964,195.8996033070173,-174.23530639941256,,,5.237300511108794,7.562594154157434,4.062286264537418,,
1550154600,91.03,91.88,90.9,91.47,92.01230396134815,88.7807712775234,92.01230396134815,88.7807712775234,0,0,0,0,0,94.695,86.965,98.50999999999999,83.15,90.78,89.45207425507971,87.0779257449203,,,,,6938644,0.8,0.64,0.21314187985608604,1.026383683160013,-0.24992908078388246,-7.100214929597748,94.658582822961,94.658582822961,106.72198134779357,106.72198134779357,164.91228070175765,-174.2353063994126,,,5.184103473453634,7.4693200098161086,4.064527657562226,,
1550241000,92.16,92.9,91.47,92.85,92.01130834903776,88.88795671762053,92.01130834903776,88.88795671762053,0,0,0,0,0,94.695,86.965,98.50999999999999,83.15,90.78,89.46085349087245,87.06914650912755,,,,,8234221,0.81,0.66,0.5553450529914097,1.5570481541849621,-0.12217035845999961,-17.9902056047119,106.67727335209442,106.67727335209442,130.71465441036125,130.71465441036125,186.0548205214124,-174.2353063994126,,,4.589548346719521,7.3563877877338895,4.065576649948155,,
1550586600,92.6,92.99,92.59,92.63,92.01253011057814,89.03442116006678,92.01253011057814,89.03442116006678,0,0,0,0,0,94.695,86.965,98.50999999999999,83.15,90.78,89.4575805919616,87.0724194080384,,,,,6284092,0.82,0.66,0.5675361850869595,1.0751007657379537,-0.1374968574818429,-3.389459026974598,122.04374887004337,122.04374887004337,152.77669990594129,152.77669990594129,186.0548205214124,-174.2353063994126,,,3.421299676645458,7.202070606906892,4.064289383268229,,
1550673000,92.4,92.64,92.055,92.52,92.01269118927829,89.1543713106524,92.01269118927829,89.1543713106524,0,0,0,0,0,94.695,86.965,98.50999999999999,83.15,90.78,89.45395000594722,87.07604999405277,,,,,6959918,0.81,0.66,0.573790662613837,1.0005594498219736,-0.1601763892933771,-10.363922794018682,134.65668789715798,134.65668789715798,159.88256595138722,159.88256595138722,186.0548205214124,-174.2353063994126,,,3.9793470324397595,7.075689290261122,4.064119668281559,,
1550759400,92.19,92.25,91.3,91.71,92.01135853954946,89.24030576905818,92.01135853954946,89.24030576905818,0,0,0,0,0,94.695,86.965,98.50999999999999,83.15,90.78,89.45290365540214,87.07709634459788,,,,,8368479,0.8,0.65,0.24808827709540213,0.7554994910204887,-0.04071557986539089,-20.206390353118465,135.1996713390432,135.1996713390432,136.28563822281365,136.28563822281365,186.0548205214124,-174.2353063994126,,,4.766871805570051,6.985147428116375,4.065523768455962,,
1550845800,91.89,92.6332,91.78,92.55,92.0109780030069,89.34150554282061,92.0109780030069,89.34150554282061,0,0,0,0,0,94.695,86.965,98.50999999999999,83.15,90.78,89.44843655454147,87.08156344545853,,,,,6488091,0.8,0.65,0.7406178649757527,0.8219784278566233,0.25420340727731344,-13.948927534088169,130.44137397632096,130.44137397632096,133.61357221813577,133.61357221813577,186.0548205214124,-174.2353063994126,,,4.266193804109735,6.8785217958023885,4.065924707588137,,
1551105000,93.02,93.24,92.6129,92.68,92.01224572128261,89.47107281565117,92.01224572128261,89.47107281565117,0,0,0,0,0,94.695,86.965,98.50999999999999,83.15,90.78,89.44348955838824,87.08651044161176,,,,,7652584,0.82,0.65,0.728746963764268,0.814255768628951,0.14096404825990513,-3.090925904983457,136.36549587839218,136.36549587839218,141.869343198905,141.869343198905,186.0548205214124,-174.2353063994126,,,3.3974131636591305,6.742007731796771,4.06458902018768,,
1551191400,92.47,92.72,92.24,92.35,92.01277330225908,89.58108172484133,92.01277330225908,89.58108172484133,0,0,0,0,0,94.695,86.965,98.50999999999999,83.15,90.78,89.44235668616271,87.08764331383729,,,,,7288017,0.82,0.65,0.6713516030107785,0.7143682390256485,0.16846995039544363,-7.952192332517598,135.03966964800665,135.03966964800665,135.923553801597,135.923553801597,186.0548205214124,-174.2353063994126,,,3.7863773860436107,6.626100659414294,4.064033152786792,,
1551277800,92.04,92.36,91.61,91.92,92.01205367528154,89.66231773563186,92.01205367528154,89.66231773563186,0,0,0,0,0,94.695,86.965,98.50999999999999,83.15,90.78,89.443676643307,87.086323356693,,,,,9827557,0.82,0.65,0.22589827117678443,0.8078400348784767,-0.08580481239741947,-16.165112282494736,100.98744926532763,100.98744926532763,124.27818562284054,124.27818562284054,186.0548205214124,-174.2353063994126,,,4.443517262960263,6.540509153670999,4.064791362797129,,
1551364200,91.75,92.25,91.55,91.65,92.01121680480145,89.73803860874433,92.01121680480145,89.73803860874433,0,0,0,0,0,94.695,86.965,98.50999999999999,83.15,90.78,89.4396246381704,87.09037536182962,,,,,9464107,0.82,0.65,0.10220474558263912,0.5076418141784947,-0.15020519723353704,-16.94729513487355,56.47471061334939,56.47471061334939,101.67702728634349,101.67702728634349,186.0548205214124,-174.2353063994126,,,4.506102013142805,6.4607284814934225,4.065673102358259,,
1551450600,92.22,93.08,92.14,92.95,91.57093661161785,89.41982308914125,91.57093661161785,89.41982308914125,0,0,0,0,0,95.21499999999999,90.245,97.18999999999998,88.27000000000001,92.22,89.44434813744932,87.08565186255069,,,,,10795155,0.82,0.65,0.38569750793001906,0.7346129447118804,0.05162462290984583,-10.548108132173159,55.35775835176492,55.35775835176492,86.2372709748173,86.2372709748173,186.0548205214124,-174.2353063994126,,,3.42731369877371,6.3417710390338256,4.064397658994454,,
1551709800,93.28,93.45,91.06,91.69,89.52975057191611,87.56702840660836,89.52975057191611,87.56702840660836,0,0,0,0,0,95.21499999999999,90.245,97.18999999999998,88.27000000000001,92.22,89.42416190027093,87.10583809972908,,,,,15208819,0.8,0.65,-0.2963055726425466,0.4107019664545817,0.015550574321927626,-24.43860911669633,35.16024465492142,35.16024465492142,69.21159553485201,69.21159553485201,186.05482052141238,-171.69340463457814,,,2.3799313893653506,6.186404778262513,4.0610320920221685,,
1551796200,91.73,91.9668,91.1701,91.64,89.21696378001697,87.41138290509663,89.21696378001697,87.41138290509663,0,0,0,0,0,95.21499999999999,90.245,97.18999999999998,88.27000000000001,92.22,89.42344454473195,87.10655545526807,,,,,13591690,0.8,0.65,-0.253481577252808,0.2371365317240886,0.07665311362789072,-22.222503583834158,0.5778551617935221,0.5778551617935221,46.33368207716585,46.33368207716585,186.05482052141244,-159.3752877691191,,,1.914900484131251,6.018894805943639,4.056744116781627,,
1551882600,91.65,91.77,90.05,90.3,89.21868613010685,87.51599534019088,89.21868613010685,87.51599534019088,0,0,0,0,0,95.21499999999999,90.245,97.18999999999998,88.27000000000001,92.22,89.41083645818368,87.11916354181632,,,,,11662385,0.82,0.64,-0.565883100803887,0.12784953097647522,0.002612557946101265,-38.47595160615791,-44.39949103699973,-44.39949103699973,16.08929103911066,16.08929103911066,186.05482052141244,-181.01964813149579,,,3.119956966110818,5.905210969087451,4.054872414182884,,
1551969000,90.17,90.36,89.28,89.59,89.21888196201472,87.58661120920301,89.21888196201472,87.58661120920301,0,0,0,0,0,95.21499999999999,90.245,97.18999999999998,88.27000000000001,92.22,89.41262479295314,87.11737520704686,,,,,14431013,0.86,0.66,-0.5527085738245964,0.004624061233588101,0.209999916425737,-53.511803929121896,-84.71344442593843,-84.71344442593843,-17.51162078257237,-17.51162078257237,186.05482052141244,-217.35487731896245,,,3.9483593329747193,5.828471689239892,4.0546596008338165,,
1552055400,89.11,89.445,88.63,89.4,89.21779168836434,87.6292225343323,89.21779168836434,87.6292225343323,0,0,0,0,0,95.21499999999999,90.245,97.18999999999998,88.27000000000001,92.22,88.13626234379025,85.92373765620977,,,,,11634189,0.85,0.66,-0.831109292366078,0.09365986372855176,0.09021490949079132,-62.98937138250869,-117.09951404902563,-117.09951404902563,-50.70758520472346,-50.70758520472346,186.05482052141244,-217.35487731896245,,,4.647660032275425,5.782165349751089,4.055844416880653,,
1552311000,89.64,90.4979,89.3798,90.42,89.21818671396201,87.69927270945652,89.21818671396201,87.69927270945652,0,0,0,0,0,95.21499999999999,90.245,97.18999999999998,88.27000000000001,92.22,88.14337539810147,85.91662460189853,,,,,9694373,0.81,0.65,-0.5973479334673155,0.23858115087951978,0.28021678720038695,-57.6890666427158,-121.68943224613561,-121.68943224613561,-74.36820088519417,-74.36820088519417,186.05482052141244,-217.35487731896245,,,3.8409897794513177,5.706040817582471,4.055415136885789,,
1552397400,90.65,91.2901,90.52,91.08,89.2208362909571,87.8108424071249,89.2208362909571,87.8108424071249,0,0,0,0,0,95.21499999999999,90.245,97.18999999999998,88.27000000000001,92.22,88.11032148269473,85.94967851730526,,,,,8981596,0.8,0.65,-0.3368462514252166,0.5099472479064399,0.3204791030646994,-42.84350369291676,-93.84704138245709,-93.84704138245709,-80.86114771761514,-80.86114771761514,186.05482052141244,-217.35487731896245,,,2.6143087681549293,5.584796423487274,4.052535803481732,,
1552483800,91.35,92.31,91.285,92.06,89.22499376090524,87.94773682253177,89.22499376090524,87.94773682253177,0,0,0,0,0,95.21499999999999,90.245,97.18999999999998,88.27000000000001,92.22,88.11574268262893,85.94425731737107,,,,,10098311,0.78,0.65,0.038036586579338456,0.6071673838292936,0.32704373161566297,-29.35573401181336,-70.39388754497884,-70.39388754497884,-49.45936719970622,-49.45936719970622,186.05482052141244,-217.35487731896245,,,1.79128563743949,5.436031294622655,4.048017821131997,,
1552570200,92.03,92.15,91.5831,91.91,89.22973257257176,88.09083612360895,89.22973257257176,88.09083612360895,0,0,0,0,0,95.21499999999999,90.245,97.18999999999998,88.27000000000001,92.22,88.11545078670717,85.94454921329285,,,,,9283753,0.78,0.65,0.07090456500860495,0.38029367625736876,0.30150427629222615,-24.099911604052593,-50.754810153720655,-50.754810153720655,-11.476655371204274,-11.476655371204274,186.05482052141244,-217.35487731896245,,,1.470575578267887,5.2805232273146245,4.042868086381019,,
1552656600,91.73,92.14,91.41,91.99,89.2341195204787,88.2216033344478,89.2341195204787,88.2216033344478,0,0,0,0,0,95.21499999999999,90.245,97.18999999999998,88.27000000000001,92.22,88.11152247942103,85.94847752057898,,,,,10219428,0.79,0.65,-0.2591741681012166,0.210920874062744,0.20208556954676019,-27.15185007699255,-27.41182806622947,-27.41182806622947,19.274136108752902,19.274136108752902,186.05482052141244,-217.35487731896245,,,1.6568047337278173,5.138416619722985,4.038100727035059,,
1552915800,92.08,92.17,91.52,91.85,89.23871528567255,88.35151300760673,89.23871528567255,88.35151300760673,0,0,0,0,0,95.21499999999999,90.245,97.18999999999998,88.27000000000001,92.22,88.11159367763995,85.94840632236006,,,,,7183529,0.79,0.65,0.043902229568913764,0.1760653889869735,0.2433381451555302,-28.78674639762937,-3.079307265783804,-3.079307265783804,45.58573433510753,45.58573433510753,186.05482052141244,-217.35487731896245,,,1.5384615384615459,4.997241910653909,4.033106442942005,,
1553002200,92.17,92.84,91.8409,92.58,89.2439366157711,88.48878665436725,89.2439366157711,88.48878665436725,0,0,0,0,0,95.21499999999999,90.245,97.18999999999998,88.27000000000001,92.22,88.0465088853333,86.01349111466672,,,,,11308845,0.79,0.66,0.258150953356095,0.3355954242394197,0.23569290510334487,-31.802965985649834,33.56507778861206,33.56507778861206,106.8538478974038,106.8538478974038,186.05482052141244,-217.35487731896245,,,1.1932221624529293,4.84806466562642,4.027432348475493,,
1553088600,92.47,92.58,91.58,91.94,89.24863144770764,88.61054796203912,89.24863144770764,88.61054796203912,0,0,0,0,0,95.21499999999999,90.245,97.18999999999998,88.27000000000001,92.22,88.02407393454034,86.03592606545966,,,,,11123700,0.76,0.65,0.45679316894377964,0.2539123004987077,0.1324590758792799,-42.63755930915882,65.65545571450343,65.65545571450343,129.83621156628618,129.83621156628618,186.05482052141244,-217.35487731896245,,,1.4739107046799402,4.715744902452048,4.022330407129248,,
1553175000,91.17,92.44,91.04,92.3,89.25224876749243,88.7065696105866,89.25224876749243,88.7065696105866,0,0,0,0,0,95.21499999999999,90.245,97.18999999999998,88.27000000000001,92.22,88.01890568799925,86.04109431200075,,,,,7398197,0.74,0.65,0.7889426441847096,0.25381900953414965,-0.08118159493726888,-73.66308561775503,87.63504252930029,87.63504252930029,131.59421615889403,131.59421615889403,186.05482052141244,-217.35487731896245,,,2.054868208714359,4.611396796815276,4.018399413725821,,
1553261400,91.9,92.24,90.6,90.62,89.25498853019475,88.78174335134791,89.25498853019475,88.78174335134791,0,0,0,0,0,95.21499999999999,90.245,97.18999999999998,88.27000000000001,92.22,88.02946681464152,86.03053318535846,,,,,12162589,0.72,0.64,0.3536066784766349,0.1416528184716664,-0.2409024082671499,-90.63259225221216,87.82557486387786,87.82557486387786,88.206639533033,88.206639533033,186.05482052141244,-217.35487731896245,,,2.5282409897794604,4.5297044122256365,4.015422074217437,,
1553520600,90.78,90.86,89.92,90.57,89.25637776390064,88.82756910227545,89.25637776390064,88.82756910227545,0,0,0,0,0,95.21499999999999,90.245,97.18999999999998,88.27000000000001,92.22,88.0155657535981,86.0444342464019,,,,,9893341,0.71,0.64,0.04318288865873969,0.10527178161895516,-0.22217298108195066,-123.78477849266338,35.477606235978485,35.477606235978485,70.3762519879114,70.3762519879114,186.05482052141244,-217.35487731896245,,,3.2598171059709533,4.47990491001957,4.01391237398118,,
1553607000,91.1,91.77,90.5525,91.19,89.25901532081593,88.89615364728425,89.25901532081593,88.89615364728425,0,0,0,0,0,95.21499999999999,90.245,97.18999999999998,88.27000000000001,92.22,87.99656075719923,86.06343924280078,,,,,8107248,0.68,0.64,0.03139902655363983,0.2272497437661487,-0.047257777995443985,-97.94521664559781,6.047815677925769,6.047815677925769,48.93343988458286,48.93343988458286,186.05482052141244,-217.35487731896245,,,2.5793437331898956,4.405373099163505,4.0110461029706075,,
1553693400,91.08,91.29,89.8,90.43,89.26015914634877,88.93283389641036,89.26015914634877,88.93283389641036,0,0,0,0,0,95.21499999999999,90.245,97.18999999999998,88.27000000000001,92.22,87.96038111715698,86.09961888284302,,,,,10817460,0.67,0.63,-0.46081059470818514,-0.1039580436019776,-0.05907399016984947,-131.5161257174153,-27.181214266930525,-27.181214266930525,23.56188850074507,23.56188850074507,186.05482052141244,-217.35487731896245,,,3.388918773534164,4.365512145217257,4.0098030913233815,,
1553779800,90.7,90.91,90.19,90.66,89.26207211508734,88.98321688086486,89.26207211508734,88.98321688086486,0,0,0,0,0,95.21499999999999,90.245,97.18999999999998,88.27000000000001,92.22,88.59530701113968,86.95459298886031,,,,,6726871,0.65,0.63,-0.35391171156354645,-0.09877745812785528,0.03265287463635623,-137.8256543423741,-58.32468853094212,-58.32468853094212,-3.733637176483988,-3.733637176483988,186.05482052141244,-217.35487731896245,,,2.969338353953744,4.310760231834374,4.007724240699266,,
1553866200,91.2,91.83,91,91.75,89.26558345951274,89.06307112083094,89.26558345951274,89.06307112083094,0,0,0,0,0,95.21499999999999,90.245,97.18999999999998,88.27000000000001,92.22,89.17722659811527,87.52277340188472,,,,,10120891,0.65,0.63,-0.0679253939211608,0.04601297012403368,0.06000219340931436,-97.37682100276425,-41.2784186361556,-41.2784186361556,-16.248564329707857,-16.248564329707857,186.05482052141244,-217.35487731896245,,,2.0979020979021006,4.223981481484089,4.003908412242129,,
1554125400,92.31,92.445,91.68,91.89,89.27043284321002,89.16619382197482,89.27043284321002,89.16619382197482,0,0,0,0,0,95.86000000000001,89.9,98.27000000000001,87.49,92.31,89.17723508671216,87.52276491328782,,,,,9082046,0.66,0.64,0.011354169373325623,-0.15563355413160454,-0.014163413419974662,-63.41977573000515,-12.890334965064739,-12.890334965064739,-6.173876235778501,-6.173876235778501,186.05482052141244,-217.35487731896245,,,1.3663259817105928,4.111916559924344,3.9986385172760324,,
1554211800,91.91,92.05,91.51,91.68,89.27493627409271,89.25867249562287,89.27493627409271,89.25867249562287,0,0,0,0,0,95.86000000000001,89.9,98.27000000000001,87.49,92.31,89.16408407010017,87.53591592989982,,,,,7002204,0.66,0.63,-0.25402701999123456,-0.15472692493441018,0.07764219713036898,-53.64595442367986,-2.4816461924888884,-2.4816461924888884,18.335731352662815,18.335731352662815,186.05482052141244,-217.35487731896245,,,1.5492200107584697,4.011418656035486,3.993744574206067,,
1554298200,92.09,92.14,91.285,91.56,89.27898565216645,89.3387892605004,89.27898565216645,89.3387892605004,0,0,0,0,0,95.86000000000001,89.9,98.27000000000001,87.49,92.31,89.14405990124985,87.55594009875014,,,,,7398696,0.69,0.64,-0.1080820274576987,-0.1566568418947205,0.14911963882168466,-64.92664577445416,8.795947877210816,8.795947877210816,31.351136016610226,31.351136016610226,186.05482052141244,-217.35487731896245,,,1.79128563743949,3.9243546160905454,3.98934405684989,,
1554384600,91.64,91.75,90.84,91.37,89.28214671979448,89.39848772087294,89.28214671979448,89.39848772087294,0,0,0,0,0,95.86000000000001,89.9,98.27000000000001,87.49,92.31,89.69196052648097,88.16803947351904,,,,,9212386,0.68,0.64,-0.2715668572589587,-0.0576895451894832,0.1866876767959038,-87.23734644598436,11.984079847919077,11.984079847919077,18.360343789335598,18.360343789335598,186.05482052141244,-217.35487731896245,,,2.2700376546530383,3.859479441132212,3.985908879223123,,
1554471000,91.59,92.16,91.53,92,89.28666630676793,89.48263330044655,89.28666630676793,89.48263330044655,0,0,0,0,0,95.86000000000001,89.9,98.27000000000001,87.49,92.31,90.29169663846035,88.88830336153966,,,,,6262046,0.67,0.64,0.4097203535596999,-0.09231199765216844,0.23611382167804146,-52.643226303611264,21.095075772615893,21.095075772615893,39.31706762200953,39.31706762200953,186.05482052141244,-217.35487731896245,,,1.5277030661646065,3.7680372303491687,3.980997379097132,,
1554730200,91.93,92.07,91.33,91.98,89.29078125920195,89.55571434748786,89.29078125920195,89.55571434748786,0,0,0,0,0,95.86000000000001,89.9,98.27000000000001,87.49,92.31,90.42714281171122,89.02275718828881,,,,,5961216,0.64,0.64,0.4189809303953683,-0.1173575135233788,0.14569982396283077,-62.670507504299295,34.01182296968774,34.01182296968774,59.84531736383145,59.84531736383145,186.05482052141244,-217.35487731896245,,,1.7428725121032864,3.6886190061042323,3.9765256011411,,
1554816600,91.66,91.937,91.41,91.74,89.29504623171104,89.62903535346872,89.29504623171104,89.62903535346872,0,0,0,0,0,95.86000000000001,89.9,98.27000000000001,87.49,92.31,90.68614408929142,89.28385591070857,,,,,7207595,0.63,0.64,0.16337385512911862,-0.10329977873942948,0.028632555867751867,-58.65959502402422,43.69147258985525,43.69147258985525,63.050771830190286,63.050771830190286,186.05482052141244,-217.35487731896245,,,1.6568047337278173,3.6089400150306474,3.9718907942132016,,
1554903000,91.85,92.02,91.61,91.77,89.29969828719214,89.70724573176408,89.29969828719214,89.70724573176408,0,0,0,0,0,95.86000000000001,89.9,98.27000000000001,87.49,92.31,90.68493833291325,89.28506166708675,,,,,5433511,0.62,0.64,0.4021249317425938,-0.02556756382035734,-0.18159234857657391,-48.6323138233362,50.506812681686164,50.506812681686164,64.137492865348,64.137492865348,186.05482052141244,-217.35487731896245,,,1.4416352877891376,3.5239476727858823,3.9668353386559105,,
1554989400,91.97,92.02,90.2436,90.64,89.30163827862633,89.72934056581254,89.30163827862633,89.72934056581254,0,0,0,0,0,95.86000000000001,89.9,98.27000000000001,87.49,92.31,90.85651232141599,89.42348767858401,,,,,8534189,0.63,0.64,-0.005967243140367644,-0.17210271837067923,-0.31859083182761755,-117.13869898643578,24.405887050456784,24.405887050456784,41.80650413794304,41.80650413794304,186.05482052141244,-217.35487731896245,,,2.9116729424421757,3.4999368990469133,3.964727122080059,,
1555075800,90.99,91.02,89.661,89.81,89.30242199834935,89.72795034754537,89.30242199834935,89.72795034754537,0,0,0,0,0,95.86000000000001,89.9,98.27000000000001,87.49,92.31,90.86413158482041,89.41586841517957,,,,,11659326,0.65,0.65,-0.5718229735794441,-0.5274551890153021,-0.5698159277562632,-146.34816912403957,-25.57255458521378,-25.57255458521378,19.346817896890766,19.346817896890766,186.05482052141244,-217.35487731896245,,,3.5384615384615397,3.501447669220036,3.9638754425923097,,
1555335000,89.92,90.235,89.745,90.17,89.30337030604495,89.72987582411223,89.30337030604495,89.72987582411223,0,0,0,0,0,95.86000000000001,89.9,98.27000000000001,87.49,92.31,90.90989663229401,89.48260336770598,,,,,7921955,0.64,0.64,-0.5078261181019859,-0.2596664412062844,-0.49667348351368873,-142.1367110197505,-62.983763880478314,-62.983763880478314,-8.096709362232257,-8.096709362232257,186.05482052141244,-217.35487731896245,,,3.448090371167292,3.4993552261591443,3.962844902989063,,
1555421400,90.92,91.03,88.165,88.32,89.30119144429462,89.67038461532351,89.30119144429462,89.67038461532351,0,0,0,0,0,95.86000000000001,89.9,98.27000000000001,87.49,92.31,91.19545819631055,89.73954180368943,,,,,14857099,0.69,0.65,-0.985046137729692,-0.5621915006896561,-0.4763912588007429,-222.94821765751576,-99.75533451734839,-99.75533451734839,-38.64958441393763,-38.64958441393763,186.05482052141238,-230.8583464981421,,,5.147928994082837,3.5640051778424264,3.965212703370869,,
1555507800,88.62,88.6413,85.33,85.78,89.29340924360672,89.5031616892324,89.29340924360672,89.5031616892324,0,0,0,0,0,95.86000000000001,89.9,98.27000000000001,87.49,92.31,90.17952665557412,88.60047334442588,,,,,34381753,0.7,0.66,-1.6538347545939343,-0.7571119777478402,-0.6718911329954782,-251.98058418754357,-140.16269418336182,-140.16269418336182,-72.48728767041236,-72.48728767041236,186.0548205214124,-285.14887190929403,,,8.197955890263588,3.7457287351922757,3.97366973271531,,
1555594200,86.04,86.45,84.65,85.92,89.28429753682627,89.31609652494878,89.28429753682627,89.31609652494878,0,0,0,0,0,95.86000000000001,89.9,98.27000000000001,87.49,92.31,89.8299310097828,88.27006899021723,,,,,35300882,0.69,0.65,-1.563942399578131,-0.620117199093559,-0.4478042267140147,-251.98058418754354,-167.72758696971945,-167.72758696971945,-104.23405410351472,-104.23405410351472,186.0548205214124,-285.14887190929403,,,8.92953200645508,3.9490151379868954,3.9835715554400646,,
1555939800,85.78,86.465,85.51,85.97,89.2769051341553,89.1697554847547,89.2769051341553,89.1697554847547,0,0,0,0,0,95.86000000000001,89.9,98.27000000000001,87.49,92.31,89.817366288233,88.28263371176703,,,,,18717732,0.71,0.65,-1.7186706333537283,-0.5808435156624168,-0.47496018814895435,-223.65335511547988,-176.90079942939758,-176.90079942939758,-128.45630254547567,-128.45630254547567,186.0548205214124,-285.14887190929403,,,8.004303388918771,4.108046049788145,3.9916049856767852,,
1556026200,85.94,87.7867,85.79,87.33,89.27008134767347,89.04002389711727,89.27008134767347,89.04002389711727,0,0,0,0,0,95.86000000000001,89.9,98.27000000000001,87.49,92.31,89.83552709490866,88.26447290509135,,,,,30503353,0.72,0.65,-1.3184031211412501,-0.514543414554642,-0.36796584519755116,-205.21595223979656,-163.23709627338124,-163.23709627338124,-140.04990045477751,-140.04990045477751,186.0548205214124,-285.14887190929403,,,7.703066164604621,4.249027230761341,3.99902049252779,,
1556112600,87.36,87.54,86.84,87.23,89.26534811820758,88.95614452860286,89.26534811820758,88.95614452860286,0,0,0,0,0,95.86000000000001,89.9,98.27000000000001,87.49,92.31,89.83538704733417,88.26461295266584,,,,,14612816,0.71,0.65,-1.2870725964909682,-0.6389432961110677,-0.44977585528899433,-170.51760282727062,-139.274759906961,-139.274759906961,-137.724478811328,-137.724478811328,186.0548205214124,-285.14887190929403,,,6.573426573426573,4.340180146159978,4.0041641610210945,,
1556199000,87.04,88.39,86.675,88.13,89.26029797211726,88.86914866473609,89.26029797211726,88.86914866473609,0,0,0,0,0,95.86000000000001,89.9,98.27000000000001,87.49,92.31,89.83896371530757,88.26103628469245,,,,,16166445,0.71,0.65,-1.0561598319209011,-0.6562811747372368,-0.37890411289862747,-175.97020059209635,-125.76824578240725,-125.76824578240725,-98.75521753329973,-98.75521753329973,186.0548205214124,-285.14887190929403,,,6.750941366325988,4.434719801852762,4.00965222736536,,
1556285400,88.25,89.04,88.06,89.01,89.25799747666848,88.83933499160918,89.25799747666848,88.83933499160918,0,0,0,0,0,95.86000000000001,89.9,98.27000000000001,87.49,92.31,89.84675136218338,88.25324863781663,,,,,11322007,0.72,0.65,-0.47723446931167013,-0.4834356805665467,0.0049718506213149724,-130.20142541462135,-99.91894578594923,-99.91894578594923,-48.22034579303322,-48.22034579303322,186.0548205214124,-285.14887190929403,,,5.260892953200646,4.467118748964444,4.012152208835561,,
1556544600,89.04,89.195,88.4694,88.85,89.256511379812,88.82658483507548,89.256511379812,88.82658483507548,0,0,0,0,0,95.86000000000001,89.9,98.27000000000001,87.49,92.31,89.8364924455033,88.26350755449671,,,,,13264357,0.73,0.66,-0.2881228799552353,-0.5312018909631914,0.17106114165174702,-116.67237374844248,-66.95830855073582,-66.95830855073582,-1.0370340803089988,-1.0370340803089988,186.0548205214124,-285.14887190929403,,,4.820441097364184,4.4809745273330615,4.013767171649803,,
1556631000,89.11,89.43,88.48,89.26,89.25504921921296,88.81474621409212,89.25504921921296,88.81474621409212,0,0,0,0,0,95.86000000000001,89.9,98.27000000000001,87.49,92.31,89.83629067210273,88.26370932789727,,,,,11750852,0.76,0.66,-0.2719233637973738,-0.43865913453251953,0.2940816112364088,-107.44204881938187,-31.59688176134828,-31.59688176134828,39.125971817426816,39.125971817426816,150.0830949461963,-285.14887190929403,,,4.8090371167294235,4.4938397269172325,4.015356122589023,,
1556717400,89.38,89.73,88.6,89.1,89.2538273426511,88.8080306762846,89.2538273426511,88.8080306762846,0,0,0,0,0,93.27749999999999,80.75250000000001,97.17499999999998,76.85500000000002,89.38,89.82170372299345,88.27829627700658,,,,,25596449,0.75,0.68,0.2421704242745573,-0.5950959580150775,0.4071916569640105,-98.9845846268742,3.139232763315931,3.139232763315931,72.61146181264436,72.61146181264436,129.97510277344287,-285.14887190929403,,,4.679935449166227,4.501137598377977,4.016683953411355,,
1556803800,89.01,89.565,88.5,89.48,89.25241010520325,88.79769613995971,89.25241010520325,88.79769613995971,0,0,0,0,0,93.27749999999999,80.75250000000001,97.17499999999998,76.85500000000002,89.38,89.8103041889732,88.28969581102683,,,,,18927530,0.74,0.67,1.1823392052531414,-0.42344439515929355,0.5845093108838556,-96.51438169305689,43.50591539192887,43.50591539192887,124.23928064915476,124.23928064915476,108.05080873618556,-285.14887190929403,,,4.78752017213556,4.512368287544941,4.018224085716498,,
1556890200,89.73,90.19,89.58,90.16,89.25313196313492,88.82969629133385,89.25313196313492,88.82969629133385,0,0,0,0,0,93.27749999999999,80.75250000000001,97.17499999999998,76.85500000000002,89.38,89.81514229397845,88.28485770602157,,,,,13623977,0.74,0.68,1.383325283274661,-0.3752357180369683,0.8453423009749375,-66.73280105634224,87.49366568314255,87.49366568314255,175.4691662655699,175.4691662655699,108.05080873618556,-285.14887190929403,,,3.625605164066707,4.477593263094814,4.017439632326588,,
1557149400,88.85,90.85,88.7,90.62,89.25211171945233,88.82627682892858,89.25211171945233,88.82627682892858,0,0,0,1,0,93.27749999999999,80.75250000000001,97.17499999999998,76.85500000000002,89.38,89.81664682450513,88.28335317549488,,,,,25168305,0.73,0.68,1.5155512106325246,0,1.1481046406439495,-91.68352170398038,127.71269650595525,127.71269650595525,208.15075815158067,208.15075815158067,111.00738080989822,-285.14887190929403,228.15075815158067,,4.57235072619688,4.481309242039993,4.018548345800855,,
1557235800,89.92,90.36,88.36,88.88,89.25042098674614,88.80979146308826,89.25042098674614,88.80979146308826,0,0,0,1,0,93.27749999999999,80.75250000000001,97.17499999999998,76.85500000000002,89.38,89.8464042952073,88.25359570479273,,,,,18011732,0.71,0.66,0.490515561389734,-0.2977325117327956,0.5097227020091534,-101.12970272802694,146.8182799219166,146.8182799219166,185.02944675383932,185.02944675383932,111.00738080989822,-285.14887190929403,,,4.938138784292634,4.4992241260499,4.020385689334304,,
1557322200,88.84,89.48,88.34,89.07,89.2486940716877,88.79317611159459,89.2486940716877,88.79317611159459,0,0,0,0,0,93.27749999999999,80.75250000000001,97.17499999999998,76.85500000000002,89.38,89.84503760018521,88.25496239981481,,,,,13783307,0.7,0.66,0.5845543454327429,-0.37196404391612853,0.42525859770955277,-101.15169222633702,141.1657924943222,141.1657924943222,144.9341174460518,144.9341174460518,111.00738080989822,-285.14887190929403,,,4.9596557288864975,4.51728026733761,4.022262352749993,,
1557408600,88.28,89.165,87.855,88.88,89.24601126634965,88.75838293074776,89.24601126634965,88.75838293074776,0,0,0,0,0,93.27749999999999,80.75250000000001,97.17499999999998,76.85500000000002,89.38,89.83595636082276,88.26404363917727,,,,,15692261,0.69,0.66,0.23581891231778596,-0.27422034860969735,0.3933074033001818,-109.04260271013376,91.41076240779134,91.41076240779134,127.09299909996498,127.09299909996498,111.00738080989822,-285.14887190929403,,,5.481441635287788,4.555090517061147,4.025177795871947,,
1557495000,88.59,89.14,87.01,88.91,89.24166239269061,88.69214830601254,89.24166239269061,88.69214830601254,0,0,0,0,0,93.27749999999999,80.75250000000001,97.17499999999998,76.85500000000002,89.38,89.83563634817922,88.2643636518208,,,,,17771753,0.71,0.67,-0.03257142958917332,-0.32310027540044484,0.2681015325610543,-132.57797928486252,44.30659268661178,44.30659268661178,99.49753029551391,99.49753029551391,111.00738080989822,-285.14887190929403,,,6.390532544378695,4.627068635779482,4.029903779385447,,
1557754200,87.4,88.863,86.9,87.24,89.23710462567226,88.62424052930618,89.23710462567226,88.62424052930618,0,0,0,0,0,93.27749999999999,80.75250000000001,97.17499999999998,76.85500000000002,89.38,89.86292523501724,88.23707476498278,,,,,17436308,0.68,0.66,-0.5263008148233579,-0.824281286212226,0.23181146757354013,-105.4670696859556,-17.20921231566785,-17.20921231566785,60.59528275845332,60.59528275845332,111.00738080989822,-285.14887190929403,,,6.508875739644967,4.700864992793814,4.034856770315036,,
1557840600,87.64,88.29,87.47,87.68,89.23368343760897,88.58112521443142,89.23368343760897,88.58112521443142,0,0,0,0,0,93.27749999999999,80.75250000000001,97.17499999999998,76.85500000000002,89.38,89.84975299563084,88.2502470043692,,,,,13147143,0.68,0.66,-0.5153013779050714,-0.770041827904666,0.4894310600880542,-88.84882121751698,-60.71434980707827,-60.71434980707827,20.1587385699428,20.1587385699428,111.00738080989822,-285.14887190929403,,,5.895642818719746,4.747719025183066,4.038574624557603,,
1557927000,87.22,88.24,86.83,87.94,89.22900315102035,88.51485363739489,89.22900315102035,88.51485363739489,0,0,0,0,0,93.27749999999999,80.75250000000001,97.17499999999998,76.85500000000002,89.38,89.8501357841476,88.24986421585241,,,,,10587732,0.69,0.67,-0.38178171366006924,-0.6906709790937074,0.22515539959939396,-106.90064521091725,-89.2306419190956,-89.2306419190956,-16.30438825973667,-16.30438825973667,111.00738080989822,-285.14887190929403,,,6.584185045723512,4.819737300498378,4.043660759265227,,
1558013400,88.13,89.39,88.07,88.63,89.22678496290642,88.49932212220294,89.22678496290642,88.49932212220294,0,0,0,0,0,93.27749999999999,80.75250000000001,97.17499999999998,76.85500000000002,89.38,89.85498274355753,88.24501725644251,,,,,15123987,0.68,0.67,-0.2804661479925987,-0.5454924053937834,0.2668834439196733,-71.92523622370442,-71.52718204849805,-71.52718204849805,-34.711986189323795,-34.711986189323795,111.00738080989822,-285.14887190929403,,,5.250134480903721,4.836615621298588,4.046071296171597,,
1558099800,87.9,89.14,87.9,88.44,89.22423494300051,88.47779968603811,89.22423494300051,88.47779968603811,0,0,0,0,0,93.27749999999999,80.75250000000001,97.17499999999998,76.85500000000002,89.38,89.83588147322313,88.2641185267769,,,,,13354085,0.68,0.66,-0.5707592919373272,-0.5539133275770223,0.1697302989844375,-76.720251971951,-48.64768857126529,-48.64768857126529,-39.35722031663763,-39.35722031663763,111.00738080989822,-285.14887190929403,,,5.433028509951584,4.860004362030078,4.048842439455873,,
1558359000,88.06,88.68,87.75,88.4,89.22139331474277,88.45129773756604,89.22139331474277,88.45129773756604,0,0,0,0,0,93.27749999999999,80.75250000000001,97.17499999999998,76.85500000000002,89.38,89.83567999459845,88.26432000540157,,,,,10757386,0.68,0.66,-0.7539168296677283,-0.6952621188436591,0.12331038581749833,-80.95114822040433,-37.667941713266195,-37.667941713266195,-34.289384506523334,-34.289384506523334,111.00738080989822,-285.14887190929403,,,5.594405594405597,4.88880441035853,4.051930477727501,,
1558445400,88.9,89.61,88.84,89.23,89.22071340802,88.46815272824972,89.22071340802,88.46815272824972,0,0,0,0,0,93.27749999999999,80.75250000000001,97.17499999999998,76.85500000000002,89.38,89.84363345978899,88.25636654021105,,,,,11690593,0.68,0.66,0.1327568453166962,-0.5819311253057241,0.21956366527475243,-50.20663548164446,-24.000693091023408,-24.000693091023408,3.333804153462168,3.333804153462168,111.00738080989822,-285.14887190929403,,,4.421732114039806,4.87048784971858,4.052669342135717,,
1558531800,88.97,89.94,88.89,89.74,89.22013376085114,88.48628791537718,89.22013376085114,88.48628791537718,0,0,0,0,0,93.27749999999999,80.75250000000001,97.17499999999998,76.85500000000002,89.38,89.84113014871319,88.25886985128682,,,,,9021899,0.68,0.66,0.2547959722183591,-0.4263436908607655,0.24816543115078218,-48.79633673216015,0.41746176740317154,0.41746176740317154,49.253771484256326,49.253771484256326,111.00738080989822,-285.14887190929403,,,4.36793975255514,4.850780081202366,4.053299253045646,,
1558618200,89.29,89.43,88.68,89.43,89.21913988720308,88.49555897751925,89.21913988720308,88.49555897751925,0,0,0,0,0,93.27749999999999,80.75250000000001,97.17499999999998,76.85500000000002,89.38,89.83455264058944,88.26544735941059,,,,,13545414,0.69,0.66,0.2094205991369088,-0.49821322601713913,0.33644916031458866,-54.71959147999442,24.693844027045635,24.693844027045635,73.24660854633056,73.24660854633056,111.00738080989822,-285.14887190929403,,,4.593867670790743,4.840705084715636,4.054379309824357,,
1558704600,89.74,90.1,89.34,89.56,89.21945349382206,88.53008999800869,89.21945349382206,88.53008999800869,0,0,0,0,0,93.27749999999999,80.75250000000001,97.17499999999998,76.85500000000002,89.38,89.83456812310084,88.26543187689919,,,,,9986447,0.68,0.66,0.25035826528899235,-0.23558217039515644,0.14979028834864083,-36.10364798680052,47.89871051542202,47.89871051542202,94.30844349217479,94.30844349217479,111.00738080989822,-285.14887190929403,,,3.8838084991931137,4.803179728420635,4.054038509003915,,
1559050200,89.64,90.18,88.27,88.28,88.86320213131233,88.18299447494786,88.86320213131233,88.18299447494786,0,0,0,0,0,93.27749999999999,80.75250000000001,97.17499999999998,76.85500000000002,89.38,89.84894494126966,88.25105505873037,,,,,20795950,0.68,0.66,0.40885804035353757,-0.33733466127606526,0.005182366192500716,-66.28404122576676,55.34514859878182,55.34514859878182,70.23802476550142,70.23802476550142,111.00738080989822,-285.14887190929403,,,4.655433138906894,4.797385744518135,4.055240096676049,,
1559136600,87.85,87.8625,86.82,87.43,88.85923489428674,88.13180253475383,88.85923489428674,88.13180253475383,0,0,0,0,0,93.27749999999999,80.75250000000001,97.17499999999998,76.85500000000002,89.38,89.85399117036386,88.24600882963617,,,,,16302651,0.68,0.65,-0.09974031990721116,-0.6137042842564148,-0.2082665721058668,-107.18270496081425,21.474517301755434,21.474517301755434,44.05493816643969,44.05493816643969,111.00738080989822,-285.14887190929403,,,6.221646143875573,4.853239093512545,4.059568580286837,,
1559223000,87.6,88.05,87.505,87.91,88.85663052886359,88.10921223927328,88.85663052886359,88.10921223927328,0,0,0,0,0,93.27749999999999,80.75250000000001,97.17499999999998,76.85500000000002,89.38,89.85661551056793,88.24338448943209,,,,,12457685,0.67,0.65,-0.012599448713807264,-0.09898762824010457,-0.2965697501191771,-87.861612092878,-14.36264920401554,-14.36264920401554,24.582409042954616,24.582409042954616,111.00738080989822,-285.14887190929403,,,5.481745517390369,4.877886404252852,4.062410092648682,,
1559309400,87.34,87.69,86.77,87.28,88.85257752081391,88.05897254361551,88.85257752081391,88.05897254361551,0,0,0,0,0,93.27749999999999,80.75250000000001,97.17499999999998,76.85500000000002,89.38,89.84228942900307,88.25771057099696,,,,,10712975,0.67,0.65,-0.5609887205117168,0.37183109009254844,-0.2991627075255883,-108.59300371029858,-45.72952611010166,-45.72952611010166,1.145097325269191,1.145097325269191,111.00738080989822,-285.14887190929403,,,6.27565348887449,4.93270079972821,4.066832157376406,,
1559568600,87.36,88.24,87.31,87.49,88.84960074255055,88.03166773798353,88.84960074255055,88.03166773798353,0,0,0,0,0,89.4,84.72999999999999,91.44,82.69,87.36,89.52240804129916,87.96759195870085,,,,,19370992,0.71,0.66,-0.39705226141309874,0.38995775295699503,-0.28477890011481266,-93.36177721586694,-63.34969786994191,-63.34969786994191,-20.35316773980118,-20.35316773980118,111.00738080989822,-285.14887190929403,,,5.692374162886148,4.962491912008914,4.070079993551251,,
1559655000,88.22,89.09,88.11,88.94,88.84821232947851,88.03649253257241,88.84821232947851,88.03649253257241,0,0,0,0,0,89.4,84.72999999999999,91.44,82.69,87.36,89.54543159845389,87.94456840154612,,,,,15837154,0.7,0.66,0.22202385553320547,0.7249483078659867,0.017734476485295105,-70.79699722411672,-38.477900834581845,-38.477900834581845,-26.3947454380614,-26.3947454380614,111.00738080989822,-285.14887190929403,,,4.828256642903433,4.957227783808698,4.0715948320114945,,
1559741400,89.59,89.82,88.9712,89.61,88.84853016298605,88.07456294305976,88.84853016298605,88.07456294305976,0,0,0,0,0,89.4,84.72999999999999,91.44,82.69,87.36,89.53383736149118,87.95616263850881,,,,,24291851,0.72,0.66,0.1542749140874558,0.5460512040767541,0.0937024597605595,-46.506011562997614,-17.173519591213847,-17.173519591213847,1.2689321024812585,1.2689321024812585,111.00738080989822,-285.14887190929403,,,3.8980341326420422,4.915690777880594,4.07124805738738,,
1559827800,89.75,90.43,89.535,90.07,88.84996257025281,88.13302910215546,88.84996257025281,88.13302910215546,0,0,0,0,0,89.4,84.72999999999999,91.44,82.69,87.36,89.53101034310535,87.95898965689466,,,,,18840935,0.74,0.66,0.1330890126784278,0.6803089254128177,0.2964207112090832,-15.738628466072774,1.4539342200618535,1.4539342200618535,38.70884184261325,38.70884184261325,125.52266611468247,-285.14887190929403,,,3.289047310434221,4.851900837980737,4.069685218732129,,
1559914200,90.36,91.23,90.33,91.01,88.85296464303953,88.22006717658073,88.85296464303953,88.22006717658073,0,0,0,0,0,89.4,84.72999999999999,91.44,82.69,87.36,89.53881883577492,87.9511811642251,,,,,9302690,0.75,0.68,0.6406951664093958,0.6842041146958265,0.36535091814044884,-21.87120976366312,26.08100557378308,26.08100557378308,75.33514828122554,75.33514828122554,168.53605243991825,-285.14887190929403,,,2.4303305249513936,4.756937296293311,4.066409784778521,,
1560173400,91.29,91.575,90.95,91.28,88.85718709130518,88.3277625814207,88.85718709130518,88.3277625814207,0,0,0,0,0,89.4,84.72999999999999,91.44,82.69,87.36,89.52960834263092,87.96039165736909,,,,,8552839,0.75,0.67,0.7106578066018404,0.5448445335214501,0.2382897860653862,-10.58257404809722,53.762139427592544,53.762139427592544,109.12440713521147,109.12440713521147,168.53605243991825,-285.14887190929403,,,1.7606394469647826,4.639435419849056,4.061802851036636,,
1560259800,91.73,91.96,90.903,91.13,88.8613081360778,88.42940993116892,88.8613081360778,88.42940993116892,0,0,0,0,0,89.4,84.72999999999999,91.44,82.69,87.36,89.52571339620324,87.96428660379675,,,,,8317911,0.74,0.66,1.1946738760382012,0.5482562851084052,0.06258061010045259,-12.08978913979583,80.59303817322554,80.59303817322554,134.25483566449154,134.25483566449154,168.53605243991825,-285.14887190929403,,,1.8114063512637637,4.528532319120221,4.057306554333793,,
1560346200,91.15,91.6,91.06,91.57,88.86573149644528,88.53316640445641,88.86573149644528,88.53316640445641,0,0,0,1,0,89.4,84.72999999999999,91.44,82.69,87.36,89.51832989535735,87.97167010464266,,,,,5799156,0.74,0.65,1.7585782590028112,0.5549020216250562,0.11185819343313028,-16.303091628734236,105.72726768689213,105.72726768689213,155.99572671422536,155.99572671422536,168.53605243991825,-285.14887190929403,,,1.6418232879671595,4.415328043388729,4.052480413941452,,
1560432600,91.73,91.73,91.1,91.46,88.6019900171634,88.3770368430557,88.6019900171634,88.3770368430557,0,0,0,1,0,89.4,84.72999999999999,91.44,82.69,87.36,89.51823736864928,87.97176263135073,,,,,9031760,0.73,0.65,1.5137484498343492,0.5732410858452994,0.13394099774798385,-15.024417775500414,134.0900134483012,134.0900134483012,190.8155049711193,190.8155049711193,168.53605243991825,-285.14887190929403,,,1.3001083423618667,4.293162564917087,4.046981169043191,,
1560519000,91.5,91.77,91.175,91.25,88.60715337377246,88.48720206489666,88.60715337377246,88.48720206489666,0,0,0,1,0,89.4,84.72999999999999,91.44,82.69,87.36,89.51855046817822,87.97144953182179,,,,,5056271,0.72,0.65,1.7103585324849129,0.42943560846227863,0.12345364555083217,-12.626904300686418,171.27065347287015,171.27065347287015,245.63193352200807,245.63193352200807,168.53605243991825,-285.14887190929403,265.63193352200807,,1.2188515709642471,4.172601349467956,4.04133056045562,,
1560778200,91.34,91.72,91.21,91.66,88.32494782158989,88.31795960498675,88.32494782158989,88.31795960498675,0,0,0,1,0,89.4,84.72999999999999,91.44,82.69,87.36,89.52006370656288,87.96993629343713,,,,,4861481,0.73,0.65,1.7900292052990419,0.3607440751654326,0.12274643707110859,-14.370956287718327,216.37605605369015,216.37605605369015,306.5868612153302,306.5868612153302,168.53605243991825,-285.14887190929403,326.5868612153302,,0.8586956521739199,4.042644263299563,4.034971649549962,,
1560864600,92.12,92.76,91.94,92.44,88.75376035324612,88.86602240161207,88.75376035324612,88.86602240161207,0,0,0,1,1,89.4,84.72999999999999,91.44,82.69,87.36,89.4804529719132,87.92954702808684,,,,,7979937,0.74,0.65,1.4789292751680891,0.4357758807938313,0.37259349468568925,-15.832995015773035,258.37164844590575,258.37164844590575,342.3628332303369,342.3628332303369,168.53605243991825,-285.14887190929403,362.3628332303369,,0.540891389009087,3.9053206211705245,4.027990470208222,,
1560951000,92.46,93.48,92.4,93.27,89.55637272047639,89.77157032786917,89.55637272047639,89.77157032786917,0,0,0,1,1,89.4,84.72999999999999,91.44,82.69,87.36,89.84590451936758,88.28409548063243,,,,,6988099,0.74,0.66,1.5272571060833373,1.066319603318048,0.46148505590400285,-27.304251990018177,289.53866622254964,289.53866622254964,351.8727017758374,351.8727017758374,168.53605243991825,-285.14887190929403,371.8727017758374,,0.9327758121582399,3.7887502365033763,4.021806225137193,,
1561037400,94.04,94.33,93.14,93.68,89.95643252827129,90.28302348514316,89.95643252827129,90.28302348514316,0,0,0,1,1,89.4,84.72999999999999,91.44,82.69,87.36,90.27493414526239,88.70506585473764,,,,,9241301,0.74,0.65,1.5123321489504413,1.1275322978702618,0.5390613820004826,-16.873294449175088,307.35803084010655,307.35803084010655,342.9967600752204,342.9967600752204,168.53605243991825,-285.14887190929403,362.9967600752204,,0.5764304013663601,3.662776909635258,4.014922357357431,,
1561123800,93.19,93.91,92.66,93.73,90.00977232423845,90.42295510035434,90.00977232423845,90.42295510035434,0,0,0,1,0,89.4,84.72999999999999,91.44,82.69,87.36,90.245917652163,88.73408234783702,,,,,9026071,0.73,0.65,1.1291628110815415,1.1902928967454605,0.3692658428933121,-33.416285146828855,310.51538138638944,310.51538138638944,316.8300824789552,316.8300824789552,168.53605243991825,-285.14887190929403,336.8300824789552,,1.1415768697322173,3.5639063198351386,4.009181407332206,,
1561383000,93.61,93.6701,93.065,93.24,90.01588996195225,90.52682548857574,90.01588996195225,90.52682548857574,0,0,0,1,1,89.4,84.72999999999999,91.44,82.69,87.36,90.24859036897439,88.73140963102563,,,,,6493610,0.73,0.65,0.8194907083313373,1.0731001425381954,0.27601142857858346,-20.76806506788901,281.7736647366032,281.7736647366032,300.93480916979405,300.93480916979405,168.53605243991825,-285.14887190929403,320.93480916979405,,0.7094846900672209,3.451968216706985,4.00258860669831,,
1561469400,93.31,93.74,92.77,92.86,90.02141186013017,90.61516958706297,90.02141186013017,90.61516958706297,0,0,0,0,0,89.4,84.72999999999999,91.44,82.69,87.36,90.24677055709888,88.73322944290113,,,,,14930608,0.73,0.65,0.7313678922314852,1.4328845136028634,0.19514886244958415,-29.980966113042754,234.4650221287414,234.4650221287414,278.77821348944315,278.77821348944315,168.53605243991825,-285.14887190929403,298.77821348944315,,1.0242184999466637,3.3567623454614823,3.9966378172742303,,
1561555800,92.99,93,91.5,91.69,90.02441063763241,90.65074332874677,90.02441063763241,90.65074332874677,0,0,0,0,0,89.4,84.72999999999999,91.44,82.69,87.36,90.2545347713017,88.72546522869831,,,,,10498431,0.76,0.66,0.04988528806170678,1.0051425467211694,-0.15852555376831579,-69.64328586675511,160.82345506594615,160.82345506594615,239.45996068161082,239.45996068161082,168.53605243991825,-285.14887190929403,,,2.379174223834422,3.318425556378068,3.9934061217828423,,
1561642200,92.01,92.51,91.83,92.33,90.02805617082396,90.69773378644298,90.02805617082396,90.69773378644298,0,0,0,0,0,89.4,84.72999999999999,91.44,82.69,87.36,90.25782657819008,88.72217342180994,,,,,7416201,0.73,0.66,0.3611408562945573,1.0942234038823866,-0.04098612911422354,-59.337328765396805,99.19289984475643,99.19289984475643,192.7042737359927,192.7042737359927,168.53605243991825,-285.14887190929403,,,2.0270991144777613,3.2677853037545264,3.9894774364535612,,
1561728600,92.37,92.715,91.84,92.64,90.03171420045268,90.7432697163864,90.03171420045268,90.7432697163864,0,0,0,0,0,89.4,84.72999999999999,91.44,82.69,87.36,90.24717466414806,88.73282533585196,,,,,9390623,0.73,0.67,0.5780433687058101,0.9912461012485826,0.01640600590170809,-47.63423072051109,58.10748133344412,58.10748133344412,147.83867626847652,147.83867626847652,168.53605243991822,-197.5956284152923,,,2.016430171769978,3.2187125534806227,3.985535284076571,,
1561987800,93.37,93.41,92.72,93.1,90.03710558067156,90.82118462946927,90.03710558067156,90.82118462946927,0,0,0,0,0,97.84,89.86000000000001,101.35,86.35000000000001,93.37,90.24893305451606,88.73106694548396,,,,,7833409,0.75,0.66,0.5959936570469139,1.154079040985247,0.19166192714161168,-24.885705454262716,52.305801445775884,52.305801445775884,115.99438466090965,115.99438466090965,168.53605243991822,-149.1637023087057,,,1.077563213485549,3.134745912696502,3.979725150069396,,
1562074200,93.18,93.6,92.65,93.6,90.04234772736352,90.89332640870578,90.04234772736352,90.89332640870578,0,0,0,0,0,97.84,89.86000000000001,101.35,86.35000000000001,93.37,90.25055202034449,88.72944797965553,,,,,7952577,0.74,0.66,0.47968139971255574,1.2982109779130504,0.14455943670988622,-27.21432960596344,62.61096048000141,62.61096048000141,98.19990993394023,98.19990993394023,168.53605243991825,-129.5885940049696,,,1.1522458124399853,3.057000810725658,3.9740758407035033,,
1562160600,93.81,94.42,93.8,94.4,90.69222147315666,91.6317924861585,90.69222147315666,91.6317924861585,0,0,0,0,0,97.84,89.86000000000001,101.35,86.35000000000001,93.37,90.30116098250211,88.7688390174979,,,,,4066048,0.72,0.66,0.46100042683337467,1.272869509693349,0.23538892625906008,-17.50667809180018,87.89937436198099,87.89937436198099,94.76639807662049,94.76639807662049,168.53605243991825,-129.5885940049696,,,0.635593220338992,2.962043650318338,3.96740554575772,,
1562333400,94,94.23,93.54,93.75,90.69792852316036,91.70696140826993,90.69792852316036,91.70696140826993,0,0,0,0,0,97.84,89.86000000000001,101.35,86.35000000000001,93.37,90.30511517795857,88.76488482204142,,,,,5934272,0.73,0.66,0.028327209401447537,0.9780258081100225,0.1915678019655296,-25.092905264913217,96.57137615331847,96.57137615331847,100.18133230671441,100.18133230671441,168.53605243991825,-129.5885940049696,,,0.9110169491525417,2.8816112306647774,3.9612988752350327,,
1562592600,93.39,93.42,92.62,93.05,90.70180439024695,91.74346488245543,90.70180439024695,91.74346488245543,0,0,0,0,0,97.84,89.86000000000001,101.35,86.35000000000001,93.37,90.30655183138121,88.76344816861878,,,,,15201990,0.75,0.66,-0.2773666731715766,0.8934879385525324,0.15666470125503196,-57.9559543670845,79.10481646712817,79.10481646712817,90.74918959125503,90.74918959125503,168.53605243991825,-129.5885940049696,,,1.8855932203389842,2.84255170084808,3.9571516111892864,,
1562679000,92.71,93.24,92.7,93.14,90.7058307551016,91.78164273020226,90.7058307551016,91.78164273020226,0,0,0,0,0,97.84,89.86000000000001,101.35,86.35000000000001,93.37,90.30658798731942,88.76341201268059,,,,,5537339,0.76,0.67,-0.04101342988765974,0.8825446150385771,0.20723394733810468,-55.35119237305828,51.42231375715068,51.42231375715068,77.64023097988692,77.64023097988692,168.53605243991825,-129.5885940049696,,,1.8008474576271214,2.801700554055101,3.952843311182169,,
1562765400,93.35,93.71,93.07,93.46,90.71058094340309,91.8326881133316,90.71058094340309,91.8326881133316,0,0,0,0,0,97.84,89.86000000000001,101.35,86.35000000000001,93.37,90.30674908102728,88.76325091897272,,,,,5347279,0.75,0.66,0.24698006403898926,1.2949295328745147,0.06990992804253855,-43.30416815068711,38.756710761102994,38.756710761102994,64.67905757362561,64.67905757362561,168.53605243991825,-129.5885940049696,,,1.408898305084759,2.7470808580170485,3.9477605039771793,,
1562851800,94.11,94.15,92.85,93.48,90.7148864759837,91.87319054025977,90.7148864759837,91.87319054025977,0,0,0,0,0,97.84,89.86000000000001,101.35,86.35000000000001,93.37,90.30674951844284,88.76325048155715,,,,,13691693,0.74,0.66,0.7586514505367871,1.5525496697472052,0.2528838168455957,-50.46726363425931,37.793433552841854,37.793433552841854,55.71718290003103,55.71718290003103,168.53605243991825,-129.5885940049696,,,1.6419491525423848,2.7037423597631403,3.943153488289997,,
1562938200,93.17,93.19,91.795,92.44,90.71709659291481,91.87114581319075,90.71709659291481,91.87114581319075,0,0,0,0,0,97.84,89.86000000000001,101.35,86.35000000000001,93.37,90.3043492338264,88.76565076617361,,,,,11508183,0.78,0.66,0.045886851291264616,1.1458762097871247,0.11207843550447305,-84.81756243048048,-3.605072914523376,-3.605072914523376,35.943097628512895,35.943097628512895,168.53605243991825,-129.5885940049696,,,2.7595338983050888,2.7059302632353734,3.9407886139843327,,
1563197400,92.49,92.86,92.18,92.64,90.7200638324894,91.88412833032054,90.7200638324894,91.88412833032054,0,0,0,0,0,97.84,89.86000000000001,101.35,86.35000000000001,93.37,90.2969455643262,88.7730544356738,,,,,5811267,0.74,0.65,0,1.3653028178634738,0.33261851033690515,-72.2821453342289,-38.85540167805764,-38.85540167805764,11.010264526322718,11.010264526322718,168.53605243991825,-129.5885940049696,,,2.351694915254236,2.6920386809616033,3.9376136015992573,,
1563283800,92.57,92.7,92.115,92.18,90.72289657208484,91.89407819971973,90.72289657208484,91.89407819971973,0,0,0,0,0,97.84,89.86000000000001,101.35,86.35000000000001,93.37,90.298308619945,88.77169138005499,,,,,9092557,0.73,0.65,-0.38200972887889484,1.1964376632933815,0.3725248511934398,-74.39851445437564,-68.22152424443948,-68.22152424443948,-15.400331730598012,-15.400331730598012,168.53605243991825,-129.5885940049696,,,2.4205508474576387,2.6813920992555653,3.934582507185388,,
1563370200,92.37,92.68,92.19,92.2,90.72587200350924,91.90654964286797,90.72587200350924,91.90654964286797,0,0,0,0,0,97.84,89.86000000000001,101.35,86.35000000000001,93.37,90.25971466038811,88.8102853396119,,,,,9567035,0.75,0.65,-0.581839243593452,0.8232100629611594,0.4061159821054985,-71.9565500849759,-86.57272652864482,-86.57272652864482,-39.12446332994695,-39.12446332994695,168.53605243991825,-129.5885940049696,,,2.3411016949152623,2.66804737751673,3.9313987293386945,,
1563456600,92.19,92.87,91.74,92.72,90.7279513801256,91.90106142157903,90.7279513801256,91.90106142157903,0,0,0,0,0,97.84,89.86000000000001,101.35,86.35000000000001,93.37,90.17717816527517,88.89282183472483,,,,,6561567,0.7,0.65,-0.6907398500742241,0.7777150600157409,0.3290934989627648,-86.60833630137377,-93.31375975238385,-93.31375975238385,-57.187562137425914,-57.187562137425914,168.53605243991825,-129.5885940049696,,,2.817796610169503,2.6739198964442896,3.9291737500796153,,
1563543000,92.93,92.969,91.68,91.76,90.72990792082464,91.89345901288965,90.72990792082464,91.89345901288965,0,0,0,0,0,97.84,89.86000000000001,101.35,86.35000000000001,93.37,90.62337841025192,89.30662158974809,,,,,8105933,0.7,0.65,-0.8180638412390362,0.4174950316586322,0.0959113564436694,-90.96258973582903,-126.06025873884677,-126.06025873884677,-80.14512767123287,-80.14512767123287,168.53605243991825,-137.6699742741627,,,2.8813559322033884,2.6820546429446463,3.9270802079859566,,
1563802200,91.86,91.92,91.49,91.57,90.73148472817564,91.87877826728614,90.73148472817564,91.87877826728614,0,0,0,0,0,97.84,89.86000000000001,101.35,86.35000000000001,93.37,90.76531966620125,89.44468033379876,,,,,5192693,0.71,0.65,-0.6137754613245557,0.13708895589677839,-0.06846490946798091,-98.84814193744151,-163.2722166515292,-163.2722166515292,-107.85415733133163,-107.85415733133163,168.53605243991825,-142.48897931502222,,,3.082627118644079,2.697763367481879,3.9253929890262325,,
1563888600,91.7,92.28,91.32,92.14,90.73272212132615,91.85807323719649,90.73272212132615,91.85807323719649,0,0,0,0,0,97.84,89.86000000000001,101.35,86.35000000000001,93.37,91.19213492652929,89.9028650734707,,,,,6688591,0.71,0.66,-0.41340964846585265,0.20944935841629206,0.03211889954435698,-127.73084554351836,-169.78268936798534,-169.78268936798534,-128.49700134354953,-128.49700134354953,168.53605243991825,-142.48897931502222,,,3.2627118644067927,2.719918210498542,3.9240689508152045,,
1563975000,92,92.2,91.17,92.19,90.73366033886596,91.83235663965937,90.73366033886596,91.83235663965937,0,0,0,0,0,97.84,89.86000000000001,101.35,86.35000000000001,93.37,91.19173738346895,89.90326261653105,,,,,5430541,0.72,0.66,-0.5311827128312285,0.2625124202368724,0.028329186951568747,-133.95150360570233,-161.2728347464234,-161.2728347464234,-139.42227914450748,-139.42227914450748,168.53605243991825,-142.48897931502222,,,3.42161016949153,2.7474355422237573,3.923065037166206,,
1564061400,91.94,92.29,91.54,91.74,90.73532854997711,91.82201324202568,90.73532854997711,91.82201324202568,0,0,0,0,0,97.84,89.86000000000001,101.35,86.35000000000001,93.37,91.23364070602358,89.95635929397642,,,,,6618662,0.72,0.65,-0.7366574746274763,0.04241994832427222,-0.015798917275375243,-118.60721371898083,-161.1074041692666,-161.1074041692666,-146.65065415276052,-146.65065415276052,168.53605243991825,-142.48897931502222,,,3.029661016949152,2.758503207899263,3.921280014148789,,
1564147800,92.06,92.24,91.72,92.07,90.73734947195518,91.81906370312271,90.73734947195518,91.81906370312271,0,0,0,0,0,97.84,89.86000000000001,101.35,86.35000000000001,93.37,91.22559579883661,89.96440420116339,,,,,3812448,0.72,0.65,-0.15825727294285927,0.15225091141906053,-0.07260284437250583,-111.14242404435997,-143.28246388504627,-143.28246388504627,-136.5460833496178,-136.5460833496178,168.53605243991825,-142.48897931502222,,,2.8389830508474647,2.7616592801717412,3.9191175826536817,,
1564407000,92.12,92.52,91.97,92.45,90.73986086162161,91.82593571476495,90.73986086162161,91.82593571476495,0,0,0,0,0,97.84,89.86000000000001,101.35,86.35000000000001,93.37,91.2263000389307,89.9636999610693,,,,,5887534,0.73,0.66,-0.0824116995810868,0.30508549618513303,0.07429819071721061,-100.7746606073861,-122.11061283855807,-122.11061283855807,-79.76691074558168,-79.76691074558168,168.53605243991825,-142.48897931502222,,,2.574152542372888,2.7543060747678645,3.9164303398159577,,
1564493400,91.74,92.09,91.36,92.05,90.74116064011986,91.80885588281339,90.74116064011986,91.80885588281339,0,0,0,0,0,97.84,89.86000000000001,101.35,86.35000000000001,93.37,91.22708467857008,89.96291532142992,,,,,7959161,0.73,0.66,-0.05687584797908264,0.09907072997449756,-0.03641147641964148,-126.07200339360227,-102.50792539787179,-102.50792539787179,-63.30255051649922,-63.30255051649922,168.53605243991825,-142.48897931502222,,,3.2203389830508535,2.7725818750926874,3.915039547894349,,
1564579800,91.95,92.33,90.5816,91.14,90.74091812935039,91.76222561289913,90.74091812935039,91.76222561289913,0,0,0,0,0,97.84,89.86000000000001,101.35,86.35000000000001,93.37,91.23754972140921,89.95245027859077,,,,,8557587,0.74,0.65,-0.4600298456680306,-0.32488813608900097,0.07653658764676198,-170.5273353114314,-95.29992279796627,-95.29992279796627,-80.88391759815525,-80.88391759815525,168.53605243991822,-166.40073996993777,,,4.044915254237299,2.8224773017258094,3.9152990398151144,,
1564666200,91.15,92.235,90.71,91.26,90.74093008113991,91.7224089221972,90.74093008113991,91.7224089221972,0,0,0,0,0,93.06920000000001,88.66239999999999,94.98840000000001,86.74319999999999,91.15,91.2360877591707,89.95391224082928,,,,,16422522,0.73,0.66,-0.6364704184923387,-0.5029122843785001,0.10264605411238953,-164.7930723075587,-95.35231333652719,-95.35231333652719,-95.31738631081991,-95.31738631081991,168.53605243991822,-166.40073996993777,,,3.9088983050847586,2.865082046955572,3.9152862511343343,,
1564752600,91.13,91.41,90.4577,91.05,90.74044295410465,91.67435849387574,90.74044295410465,91.67435849387574,0,0,0,0,0,93.06920000000001,88.66239999999999,94.98840000000001,86.74319999999999,91.15,91.23125527093792,89.95874472906208,,,,,15956788,0.75,0.66,-0.3139504809888987,-0.657664573050127,-0.020764227292938277,-176.06063115395315,-111.39175793885136,-111.39175793885136,-100.6755101868304,-100.6755101868304,168.53605243991822,-166.40073996993777,,,4.176165254237292,2.91649707469211,3.9158074879037708,,
1565011800,90.02,90.375,88.19,88.91,90.73547123991064,91.54015227842964,90.73547123991064,91.54015227842964,0,0,0,0,0,93.06920000000001,88.66239999999999,94.98840000000001,86.74319999999999,91.15,91.28390632338585,89.90609367661413,,,,,17626233,0.78,0.66,-1.1393050060013097,-1.1644460634646083,-0.21974620600946923,-257.1748688881619,-142.13663916887057,-142.13663916887057,-114.49588651417712,-114.49588651417712,168.53605243991825,-312.38095238094445,,,6.578389830508483,3.060100712175105,3.9211273327441396,,
1565098200,89.36,90.08,88.87,90.06,90.73185451415658,91.43760905182455,90.73185451415658,91.43760905182455,0,0,0,0,0,93.06920000000001,88.66239999999999,94.98840000000001,86.74319999999999,91.15,91.26397680236747,89.92602319763253,,,,,10135861,0.75,0.66,-0.8739077839438187,-0.7622803213407312,-0.08540135503379336,-213.84900484157424,-154.4042750928881,-154.4042750928881,-127.79868270708077,-127.79868270708077,168.53605243991825,-312.38095238094445,,,5.858050847457628,3.1698242468920665,3.924997309796514,,
1565184600,89.33,90.34,88.2,90.09,90.72691973990251,91.31307536351771,90.72691973990251,91.31307536351771,0,0,0,0,0,93.06920000000001,88.66239999999999,94.98840000000001,86.74319999999999,91.15,91.26361194776727,89.92638805223272,,,,,12452460,0.73,0.65,-0.8818871958824033,-0.6667576691992333,-0.23348464128150442,-244.92901205282263,-154.41643894886607,-154.41643894886607,-136.6712681210092,-136.6712681210092,168.53605243991825,-312.38095238094445,,,6.567796610169493,3.303078065059809,3.9302776280789775,,
1565271000,90.37,91.38,90.0445,91.29,90.72564328687574,91.26503534926212,90.72564328687574,91.26503534926212,0,0,0,0,0,93.06920000000001,88.66239999999999,94.98840000000001,86.74319999999999,91.15,91.27913870187446,89.91086129812554,,,,,12034822,0.73,0.65,-0.18741772927775951,-0.09623527351796594,-0.08316079604329779,-159.36621608096084,-131.22947000889826,-131.22947000889826,-120.34587378467641,-120.34587378467641,168.53605243991825,-312.38095238094445,,,4.613877118644074,3.354481949514094,3.9316434612269595,,
1565357400,91.13,91.975,90.61,91.4,90.72548795563323,91.24083396301654,90.72548795563323,91.24083396301654,0,0,0,0,0,93.06920000000001,88.66239999999999,94.98840000000001,86.74319999999999,91.15,91.27919470191756,89.91080529808242,,,,,7253064,0.74,0.65,-0.2793218356122201,-0.22321722949759837,-0.0390760268973033,-133.13376223325793,-112.73443889514044,-112.73443889514044,-75.74437666762482,-75.74437666762482,168.53605243991825,-312.38095238094445,,,4.014830508474582,3.380377971434113,3.931809669113568,,
1565616600,91.06,91.4,90.1551,90.51,90.72443313254504,91.19992082721197,90.72443313254504,91.19992082721197,0,0,0,0,0,93.06920000000001,88.66239999999999,94.98840000000001,86.74319999999999,91.15,91.25267268652568,89.9373273134743,,,,,7097095,0.75,0.65,-0.8027181707891835,-0.5077953379185081,-0.1462279999555863,-119.95601408152764,-91.6302403917564,-91.6302403917564,-49.42184338498832,-49.42184338498832,168.53605243991825,-312.38095238094445,,,4.496716101694917,3.4241559373266934,3.9329383532945497,,
1565703000,90.48,92.17,90.4,91.69,90.72386483457792,91.17012001045856,90.72386483457792,91.17012001045856,0,0,0,0,0,93.06920000000001,88.66239999999999,94.98840000000001,86.74319999999999,91.15,91.26564037447082,89.92435962552918,,,,,12260613,0.76,0.65,-0.14792601772211947,-0.33073081590383957,0.04415612525813378,-108.50245727675306,-65.81595745479726,-65.81595745479726,-14.187391580878952,-14.187391580878952,168.53605243991825,-312.38095238094445,,,4.23728813559322,3.456043474513616,3.933546444767674,,
1565789400,90.75,90.97,89.09,89.14,90.72070646328007,91.09062902965627,90.72070646328007,91.09062902965627,0,0,0,0,0,93.06920000000001,88.66239999999999,94.98840000000001,86.74319999999999,91.15,91.3406616675409,89.8493383324591,,,,,16426117,0.7,0.64,-0.8050299828720349,-1.0092284086249392,-0.3801439082380743,-169.76893099767858,-52.8706615033356,-52.8706615033356,-26.980069600412264,-26.980069600412264,168.53605243991825,-312.38095238094445,,,5.625000000000002,3.541100593160141,3.9369259723505556,,
1565875800,89.52,89.79,88.87,89.45,90.71711923757921,91.00571416574817,90.71711923757921,91.00571416574817,0,0,0,0,0,93.06920000000001,88.66239999999999,94.98840000000001,86.74319999999999,91.15,91.33650392439797,89.85349607560204,,,,,12320668,0.71,0.65,-0.7269754373774812,-1.1096709179150348,-0.3360682528672936,-180.05795711874995,-51.461288780018116,-51.461288780018116,-48.64254333338315,-48.64254333338315,168.53605243991825,-312.38095238094445,,,5.858050847457628,3.6319613874463172,3.940764383689431,,
1565962200,90.06,90.7861,90,90.55,90.71577434399764,90.96799988473845,90.71577434399764,90.96799988473845,0,0,0,0,0,93.06920000000001,88.66239999999999,94.98840000000001,86.74319999999999,91.15,91.34846898894222,89.8415310110578,,,,,10252416,0.69,0.64,-0.19988001253628251,-0.7172943142847847,-0.15737881998619252,-127.2097774968832,-49.72947430305999,-49.72947430305999,-46.26584534914374,-46.26584534914374,168.53605243991825,-312.38095238094445,,,4.661016949152548,3.6723165075132282,3.9422034497542926,,
1566221400,91.26,91.65,91.11,91.42,90.71662774191172,90.97485871278792,90.71662774191172,90.97485871278792,0,0,0,0,0,93.06920000000001,88.66239999999999,94.98840000000001,86.74319999999999,91.15,91.35553706062322,89.83446293937678,,,,,6427436,0.68,0.64,1.026135960140664,-0.36761429904047777,-0.0462091366120091,-60.93863383190181,-40.01197169799125,-40.01197169799125,-20.576966487853774,-20.576966487853774,153.89170896785635,-312.38095238094445,,,3.4851694915254297,3.66497740884704,3.9412902949925965,,
1566307800,91.45,91.64,90.57,90.64,90.71641130286694,90.96048386130603,90.71641130286694,90.96048386130603,0,0,0,0,0,93.06920000000001,88.66239999999999,94.98840000000001,86.74319999999999,91.15,91.35554533528826,89.83445466471174,,,,,4709026,0.68,0.65,0.23303737688133916,-0.5607543869891879,0,-83.44004910131737,-27.394683768829797,-27.394683768829797,-2.160107910506891,-2.160107910506891,142.67912772585777,-312.38095238094445,,,4.057203389830521,3.680358819866,3.941521889587677,,
1566394200,91.27,91.53,91.04,91.31,90.71712496659748,90.96491978831364,90.71712496659748,90.96491978831364,0,0,0,0,0,93.06920000000001,88.66239999999999,94.98840000000001,86.74319999999999,91.15,91.35733187643406,89.83266812356594,,,,,5687080,0.69,0.65,0.49292501366607433,-0.48344789017980533,0.2026482797069625,-62.580036825987555,-12.192342208315953,-12.192342208315953,18.21234091271173,18.21234091271173,142.67912772585777,-312.38095238094445,,,3.5593220338983045,3.675612279239816,3.9407582535123735,,
1566480600,91.48,91.69,90.5038,90.86,90.71677658904184,90.9483645809288,90.71677658904184,90.9483645809288,0,0,0,0,0,93.06920000000001,88.66239999999999,94.98840000000001,86.74319999999999,91.15,91.35846011216286,89.83153988783714,,,,,6486943,0.71,0.65,-0.1712094305770126,-0.5881720657845383,0.09271461531309899,-86.37820402179969,1.3623374201511975,1.3623374201511975,28.471696677085504,28.471696677085504,142.67912772585777,-312.38095238094445,,,4.127330508474584,3.6933267196019637,3.94113102525056,,
1566567000,90.7,91.04,88.32,88.76,90.71210930314965,90.84767577383354,90.71210930314965,90.84767577383354,0,0,0,0,0,93.06920000000001,88.66239999999999,94.98840000000001,86.74319999999999,91.15,91.40381759383551,89.78618240616449,,,,,9822737,0.71,0.64,-1.0154795280124216,-0.8080545794343135,0.05838291871750338,-183.30180999385095,-2.1590050113944557,-2.1590050113944557,0.18855660963597987,0.18855660963597987,142.67912772585777,-312.38095238094445,,,6.440677966101707,3.801065984170581,3.9461251250324803,,
1566826200,89.47,89.76,89.1,89.69,90.70899419964685,90.78121790034987,90.70899419964685,90.78121790034987,0,0,0,0,0,93.06920000000001,88.66239999999999,94.98840000000001,86.74319999999999,91.15,91.39561884705863,89.79438115294138,,,,,8910549,0.7,0.64,-0.3163075582988119,-0.6418818925422626,0.530471117584568,-148.6830662177726,-29.785420920814136,-29.785420920814136,-9.802769233847393,-9.802769233847393,142.67912772585777,-312.38095238094445,,,5.614406779661028,3.8721773879153045,3.949458355111658,,
1566912600,90.24,90.55,89.1031,89.16,90.70589145199521,90.7174865709244,90.70589145199521,90.7174865709244,0,0,0,0,0,93.06920000000001,88.66239999999999,94.98840000000001,86.74319999999999,91.15,91.39067398790851,89.79932601209148,,,,,8251963,0.7,0.65,-0.961655008887052,-0.6592199794771939,0.4380767824561591,-148.54547890276496,-49.178204735315376,-49.178204735315376,-22.927914401003385,-22.927914401003385,142.67912772585777,-312.38095238094445,,,5.61112288135594,3.940371328834545,3.9527783641551033,,
1566999000,88.85,90,88.72,89.81,90.7020371234198,90.64138121520186,90.7020371234198,90.64138121520186,0,0,0,0,0,93.06920000000001,88.66239999999999,94.98840000000001,86.74319999999999,91.15,91.39244220969677,89.79755779030323,,,,,5691503,0.7,0.64,0.26186105176505253,-0.5214048750977461,0.5187185484271833,-148.43764579991088,-59.71192331136356,-59.71192331136356,-35.189250704456775,-35.189250704456775,142.67912772585777,-312.38095238094445,,,6.01694915254238,4.021805753293676,3.9569025815145182,,
1567085400,90.49,90.75,89.91,90.49,90.70054434195443,90.61446038323317,90.70054434195443,90.61446038323317,0,0,0,0,0,93.06920000000001,88.66239999999999,94.98840000000001,86.74319999999999,91.15,91.66414018034915,90.06585981965087,,,,,4360327,0.7,0.64,0.40360058059760884,-0.48202504145800756,0.41869825959623763,-79.6565782491062,-35.06284549976522,-35.06284549976522,-34.810035090382094,-34.810035090382094,142.67912772585777,-312.38095238094445,,,4.7563559322034,4.050611642662685,3.958499890906504,,
1567171800,90.91,91.09,90.205,90.6,90.69963805955291,90.60004821134167,90.69963805955291,90.60004821134167,0,0,0,0,0,93.06920000000001,88.66239999999999,94.98840000000001,86.74319999999999,91.15,92.0674143525487,90.4625856474513,,,,,4784137,0.71,0.64,0.01917340966915296,-0.25343217980132987,0.44715755798658274,-66.45506668534976,-23.570489261654842,-23.570489261654842,-0.5857767854340921,-0.5857767854340921,142.67912772585777,-312.38095238094445,,,4.443855932203397,4.066032987350556,3.9594696332467576,,
1567517400,90.07,90.5,89.75,90.07,90.69783358790545,90.56853651677925,90.69783358790545,90.56853651677925,0,0,0,0,0,92.0925,86.16749999999999,94.115,84.145,90.07,92.08951429772833,90.52048570227169,,,,,6437819,0.7,0.65,-0.5117476016695005,-0.3277484767745107,0.25428454750368173,-86.81672011419424,-12.022768770275482,-12.022768770275482,11.072672212483242,11.072672212483242,142.67912772585777,-312.38095238094445,,,4.925847457627124,4.0997512018712055,3.9614004580706945,,
1567603800,90.66,90.71,89.71,90.13,90.69595360071683,90.5367076337683,90.69595360071683,90.5367076337683,0,0,0,0,0,92.0925,86.16749999999999,94.115,84.145,90.07,92.08495682238343,90.52504317761658,,,,,9319313,0.67,0.64,-0.19676004981867995,-0.440426930616794,0.14667112107865285,-88.60675558046657,-3.004669303450873,-3.004669303450873,15.031529630198348,15.031529630198348,142.67912772585777,-312.38095238094445,,,4.9682203389830635,4.133808815091278,3.963412086204386,,
1567690200,90.9,91.215,90.42,91.02,90.69548176535076,90.53369164813033,90.69548176535076,90.53369164813033,0,0,0,0,0,92.0925,86.16749999999999,94.115,84.145,90.07,92.09079849109794,90.51920150890207,,,,,7897420,0.67,0.64,-0.11099019457522866,-0.25606273333402496,0.28450244602695973,-56.833626054137355,15.309932377149837,15.309932377149837,51.939135738351254,51.939135738351254,142.67912772585777,-312.38095238094445,,,4.216101694915258,4.137035986849082,3.9639169605474645,,
1567776600,91.21,91.5251,91.08,91.27,90.6963163672182,90.5564174658507,90.6963163672182,90.5564174658507,0,0,0,0,0,92.0925,86.16749999999999,94.115,84.145,90.07,92.0824479316084,90.52755206839161,,,,,13166442,0.67,0.64,0.15777236624244065,-0.10341851790618589,0.2624446566579472,-27.298040860648708,40.593625354487195,40.593625354487195,91.1610113091619,91.1610113091619,142.67912772585777,-312.38095238094445,,,3.5169491525423804,4.112718856091956,3.9630239179740276,,
1568035800,91.35,91.38,90.1,90.43,90.69521084001097,90.5402050162095,90.69521084001097,90.5402050162095,0,0,0,0,0,92.0925,86.16749999999999,94.115,84.145,90.07,92.08884306481882,90.5211569351812,,,,,10675897,0.64,0.64,0.672001796631016,-0.36731302949706596,0.17771493980328948,-71.15390978431407,58.52727062440726,58.52727062440726,94.39456116424739,94.39456116424739,142.67912772585777,-312.38095238094445,,,4.5550847457627235,4.130066538039829,3.9642068566908883,,
1568122200,89.97,90.7,89.02,90.69,90.69197125791304,90.48269893714246,90.69197125791304,90.48269893714246,0,0,0,0,0,92.0925,86.16749999999999,94.115,84.145,90.07,92.08939620810997,90.52060379189003,,,,,8770748,0.62,0.64,0.42163243382469906,-0.41564557402778374,0.17045752390695285,-119.48486737365928,62.77384347390447,62.77384347390447,71.2669891728989,71.2669891728989,142.67912772585777,-312.38095238094445,,,5.699152542372891,4.191599322523478,3.967673281637306,,
1568208600,90.84,91.62,90.62,91.59,90.69190298367145,90.48956564548982,90.69190298367145,90.48956564548982,0,0,0,0,0,92.0925,86.16749999999999,94.115,84.145,90.07,92.09567089307306,90.51432910692695,,,,,8124290,0.64,0.64,1.0244267026573577,-0.10844713619837787,0.19872182006682723,-47.88344872277698,69.37007285365863,69.37007285365863,82.56253161316693,82.56253161316693,142.67912772585777,-312.38095238094445,,,4.004237288135594,4.184251791763169,3.9677463365953445,,
1568295000,92,92.38,91.51,91.56,90.69359528540238,90.53071601233336,90.69359528540238,90.53071601233336,0,0,0,0,0,92.0925,86.16749999999999,94.115,84.145,90.07,92.09555744357147,90.51444255642855,,,,,9344700,0.63,0.63,0.7323652425774589,0.09999862107692059,0.1299561730086467,-8.055159598223886,81.00460931191216,81.00460931191216,104.27368222841923,104.27368222841923,142.67912772585777,-312.38095238094445,,,3.061440677966102,4.14021998337897,3.965935536078603,,
1568381400,91.67,92.25,91.32,91.51,90.69490838173525,90.56287616871244,90.69490838173525,90.56287616871244,0,0,0,0,0,92.0925,86.16749999999999,94.115,84.145,90.07,92.09513089077093,90.51486910922907,,,,,6350964,0.62,0.64,0.43073797530194996,0.06043833556597844,0.37691552531261036,-11.777730713104672,92.50788896259827,92.50788896259827,115.5144482639705,115.5144482639705,130.70811744386998,-312.38095238094445,,,3.2627118644067927,4.105807900282022,3.96453049377756,,
1568640600,91.01,91.54,90.9,91.31,90.69538808526825,90.57746926013549,90.69538808526825,90.57746926013549,0,0,0,0,0,92.0925,86.16749999999999,94.115,84.145,90.07,92.09383904039915,90.51616095960087,,,,,6668085,0.63,0.63,0.299365056782467,0.06298015507014187,0.32023313458508085,-30.098645155710702,97.24959536037802,97.24959536037802,106.73300815593753,106.73300815593753,130.70811744386998,-312.38095238094445,,,3.7076271186440675,4.090192967668768,3.96401720032075,,
1568727000,91.26,91.7,91.13,91.45,90.69632177540757,90.6004194852282,90.69632177540757,90.6004194852282,0,0,0,0,0,92.0925,86.16749999999999,94.115,84.145,90.07,92.08785585343699,90.52214414656302,,,,,3963154,0.61,0.63,0.5894418862743737,0.6345481018531668,0.3708086811143159,-20.06576343714088,99.09584704208594,99.09584704208594,102.78835040550175,102.78835040550175,130.70811744386998,-312.38095238094445,,,3.4639830508474683,4.0656357160287175,3.963018131091033,,
1568813400,91.45,91.56,90.79,91.44,90.6965810725596,90.60926970149377,90.6965810725596,90.60926970149377,0,0,0,0,0,92.0925,86.16749999999999,94.115,84.145,90.07,92.08070007358666,90.52929992641336,,,,,5412788,0.6,0.63,0.5630401561768283,0.3427077784841589,0.36743972009556747,-34.89697989067906,87.42013061915327,87.42013061915327,95.20394156777505,95.20394156777505,130.70811744386998,-312.38095238094445,,,3.8241525423728806,4.056165787650057,3.9627406773673206,,
1568899800,91.55,92.28,91.38,91.87,90.69800688460244,90.64067873280774,90.69800688460244,90.64067873280774,0,0,0,0,0,92.0925,86.16749999999999,94.115,84.145,90.07,92.08095268390413,90.52904731609587,,,,,5084444,0.63,0.64,0.36136560899479025,0.44141543192224064,0.6845557195978005,-21.309255608629172,98.87307143161722,98.87307143161722,106.21133115930158,106.21133115930158,130.70811744386998,-312.38095238094445,,,3.199152542372892,4.022557425090168,3.961215026747951,,
1568986200,91.7,92.43,91.6901,92,90.70004323248536,90.6828952138741,90.70004323248536,90.6828952138741,0,0,0,0,0,92.0925,86.16749999999999,94.115,84.145,90.07,92.08114432628918,90.52885567371084,,,,,9000207,0.61,0.63,0.3098948012016318,0.17397786429646078,0.6363285835192876,-13.457973354609281,108.68720469686623,108.68720469686623,128.31547122736427,128.31547122736427,130.70811744386998,-312.38095238094445,,,2.870656779661022,3.9773848507596137,3.959036089191334,,
1569245400,91.73,92.0588,91.48,91.51,90.70165992932354,90.71529932313393,90.70165992932354,90.71529932313393,0,0,0,0,0,92.0925,86.16749999999999,94.115,84.145,90.07,92.08122847366735,90.52877152633266,,,,,4329101,0.6,0.63,0.46178439451379233,0.0268666730179395,0.5232250495613636,-22.581949481757974,113.05073506096355,113.05073506096355,121.77779578915816,121.77779578915816,130.70811744386998,-312.38095238094445,,,3.0932203389830524,3.942711732650729,3.957306187592516,,
1569331800,91.85,91.91,90.35,90.67,90.70103823116305,90.70256209477574,90.70103823116305,90.70256209477574,0,0,0,0,0,92.0925,86.16749999999999,94.115,84.145,90.07,92.0867398244502,90.52326017554981,,,,,10615767,0.61,0.63,-0.008481303279214612,0.039251367310102585,0.295066675046035,-71.65426277865592,77.18787448976664,77.18787448976664,101.0964482038979,101.0964482038979,130.70811744386998,-312.38095238094445,,,4.290254237288147,3.9563408504796476,3.957971418461039,,
1569418200,90.68,90.76,90.1,90.23,90.69992326966224,90.68061848321591,90.69992326966224,90.68061848321591,0,0,0,0,0,92.0925,86.16749999999999,94.115,84.145,90.07,92.07547328702971,90.5345267129703,,,,,8131900,0.62,0.64,-0.5724013687467248,-0.35438886676319237,0.26007155632457146,-82.5109692602704,23.74445516997431,23.74445516997431,75.31245052592337,75.31245052592337,130.70811744386998,-312.38095238094445,,,4.5550847457627235,3.9798210032358465,3.959164452082021,,
1569504600,90.53,90.56,89.04,89.73,90.69671383256001,90.61838246426628,90.69671383256001,90.61838246426628,0,0,0,0,0,92.0925,86.16749999999999,94.115,84.145,90.07,92.07320578696203,90.53679421303798,,,,,10183821,0.63,0.64,-0.7702155234635465,0.1472603119913304,0.1932613829477458,-128.54340474231535,-25.62280814031275,-25.62280814031275,41.667364303844664,41.667364303844664,130.70811744386998,-312.38095238094445,,,5.677966101694914,4.046414928665614,3.9625986212121167,,
1569591000,90.03,90.16,89,89.33,90.07016577575706,89.95728698180939,90.07016577575706,89.95728698180939,0,0,0,0,0,92.0925,86.16749999999999,94.115,84.145,90.07,92.07326301209015,90.53673698790986,,,,,10017318,0.65,0.64,-0.9427869718865317,-0.030652500488782174,0.014784052174092325,-130.28047777937394,-66.71425209423415,-66.71425209423415,5.540158837818396,5.540158837818396,130.70811744386998,-312.38095238094445,,,5.066666666666666,4.086424800744087,3.964804551372865,,
1569850200,89.45,90.68,89.39,90.13,89.81000472989467,89.687727250388,89.81000472989467,89.687727250388,0,0,0,0,0,92.0925,86.16749999999999,94.115,84.145,90.07,92.07835169535828,90.53164830464175,,,,,8306829,0.59,0.63,-0.5084937822491175,-0.10537126423187951,0.05700057929528568,-113.3440156680553,-82.06757711892591,-82.06757711892591,-23.662419814429704,-23.662419814429704,130.70811744386998,-312.38095238094445,,,4.375267436884898,4.097751962945687,3.965624657038224,,
1569936600,90.37,90.57,89.07,89.25,89.80861431085391,89.66523206409826,89.80861431085391,89.66523206409826,0,0,0,0,0,92.08500000000001,87.285,93.80000000000001,85.57,90.37,92.08247438397278,90.52752561602723,,,,,13618966,0.62,0.65,-0.9398818050709702,-0.5354170055233624,-0.026212128655344766,-127.24059996452219,-108.81927546564475,-108.81927546564475,-52.04803836483472,-52.04803836483472,130.70811744386998,-312.38095238094445,,,4.717586649550717,4.122059205557649,3.9671270786016852,,
1570023000,88.97,89.15,87.56,87.95,89.80423985668638,89.584995512565,89.80423985668638,89.584995512565,0,0,0,0,0,92.08500000000001,87.285,93.80000000000001,85.57,90.37,91.67735109685474,90.11264890314528,,,,,13505857,0.67,0.65,-1.4675957278006853,-0.6588536937257762,-0.23041341762279166,-192.81510711347332,-149.35601786032848,-149.35601786032848,-84.4840315299993,-84.4840315299993,130.70811744386998,-312.38095238094445,,,6.332905434317502,4.208759057665879,3.971853908483235,,
1570109400,87.83,88.77,87.2,88.74,89.79916205477491,89.49392902187617,89.79916205477491,89.49392902187617,0,0,0,0,0,92.08500000000001,87.285,93.80000000000001,85.57,90.37,91.46077789268044,89.88922210731958,,,,,12830412,0.67,0.65,-1.3375947722919599,-0.6379815138220079,0.06819117817595068,-208.44876444699815,-170.85102113172437,-170.85102113172437,-113.27302806390765,-113.27302806390765,130.70811744386998,-312.38095238094445,,,6.718014548566539,4.30716123377963,3.977340742928956,,
1570195800,89,90.18,88.945,90.13,89.0689150638943,88.77482292248936,89.0689150638943,88.77482292248936,0,0,0,0,0,92.08500000000001,87.285,93.80000000000001,85.57,90.37,91.47860725757681,89.87139274242321,,,,,9313631,0.6,0.64,-0.7851366913126732,-0.17917647756950303,0.3976248564363402,-132.66895320532942,-146.05941736298627,-146.05941736298627,-124.20182449693385,-124.20182449693385,130.70811744386998,-312.38095238094445,,,4.071397756686805,4.297915607226971,3.97752866903037,,
1570455000,89.76,90.42,89.625,89.83,89.07008796086953,88.809376925529,89.07008796086953,88.809376925529,0,0,0,0,0,92.08500000000001,87.285,93.80000000000001,85.57,90.37,91.47905654661479,89.87094345338522,,,,,8343461,0.6,0.64,-0.7088346536098223,0.2687262375774548,0.2810903322200061,-103.1387115753377,-118.31734117848941,-118.31734117848941,-106.54837454160052,-106.54837454160052,130.70811744386998,-312.38095238094445,,,3.338006902502156,4.260272128610311,3.976250903263081,,
1570541400,89.08,89.12,88.1,88.12,89.06824203087778,88.78336998727295,89.06824203087778,88.78336998727295,0,0,0,0,0,92.08500000000001,87.285,93.80000000000001,85.57,90.37,91.50489237256927,89.84510762743075,,,,,10688556,0.63,0.65,-1.0618641667188031,-0.3815815799079056,0.12112553116852025,-169.36462111318636,-111.79908820671965,-111.79908820671965,-98.76258226318011,-98.76258226318011,130.70811744386998,-312.38095238094445,,,4.982743744607425,4.288604348845492,3.978261877971062,,
1570627800,88.66,89.02,88.36,88.76,89.06691407477213,88.76847704659558,89.06691407477213,88.76847704659558,0,0,0,0,0,92.08500000000001,87.285,93.80000000000001,85.57,90.37,91.02554074992707,89.36445925007291,,,,,7355855,0.62,0.65,-0.6130380977205806,-0.09746538254332168,0.18207282775383613,-158.07364637230708,-105.48633541836482,-105.48633541836482,-92.86082984165515,-92.86082984165515,130.70811744386998,-312.38095238094445,,,4.702329594477997,4.304828868282061,3.9797085667153316,,
1570714200,88.5,89.51,88.42,89.2,89.06570745324412,88.75649755457222,89.06570745324412,88.75649755457222,0,0,0,0,0,92.08500000000001,87.285,93.80000000000001,85.57,90.37,90.90792067773903,89.26107932226095,,,,,8236079,0.61,0.64,-0.2218932077954045,-0.1473161356265882,0.03660671641559727,-155.46803681671946,-96.24945330509301,-96.24945330509301,-77.7756890785494,-77.7756890785494,130.70811744386998,-312.38095238094445,,,4.637618636755821,4.317879447437894,3.981023072349778,,
1570800600,90.05,90.995,89.9,89.94,88.80858479439419,88.55401809942012,88.80858479439419,88.55401809942012,0,0,0,0,0,92.08500000000001,87.285,93.80000000000001,85.57,90.37,90.9133704501247,89.25562954987528,,,,,10825812,0.58,0.64,0.25687598696979147,-0.1320056380979012,0.0461771595083466,-91.1963344455615,-76.69286922717863,-76.69286922717863,-37.57970107134986,-37.57970107134986,130.70811744386998,-312.38095238094445,,,2.758247701460246,4.256717418183869,3.978579964715633,,
1571059800,89.88,90.34,89.7582,89.9,88.81053590969012,88.60229652689385,88.81053590969012,88.60229652689385,0,0,0,0,0,92.08500000000001,87.285,93.80000000000001,85.57,90.37,90.9117642615175,89.25723573848248,,,,,5919186,0.58,0.63,-0.09620941810919054,-0.1681776725938356,-0.02371955991090256,-97.35425836193339,-52.39051824496942,-52.39051824496942,-3.785816280550989,-3.785816280550989,130.70811744386998,-312.38095238094445,,,2.9116279069767446,4.2039688099012364,3.9764481923724984,,
1571146200,90.89,91.855,90.83,91.54,88.81460317060981,88.69029274152545,88.81460317060981,88.69029274152545,0,0,0,0,0,92.08500000000001,87.285,93.80000000000001,85.57,90.37,90.93751549503975,89.23148450496022,,,,,12622404,0.56,0.62,0.9464754474419887,0.34758308977859237,0.07160570011521179,-44.58517047882524,-21.476123833805506,-21.476123833805506,40.352664988522335,40.352664988522335,179.7370790563672,-190.5590929851409,,,1.7522985397512219,4.107824877738491,3.9720043369227054,,
1571232600,91.47,91.89,91.27,91.42,88.8195326348044,88.79192047715192,88.8195326348044,88.79192047715192,0,0,0,0,0,92.08500000000001,87.285,93.80000000000001,85.57,90.37,90.93507662385257,89.2339233761474,,,,,7856921,0.55,0.62,1.455276509122601,0.30479763996339415,0.018857453159323752,-27.818097820121846,11.068864695352556,11.068864695352556,76.15884175366868,76.15884175366868,179.7370790563672,-190.5590929851409,,,1.2763656030286714,3.9967872591224194,3.9666184453464934,,
1571319000,91.72,92.36,91.68,92.1,88.82526323893066,88.90548045844007,88.82526323893066,88.90548045844007,0,0,0,0,0,92.08500000000001,87.285,93.80000000000001,85.57,90.37,90.7046373040152,89.0153626959848,,,,,7537106,0.57,0.62,1.4124648498803047,0.2555548295944703,0.132356997041365,-17.314120329037678,43.911721054698404,43.911721054698404,109.59743377339012,109.59743377339012,179.8705966930278,-190.5590929851409,,,0.8328826392644629,3.8727125681475973,3.9603572349447314,,
1571405400,91.84,92.235,91.35,91.76,88.83032964604568,89.00177534242282,88.83032964604568,89.00177534242282,0,0,0,0,0,92.08500000000001,87.285,93.80000000000001,85.57,90.37,90.70536016729702,89.01463983270297,,,,,6784975,0.58,0.63,0.678666710343086,0.11631767578475401,0.025954785592330002,-30.91807201613963,71.221642910642,71.221642910642,125.84148662252923,125.84148662252923,179.8705966930278,-190.5590929851409,,,1.189832341806391,3.767501578879315,3.9548217206727267,,
1571664600,92.14,92.28,91.475,91.66,88.83563318321643,89.09914689762192,88.83563318321643,89.09914689762192,0,0,0,0,0,92.08500000000001,87.285,93.80000000000001,85.57,90.37,90.7024985765397,89.0175014234603,,,,,4952132,0.58,0.63,0.7657003026325278,0.2951624332650685,0.02739723106898447,-25.76506001344969,96.80633008768656,96.80633008768656,147.9757044417757,147.9757044417757,179.8705966930278,-190.5590929851409,,,1.054624121146575,3.661114227595678,3.949027120074273,,
1571751000,92.36,92.953,91.82,91.86,88.50595688873655,88.88187059338443,88.50595688873655,88.88187059338443,0,0,0,0,0,92.08500000000001,87.285,93.80000000000001,85.57,90.37,90.92138558480471,89.2316144151953,,,,,8746301,0.57,0.63,1.6015825424920362,0.28107229841765285,0.08408681827761919,-11.542746886025508,125.77853865057779,125.77853865057779,183.72295577636027,183.72295577636027,179.8705966930278,-190.5590929851409,,,0.30401737242128246,3.5294633705300154,3.9417443833157253,,
1571837400,92.02,92.7,91.83,92.43,88.82909903159484,89.30369905864889,88.82909903159484,89.30369905864889,0,0,0,0,0,92.08500000000001,87.285,93.80000000000001,85.57,90.37,90.92242419957407,89.23057580042595,,,,,5549276,0.6,0.64,1.5571273196248727,0.19940954998641164,0.10545446464496569,-24.646148935942875,158.2471744937721,158.2471744937721,223.1844461801607,223.1844461801607,179.8705966930278,-190.5590929851409,243.1844461801607,,0.6491398896462279,3.4165095085345727,3.9351657529587434,,
1571923800,92.59,92.69,91.63,91.96,88.8347112213419,89.39524027203521,88.8347112213419,89.39524027203521,0,0,0,0,0,92.08500000000001,87.285,93.80000000000001,85.57,90.37,90.92348654444291,89.22951345555711,,,,,6984395,0.59,0.64,1.1845759885824667,0.09656333965977981,-0.06626416707840753,-32.8615319145905,180.79375887979594,180.79375887979594,225.88692765184362,225.88692765184362,179.8705966930278,-190.5590929851409,245.88692765184362,,0.8655198528616372,3.316470698508183,3.929032594317191,,
1572010200,91.72,92.305,91.48,92.06,88.84001549462593,89.47736810450441,88.84001549462593,89.47736810450441,0,0,0,0,0,92.08500000000001,87.285,93.80000000000001,85.57,90.37,90.92226584331762,89.2307341566824,,,,,5536898,0.58,0.63,0.9058128096096223,0.13334876169091908,-0.16617956550791116,-39.02306914857578,188.2476348067336,188.2476348067336,203.15538666060894,203.15538666060894,179.8705966930278,-190.5590929851409,223.15538666060894,,1.0278048252731826,3.226719095636222,3.923235935437982,,
1572269400,92.3,93.2,92.22,93.01,89.4031434421686,90.12468576253737,89.4031434421686,90.12468576253737,0,0,0,0,0,92.08500000000001,87.285,93.80000000000001,85.57,90.37,91.05339462996115,89.34660537003886,,,,,6937897,0.6,0.64,1.3219342318376,0.4107514477545253,-0.09109946311755544,-32.2484034236078,196.19791502405067,196.19791502405067,212.0984754586848,212.0984754586848,179.8705966930278,-190.5590929851409,232.0984754586848,,0.8493710353725472,3.1334897599396077,3.917094347226063,,
1572355800,93.23,94.48,93,94.33,90.67663286552028,91.46685742351704,90.67663286552028,91.46685742351704,0,0,0,1,0,92.08500000000001,87.285,93.80000000000001,85.57,90.37,91.7057368145422,89.9742631854578,,,,,13768396,0.62,0.64,1.1571167313239752,0.6902907101030497,0.0810093703797245,-53.53189010880931,206.5383807286673,206.5383807286673,227.21931213790057,227.21931213790057,179.8705966930278,-190.5590929851409,247.21931213790057,,1.4099438142690537,3.0658997228544878,3.9120850554519233,,
1572442200,94.36,94.9,93.99,94.86,91.19172572335573,92.05990513207628,91.19172572335573,92.05990513207628,0,0,0,1,0,92.08500000000001,87.285,93.80000000000001,85.57,90.37,91.91960799854559,90.18039200145444,,,,,10181074,0.64,0.65,1.4264513297688128,0.8185948233140209,0.21954888081529852,-35.085160297818426,215.58354288072778,215.58354288072778,233.67386718484875,233.67386718484875,182.67589543713424,-190.55909298514092,253.67386718484875,,0.9171410499683792,2.981634676858954,3.906101151345063,,
1572528600,94.68,94.805,94.135,94.75,91.19762087675562,92.14156571513212,91.19762087675562,92.14156571513212,0,0,0,1,0,92.08500000000001,87.285,93.80000000000001,85.57,90.37,91.91920037225529,90.18079962774473,,,,,9675234,0.63,0.65,1.0908901818136358,0.686203507076457,0.2572211404442183,-29.23763358151497,219.36025818057686,219.36025818057686,226.91368878027504,226.91368878027504,182.67589543713424,-190.55909298514092,246.91368878027504,,0.7642842083069726,2.894679756523582,3.8998237948155166,,
1572615000,95.26,95.67,94.85,94.87,91.21451344595978,92.2571191754897,91.21451344595978,92.2571191754897,0,0,0,1,1,98.75,91.41,102.60000000000001,87.56,95.26,92.26054843346934,90.60945156653067,,,,,14670803,0.63,0.65,1.2867367984647053,0.6837796618321005,0.43890105989302314,-0.8064703922373487,220.3744716939057,220.3744716939057,222.40289872056337,222.40289872056337,182.67589543713424,-190.55909298514092,242.40289872056337,,0.021081479919901162,2.78198962802932,3.89207405992062,,
1572877800,95.31,95.36,94.54,94.58,91.22116436814568,92.3467733254705,91.22116436814568,92.3467733254705,0,0,0,1,1,98.75,91.41,102.60000000000001,87.56,95.26,92.25027465697369,90.61972534302632,,,,,9878200,0.7,0.66,1.2086332710154137,0.7348534534302401,0.3081839197101026,-13.306761471909375,218.53501931235664,218.53501931235664,219.761320900056,219.761320900056,182.67589543713424,-190.55909298514092,239.761320900056,,0.3478444186781894,2.686532953152805,3.8849926820160396,,
1572964200,94.72,94.73,93.7,93.91,91.22614046331421,92.40029986172655,91.22614046331421,92.40029986172655,0,0,0,0,0,98.75,91.41,102.60000000000001,87.56,95.26,92.25523387498006,90.61476612501994,,,,,13273753,0.66,0.65,0.8437557737198712,0.7800278425707808,0.1727719589860247,-47.178517945860825,176.26369076171508,176.26369076171508,205.26211085394237,205.26211085394237,182.67589543713424,-190.55909298514092,,,1.2332665753135887,2.629542114806169,3.879694527956694,,
1573050600,94,94.41,93.71,94.23,91.23112639645444,92.45211555342355,91.23112639645444,92.45211555342355,0,0,0,0,0,98.75,91.41,102.60000000000001,87.56,95.26,92.2428369802564,90.6271630197436,,,,,13130204,0.66,0.65,0.7367054839789354,0.9682394135983773,0.15305300415545955,-46.77528274974273,131.77955486522694,131.77955486522694,180.76792552437055,180.76792552437055,182.67589543713424,-190.55909298514092,,,1.2227258353536532,2.574372848945286,3.8743858992002447,,
1573137000,94.59,94.74,94.155,94.44,91.23698258747052,92.51917572779911,91.23698258747052,92.51917572779911,0,0,0,0,1,98.75,91.41,102.60000000000001,87.56,95.26,92.24303905289118,90.62696094710883,,,,,7827918,0.66,0.65,1.024903172870136,1.151735441861644,0.1136873915150191,-28.8313165224706,105.02403075361347,105.02403075361347,155.51996060078486,155.51996060078486,182.67589543713424,-190.55909298514092,,,0.7536629071360845,2.502972459070415,3.8681506884268897,,
1573223400,94.38,95.15,94.27,95.13,91.49260353809281,92.83178668152516,91.49260353809281,92.83178668152516,0,0,0,0,0,98.75,91.41,102.60000000000001,87.56,95.26,92.23767532141461,90.63232467858539,,,,,7756856,0.65,0.65,1.2697789948757792,1.427350941510709,0.09815000921970456,-34.583447732526835,108.24945984099476,108.24945984099476,139.76312701418817,139.76312701418817,182.67589543713424,-190.55909298514092,,,0.904026069588983,2.4402686790907513,3.8622283615161246,,
1573482600,94.77,94.97,94.48,94.74,91.49858534920551,92.89667739989672,91.49858534920551,92.89667739989672,0,0,0,0,0,98.75,91.41,102.60000000000001,87.56,95.26,92.2269768189402,90.64302318105979,,,,,6092506,0.66,0.65,0.7081984645540526,1.124370516816634,0.13402357106495114,-26.138652355979257,107.38785382105972,107.38785382105972,128.97136928314535,128.97136928314535,182.67589543713424,-190.55909298514092,,,0.6832755177125949,2.3713669864876863,3.855876807382651,,
1573569000,94.89,95.65,94.76,95.31,91.67789556699104,93.13884567789046,91.67789556699104,93.13884567789046,0,0,0,0,0,98.75,91.41,102.60000000000001,87.56,95.26,92.15559176840638,90.71440823159364,,,,,13801645,0.67,0.66,0.3945909445732651,1.4889312504935437,0.30749756436853465,-22.07555102367787,120.95612375744334,120.95612375744334,126.29962077457802,126.29962077457802,182.67589543713424,-190.55909298514092,,,0.577064316441084,2.3010021758976236,3.8493257334746755,,
1573655400,95.05,95.65,94.9,95.42,91.7899404072088,93.3113932243044,91.7899404072088,93.3113932243044,0,0,0,0,0,98.75,91.41,102.60000000000001,87.56,95.26,92.15504996900357,90.71495003099645,,,,,6575151,0.7,0.65,0.22469095068070624,1.866400343620135,0.3105689500060263,-20.84736951267508,129.9858351063963,129.9858351063963,137.35826377003286,137.35826377003286,182.67589543713424,-190.55909298514092,,,0.5449591280653909,2.2321377426493005,3.842723602394937,,
1573741800,95.4,95.57,94.85,95.43,91.80566635124336,93.38135372334757,91.80566635124336,93.38135372334757,0,0,0,0,0,98.75,91.41,102.60000000000001,87.56,95.26,92.14326417122638,90.72673582877363,,,,,6498793,0.7,0.66,0.2735323750865545,1.6589187218668904,0.26779239363551804,-23.25039858780335,136.43091788817227,136.43091788817227,149.3210834517242,149.3210834517242,182.67589543713424,-190.55909298514092,,,0.6077753327046134,2.168437255984803,3.8362601692886624,,
1573828200,95.76,97.63,95.67,97.46,93.76242383775278,95.3803285755076,93.76242383775278,95.3803285755076,0,0,0,0,0,98.75,91.41,102.60000000000001,87.56,95.26,93.16148390771991,91.66851609228007,,,,,11338575,0.73,0.66,1.0213057217645924,1.7565433720067434,0.5309186912275654,-82.39336946130895,149.2058308786869,149.2058308786869,174.7556568597161,174.7556568597161,247.12489233419362,-190.55909298514092,,,1.8366509337163883,2.1554260276605515,3.8322649460407656,,
1574087400,97.37,97.925,97.01,97.13,93.7689214924226,95.44441372940926,93.7689214924226,95.44441372940926,0,0,0,0,1,98.75,91.41,102.60000000000001,87.56,95.26,93.30351954574073,91.82148045425929,,,,,11251369,0.71,0.66,1.010380008173564,1.7582665209910586,0.6337756143559372,-20.713416903680592,163.33050881966784,163.33050881966784,191.57986470162976,191.57986470162976,247.12489233419362,-190.55909298514092,,,0.4617278883644456,2.0890064927861944,3.8255306062651884,,
1574173800,97.47,97.93,97.22,97.79,94.09269576468333,95.82476977087587,94.09269576468333,95.82476977087587,0,0,0,0,1,98.75,91.41,102.60000000000001,87.56,95.26,93.305389321859,91.824610678141,,,,,10025766,0.7,0.66,1.5449659233870692,2.369138105467962,0.6929253465788123,-26.14845595474858,175.0929457532339,175.0929457532339,198.617819620366,198.617819620366,247.12489233419362,-190.55909298514092,,,0.5828816852438975,2.0299427748433594,3.8190517872421688,,
1574260200,97.63,97.97,97.075,97.66,94.09866870021843,95.87407879946898,94.09866870021843,95.87407879946898,0,0,0,0,1,98.75,91.41,102.60000000000001,87.56,95.26,93.32272331265713,91.84727668734288,,,,,12305824,0.69,0.66,1.3626707248126924,2.1671954616974105,0.7418371816445114,-32.8002561537633,181.49364560123385,181.49364560123385,194.29504529723377,194.29504529723377,247.12489233419362,-190.55909298514092,,,0.7311586051743566,1.9790100623073201,3.8128821704947806,,
1574346600,97.72,97.98,97.05,97.91,94.2198222349687,96.03356586353397,94.2198222349687,96.03356586353397,0,0,0,0,1,98.75,91.41,102.60000000000001,87.56,95.26,93.26914310450479,91.91085689549523,,,,,9122428,0.7,0.66,1.3773778260430796,2.1133540673604623,0.7738620032053589,-39.403703306487216,191.37675456170348,191.37675456170348,211.1429724826427,211.1429724826427,247.12489233419362,-190.55909298514092,231.1429724826427,,0.878357675416198,1.9358472236057076,3.8070189846904277,,
1574433000,98.08,98.395,97.87,98.26,94.56325882444813,96.43556567631971,94.56325882444813,96.43556567631971,0,0,0,0,1,98.75,91.41,102.60000000000001,87.56,95.26,93.47056142232876,92.12443857767123,,,,,6141823,0.7,0.66,1.238261623535866,2.0099969031171847,0.7495500882662448,-17.805471842476376,208.724293361576,208.724293361576,243.41937096132105,243.41937096132105,247.12489233419362,-190.55909298514092,263.4193709613211,,0.39690616731121564,1.8754965939471,3.800205572467892,,
1574692200,98.66,99.43,98.51,99.41,95.67568580471685,97.60165576926045,95.67568580471685,97.60165576926045,0,0,0,1,1,98.75,91.41,102.60000000000001,87.56,95.26,93.99634222033451,92.63365777966548,,,,,11727071,0.71,0.67,1.8459934069509674,2.287214224315467,1.040718850415717,-40.61421610366647,229.49513085017233,229.49513085017233,271.036805827365,271.036805827365,247.12489233419362,-190.55909298514092,291.036805827365,,0.9053415149381264,1.837451296731062,3.794421628297003,,
1574778600,99.4,99.56,99,99.33,95.6823359829292,97.65665358223063,95.6823359829292,97.65665358223063,0,0,0,1,1,98.75,91.41,102.60000000000001,87.56,95.26,94.05924669476758,92.70075330523241,,,,,11073600,0.71,0.67,1.5866717038240126,1.8482700045235085,1.062641433643714,-18.502031780559193,245.57314305194828,245.57314305194828,277.7291674555002,277.7291674555002,247.12489233419362,-190.55909298514092,297.7291674555002,,0.412433356805147,1.781568240263379,3.787664408973343,,
1574865000,99.47,99.99,99.375,99.84,96.10277221143323,98.13007260520314,96.10277221143323,98.13007260520314,0,0,0,1,1,98.75,91.41,102.60000000000001,87.56,95.26,94.27345604957866,92.91654395042134,,,,,6333327,0.71,0.68,1.7401375092030213,1.9976111734330173,1.0464584130834207,-20.893635802088692,255.1671885389737,255.1671885389737,274.3552795130246,274.3552795130246,247.12489233419362,-190.55909298514092,294.3552795130246,,0.4657451923076957,1.7299673364219796,3.781027207741244,,
1575037800,99.58,99.81,99.2922,99.49,96.10915563958221,98.17586105205791,96.10915563958221,98.17586105205791,0,0,0,1,1,98.75,91.41,102.60000000000001,87.56,95.26,94.27603926545679,92.91396073454321,,,,,2391998,0.71,0.67,1.5970966209742252,1.739058782254448,0.9908499037014693,-24.61405095136408,256.3876750352303,256.3876750352303,258.8286480277435,258.8286480277435,247.12489233419362,-190.55909298514092,278.8286480277435,,0.548677884615394,1.683642259880545,3.7745689673353984,,
1575297000,99.69,99.72,98.73,99.05,96.11441426967296,98.19802728531054,96.11441426967296,98.19802728531054,0,0,0,0,0,103.13499999999999,96.545,106.27999999999999,93.4,99.69,94.27408944922279,92.91591055077721,,,,,6684759,0.71,0.67,0.6113417738186496,1.7188059623271346,0.9952925239230793,-49.87513062434036,224.0598220380128,224.0598220380128,245.6117240361578,245.6117240361578,247.12489233419362,-190.55909298514092,265.6117240361578,,1.1117788461538456,1.6612162436559685,3.7692487073530176,,
1575383400,98.3,98.9082,98.03,98.83,96.11827777762566,98.19214778392582,96.11827777762566,98.19214778392582,0,0,0,0,0,103.13499999999999,96.545,106.27999999999999,93.4,99.69,94.27542786156351,92.91457213843648,,,,,7820107,0.73,0.67,0.661953419443417,1.708089302181712,0.9256337800574698,-81.32791570275334,164.8609591541876,164.8609591541876,218.6948024088344,218.6948024088344,247.12489233419362,-190.55909298514092,,,1.8129006410256432,1.6671646513959557,3.7653399200077082,,
1575469800,99.23,99.88,99.13,99.75,96.12430939045758,98.22920473357578,96.12430939045758,98.22920473357578,0,0,0,0,1,103.13499999999999,96.545,106.27999999999999,93.4,99.69,94.27450112149164,92.91549887850834,,,,,6237742,0.7,0.67,0.7542003928344022,1.8660147134438263,0.9904209516295172,-31.902110579533396,144.47523553239614,144.47523553239614,193.95494678335498,193.95494678335498,247.12489233419362,-190.55909298514092,,,0.7111378205128285,1.6296734031260292,3.7592376181106157,,
1575556200,99.81,99.9,98.91,99.75,96.12989378727984,98.25626729304341,96.12989378727984,98.25626729304341,0,0,0,0,1,103.13499999999999,96.545,106.27999999999999,93.4,99.69,94.27453511397195,92.91546488602805,,,,,7390352,0.72,0.67,0.8071595310063008,1.7245163404014132,1.0516603268371003,-41.787271604177384,134.97027649819378,134.97027649819378,174.2933900216346,174.2933900216346,247.12489233419362,-190.55909298514092,,,0.9314903846153914,1.6022936769099256,3.7535877734882477,,
1575642600,100.27,100.75,100.2,100.41,96.68575202715542,98.87153435179225,96.68575202715542,98.87153435179225,0,0,0,0,1,103.13499999999999,96.545,106.27999999999999,93.4,99.69,94.64791633653884,93.30208366346115,,,,,5658524,0.71,0.67,0.9608000409613695,1.9962603176467655,1.2757615532698308,-9.382270876093953,143.79268547910524,143.79268547910524,164.12648850745813,164.12648850745813,247.12489233419362,-190.55909298514092,,,0.20914251568568246,1.5476602980383867,3.7465059647813495,,
1575901800,100.45,100.47,99.71,99.71,96.6918084666616,98.90468986740825,96.6918084666616,98.90468986740825,0,0,0,0,1,103.13499999999999,96.545,106.27999999999999,93.4,99.69,94.6553686861688,93.29463131383119,,,,,5328658,0.72,0.68,0.5538060633372587,1.8005131646126866,1.1583010596747445,-31.274236253647572,137.00499265314065,137.00499265314065,155.0859898893523,155.0859898893523,247.12489233419362,-190.55909298514092,,,0.6971417189522985,1.5143066282703048,3.740413328925547,,
1575988200,99.69,100.02,99.295,99.93,96.69703192626866,98.92043340201968,96.69703192626866,98.92043340201968,0,0,0,0,0,103.13499999999999,96.545,106.27999999999999,93.4,99.69,94.64806664285877,93.30193335714122,,,,,6029427,0.71,0.67,0.19803255847436038,1.6262194507914085,1.2307648639439503,-49.81539060402391,120.29013745811942,120.29013745811942,143.48737241227468,143.48737241227468,247.12489233419362,-190.55909298514092,,,1.1104471666168658,1.498469002323111,3.7351586512785766,,
1576074600,100.01,100.27,99.82,100.02,96.70328341093146,98.95594189605814,96.70328341093146,98.95594189605814,0,0,0,0,0,103.13499999999999,96.545,106.27999999999999,93.4,99.69,94.64778357129494,93.30221642870504,,,,,6064341,0.73,0.65,0.2631524308333391,1.3192908046056657,1.5779052632958637,-26.359713413788707,112.86430284845488,112.86430284845488,133.27968255766808,133.27968255766808,247.12489233419362,-190.55909298514092,,,0.5875908774026525,1.4627482915419165,3.728869804577526,,
1576161000,100.07,101.28,100.02,100.95,97.22895516891433,99.50934470864483,97.22895516891433,99.50934470864483,0,0,0,0,0,103.13499999999999,96.545,106.27999999999999,93.4,99.69,94.92054090750952,93.5594590924905,,,,,9769053,0.71,0.64,0.4199070323954012,1.3999363378025311,1.5223321664947516,-35.90302647160336,133.59620762311675,133.59620762311675,134.2292577540141,134.2292577540141,247.1248923341936,-133.10779640165924,,,0.9212481426448805,1.44151299158517,3.7232601708873507,,
1576247400,100.85,101.47,100.47,100.88,97.23544037337204,99.54720570046267,97.23544037337204,99.54720570046267,0,0,0,0,0,103.13499999999999,96.545,106.27999999999999,93.4,99.69,95.01529333641315,93.65470666358686,,,,,6433171,0.72,0.63,0.5275846794092554,1.4105141090490998,1.5075801452751048,-22.806885302060667,139.8216899766849,139.8216899766849,152.27265468382114,152.27265468382114,247.1248923341936,-133.10779640165924,,,0.475482912332842,1.403629459065471,3.7167711054356936,,
1576506600,101.47,102.34,101.47,101.97,98.22441609423636,100.58918746390326,98.22441609423636,100.58918746390326,0,0,0,0,0,103.13499999999999,96.545,106.27999999999999,93.4,99.69,95.46199632549772,94.0780036745023,,,,,7730256,0.71,0.63,1.1084138341983711,1.624584804699262,1.466224111132217,-23.519530573156786,150.89280490064377,150.89280490064377,173.0350347485615,173.0350347485615,247.1248923341936,-133.10779640165924,,,0.4903402961655389,1.3678141977752776,3.7103246902323566,,
1576593000,102.1,102.25,101.72,101.86,98.23140527286925,100.6336310927698,98.23140527286925,100.6336310927698,0,0,0,0,0,103.13499999999999,96.545,106.27999999999999,93.4,99.69,95.46245877450028,94.07754122549974,,,,,4643726,0.7,0.63,1.1528737723850322,1.6710881837645348,1.4344722795309055,-11.759765286578393,161.70418623728327,161.70418623728327,183.32694891056224,183.32694891056224,247.1248923341936,-133.10779640165924,,,0.24517014808276946,1.323788940924591,3.703401304533756,,
1576679400,101.9,102.2,101.79,102,98.2673618954237,100.7075070283385,98.2673618954237,100.7075070283385,0,0,0,0,0,103.13499999999999,96.545,106.27999999999999,93.4,99.69,95.46153878790786,94.07846121209217,,,,,5202934,0.7,0.63,0.8487664308663637,1.8715206983701416,1.5922849490627842,-9.103537616551106,170.4443509162448,170.4443509162448,187.92468027416786,187.92468027416786,247.12489233419356,-80.0245851259968,,,0.20588235294117033,1.2799494668860256,3.696413254680424,,
1576765800,102.21,102.51,102.045,102.4,98.65950896587037,101.13954084302023,98.65950896587037,101.13954084302023,0,0,0,0,0,103.13499999999999,96.545,106.27999999999999,93.4,99.69,95.54766632303566,94.16233367696435,,,,,6637192,0.7,0.63,1.0011357247366872,1.8863932232697838,1.467257144548469,-13.899813847515535,178.66275169460476,178.66275169460476,195.09955325132472,195.09955325132472,247.1248923341936,-44.62949356409865,,,0.3466796875000039,1.2433506520081423,3.6897204803204233,,
1576852200,102.28,102.925,102.28,102.7,98.95521513041736,101.46911679387459,98.95521513041736,101.46911679387459,0,0,0,1,1,103.13499999999999,96.545,106.27999999999999,93.4,99.69,95.75158494448844,94.37341505551156,,,,,8586532,0.71,0.64,0.8668025362881828,1.9192214979919169,1.9272030007382897,-20.60507165938224,193.03601862915207,193.03601862915207,221.7825524982467,221.7825524982467,247.1248923341936,17.538614848034,241.7825524982467,,0.40895813047711943,1.2106293766539846,3.6831655105904666,,
1577111400,102.94,103.22,102.68,103.11,99.35692656987838,101.90597136495104,99.35692656987838,101.90597136495104,0,0,0,1,1,103.13499999999999,96.545,106.27999999999999,93.4,99.69,95.88749774048843,94.53250225951157,,,,,4770887,0.69,0.64,1.2952842127680462,1.839711142487457,1.933632652441047,-19.984502650568555,209.80302174849197,209.80302174849197,243.33702798717175,243.33702798717175,247.1248923341936,28.76326619016939,263.3370279871717,,0.4170303559305524,1.1795078464295363,3.6766397660257115,,
1577197800,103.11,103.24,102.73,102.98,99.36367356973876,101.93843523299218,99.36367356973876,101.93843523299218,0,0,0,1,1,103.13499999999999,96.545,106.27999999999999,93.4,99.69,95.8936296272886,94.54637037271141,,,,,2071790,0.66,0.65,1.159917938263108,1.9083433546155824,1.7389405396444502,-20.818873165298772,222.6195845303005,222.6195845303005,248.25271009391753,248.25271009391753,247.1248923341936,53.10661685774417,268.2527100939175,,0.36853845407816455,1.147705125160855,3.6700301729948475,,
1577370600,103.11,103.23,102.5807,102.91,99.37011177039862,101.96382965522777,99.37011177039862,101.96382965522777,0,0,0,0,1,103.13499999999999,96.545,106.27999999999999,93.4,99.69,95.88813185048487,94.55186814951513,,,,,2910075,0.64,0.65,1.150356269610482,1.832887741491953,1.6679342558701573,-28.99849885892869,228.81988557012684,228.81988557012684,241.22048764977953,241.22048764977953,247.1248923341936,53.10661685774417,261.22048764977956,,0.5133352730094135,1.1228278760568768,3.663723090277594,,
1577457000,103.13,103.1429,102.71,102.94,99.37679286576247,101.99324810012081,99.37679286576247,101.99324810012081,0,0,0,0,1,103.13499999999999,96.545,106.27999999999999,93.4,99.69,95.8837076510419,94.5562923489581,,,,,3605004,0.63,0.66,0.7930943589557755,1.8306103301481085,1.819877131132282,-21.914603331894018,231.90917961401735,231.90917961401735,238.08776770179836,238.08776770179836,247.1248923341936,53.10661685774417,258.0877677017984,,0.38793521481913074,1.0940085560083377,3.6571780595573973,,
1577716200,102.27,102.49,101.51,101.66,99.38108698591078,101.9749246452141,99.38108698591078,101.9749246452141,0,0,0,0,0,103.13499999999999,96.545,106.27999999999999,93.4,99.69,95.90149394432642,94.53850605567358,,,,,5675237,0.65,0.66,0.3064533350545108,1.4938855222106338,1.4975301511479924,-111.40786062252464,179.510210232382,179.510210232382,214.44285648680557,214.44285648680557,247.1248923341936,0.5409060175780098,,,1.5517408592764954,1.1119588424110105,3.6529713918245683,,
1577802600,101.44,101.95,101.27,101.86,99.38489780112376,101.94800211010767,99.38489780112376,101.94800211010767,0,0,0,0,0,103.13499999999999,96.545,106.27999999999999,93.4,99.69,95.88658900770635,94.55341099229365,,,,,4746947,0.67,0.68,-0.04325702831018764,1.0452063919939405,1.6182108653568612,-128.119039715904,114.66108835853251,114.66108835853251,181.18226711071455,181.18226711071455,247.1248923341936,0.5409060175780098,,,1.7845019881679791,1.1383330834210876,3.6492381862228567,,
1577975400,102.17,102.2899,101.4,102.13,99.38895814517745,101.92718241951522,99.38895814517745,101.92718241951522,0,0,0,0,0,105.845,99.565,108.44999999999999,96.96000000000001,102.17,95.85499698151024,94.58500301848974,,,,,6236522,0.64,0.67,0.10627140828866781,1.1915501666269945,2.0130251575555587,-119.0671510403232,66.65631643291152,66.65631643291152,143.00695021811356,143.00695021811356,247.1248923341936,0.5409060175780098,,,1.6584230433517544,1.158728768124251,3.6452605335897474,,
1578061800,100.95,101.82,100.45,101.24,99.3911312557765,101.87029683443619,99.3911312557765,101.87029683443619,0,0,0,0,0,105.845,99.565,108.44999999999999,96.96000000000001,102.17,96.31655288994324,95.02344711005674,,,,,8247451,0.64,0.66,-0.2992345950318563,0.8180171383356032,1.7239119755915104,-171.2583920046544,13.007733185195761,13.007733185195761,99.67387787380764,99.67387787380764,247.1248923341936,-73.1283007145102,,,2.5797691785471795,1.2144558430427972,3.6431316797335187,,
1578321000,100.78,101.9,100.75,101.87,99.39389343108964,101.82728911543869,99.39389343108964,101.82728911543869,0,0,0,0,0,105.845,99.565,108.44999999999999,96.96000000000001,102.17,96.29769565601262,95.04230434398735,,,,,6441759,0.64,0.66,-0.2098339502272677,1.0090311928594016,1.926433755982406,-151.9435357635281,-24.60128350191104,-24.60128350191104,58.24882408190142,58.24882408190142,247.1248923341936,-73.1283007145102,,,2.288817767432838,1.2565876832149556,3.64042575783082,,
1578407400,101.59,101.76,101.1,101.67,99.39734239526328,101.79955620895089,99.39734239526328,101.79955620895089,0,0,0,0,0,105.845,99.565,108.44999999999999,96.96000000000001,102.17,96.29623526572489,95.04376473427507,,,,,6336491,0.69,0.65,-0.4376340200769924,0.9674854914624121,1.9208039136278625,-129.40953681554763,-49.82776498616521,-49.82776498616521,22.22329439254588,22.22329439254588,247.1248923341936,-73.1283007145102,,,1.9493744544661091,1.2837557918914715,3.6370470339479732,,
1578493800,101.72,102.785,101.68,102.33,99.40193172114687,101.79542851448224,99.40193172114687,101.79542851448224,0,0,0,0,0,105.845,99.565,108.44999999999999,96.96000000000001,102.17,96.37383713081205,95.22616286918796,,,,,7494732,0.66,0.66,-0.3294093890560724,1.041355894859757,1.8992057531500748,-92.06748141603565,-32.01102812350542,-32.01102812350542,4.14518688719545,4.14518688719545,247.1248923341936,-73.1283007145102,,,1.3868683929783654,1.2877994233066439,3.6325511725274544,,
1578580200,102.64,103.05,102.42,102.77,99.40797561381191,101.82019210214959,99.40797561381191,101.82019210214959,0,0,0,0,0,105.845,99.565,108.44999999999999,96.96000000000001,102.17,96.4014571387851,95.25854286121489,,,,,6661046,0.66,0.68,-0.08975230817469311,0.8588707157789839,1.9706992205096172,-44.42416935459071,2.3373399755685895,2.3373399755685895,3.542571249986497,3.542571249986497,247.1248923341936,-73.1283007145102,,,0.6691882455629887,1.2635401614343438,3.6266303674785743,,
1578666600,103.16,103.33,102.62,102.8,99.41440303516293,101.85174927461432,99.41440303516293,101.85174927461432,0,0,0,0,0,105.845,99.565,108.44999999999999,96.96000000000001,102.17,97.11942191568886,95.96877808431114,,,,,9300436,0.65,0.67,-0.04736274609367916,0.89369675260358,2.0875109107856837,-31.547598527172887,14.45017511616939,14.45017511616939,36.265382848535175,36.265382848535175,247.1248923341936,-73.1283007145102,,,0.4752206381534234,1.232625670325288,3.6203338445428597,,
1578925800,102.97,102.99,102.085,102.44,99.41975937275502,101.86129832266866,99.41975937275502,101.86129832266866,0,0,0,0,0,105.845,99.565,108.44999999999999,96.96000000000001,102.17,97.11876236030267,95.96943763969735,,,,,7621781,0.64,0.66,-0.2167783901508704,0.6710243725426844,2.0318777447762586,-65.99242549051577,26.2266369864341,26.2266369864341,49.77956072696353,49.77956072696353,247.1248923341936,-73.1283007145102,,,0.9940839879740139,1.2232710945468066,3.6150865920821826,,
1579012200,102.13,103.08,101.95,103.06,99.42483797540686,101.8652317217797,99.42483797540686,101.8652317217797,0,0,0,0,0,105.845,99.565,108.44999999999999,96.96000000000001,102.17,97.65898757857235,96.50101242142765,,,,,7295065,0.61,0.66,0.6155224868827707,0.9259641042122703,1.9707629742251385,-74.6841107990221,42.02882999986126,42.02882999986126,73.63321602671559,73.63321602671559,247.1248923341936,-73.1283007145102,,,1.1250121229754597,1.2194178015440087,3.6101114183177336,,
1579098600,103.18,104.22,103.1,103.95,100.24055791464863,102.71130315928943,100.24055791464863,102.71130315928943,0,0,0,0,0,105.845,99.565,108.44999999999999,96.96000000000001,102.17,98.29952996264754,97.19047003735245,,,,,7521760,0.64,0.65,0.9157201034449515,1.274679810676154,2.06676016681131,-54.283200351745506,67.10066669859236,67.10066669859236,117.24434009605457,117.24434009605457,247.1248923341936,-73.1283007145102,,,0.8177008177008258,1.2036641943344721,3.6045321763584592,,
1579185000,104.38,104.555,103.97,104.49,100.76770948806012,103.27350882656508,100.76770948806012,103.27350882656508,0,0,0,0,0,105.845,99.565,108.44999999999999,96.96000000000001,102.17,98.50796734687705,97.39703265312296,,,,,5480266,0.62,0.65,1.098162177491824,1.571356835963293,2.462971269741044,-33.03692570426892,95.75078171812001,95.75078171812001,153.05101175717533,153.05101175717533,247.1248923341936,-73.1283007145102,,,0.49765527801703136,1.1759775701651607,3.598324630108027,,
1579271400,104.23,104.65,104.23,104.49,100.77463234622583,103.31112024513115,100.77463234622583,103.31112024513115,0,0,0,0,0,105.845,99.565,108.44999999999999,96.96000000000001,102.17,98.55238650658549,97.44761349341451,,,,,6533427,0.63,0.65,1.5388933561789981,1.3151706553792297,2.431508152187016,-16.518462852134007,120.73494438429243,120.73494438429243,170.7032697166373,170.7032697166373,247.1248923341936,-73.1283007145102,,,0.24882763900850885,1.1396187493354881,3.5916323284275085,,
1579617000,104.25,104.84,104.21,104.6,100.88738075680475,103.45101727088908,100.88738075680475,103.45101727088908,0,0,0,0,0,105.845,99.565,108.44999999999999,96.96000000000001,102.17,98.70633863310886,97.60866136689114,,,,,6644775,0.63,0.66,1.2930049914734365,1.3544159746700752,2.284503582074183,-24.75163742953459,139.52426004445704,139.52426004445704,177.10289136478622,177.10289136478622,247.1248923341936,-73.1283007145102,,,0.37284894837476157,1.109549345376244,3.5852011928030274,,
1579703400,104.83,105.08,104.59,104.73,101.0199167195472,103.61926813261172,101.0199167195472,103.61926813261172,0,0,0,1,0,105.845,99.565,108.44999999999999,96.96000000000001,102.17,98.82820649101559,97.73179350898442,,,,,9431510,0.62,0.64,1.4576569963774026,1.2030201203592656,2.3221243619927874,-8.874174091573824,157.66104736205872,157.66104736205872,193.9346219972621,193.9346219972621,247.1248923341936,-73.1283007145102,,,0.13367707438174406,1.0712798445529301,3.5783050407182695,,
1579789800,104.55,104.7,103.48,104.2,101.02485694588178,103.61429683329362,101.02485694588178,103.61429683329362,0,0,0,0,0,105.845,99.565,108.44999999999999,96.96000000000001,102.17,98.83527123830035,97.72472876169965,,,,,8522609,0.61,0.64,0.8844143836682767,1.2582419544794576,2.237118435469064,-79.23369724619455,161.68766451528376,161.68766451528376,169.74089882173385,169.74089882173385,247.1248923341936,-73.1283007145102,,,1.193545306979853,1.0760745685696722,3.5735402860055054,,
1579876200,104.32,104.37,102.2,102.46,101.02725543350239,103.55982636924288,101.02725543350239,103.55982636924288,0,0,0,0,0,105.845,99.565,108.44999999999999,96.96000000000001,102.17,98.87897563605254,97.68102436394746,,,,,15962810,0.65,0.63,-0.14072062733999577,0.6819090145301063,1.898880764450092,-160.36900322629785,110.24360903830254,110.24360903830254,144.53964602295667,144.53964602295667,247.1248923341936,-73.1283007145102,,,2.4157357013272236,1.1286102992660467,3.5712269901320224,,
1580135400,101.22,102.07,101.0809,101.68,101.02743552454434,103.46404459005689,101.02743552454434,103.46404459005689,0,0,0,0,0,105.845,99.565,108.44999999999999,96.96000000000001,102.17,98.88415275273752,97.67584724726248,,,,,11762477,0.69,0.64,-0.506713383499424,0.4456542757549881,1.7342357568436766,-179.88266601140623,44.62321241504522,44.62321241504522,111.23416815365286,111.23416815365286,247.12489233419362,-89.2556931071361,,,3.484292943760149,1.220990010814835,3.571053295733677,,
1580221800,101.98,102.58,101.7031,102.18,101.02884598103876,103.39617495907427,101.02884598103876,103.39617495907427,0,0,0,0,0,105.845,99.565,108.44999999999999,96.96000000000001,102.17,99.25775922589398,98.04224077410603,,,,,8079947,0.67,0.63,-0.11787708236561954,0.326711002676811,1.818328764417728,-149.21126901151638,-0.8111629647282115,-0.8111629647282115,73.88572444752583,73.88572444752583,247.12489233419362,-89.2556931071361,,,2.890193831757851,1.2864489841851494,3.569692937164295,,
1580308200,102.28,102.64,101.88,101.9,101.0306035315262,103.33783476460077,101.0306035315262,103.33783476460077,0,0,0,0,0,105.845,99.565,108.44999999999999,96.96000000000001,102.17,99.64278357207304,98.43721642792696,,,,,6436020,0.67,0.63,-0.5261265256669228,0.2728706452559268,1.7010939850800826,-140.49096986448953,-32.43683551341462,-32.43683551341462,38.44487112721235,38.44487112721235,247.12489233419362,-89.2556931071361,,,2.721283299914073,1.3427169965666759,3.5679978130139447,,
1580394600,101.15,101.22,100.29,101.16,101.02921251547919,103.22005300912623,101.02921251547919,103.22005300912623,0,0,0,0,0,105.845,99.565,108.44999999999999,96.96000000000001,102.17,99.98303347387926,98.79696652612076,,,,,10989547,0.69,0.64,-1.2454717740539012,-0.21281691935393215,1.5400703921383183,-187.7893227882138,-79.8577561910323,-79.8577561910323,-0.9893379788691945,-0.9893379788691945,223.25275448116867,-127.91327913279116,,,4.239472930392436,1.4563152684814116,3.5693394216400756,,
1580481000,100.76,100.84,98.81,99.14,101.02489680615756,103.04943132249383,101.02489680615756,103.04943132249383,0,0,0,0,0,105.845,99.565,108.44999999999999,96.96000000000001,102.17,100.03643231238497,98.74356768761503,,,,,14476689,0.75,0.65,-2.2944836063111222,-0.6908925522721517,1.2454911160919835,-233.12998519920538,-129.9992489722528,-129.9992489722528,-43.99264164333039,-43.99264164333039,223.25275448116864,-212.70031784134545,,,5.652630573856586,1.6208766530059282,3.573501841524624,,
1580740200,99.83,100.76,99.83,100.04,101.02260730204935,102.92510068239604,101.02260730204935,102.92510068239604,0,0,0,0,0,102.965,95.67500000000001,106.1,92.54,99.83,100.04419452045215,98.73580547954784,,,,,11851774,0.74,0.64,-1.896717072119812,-0.49409737166649725,1.534164721746884,-192.96231883042356,-151.95514999894843,-151.95514999894843,-79.98014442853639,-79.98014442853639,223.25275448116864,-212.70031784134545,,,4.678697603361029,1.7407912000786772,3.5757100248649567,,
1580826600,101.29,102.21,101.27,101.8,101.02317072402327,102.86155163602756,101.02317072402327,102.86155163602756,0,0,0,0,0,102.965,95.67500000000001,106.1,92.54,99.83,100.07584636685574,98.70415363314427,,,,,9575109,0.74,0.64,-1.1697774121799909,-0.14783169303631183,1.8678329445429045,-136.25502513331963,-130.52569540389035,-130.52569540389035,-96.82866142032104,-96.82866142032104,223.25275448116864,-212.70031784134545,,,3.3037334097202407,1.8020830514371697,3.5751666150444876,,
1580913000,102.28,104.12,102.27,103.76,101.02571104225699,102.83931823853628,101.02571104225699,102.83931823853628,0,0,0,0,0,102.965,95.67500000000001,106.1,92.54,99.83,100.10899547457444,98.67100452542557,,,,,14131008,0.74,0.64,-0.39276150796494275,0.25269874343477056,2.2101769056318874,-96.8749600658863,-91.73537366171294,-91.73537366171294,-81.54879814449676,-81.54879814449676,223.25275448116864,-212.70031784134545,,,2.3488971641363583,1.8235267421312555,3.5727165262314844,,
1580999400,104.24,104.24,103.395,103.85,101.03047155965508,102.86163320957408,101.03047155965508,102.86163320957408,0,0,0,0,0,102.965,95.67500000000001,106.1,92.54,99.83,100.10588836893999,98.68411163106,,,,,6166481,0.74,0.65,-0.14247967992994934,0.17576116031013667,2.2982678038000572,-52.5723868650238,-72.61151781936819,-72.61151781936819,-34.36380613467867,-34.36380613467867,223.25275448116864,-212.70031784134545,,,1.2747063878544904,1.8020043752968726,3.5681250973835783,,
1581085800,103.86,103.95,102.88,103.04,101.03420388421121,102.86307896606137,101.03420388421121,102.86307896606137,0,0,0,0,0,102.965,95.67500000000001,106.1,92.54,99.83,100.33916342426106,98.89583657573897,,,,,6057198,0.74,0.64,0.23861513118914698,0.01417953775855197,2.012611520718894,-72.853120374752,-49.17419569548714,-49.17419569548714,-2.2995514477250367,-2.2995514477250367,223.25275448116864,-212.70031784134545,,,1.7664470543301904,1.8006099705530811,3.5645253410538014,,
1581345000,102.66,103.59,102.58,103.59,101.03733534498203,102.85282096739229,101.03733534498203,102.85282096739229,0,0,0,0,0,102.965,95.67500000000001,106.1,92.54,99.83,100.39865546423614,98.95134453576387,,,,,4010061,0.75,0.64,0.7906483680533013,0.1605743809195216,2.254266312254788,-84.66713989498187,-24.85217599242302,-24.85217599242302,23.79186341370523,23.79186341370523,223.25275448116864,-212.70031784134545,,,2.0528979280053523,1.8105036159433663,3.561505106462296,,
1581431400,103.95,104.3,103.74,104.21,101.04275505458246,102.88800053729848,101.04275505458246,102.88800053729848,0,0,0,0,0,102.965,95.67500000000001,106.1,92.54,99.83,100.50293726041505,99.05706273958495,,,,,10277109,0.75,0.64,0.8347410824145794,0.2992819867906703,2.5893162169620765,-38.98626441675935,11.549399572990325,11.549399572990325,84.35255070381702,84.35255070381702,223.25275448116864,-212.70031784134545,,,0.9452878831280521,1.7765735872055108,3.5562778992228665,,
1581517800,104.6,104.84,103.92,104.34,101.04851997954833,102.92878875152206,101.04851997954833,102.92878875152206,0,0,0,0,0,102.965,95.67500000000001,106.1,92.54,99.83,100.64052041986228,99.1994795801377,,,,,4705691,0.74,0.64,1.0071087681194488,0.6401544901060868,2.4645898408831735,-31.897852704621084,53.09251430352845,53.09251430352845,136.17874376460472,136.17874376460472,223.25275448116864,-212.70031784134545,,,0.7734173589229468,1.7372341272728613,3.5507177383031863,,
1581604200,103.96,104.28,103.64,103.85,101.05371954002875,102.95710683969767,101.05371954002875,102.95710683969767,0,0,0,0,0,102.965,95.67500000000001,106.1,92.54,99.83,100.68773052395963,99.24226947604038,,,,,4778509,0.74,0.64,1.1149139761773021,0.4729189073888363,2.127459914680467,-42.92427092350246,85.87644789378562,85.87644789378562,151.44431507429996,151.44431507429996,223.25275448116864,-212.70031784134545,,,1.040771507686435,1.7099218676812367,3.5457028607195364,,
1581690600,103.96,104,103.42,103.93,101.05847354694178,102.9757732381409,101.05847354694178,102.9757732381409,0,0,0,0,0,102.965,95.67500000000001,106.1,92.54,99.83,100.6877639566875,99.24223604331249,,,,,5114244,0.75,0.64,2.0334929745829724,0.42826701190312133,2.2020771767472875,-51.587885238337755,105.26253880668614,105.26253880668614,144.0347206324872,144.0347206324872,223.25275448116864,-212.70031784134545,,,1.2508354817148881,1.6919184799962819,3.5411177111111356,,
1582036200,103.93,104.06,103.22,103.56,101.0628224509439,102.98594291507655,101.0628224509439,102.98594291507655,0,0,0,0,0,102.965,95.67500000000001,106.1,92.54,99.83,101.10319781204166,99.64680218795834,,,,,8409262,0.74,0.64,1.492379385241429,0.5611584177042268,2.4772042345848746,-59.463898251824524,108.33353095427303,108.33353095427303,114.47551524944683,114.47551524944683,223.25275448116864,-212.70031784134545,,,1.4418027308316672,1.6821100192447282,3.5369232755861018,,
1582122600,103.83,104.19,103.73,104.04,101.06817145703592,103.01551378115198,101.06817145703592,103.01551378115198,0,0,0,0,0,102.965,95.67500000000001,106.1,92.54,99.83,101.73438410097644,100.35561589902355,,,,,6427863,0.74,0.64,0.9356983005315825,0.5229839979236406,2.4401718137561934,-39.38006506743332,105.26079992871513,105.26079992871513,107.30928727908706,107.30928727908706,223.25275448116864,-212.70031784134545,,,0.9548362455838822,1.6535894791011656,3.5317642605411423,,
1582209000,103.8,103.9,102.43,103.37,101.07093834723165,102.99345441718523,101.07093834723165,102.99345441718523,0,0,0,0,0,102.965,95.67500000000001,106.1,92.54,99.83,101.75879282407323,100.37120717592678,,,,,8080943,0.74,0.64,-0.15964157644427782,0.410021692745854,2.2490292562687655,-90.57414965509653,58.54932636881851,58.54932636881851,91.0559669756642,91.0559669756642,223.25275448116864,-212.70031784134545,,,2.1961233648429266,1.6748653177577053,3.529095647362924,,
1582295400,102.97,103.53,102.61,103.43,101.07405575313128,102.97924836160935,101.07405575313128,102.97924836160935,0,0,0,0,0,102.965,95.67500000000001,106.1,92.54,99.83,101.75482127229732,100.37517872770268,,,,,6510864,0.74,0.64,-0.17230719343335915,0.2644172004540726,2.1300923410435764,-83.48573794295883,12.256345776744396,12.256345776744396,64.78942657602427,64.78942657602427,223.25275448116864,-212.70031784134545,,,2.024252840637835,1.6885667892432006,3.5260889684284082,,
1582554600,100.93,101.61,99.69,100.17,101.07139110627188,102.85223470036976,101.07139110627188,102.85223470036976,0,0,0,0,0,102.965,95.67500000000001,106.1,92.54,99.83,101.87016705337079,100.2598329466292,,,,,16284584,0.67,0.65,-1.090242367823237,-0.5717331479428109,1.4905155304471696,-183.80175481581543,-45.56811765637892,-45.56811765637892,28.003578498556543,28.003578498556543,223.25275448116864,-212.70031784134545,,,4.812374677742773,1.8110690593804388,3.52865896984562,,
1582641000,100.53,100.75,96.79,97.13,101.06299551964597,102.61761373172781,101.06299551964597,102.61761373172781,0,0,0,0,0,102.965,95.67500000000001,106.1,92.54,99.83,101.82979029428927,100.04020970571074,,,,,20301851,0.7,0.66,-2.2934991212333626,-1.171151853349848,0.7486236418803022,-254.38652783818458,-95.67455663175818,-95.67455663175818,-13.222466544881698,-13.222466544881698,223.25275448116864,-252.4500525762365,,,7.5813997899360235,2.0373565390100694,3.536756354101545,,
1582727400,97.67,98.82,96.91,97.12,101.05485407005627,102.39685240891495,101.05485407005627,102.39685240891495,0,0,0,0,0,102.965,95.67500000000001,106.1,92.54,99.83,101.82853620564343,100.04146379435657,,,,,13721649,0.7,0.66,-2.5437872950947904,-1.1210510499576996,0.7770631935765309,-250.3432982566508,-128.05110681436497,-128.05110681436497,-51.49867996804279,-51.49867996804279,223.25275448116864,-252.4500525762365,,,7.466819440465968,2.2502766527926537,3.544608628000375,,
1582813800,96.07,97.34,93.8,93.82,101.04057723874746,102.06400721640848,101.04057723874746,102.06400721640848,0,0,0,0,0,102.965,95.67500000000001,106.1,92.54,99.83,100.40604579933887,98.47395420066111,,,,,22047900,0.75,0.68,-3.500262367192929,-1.7970364950033053,0.21611417498056487,-254.38652783818455,-154.4499250420997,-154.4499250420997,-85.8157616593951,-85.8157616593951,223.25275448116864,-252.4500525762365,,,10.436360164231841,2.5712995355941906,3.558378361339499,,
1582900200,91.35,92.6625,89.98,92.61,101.01877288862009,101.59590889419638,101.01877288862009,101.59590889419638,0,1,0,0,0,102.965,95.67500000000001,106.1,92.54,99.83,98.48882691443391,96.57117308556609,,,,,27751750,0.78,0.69,-3.769524623302059,-2.1935862123606715,0.10754024963984517,-237.4206055224681,-180.3232773318445,-180.3232773318445,-117.3182668835449,-117.3182668835449,191.5264797507788,-252.4500525762365,,,14.083834622362264,3.022771499781174,3.579408243978905,,
1583159400,92.64,97.1,92.32,96.95,101.00164067505641,101.23701442775732,101.00164067505641,101.23701442775732,0,0,0,0,0,100.07,82.55000000000001,107.5,75.12,92.64,98.64434786043864,96.41565213956136,,,,,22359393,0.74,0.66,-2.0853074003393317,-1.2935748950689852,0.5973242597066926,-198.73228958078477,-173.35174634280858,-173.35174634280858,-135.99609336996613,-135.99609336996613,191.5264797507788,-252.4500525762365,,,11.84951780769599,3.368918413817049,3.595931939410907,,
1583245800,97.19,98.89,93.27,94.54,100.98642181256878,100.92907660706095,100.98642181256878,100.92907660706095,0,0,0,0,0,100.07,82.55000000000001,107.5,75.12,92.64,98.68386600303019,96.37613399696981,,,,,33385475,0.72,0.66,-2.6705331799972654,-1.6856647560127151,0.29817455561291717,-183.02549464719525,-156.5062990047197,-156.5062990047197,-142.83282858155064,-142.83282858155064,191.5264797507788,-252.4500525762365,,,10.9424233743913,3.6659186083493727,3.6106102439763026,,
1583332200,97.38,100.15,97.18,99.99,100.97896742333289,100.78501477933307,100.97896742333289,100.78501477933307,0,0,0,0,0,100.07,82.55000000000001,107.5,75.12,92.64,98.87490058829012,96.18509941170988,,,,,26419021,0.72,0.62,-1.0476535465931942,-0.6848124090937823,0.7337541922780131,-118.37963339421106,-131.63677955627085,-131.63677955627085,-109.2446815057113,-109.2446815057113,191.5264797507788,-252.4500525762365,,,7.2090136541583085,3.8048635121065857,3.6177998611794635,,
1583418600,97.85,99.19,96.56,97.67,100.97030155435519,100.6225318468102,100.97030155435519,100.6225318468102,0,0,0,0,0,100.07,82.55000000000001,107.5,75.12,92.64,98.90517291601496,96.15482708398503,,,,,17873011,0.7,0.62,-1.453968941926576,-1.026237216893052,0.5457461507538792,-128.63038377192214,-111.48874918509127,-111.48874918509127,-71.19268844273208,-71.19268844273208,191.5264797507788,-252.4500525762365,,,7.8010121264203205,3.96157522247183,3.626157927643481,,
1583505000,94.99,97.5,94.6,97.15,100.95777607672412,100.39032667634706,100.95777607672412,100.39032667634706,0,0,0,0,0,100.07,82.55000000000001,107.5,75.12,92.64,98.90153292032497,96.15846707967505,,,,,17917672,0.69,0.63,-1.6018599989866595,-1.0305574521468153,0.4862246747647035,-161.03598174017003,-91.91515821126524,-91.91515821126524,-52.76797626361315,-52.76797626361315,191.5264797507788,-252.4500525762365,,,9.672491167764736,4.185532710522533,3.6382385135378295,,
1583760600,91.39,94.28,90.01,92.1,100.93619650414325,99.98902759100011,100.93619650414325,99.98902759100011,0,0,0,0,0,100.07,82.55000000000001,107.5,75.12,92.64,99.0458357195625,96.01416428043751,,,,,21968483,0.65,0.64,-1.946538283845448,-1.410496020683206,-0.07879843315513527,-236.92460147193367,-84.07408137066217,-84.07408137066217,-68.39192768945604,-68.39192768945604,191.5264797507788,-252.4500525762365,,,14.055189534994748,4.57257807618811,3.659051602491789,,
1583847000,94.76,95.4201,90.94,95.26,100.91649960803107,99.63957160703933,100.91649960803107,99.63957160703933,0,0,0,0,0,100.07,82.55000000000001,107.5,75.12,92.64,99.10214377992236,95.95785622007764,,,,,26473553,0.65,0.62,-0.45428100235275676,-0.8601520341513296,0.07754400307682191,-221.54847590536727,-80.87376215118576,-80.87376215118576,-74.47312371223293,-74.47312371223293,191.5264797507788,-252.4500525762365,,,13.167191826601742,4.909621752674919,3.678048885656844,,
1583933400,93.01,93.67,90.45,91.62,100.89587283558745,99.28479624990052,100.89587283558745,99.28479624990052,0,0,0,0,0,100.07,82.55000000000001,107.5,75.12,92.64,99.1679603830883,95.89203961691169,,,,,23217955,0.63,0.63,-1.2843621125494444,-1.3532276486173738,-0.2582106228134591,-229.64987539742913,-88.68635207033515,-88.68635207033515,-83.47795879090222,-83.47795879090222,191.5264797507788,-252.4500525762365,,,13.63506158693784,5.251795863822485,3.6979430169281344,,
1584019800,86.01,89.73,82.9,84.78,100.86035320954232,98.65081600480639,100.86035320954232,98.65081600480639,0,0,0,0,0,100.07,82.55000000000001,107.5,75.12,92.64,95.80409907180194,92.17590092819808,,,,,20650836,0.69,0.66,-1.9304943499239189,-1.9434102188116231,-0.7027327891677855,-237.4206055224681,-118.94454693771374,-118.94454693771374,-95.3001548398394,-95.3001548398394,191.5264797507788,-252.4500525762365,,,20.84407524109615,5.863257800186158,3.7322010233700285,,
1584106200,88.72,90.9,84.16,90.66,100.82739685947331,98.09061537716693,100.82739685947331,98.09061537716693,0,0,0,0,0,100.07,82.55000000000001,107.5,75.12,92.64,95.97998710150868,92.00001289849135,,,,,29162790,0.69,0.63,-0.3859900625994685,-1.0985485310246126,-0.2711635663842064,-223.4677154591142,-129.3297930912268,-129.3297930912268,-106.64336759030186,-106.64336759030186,191.5264797507788,-252.4500525762365,,,19.640981571660465,6.403560693185151,3.7639867986912883,,
1584365400,82.52,87.05,80.67,81.72,100.78760305955429,97.41688928394468,100.78760305955429,97.41688928394468,0,0,0,0,0,100.07,82.55000000000001,107.5,75.12,92.64,95.167279628158,90.58272037184199,,,,,21474783,0.67,0.65,-2.502955538768135,-1.6163658040816977,-0.722140079357124,-237.42060552246812,-147.08426257878455,-147.08426257878455,-120.1236659197961,-120.1236659197961,191.5264797507788,-252.4500525762365,,,22.97336006874821,7.053356747128801,3.802367164865228,,
1584451800,83.41,87.55,82.35,86.85,100.75121184465009,96.83480735124098,100.75121184465009,96.83480735124098,0,0,0,0,0,100.07,82.55000000000001,107.5,75.12,92.64,95.28546228874207,90.46453771125792,,,,,27899728,0.68,0.63,-1.2346405496059987,-1.1554210615550617,-0.3803657468814119,-220.35314222431901,-148.1331161369256,-148.1331161369256,-129.46014932550594,-129.46014932550594,191.5264797507788,-252.4500525762365,,,21.369235176167294,7.614763744345996,3.837465802250447,,
1584538200,82.4,85.3,79.92,83.97,100.71008674605937,96.18121098452565,100.71008674605937,96.18121098452565,0,0,0,0,0,100.07,82.55000000000001,107.5,75.12,92.64,94.92266240703252,90.07733759296748,,,,,28931012,0.68,0.64,-2.4037967919566166,-1.5171717437839136,-0.5445386656515913,-237.42060552246804,-158.20272247124367,-158.20272247124367,-139.04100704075185,-139.04100704075185,191.5264797507788,-252.4500525762365,,,23.68948725293612,8.245145058408355,3.877130180773295,,
1584624600,83.03,84.26,81.33,82.25,100.67183282648682,95.60798702434816,100.67183282648682,95.60798702434816,0,0,0,0,0,100.07,82.55000000000001,107.5,75.12,92.64,94.93105982460135,90.06894017539865,,,,,27121077,0.66,0.64,-2.3589571339887714,-1.7883259687123434,-0.6428702606244798,-223.54154027426407,-165.2769382252156,-165.2769382252156,-147.7863174355731,-147.7863174355731,191.5264797507788,-252.4500525762365,,,22.34316814666285,8.798008708928139,3.9140253615243235,,
1584711000,82.96,83.81,78.64,79.09,100.62833445920114,94.9528071410404,100.62833445920114,94.9528071410404,0,1,0,0,0,100.07,82.55000000000001,107.5,75.12,92.64,94.3081646052629,89.4118353947371,,,,,22004958,0.67,0.66,-2.7355213285087525,-2.02557662359867,-0.8270481160684406,-237.4206055224681,-187.45669151643287,-187.45669151643287,-161.00977546252636,-161.00977546252636,191.5264797507788,-252.4500525762365,,,24.911677647283494,9.429917294745996,3.9559787127446215,,
1584970200,78.2,78.31,73.54,74.62,100.57483508965228,94.12532058648979,100.57483508965228,94.12532058648979,0,1,0,0,0,100.07,82.55000000000001,107.5,75.12,92.64,91.76371640033153,86.85628359966847,,,,,33633216,0.71,0.68,-2.709867177491301,-2.2736510027554693,-1.0107402202906866,-237.4206055224681,-209.4538531414524,-209.4538531414524,-177.1578013555017,-177.1578013555017,191.5264797507788,-252.4500525762365,,,29.781342499761287,10.228012400825026,4.007577841190209,,
1585056600,78.15,80.53,77.57,80.37,100.52941404052211,93.48674330858823,100.52941404052211,93.48674330858823,0,1,0,0,0,100.07,82.55000000000001,107.5,75.12,92.64,91.91725728373096,86.70274271626904,,,,,16775768,0.71,0.66,-2.107757303757621,-1.7450996735721735,-0.704575204748533,-185.3573378183381,-200.58352473992207,-200.58352473992207,-184.96637581697516,-184.96637581697516,191.5264797507788,-252.4500525762365,,,25.933352430058253,10.843908088245938,4.0513855826265095,,
1585143000,79.84,84.09,78.87,81.44,100.48665517131028,92.92367886511418,100.48665517131028,92.92367886511418,0,1,0,0,0,100.07,82.55000000000001,107.5,75.12,92.64,91.92282630624207,86.69717369375793,,,,,16851812,0.7,0.66,-1.4960347609112201,-1.6985455639615836,-0.6575529016203789,-173.53071787622687,-179.11054002912357,-179.11054002912357,-167.39886845342036,-167.39886845342036,191.5264797507788,-252.4500525762365,,,24.692065310799197,11.386973077365674,4.0926257019635175,,
1585229400,82.17,87.31,82.01,86.85,100.45019272341555,92.50460126256068,100.45019272341555,92.50460126256068,0,1,0,0,0,100.07,82.55000000000001,107.5,75.12,92.64,92.03101450378216,86.58898549621784,,,,,18822472,0.72,0.66,0.31601463283348946,-1.2525890455698947,-0.38789248782825814,-147.73116985864385,-156.64636487658072,-156.64636487658072,-111.71801457149502,-111.71801457149502,191.5264797507788,-252.4500525762365,,,21.693879499665805,11.791165486083326,4.127793042218667,,
1585315800,84.34,87.23,84.28,84.99,100.41829323745468,92.1900874875583,100.41829323745468,92.1900874875583,0,0,0,0,0,100.07,82.55000000000001,107.5,75.12,92.64,92.03909475417635,86.58090524582366,,,,,13043205,0.72,0.65,-0.806590983755191,-1.3522611748517224,-0.5500533456816377,-129.07990425357596,-125.4622576936335,-125.4622576936335,-63.09404332773905,-63.09404332773905,191.5264797507788,-252.4500525762365,,,19.526401222190394,12.094508063969878,4.158559492128701,,
1585575000,86.52,89.1399,86.51,88.97,100.39086847574148,91.97448405667367,100.39086847574148,91.97448405667367,0,0,0,0,0,100.07,82.55000000000001,107.5,75.12,92.64,92.09279334815022,86.52720665184978,,,,,13766707,0.72,0.66,1.123461849022254,-1.0523948625334645,-0.3546207922715847,-102.79169849978534,-87.21199627849109,-87.21199627849109,-10.711473448206256,-10.711473448206256,159.59595959596103,-252.45005257623652,,,17.397116394538333,12.302453488698053,4.185010155270378,,
1585661400,89.05,89.53,87.64,88.58,100.36573367359215,91.81120625052961,100.36573367359215,91.81120625052961,0,0,0,0,0,100.07,82.55000000000001,107.5,75.12,92.64,92.09050133775993,86.52949866224007,,,,,13585922,0.72,0.66,0.25230593322751965,-1.057816476786569,-0.3976446214135094,-89.81672639831565,-46.80613743153165,-46.80613743153165,34.005580262387205,34.005580262387205,140.52757793765082,-252.4500525762365,,,16.318151437028554,12.459931839612974,4.209252195793371,,
1585747800,85.62,86.39,84.39,85.21,100.33422051939915,91.52815502501863,100.33422051939915,91.52815502501863,0,0,0,0,0,98.92500000000001,60.23500000000001,112.23,46.93000000000001,85.62,92.11985355355102,86.50014644644898,,,,,15255426,0.72,0.65,0.1849858680582916,-1.3089720370605942,-0.5323195258116361,-108.31613734103837,-17.581912661287788,-17.581912661287788,40.86653687919995,40.86653687919995,122.73552133561671,-252.45005257623652,,,19.42136923517617,12.732929384537021,4.239646036031898,,
1585834200,84.78,87.77,83.93,87.57,100.30186043844132,91.23834502403751,100.30186043844132,91.23834502403751,0,0,0,0,0,98.92500000000001,60.23500000000001,112.23,46.93000000000001,85.62,92.13937466889004,86.48062533110996,,,,,13588005,0.73,0.65,0.8052662140289705,-1.098666027743196,-0.43826418942499096,-100.41146428481724,4.171333360200979,4.171333360200979,47.67782540317852,47.67782540317852,85.3932584269667,-252.45005257623652,,,19.86059390814475,13.012445640364776,4.270856721091064,,
1585920600,87.29,88.12,85.8,86.78,100.27326391408879,91.03250012113408,100.27326391408879,91.03250012113408,0,0,0,0,0,98.92500000000001,60.23500000000001,112.23,46.93000000000001,85.62,92.13946424676443,86.48053575323557,,,,,12934360,0.72,0.66,1.2104047501017445,-1.1569988862675074,-0.4848079452654255,-75.97730053284339,20.729911808420727,20.729911808420727,53.84706870486022,53.84706870486022,85.3932584269667,-252.45005257623652,,,18.0750501289029,13.210979149719213,4.2984375271006785,,
1586179800,89.54,91.85,89.14,91.33,100.25133111905565,90.96439815559941,100.25133111905565,90.96439815559941,0,0,0,0,0,98.92500000000001,60.23500000000001,112.23,46.93000000000001,85.62,92.2005702678372,86.41942973216283,,,,,13472925,0.73,0.66,2.729783355666677,-0.6210991574434566,-0.33026838934568714,-59.04390058555696,42.237216507048394,42.237216507048394,85.25182590430373,85.25182590430373,134.5458136761101,-252.45005257623652,,,14.885897068652728,13.276662205363664,4.3195912924184645,,
1586266200,93.65,93.82,90.49,90.58,100.23211247546112,90.9513786200857,100.23211247546112,90.9513786200857,0,0,0,0,0,98.92500000000001,60.23500000000001,112.23,46.93000000000001,85.62,92.2014840094708,86.41851599052922,,,,,16699512,0.73,0.66,1.5482716782836323,-0.4745070612839611,-0.35786708733594663,-35.8585835949871,65.06295263167112,65.06295263167112,110.71442488091657,110.71442488091657,134.5458136761101,-252.45005257623652,,,13.596868137114493,13.289219300726442,4.338127310090185,,
1586352600,91.36,94.86,90.22,94.31,100.21239816482084,90.92838730165097,100.21239816482084,90.92838730165097,0,0,0,0,0,98.92500000000001,60.23500000000001,112.23,46.93000000000001,85.62,92.23830537220232,86.3816946277977,,,,,32624372,0.73,0.66,1.902242946627294,-0.20107691771042885,-0.2222411648901119,-39.42541221194255,88.0980078847872,88.0980078847872,134.16811839101933,134.16811839101933,150.2459146438206,-252.4500525762365,,,13.854673923422137,13.311393991812547,4.357141389237701,,
1586439000,95.17,95.35,93.97,94.83,100.20014082583019,91.05188583884113,100.20014082583019,91.05188583884113,0,0,0,0,0,98.92500000000001,60.23500000000001,112.23,46.93000000000001,85.62,92.23862815141973,86.38137184858027,,,,,12983196,0.73,0.66,1.1057867467518494,0.07480034995135706,-0.18789859945377027,-6.757856791113025,109.73751485578632,109.73751485578632,153.0165287977846,153.0165287977846,150.2459146438206,-252.4500525762365,,,10.274038002482579,13.19228199223098,4.368963360492936,,
1586784600,94.49,94.82,92.66,94,100.18531676823613,91.11968247261207,100.18531676823613,91.11968247261207,0,0,0,0,0,98.92500000000001,60.23500000000001,112.23,46.93000000000001,85.62,92.23976711710517,86.38023288289482,,,,,9606595,0.73,0.66,1.2792502140033397,0.10456704258047755,-0.20507568935039208,-17.05180143804103,127.78513903837319,127.78513903837319,163.88038740354696,163.88038740354696,150.2459146438206,-252.4500525762365,,,11.524873484197466,13.12689342328849,4.38326088321762,,
1586871000,95.84,97.47,95.515,97.12,100.176169581886,91.29566159133316,100.176169581886,91.29566159133316,0,0,0,0,0,98.92500000000001,60.23500000000001,112.23,46.93000000000001,85.62,92.26420777038449,86.35579222961553,,,,,12830797,0.75,0.66,1.0968069360979638,0.012121507949991648,-0.06905612906545487,-12.314666260386414,147.15074895427344,147.15074895427344,185.88196878607394,185.88196878607394,150.2459146438206,-252.4500525762365,,,8.79881600305548,12.957164897004843,4.392083171169344,,
1586957400,95.83,97.19,95.285,96.62,100.16658572657754,91.45581015637892,100.16658572657754,91.45581015637892,0,0,0,1,0,98.92500000000001,60.23500000000001,112.23,46.93000000000001,85.62,92.26354958317695,86.35645041682307,,,,,11019107,0.77,0.66,1.0868667345717544,0.1521048399550228,-0.12524664531992705,-14.079384789912217,165.37589009725014,165.37589009725014,201.82617238320356,201.82617238320356,150.2459146438206,-252.4500525762365,221.82617238320356,,9.018428339539776,12.802704639849349,4.401326618059195,,
1587043800,97.34,98.975,97.03,98.73,100.16047266818278,91.67742544436406,100.16047266818278,91.67742544436406,0,0,0,1,0,98.92500000000001,60.23500000000001,112.23,46.93000000000001,85.62,92.27246753075714,86.34753246924286,,,,,11331585,0.75,0.66,1.8937258273931463,-0.08683290395264891,-0.04068150289609925,-12.830868909006291,183.5367604238907,183.5367604238907,219.85850107717187,219.85850107717187,150.2459146438206,-252.4500525762365,239.85850107717187,,7.352239090995896,12.588960892835487,4.407222547076052,,
1587130200,101.13,101.13,99.39,100.78,99.7867936718108,91.65381450384693,99.7867936718108,91.65381450384693,0,0,0,1,0,98.92500000000001,60.23500000000001,112.23,46.93000000000001,85.62,92.28136251050717,86.33863748949284,,,,,11504675,0.75,0.66,1.7952744338259576,0.21878722114285903,0.01461796375032771,-10.277718766951914,200.33985852534195,200.33985852534195,233.94605472824443,233.94605472824443,150.2459146438206,-252.4500525762365,253.94605472824443,,4.744105807935598,12.28131951695706,4.407895640504343,,
1587389400,99.82,101.41,99.71,99.98,99.78673274539359,91.97155903310784,99.78673274539359,91.97155903310784,0,0,0,1,0,98.92500000000001,60.23500000000001,112.23,46.93000000000001,85.62,92.28249915528208,86.33750084471792,,,,,10558302,0.74,0.65,1.8094300934425094,0.20006472745293452,0.010737206775258462,-7.91162523786951,213.0311433150075,213.0311433150075,238.41371289433866,238.41371289433866,150.2459146438206,-252.4500525762365,258.4137128943387,,4.437416139543808,11.973715462940854,4.407954622520406,,
1587475800,98.27,98.83,96.62,96.94,99.7805598527954,92.15687828671145,99.7805598527954,92.15687828671145,0,0,0,0,0,98.92500000000001,60.23500000000001,112.23,46.93000000000001,85.62,92.30142330631956,86.31857669368044,,,,,9291372,0.74,0.65,0.7265227073924667,0.358859868087961,-0.11796518014767267,-30.759215878071874,203.83434011178042,203.83434011178042,209.96554224726515,209.96554224726515,150.2459146438206,-252.4500525762365,229.96554224726515,,7.398888249952078,11.794310474196196,4.413930513883906,,
1587562200,98.35,99.03,97.74,98.42,99.77661467826434,92.3784124715463,99.77661467826434,92.3784124715463,0,0,0,0,0,98.92500000000001,60.23500000000001,112.23,46.93000000000001,85.62,92.18286287668712,86.19713712331288,,,,,12007390,0.74,0.65,1.0221079867848293,0.22616683141757601,-0.06296872696411028,-22.47788852628336,169.98033861250286,169.98033861250286,196.63714103567773,196.63714103567773,150.2459146438206,-252.4500525762365,,,6.325474410580802,11.57984631483873,4.417749782408775,,
1587648600,98.94,100.49,98.74,98.96,99.77465540817789,92.63008257070135,99.77465540817789,92.63008257070135,0,0,0,0,0,98.92500000000001,60.23500000000001,112.23,46.93000000000001,85.62,92.18335301801368,86.19664698198632,,,,,16013259,0.72,0.66,0.5822338989573829,0.5461946281437416,-0.07759393520070815,-15.08384624790069,149.9819015050594,149.9819015050594,181.08539452547163,181.08539452547163,150.2459146438206,-252.4500525762365,,,5.367069196856439,11.336207996486483,4.419646524495583,,
1587735000,99.56,100.49,98.94,100.29,99.7730956571126,92.8796479600856,99.7730956571126,92.8796479600856,0,0,0,0,0,98.92500000000001,60.23500000000001,112.23,46.93000000000001,85.62,92.18186864281859,86.1981313571814,,,,,7853512,0.72,0.66,0.6791667910775231,1.245911826627855,-0.022996155329286172,-13.605037792224135,144.44219474339715,144.44219474339715,168.87099459811347,168.87099459811347,150.2459146438206,-252.4500525762365,,,5.175388154111563,11.094607218354133,4.421156497781529,,
1587994200,100.99,102.01,100.83,101.58,99.77527748397152,93.19280294204303,99.77527748397152,93.19280294204303,0,0,0,0,0,98.92500000000001,60.23500000000001,112.23,46.93000000000001,85.62,92.18423545469001,86.19576454530998,,,,,8022181,0.72,0.66,0.9503541220710023,0.8195782169053791,-0.015025019479974741,-5.501857507497086,151.78438304070104,151.78438304070104,163.17545741230933,163.17545741230933,150.2459146438206,-252.4500525762365,,,3.364002300172518,10.79144624117054,4.41904430158251,,
1588080600,102.26,102.26,99.41,99.53,99.77464616032722,93.43854792470802,99.77464616032722,93.43854792470802,0,0,0,0,0,98.92500000000001,60.23500000000001,112.23,46.93000000000001,85.62,92.19225068275858,86.18774931724141,,,,,11517616,0.73,0.66,0.2915989660340355,1.4786062751847544,-0.08960012289296725,-15.91870772169158,142.92722671168772,142.92722671168772,156.42604717876878,156.42604717876878,150.2459146438206,-252.4500525762365,,,4.724937703661114,10.553543945581936,4.419655477211038,,
1588167000,101.06,101.06,99.54,100.19,99.77427324092598,93.6797029080528,99.77427324092598,93.6797029080528,0,0,0,0,0,98.92500000000001,60.23500000000001,112.23,46.93000000000001,85.62,92.1931456752098,86.18685432479019,,,,,9939877,0.73,0.66,0.4343102397928906,1.0423756685290784,-0.06952740724035505,-14.965052420392015,128.946234478677,128.946234478677,147.26610961207152,147.26610961207152,150.2459146438206,-252.4500525762365,,,4.600345025876938,10.320085164417033,4.420016495290291,,
1588253400,99.76,100.38,99.21,99.73,99.77324831936568,93.89858906852132,99.77324831936568,93.89858906852132,0,0,0,0,0,98.92500000000001,60.23500000000001,112.23,46.93000000000001,85.62,92.19250196652482,86.18749803347517,,,,,12768942,0.72,0.66,0.1190353474829821,1.273492857952808,-0.10214453391333411,-17.385869723690824,101.18036184330592,101.18036184330592,131.90419368914965,131.90419368914965,150.2459146438206,-252.4500525762365,,,4.916618746405989,10.108184520573463,4.421008707580232,,
1588339800,98.59,98.77,96.95,97.83,99.76775511593038,94.02115028152048,99.76775511593038,94.02115028152048,0,0,0,0,0,111.42500000000001,89.42500000000001,120.59,80.26,98.59,92.19173559316127,86.18826440683873,,,,,10101976,0.74,0.66,-0.34322738454894364,1.2823459022100907,-0.18534101278836765,-33.964800346281976,51.12950409179583,51.12950409179583,104.97929715669838,104.97929715669838,150.2459146438206,-252.4500525762365,,,7.08261452942304,9.989534716998937,4.426326601330168,,
1588599000,97.53,98,96.89,97.78,99.76215420660785,94.13657576067654,99.76215420660785,94.13657576067654,0,0,0,0,0,111.42500000000001,89.42500000000001,120.59,80.26,98.59,92.1899075866839,86.19009241331611,,,,,9013144,0.73,0.67,-0.258103237616787,1.6003353642321143,-0.2021105906969275,-34.40494894688177,2.1991570537814056,2.1991570537814056,70.71925045572605,70.71925045572605,150.2459146438206,-252.4500525762365,,,7.140118842246504,9.877792917989039,4.431748763649681,,
1588685400,98.64,100.615,98.39,99.9,99.75953152088036,94.30571004457157,99.75953152088036,94.30571004457157,0,0,0,0,0,111.42500000000001,89.42500000000001,120.59,80.26,98.59,92.19324322157803,86.18675677842197,,,,,11497928,0.72,0.67,0.35704087499573456,2.2871278382323728,-0.1165751053952859,-23.40123393188759,-6.206454106456215,-6.206454106456215,45.07734893499863,45.07734893499863,150.2459146438206,-252.4500525762365,,,5.70251102165996,9.714056373034957,4.4342877491801715,,
1588771800,100.42,100.49,98.86,98.91,99.75784374561387,94.48645867027466,99.75784374561387,94.48645867027466,0,0,0,0,0,111.42500000000001,89.42500000000001,120.59,80.26,98.59,92.18703045376364,86.19296954623637,,,,,9493189,0.71,0.67,0.058174565484891076,1.5562363777957255,-0.15139153318758947,-18.318967870155703,-5.19159387319746,-5.19159387319746,28.321034665599935,28.321034665599935,150.2459146438206,-219.4641744548298,,,5.252060571209511,9.539076145512391,4.435921660912498,,
1588858200,99.92,99.93,98.775,98.9,99.7559912106576,94.6568191145776,99.7559912106576,94.6568191145776,0,0,0,0,0,111.42500000000001,89.42500000000001,120.59,80.26,98.59,92.1869835280464,86.1930164719536,,,,,9454429,0.72,0.67,-0.007088540214791243,1.447141809029496,-0.15294708007953,-18.89143561609803,-4.108199449783878,-4.108199449783878,17.511289960472,17.511289960472,150.2459146438206,-219.4641744548298,,,5.333525014376076,9.37415257174234,4.437715074206131,,
1588944600,99.96,100,99.105,99.41,99.46854221099257,94.57170700074644,99.46854221099257,94.57170700074644,0,0,0,0,0,111.42500000000001,89.42500000000001,120.59,80.26,98.59,92.18661664517259,86.1933833548274,,,,,10374531,0.71,0.67,-0.10256977823654258,0.9760084214165857,-0.08623936175964299,-16.495162173341054,3.97466396015193,3.97466396015193,12.999081293698643,12.999081293698643,150.24591464382064,-215.61043074795333,,,4.74336793540946,9.19255317423909,4.4383257692335105,,
1589203800,99,101.38,99,101.12,99.46770676201956,94.74734202032501,99.46770676201956,94.74734202032501,0,0,0,0,0,111.42500000000001,89.42500000000001,120.59,80.26,98.59,92.19237778854699,86.187622211453,,,,,15115448,0.71,0.67,-0.05287162186871653,1.2793192077582785,-0.02827351493079388,-17.194956932210093,24.017872776963664,24.017872776963664,46.05545574349371,46.05545574349371,150.24591464382064,-215.61043074795333,,,4.844290657439452,9.022033075541064,4.439136887891265,,
1589290200,101.71,101.8,99.57,99.58,99.46800045480273,94.93821880384168,99.46800045480273,94.93821880384168,0,0,0,0,0,111.42500000000001,89.42500000000001,120.59,80.26,98.59,92.19608418207032,86.18391581792967,,,,,18471031,0.72,0.67,0.005855839784967041,0.8025726423802015,-0.09701497576189494,-13.396071098349767,39.50779826694357,39.50779826694357,70.48764924690337,70.48764924690337,150.24591464382064,-215.61043074795333,,,4.296424452133807,8.836715090309406,4.438851748159482,,
1589376600,99.45,100.215,97.71,98.5,99.46461443990802,95.04939845859299,99.46461443990802,95.04939845859299,0,0,0,0,0,111.42500000000001,89.42500000000001,120.59,80.26,98.59,91.9086872397146,85.9113127602854,,,,,12667228,0.72,0.67,-0.1964664711483546,0.7530806441919814,-0.10507594105192049,-25.79243539831519,42.82282124889719,42.82282124889719,49.45286721280445,49.45286721280445,150.24591464382064,-215.61043074795333,,,6.084198385236459,8.728773258737919,4.4421391540277675,,
1589463000,97.59,99.63,97.57,99.58,98.87893734040054,94.61511106852593,98.87893734040054,94.61511106852593,0,0,0,0,0,111.42500000000001,89.42500000000001,120.59,80.26,98.59,91.8647077824456,85.86529221755441,,,,,12021392,0.74,0.67,-0.017505931658237914,1.1332490512357953,-0.08721430215398554,-26.725495076807213,26.32530526716175,26.32530526716175,37.323649254985376,37.323649254985376,150.24591464382064,-215.61043074795333,,,5.665667601276239,8.608651468249224,4.444583766309982,,
1589549400,99.3,100.51,99.0702,100.42,98.87940659246766,94.79153016387787,98.87940659246766,94.79153016387787,0,0,0,0,0,111.42500000000001,89.42500000000001,120.59,80.26,98.59,91.86636238226413,85.86363761773589,,,,,15170168,0.73,0.67,0.30801178270587964,0.9856591784149135,-0.0476799240048276,-16.727094150566238,28.749460098569724,28.749460098569724,34.46558620284682,34.46558620284682,150.24591464382064,-215.61043074795333,,,4.215218021850534,8.436359960547314,4.444125493094279,,
1589808600,102.3,102.77,101.19,101.25,97.11895879133148,93.41360515159232,97.11895879133148,93.41360515159232,0,0,0,0,0,111.42500000000001,89.42500000000001,120.59,80.26,98.59,91.86773387628753,85.86226612371249,,,,,10557491,0.73,0.68,0.41273315775964703,1.1196394089497743,-0.04091564906459271,-2.5992376757992055,41.74568848453588,41.74568848453588,56.30589304791401,56.30589304791401,150.24591464382064,-215.61043074795333,,,0.3839338452451275,8.120578544260955,4.436013222069605,,
1589895000,100.93,101.445,100.02,100.03,97.12478624629385,93.6732912240789,97.12478624629385,93.6732912240789,0,0,0,0,0,111.42500000000001,89.42500000000001,120.59,80.26,98.59,91.72010753857725,85.71989246142275,,,,,10561441,0.73,0.67,0.015119516749384661,0.6390064089769317,-0.10325783094792843,-10.396950703196822,49.12223182651237,49.12223182651237,63.87531851046534,63.87531851046534,150.24591464382064,-215.61043074795333,,,1.53573538098051,7.8623494006028976,4.430218461148349,,
1589981400,100.79,101.17,99.92,100.15,97.13040425579176,93.91891117607581,97.13040425579176,93.91891117607581,0,0,0,0,0,111.42500000000001,89.42500000000001,120.59,80.26,98.59,91.52819339556146,85.54180660443855,,,,,10058217,0.73,0.68,0.1456597821405264,0.7087240440749971,-0.09983657584025363,-11.063421902119657,53.032924615019205,53.032924615019205,60.85431019203288,60.85431019203288,150.24591464382064,-215.61043074795333,,,1.6341799566843833,7.6181074616257005,4.42463197062994,,
1590067800,99.87,99.93,98.83,99.41,97.13385499653943,94.11258132603362,97.13385499653943,94.11258132603362,0,0,0,0,0,111.42500000000001,89.42500000000001,120.59,80.26,98.59,91.136290219661,85.173709780339,,,,,12259521,0.72,0.67,0.05989210587519458,0.362616450974817,-0.11451107800582404,-18.32795797037899,33.606060982827564,33.606060982827564,46.55730340428866,46.55730340428866,150.24591464382064,-215.61043074795333,,,2.7072258318566647,7.425523868301425,4.4212005897332896,,
1590154200,99.42,99.7,98.9,99.62,97.13743730423866,94.30137421520877,97.13743730423866,94.30137421520877,0,0,0,0,0,111.42500000000001,89.42500000000001,120.59,80.26,98.59,91.11559723869776,85.19440276130223,,,,,10233264,0.72,0.67,0.02456028045583872,0.33905740695953857,-0.1293573620482295,-17.822146502381752,7.595139293569332,7.595139293569332,33.56991536738222,33.56991536738222,150.24591464382064,-214.8058235782225,,,2.6383146288639425,7.23779017263721,4.417638380021263,,
1590499800,101.19,101.28,99.28,99.44,97.14176410283159,94.49751640284764,97.14176410283159,94.49751640284764,0,0,0,0,0,111.42500000000001,89.42500000000001,120.59,80.26,98.59,91.0956390940383,85.21436090596168,,,,,10829204,0.71,0.67,-0.1931589322315633,0.3884659823055935,-0.1681409003773997,-15.295125729656005,-3.698996113294868,-3.698996113294868,21.146944873823195,21.146944873823195,150.24591464382064,-214.8058235782225,,,2.264225241189208,7.042748410619641,4.413335856267352,,
1590586200,99.58,100.47,98.07,100.47,97.14368884987887,94.63899026940264,97.14368884987887,94.63899026940264,0,0,0,0,0,111.42500000000001,89.42500000000001,120.59,80.26,98.59,91.0976664069266,85.21233359307341,,,,,15551897,0.7,0.67,0.1038422271590305,0.23138308935417257,-0.14899996918005326,-19.250545666708657,-6.968255557855258,-6.968255557855258,11.775211396597044,11.775211396597044,150.24591464382064,-150.82245671385874,,,3.455404607206148,6.90206826146617,4.411421907717779,,
1590672600,101.29,102.8,101.26,101.78,97.3428068733937,95.07786832427455,97.3428068733937,95.07786832427455,0,0,0,0,0,111.42500000000001,89.42500000000001,120.59,80.26,98.59,91.08971595882551,85.2502840411745,,,,,11708855,0.71,0.67,0.3866859686380091,0.3580493101958554,-0.10039084441735471,-3.038331649280043,16.27942542971558,16.27942542971558,25.28785349595266,25.28785349595266,170.5549021704337,-150.8224567138587,,,0.5109058754175634,6.65143444240544,4.403628668892004,,
1590759000,102.22,103.23,100.69,103.01,98.52356753566984,96.40280816757647,98.52356753566984,96.40280816757647,0,0,0,0,0,111.42500000000001,89.42500000000001,120.59,80.26,98.59,91.30974334381887,85.46025665618114,,,,,19057044,0.72,0.68,0.399709380716416,0.2904399459768276,-0.058798538009082045,-15.251109865984942,30.95267453363004,30.95267453363004,60.29917274145897,60.29917274145897,215.12088431755978,-150.82245671385877,,,2.252208523444333,6.478915778916769,4.399330127142858,,
1591018200,102.36,102.4825,101.35,101.99,98.52924792021396,96.59746667080876,98.52924792021396,96.59746667080876,0,0,0,0,0,106.4,99.19,109.57000000000001,96.02,102.36,91.27005766121809,85.49994233878192,,,,,8436318,0.72,0.68,0.18130339633900044,0.08038534746436503,-0.10113109485131046,-10.912432059282365,47.07461326471518,47.07461326471518,79.31849072688547,79.31849072688547,215.12088431755978,-150.82245671385877,,,1.6114940297058642,6.288036494633989,4.393760025050077,,
1591104600,102.03,102.63,101.42,102.58,98.53505541687687,96.78720915430645,98.53505541687687,96.78720915430645,0,0,0,0,0,106.4,99.19,109.57000000000001,96.02,102.36,91.2557238221688,85.5142761778312,,,,,13158817,0.71,0.69,0.15233749036738992,0.1741204479581321,-0.0601002430681104,-10.452269261601737,62.2209282919727,62.2209282919727,92.51355834648774,92.51355834648774,215.12088431755978,-150.82245671385877,,,1.5435394621881404,6.10197778747925,4.388065278670733,,
1591191000,102.88,102.98,101.945,102.38,98.5418897716883,96.98989310903953,98.5418897716883,96.98989310903953,0,0,0,0,0,106.4,99.19,109.57000000000001,96.02,102.36,91.18928720770066,85.58071279229937,,,,,10020912,0.72,0.69,0.27246914285283763,0.37576384317758815,-0.0030185203826511345,-7.236828279653533,85.11584605162533,85.11584605162533,130.9056815709306,130.9056815709306,215.12088431755978,-80.19745585722413,,,1.0338802058052732,5.903228862707721,4.381363610193479,,
1591277400,101.76,102.465,100.92,101.57,98.5466829989177,97.14483455574387,98.5466829989177,97.14483455574387,0,0,0,0,0,106.4,99.19,109.57000000000001,96.02,102.36,91.17813342357805,85.59186657642195,,,,,10848323,0.72,0.68,0.16436924619297227,0.21421493105736836,-0.00418041180626762,-14.842819836034089,96.18097337303767,96.18097337303767,118.31122801586238,118.31122801586238,215.12088431755976,-73.83295483219482,,,2.028929230171831,5.751295543784745,4.376663441602028,,
1591363800,102.21,104.035,101.68,103.21,98.74392586223577,97.50450004976061,98.74392586223577,97.50450004976061,0,0,0,0,0,106.4,99.19,109.57000000000001,96.02,102.36,91.59768192870727,85.9773180712927,,,,,14579765,0.72,0.68,0.442438556927262,0.2869908565137186,0.03889103633119323,-12.73864973334884,109.68704376270794,109.68704376270794,136.69918454204847,136.69918454204847,215.12088431755976,-73.83295483219482,,,1.4824144947194913,5.583888443821402,4.370880726423441,,
1591623000,102.8,103.96,102.55,103.92,99.42947766100714,98.34734694110904,99.42947766100714,98.34734694110904,0,0,0,0,0,106.4,99.19,109.57000000000001,96.02,102.36,91.53062802444344,86.04437197555654,,,,,8191341,0.72,0.68,0.49956550074482886,0.24185712564275452,0.07647622663356168,-12.682921926539475,126.30088181100248,126.30088181100248,159.52855790759156,159.52855790759156,215.12088431755976,-73.83295483219482,,,1.318321785989227,5.416611319984846,4.364781707561435,,
1591709400,103.71,104.2224,102.72,102.84,99.43607610723889,98.51929411988907,99.43607610723889,98.51929411988907,0,0,0,0,0,106.4,99.19,109.57000000000001,96.02,102.36,91.60681423171692,86.15558576828309,,,,,10371107,0.69,0.67,0.39559523173850586,0.08285809727649963,0.06404901470205399,-11.109128694779093,138.2213125789643,138.2213125789643,162.0621741148879,162.0621741148879,215.12088431755976,-73.83295483219482,,,1.1547344110854532,5.24947889218487,4.358368026649395,,
1591795800,103.18,103.52,102.23,102.68,99.44169213899266,98.66547474263852,99.44169213899266,98.66547474263852,0,0,0,0,0,106.4,99.19,109.57000000000001,96.02,102.36,91.56909024906453,86.19330975093548,,,,,10519660,0.7,0.67,0.25453727102688234,0.2114420859092155,0.13773001820946884,-15.645356245147163,140.02199876417092,140.02199876417092,143.62337113458415,143.62337113458415,215.12088431755976,-73.83295483219482,,,1.6262509622786736,5.107391522384627,4.3529092512960075,,
1591882200,101.79,101.98,96.63,96.97,99.43622002682685,98.58851102724093,99.43622002682685,98.58851102724093,0,0,0,0,0,106.4,99.19,109.57000000000001,96.02,102.36,91.5023219560483,86.26007804395171,,,,,39561933,0.73,0.67,-0.535910120504233,-0.21041669580016298,-0.11599860502043596,-95.24172734863835,85.05982443507634,85.05982443507634,121.70127398780606,121.70127398780606,215.12088431755973,-192.66243082598467,,,7.015011547344117,5.182200150814411,4.358228137002397,,
1591968600,99,99.32,95.92,97.6,99.42935445234767,98.48700079087854,99.42935445234767,98.48700079087854,0,0,0,0,0,106.4,99.19,109.57000000000001,96.02,102.36,91.39849693795203,86.36390306204798,,,,,19397191,0.71,0.66,-0.5953912627077262,-0.13979052510005843,-0.1559067207277,-104.51767061578958,28.88772159791801,28.88772159791801,90.76342319117671,90.76342319117671,215.12088431755973,-192.66243082598467,,,7.698229407236336,5.280867964791741,4.364901466213654,,
1592227800,96.14,98.38,95.42,97.82,99.421513584311,98.3700595833931,99.421513584311,98.3700595833931,0,0,0,0,0,106.4,99.19,109.57000000000001,96.02,102.36,91.10209366322923,86.6603063367708,,,,,14522109,0.74,0.66,-0.4635018759817116,-0.000669021927462057,-0.21632577100106076,-146.76351415295468,-14.619571947386312,-14.619571947386312,55.63575814498904,55.63575814498904,215.12088431755973,-192.66243082598467,,,8.179368745188606,5.394534662062207,4.372522779458359,,
1592314200,100.12,100.87,98.58,100.23,99.4199389317949,98.38038665855416,99.4199389317949,98.38038665855416,0,0,0,0,0,106.4,99.19,109.57000000000001,96.02,102.36,91.01786429402202,86.744535705978,,,,,13272884,0.71,0.67,-0.2587248860077559,0.16337607597407122,-0.13122417518470206,-135.90650790679288,-26.265661705320802,-26.265661705320802,28.335284861552424,28.335284861552424,215.12088431755973,-192.66243082598467,,,5.138568129330257,5.384496758817817,4.374053339597963,,
1592400600,100.73,100.91,99.78,100.13,99.42074105181129,98.43689698566969,99.42074105181129,98.43689698566969,0,0,0,0,0,106.4,99.19,109.57000000000001,96.02,102.36,90.97930839527112,86.78309160472891,,,,,9086302,0.75,0.67,-0.2486443592290514,0.015038791517795946,-0.10650674263687995,-106.21094210092949,-18.561151925970528,-18.561151925970528,12.70313926571144,12.70313926571144,215.12088431755973,-192.66243082598467,,,3.9838337182448043,5.3295687964424046,4.37327368001484,,
1592487000,99.56,100.02,99.16,99.79,99.42031519556392,98.46712063329048,99.42031519556392,98.46712063329048,0,0,0,0,0,106.4,99.19,109.57000000000001,96.02,102.36,90.96376711590628,86.79863288409372,,,,,7115232,0.75,0.66,-0.19833489732898682,0.05813349435032021,-0.13838502440744324,-122.11692859913643,-13.149203276991749,-13.149203276991749,4.085691751477045,4.085691751477045,215.12088431755973,-192.66243082598467,,,4.5804464973056245,5.300191451378217,4.373687611717719,,
1592573400,100.93,101.34,99.71,100.75,99.42097810226609,98.51751198100457,99.42097810226609,98.51751198100457,0,0,0,0,0,106.4,99.19,109.57000000000001,96.02,102.36,90.90946908703127,86.85293091296874,,,,,12176999,0.74,0.66,-0.26963346755112805,0.12217301097536178,-0.12520045754415746,-108.00677928621108,2.836466009863466,2.836466009863466,3.669283170939185,3.669283170939185,215.12088431755973,-192.66243082598467,,,4.051193225558129,5.2512111287970376,4.373043267289828,,
1592832600,99.91,100.0838,98.91,99.94,99.42005726689692,98.53486837390636,99.42005726689692,98.53486837390636,0,0,0,0,0,106.4,99.19,109.57000000000001,96.02,102.36,92.84849676307674,88.94390323692326,,,,,6889370,0.73,0.66,-0.43309093847399716,0.03480810108868601,-0.1589555706422971,-128.53063283228434,-2.5309090962938994,-2.5309090962938994,1.6025524151948236,1.6025524151948236,215.12088431755973,-192.66243082598467,,,4.82101616628176,5.234340738110164,4.373938318037064,,
1592919000,100.63,101.23,100.18,100.37,99.42165035927076,98.6008500063022,99.42165035927076,98.6008500063022,0,0,0,0,0,106.4,99.19,109.57000000000001,96.02,102.36,93.33827866536714,89.75412133463286,,,,,5369897,0.72,0.66,-0.27166991535906465,-0.048436219345803916,-0.12634502640569004,-95.94901532789267,7.284499528227889,7.284499528227889,18.648393754294023,18.648393754294023,215.12088431755973,-192.66243082598467,,,3.5989222478829817,5.170206679669882,4.372389834380413,,
1593005400,99.62,99.82,97.0399,97.75,99.41702908182965,98.54233435899621,99.41702908182965,98.54233435899621,0,0,0,0,0,106.4,99.19,109.57000000000001,96.02,102.36,94.96821024765765,91.26418975234233,,,,,15739714,0.68,0.66,-0.5420935636095502,-0.11979302505165525,-0.22378938595458697,-176.50770597792382,-6.961316986985967,-6.961316986985967,2.5358940231566036,2.5358940231566036,215.12088431755973,-192.66243082598467,,,6.620573518090837,5.227083810588351,4.376881709872341,,
1593091800,97.66,98.83,96.84,98.71,99.41202163111672,98.47835261942774,99.41202163111672,98.47835261942774,0,0,0,0,0,106.4,99.19,109.57000000000001,96.02,102.36,95.79989098433035,92.35250901566965,,,,,10506729,0.68,0.66,0.20257564782979132,0.013896256462649862,-0.17623973287509864,-181.6361038827489,-33.54019409470342,-33.54019409470342,-9.489468682796737,-9.489468682796737,215.12088431755973,-192.66243082598467,,,6.812933025404155,5.289273975875245,4.38174894526801,,
1593178200,98.53,98.78,97.04,97.51,99.4074197896959,98.42464467356783,99.4074197896959,98.42464467356783,0,0,0,0,0,106.4,99.19,109.57000000000001,96.02,102.36,95.78520947984248,92.36719052015754,,,,,16631435,0.67,0.66,-0.010420721820424418,-0.13562592307027518,-0.23642679440841616,-176.5051404962305,-60.084737105373875,-60.084737105373875,-26.354558156989114,-26.354558156989114,215.12088431755973,-192.66243082598467,,,6.620477290223244,5.341478027418304,4.386221928974214,,
1593437400,98.28,98.57,97.515,98.39,99.403766703203,98.3914840981338,99.403766703203,98.3914840981338,0,0,0,0,0,106.4,99.19,109.57000000000001,96.02,102.36,95.70633506982712,92.4460649301729,,,,,7490228,0.67,0.66,0.06597220009986247,-0.13213837567378398,-0.18181400859212582,-164.3191024532496,-70.94151874067501,-70.94151874067501,-41.216878351551074,-41.216878351551074,215.12088431755973,-192.66243082598467,,,6.163394919168592,5.373710062388903,4.3897727241594175,,
1593523800,98.42,100.6,98.13,100.07,99.4013373991007,98.3835004080109,99.4013373991007,98.3835004080109,0,0,0,0,0,106.4,99.19,109.57000000000001,96.02,102.36,95.7145874881574,92.43781251184261,,,,,9182991,0.7,0.66,-0.01803942972869377,-0.07603733727524173,-0.1223691800439724,-148.54139003970587,-41.17666031100415,-41.17666031100415,-41.09622422991029,-41.09622422991029,215.12088431755973,-192.66243082598467,,,5.571593533487304,5.381470198510409,4.392134004497735,,
1593610200,100.54,101.26,99.91,100.84,99.40243382787372,98.44493568612812,99.40243382787372,98.44493568612812,0,0,0,0,0,104.94120000000001,91.0188,109.3424,86.61760000000001,100.54,95.64181207605839,92.51058792394161,,,,,10933146,0.69,0.66,0.08013232729397361,0.052833301037218006,0.025195878060833846,-102.8758158996927,-27.140384761485315,-27.140384761485315,0.9321663375523599,0.9321663375523599,215.12088431755973,-192.66243082598467,,,3.8587374903772185,5.321755190348323,4.391068277196795,,
1593696600,101.73,102.18,101.375,101.6,99.40642586817766,98.56083820824074,99.40642586817766,98.56083820824074,0,0,0,0,0,104.94120000000001,91.0188,109.3424,86.61760000000001,100.54,96.5653954959987,93.45700450400132,,,,,6502376,0.73,0.66,0.2049410572129072,0.09444823386402076,0.17332862813533792,-65.29150909344581,-4.327908031748354,-4.327908031748354,41.297045427725564,41.297045427725564,215.12088431755973,-192.66243082598467,,,2.4489992301770607,5.2090980938710185,4.387188019360591,,
1594042200,102.77,103.22,102.14,102.63,99.4119231191903,98.70189553340778,99.4119231191903,98.70189553340778,0,0,0,0,0,104.94120000000001,91.0188,109.3424,86.61760000000001,100.54,98.2591189813105,95.10328101868949,,,,,6374838,0.72,0.66,0.21075104688699367,0.2112137156584421,0.21358886924999207,-45.66557414001318,23.106307787387255,23.106307787387255,77.97473942565848,77.97473942565848,215.12088431755973,-192.66243082598467,,,1.7128560431100857,5.0719905624686294,4.381844698728722,,
1594128600,101.88,102.97,101.6,101.74,99.4163412548163,98.81645649288198,99.4163412548163,98.81645649288198,0,0,0,0,0,104.94120000000001,91.0188,109.3424,86.61760000000001,100.54,98.69651689029473,95.74588310970528,,,,,5913221,0.72,0.66,0.2033179510558315,0.13869833914546184,0.3176516113319399,-59.51917528361283,48.60900888086831,48.60900888086831,99.61441106783042,99.61441106783042,215.12088431755973,-192.66243082598467,,,2.232486528098544,4.960637463081567,4.377550276809381,,
1594215000,102.09,102.4,101.07,101.75,99.41970221135013,98.9059483951219,99.41970221135013,98.9059483951219,0,0,0,0,0,104.94120000000001,91.0188,109.3424,86.61760000000001,100.54,98.69154160061771,95.75085839938228,,,,,5624902,0.66,0.66,0.15523266906937896,0.15142521516987714,0.37142832461324826,-73.11622825788645,68.12226543856055,68.12226543856055,107.14877855394504,107.14877855394504,215.12088431755973,-192.66243082598467,,,2.7424942263279526,4.873651453797112,4.374283431553674,,
1594301400,101.64,102.02,99.68,100.95,99.42030700213664,98.93796610511713,99.42030700213664,98.93796610511713,0,0,0,0,0,104.94120000000001,91.0188,109.3424,86.61760000000001,100.54,99.85446407026532,97.02793592973465,,,,,10522107,0.66,0.66,0.3694577598730712,0.031129761127468274,0.1552110023534158,-81.92059022759972,73.14111133592796,73.14111133592796,83.1788031306628,83.1788031306628,215.12088431755973,-192.66243082598467,,,4.080061585835253,4.84253028250449,4.373695575718073,,
1594387800,101.03,101.13,99.97,100.71,99.42148421092358,98.97998704217136,99.42148421092358,98.97998704217136,0,0,0,0,0,104.94120000000001,91.0188,109.3424,86.61760000000001,100.54,99.85399944077803,97.02840055922196,,,,,10502651,0.59,0.66,0.22867598534094813,-0.06850344604960112,0.24552743492215173,-70.3641569923127,50.00794845890351,50.00794845890351,65.43005704358647,65.43005704358647,215.12088431755973,-192.66243082598467,,,3.8010007698229433,4.8016859878895275,4.372551330351649,,
1594647000,101.29,103.145,101.02,101.28,99.42473599072194,99.06112480522346,99.42473599072194,99.06112480522346,0,0,0,0,0,104.94120000000001,91.0188,109.3424,86.61760000000001,100.54,101.18112059774123,98.32627940225876,,,,,10167371,0.59,0.65,0.43633033576238056,-0.10942821198798908,0.04853277250080846,-41.82342596484681,46.687968097794645,46.687968097794645,59.182694061655866,59.182694061655866,215.12088431755973,-192.66243082598467,,,2.790608160123177,4.72282019072222,4.3693906047368065,,
1594733400,101.04,103.46,100.85,103.29,99.42764500972149,99.1324806952147,99.42764500972149,99.1324806952147,0,0,0,0,0,104.94120000000001,91.0188,109.3424,86.61760000000001,100.54,101.14458556470261,98.36281443529737,,,,,10890003,0.65,0.66,0.5608323325405374,0.08287299929739908,0.2159940545154404,-62.979557794067674,62.53051128817454,62.53051128817454,69.22614574121188,69.22614574121188,215.12088431755973,-192.66243082598467,,,2.954195535026951,4.6534623610871115,4.366563042159964,,
1594819800,104.05,104.925,103.83,104.63,100.11440707858146,99.967741253052,100.11440707858146,99.967741253052,0,0,0,0,0,104.94120000000001,91.0188,109.3424,86.61760000000001,100.54,101.57486044265349,98.7701395573465,,,,,9606981,0.61,0.66,0.5126458628570686,0.12980369430759928,0.2887314236371664,-20.38458243819108,75.1556947317652,75.1556947317652,100.40606161894652,100.40606161894652,215.12088431755973,-192.66243082598467,,,0.7645990633661447,4.50095791803923,4.359366310933602,,
1594906200,104.53,104.54,103.72,104.46,100.12162924226062,100.11524551763819,100.12162924226062,100.11524551763819,0,0,0,0,0,104.94120000000001,91.0188,109.3424,86.61760000000001,100.54,101.551156028745,98.793843971255,,,,,6412217,0.62,0.66,0.40652061686282737,0.13282946541064847,0.5065757874827522,-23.187462523442353,89.84960904673058,89.84960904673058,119.23743767666134,119.23743767666134,215.12088431755973,-192.66243082598467,,,0.8697314345789895,4.358556879472162,4.352394013478348,,
1594992600,105.01,106.25,104.86,105.89,101.33441632553163,101.46006994268744,101.33441632553163,101.46006994268744,0,0,0,0,0,104.94120000000001,91.0188,109.3424,86.61760000000001,100.54,102.20958191012913,99.46041808987088,,,,,7548607,0.6,0.66,0.48070470953902816,0.2795583443583242,0.42346373662481746,-25.93285516010932,106.74292339343688,106.74292339343688,140.52955208684952,140.52955208684952,215.12088431755973,-192.66243082598467,,,0.9727075266786298,4.225778473480259,4.345641393125102,,
1595251800,106.13,106.49,105.52,105.87,101.34278652268341,101.61942798415068,101.34278652268341,101.61942798415068,0,0,0,1,0,104.94120000000001,91.0188,109.3424,86.61760000000001,100.54,102.3267046172356,99.5832953827644,,,,,6776331,0.57,0.65,0.3594055660070864,0.16939997758652578,0.590224780719035,-9.315685834214133,124.0256180077296,124.0256180077296,158.59100723631505,158.59100723631505,215.12088431755973,-192.66243082598467,,,0.3494192086127156,4.073764384661923,4.337656933215986,,
1595338200,106.23,106.63,105.58,105.8,101.35125867748324,101.77486610241928,101.35125867748324,101.77486610241928,0,0,0,1,0,104.94120000000001,91.0188,109.3424,86.61760000000001,100.54,102.33593563975825,99.71406436024176,,,,,7458616,0.59,0.65,0.45802688148636883,0.11988221289391039,0.9485816341313179,-7.805034077314504,140.9821761023946,140.9821761023946,174.8952922917246,174.8952922917246,215.12088431755973,-192.66243082598467,,,0.29275663424308457,3.925489570920008,4.329575214336919,,
1595424600,106.28,106.93,105.73,106.75,102.181521156278,102.72453293581198,102.181521156278,102.72453293581198,0,0,0,1,0,104.94120000000001,91.0188,109.3424,86.61760000000001,100.54,102.47962406854406,99.87037593145598,,,,,5648586,0.68,0.66,0.5646115982323056,0.2522134662304115,0.6797250626024022,-25.474187795293805,157.7039528633892,157.7039528633892,191.1475063853784,191.1475063853784,215.12088431755973,-192.66243082598467,,,0.9555035128805585,3.809019529428265,4.3228338123360075,,
1595511000,107.09,107.53,105.92,106.27,102.18900722789382,102.85017085989777,102.18900722789382,102.85017085989777,0,0,0,1,0,104.94120000000001,91.0188,109.3424,86.61760000000001,100.54,102.78439942402827,100.16560057597171,,,,,6970160,0.65,0.65,0.6137345998982073,0.23508410190025772,1.1662111316870734,-20.728995951072445,177.959727380276,177.959727380276,218.47127641404964,218.47127641404964,215.12088431755973,-192.66243082598467,238.47127641404964,,0.7775175644028087,3.6901370994272664,4.315750263389088,,
1595597400,106.1,106.16,104.43,105.1,102.19353108957635,102.91303474774493,102.19353108957635,102.91303474774493,0,0,0,0,0,104.94120000000001,91.0188,109.3424,86.61760000000001,100.54,102.78378244719437,100.1662175528056,,,,,6240965,0.61,0.65,0.5095028406494521,0.5657795006615858,0.8187031789184058,-57.941289887334975,180.42503560505955,180.42503560505955,185.3556520546266,185.3556520546266,215.12088431755973,-192.66243082598467,,,2.1733021077283308,3.6306533742626024,4.311469647693462,,
1595856600,105.06,106.16,104.73,105.89,102.19863931916761,102.98508044391178,102.19863931916761,102.98508044391178,0,0,0,0,0,104.94120000000001,91.0188,109.3424,86.61760000000001,100.54,102.77753317043408,100.17246682956589,,,,,5933612,0.59,0.65,0.5438511940233981,0.5859316249638429,1.0396759443842254,-50.44888171224861,150.33562849368298,150.33562849368298,170.39523323460068,170.39523323460068,215.12088431755973,-192.66243082598467,,,1.8922716627634624,3.5624815424391065,4.3066360852860095,,
1595943000,105.94,106.47,105.57,105.77,102.20539888096748,103.08691258336623,102.20539888096748,103.08691258336623,0,0,0,0,0,104.94120000000001,91.0188,109.3424,86.61760000000001,100.54,102.74926543105006,100.20073456894993,,,,,6239393,0.64,0.65,0.2880782562211531,0.562983827009554,1.14366079119056,-29.470138822006838,124.88103277417575,124.88103277417575,155.2238330811257,155.2238330811257,215.12088431755973,-192.66243082598467,,,1.105386416861833,3.4661248708478407,4.300239982052394,,
1596029400,106.01,107.31,105.94,106.88,102.33709631132713,103.31978298729832,102.33709631132713,103.31978298729832,0,0,0,0,0,104.94120000000001,91.0188,109.3424,86.61760000000001,100.54,102.75295927053973,100.19704072946024,,,,,5449855,0.62,0.66,0.2579342108259433,0.4594581323978047,1.4048448762892458,-23.44765775726819,126.41161559561662,126.41161559561662,145.619760585956,145.619760585956,215.12088431755973,-192.66243082598467,,,0.8794910179640698,3.3646882491661243,4.2934053187874825,,
1596115800,105.85,106.32,105,106.14,102.34245436065515,103.3864111054435,102.34245436065515,103.3864111054435,0,0,0,0,0,104.94120000000001,91.0188,109.3424,86.61760000000001,100.54,102.75499252072609,100.1950074792739,,,,,5348664,0.62,0.66,0.19689938060702475,0.42426256981792015,1.7238314472682017,-46.89531551453638,107.85646144465154,107.85646144465154,133.0319942055212,133.0319942055212,215.12088431755973,-192.66243082598467,,,1.7589820359281396,3.301719378058752,4.2883415360045465,,
1596202200,105.81,106.1,104.15,105.53,102.34612038590859,103.41742635621041,102.34612038590859,103.41742635621041,0,0,0,0,0,104.94120000000001,91.0188,109.3424,86.61760000000001,100.54,102.73138799436045,100.21861200563956,,,,,6920437,0.62,0.66,-0.0419446791706621,0.4097260405326154,1.287433300002706,-68.09798476312984,65.90258718616755,65.90258718616755,110.65552519906998,110.65552519906998,215.12088431755973,-192.66243082598467,,,2.5542664670658586,3.272407499196286,4.284876850552122,,
1596461400,106.19,106.965,106,106.62,102.35343842709558,103.5190488520453,102.35343842709558,103.5190488520453,0,0,0,0,0,111.455,102.265,115.38,98.34,106.19,102.73642157715213,100.21357842284786,,,,,8811926,0.64,0.66,0.0884223055064632,0.41986135516703654,1.2863826981354816,-21.950998751485052,62.057595972436204,62.057595972436204,94.45621545685873,94.45621545685873,215.12088431755973,-192.66243082598467,,,0.8233532934131694,3.1763661577930264,4.277960719568827,,
1596547800,106.38,106.63,105.49,106.15,102.35973305561288,103.5968861519651,102.35973305561288,103.5968861519651,0,0,0,0,0,111.455,102.265,115.38,98.34,106.19,102.7115499253747,100.23845007462529,,,,,6092927,0.63,0.67,0.04331633253814109,0.4697436631571258,0.9699191497429339,-34.672600300641356,55.304100403138456,55.304100403138456,81.40551043895198,81.40551043895198,215.12088431755973,-192.66243082598467,,,1.300523952095809,3.10280371835392,4.272011794958491,,
1596634200,106.73,106.8313,106.37,106.64,102.36775576679047,103.70583571463312,102.36775576679047,103.70583571463312,0,0,0,0,0,111.455,102.265,115.38,98.34,106.19,102.70429816757141,100.24570183242858,,,,,4407041,0.64,0.67,-0.014045455152057965,0.491602412198487,1.1573902850064672,-12.721601549155949,63.66762931991617,63.66762931991617,75.49288339927338,75.49288339927338,215.12088431755973,-192.66243082598467,,,0.47717065868262626,2.9998377160138694,4.264429694786112,,
1596720600,106.51,106.96,105.3,106.07,102.37364596505863,103.76897156896123,102.37364596505863,103.76897156896123,0,0,0,0,0,111.455,102.265,115.38,98.34,106.19,102.70700991979865,100.24299008020134,,,,,5369860,0.63,0.66,-0.028473211586764073,0.7434693568908226,0.9692781113495805,-39.41202048562105,55.526701612395335,55.526701612395335,68.83748947031404,68.83748947031404,215.12088431755973,-192.66243082598467,,,1.4782934131736511,2.94016931198092,4.258862988928745,,
1596807000,105.96,106.43,105.655,106.41,102.38022659250106,103.84341386037453,102.38022659250106,103.84341386037453,0,0,0,0,0,111.455,102.265,115.38,98.34,106.19,102.70621659536943,100.24378340463058,,,,,4274009,0.64,0.66,0.19693225082053925,0.7115693136936877,1.0600898530127456,-30.556788034737732,47.53817156660285,47.53817156660285,61.73771683574364,61.73771683574364,215.12088431755973,-192.66243082598467,,,1.146145209580833,2.869815425612289,4.252643772586391,,
1597066200,106.43,106.52,105.77,106.05,102.3870215443642,103.91940155212454,102.3870215443642,103.91940155212454,0,0,0,0,0,111.455,102.265,115.38,98.34,106.19,102.69005632738393,100.25994367261606,,,,,4640201,0.62,0.66,0.024248512057845777,0.8114619252459382,1.3082958227521828,-24.910411717510957,30.551693796654213,30.551693796654213,51.342375822713834,51.342375822713834,174.21058189882922,-192.6624308259847,,,1.0385479041916164,2.7980010130075565,4.246222002619569,,
1597152600,106.64,106.74,105.13,105.38,102.392536985834,103.96756227557064,102.392536985834,103.96756227557064,0,0,0,0,0,111.455,102.265,115.38,98.34,106.19,102.67583168955383,100.27416831044616,,,,,8115926,0.64,0.66,-0.059521288871375554,0.6621186364022144,1.0943532680874717,-39.273171626706485,-5.106795158720978,-5.106795158720978,32.5259854955689,32.5259854955689,174.21058189882922,-192.6624308259847,,,1.637350299401198,2.752485298748484,4.241009471744007,,
1597239000,105.95,107.485,105.91,107.15,102.65773663011841,104.29656547521544,102.65773663011841,104.29656547521544,0,0,0,0,0,111.455,102.265,115.38,98.34,106.19,102.68241133590676,100.26758866409324,,,,,8205475,0.64,0.66,0.041611181790411865,0.6728394726990379,1.2888217593772013,-27.757725823576557,13.012528856829324,13.012528856829324,26.021499949322372,26.021499949322372,174.21058189882922,-192.6624308259847,,,1.157256182921147,2.6899272942062353,4.2348481265115945,,
1597325400,107.02,107.12,106.29,107.01,102.66501108240588,104.37507663305013,102.66501108240588,104.37507663305013,0,0,0,0,0,111.455,102.265,115.38,98.34,106.19,102.67651243911493,100.27348756088506,,,,,5323297,0.65,0.66,0.14209038651739556,0.6123732706026004,0.9920552786317505,-19.25132597441585,29.557753497596018,29.557753497596018,36.63026059414331,36.63026059414331,174.21058189882922,-192.6624308259847,,,0.8026131591227247,2.6159149751833524,4.227990514189139,,
1597411800,106.81,107.28,106.3887,106.8,102.67246623109239,104.45434080430307,102.67246623109239,104.45434080430307,0,0,0,0,0,111.455,102.265,115.38,98.34,106.19,102.6734661657597,100.2765338342403,,,,,3826241,0.63,0.66,0.22792819296978623,0.5596535628667245,1.130492130187345,-17.04190053991035,37.245307616169285,37.245307616169285,52.62041585331582,52.62041585331582,174.21058189882922,-192.6624308259847,,,0.7104993000466688,2.541192791844659,4.220962559715328,,
1597671000,106.99,107.84,106.94,107.43,102.94876599116282,104.81426145639843,102.94876599116282,104.81426145639843,0,0,0,0,0,111.455,102.265,115.38,98.34,106.19,102.82833823081488,100.4316617691851,,,,,4610265,0.64,0.66,0.14414081431509038,0.512326607832129,0.879823314165514,-10.940190294791867,49.70493530278712,49.70493530278712,74.6241906760228,74.6241906760228,174.21058189882922,-192.6624308259847,,,0.45611095597133855,2.459424876712372,4.213440378688867,,
1597757400,107.65,107.83,106.84,107.4,102.95655247269895,104.8939335561475,102.95655247269895,104.8939335561475,0,0,0,0,0,111.455,102.265,115.38,98.34,106.19,102.81655687793663,100.44344312206337,,,,,4220527,0.63,0.66,0.2418362635317901,0.6596225289050655,0.9074018954055756,-13.172882191687998,68.00904520604355,68.00904520604355,104.61726501255642,104.61726501255642,174.21058189882922,-192.6624308259847,,,0.5491948245369108,2.3845138942741184,4.2061192087505015,,
1597843800,107.5,107.8,106.82,107.05,102.96428383638985,104.96970478923976,102.96428383638985,104.96970478923976,0,0,0,0,0,111.455,102.265,115.38,98.34,106.19,102.8178669498086,100.44213305019139,,,,,6308081,0.66,0.67,0.07986025683157043,0.6246659111814429,0.9612323658551312,-13.61942057106748,83.64427632628274,83.64427632628274,114.9147385667611,114.9147385667611,174.21058189882922,-192.6624308259847,,,0.5678115982500359,2.313270666979056,4.198849862875376,,
1597930200,106.58,106.95,106.43,106.71,102.97122832422924,105.02736342495585,102.97122832422924,105.02736342495585,0,0,0,0,0,111.455,102.265,115.38,98.34,106.19,102.81412592300906,100.44587407699092,,,,,4938320,0.65,0.67,0.13100696476790938,0.7152576516320761,0.7146537195212669,-22.32691896896258,84.74932026299905,84.74932026299905,86.95940813643169,86.95940813643169,174.21058189882922,-192.6624308259847,,,0.9308386856557758,2.2590576481036333,4.192320370013798,,
1598016600,106.54,106.96,105.99,106.82,102.97728860729771,105.0656785847615,102.97728860729771,105.0656785847615,0,0,0,0,0,111.455,102.265,115.38,98.34,106.19,102.81405803202918,100.44594196797081,,,,,6466753,0.65,0.67,0.08373578268725497,0.761233088439823,0.7647536429248155,-27.524434183377796,50.855865173460735,50.855865173460735,73.45150189981962,73.45150189981962,174.21058189882925,-139.87129520528936,,,1.3404077073443283,2.2230321602307193,4.186622242815657,,
1598275800,107.33,107.37,105.675,106.33,102.98271370498543,105.09026177751595,102.98271370498543,105.09026177751595,0,0,0,0,0,111.455,102.265,115.38,98.34,106.19,102.81571313778987,100.44428686221013,,,,,6363195,0.64,0.67,0.05963312347173752,0.6502004370333655,0.579539977424597,-31.518449192466395,11.18341018089665,11.18341018089665,52.69547132684529,52.69547132684529,174.21058189882922,-120.89314194576707,,,1.6336218933258957,2.1999180321168046,4.181521343016477,,
1598362200,106.87,107.09,106.46,107.05,102.98968071056987,105.14435739408395,102.98968071056987,105.14435739408395,0,0,0,0,0,111.455,102.265,115.38,98.34,106.19,102.8120237768285,100.44797622317148,,,,,5096537,0.66,0.66,0.36381232981616285,0.48248973341415957,0.4760922025595354,-20.91438614385754,4.002803779196844,4.002803779196844,36.46458214429581,36.46458214429581,174.21058189882922,-120.89314194576707,,,0.9029135250861147,2.1490551102724638,4.174970678045587,,
1598448600,106.83,107.04,105.77,106.92,102.99526896089841,105.16954337862968,102.99526896089841,105.16954337862968,0,0,0,0,0,111.455,102.265,115.38,98.34,106.19,102.8022051580824,100.45779484191759,,,,,6995307,0.64,0.67,-0.049426106904020044,0.29096407683641246,0.532777440155764,-35.79162989567347,-10.69710666187314,-10.69710666187314,20.74401920890616,20.74401920890616,174.21058189882922,-120.89314194576707,,,1.5451922181885978,2.1253742125436847,4.16971637542849,,
1598535000,107.1,108.2608,106.34,107.76,103.3177255254769,105.52638802495662,103.3177255254769,105.52638802495662,0,0,0,0,0,111.455,102.265,115.38,98.34,106.19,103.00963854764646,100.67116145235354,,,,,7775548,0.63,0.67,0.17334133779826996,0.45109554254643136,0.920170350298321,-30.523176310827374,14.798659448807715,14.798659448807715,18.762232622206678,18.762232622206678,174.21058189882922,-120.89314194576707,,,1.3177431328879006,2.0937024054983597,4.164018127191646,,
1598621400,108.06,108.06,107.2,108,103.55514484174654,105.81814227478463,103.55514484174654,105.81814227478463,0,0,0,0,0,111.455,102.265,115.38,98.34,106.19,103.00159540963831,100.67920459036169,,,,,5159655,0.61,0.68,0.278744001627046,0.2854055516881916,0.8049268802657025,-17.157941988809295,28.323950080577376,28.323950080577376,47.44738499731878,47.44738499731878,174.21058189882922,-120.89314194576707,,,0.740740740740738,2.040645085311786,4.157178412133802,,
1598880600,107.77,108.775,107.68,108.26,103.81219922102817,106.13614104043955,103.81219922102817,106.13614104043955,0,0,0,0,0,111.455,102.265,115.38,98.34,106.19,103.26009398547356,100.93490601452643,,,,,6721123,0.63,0.68,0.2016031864886955,0.34010203930649113,0.8174230552674427,-12.409632899720751,46.04864481410276,46.04864481410276,81.49803428115352,81.49803428115352,174.21058189882922,-120.89314194576707,,,0.535747275078513,1.9816294849104814,4.149942785486338,,
1598967000,108.12,108.29,106.64,107.29,103.81788154026688,106.15653550944192,103.81788154026688,106.15653550944192,0,0,0,0,0,110.59750000000001,106.2975,112.42000000000002,104.475,108.12,103.26637230769157,100.92862769230842,,,,,10999335,0.62,0.67,-0.026644545694741513,0.2115241162410704,0.6052559532902303,-34.66138844404782,57.81706701855872,57.81706701855872,81.35391142747065,81.35391142747065,174.21058189882922,-120.89314194576707,,,1.4963975614262004,1.962600782028745,4.144640996826878,,
1599053400,107.39,109.73,106.94,109.44,104.95349088940839,107.29993748918052,104.95349088940839,107.29993748918052,0,0,0,0,0,110.59750000000001,106.2975,112.42000000000002,104.475,108.12,103.76887348277832,101.38112651722169,,,,,8495835,0.63,0.67,0.5761217842824105,0.37542815286626674,0.6655736969252835,-68.87305708520284,74.98356711043365,74.98356711043365,109.31656729418356,109.31656729418356,263.22176551185385,-120.89314194576707,,,2.284356725146199,1.9752186621509982,4.140924145135208,,
1599139800,109.58,109.74,105.695,106.46,104.95504725126771,107.2384673915656,104.95504725126771,107.2384673915656,0,0,0,0,0,110.59750000000001,106.2975,112.42000000000002,104.475,108.12,103.81374924812233,101.34625075187765,,,,,13337297,0.63,0.67,-0.060869999098693124,0.02681950139544518,0.6030125937838996,-103.171839513634,79.6269138286548,79.6269138286548,88.91360726509711,88.91360726509711,263.22176551185385,-120.89314194576707,,,3.4219663742690103,2.031953866547783,4.139487666072538,,
1599226200,106.83,107.02,104.41,105.7,104.95405874527117,107.1295196507199,104.95405874527117,107.1295196507199,0,0,0,0,0,110.59750000000001,106.2975,112.42000000000002,104.475,108.12,103.81476477137129,101.34523522862872,,,,,14715567,0.69,0.66,-0.27215626884325383,0.08555409472745613,0.4758377143976468,-156.67607841112383,42.966165008279226,42.966165008279226,67.40666422186294,67.40666422186294,263.22176551185385,-158.8066551921924,,,4.596125730994153,2.132509625937837,4.140400029838616,,
1599571800,105.53,105.57,103.67,103.96,104.95160847804785,106.9961149585348,104.95160847804785,106.9961149585348,0,0,0,0,0,110.59750000000001,106.2975,112.42000000000002,104.475,108.12,103.82614885685962,101.3338511431404,,,,,9660439,0.74,0.66,-0.5814231924422354,-0.27449949676439694,0.36880186864813247,-238.53060827387938,-8.173321911359935,-8.173321911359935,42.21333551078865,42.21333551078865,263.2217655118539,-258.22021116137967,,,5.272295321637423,2.2556384767495854,4.142661558893159,,
1599658200,104.74,106.67,104.72,105.8,104.95124002954026,106.90870652878834,104.95124002954026,106.90870652878834,0,0,0,0,0,110.59750000000001,106.2975,112.42000000000002,104.475,108.12,103.84563375416045,101.31436624583955,,,,,8200986,0.68,0.65,-0.3057872371272735,0.0042883886372073405,0.7111496927698034,-215.84941278342833,-33.48367941658212,-33.48367941658212,16.980997201665062,16.980997201665062,263.2217655118539,-258.22021116137967,,,4.3128654970760225,2.3363140461741514,4.143001626701716,,
1599744600,106.1,106.1,103.9,104.18,104.94925033917156,106.79289058648291,104.94925033917156,106.79289058648291,0,0,0,0,0,110.59750000000001,106.2975,112.42000000000002,104.475,108.12,103.62093826096513,101.53906173903485,,,,,9186165,0.69,0.66,-0.667015567693835,-0.3796217169818095,0.5678753843676082,-267.7307992446373,-61.93450493688614,-61.93450493688614,-9.324170177852004,-9.324170177852004,263.2217655118539,-258.22021116137967,,,5.0621345029239695,2.443208966046693,4.144838056024837,,
1599831000,104.67,105.09,103.79,104.59,104.94704704179058,106.67734585760122,104.94704704179058,106.67734585760122,0,0,0,0,0,110.59750000000001,106.2975,112.42000000000002,104.475,108.12,103.61926729657996,101.54073270342003,,,,,8764261,0.65,0.65,-0.7916949488387177,-0.22690715055665386,0.4211553232005655,-273.04675374227446,-91.556454220371,-91.556454220371,-36.734931525358334,-36.734931525358334,263.2217655118539,-258.22021116137967,,,5.1626461988304015,2.54985356341076,4.146871638727745,,
1600090200,105.44,106.66,105.23,106.09,104.94769649825055,106.62223817691098,104.94769649825055,106.62223817691098,0,0,0,0,0,110.59750000000001,106.2975,112.42000000000002,104.475,108.12,104.35005455210222,102.22994544789778,,,,,5847173,0.64,0.66,-0.47640152777748107,0.08253059864085148,0.6518182582818883,-203.45607668229655,-77.14849485909015,-77.14849485909015,-50.206119303268935,-50.206119303268935,263.2217655118539,-258.22021116137967,,,3.846856725146193,2.600716432498424,4.146272208330979,,
1600176600,106.64,107.08,105.96,106.23,104.94978861313916,106.59763275820859,104.94978861313916,106.59763275820859,0,0,0,0,0,110.59750000000001,106.2975,112.42000000000002,104.475,108.12,104.30602914663385,102.27397085336614,,,,,5580462,0.64,0.66,-0.5055146583059282,-0.056933913812594855,0.6660275077363376,-168.17746956161375,-48.26888947988472,-48.26888947988472,-44.3944298331163,-44.3944298331163,263.2217655118539,-258.22021116137967,,,3.1798245614035126,2.6234265552005844,4.1443412440014535,,
1600263000,106.8,107.01,105.925,106.05,104.95180731720882,106.57263343435727,104.95180731720882,106.57263343435727,0,0,0,0,0,110.59750000000001,106.2975,112.42000000000002,104.475,108.12,104.30629241950449,102.2737075804955,,,,,7193286,0.69,0.67,-0.3133660446191023,-0.014747176229959367,0.6036792479837954,-169.8689096290436,-37.538292134989746,-37.538292134989746,-16.07709744519979,-16.07709744519979,263.2217655118539,-258.22021116137967,,,3.211805555555556,2.6465002414890146,4.14247803583273,,
1600349400,105.07,106.06,104.73,105.7,104.95145825163996,106.50222035850013,104.95145825163996,106.50222035850013,0,0,0,0,0,110.59750000000001,106.2975,112.42000000000002,104.475,108.12,104.30622447560175,102.27377552439825,,,,,7597328,0.69,0.67,-0.9312824447952912,-0.1386861168720069,0.4114272575615293,-227.61950621701115,-28.397561652402615,-28.397561652402615,-10.11610068722835,-10.11610068722835,263.2217655118539,-258.22021116137967,,,4.303728070175433,2.7114895681041684,4.1428002137235245,,
1600435800,105.83,106.215,104.56,105.54,104.95077361976855,106.42796857973542,104.95077361976855,106.42796857973542,0,0,0,0,0,110.59750000000001,106.2975,112.42000000000002,104.475,108.12,104.30028565490416,102.27971434509581,,,,,8649331,0.68,0.66,-0.23931257280213356,-0.07988897033266205,0.552480600926329,-235.83507225881422,-25.603784234942353,-25.603784234942353,-20.016229400021828,-20.016229400021828,263.2217655118539,-258.22021116137967,,,4.459064327485376,2.780021911609314,4.143432110054717,,
1600695000,103.72,103.72,101.74,103.18,104.94451233381497,106.24714628249089,104.94451233381497,106.24714628249089,0,0,0,0,0,110.59750000000001,106.2975,112.42000000000002,104.475,108.12,104.33848249575229,102.2415175042477,,,,,8783015,0.72,0.66,-0.6482645556650544,-0.47652553234287787,0.430640718365654,-278.8459768306061,-54.93111053405346,-54.93111053405346,-35.379559667979386,-35.379559667979386,263.2217655118539,-258.22021116137967,,,7.035818713450295,2.946915903838372,4.1492111042672954,,
1600781400,103.01,103.28,102.025,102.96,104.93882729418696,106.08447976160889,104.93882729418696,106.08447976160889,0,0,0,0,0,110.59750000000001,106.2975,112.42000000000002,104.475,108.12,104.3378344358652,102.2421655641348,,,,,7833370,0.71,0.67,-0.2617313100497307,-0.4577297382194844,0.3078543349921764,-268.52505431155083,-84.68437324108015,-84.68437324108015,-51.81449752567964,-51.81449752567964,263.2217655118539,-258.22021116137967,,,6.7754020467836185,3.0970526153264206,4.154458239017578,,
1600867800,103.39,103.428,101.8,101.9,104.93270855833444,105.91945702585953,104.93270855833444,105.91945702585953,0,0,0,0,0,110.59750000000001,106.2975,112.42000000000002,104.475,108.12,104.2873535510991,102.29264644890088,,,,,7682189,0.74,0.68,-1.0129674755580738,-0.5239344848765598,0.13500094406295798,-276.6731510371208,-108.12044129040211,-108.12044129040211,-70.5831454472538,-70.5831454472538,263.2217655118539,-258.22021116137967,,,6.980994152046785,3.249364048138984,4.160105663419235,,
1600954200,101.54,101.9,100.77,101.39,104.92456468509103,105.72091753464935,104.92456468509103,105.72091753464935,0,0,0,0,0,110.59750000000001,106.2975,112.42000000000002,104.475,108.12,104.38369510416132,102.39630489583868,,,,,8434730,0.71,0.67,-0.735129482748798,-0.8519491446248233,0.012651899679085957,-278.84597683060616,-129.69155148031547,-129.69155148031547,-90.28594745827435,-90.28594745827435,263.2217655118539,-258.22021116137967,,,7.922149122807019,3.4326105216553775,4.167622233767662,,
1601040600,101.04,103.3,100.93,103.02,104.91675356683909,105.53637567054545,104.91675356683909,105.53637567054545,0,0,0,0,0,110.59750000000001,106.2975,112.42000000000002,104.475,108.12,104.62929548529281,102.62570451470718,,,,,6768989,0.72,0.66,-0.415306962742291,-0.5955903151424804,0.2756635772480893,-273.70003031470077,-130.62982400212934,-130.62982400212934,-103.73390630622602,-103.73390630622602,263.2217655118539,-258.22021116137967,,,7.775950292397653,3.602937571488408,4.174831680438251,,
1601299800,104.01,104.755,103.75,103.95,104.91453607719505,105.46855309522995,104.91453607719505,105.46855309522995,0,0,0,0,0,110.59750000000001,106.2975,112.42000000000002,104.475,108.12,104.939771819205,102.93022818079501,,,,,6511074,0.74,0.66,-0.5588205125331177,-0.4268212126250432,0.3503841108487208,-183.00272297187405,-100.2874970588479,-100.2874970588479,-93.39467856409166,-93.39467856409166,263.2217655118539,-258.22021116137967,,,5.199195906432746,3.6655359375646563,4.17687836220847,,
1601386200,104.13,104.66,103.41,103.82,104.91165049062724,105.39019022875034,104.91165049062724,105.39019022875034,0,0,0,0,0,110.59750000000001,106.2975,112.42000000000002,104.475,108.12,105.69978409226397,103.72021590773603,,,,,5402704,0.72,0.66,-0.6284281650340597,-0.5374112812459451,0.40961234870050706,-193.93785931817246,-85.43581705013446,-85.43581705013446,-55.73245703270757,-55.73245703270757,263.2217655118539,-258.22021116137967,,,5.509868421052633,3.7378627016230084,4.179541679009358,,
1601472600,104.14,106.33,104.12,105.48,104.91017506507154,105.34246512174052,104.91017506507154,105.34246512174052,0,0,0,0,0,110.59750000000001,106.2975,112.42000000000002,104.475,108.12,105.71567741152008,103.70432258847995,,,,,7565471,0.72,0.66,-0.14766630141045356,-0.28356559346442,0.5387000779008867,-171.10272165384347,-60.95802935581226,-60.95802935581226,-12.002453967167838,-12.002453967167838,263.2217655118539,-258.22021116137967,,,4.861111111111105,3.781911658857836,4.180903456096474,,
1601559000,105.97,106.4,104.67,105.12,104.90979049950695,105.3179645287311,104.90979049950695,105.3179645287311,0,0,0,0,0,110.455,96.285,114.94,91.8,105.97,105.71299341964294,103.70700658035706,,,,,9113225,0.72,0.66,-0.1522634671539123,-0.2888369288305692,0.5283341387401463,-153.41353050541983,-31.69752310223614,-31.69752310223614,26.823489404916103,26.823489404916103,263.2217655118539,-258.22021116137967,,,4.358552631578943,3.804525030337095,4.181258399504031,,
1601645400,104.12,105.21,103.71,104.16,104.90750780120625,105.25715415505536,104.90750780120625,105.25715415505536,0,0,0,0,0,110.455,96.285,114.94,91.8,105.97,105.71276467741906,103.70723532258096,,,,,8628570,0.7,0.66,-0.36500800291336394,-0.38513662757357,0.34175045324507747,-184.28920960085054,-8.867692673508422,-8.867692673508422,36.79196818394701,36.79196818394701,263.2217655118539,-258.22021116137967,,,5.235745614035092,3.8606513277370165,4.183365267065532,,
1601904600,104.91,106.41,104.88,106.3,104.90754394945559,105.2441520313277,104.90754394945559,105.2441520313277,0,0,0,0,0,110.455,96.285,114.94,91.8,105.97,105.73937341716108,103.68062658283894,,,,,6661164,0.72,0.66,0.8356132022480449,-0.07766697047791601,0.4090731321577944,-52.23865600853771,16.6506598362187,16.6506598362187,67.68736485567295,67.68736485567295,263.2217655118539,-258.22021116137967,,,4.166666666666669,3.8726519292636694,4.183331903228571,,
1601991000,106.6,106.66,104.785,104.89,104.90739211339273,105.22797155951093,104.90739211339273,105.22797155951093,0,0,0,0,0,110.455,96.285,114.94,91.8,105.97,105.75565666910008,103.66434333089994,,,,,7747513,0.71,0.66,0.5162353450943284,-0.2153302337385266,0.1675390962195333,-50.16499093670548,39.08915155694729,39.08915155694729,83.96613499840448,83.96613499840448,263.2217655118539,-258.22021116137967,,,4.253472222222223,3.887586058399299,4.183472043726061,,
1602077400,105.63,107.2,105.61,106.87,104.90887244883051,105.2444550277654,104.90887244883051,105.2444550277654,0,0,0,0,0,110.455,96.285,114.94,91.8,105.97,105.92277822857405,103.78722177142593,,,,,7873212,0.73,0.66,1.3295648769771369,-0.026463820080789843,0.43477874502903807,-41.498854171120485,63.379222068279894,63.379222068279894,111.95936309094509,111.95936309094509,263.2217655118539,-258.22021116137967,,,3.4996345029239753,3.8723722719100704,4.18210573495323,,
1602163800,107.49,107.74,107.16,107.39,104.91341576062106,105.32046855608833,104.91341576062106,105.32046855608833,0,0,0,0,0,110.455,96.285,114.94,91.8,105.97,106.32717774805523,104.18282225194476,,,,,5942676,0.74,0.66,1.6155888540615406,0.06928719844942434,0.42671297433058875,-7.53850736457957,88.01633758723561,88.01633758723561,137.29056862514705,137.29056862514705,263.2217655118539,-258.22021116137967,,,2.0833333333333344,3.802213882161963,4.177912383501442,,
1602250200,107.99,108.68,107.71,108.36,104.91903790695349,105.4148541029084,104.91903790695349,105.4148541029084,0,0,0,1,0,110.455,96.285,114.94,91.8,105.97,106.33061634335793,104.17938365664206,,,,,5636183,0.76,0.66,1.4201994367511068,0.08807703067052358,0.5334508710938798,-21.113767266255216,112.91262122384208,112.91262122384208,162.70518849705502,162.70518849705502,263.2217655118539,-258.22021116137967,,,1.5807748538011732,3.7150986261478143,4.172723297528015,,
1602509400,108.85,109.525,108.49,109.1,104.92619167736916,105.53582060867669,104.92619167736916,105.53582060867669,0,0,0,1,0,110.455,96.285,114.94,91.8,105.97,106.30455694395468,104.20544305604533,,,,,5065127,0.75,0.66,1.3556285647283672,0.1609037916751699,0.6761861094444782,-19.680061634245927,135.46024563070188,135.46024563070188,180.55549444442144,180.55549444442144,263.2217655118539,-258.22021116137967,,,0.8680555555555582,3.6034498782814515,4.166120564776821,,
1602595800,108.45,109.02,107.99,108.27,104.93234214354824,105.63263156519918,104.93234214354824,105.63263156519918,0,0,0,1,0,110.455,96.285,114.94,91.8,105.97,106.29793021727794,104.21206978272205,,,,,6773292,0.71,0.66,1.172673374196856,0.0014590474904873489,0.4471009185868721,-35.81125969510326,151.01008749644498,151.01008749644498,182.1097712279312,182.1097712279312,263.2217655118539,-258.22021116137967,,,1.324926900584798,3.5140960360188376,4.1604438541590545,,
1602682200,108.23,108.68,107.295,107.64,104.93710559580889,105.69866366068156,104.93710559580889,105.69866366068156,0,0,0,0,0,110.455,96.285,114.94,91.8,105.97,106.30093571115242,104.20906428884757,,,,,5999895,0.67,0.65,0.5593423515708617,0.05144489031416779,0.32592420960470686,-58.233624999694726,154.35178929983445,154.35178929983445,161.03519290661336,161.03519290661336,263.2217655118539,-258.22021116137967,,,1.959978070175435,3.453150233436743,4.15604731912612,,
1602768600,106.31,107.06,106.13,106.86,104.939555135078,105.71687685045875,104.939555135078,105.71687685045875,0,0,0,0,0,110.455,96.285,114.94,91.8,105.97,106.29088210816566,104.21911789183433,,,,,6197773,0.68,0.65,0.45114748434376645,-0.37096901609935085,0.35513818789286644,-95.8193164814925,112.19289216004833,112.19289216004833,140.2988235865724,140.2988235865724,263.2217655118539,-258.22021116137967,,,3.0244883040935693,3.4363399616977954,4.153786461953228,,
1602855000,107.21,108.72,107.17,107.92,104.9440569230199,105.77475226808782,104.9440569230199,105.77475226808782,0,0,0,0,0,110.455,96.285,114.94,91.8,105.97,106.29873560659792,104.21126439340208,,,,,7462098,0.66,0.65,0.9841784970626944,0.21587023532186467,0.4637790969838305,-62.266424514909055,86.85234601426649,86.85234601426649,122.48333106247044,122.48333106247044,263.2217655118539,-258.22021116137967,,,2.074195906432745,3.3829225477658325,4.1496314358682715,,
1603114200,108.2,108.53,105.845,106.21,104.94592883725963,105.77891688502555,104.94592883725963,105.77891688502555,0,0,0,0,0,110.455,96.285,114.94,91.8,105.97,106.32043517873299,104.189564821267,,,,,8308906,0.68,0.65,-0.022982665128196945,0.07561809037308949,0.8621929455424183,-105.01409937618108,45.67209179684929,45.67209179684929,96.87958464059673,96.87958464059673,263.2217655118539,-258.22021116137967,,,3.284904970760233,3.3790787212165934,4.14790371066326,,
1603200600,106.59,107.23,106.17,106.35,104.9484398685538,105.79553583071082,104.9484398685538,105.79553583071082,0,0,0,0,0,110.455,96.285,114.94,91.8,105.97,106.31396541786421,104.19603458213578,,,,,7423444,0.67,0.64,0.37973256980860337,0.36210129726856166,0.8152598573836336,-94.52882063662372,2.8295213738423115,2.8295213738423115,65.52956355167859,65.52956355167859,263.2217655118539,-258.22021116137967,,,2.9879385964912246,3.3637398927959907,4.145586098047532,,
1603287000,106.34,106.64,105.57,105.82,104.94975906961564,105.78820893538884,104.94975906961564,105.78820893538884,0,0,0,0,0,110.455,96.285,114.94,91.8,105.97,106.3143463099981,104.19565369000188,,,,,5474401,0.68,0.65,-0.2688096114055919,0.0029860357569395125,0.7458515166091377,-113.8862583096528,-41.66039072936466,-41.66039072936466,29.799578791330845,29.799578791330845,263.2217655118539,-258.22021116137967,,,3.53618421052632,3.370502415059925,4.144368511858678,,
1603373400,105.97,107.61,105.96,107.42,104.95184706348255,105.79631054576573,104.95184706348255,105.79631054576573,0,0,0,0,0,110.455,96.285,114.94,91.8,105.97,106.32223204475711,104.18776795524288,,,,,6127112,0.69,0.64,0.0075903886972993094,0.48787283125619035,0.6497054491825015,-101.30392382218406,-47.49581664771363,-47.49581664771363,4.034446978316019,4.034446978316019,263.2217655118539,-258.22021116137967,,,3.1798245614035126,3.3630248521714385,4.142441351118508,,
1603459800,107.96,108.6,107.21,107.82,104.95640341300606,105.8526238576965,104.95640341300606,105.8526238576965,0,0,0,0,0,110.455,96.285,114.94,91.8,105.97,106.31894179515487,104.19105820484513,,,,,5697374,0.7,0.64,-0.1353852940791167,0.4843936721974917,0.6954847284130301,-60.97592867004073,-20.59165881824794,-20.59165881824794,-4.174254953871966,-4.174254953871966,263.2217655118539,-258.22021116137967,,,2.037646198830413,3.3110492187070846,4.1382359661988515,,
1603719000,106.95,107.08,105.6,106.62,104.9577660435495,105.84422292210056,104.9577660435495,105.84422292210056,0,0,0,0,0,110.455,96.285,114.94,91.8,105.97,106.32947910899628,104.18052089100371,,,,,8135488,0.68,0.64,-0.616077446820244,0.07817163096972786,0.618330695711595,-112.91838642600132,-22.183872646127302,-22.183872646127302,-10.17746085129041,-10.17746085129041,263.2217655118539,-258.22021116137967,,,3.5087719298245648,3.3188030505156134,4.1369782957965056,,
1603805400,106.23,106.76,105.83,105.89,104.95958089660934,105.84508084672406,104.95958089660934,105.84508084672406,0,0,0,0,0,110.455,96.285,114.94,91.8,105.97,106.32438157087596,104.18561842912403,,,,,6893116,0.68,0.65,-0.6000508422156072,-0.05044177232613343,0.4642116536196379,-105.49803531800681,-38.310194133330725,-38.310194133330725,-19.555038611970517,-19.555038611970517,263.2217655118539,-258.22021116137967,,,3.2986111111111107,3.3180112097546526,4.135303236486445,,
1603891800,104.14,104.77,102.4,102.53,104.95460750820453,105.71274042136233,104.95460750820453,105.71274042136233,0,0,0,0,0,110.455,96.285,114.94,91.8,105.97,106.40166104000129,104.1083389599987,,,,,11431816,0.69,0.65,-1.2514625453818058,-0.5051751842128833,0.22772452742153046,-225.44370514292604,-73.6759033059327,-73.6759033059327,-37.59532684329125,-37.59532684329125,263.2217655118539,-280.6201550387541,,,6.432748538011689,3.4401577716470855,4.1398935367891925,,
1603978200,102.46,102.91,101.06,101.69,104.94699350718913,105.53356628719126,104.94699350718913,105.53356628719126,0,0,0,0,0,110.455,96.285,114.94,91.8,105.97,106.40408560220006,104.10591439779994,,,,,15974243,0.7,0.65,-1.2772045899147793,-0.5782209931472737,0.11572677474475652,-270.5324461715114,-105.03971292875444,-105.03971292875444,-60.07678887177897,-60.07678887177897,263.2217655118539,-280.6201550387541,,,7.657163742690054,3.605530554825241,4.146921049688095,,
1604064600,101.56,102.16,100.31,101.66,104.93791120247947,105.33230094259552,104.93791120247947,105.33230094259552,0,0,0,0,0,110.455,96.285,114.94,91.8,105.97,106.16239735704256,103.88760264295745,,,,,10741670,0.69,0.65,-1.531410153095535,-0.5603677511681783,0.3520123188968481,-290.82455644417536,-126.94486972327306,-126.94486972327306,-82.36614915561033,-82.36614915561033,263.2217655118539,-280.6201550387541,,,8.342470760233914,3.7912929158216597,4.155303766392483,,
1604327400,103.16,103.73,102.41,103.49,104.9330008903866,105.2204577683761,104.9330008903866,105.2204577683761,0,0,0,0,0,107.7675,95.7025,112.375,91.095,103.16,106.18711098160402,103.86288901839599,,,,,10287508,0.67,0.64,-0.7542536074528627,0.0510880638223214,0.47540023359595784,-221.3442869865227,-122.90914737383184,-122.90914737383184,-95.8804818950175,-95.8804818950175,263.2217655118539,-280.6201550387541,,,6.423611111111112,3.8945210803428147,4.159835848999313,,
1604413800,104.76,106.14,104.68,105,104.93259049899721,105.2011300127535,104.93259049899721,105.2011300127535,0,0,0,0,0,107.7675,95.7025,112.375,91.095,103.16,106.20171052434497,103.84828947565504,,,,,9812871,0.65,0.64,-0.37131631468040044,0.33461758718689794,0.748960931126511,-146.23942428705945,-92.62480913440173,-92.62480913440173,-86.1134636131702,-86.1134636131702,263.2217655118539,-280.6201550387541,,,4.349415204678355,3.912360065610875,4.160214628930739,,
1604500200,107.99,111.42,107.78,109.66,105.14883478719668,105.50618501439214,105.14883478719668,105.50618501439214,0,0,0,0,0,107.7675,95.7025,112.375,91.095,103.16,107.18210944485513,104.54789055514489,,,,,25531475,0.68,0.65,0.9851807304062342,1.193656456283282,1.0365831435840946,-61.883740687320255,-72.38821562562664,-72.38821562562664,-31.91502860807646,-31.91502860807646,263.2217655118539,-280.6201550387541,,,1.71438993251869,3.8261651584307894,4.155327866300546,,
1604586600,111.17,111.25,109.68,109.88,105.36842027834241,105.87330842563092,105.36842027834241,105.87330842563092,0,0,0,0,0,107.7675,95.7025,112.375,91.095,103.16,107.18177282263946,104.54822717736056,,,,,12864617,0.69,0.65,0.6348093070636437,1.3401248677793036,0.9058101424564599,-6.570195536108221,-43.46793435205491,-43.46793435205491,14.372628195088566,14.372628195088566,263.2217655118539,-280.6201550387541,,,0.1820167455405794,3.6832573775331343,4.147389182742584,,
1604673000,110,110.67,109.21,109.92,105.41439094337046,106.0414675084267,105.41439094337046,106.0414675084267,0,0,0,0,0,107.7675,95.7025,112.375,91.095,103.16,107.1807322396058,104.5492677603942,,,,,12311222,0.69,0.65,0.5399738776616092,1.0720615029215768,0.8321172784867873,-23.31570645516787,-13.269567242606009,-13.269567242606009,47.12716697629181,47.12716697629181,263.2217655118539,-280.6201550387541,,,0.6459243085880713,3.564146276790191,4.140393248928089,,
1604932200,113.92,114.41,110.81,110.95,106.41098100105668,107.18321316731905,106.41098100105668,107.18321316731905,0,0,0,0,0,107.7675,95.7025,112.375,91.095,103.16,108.69603257687345,106.02396742312656,,,,,20442868,0.71,0.65,1.1237845617115982,1.0758377084896573,0.8488490981983495,-4.55478287386508,18.090251279880192,18.090251279880192,80.80988832485261,80.80988832485261,263.2217655118539,-280.6201550387541,,,0.12618296529968506,3.4293241861435044,4.132372848760999,,
1605018600,111.46,111.67,110.07,111.27,106.72461114308484,107.59390400679548,106.72461114308484,107.59390400679548,0,0,0,0,0,107.7675,95.7025,112.375,91.095,103.16,108.67882893836436,106.04117106163562,,,,,12526540,0.74,0.66,1.4096786554996112,1.1494958758553817,0.7785938257885616,-38.92871854988482,51.57298541191297,51.57298541191297,118.53845367597853,118.53845367597853,263.2217655118539,-280.6201550387541,,,1.0784578053383687,3.337133347680558,4.126271120402513,,
1605105000,112.16,112.16,110.59,111.13,106.7323477841576,107.71166463397998,106.7323477841576,107.71166463397998,0,0,0,1,0,107.7675,95.7025,112.375,91.095,103.16,108.67881628802633,106.04118371197367,,,,,9935420,0.7,0.65,2.334242127188263,0.8606292617394954,0.8561522711687777,-22.059607178267775,84.51466962292793,84.51466962292793,150.39803804495784,150.39803804495784,263.2217655118539,-280.6201550387541,,,0.6111260896917342,3.230231102269231,4.119247853607886,,
1605191400,110.92,111.36,109.98,110.72,106.73886237399944,107.80112484441213,106.73886237399944,107.80112484441213,0,0,0,1,0,107.7675,95.7025,112.375,91.095,103.16,108.67963677826279,106.04036322173721,,,,,7856407,0.7,0.66,2.470008329689795,0.8555215671471306,0.8173831586962426,-33.51772216088454,108.18890914918327,108.18890914918327,155.537388201694,155.537388201694,154.9605217988355,-280.6201550387541,,,1.1593421407387365,3.149019770444506,4.113333956079676,,
1605277800,111.27,112.545,111.07,112.12,107.56129412596431,108.72093463351271,107.56129412596431,108.72093463351271,0,0,0,1,0,107.7675,95.7025,112.375,91.095,103.16,108.68758019783095,106.03241980216904,,,,,6576891,0.73,0.66,2.932938652394757,1.2576878605072233,1.0513492155325481,-27.075038594333932,134.7313479640473,134.7313479640473,187.81622559377533,187.81622559377533,154.9605217988355,-280.6201550387541,,,0.9364966107741806,3.062254156339787,4.106986628716428,,
1605537000,113.01,113.19,111.37,111.93,107.56891891292543,108.82511366749262,107.56891891292543,108.82511366749262,0,0,0,1,0,107.7675,95.7025,112.375,91.095,103.16,108.68790322737459,106.0320967726254,,,,,7586032,0.72,0.65,2.3305588146543617,0.8738371630185549,1.0612434283705234,-19.339313281666886,160.64029611075495,160.64029611075495,212.4581924041702,212.4581924041702,154.9605217988355,-280.6201550387541,232.4581924041702,,0.6689261505529789,2.9683981561128534,4.100117377011806,,
1605623400,111.36,111.61,110.67,111.2,107.57514385016233,108.89803077857133,107.57514385016233,108.89803077857133,0,0,0,1,0,107.7675,95.7025,112.375,91.095,103.16,108.69040084545027,106.02959915454973,,,,,8898284,0.7,0.65,1.6957608549829077,0.997463153709836,0.9376244853775955,-37.389339011222724,171.98254222494805,171.98254222494805,194.66703445333428,194.66703445333428,154.9605217988355,-280.6201550387541,,,1.2932572244024285,2.9027063548693075,4.09450926481878,,
1605709800,111.44,111.48,109.1,109.13,107.57825085545672,108.90713545392147,107.57825085545672,108.90713545392147,0,0,0,0,0,107.7675,95.7025,112.375,91.095,103.16,108.7147893805543,106.0052106194457,,,,,9849992,0.7,0.65,-0.13693000870664035,0.34590991460835774,0.5339545881861496,-77.87296814751227,138.4413546598471,138.4413546598471,160.8021463699144,160.8021463699144,154.9605217988355,-280.6201550387541,,,2.6935426328933376,2.894503855968289,4.091710130689059,,
1605796200,109.13,109.22,108.235,109.05,107.57964066393733,108.88230073023828,107.57964066393733,108.88230073023828,0,0,0,0,0,107.7675,95.7025,112.375,91.095,103.16,108.71483545903419,106.00516454096582,,,,,10411029,0.69,0.65,-0.2162331198700531,0.2554738136906599,0.4030951401286765,-100.17764279903461,76.14431835289538,76.14431835289538,132.5828703642414,132.5828703642414,154.9605217988355,-280.6201550387541,,,3.4650374598644356,2.9168777227877456,4.090458037440658,,
1605882600,108.8,109.305,108.42,108.8,107.58139362964374,108.86562227022894,107.58139362964374,108.86562227022894,0,0,0,0,0,107.7675,95.7025,112.375,91.095,103.16,108.71365567959714,106.00634432040286,,,,,7674538,0.71,0.64,-0.29211619080044615,0.06721053905231457,0.39703864416855367,-95.40727885622337,25.034729690708936,25.034729690708936,96.73349013973058,96.73349013973058,154.9605217988355,-280.6201550387541,,,3.300035676061365,2.931903524876907,4.088878771983357,,
1606141800,109.34,109.4,107.84,108.52,107.58199584017393,108.82708022041604,107.58199584017393,108.82708022041604,0,0,0,0,0,107.7675,95.7025,112.375,91.095,103.16,108.71139094297915,106.00860905702085,,,,,7747820,0.71,0.64,-0.6287989518985682,-0.08812019666316419,0.23769080832462425,-110.3630144607124,-18.16374134528221,-18.16374134528221,58.434412978059655,58.434412978059655,154.9605217988355,-280.6201550387541,,,3.817338565822334,2.9666264676590806,4.088336234108909,,
1606228200,109.05,109.58,108.47,108.84,107.58384300133241,108.81450844706639,107.58384300133241,108.81450844706639,0,0,0,0,0,107.7675,95.7025,112.375,91.095,103.16,108.7117373118277,106.0082626881723,,,,,9616222,0.71,0.64,-0.6291790438418271,0.08756935584319452,0.26940667075661723,-94.11799130411234,-50.543406999990914,-50.543406999990914,22.10847298537613,22.10847298537613,154.9605217988355,-280.6201550387541,,,3.255440599357836,2.977952512039424,4.0866721069665495,,
1606314600,108.97,109.05,107.985,108.44,107.58472713119988,108.78360027267163,107.58472713119988,108.78360027267163,0,0,0,0,0,107.7675,95.7025,112.375,91.095,103.16,108.70880490344716,106.01119509655283,,,,,11671834,0.71,0.64,-0.6993646959920673,0.12397622556009441,0.2403143717392244,-106.62408055959023,-117.7464581872857,-117.7464581872857,-24.509837405511142,-24.509837405511142,154.9605217988355,-280.6201550387541,,,3.688012843382095,3.0057980152293324,4.085875584961386,,
1606487400,108.88,109.515,108.53,109.44,107.58668751655213,108.77506300707667,107.58668751655213,108.77506300707667,0,0,0,0,0,107.7675,95.7025,112.375,91.095,103.16,108.71402760648219,106.00597239351782,,,,,4443906,0.71,0.64,-0.3330236025602151,0.4015457473675267,0.2419659546033532,-92.57084624157892,-119.33316588403132,-119.33316588403132,-56.11761356501787,-56.11761356501787,154.9605217988355,-280.6201550387541,,,3.2019265073135954,3.0134893286444018,4.0841094529381134,,
1606746600,109.48,109.84,108.9,109.74,107.5893758531824,108.78122524209326,107.5893758531824,108.78122524209326,0,0,0,0,0,107.7675,95.7025,112.375,91.095,103.16,108.71413369318411,106.00586630681589,,,,,12723443,0.7,0.64,-0.6133228343142664,0.2813222550282589,0.31447983685668146,-83.03011835595647,-88.12692802686125,-88.12692802686125,-66.787385052299,-66.787385052299,154.9605217988355,-280.6201550387541,,,2.8719229397074555,3.0079377055488354,4.081687501862728,,
1606833000,110.8,111.865,110.47,110.66,107.5951643130162,108.84809876201118,107.5951643130162,108.84809876201118,0,0,0,0,0,120.41,104.8,126.41,98.8,110.8,108.71254094402961,106.00745905597039,,,,,12682367,0.69,0.65,-0.3272295418504764,0.6976366080985511,0.5085645780757201,-42.54648921966729,-55.86412833785684,-55.86412833785684,-34.017614908972526,-34.017614908972526,154.9605217988355,-280.6201550387541,,,1.4716375312165586,2.947690639888746,4.076472616806492,,
1606919400,110.74,111.68,110.67,111.49,107.60133681189129,108.92011449683426,107.60133681189129,108.92011449683426,0,0,0,0,0,120.41,104.8,126.41,98.8,110.8,108.69016433531087,106.02983566468913,,,,,8552381,0.7,0.64,0.07514820013188646,0.8040635407793202,0.50796898523115,-37.389339011222724,-32.115113189214185,-32.115113189214185,15.382917108071133,15.382917108071133,154.9605217988355,-280.6201550387541,,,1.2932572244024285,2.882810898104969,4.070911746891599,,
1607005800,111.45,111.79,110.87,111.35,107.6078925824969,108.99707079107606,107.6078925824969,108.99707079107606,0,0,0,0,0,120.41,104.8,126.41,98.8,110.8,108.6348840816883,106.0851159183117,,,,,9795704,0.71,0.64,0.5949851716374952,0.882458051160957,0.5143369946530559,-32.23218880277815,-3.8359253571721226,-3.8359253571721226,52.722450306912016,52.722450306912016,154.9605217988355,-280.6201550387541,,,1.1148769175882982,2.813480153770982,4.065005583396488,,
1607092200,111.39,112.56,111.2488,112.54,108.0174852377541,109.47816997429877,108.0174852377541,109.47816997429877,0,0,0,0,0,120.41,104.8,126.41,98.8,110.8,108.63712646433454,106.08287353566546,,,,,7859687,0.69,0.65,0.9380717827326578,0.8066042409088898,0.5174102725365906,-33.170306228273326,27.536991801054945,27.536991801054945,90.28282611750909,90.28282611750909,154.9605217988355,-280.6201550387541,,,1.1473253954149667,2.7481407514825107,4.05917605255137,,
1607351400,112.42,112.52,111.44,111.85,108.02434540710924,109.5555358576596,108.02434540710924,109.5555358576596,0,0,0,0,0,120.41,104.8,126.41,98.8,110.8,108.61834909234555,106.10165090765446,,,,,5803253,0.7,0.65,0.8202156318083718,0.6313965276811323,0.5246780165897871,-28.258470299799285,58.569236358106366,58.569236358106366,120.6337254722092,120.6337254722092,154.9605217988355,-280.6201550387541,,,0.9774302470232881,2.678701123856659,4.053018718274591,,
1607437800,111.58,112.79,111.54,112.7,108.18466603400003,109.78346170507629,108.18466603400003,109.78346170507629,0,0,0,0,0,120.41,104.8,126.41,98.8,110.8,108.60159706650835,106.11840293349165,,,,,7953249,0.69,0.65,1.1328810873777515,0.9683271385711819,0.6661005507614066,-29.757534622454454,90.41864521238023,90.41864521238023,154.11746292092795,154.11746292092795,154.9605217988355,-280.6201550387541,,,1.0292812777284797,2.614017992635946,4.046977284826946,,
1607524200,113.15,113.16,111.81,112.31,108.1919272407253,109.86328281468116,108.1919272407253,109.86328281468116,0,0,0,0,0,120.41,104.8,126.41,98.8,110.8,108.58286353017537,106.13713646982464,,,,,7386434,0.71,0.64,0.9370289503468067,1.0288013364200421,0.5228346967163757,-22.83121190860738,118.72172308662897,118.72172308662897,175.32787883512646,175.32787883512646,154.9605217988355,-280.6201550387541,,,0.7897071872227157,2.542476392423662,4.0404692526639,,
1607610600,112.29,112.74,111.89,112.12,108.19933218130328,109.9430795670466,108.19933218130328,109.9430795670466,0,0,0,0,0,120.41,104.8,126.41,98.8,110.8,108.58288946026782,106.13711053973218,,,,,5410980,0.7,0.64,0.9972407922855886,1.586897031543762,0.5509025761221391,-20.778968141541593,140.8875354487587,140.8875354487587,185.21916017301822,185.21916017301822,154.9605217988355,-280.6201550387541,,,0.7187222715173046,2.470956622976354,4.033832395558712,,
1607697000,111.66,111.93,110.91,111.68,108.20478386525672,109.98169997618203,108.20478386525672,109.98169997618203,0,0,0,0,0,120.41,104.8,126.41,98.8,110.8,108.5714320575027,106.14856794249728,,,,,5222420,0.7,0.65,0.6027833312607189,1.670382432535251,0.4639577628458323,-45.918954288098114,142.78002071421076,142.78002071421076,146.5649912451149,146.5649912451149,154.9605217988355,-280.6201550387541,,,1.5882874889086125,2.4363421471305604,4.0289461919490215,,
1607956200,112.53,113.09,110.77,110.84,108.2099477336578,110.01337056535135,108.2099477336578,110.01337056535135,0,0,0,0,0,120.41,104.8,126.41,98.8,110.8,108.57659144519626,106.14340855480374,,,,,8469358,0.72,0.65,0.29469809341757325,1.5327860715736337,0.4407112656900244,-49.51038088046333,96.30111539059529,96.30111539059529,127.2870522730056,127.2870522730056,154.9605217988355,-280.6201550387541,,,1.712511091393085,2.4079566155330125,4.024317949989869,,
1608042600,111.61,112.28,111.02,112.04,108.21559579013402,110.05350505298463,108.21559579013402,110.05350505298463,0,0,0,0,0,120.41,104.8,126.41,98.8,110.8,108.5836243710127,106.1363756289873,,,,,5007547,0.72,0.65,0.36710967675480566,1.4041532588978098,0.5191730122144803,-43.097119108382614,68.14373160482329,68.14373160482329,107.57261205027817,107.57261205027817,154.9605217988355,-280.6201550387541,,,1.4906832298136707,2.3719851102106855,4.01925574275675,,
1608129000,111.94,112.34,111.23,111.71,108.22164794639748,110.10021858031857,108.22164794639748,110.10021858031857,0,0,0,0,0,120.41,104.8,126.41,98.8,110.8,108.58341125308797,106.13658874691204,,,,,5355406,0.72,0.65,0.0581756421945065,1.0877447966946772,0.5244920676522532,-37.7099792198346,47.369258807358754,47.369258807358754,87.5048276359717,87.5048276359717,154.9605217988355,-280.6201550387541,,,1.3043478260869554,2.3301169814215195,4.013831351314852,,
1608215400,111.89,112.98,111.88,112.91,108.4302302575695,110.36752821742344,108.4302302575695,110.36752821742344,0,0,0,0,0,120.41,104.8,126.41,98.8,110.8,108.58998034859388,106.1300196514061,,,,,4263673,0.7,0.65,0.4112778237209672,0.5023141449535803,0.6992241876471303,-26.373495341950328,63.31583716427598,63.31583716427598,79.44183081207312,79.44183081207312,154.9605217988355,-280.6201550387541,,,0.9122309804268897,2.274513608833495,4.007634347576814,,
1608301800,113.02,113.27,111.79,113,108.52322377213831,110.50830940517844,108.52322377213831,110.50830940517844,0,0,0,0,0,120.41,104.8,126.41,98.8,110.8,108.54685604508003,106.17314395491995,,,,,7877006,0.69,0.65,0.12049470111245568,0.4832727903509089,0.5364873225918863,-30.95777940082574,80.5055402328414,80.5055402328414,82.63295907437795,82.63295907437795,154.9605217988355,-280.6201550387541,,,1.0707964601769857,2.227309014768534,4.0017665396099815,,
1608561000,110.87,111.51,109.365,111.41,108.52497827009608,110.46489923242635,108.52497827009608,110.46489923242635,0,0,0,0,0,120.41,104.8,126.41,98.8,110.8,108.56435362480451,106.15564637519547,,,,,6129646,0.7,0.65,-0.11517718278873056,0.2291388266375191,0.4012885990380831,-93.0012629107457,51.93916950376638,51.93916950376638,70.98341665648306,70.98341665648306,154.9605217988355,-280.6201550387541,,,3.21681415929204,2.266113138083181,4.00019820318577,,
1608647400,111.21,111.47,110.44,111.07,108.52885563618979,110.46492671350767,108.52885563618979,110.46492671350767,0,0,0,0,0,120.41,104.8,126.41,98.8,110.8,108.55544480664986,106.16455519335014,,,,,13105355,0.69,0.65,-0.4239467524617932,0.018303786295568843,0.39064564949571345,-63.53107184783145,16.928877963339872,16.928877963339872,52.965237092102,52.965237092102,141.8834234698263,-280.62015503875404,,,2.265486725663719,2.266088572890261,3.9967322461877237,,
1608733800,111.46,111.97,111.07,111.15,108.53397140914446,110.48941194042894,108.53397140914446,110.48941194042894,0,0,0,0,0,120.41,104.8,126.41,98.8,110.8,108.55231294587533,106.16768705412467,,,,,3920706,0.7,0.65,-0.30401032060627153,-0.01832699646306956,0.3397385859359913,-47.8964721352793,-4.686328467207041,-4.686328467207041,33.74804857233232,33.74804857233232,141.8834234698263,-280.62015503875404,,,1.7079646017699175,2.244201358336522,3.9921592838612145,,
1608820200,111.2,111.68,111.05,111.47,108.53903740033498,110.51216049178466,108.53903740033498,110.51216049178466,0,0,0,0,0,120.41,104.8,126.41,98.8,110.8,108.53603918794934,106.18396081205066,,,,,1674691,0.71,0.66,-0.17077678450193168,0.05203379958679593,0.37210665534503023,-48.392808634090386,-15.323792451943406,-15.323792451943406,17.39076823090708,17.39076823090708,141.8834234698263,-280.62015503875404,,,1.7256637168141618,2.223866548865057,3.987630821189792,,
1609165800,112.05,112.3,111.45,111.75,108.54488447845618,110.54954635485193,108.54488447845618,110.54954635485193,0,0,0,0,0,120.41,104.8,126.41,98.8,110.8,108.53144685699145,106.18855314300855,,,,,4390191,0.71,0.65,0.018474021551686506,0.15830306786212603,0.4313489475944176,-38.46607865786659,-2.046055683696151,-2.046055683696151,10.911826926039339,10.911826926039339,141.8834234698263,-280.62015503875404,,,1.371681415929201,2.190447524044043,3.9824041490514093,,
1609252200,112.27,112.79,111.9,112.28,108.55160998399374,110.60293669387734,108.55160998399374,110.60293669387734,0,0,0,0,0,120.41,104.8,126.41,98.8,110.8,108.53195515859187,106.18804484140813,,,,,5053353,0.71,0.66,0.3832118139196569,0.024302400884413586,0.5132178286588908,-27.29850743461491,16.726891511779705,16.726891511779705,28.357020683260444,28.357020683260444,141.8834234698263,-280.62015503875404,,,0.9734513274336233,2.142722183000497,3.9763922553019233,,
1609338600,112.51,112.89,112.135,112.26,108.55878688712262,110.66335682352921,108.55878688712262,110.66335682352921,0,0,0,0,0,120.41,104.8,126.41,98.8,110.8,108.51498900190691,106.20501099809307,,,,,3563990,0.7,0.65,0.05793461427742583,0.050222155444043494,0.5008568415717513,-21.46655357358353,30.407864999635613,30.407864999635613,57.76981197534743,57.76981197534743,141.8834234698263,-280.62015503875404,,,0.7654867256637123,2.0887129493794467,3.9699768596383107,,
1609425000,112.27,113.62,111.895,113.44,108.98734572852558,111.12626590404243,108.98734572852558,111.12626590404243,0,0,0,0,0,120.41,104.8,126.41,98.8,110.8,108.52029544813934,106.19970455186066,,,,,5581249,0.7,0.65,0.4553271067331165,0.3419416933820876,0.6553329224851834,-40.69338416667167,51.186017861329205,51.186017861329205,92.74232358471639,92.74232358471639,169.54022988507126,-280.62015503875404,,,1.3619534555712287,2.060212577073242,3.9647660236661486,,
1609770600,113.88,113.9,111.11,112.95,108.99163334944761,111.12654175094272,108.99163334944761,111.12654175094272,0,0,0,0,0,115.7475,111.7525,117.87500000000001,109.62499999999999,113.88,108.51416756575253,106.20583243424748,,,,,12911811,0.71,0.65,0.010426826751897121,0.5948167010097899,0.5407153005203132,-61.36931074973774,70.84188208376449,70.84188208376449,110.15361052863508,110.15361052863508,169.54022988507126,-280.62015503875404,,,2.053949224259519,2.0599669553942723,3.9609482078831184,,
1609857000,112.75,114.155,112.27,113.77,109.31463959912169,111.48256431580536,109.31463959912169,111.48256431580536,0,0,0,0,0,115.7475,111.7525,117.87500000000001,109.62499999999999,113.88,108.48768497141961,106.23231502858039,,,,,11081890,0.71,0.65,0.20245952326194738,0.7424746486808789,0.634506820574306,-39.39354309509843,93.58732645333052,93.58732645333052,139.0782151924626,139.0782151924626,169.54022988507126,-280.62015503875404,,,1.3184495033840204,2.0308878396291643,3.9556684901918113,,
1609943400,112.18,115.63,112.18,115.33,110.81634136533887,112.97983852777443,110.81634136533887,112.97983852777443,0,0,0,0,0,115.7475,111.7525,117.87500000000001,109.62499999999999,113.88,109.09897917447931,106.84102082552069,,,,,17833407,0.71,0.65,1.0379109711782444,1.0221670294060636,0.6907410269492071,-90.0801797045367,119.37217597502699,119.37217597502699,170.94187501841995,170.94187501841995,216.27723219326572,-280.62015503875404,,,2.7312928119309734,2.0583547012880588,3.953222185140341,,
1610029800,115.48,117,115.3,116.83,112.263745234639,114.48323384436382,112.263745234639,114.48323384436382,0,0,0,1,0,115.7475,111.7525,117.87500000000001,109.62499999999999,113.88,109.77737970357892,107.53262029642107,,,,,12407317,0.73,0.66,1.5205985919240101,1.2963416772353693,0.7991063206726606,-45.02483506831049,146.09736351510983,146.09736351510983,199.5477385952755,199.5477385952755,237.36916739821396,-280.6201550387541,,,1.3095951382350435,2.0289915811683326,3.947940213018652,,
1610116200,117.04,117.91,116.28,117.39,112.80882936687706,115.08136216935007,112.80882936687706,115.08136216935007,0,0,0,1,0,115.7475,111.7525,117.87500000000001,109.62499999999999,113.88,110.23703859971683,107.98296140028317,,,,,9350781,0.73,0.66,1.6468177020282015,1.3304156908791664,0.824616279012425,-32.50925017799494,168.79154316006964,168.79154316006964,214.1799024499892,214.1799024499892,237.36916739821396,-280.6201550387541,234.1799024499892,,0.945566061845131,1.986504305900756,3.9419414634658576,,
1610375400,117.42,118.13,117.27,117.94,113.34523629381906,115.6854928826827,113.34523629381906,115.6854928826827,0,0,0,1,0,115.7475,111.7525,117.87500000000001,109.62499999999999,113.88,110.3442154776643,108.09578452233568,,,,,6428454,0.74,0.66,1.7017196657559905,1.4829114115459154,0.9700873602672165,-17.78391592529976,185.557686625559,185.557686625559,219.0899735565377,219.0899735565377,237.3691673982139,-234.28040854223866,239.0899735565377,,0.5680854671867065,1.9308800377158915,3.935200492444321,,
1610461800,117.71,117.8365,116.1341,116.66,113.35084453099424,115.70379351473436,113.35084453099424,115.70379351473436,0,0,0,1,0,115.7475,111.7525,117.87500000000001,109.62499999999999,113.88,110.35389438269192,108.08610561730806,,,,,9225459,0.74,0.66,1.2814922170654797,1.1109192657072962,0.6413895371040488,-42.244384375254356,192.21827413581585,192.21827413581585,205.53944915632954,205.53944915632954,237.3691673982139,-178.29457364340487,225.53944915632954,,1.531202306257414,1.915206401188108,3.930397299265126,,
1610548200,116.6,117.38,116.17,116.98,113.35651257388936,115.72277023964674,113.35651257388936,115.72277023964674,0,0,0,0,0,115.7475,111.7525,117.87500000000001,109.62499999999999,113.88,110.3476488477631,108.0923511522369,,,,,5259556,0.75,0.66,1.221609312627034,1.1116033931869673,0.9612689272306546,-44.46129391720428,192.22493214405344,192.22493214405344,192.23824816052866,192.23824816052866,237.36916739821393,-102.34442836468372,,,1.5007630998812922,1.8989537227054878,3.9255428852803433,,
1610634600,117.17,117.61,116.47,116.61,113.36276269861685,115.75264983809195,113.36276269861685,115.75264983809195,0,0,0,0,0,115.7475,111.7525,117.87500000000001,109.62499999999999,113.88,110.34506952871125,108.09493047128876,,,,,5792149,0.73,0.65,1.1300236411632016,0.9052926259600216,1.0033485304470202,-55.889472961878965,175.1581519906938,175.1581519906938,186.53600542626688,186.53600542626688,237.36916739821393,-102.34442836468372,,,1.24639647278277,1.8733632423163615,3.9201899453952334,,
1610721000,116.29,117.24,115.83,116.97,113.36773440151671,115.75651062875502,113.36773440151671,115.75651062875502,0,0,0,0,0,115.7475,111.7525,117.87500000000001,109.62499999999999,113.88,110.33904452998782,108.1009554700122,,,,,10335242,0.72,0.65,0.9084919691747666,0.828507836787084,1.2178740480115298,-85.13967217500883,151.92979763682396,151.92979763682396,175.00060282978592,175.00060282978592,237.36916739821393,-102.34442836468372,,,1.789045277259623,1.8700566554513913,3.915931914090267,,
1611066600,117.9,118.23,117.23,117.85,113.37546540171348,115.81457295703913,113.37546540171348,115.81457295703913,0,0,0,0,0,115.7475,111.7525,117.87500000000001,109.62499999999999,113.88,110.38663073944456,108.15336926055548,,,,,6193043,0.71,0.65,1.2660529408074412,0.9835683143604347,1.1079550621462784,-28.648894428557227,166.7375513238567,166.7375513238567,172.24625232780951,172.24625232780951,237.36916739821393,-102.34442836468372,,,0.602001017466503,1.8203289833735525,3.9093106735375724,,
1611153000,118.05,118.6889,117.34,118.5,113.92066093022584,116.40319160009041,113.92066093022584,116.40319160009041,0,0,0,0,0,115.7475,111.7525,117.87500000000001,109.62499999999999,113.88,110.59329672719038,108.40560327280963,,,,,6871999,0.71,0.65,1.212558150602263,0.8917598480670367,1.3363081056587005,-46.585448461742544,176.18435971578015,176.18435971578015,184.0605744917214,184.0605744917214,237.36916739821393,-102.34442836468372,,,0.978902953586495,1.787331884166217,3.9034557130581495,,
1611239400,118.35,118.47,117.54,117.94,113.92791155773787,116.44814879224371,113.92791155773787,116.44814879224371,0,0,0,0,0,115.7475,111.7525,117.87500000000001,109.62499999999999,113.88,110.5968721558777,108.40202784412227,,,,,5796233,0.7,0.65,0.6604179705997524,0.9173632621288405,1.2416251901486077,-38.55347458902817,178.72125719359303,178.72125719359303,183.7950521492188,183.7950521492188,237.36916739821393,-102.34442836468372,,,0.8101265822784757,1.7490101076215996,3.897275235274374,,
1611325800,117.59,118.25,117.44,117.59,113.93494989628384,116.48746060431259,113.93494989628384,116.48746060431259,0,0,0,0,0,115.7475,111.7525,117.87500000000001,109.62499999999999,113.88,110.59488998649476,108.40401001350523,,,,,4796466,0.71,0.65,0.18972699217337516,0.7306244840818782,1.0538336024674988,-42.56946152538565,165.90154448026536,165.90154448026536,174.4480196224838,174.4480196224838,237.36916739821393,-102.34442836468372,,,0.8945147679324914,1.715500486457321,3.8912757138611034,,
1611585000,117.66,118.43,117.415,118.36,113.9419247216659,116.52426018845719,113.9419247216659,116.52426018845719,0,0,0,0,0,115.7475,111.7525,117.87500000000001,109.62499999999999,113.88,110.58131022920486,108.41758977079513,,,,,6962045,0.7,0.65,0.2406958358030786,0.9059500747454295,1.1087159868719014,-43.57345825947459,174.53345599431088,174.53345599431088,174.70432873796508,174.70432873796508,237.36916739821393,-102.34442836468372,,,0.9156118143459864,1.6841323032372686,3.88533033144449,,
1611671400,118.7,118.9856,117.855,117.92,113.94975594100323,116.57669900459614,113.94975594100323,116.57669900459614,0,0,0,0,0,115.7475,111.7525,117.87500000000001,109.62499999999999,113.88,110.73306968725218,108.56253031274782,,,,,5504027,0.72,0.65,-0.0049558115900221016,0.8728310590589199,1.0903469326835409,-25.90311573950331,178.52189681880637,178.52189681880637,186.4987784677973,186.4987784677973,237.36916739821393,-102.34442836468372,,,0.544303797468351,1.6394331461482914,3.8786549537542276,,
1611757800,116.62,116.62,114.05,114.34,113.9500451399223,116.47935786716099,113.9500451399223,116.47935786716099,0,0,0,0,0,115.7475,111.7525,117.87500000000001,109.62499999999999,113.88,110.80744537496223,108.4881546250378,,,,,13097040,0.75,0.66,-0.5669341864807979,0.39202362226595644,0.776755136206765,-215.05106422879317,135.02910487503323,135.02910487503323,164.02429950421532,164.02429950421532,237.36916739821393,-171.42267615803974,,,3.755274261603378,1.722407307538687,3.8784084388847955,,
1611844200,115.31,117.47,115.09,116.01,113.9523909038785,116.42621049982134,113.9523909038785,116.42621049982134,0,0,0,0,0,115.7475,111.7525,117.87500000000001,109.62499999999999,113.88,110.81632847195172,108.47927152804827,,,,,12626273,0.7,0.65,-0.24224179959464107,0.7867239392922359,0.9660448820974507,-164.79193910565922,88.5856035656549,88.5856035656549,138.87806752469518,138.87806752469518,237.36916739821393,-171.42267615803974,,,2.877637130801685,1.7677104378627262,3.8764088958117022,,
1611930600,115.84,116.66,114.1,115.03,113.95277373923538,116.33671204884796,113.95277373923538,116.33671204884796,0,0,0,0,0,115.7475,111.7525,117.87500000000001,109.62499999999999,113.88,110.72757722858636,108.56802277141365,,,,,10462743,0.7,0.65,-0.3954471342987733,0.4496810660716917,1.1172972070793803,-212.63476013633496,42.998565782645485,42.998565782645485,106.91823361067861,106.91823361067861,237.36916739821393,-171.42267615803974,,,3.713080168776376,1.8439994469181635,3.8760825646887547,,
1612189800,115.97,116.35,115.29,115.47,113.95550965584032,116.29692334105,113.95550965584032,116.29692334105,0,0,0,0,0,122.92340000000002,112.03219999999999,126.86120000000001,108.0944,115.97,110.718758556085,108.57684144391501,,,,,10105262,0.7,0.65,-0.37909803020474836,0.5744734002785007,1.1972980626328398,-155.1267227358257,11.32883494833251,11.32883494833251,75.05510072322991,75.05510072322991,237.36916739821393,-171.42267615803974,,,2.708860759493666,1.877915576823085,3.873750453189863,,
1612276200,116.38,116.95,115.77,115.8,113.95918955662785,116.27733026885195,113.95918955662785,116.27733026885195,0,0,0,0,0,122.92340000000002,112.03219999999999,126.86120000000001,108.0944,115.97,111.77858199380495,109.61701800619504,,,,,11515727,0.71,0.65,-0.5205111150312419,0.44219165433212787,1.3605831720870958,-131.93020344822602,-1.4732757488787094,-1.4732757488787094,49.54564189919371,49.54564189919371,237.36916739821393,-171.42267615803974,,,2.3037974683544338,1.8946168274713733,3.8706136839893928,,
1612362600,115.8,115.86,114.615,114.98,113.96057748958164,116.2136643759558,113.96057748958164,116.2136643759558,0,0,0,0,0,122.92340000000002,112.03219999999999,126.86120000000001,108.0944,115.97,112.9086792124064,110.75692078759361,,,,,11279192,0.7,0.65,-0.8969523228806037,0.3054718289779999,1.3491123712328283,-187.74682798401392,-38.5631438938497,-38.5631438938497,20.17604663484591,20.17604663484591,237.36916739821393,-171.42267615803974,,,3.278481012658232,1.9488860112041912,3.869430601728991,,
1612449000,114.98,115.93,114.73,115.46,113.96219012197008,116.15695989062421,113.96219012197008,116.15695989062421,0,0,0,0,0,122.92340000000002,112.03219999999999,126.86120000000001,108.0944,115.97,114.45855218656314,112.30704781343687,,,,,8451583,0.68,0.65,-0.6349025626832883,0.6337044316727338,1.2153296762259123,-182.18932857135928,-64.49041869378333,-64.49041869378333,-8.04610847469717,-8.04610847469717,237.36916739821393,-171.42267615803974,,,3.181434599156115,1.997221249947404,3.868055984341233,,
1612535400,116.25,116.43,115.39,115.67,113.96510502682129,116.12810264001149,113.96510502682129,116.12810264001149,0,0,0,0,0,122.92340000000002,112.03219999999999,126.86120000000001,108.0944,115.97,114.3036077302415,112.52199226975853,,,,,5557076,0.63,0.64,-0.4970452811725755,0.7278896585062704,1.1440552015948786,-152.7780608616172,-60.836859829328986,-60.836859829328986,-25.643025592907776,-25.643025592907776,237.36916739821393,-171.42267615803974,,,2.624472573839662,2.021819341080434,3.8655713022023686,,
1612794600,116.08,116.24,115.465,115.81,113.96816245933513,116.10328881099143,113.96816245933513,116.10328881099143,0,0,0,0,0,122.92340000000002,112.03219999999999,126.86120000000001,108.0944,115.97,114.30346817126815,112.52213182873186,,,,,6956278,0.67,0.65,-0.6558459876903415,0.7368557287462763,1.1718810887185565,-149.09370248070988,-45.538150334103484,-45.538150334103484,-32.27473383997301,-32.27473383997301,237.36916739821393,-171.42267615803974,,,2.561181434599153,2.042970795728227,3.862965128640724,,
1612881000,115.8,116.085,115.69,115.98,113.97165883803777,116.08818336742314,113.97165883803777,116.08818336742314,0,0,0,0,0,122.92340000000002,112.03219999999999,126.86120000000001,108.0944,115.97,114.30348645810415,112.52211354189586,,,,,4730313,0.67,0.65,-0.500972817242616,0.7113082006373924,1.0104104414789778,-138.04062733798867,-29.4108730353365,-29.4108730353365,-23.68315142606348,-23.68315142606348,237.36916739821393,-171.42267615803974,,,2.371308016877639,2.0558467651850667,3.8599847947510875,,
1612967400,116.82,116.85,115.78,116.19,113.97532625294677,116.07716441183791,113.97532625294677,116.07716441183791,0,0,0,0,0,122.92340000000002,112.03219999999999,126.86120000000001,108.0944,115.97,114.29521822637888,112.53038177362112,,,,,5405720,0.67,0.65,0.49309168417805643,0.6990833340459396,1.0697816687919603,-133.6193972808999,-15.1660963550471,-15.1660963550471,13.323457005531697,13.323457005531697,237.36916739821393,-171.42267615803974,,,2.2953586497890286,2.065239388110712,3.856858668587327,,
1613053800,116.6,116.7,115.86,116.41,113.97914458211172,116.06968345451094,113.97914458211172,116.06968345451094,0,0,0,0,0,122.92340000000002,112.03219999999999,126.86120000000001,108.0944,115.97,114.29483826167986,112.53076173832015,,,,,4683971,0.68,0.65,0.10510719999405244,0.6473735073019791,1.1950381370291516,-129.68941500793233,8.026612597319277,8.026612597319277,54.41203050205203,54.41203050205203,237.36916739821393,-171.42267615803974,,,2.227848101265823,2.0716162003913046,3.8536039022190525,,
1613140200,116.18,117.41,116.03,117.28,113.98329154598362,116.06909586805953,113.98329154598362,116.06909586805953,0,0,0,0,0,122.92340000000002,112.03219999999999,126.86120000000001,108.0944,115.97,114.29947548368963,112.52612451631038,,,,,6345295,0.68,0.65,0.611059964747102,0.8065484933296567,1.0756234286450714,-121.338202677876,38.62207002746849,38.62207002746849,99.8129848877669,99.8129848877669,237.36916739821393,-171.42267615803974,,,2.0843881856540074,2.0721170625584695,3.850069005682459,,
1613485800,117.43,117.54,115.74,116.12,113.9868565978398,116.05727250068465,113.9868565978398,116.05727250068465,0,0,0,0,0,122.92340000000002,112.03219999999999,126.86120000000001,108.0944,115.97,114.31036914185913,112.51523085814088,,,,,9531893,0.68,0.66,0.17489097248801536,0.42377091943582773,1.108785704493988,-135.58438841738402,61.95820179805123,61.95820179805123,108.63046533921671,108.63046533921671,237.36916739821393,-171.42267615803974,,,2.329113924050637,2.08219537085228,3.8470301343904874,,
1613572200,115.74,116.599,115.605,116.54,113.99014749374821,116.04067161830486,113.99014749374821,116.04067161830486,0,0,0,0,0,122.92340000000002,112.03219999999999,126.86120000000001,108.0944,115.97,114.29516098184834,112.53043901815165,,,,,5025583,0.67,0.65,0.19979454120637194,0.5737306399085684,0.9429960376179525,-142.21623350301647,73.65647834425742,73.65647834425742,97.05303143666983,97.05303143666983,237.36916739821393,-171.42267615803974,,,2.443037974683541,2.096346061198604,3.8442249552502137,,
1613658600,115.97,116.279,115.33,115.81,113.99288785839607,116.01404528033211,113.99288785839607,116.01404528033211,0,0,0,0,0,122.92340000000002,112.03219999999999,126.86120000000001,108.0944,115.97,114.29999580759763,112.52560419240238,,,,,7756644,0.7,0.66,0.2254972352139523,0.3233904683748831,0.8164177302309658,-155.72554756634304,59.37167842759431,59.37167842759431,68.89487837203639,68.89487837203639,237.36916739821393,-171.42267615803974,,,2.675105485232069,2.1190425091999163,3.8418890522132143,,
1613745000,115.9,115.99,114.31,114.41,113.9936051653723,115.94886311247596,113.9936051653723,115.94886311247596,0,0,0,0,0,122.92340000000002,112.03219999999999,126.86120000000001,108.0944,115.97,114.31264169280468,112.51295830719533,,,,,9387849,0.72,0.66,-0.284671362094742,-0.14416868641415445,0.5825740786974808,-217.0713929328463,8.136070168851383,8.136070168851383,48.64194230430805,48.64194230430805,237.3691673982139,-193.74290808882267,,,3.5358649789029513,2.174604174678467,3.8412776155033037,,
1614004200,113.86,114.49,113.115,114.14,113.99195730290403,115.83984299041808,113.99195730290403,115.83984299041808,0,0,0,0,0,122.92340000000002,112.03219999999999,126.86120000000001,108.0944,115.97,114.27004103147137,112.55555896852864,,,,,7213401,0.7,0.66,-0.41511607951246643,-0.41719215843039575,0.48326282909429785,-230.54121683798746,-43.070234657892705,-43.070234657892705,18.071216650241134,18.071216650241134,237.3691673982139,-193.74290808882267,,,4.544303797468359,2.2675335716506195,3.8426822632195177,,
1614090600,114.06,114.76,113.42,113.95,113.99091602957155,115.74693934373501,113.99091602957155,115.74693934373501,0,0,0,0,0,122.92340000000002,112.03219999999999,126.86120000000001,108.0944,115.97,114.27046403002797,112.55513596997204,,,,,8730474,0.68,0.66,-0.5039906797598425,-0.5309117475680935,0.5487500423548974,-217.13510222681725,-78.47740108577116,-78.47740108577116,-14.111655928429627,-14.111655928429627,237.3691673982139,-193.74290808882267,,,4.286919831223628,2.3467251896730903,3.8435698507679774,,
1614177000,114.08,115.36,113.72,114.74,113.99047024329867,115.66932603613756,113.99047024329867,115.66932603613756,0,0,0,0,0,122.92340000000002,112.03219999999999,126.86120000000001,108.0944,115.97,114.27382324940987,112.55177675059012,,,,,9842009,0.68,0.66,-0.33869515514550647,-0.4962478419056514,0.6965203482581476,-203.94875998632241,-88.1910122838072,-88.1910122838072,-38.80477471355548,-38.80477471355548,237.3691673982139,-193.74290808882267,,,4.033755274261605,2.412883232205973,3.8439498416241085,,
1614263400,114.58,115.04,113.01,113.59,113.98862095210328,115.56719168177922,113.98862095210328,115.56719168177922,0,0,0,0,0,122.92340000000002,112.03219999999999,126.86120000000001,108.0944,115.97,114.35942738946535,112.61117261053465,,,,,14494847,0.7,0.66,-0.7053478515415231,-0.4789106859717804,0.6617247693353931,-216.62175333113626,-117.42984018784314,-117.42984018784314,-65.01312987165136,-65.01312987165136,237.3691673982139,-193.74290808882267,,,4.63291139240506,2.4999431600569175,3.8455261883789156,,
1614349800,113.99,113.99,112.32,112.61,113.98541052063054,115.44227436092514,113.98541052063054,115.44227436092514,0,0,0,0,0,122.92340000000002,112.03219999999999,126.86120000000001,108.0944,115.97,114.36885979711309,112.60174020288692,,,,,14687164,0.72,0.66,-1.0294462214190252,-0.6801732518269815,0.4568356713549779,-220.0218258077974,-157.4898692090717,-157.4898692090717,-95.83870965079147,-95.83870965079147,237.3691673982139,-193.74290808882267,,,5.215189873417727,2.606423423325969,3.848262779158214,,
1614609000,113.53,114.61,113.5,114.08,113.98454056954037,115.3680675232418,113.98454056954037,115.3680675232418,0,0,0,0,0,116.14000000000001,109.70999999999998,118.75000000000001,107.09999999999998,113.53,114.65868665197583,112.85691334802416,,,,,7361242,0.7,0.65,-0.8709202661431096,-0.3998310100551988,0.7883887971161553,-167.677923700297,-153.58377834252673,-153.58377834252673,-115.08706588136988,-115.08706588136988,237.3691673982139,-193.74290808882267,,,4.219409282700422,2.669677770752418,3.849004330613843,,
1614695400,114.32,114.59,113.64,113.75,113.98394927969113,115.30220605174212,113.98394927969113,115.30220605174212,0,0,0,0,0,116.14000000000001,109.70999999999998,118.75000000000001,107.09999999999998,113.53,114.83841835303983,113.0471816469602,,,,,8456128,0.71,0.64,-0.6576736050870386,-0.5121413570508653,0.7473810194267799,-161.46763022991559,-135.47899085555167,-135.47899085555167,-121.88437420609715,-121.88437420609715,237.3691673982139,-193.74290808882267,,,4.10126582278481,2.725818478675257,3.8495083495792195,,
1614781800,113.33,113.45,112.045,112.31,113.98020422618526,115.17700385363459,113.98020422618526,115.17700385363459,0,0,0,0,0,116.14000000000001,109.70999999999998,118.75000000000001,107.09999999999998,113.53,115.09213392456627,113.25846607543372,,,,,14946770,0.68,0.65,-1.1789217611772185,-0.8815342309602937,0.6640110635027819,-230.54121683798746,-146.4314137743561,-146.4314137743561,-130.06672072885013,-130.06672072885013,237.3691673982139,-193.74290808882267,,,5.447257383966243,2.8325415730003938,3.8527006553422307,,
1614868200,112.06,112.8,109.93,110.8,113.97228313882026,114.97459978094304,113.97228313882026,114.97459978094304,0,0,0,0,0,116.14000000000001,109.70999999999998,118.75000000000001,107.09999999999998,113.53,115.10580029639209,113.2447997036079,,,,,23441139,0.69,0.65,-1.3924162797855346,-1.207505661112103,0.33758856348212823,-230.54121683798746,-167.75985753240184,-167.75985753240184,-142.63109966336737,-142.63109966336737,237.3691673982139,-193.74290808882267,,,7.232067510548518,3.0050720019238497,3.859452637070915,,
1614954600,111.45,113.38,110.55,113.02,113.96560425143001,114.80420371110213,113.96560425143001,114.80420371110213,0,0,0,0,0,116.14000000000001,109.70999999999998,118.75000000000001,107.09999999999998,113.53,115.14230822595722,113.20829177404276,,,,,15645239,0.69,0.63,-0.3849006432052146,-0.7630292282429437,0.5093081004609006,-211.0942026285249,-161.1131833397155,-161.1131833397155,-148.7917942221501,-148.7917942221501,237.3691673982139,-193.74290808882267,,,6.708860759493673,3.150318619867764,3.8651457601926387,,
1615213800,113.11,114.525,112.6,112.74,113.96299365352505,114.72007807537264,113.96299365352505,114.72007807537264,0,0,0,0,0,116.14000000000001,109.70999999999998,118.75000000000001,107.09999999999998,113.53,115.14285157954579,113.2077484204542,,,,,12691821,0.69,0.65,-0.38922405782685465,-0.7556492044409282,0.60715698796211,-146.7935911294944,-143.12930969891687,-143.12930969891687,-131.80434065245046,-131.80434065245046,237.3691673982139,-193.74290808882267,,,4.978902953586503,3.2220278094253616,3.8673710492903286,,
1615300200,113.57,115.2,113.35,113.4,113.96187178808344,114.66836913124038,113.96187178808344,114.66836913124038,0,0,0,0,0,116.14000000000001,109.70999999999998,118.75000000000001,107.09999999999998,113.53,115.1345385422792,113.21606145772078,,,,,11022343,0.7,0.64,-0.15343960611626467,-0.7691396630218476,0.7515412953309615,-123.26897716643445,-124.48041610339308,-124.48041610339308,-87.18262891234548,-87.18262891234548,237.3691673982139,-193.74290808882267,,,4.345991561181439,3.2661048192981488,3.8683273340293716,,
1615386600,114.15,114.8,113.62,113.66,113.9612862300653,114.62917034177997,113.9612862300653,114.62917034177997,0,0,0,0,0,116.14000000000001,109.70999999999998,118.75000000000001,107.09999999999998,113.53,115.13067504074522,113.21992495925477,,,,,11641102,0.69,0.66,-0.29979481324600665,-0.6643190495257948,1.1524926308339045,-114.80011613973252,-98.47001676880078,-98.47001676880078,-46.44921809961616,-46.44921809961616,237.3691673982139,-193.74290808882267,,,4.118143459915609,3.2995180993223627,3.8688264671480255,,
1615473000,114.05,114.98,113.89,114.35,113.9612359079273,114.60199111269056,113.9612359079273,114.60199111269056,0,0,0,0,0,116.14000000000001,109.70999999999998,118.75000000000001,107.09999999999998,113.53,115.12851242505721,113.22208757494278,,,,,6549499,0.71,0.65,0.21346275620429694,0.001610978723720853,1.323984264534351,-106.33125511303106,-66.0633964281796,-66.0633964281796,-1.2501557469372457,-1.2501557469372457,237.3691673982139,-193.74290808882267,,,3.890295358649788,3.322685834982262,3.8688693620361407,,
1615559400,114.11,114.76,113.93,114.6,113.96126480721216,114.57743067689877,113.96126480721216,114.57743067689877,0,0,0,0,0,116.14000000000001,109.70999999999998,118.75000000000001,107.09999999999998,113.53,115.12738715702366,113.22321284297634,,,,,7452438,0.72,0.65,0.5661956633791065,-0.22482959556466306,1.3594190044447996,-105.07660903500101,-30.02144831992223,-30.02144831992223,42.06244789659251,42.06244789659251,237.3691673982139,-193.74290808882267,,,3.85654008438818,3.3436212957432785,3.868844728114766,,
1615815000,114.39,115.42,114.26,115.39,113.96194639600894,114.56664516015765,113.96194639600894,114.56664516015765,0,0,0,0,0,116.14000000000001,109.70999999999998,118.75000000000001,107.09999999999998,113.53,115.13147268715517,113.2191273128448,,,,,7119410,0.75,0.63,0.37250239053453543,0.05861355120144202,1.2433534414209775,-94.72577889125466,11.162745914168013,11.162745914168013,93.53113438234851,93.53113438234851,237.3691673982139,-193.74290808882267,,,3.578059071729953,3.3528149340172657,3.868263737792319,,
1615901400,115.51,115.715,114.9,115.32,113.96389255705587,114.58112966368087,113.96389255705587,114.58112966368087,0,0,0,0,0,116.14000000000001,109.70999999999998,118.75000000000001,107.09999999999998,113.53,115.1294901639977,113.22110983600228,,,,,8618552,0.74,0.64,0.4476829457139529,-0.024326731919552935,1.0626529369600821,-74.65144164277683,52.150799923451764,52.150799923451764,134.12690794201927,134.12690794201927,237.3691673982139,-193.74290808882267,,,3.037974683544299,3.34046825752813,3.866604818603012,,
1615987800,114.82,115.47,114.205,114.9,113.96446010439442,114.56806379451692,113.96446010439442,114.56806379451692,0,0,0,0,0,116.14000000000001,109.70999999999998,118.75000000000001,107.09999999999998,113.53,115.12428204638796,113.22631795361202,,,,,7524923,0.74,0.63,0.7485506539870036,-0.14565090249308948,0.517013219864825,-73.70502035635533,83.17461731420086,83.17461731420086,145.22225209569905,145.22225209569905,237.3691673982139,-193.74290808882267,,,3.624472573839664,3.3516056816972095,3.866121037894194,,
1616074200,114.37,115.6,114.32,114.66,113.96525399029973,114.55997501826135,113.96525399029973,114.55997501826135,0,0,0,0,0,116.14000000000001,109.70999999999998,118.75000000000001,107.09999999999998,113.53,115.1133692117407,113.23723078825928,,,,,8553350,0.75,0.64,1.1427402753262421,-0.05270684695786708,0.47565052563181276,-70.075008647156,101.31392662448881,101.31392662448881,137.59254524506474,137.59254524506474,237.3691673982139,-193.74290808882267,,,3.5274261603375585,3.3585006024282036,3.865444324852123,,
1616160600,114.78,115.75,114.2,115.07,113.96580892738206,114.54754462538835,113.96580892738206,114.54754462538835,0,0,0,0,0,116.14000000000001,109.70999999999998,118.75000000000001,107.09999999999998,113.53,115.1132127384981,113.2373872615019,,,,,12595940,0.75,0.65,0.5950027185260655,-0.06397242567647948,0.5123062409413096,-51.14050517452323,114.26846125929733,114.26846125929733,140.17753052891433,140.17753052891433,237.3691673982139,-193.74290808882267,,,3.6286919831223603,3.369096342847582,3.8649712932003153,,
1616419800,114.6,115.75,114.03,115.67,113.96602649196271,114.52900169890255,113.96602649196271,114.52900169890255,0,0,0,0,0,116.14000000000001,109.70999999999998,118.75000000000001,107.09999999999998,113.53,115.10407474713028,113.24652525286972,,,,,6156842,0.76,0.65,0.858189255616951,0,0.4682598486454112,-47.74389338072456,128.3729960693883,128.3729960693883,156.58206568957024,156.58206568957024,200.8958243028589,-193.74290808882267,,,3.772151898734176,3.384902443078429,3.8647858398647186,,
1616506200,115.53,115.715,114.21,114.5,113.96659966580494,114.51817418129852,113.96659966580494,114.51817418129852,0,0,0,0,0,116.14000000000001,109.70999999999998,118.75000000000001,107.09999999999998,113.53,115.11616258619455,113.23443741380544,,,,,9170522,0.73,0.66,0.3192527275755239,-0.21494116204035676,0.3184624012075971,-39.23011294031425,126.43740369953112,126.43740369953112,127.72779861276925,127.72779861276925,170.50110864745784,-193.74290808882267,,,3.620253164556967,3.394131883136411,3.8642972630908767,,
1616592600,114.56,115.25,114.335,114.37,113.96741894719194,114.51262421340446,113.96741894719194,114.51262421340446,0,0,0,0,0,116.14000000000001,109.70999999999998,118.75000000000001,107.09999999999998,113.53,115.37781288239599,113.53778711760401,,,,,12647014,0.73,0.66,0.2185942537174695,-0.28045952136255936,0.34007952502942485,-33.683390360738215,79.22925856191475,79.22925856191475,111.56161859581775,111.56161859581775,148.2839859917259,-193.74290808882267,,,3.514767932489457,3.398862708601236,3.863598902789975,,
1616679000,114.54,115.07,113.35,114.85,113.96628824000474,114.46905071483958,113.96628824000474,114.46905071483958,0,0,0,0,0,116.14000000000001,109.70999999999998,118.75000000000001,107.09999999999998,113.53,115.37796370970948,113.53763629029055,,,,,11505266,0.76,0.67,0.15375760903042693,-0.2341413946595451,0.4372255184703725,-58.53592931603929,35.438835148606145,35.438835148606145,86.18735744674721,86.18735744674721,148.2839859917259,-193.74290808882267,,,4.345991561181439,3.436005016545558,3.8645627242852627,,
1616765400,115.14,117.17,114.83,117.02,113.96808726450024,114.48464480445371,113.96808726450024,114.48464480445371,0,0,0,0,0,116.14000000000001,109.70999999999998,118.75000000000001,107.09999999999998,113.53,115.41404481728603,113.50155518271399,,,,,8283287,0.77,0.66,0.7289472655726819,0.10443456959847607,0.5028715881813993,-64.65857581320375,48.04538947340376,48.04538947340376,73.47336812229939,73.47336812229939,211.15646258504,-193.74290808882267,,,3.0970464135021114,3.42271252230856,3.8630292251628187,,
1617024600,116.55,117.97,116.51,117.57,113.97320577146428,114.56485089055357,113.97320577146428,114.56485089055357,0,0,0,0,0,116.14000000000001,109.70999999999998,118.75000000000001,107.09999999999998,113.53,115.4152081858272,113.5003918141728,,,,,8959005,0.77,0.68,0.6627126861054238,0.05007839221291762,0.5891804251733572,-31.177143260559465,73.82595718695829,73.82595718695829,74.5311353162761,74.5311353162761,211.51543067711964,-193.74290808882265,,,1.6793248945147639,3.3543443800421366,3.8586661795471384,,
1617111000,117.25,117.25,116.24,116.51,113.9777799857071,114.63142928700245,113.9777799857071,114.63142928700245,0,0,0,0,0,116.14000000000001,109.70999999999998,118.75000000000001,107.09999999999998,113.53,115.42527341103,113.49032658897,,,,,6865742,0.76,0.64,0.36365760808440944,0.06833564574900547,0.5609431246206338,-39.11849107221179,77.85339518595153,77.85339518595153,85.90827118393798,85.90827118393798,211.51543067711964,-193.74290808882265,,,1.9071729957805952,3.297592561051488,3.8547670922668855,,
1617197400,116.76,117.4481,116.56,116.74,113.9829780276937,114.70782029535529,113.9829780276937,114.70782029535529,0,0,0,0,0,116.14000000000001,109.70999999999998,118.75000000000001,107.09999999999998,113.53,115.42366382902307,113.49193617097693,,,,,8504094,0.76,0.64,0.6452285125964213,0.03992179965232993,0.9365587012642137,-29.7065232954388,82.35956972711043,82.35956972711043,91.37191880942824,91.37191880942824,211.51543067711964,-193.74290808882265,,,1.637130801687762,3.2324764136254593,3.8503362505274668,,
1617283800,116.93,117.04,116.02,116.39,113.9870975521139,114.76025087200803,113.9870975521139,114.76025087200803,0,0,0,0,0,121.99,112.91000000000001,126.00999999999999,108.89000000000001,116.93,115.42499237996684,113.49060762003317,,,,,6676369,0.73,0.6,0.6073687228753663,0.11639640382306497,0.9031656115643799,-45.589218918743036,83.16706595185734,83.16706595185734,84.78205840135115,84.78205840135115,211.51543067711964,-193.74290808882265,,,2.0928270042194126,3.1877842799232616,3.8468247435418363,,
1617629400,116.98,117.5627,116.79,117.2,113.99273192263914,114.84051946526262,113.99273192263914,114.84051946526262,0,0,0,0,0,121.99,112.91000000000001,126.00999999999999,108.89000000000001,116.93,115.41880232401157,113.49679767598845,,,,,7190918,0.75,0.62,0.7427413049664886,0.5649365537726917,1.0326406616567485,-22.94167145588325,90.16702905360219,90.16702905360219,104.1669552570919,104.1669552570919,211.51543067711964,-193.74290808882265,,,1.4430379746835391,3.1193628561883706,3.8420219727748868,,
1617715800,117.35,117.69,116.58,116.75,113.99793965106544,114.90948732936997,113.99793965106544,114.90948732936997,0,0,0,0,0,121.99,112.91000000000001,126.00999999999999,108.89000000000001,116.93,115.41832162588906,113.49727837411095,,,,,5206716,0.74,0.6,0.3763799227605237,0.5321884448072023,1.0190423294243793,-29.11827530939062,98.75830823782466,98.75830823782466,115.9408666062696,115.9408666062696,211.51543067711964,-193.74290808882265,,,1.6202531645569636,3.060574240830276,3.837582874256969,,
1617802200,116.68,117.08,116.187,116.49,114.00235961180258,114.96049292429663,114.00235961180258,114.96049292429663,0,0,0,0,0,121.99,112.91000000000001,126.00999999999999,108.89000000000001,116.93,115.41410857747694,113.50149142252306,,,,,5753273,0.73,0.6,0.7004930124945029,0.5186984826007942,0.9442953804444955,-40.677348235239705,96.33422077235467,96.33422077235467,97.950279082668,97.950279082668,211.51543067711964,-193.74290808882265,,,1.9518987341772172,3.0170967699811366,3.8338152735774886,,
1617888600,116.83,117.1819,116.51,116.67,114.00740964254823,115.02203829981441,114.00740964254823,115.02203829981441,0,0,0,0,0,121.99,112.91000000000001,126.00999999999999,108.89000000000001,116.93,115.39473984352526,113.52086015647475,,,,,4292455,0.72,0.62,0.8106681869240767,0.3914797042147096,1.0198034738129536,-31.177143260559465,79.97904497012422,79.97904497012422,91.95986771182008,91.95986771182008,211.51543067711964,-193.74290808882265,,,1.6793248945147639,2.964635127805985,3.829510597495445,,
1617975000,116.74,118.02,116.67,117.95,114.01276606683884,115.08738189590012,114.01276606683884,115.08738189590012,0,0,0,0,0,121.99,112.91000000000001,126.00999999999999,108.89000000000001,116.93,115.3894812015495,113.52611879845051,,,,,5919162,0.69,0.61,1.0802519258315264,0.8869111551615734,1.0373530206876234,-37.526580805940675,94.73988079926309,94.73988079926309,100.29990697414911,100.29990697414911,211.51543067711964,-193.74290808882265,,,1.544303797468353,2.908935859949607,3.824944749743143,,
1618234200,117.78,118.31,117.65,118.07,114.02005025052146,115.18821005684521,114.02005025052146,115.18821005684521,0,0,0,0,0,121.99,112.91000000000001,126.00999999999999,108.89000000000001,116.93,115.3871440374372,113.52845596256282,,,,,8279707,0.7,0.62,0.3633437605101786,1.1335575093003103,1.024583345631757,-12.30089463973595,104.71301502230058,104.71301502230058,124.65928346837555,124.65928346837555,211.51543067711964,-193.74290808882265,,,0.7172995780590669,2.8229893390911545,3.818735668481037,,
1618320600,117.7,118.89,117.59,118.56,114.08481872089197,115.338814252112,114.08481872089197,115.338814252112,0,0,0,0,0,121.99,112.91000000000001,126.00999999999999,108.89000000000001,116.93,115.3866288219426,113.52897117805743,,,,,6519617,0.69,0.59,0.3407661889638752,0.9175414549425159,0.9630148664432395,-28.29179581988335,117.55157384000452,117.55157384000452,143.2286914754124,143.2286914754124,211.51543067711964,-193.74290808882265,,,0.8181511470985146,2.7443682335228154,3.812740494612141,,
1618407000,118.42,119.03,118.335,118.55,114.093315087084,115.45639996771546,114.093315087084,115.45639996771546,0,0,0,1,0,121.99,112.91000000000001,126.00999999999999,108.89000000000001,116.93,115.3951642747988,113.56483572520122,,,,,6226675,0.68,0.59,0.7115362788688427,0.990054923258835,0.8577833535703959,-6.562529958220621,130.40334072625276,130.40334072625276,156.10687449874922,156.10687449874922,211.51543067711964,-193.74290808882265,,,0.18977732793522986,2.644188198009577,3.805501806966433,,
1618493400,119.02,120.9284,119.02,120.58,116.04320344584049,117.4867402571461,116.04320344584049,117.4867402571461,0,0,0,1,0,121.99,112.91000000000001,126.00999999999999,108.89000000000001,116.93,116.38242339335139,114.47597660664863,,,,,8438303,0.7,0.58,1.3494880741805495,1.7441505549251042,1.1335684253136245,-45.23956540467943,147.47105006734614,147.47105006734614,181.60646874953292,181.60646874953292,216.05911088200799,-193.74290808882267,,,1.2937468900315163,2.5912297153437707,3.8004833156239055,,
1618579800,121.2,121.615,120.78,121.48,116.91708870964914,118.45868563958308,116.91708870964914,118.45868563958308,0,0,0,1,0,121.99,112.91000000000001,126.00999999999999,108.89000000000001,116.93,116.73225331518768,114.81274668481235,,,,,7447536,0.71,0.58,1.7884960683477011,2.275918680953144,1.0829171431682445,-20.14941130727112,165.9385932526144,165.9385932526144,202.87367962315088,202.87367962315088,216.05911088200799,-193.74290808882267,222.87367962315088,,0.5762265393480431,2.512209982951781,3.794041244142835,,
1618839000,121.25,121.54,120.8892,121.51,116.95385288063959,118.58235004211154,116.95385288063959,118.58235004211154,0,0,0,1,0,121.99,112.91000000000001,126.00999999999999,108.89000000000001,116.93,116.73160080260415,114.81339919739587,,,,,7094305,0.72,0.59,1.5053297386221611,1.7753081339409853,1.1784247797901872,-17.865237446242045,180.5915628925278,180.5915628925278,209.89750217235465,209.89750217235465,216.05911088200799,-193.74290808882267,229.89750217235465,,0.5109044523084542,2.433727413122631,3.787481530273036,,
1618925400,120.95,122.29,120.95,121.98,117.41333076858156,119.11629155910698,117.41333076858156,119.11629155910698,0,0,0,1,0,121.99,112.91000000000001,126.00999999999999,108.89000000000001,116.93,117.06776226693462,115.1522377330654,,,,,8063897,0.74,0.56,1.83472432568194,1.9380248117030614,1.124161803655251,-29.526889656097104,190.50292214525396,190.50292214525396,210.3256406507063,210.3256406507063,216.05911088200799,-193.74290808882267,230.3256406507063,,0.8444007214297435,2.371400876193498,3.7816012489366857,,
1619011800,122.36,123.4884,122.3,123.42,118.80643680411143,120.59263055965847,118.80643680411143,120.59263055965847,0,0,0,1,0,121.99,112.91000000000001,126.00999999999999,108.89000000000001,116.93,117.68307442506422,115.7353255749358,,,,,9635877,0.73,0.57,2.414622484951156,2.070611829046417,1.3383787363145916,-31.7323025196214,202.22193536804443,202.22193536804443,225.65996181362533,225.65996181362533,216.05911088200799,-193.74290808882267,245.65996181362533,,0.9074704261870074,2.3139918389383416,3.7758587298103126,,
1619098200,123.32,123.6,122.4,122.87,118.81363713017714,120.66390779261305,118.81363713017714,120.66390779261305,0,0,0,1,1,121.99,112.91000000000001,126.00999999999999,108.89000000000001,116.93,117.73902441889057,115.79097558110944,,,,,10030936,0.74,0.55,2.1554517746974806,1.8975672227398994,1.2963131880852603,-28.8990612232264,212.78576111418508,212.78576111418508,233.91341260646638,233.91341260646638,216.05911088200799,-193.74290808882267,253.91341260646638,,0.8264462809917322,2.2556567190188668,3.769965797844641,,
1619184600,122.81,123.96,122.55,123.68,119.07092098399129,120.98254087997444,119.07092098399129,120.98254087997444,0,0,0,1,1,121.99,112.91000000000001,126.00999999999999,108.89000000000001,116.93,117.92280306200242,115.96719693799757,,,,,4975346,0.72,0.56,1.9761206059556833,1.916203448807785,1.456938957183027,-31.94832342376937,221.2244349526177,221.2244349526177,238.10178262948298,238.10178262948298,216.05911088200799,-193.74290808882267,258.10178262948295,,0.9136481241914697,2.2030289309864197,3.7642588694257535,,
1619443800,123.61,123.62,123.03,123.26,119.07884421878852,121.06308829644604,119.07884421878852,121.06308829644604,0,0,0,0,1,121.99,112.91000000000001,126.00999999999999,108.89000000000001,116.93,117.92094997157001,115.96905002842996,,,,,6907131,0.72,0.55,1.785260841009004,1.7719298789006592,1.5169725018781786,-18.37735418181424,225.32216741370218,225.32216741370218,233.51763233587113,233.51763233587113,216.05911088200799,-193.74290808882267,253.51763233587113,,0.5255498059508454,2.1372454358869852,3.7577879222459836,,
1619530200,122.95,122.965,122.35,122.55,119.08540656800172,121.11407699070305,119.08540656800172,121.11407699070305,0,0,0,0,0,121.99,112.91000000000001,126.00999999999999,108.89000000000001,116.93,117.92340218427734,115.96659781572265,,,,,7034730,0.74,0.57,1.3674160590403606,1.455627301440462,1.270499013255027,-37.6028939412507,197.80638876701715,197.80638876701715,216.1502411981405,216.1502411981405,216.05911088200799,-193.74290808882267,,,1.0753557567917305,2.0956027033734457,3.752428417419901,,
1619616600,122.35,122.49,121.96,122.18,119.09118437705666,121.14792495185195,119.09118437705666,121.14792495185195,0,0,0,0,0,121.99,112.91000000000001,126.00999999999999,108.89000000000001,116.93,117.80690391514386,116.08309608485612,,,,,6788235,0.75,0.56,1.2468370799794382,1.3985033057717522,1.2721491081717948,-48.629306450339165,143.6300875216737,143.6300875216737,191.9768566393182,191.9768566393182,216.05911088200799,-193.74290808882267,,,1.3906856403622356,2.067958896980849,3.747709650632573,,
1619703000,122.31,122.34,121.03,121.69,119.095111081598,121.14433965962246,119.095111081598,121.14433965962246,0,0,0,0,0,121.99,112.91000000000001,126.00999999999999,108.89000000000001,116.93,117.78644217545789,116.1035578245421,,,,,8148869,0.78,0.56,0.374236543080431,1.3870356122707983,1.0537542696221909,-74.92305935662681,84.60842259088278,84.60842259088278,156.18737862317306,156.18737862317306,216.05911088200799,-193.74290808882267,,,2.142626131953433,2.070887023842519,3.7445026905552923,,
1619789400,121.21,121.92,121.11,121.33,119.09918818233407,121.14400084944118,119.09918818233407,121.14400084944118,0,0,0,0,0,121.99,112.91000000000001,126.00999999999999,108.89000000000001,116.93,117.77709599164046,116.11290400835954,,,,,7153422,0.81,0.56,-0.050542540783783216,1.3747504278432674,1.005809880575519,-72.66123114963433,30.435526516053883,30.435526516053883,114.27009458746667,114.27009458746667,216.05911088200799,-193.74290808882267,,,2.0779430789133304,2.0711637318845115,3.741172901121442,,
1620048600,121.99,122.8387,121.82,122.71,119.10466153261912,121.17124003181604,119.10466153261912,121.17124003181604,0,0,0,0,0,127.92999999999999,118.02,131.89999999999998,114.05,121.99,117.79000899413987,116.09999100586012,,,,,13179071,0.76,0.57,0.4021795762843071,1.5610665041846545,1.3768410364909858,-50.4704793270133,20.340695899054335,20.340695899054335,82.96029502466257,82.96029502466257,216.059110882008,-177.2454204329075,,,1.5038809831824171,2.0489173495824686,3.736702787399286,,
1620135000,122.53,122.93,122,122.84,119.1104799910954,121.20439924625464,119.1104799910954,121.20439924625464,0,0,0,0,0,127.92999999999999,118.02,131.89999999999998,114.05,121.99,117.78954530619473,116.10045469380525,,,,,16186498,0.77,0.57,0.2881843718119553,1.4628452838817791,1.4438399007349074,-45.586239392140904,29.0525972993595,29.0525972993595,64.99106244956155,64.99106244956155,216.059110882008,-177.2454204329075,,,1.3583441138421788,2.021836046220104,3.7319508220175535,,
1620221400,123.01,123.44,122.41,123.06,119.11709781329102,121.2521757464015,119.11709781329102,121.2521757464015,0,0,0,0,0,127.92999999999999,118.02,131.89999999999998,114.05,121.99,117.78112101707696,116.10887898292303,,,,,16713749,0.77,0.58,-0.11941160709488548,1.7670027901203362,1.4622129448236738,-34.461026207154276,46.284100476205225,46.284100476205225,58.75540845844278,58.75540845844278,216.059110882008,-177.2454204329075,,,1.0268434670116513,1.9828167293884,3.7265460121174416,,
1620307800,122.36,123.23,121.73,123.22,119.12235735811961,121.27167865830734,119.12235735811961,121.27167865830734,0,0,0,0,0,127.92999999999999,118.02,131.89999999999998,114.05,121.99,117.77987167022492,116.11012832977507,,,,,16114981,0.76,0.57,0.11668189295789679,1.8300030026711265,1.4392621051652201,-52.91259929444912,56.88506813360119,56.88506813360119,58.13196168349558,58.13196168349558,216.059110882008,-177.2454204329075,,,1.576649417852525,1.966888599524248,3.7222505144266025,,
1620394200,123.51,124.72,123.46,124.07,119.50591404908543,121.72514393274125,119.50591404908543,121.72514393274125,0,0,0,0,0,127.92999999999999,118.02,131.89999999999998,114.05,121.99,118.16689172451282,116.48310827548717,,,,,7576917,0.75,0.58,0.12905805247519128,1.896964794250504,1.5040486979806338,-16.50011664734278,69.93228207400536,69.93228207400536,93.53292285502489,93.53292285502489,216.059110882008,-177.2454204329075,,,0.49165793503667243,1.9090364166031666,3.715795783998251,,
1620653400,124.52,125.19,124.18,124.23,119.66906014019483,121.9722525673296,119.66906014019483,121.9722525673296,0,0,0,0,0,127.92999999999999,118.02,131.89999999999998,114.05,121.99,118.40358081452236,116.71641918547766,,,,,8846741,0.76,0.57,0.32412024218680957,1.465113018819095,1.4611702811293972,-1.3507266878302828,88.87579769542205,88.87579769542205,126.76282893825547,126.76282893825547,216.059110882008,-177.2454204329075,,,0.04024792723174527,1.8357505934905618,3.70845203203668,,
1620739800,123.58,124.1,122.606,122.89,119.67496059945518,121.99774227057159,119.67496059945518,121.99774227057159,0,0,0,0,0,127.92999999999999,118.02,131.89999999999998,114.05,121.99,118.42165405254026,116.69834594745974,,,,,11357836,0.76,0.57,0.11383306825098305,1.071907543458644,1.2950597695606687,-43.87160282073034,98.30243751600626,98.30243751600626,117.1557171571747,117.1557171571747,216.059110882008,-177.2454204329075,,,1.3072526764871684,1.8150251849806247,3.703654430926691,,
1620826200,122.23,122.84,121.61,121.73,119.67887915969602,121.98356414231388,119.67887915969602,121.98356414231388,0,0,0,0,0,127.92999999999999,118.02,131.89999999999998,114.05,121.99,118.43496826515032,116.68503173484969,,,,,10946457,0.79,0.57,-0.14995584795297703,1.0531680789748128,0.9917862248537107,-70.77807844231098,75.76960183699971,75.76960183699971,90.79149228967074,90.79149228967074,216.059110882008,-177.2454204329075,,,2.1089913869435764,1.826553271332113,3.7004682909786726,,
1620912600,121.95,123.385,121.76,122.83,119.68308659394239,121.97576554849765,119.68308659394239,121.97576554849765,0,0,0,0,0,127.92999999999999,118.02,131.89999999999998,114.05,121.99,118.44320822256377,116.67679177743624,,,,,11228009,0.77,0.57,0.382393049782349,1.2294107497216997,1.1901713304100816,-66.72589837881975,45.05675213646562,45.05675213646562,75.54657890526903,75.54657890526903,216.059110882008,-177.2454204329075,,,1.9882476052483289,1.8328942256033371,3.697047270627563,,
1620999000,123.54,123.855,123.14,123.45,119.69001529205639,122.02184925247813,119.69001529205639,122.02184925247813,0,0,0,0,0,127.92999999999999,118.02,131.89999999999998,114.05,121.99,118.43996427099103,116.68003572900896,,,,,6590493,0.76,0.57,0.712204392630145,1.4274647420182665,1.1560146266516587,-27.550836274773257,37.443850468923806,37.443850468923806,62.84566942648729,62.84566942648729,216.059110882008,-120.89246096528245,,,0.8774048136520998,1.7954240525856415,3.6914136193648748,,
1621258200,123.31,123.875,123.14,123.22,119.69693014661772,122.06612575238096,119.69693014661772,122.06612575238096,0,0,0,0,0,127.92999999999999,118.02,131.89999999999998,114.05,121.99,118.4262069608809,116.69379303911911,,,,,5997915,0.78,0.57,0.17256427892949996,1.2313143285171617,0.9468346384605562,-39.619044472056395,38.04917036819969,38.04917036819969,54.580169740391426,54.580169740391426,216.059110882008,-120.89246096528245,,,0.8774048136520998,1.7594232981176594,3.6857912241486654,,
1621344600,123.18,123.9689,122.77,123.26,119.70309931715394,122.0943012130719,119.70309931715394,122.0943012130719,0,0,0,0,0,127.92999999999999,118.02,131.89999999999998,114.05,121.99,118.425331460243,116.69466853975702,,,,,9201952,0.76,0.57,0.14216155421831086,1.3385547890338052,0.7627953233414733,-63.19513669693661,38.05057531227561,38.05057531227561,49.070304931019486,49.070304931019486,216.059110882008,-120.89246096528245,,,1.1752394751670352,1.736514128590184,3.6807751367381125,,
1621431000,122.46,123.13,121.59,123.05,119.70692209574105,122.07555998902986,119.70692209574105,122.07555998902986,0,0,0,0,0,127.92999999999999,118.02,131.89999999999998,114.05,121.99,118.4196011773546,116.70039882264541,,,,,10063161,0.77,0.58,-0.0033765545936888974,1.3509685952545158,0.6678128332834916,-122.70046078637158,11.466369828361913,11.466369828361913,36.5356598968003,36.5356598968003,216.059110882008,-120.89246096528245,,,2.125090557836272,1.7517524199331678,3.6776668758412057,,
1621517400,123.01,124.87,123.01,124.34,119.81933146792882,122.21657969022712,119.81933146792882,122.21657969022712,0,0,0,0,0,127.92999999999999,118.02,131.89999999999998,114.05,121.99,118.40794206387326,116.71205793612674,,,,,7522727,0.75,0.58,0.37493798766855563,1.5656625539923164,0.7461398263930602,-66.67928237357215,33.88050995854421,33.88050995854421,35.6506099173816,35.6506099173816,216.059110882008,-120.89246096528245,,,1.0696477400675553,1.725003216801183,3.6724560483971023,,
1621603800,124.75,125.66,124.26,124.36,119.84744027703256,122.31564056548861,119.84744027703256,122.31564056548861,0,0,0,0,0,127.92999999999999,118.02,131.89999999999998,114.05,121.99,118.64303801817373,116.94696198182626,,,,,8423300,0.74,0.57,0.09642574768567715,1.2943783979720354,0.9076309519980865,-5.072526411770435,46.13865177074793,46.13865177074793,67.11473547748058,67.11473547748058,216.059110882008,-120.89246096528245,,,0.08041170794467217,1.6605094321401435,3.6652791366279667,,
1621863000,125,125.2499,124.43,124.48,119.97201182766517,122.51197502223292,119.97201182766517,122.51197502223292,0,0,0,0,0,127.92999999999999,118.02,131.89999999999998,114.05,121.99,118.64185335902167,116.94814664097832,,,,,4958873,0.73,0.57,0.08311341037672544,1.2945398337364926,0.8826448086083268,-2.8106923986592616,60.897147423643794,60.897147423643794,90.41413872943554,90.41413872943554,216.059110882008,-120.89246096528245,,,0.040167095115678945,1.5969665953940861,3.658036155526044,,
1621949400,124.66,124.67,123.97,124.11,119.98001000583167,122.56935247234142,119.98001000583167,122.56935247234142,0,0,0,0,0,127.92999999999999,118.02,131.89999999999998,114.05,121.99,118.64020216884889,116.9497978311511,,,,,6798493,0.71,0.57,0.40950448594836986,1.1148322981748349,0.884340654187692,-34.4548274422199,71.59938559395229,71.59938559395229,93.00386193456929,93.00386193456929,216.059110882008,-120.89246096528245,,,0.4097043701799527,1.5504072924445123,3.651545982128749,,
1622035800,124.08,124.12,122.86,123.39,119.98579659922662,122.58138570872019,119.98579659922662,122.58138570872019,0,0,0,0,0,127.92999999999999,118.02,131.89999999999998,114.05,121.99,118.62991022674437,116.96008977325565,,,,,6848847,0.73,0.57,0.5647078549589004,0.9761050028232212,0.757622120047637,-109.44474599293302,60.61481730529055,60.61481730529055,67.93786283106505,67.93786283106505,216.059110882008,-120.89246096528245,,,1.3014138817480756,1.5406428449662206,3.6468504134966198,,
1622122200,123.65,123.75,123.05,123.12,119.99194745517222,122.60032352406449,119.99194745517222,122.60032352406449,0,0,0,0,0,127.92999999999999,118.02,131.89999999999998,114.05,121.99,118.61822697490399,116.97177302509601,,,,,8103209,0.71,0.57,0.09791837701697742,0.5043923256840561,0.6182020403123398,-96.60863380857687,23.351602998203184,23.351602998203184,53.075776220111095,53.075776220111095,216.059110882008,-120.89246096528245,,,1.1487789203084888,1.5252756322345449,3.641859261662078,,
1622208600,123.59,124.615,123.52,123.6,119.99901569202503,122.63676573880707,119.99901569202503,122.63676573880707,0,0,0,0,0,127.92999999999999,118.02,131.89999999999998,114.05,121.99,118.60083241457284,116.98916758542717,,,,,10059940,0.69,0.57,0.05053069404400454,0.4190111201657533,0.5966033252065338,-64.8561457735903,8.323048426495097,8.323048426495097,38.15820028890576,38.15820028890576,216.059110882008,-120.89246096528245,,,0.7712082262210861,1.4957043614104877,3.6361236951577003,,
1622554200,123.75,123.79,121.465,121.57,120.00200497136163,122.59199649414796,120.00200497136163,122.59199649414796,0,0,0,0,0,127.695,121.715,129.73,119.68,123.75,118.64053174698721,116.94946825301281,,,,,13368331,0.71,0.57,-0.5509814201906456,0.011730399863935122,0.42214190071494034,-214.31507239999405,-33.227365397688715,-33.227365397688715,14.363011726707605,14.363011726707605,216.05911088200799,-184.7100745059809,,,2.422075835475579,1.5320326545110794,3.6336980251083855,,
1622640600,121.68,121.99,121.04,121.33,120.0041476187715,122.53248290614216,120.0041476187715,122.53248290614216,0,0,0,0,0,127.695,121.715,129.73,119.68,123.75,118.61635625549422,116.97364374450576,,,,,13245071,0.71,0.57,-0.6526592133363065,-0.12823761367672362,0.4419074107026774,-214.31507239999405,-77.03221847705869,-77.03221847705869,-16.10206500788116,-16.10206500788116,216.05911088200799,-184.7100745059809,,,2.763496143958867,1.580325340371777,3.6319593600111837,,
1622727000,120.88,122.02,120.61,121.7,120.00543543571702,122.45860906668561,120.00543543571702,122.45860906668561,0,0,0,0,0,127.695,121.715,129.73,119.68,123.75,118.89853429895379,117.31146570104619,,,,,13244609,0.69,0.58,-0.4577913141632373,-0.33573581718747053,0.3924963781432829,-214.31507239999402,-104.78821780336762,-104.78821780336762,-45.66411593970998,-45.66411593970998,216.05911088200799,-184.7100745059809,,,3.1089331619537313,1.6402707451396967,3.6309143526224577,,
1622813400,122.34,122.6999,121.95,122.09,120.00937122905225,122.43965576995284,120.00937122905225,122.43965576995284,0,0,0,0,0,127.695,121.715,129.73,119.68,123.75,119.88133289539121,118.37866710460878,,,,,11229016,0.7,0.58,-0.7557642139374109,-0.15307447754910766,0.49231378743313525,-140.10778634935,-105.99203913042419,-105.99203913042419,-65.77342366994804,-65.77342366994804,216.05911088200799,-184.7100745059809,,,2.0324550128534713,1.6556505203441585,3.627720627667874,,
1623072600,122.39,123.61,122.18,122.53,120.01375410371948,122.43037515152332,120.01375410371948,122.43037515152332,0,0,0,0,0,127.695,121.715,129.73,119.68,123.75,120.2573896141965,118.7526103858035,,,,,13978496,0.69,0.57,-0.6209983340667216,-0.2265467285722215,1.0075915528081199,-127.37071486304525,-79.67346884607939,-79.67346884607939,-70.40677206199183,-70.40677206199183,216.05911088200799,-184.7100745059809,,,1.8476863753213346,1.6631813381864007,3.624164115675174,,
1623159000,122.83,122.9,121.21,122.15,120.01620954007568,122.38379965538515,120.01620954007568,122.38379965538515,0,0,0,0,0,127.695,121.715,129.73,119.68,123.75,120.25708046074907,118.75291953925091,,,,,10799556,0.68,0.57,-0.789358284316259,-0.21925929729394564,0.7439941479103436,-181.08792939224338,-69.61407964740297,-69.61407964740297,-68.02869481822525,-68.02869481822525,216.05911088200799,-184.7100745059809,,,2.626928020565561,1.7009753257306814,3.622171635964665,,
1623245400,122.46,123.535,122.46,123.33,120.02113259793767,122.38758006105631,120.02113259793767,122.38758006105631,0,0,0,0,0,127.695,121.715,129.73,119.68,123.75,120.26741576937836,118.74258423062162,,,,,7965618,0.69,0.57,-0.26340534201749893,0.15401301085938007,1.008050917529773,-111.86471479276216,-57.20705960205158,-57.20705960205158,-32.39301951134878,-32.39301951134878,216.05911088200799,-184.7100745059809,,,1.6227506426735299,1.6979076911009892,3.6181767888252225,,
1623331800,123.63,125.58,123.58,125.44,120.95204385643449,123.34191988571851,120.95204385643449,123.34191988571851,0,0,0,0,0,127.695,121.715,129.73,119.68,123.75,120.29958722458115,118.71041277541883,,,,,9350874,0.7,0.57,0.6806783780998927,0.631138844598162,1.1791601571593888,-102.21584630879308,-31.109757463379175,-31.109757463379175,21.084846813965633,21.084846813965633,216.05911088200799,-184.7100745059809,,,1.4827806122448974,1.6894713350674169,3.6139102629978894,,
1623418200,125.25,125.31,123.92,124.55,120.95800420836969,123.36518577255309,120.95800420836969,123.36518577255309,0,0,0,0,0,127.695,121.715,129.73,119.68,123.75,120.30977757996727,118.7002224200327,,,,,6958093,0.68,0.57,0.47534073451445535,0.5553261401701933,1.0308033972495392,-83.53122924159416,-1.265225623288245,-1.265225623288245,58.42383805689363,58.42383805689363,216.05911088200799,-184.7100745059809,,,1.211734693877548,1.6707365648246768,3.6091107114112355,,
1623677400,124.48,124.68,123.78,124.66,120.96367572843289,123.382103977551,120.96367572843289,123.382103977551,0,0,0,0,0,127.695,121.715,129.73,119.68,123.75,120.30537694703371,118.70462305296627,,,,,5155991,0.69,0.58,0.35170312441954377,0.6498367085396063,1.150855056568517,-91.22489509279366,25.016609397269896,25.016609397269896,77.58027943838619,77.58027943838619,216.05911088200799,-184.7100745059809,,,1.3233418367346912,1.6571132421544812,3.604543740632661,,
1623763800,124.79,124.98,124.17,124.7,120.9701073453591,123.41349989999998,120.9701073453591,123.41349989999998,0,0,0,0,0,127.695,121.715,129.73,119.68,123.75,120.3050151030936,118.70498489690638,,,,,5409192,0.7,0.58,1.0583470418004202,0.38487763241619716,1.0965522812341826,-69.79254022159508,47.43579828269681,47.43579828269681,92.27417605355063,92.27417605355063,216.05911088200799,-184.7100745059809,,,1.0124362244897929,1.6318317904813562,3.5993647046363715,,
1623850200,124.83,125.46,123.87,124.22,120.97593270530842,123.43201755098038,120.97593270530842,123.43201755098038,0,0,0,0,0,127.695,121.715,129.73,119.68,123.75,120.30530925422549,118.7046907457745,,,,,11653343,0.7,0.58,0.9785471559187446,0.26645922790462784,1.0122230863745219,-86.2789670455938,66.4846698923177,66.4846698923177,104.58241311155949,104.58241311155949,216.05911088200799,-184.7100745059809,,,1.2515943877550966,1.6169205197862087,3.594673854852393,,
1623936600,124,125.5,123.98,125.17,120.98196400859452,123.45407960780467,120.98196400859452,123.45407960780467,0,0,0,0,0,127.695,121.715,129.73,119.68,123.75,120.30928398267885,118.70071601732114,,,,,6527291,0.69,0.6,1.1699482310140847,0.40619321592618846,1.1054428141616532,-80.23394387679426,94.5793379545863,94.5793379545863,150.76867407912349,150.76867407912349,216.05911088200799,-184.7100745059809,,,1.163903061224485,1.5991551292543764,3.58981716995004,,
1624023000,124.24,124.41,123.57,123.74,120.98717227231361,123.45935883887115,120.98717227231361,123.45935883887115,0,0,0,0,0,127.695,121.715,129.73,119.68,123.75,120.33119733182996,118.67880266817004,,,,,11152652,0.66,0.59,0.5487850080697755,0.09893726484377892,0.9056403216323489,-102.76539386959332,105.55176360403094,105.55176360403094,127.49661490292024,127.49661490292024,216.05911088200799,-184.7100745059809,,,1.4907525510204118,1.5949040477550052,3.5856232346474832,,
1624282200,123.65,124.965,123.2,124.74,120.99163826177951,123.45006633538601,120.99163826177951,123.45006633538601,0,0,0,0,0,127.695,121.715,129.73,119.68,123.75,120.33544500207076,118.67455499792925,,,,,6655407,0.66,0.6,0.7944654571285278,0.13733226157428377,1.0804415747361131,-123.09865361919142,106.27856175427982,106.27856175427982,107.7321580547776,107.7321580547776,216.05911088200799,-184.7100745059809,,,1.7857142857142818,1.6023868021847807,3.582027012971293,,
1624368600,124.82,125.18,124.4,125.01,120.99846895456318,123.48772647909637,120.99846895456318,123.48772647909637,0,0,0,0,0,127.695,121.715,129.73,119.68,123.75,120.31741858692813,118.69258141307185,,,,,7194053,0.66,0.59,1.0506571097075652,0.16266567960939954,1.1050332581596614,-57.15294632319571,106.90425994092615,106.90425994092615,108.15565631421883,108.15565631421883,216.05911088200799,-184.7100745059809,,,0.8290816326530549,1.5720611092619678,3.5765266226010266,,
1624455000,124.84,125.13,124.44,124.49,121.00536512048812,123.52546269560239,121.00536512048812,123.52546269560239,0,0,0,0,0,127.695,121.715,129.73,119.68,123.75,120.32081460483207,118.68918539516794,,,,,6506579,0.68,0.59,0.4246737906363104,0.33939779154384,0.9252439492972457,-54.954756079996294,100.59518060825128,100.59518060825128,104.8012334967012,104.8012334967012,216.05911088200799,-184.7100745059809,,,0.7971938775510204,1.5416741589987935,3.5709735102233044,,
1624541400,125.22,126.005,124.99,125.13,121.0133354199477,123.5830720016572,121.0133354199477,123.5830720016572,0,0,0,0,0,127.695,121.715,129.73,119.68,123.75,121.24041290325724,119.59458709674273,,,,,7029228,0.69,0.59,-0.11147197969608377,0.7273789577591534,1.1666392260974157,-24.729640235998488,106.22148817378266,106.22148817378266,109.06199752794558,109.06199752794558,216.05911088200799,-184.7100745059809,,,0.35873724489796144,1.4952844760928785,3.5645554557471297,,
1624627800,125.08,126.08,125.01,125.7,121.27165823571468,123.88540654571317,121.27165823571468,123.88540654571317,0,0,0,0,0,127.695,121.715,129.73,119.68,123.75,121.83476892647886,120.26523107352112,,,,,8344223,0.69,0.6,0.41606786788907746,0.6078926416482725,1.180617656888473,-37.71183725195767,113.46138870355307,113.46138870355307,127.94118976309389,127.94118976309389,214.69802705265136,-184.7100745059809,,,0.5489260143198073,1.4581723795527581,3.5585302220979242,,
1624887000,125.83,126.05,125.41,125.89,121.46287639932721,124.12529651862538,121.46287639932721,124.12529651862538,0,0,0,0,0,127.695,121.715,129.73,119.68,123.75,121.83289271096154,120.26710728903846,,,,,4631451,0.69,0.6,0.4474961982425986,0.5175466072007364,1.3158445224973931,-23.542556993542313,124.57352580120074,124.57352580120074,146.7977999964961,146.7977999964961,174.25865548828676,-184.7100745059809,,,0.3812852490269314,1.4159415116890002,3.5521820802935866,,
1624973400,125.9,126.42,125.74,126.03,121.60623468720176,124.32135621883958,121.60623468720176,124.32135621883958,0,0,0,0,0,127.695,121.715,129.73,119.68,123.75,121.98828981546814,120.45171018453186,,,,,6165555,0.68,0.6,0.4842500541891088,0.5977904581228355,1.5371115228434218,-13.735697004324397,136.70717497632373,136.70717497632373,160.9744733265697,160.9744733265697,162.33000361054968,-184.71007450598094,,,0.23010394350551955,1.3694380776425892,3.5455445615387653,,
1625059800,125.9,126.21,125.47,125.95,121.61396568682774,124.36662068084587,121.61396568682774,124.36662068084587,0,0,0,0,0,127.695,121.715,129.73,119.68,123.75,121.98873089264256,120.45126910735742,,,,,8542687,0.69,0.61,0.6322283986261528,0.5719906250423915,1.565705929049359,-26.52410456007423,147.27654383505757,147.27654383505757,168.41528155252522,168.41528155252522,162.33000361054968,-184.71007450598094,,,0.444338649527892,1.3331596686969147,3.539348345930352,,
1625146200,126.04,127.16,125.99,127.07,122.62428434735442,125.41673390148924,122.62428434735442,125.41673390148924,0,0,0,0,0,129.325,123.135,132.23000000000002,120.23,126.04,122.45095491523999,120.89604508475999,,,,,12020983,0.71,0.62,0.6846157655099919,0.8507018062651198,1.7309789957734343,-55.92691363998468,162.81919121760123,162.81919121760123,193.90448598268856,193.90448598268856,197.84425336080182,-184.71007450598094,,,0.8499252380577622,1.3142092988679284,3.5339748731873497,,
1625232600,127.23,128.41,127.005,128.29,123.80802707076646,126.63642908229995,123.80802707076646,126.63642908229995,0,0,0,1,0,129.325,123.135,132.23000000000002,120.23,126.04,123.08536687182851,121.51163312817147,,,,,12328134,0.72,0.63,1.6461007904327174,0.821071057622759,1.762212726846911,-71.0356503591611,181.41073758361614,181.41073758361614,218.593830315646,218.593830315646,227.59533261159044,-184.71007450598088,238.593830315646,,1.001636916361366,1.301951558377475,3.528915256889995,,
1625578200,127.91,128.18,127.2601,128.17,123.81494489679889,126.66129064769996,123.81494489679889,126.66129064769996,0,0,0,1,0,129.325,123.135,132.23000000000002,120.23,126.04,123.08197827968343,121.51502172031655,,,,,11413300,0.71,0.62,1.2305641879345568,0.7915885918470227,1.9147499260482062,-56.93355354466931,196.19298225165358,196.19298225165358,225.75747158772847,225.75747158772847,227.59533261159044,-184.71007450598088,245.75747158772847,,0.8027905526541413,1.28237661697656,3.5234684542841292,,
1625664600,128.18,128.98,127.71,128.98,124.48735325444945,127.35743933173411,124.48735325444945,127.35743933173411,0,0,0,1,0,129.325,123.135,132.23000000000002,120.23,126.04,123.5325988454375,121.95740115456252,,,,,18435650,0.73,0.62,1.4173592664542138,0.9315078145000888,2.162642144394427,-69.83085938224973,206.5067623249012,206.5067623249012,227.13432247139644,227.13432247139644,227.59533261159044,-184.71007450598088,247.13432247139644,,0.9846487827570136,1.270701015634617,3.518395887507851,,
1625751000,127.78,128.37,127.11,128.27,124.49263067052446,127.34846916186218,124.49263067052446,127.34846916186218,0,0,0,1,0,129.325,123.135,132.23000000000002,120.23,126.04,123.62069210580094,122.02930789419904,,,,,8386584,0.74,0.61,1.3551571750291835,0.863690740487673,1.8504781618085742,-102.82181657071396,208.26418884586832,208.26418884586832,211.7790418878026,211.7790418878026,227.59533261159044,-184.71007450598088,231.7790418878026,,1.4498371840595368,1.2777259634159863,3.514262903085377,,
1625837400,128.73,129.105,128.4199,128.71,124.50048855330064,127.39070570453426,124.50048855330064,127.39070570453426,0,0,0,0,0,129.325,123.135,132.23000000000002,120.23,126.04,124.13352119024631,122.56147880975368,,,,,5224302,0.73,0.61,1.291427205603658,1.1236198160583668,1.9788245172474666,-30.797058535430395,213.03764089039973,213.03764089039973,222.58454497946258,222.58454497946258,227.59533261159044,-184.71007450598088,242.58454497946258,,0.43425337261589175,1.244648606914022,3.508109037889634,,
1626096600,128.71,129.6,128.61,128.96,124.50870675798934,127.43866626514077,124.50870675798934,127.43866626514077,0,0,0,0,0,129.325,123.135,132.23000000000002,120.23,126.04,124.38262270310781,122.80737729689218,,,,,9097975,0.71,0.6,1.1713527787433822,1.2368840884267722,2.2319267927855173,-20.34442359955182,220.52567744554727,220.52567744554727,235.50175055584234,235.50175055584234,227.59533261159044,-184.71007450598088,255.50175055584234,,0.2868661808032068,1.2070885117724213,3.5016729882251254,,
1626183000,128.8,129.2552,128.525,128.84,124.51674041082055,127.48144601944897,124.51674041082055,127.48144601944897,0,0,0,0,0,129.325,123.135,132.23000000000002,120.23,126.04,124.75711245690188,123.17788754309812,,,,,9698814,0.69,0.61,1.0637755427046809,1.1111467175753704,2.463739219036184,-25.018142534584737,225.25578928516978,225.25578928516978,234.71601296441483,234.71601296441483,227.59533261159044,-184.71007450598088,254.71601296441483,,0.3527678709877377,1.1735857415455708,3.4953814695093666,,
1626269400,129.13,129.24,128.49,128.72,124.52468878162809,127.52118931280391,124.52468878162809,127.52118931280391,0,0,0,0,0,129.325,123.135,132.23000000000002,120.23,126.04,125.10227200604962,123.51772799395039,,,,,7487030,0.69,0.61,0.9864644534748781,1.569358248535476,2.140061191066397,-26.94261503724498,218.2046620044323,218.2046620044323,222.90541352492394,222.90541352492394,227.59533261159044,-184.71007450598088,242.90541352492394,,0.3799038610637159,1.1424609619188315,3.489156739022962,,
1626355800,128.03,128.59,127.48,128.27,124.53062346937709,127.52016228092924,124.53062346937709,127.52016228092924,0,0,0,0,0,129.325,123.135,132.23000000000002,120.23,126.04,125.86580209727528,124.34419790272469,,,,,8750949,0.69,0.61,0.8504693143026817,1.524752945290243,2.120025115537235,-82.47739297116057,162.73622072192867,162.73622072192867,202.84901592392552,202.84901592392552,227.59533261159044,-184.71007450598088,,,1.1629710032563079,1.1432652772653993,3.4845090152751763,,
1626442200,128.6,129.085,128.18,128.62,124.53793091499271,127.54635199540262,124.53793091499271,127.54635199540262,0,0,0,0,0,129.325,123.135,132.23000000000002,120.23,126.04,125.85941135937256,124.35058864062744,,,,,6511034,0.64,0.61,0.56355295947517,1.5167044305763806,2.0669330504085806,-43.987942917951784,127.52982200137771,127.52982200137771,177.7426179497429,177.7426179497429,227.59533261159044,-184.71007450598088,,,0.6202512017366901,1.1227549213623127,3.4787862224409336,,
1626701400,127.78,128.39,126.23,127.27,124.54136661746027,127.49580877989662,124.54136661746027,127.49580877989662,0,0,0,0,0,129.325,123.135,132.23000000000002,120.23,126.04,125.88036093969534,124.32963906030466,,,,,19460594,0.63,0.61,-0.36338844721314745,1.119573958641075,1.8242861808449151,-151.20855378046173,66.34715867237807,66.34715867237807,140.6107981906213,140.6107981906213,227.59533261159044,-184.71007450598088,,,2.1321135059699072,1.1623376109547674,3.4760955676627696,,
1626787800,127.68,129.55,127.68,128.82,124.54766358725554,127.50354176892029,124.54766358725554,127.50354176892029,0,0,0,0,0,129.325,123.135,132.23000000000002,120.23,126.04,125.89910775322488,124.31089224677508,,,,,15053906,0.64,0.6,0.23188874624426906,1.3551903008032675,1.9286961235552829,-71.48040724167224,47.79643565835474,47.79643565835474,109.67267734653245,109.67267734653245,227.59533261159044,-184.71007450598088,,,1.0079082028221298,1.1562815557338797,3.471164124376375,,
1626874200,129.34,129.38,127.64,129.03,124.60205516049248,127.55692747192079,124.60205516049248,127.55692747192079,0,0,0,0,0,129.325,123.135,132.23000000000002,120.23,126.04,125.88023834237248,124.3297616576275,,,,,8295729,0.62,0.6,0.017912201599685526,1.5025733311132352,1.9393750116570108,-76.39943404445658,46.389336940572186,46.389336940572186,88.5782305445457,88.5782305445457,227.59533261159044,-184.71007450598088,,,1.077268852204914,1.153183018340587,3.466381116839569,,
1626960600,129.14,129.98,128.79,129.98,125.52601218006245,128.5080746567849,125.52601218006245,128.5080746567849,0,0,0,0,0,129.325,123.135,132.23000000000002,120.23,126.04,126.07381889322446,124.5161811067755,,,,,9261132,0.63,0.6,0.6227220491953734,1.454171116394028,1.9687432927805595,-64.92866406652429,64.14694333456191,64.14694333456191,80.43446814121778,80.43446814121778,227.59533261159044,-184.71007450598088,,,0.9155254654562224,1.143863114305906,3.46128450215149,,
1627047000,130.53,131.61,130.37,131.48,126.98141827482547,130.00638286641836,126.98141827482547,130.00638286641836,0,0,0,0,0,129.325,123.135,132.23000000000002,120.23,126.04,126.90655821888089,125.31344178111914,,,,,8303834,0.68,0.6,0.9961602875341513,1.2867732129676936,2.162107153133562,-69.02171547722571,84.25289460677726,84.25289460677726,91.88974753789623,91.88974753789623,290.59829059829025,-184.7100745059809,,,0.8442348646181816,1.1321129868671715,3.4560556317468283,,
1627306200,131.11,131.49,130.1999,130.63,126.98787438416647,130.01447377361765,126.98787438416647,130.01447377361765,0,0,0,0,0,129.325,123.135,132.23000000000002,120.23,126.04,126.91229463105326,125.30770536894677,,,,,6626516,0.66,0.6,0.6084108875009967,1.324142577710038,2.1439910578494557,-79.59882701116773,92.73509739684371,92.73509739684371,109.6995029769766,109.6995029769766,290.59829059829025,-184.7100745059809,,,0.973608153331287,1.1258971110422349,3.451095696725019,,
1627392600,130.45,131.24,130.105,131.24,126.9941298799024,130.01856303739734,126.9941298799024,130.01856303739734,0,0,0,0,0,129.325,123.135,132.23000000000002,120.23,126.04,126.90714384001834,125.31285615998169,,,,,9551785,0.64,0.59,0.897009959529815,1.467489096781455,2.321069119353983,-85.49987277584381,102.00706512388992,102.00706512388992,120.55100057798232,120.55100057798232,290.59829059829025,-184.7100745059809,,,1.0457864313964103,1.1227555157620064,3.4462898840070797,,
1627479000,131.05,132.09,130.715,131.71,127.22329300215655,130.26478862022176,127.22329300215655,130.26478862022176,0,0,0,0,0,129.325,123.135,132.23000000000002,120.23,126.04,127.14684938967574,125.55315061032425,,,,,7432563,0.62,0.59,1.1646987886160347,1.6273441373147017,2.4168985473295868,-61.76277444912807,114.81860706643127,114.81860706643127,140.44169095151398,140.44169095151398,290.59829059829025,-184.7100745059809,,,0.7554475742160842,1.1083512827602056,3.440913575695809,,
1627565400,132.14,132.23,131.64,132.03,127.54060698877201,130.62294883930474,127.54060698877201,130.62294883930474,0,0,0,0,0,129.325,123.135,132.23000000000002,120.23,126.04,127.2130978100752,125.62690218992479,,,,,5662818,0.63,0.59,1.4726857104507298,1.8236697917512605,2.3685831298172797,-24.149850660947106,135.03926465262526,135.03926465262526,175.48057982501325,175.48057982501325,290.59829059829025,-184.7100745059809,,,0.2953874119518403,1.0764703466500736,3.434628808135881,,
1627651800,131.81,132.635,131.63,132.15,127.66447604705115,130.7767103849826,127.66447604705115,130.7767103849826,0,0,0,0,0,129.325,123.135,132.23000000000002,120.23,126.04,127.41394537619148,125.83105462380854,,,,,6634362,0.65,0.6,1.3819573320636171,1.6211491663025328,2.5872977008736995,-32.170561561506254,156.05133398650744,156.05133398650744,198.07547265427183,198.07547265427183,290.59829059829025,-184.7100745059809,,,0.39349224366251245,1.0496868916309536,3.428552611203866,,
1627911000,132.67,132.85,131.94,132.33,127.846569230701,130.99362651576755,127.846569230701,130.99362651576755,0,0,0,1,0,135.95749999999998,129.3475,139.27999999999997,126.02499999999999,132.67,127.50575216502469,125.9542478349753,,,,,8366436,0.65,0.6,2.002081315701357,2.0182718583157904,2.635907685677286,-24.095101509596056,174.8006427656009,174.8006427656009,212.29926032378785,212.29926032378785,290.59829059829025,-184.7100745059809,232.29926032378785,,0.29471775107686443,1.0200802586680482,3.422291202891924,,
1627997400,132.39,134.21,132.3,134.17,129.6296123330419,132.79558023441186,129.6296123330419,132.79558023441186,0,0,0,1,0,135.95749999999998,129.3475,139.27999999999997,126.02499999999999,132.67,128.21534173025287,126.6046582697471,,,,,7701800,0.65,0.59,2.05727993150833,2.162062419756566,2.7776515926963006,-113.94851047694873,194.64140843687238,194.64140843687238,234.32293977941532,234.32293977941532,290.59829059829025,-184.7100745059809,254.32293977941532,,1.3937541924424062,1.0347341384239053,3.418238181892025,,
1628083800,133.65,134.47,133.43,133.6,129.63722030040844,132.82074963698395,129.63722030040844,132.82074963698395,0,0,0,1,0,135.95749999999998,129.3475,139.27999999999997,126.02499999999999,132.67,128.35115697537748,126.7288430246225,,,,,8322214,0.65,0.59,1.7472696247047717,1.9571414077175895,2.3299017197322143,-45.09192393205397,210.97252568850462,210.97252568850462,243.63476019176912,243.63476019176912,290.59829059829025,-184.7100745059809,263.63476019176915,,0.5515390921964528,1.0157853130816523,3.4125105113831427,,
1628170200,133.5,133.52,132.045,133.05,129.64207350660143,132.79116141592576,129.64207350660143,132.79116141592576,0,0,0,0,0,135.95749999999998,129.3475,139.27999999999997,126.02499999999999,132.67,128.35576164794307,126.72423835205693,,,,,8240873,0.66,0.6,1.1648383538206395,1.9578638581208687,2.1644970711876654,-129.486943723807,214.5356773806692,214.5356773806692,221.66198076499833,221.66198076499833,290.59829059829025,-184.7100745059809,241.66198076499833,,1.5838115823209362,1.0380608530518203,3.4088567672691323,,
1628256600,132.99,133.11,132.09,132.94,129.64700602706776,132.76448057608553,129.64700602706776,132.76448057608553,0,0,0,0,0,135.95749999999998,129.3475,139.27999999999997,126.02499999999999,132.67,128.35119891211772,126.72880108788225,,,,,6923733,0.67,0.59,0.5475789371573874,1.7769799845466017,2.317963967155014,-126.74486726847837,184.1137768713195,184.1137768713195,204.39504387755264,204.39504387755264,290.59829059829025,-184.7100745059809,,,1.5502720429305987,1.0581475663803999,3.405143311276448,,
1628515800,133.13,133.7,133.03,133.45,129.6537880330077,132.77534016133708,129.6537880330077,132.77534016133708,0,0,0,0,0,135.95749999999998,129.3475,139.27999999999997,126.02499999999999,132.67,128.35236449536774,126.72763550463226,,,,,9852525,0.68,0.59,1.067223239041163,1.7597658662110736,2.3587645834102737,-69.46593686830035,167.25583016807008,167.25583016807008,192.0153059743918,192.0153059743918,290.59829059829025,-184.7100745059809,,,0.8496683312215745,1.0499719100996616,3.400037467160454,,
1628602200,133.52,133.79,132.625,133.14,129.65975538958511,132.77005035108857,129.65975538958511,132.77005035108857,0,0,0,0,0,135.95749999999998,129.3475,139.27999999999997,126.02499999999999,132.67,128.33099171006836,126.7490082899316,,,,,5832607,0.69,0.59,0.7155565296044873,1.6433978540292256,2.371015856148612,-94.14462496624951,146.94361943962647,146.94361943962647,176.99141046280334,176.99141046280334,290.59829059829025,-184.7100745059809,,,1.1515241857345067,1.0539543522814203,3.395544933131631,,
1628688600,133.35,133.56,131.71,131.82,129.66390093326225,132.72944445496745,129.66390093326225,132.72944445496745,0,0,0,0,0,135.95749999999998,129.3475,139.27999999999997,126.02499999999999,132.67,128.33271092889527,126.7472890711047,,,,,14512544,0.7,0.61,0.04066493093553429,1.2914871926551839,2.024625068323054,-146.20710806263122,90.01583544786617,90.01583544786617,147.99955212449095,147.99955212449095,290.59829059829025,-172.9999632852212,,,1.8334948200044567,1.0845245667019316,3.3924239538846237,,
1628775000,131.95,132.97,131.86,132.86,129.66833489743158,132.69625447634127,129.66833489743158,132.69625447634127,0,0,0,0,0,135.95749999999998,129.3475,139.27999999999997,126.02499999999999,132.67,128.33004979962834,126.74995020037166,,,,,8220335,0.65,0.6,0.3050952966190291,1.5372669547817692,2.2322736865170474,-120.69257666560117,49.01492564583616,49.01492564583616,115.00467663160602,115.00467663160602,290.5982905982903,-116.94804344979588,,,1.7216963553700337,1.1095116956693083,3.3890858368046746,,
1628861400,133.19,133.72,133.03,133.69,129.6750742882459,132.70978959491612,129.6750742882459,132.70978959491612,0,0,0,0,0,135.95749999999998,129.3475,139.27999999999997,126.02499999999999,132.67,128.33175381055304,126.74824618944695,,,,,7923108,0.65,0.59,0.5731791728172383,1.4794189597150558,2.420780402959238,-65.71330493105773,49.128278184026506,49.128278184026506,93.04587714907952,93.04587714907952,290.59829059829025,-89.32302265634138,,,0.8496683312215745,1.099321759808613,3.3840120755547582,,
1629120600,133.69,135.23,133.23,135.21,130.68536650091517,133.71930741030943,130.68536650091517,133.71930741030943,0,0,0,0,0,135.95749999999998,129.3475,139.27999999999997,126.02499999999999,132.67,128.728418708944,127.11158129105597,,,,,8404315,0.63,0.59,1.059356526234381,1.515865375358736,2.578322558464294,-107.1134242303719,73.36280907339021,73.36280907339021,86.48485445718308,86.48485445718308,290.59829059829025,-68.71832900752719,,,1.4643887286443444,1.1136381115276612,3.38017666427222,,
1629207000,134.85,136.81,134.775,136.81,132.23694643161892,135.28181179899056,132.23694643161892,135.28181179899056,0,0,0,0,0,135.95749999999998,129.3475,139.27999999999997,126.02499999999999,132.67,129.5398117313512,127.88018826864882,,,,,13874827,0.64,0.6,0.9470580026232982,1.8732459482781496,2.5653732363029467,-108.80130297025312,92.06701982059826,92.06701982059826,103.23135054742862,103.23135054742862,290.59829059829025,-68.71832900752719,,,1.487464366639863,1.1282979646693163,3.3763950213199077,,
1629293400,136.63,136.78,134.65,134.73,132.241810874313,135.25788192452035,132.241810874313,135.25788192452035,0,0,0,0,0,135.95749999999998,129.3475,139.27999999999997,126.02499999999999,132.67,129.58213672978218,127.83786327021784,,,,,12427698,0.65,0.6,0.40788296805471025,1.2412190438165218,2.2681812951442373,-126.60665610243012,99.22874382417224,99.22874382417224,113.5521918313202,113.5521918313202,290.59829059829025,-29.123736630352482,,,1.578831956728307,1.145965964357904,3.372803486725319,,
1629379800,133.84,136.04,133.8,135.34,132.2449842791595,135.20189047649993,132.2449842791595,135.20189047649993,0,0,0,0,0,135.95749999999998,129.3475,139.27999999999997,126.02499999999999,132.67,129.57123030932215,127.84876969067787,,,,,11669503,0.62,0.6,0.8301176388338349,1.5348033213561645,2.275367495818351,-170.97434611157365,103.53132395828702,103.53132395828702,112.13648422651659,112.13648422651659,290.59829059829025,-29.123736630352482,,,2.200131569329721,1.1873057920038577,3.370460485891362,,
1629466200,135.47,136.52,135,136.11,132.25052496991043,135.19468300683326,132.25052496991043,135.19468300683326,0,0,0,0,0,135.95749999999998,129.3475,139.27999999999997,126.02499999999999,132.67,129.57379779029242,127.8462022097076,,,,,7252909,0.64,0.59,1.162730045127831,1.6185797741714032,2.407559370273378,-102.81181610031547,111.25306049026757,111.25306049026757,126.69653355422868,126.69653355422868,290.59829059829025,-29.123736630352482,,,1.3230027044806683,1.192627239551968,3.3663696611532785,,
1629725400,136.88,136.98,136.12,136.16,132.25826997496557,135.23124053597707,132.25826997496557,135.23124053597707,0,0,0,0,0,135.95749999999998,129.3475,139.27999999999997,126.02499999999999,132.67,129.65950693175435,127.93049306824562,,,,,8471263,0.65,0.59,0.9900564149372353,1.5715422958275846,2.099810719257457,-39.19345475647367,124.60506210887287,124.60506210887287,151.30906534608346,151.30906534608346,290.59829059829025,-29.123736630352482,,,0.5043490972882082,1.16563593985535,3.360651338348353,,
1629811800,136.16,136.18,135.29,135.68,132.26435774724337,135.2341409071152,132.26435774724337,135.2341409071152,0,0,0,0,0,135.95749999999998,129.3475,139.27999999999997,126.02499999999999,132.67,129.660296111104,127.92970388889597,,,,,6548195,0.66,0.59,0.929548934051629,1.493454003392001,1.89849474604418,-86.33920468092839,132.72702715274332,132.72702715274332,148.97095724048424,148.97095724048424,290.59829059829025,-29.123736630352482,,,1.1110298954754845,1.1634945263502572,3.356156590210745,,
1629898200,135.55,135.6217,134.75,135.31,132.26936522427184,135.21596283232637,132.26936522427184,135.21596283232637,0,0,0,0,0,135.95749999999998,129.3475,139.27999999999997,126.02499999999999,132.67,129.65491131281345,127.93508868718652,,,,,6918537,0.66,0.59,1.2918144853735818,1.442230868147365,1.8471486260282795,-117.0123431859944,118.61680034349604,118.61680034349604,128.02361821632755,128.02361821632755,290.59829059829025,-29.123736630352482,,,1.505737884657556,1.1769158345191708,3.3524594499399094,,
1629984600,135.39,135.69,134.52,134.78,132.27390775129626,135.18956821145085,132.27390775129626,135.18956821145085,0,0,0,0,0,135.95749999999998,129.3475,139.27999999999997,126.02499999999999,132.67,129.65730136708225,127.93269863291773,,,,,5972119,0.65,0.59,0.7050506855960517,1.429580531292688,1.7065281027543946,-130.07682810481842,75.19993783401816,75.19993783401816,110.41572475555776,110.41572475555776,290.59829059829025,-29.123736630352482,,,1.6738542504202851,1.1964036155349007,3.3491055933974128,,
1630071000,135.08,135.45,134.41,134.63,132.27822361992506,135.15993808551158,132.27822361992506,135.15993808551158,0,0,0,0,0,135.95749999999998,129.3475,139.27999999999997,126.02499999999999,132.67,129.6573132632003,127.93268673679965,,,,,8679232,0.65,0.6,0.343323452470532,1.317285405599664,1.4783366937218672,-136.3250600225179,33.55304384529437,33.55304384529437,84.7948311188033,84.7948311188033,290.59829059829025,-29.123736630352482,,,1.7542577296981257,1.2182802474628702,3.3459190841792323,,
1630330200,134.51,135.88,134.5,135.39,132.2827088874177,135.1349640429425,132.2827088874177,135.1349640429425,0,0,0,0,0,135.95749999999998,129.3475,139.27999999999997,126.02499999999999,132.67,129.6085143923776,127.98148560762239,,,,,6417153,0.64,0.59,0.06487035314867769,1.7949482321036805,1.6550830300076163,-131.2128702716733,18.324548337297692,18.324548337297692,62.63807019163477,62.63807019163477,290.59829059829025,-29.123736630352482,,,1.6884730648344435,1.2367191814774416,3.342607503721001,,
1630416600,135.42,136.05,134.73,135.21,132.2876401383919,135.11989878635652,132.2876401383919,135.11989878635652,0,0,0,0,0,135.95749999999998,129.3475,139.27999999999997,126.02499999999999,132.67,129.60781028708243,127.98218971291755,,,,,9299100,0.61,0.59,-0.5755787196203617,1.4094819706664037,1.5293650634002556,-118.14838535284927,17.266374086627053,17.266374086627053,47.514171489965534,47.514171489965534,290.59829059829025,-29.123736630352482,,,1.5203566990717143,1.2478422213830993,3.338966642972451,,
1630503000,135.32,135.44,133.965,135.25,132.2910483499036,135.07572432414648,132.2910483499036,135.07572432414648,0,0,0,0,0,139.61499999999998,132.685,142.24999999999997,130.05,135.32,129.90972776401145,128.28027223598855,,,,,10571193,0.6,0.59,0.18992688597624305,1.3695770623924848,1.5955968812925623,-161.60199823502597,-3.2001963737049444,-3.2001963737049444,30.609382202075377,30.609382202075377,290.59829059829025,-29.123736630352482,,,2.0795263504129804,1.280457285266624,3.336450278751553,,
1630589400,135.75,136.72,135.6,136.7,132.29768381773596,135.096758664376,132.29768381773596,135.096758664376,0,0,0,0,0,139.61499999999998,132.685,142.24999999999997,130.05,135.32,129.92222666629644,128.2677733337036,,,,,6848211,0.59,0.59,0.4898213577059027,1.4549802378958303,1.8760605497348786,-68.7305510946864,21.385925020198354,21.385925020198354,27.534896474783036,27.534896474783036,290.59829059829025,-29.123736630352482,,,0.8844382720561421,1.2649271278858207,3.331551153863051,,
1630675800,136.56,137.045,135.91,136.85,132.34352343552,135.1669692138909,132.34352343552,135.1669692138909,0,0,0,0,0,139.61499999999998,132.685,142.24999999999997,130.05,135.32,129.95447664201626,128.30052335798374,,,,,5632771,0.59,0.6,0.2650830408696297,1.149725651736996,1.9514121131386262,-53.37837527091631,36.2707602150406,36.2707602150406,53.74248769555574,53.74248769555574,290.59829059829025,-29.123736630352482,,,0.686883449031785,1.2422587483229173,3.3262671025047466,,
1631021400,136.34,136.56,135.16,136.05,132.34918452755696,135.1673586564834,132.34918452755696,135.1673586564834,0,0,0,0,0,139.61499999999998,132.685,142.24999999999997,130.05,135.32,130.58897313302916,128.91602686697084,,,,,8739238,0.61,0.59,-0.04034765924014637,1.1963849308563463,1.9645066169505645,-95.96750447643474,45.04460055966058,45.04460055966058,62.592281248900534,62.592281248900534,290.59829059829025,-29.123736630352482,,,1.2349287541103382,1.2419712975694828,3.322088604306156,,
1631107800,135.78,136.21,135.42,135.99,132.35534859443496,135.17782694446444,132.35534859443496,135.17782694446444,0,0,0,0,0,139.61499999999998,132.685,142.24999999999997,130.05,135.32,130.9517825669753,129.29321743302472,,,,,6986150,0.63,0.59,0.11463561283371819,1.048432460469518,2.020776189849398,-81.2032730185222,49.548585089360536,49.548585089360536,58.55655414876045,58.55655414876045,290.59829059829025,-29.123736630352482,,,1.0449397150164463,1.2342445688419128,3.317538856275607,,
1631194200,135.8,136.11,134.34,134.42,132.35936408175877,135.14595529958348,132.35936408175877,135.14595529958348,0,0,0,0,0,139.61499999999998,132.685,142.24999999999997,130.05,135.32,130.9391694259826,129.30583057401742,,,,,8905636,0.65,0.62,-0.32360517266946304,0.5844471647489614,1.564988053352595,-185.1623110244646,24.423443703637325,24.423443703637325,41.173537960786135,41.173537960786135,290.59829059829025,-124.7514390371536,,,1.8341249543295512,1.257769289841428,3.314574992335655,,
1631280600,134.9,135.02,133.12,133.19,132.3609583593177,135.06796881724688,132.3609583593177,135.06796881724688,0,0,0,0,0,139.61499999999998,132.685,142.24999999999997,130.05,135.32,130.94544486194332,129.2995551380567,,,,,10561623,0.71,0.6,-0.5739129207131298,0.24677381129050766,1.3663237494358789,-273.1837346132496,-20.422840369337358,-20.422840369337358,20.641411850744973,20.641411850744973,290.5982905982902,-220.25529312848658,,,2.725611983923997,1.3153317484329015,3.3133982430680993,,
1631539800,133.89,133.97,131.7,132.37,132.35974066029806,134.9379112165705,132.35974066029806,134.9379112165705,0,0,0,0,0,139.61499999999998,132.685,142.24999999999997,130.05,135.32,130.95382755806244,129.29117244193753,,,,,11676713,0.71,0.6,-0.8237402796689768,0.04716486497810835,1.2374715554258549,-273.99796174531144,-64.3634754999668,-64.3634754999668,-7.6935505994922835,-7.6935505994922835,290.59829059829025,-221.77789786544218,,,3.7632444282060695,1.4113283241102805,3.3142970366447986,,
1631626200,132.99,133.3,132.12,132.35,132.3593561634743,134.82925979631287,132.3593561634743,134.82925979631287,0,0,0,0,0,139.61499999999998,132.685,142.24999999999997,130.05,135.32,130.95395935919785,129.29104064080215,,,,,10436274,0.72,0.59,-1.1053163129056587,0.004295469504017374,1.2158161351569485,-251.65249690394538,-95.10162598813585,-95.10162598813585,-36.82957572904014,-36.82957572904014,290.59829059829025,-221.77789786544218,,,3.456339057362068,1.491524823453488,3.314580836885992,,
1631712600,132.18,133.83,131.98,133.21,132.35869551179903,134.71943392194765,132.35869551179903,134.71943392194765,0,0,0,0,0,139.61499999999998,132.685,142.24999999999997,130.05,135.32,130.95490423785117,129.29009576214884,,,,,10299867,0.7,0.61,-0.728246185972999,-0.20338186328808977,1.2089690827777917,-259.1009851844012,-107.84067481761268,-107.84067481761268,-60.49994209189765,-60.49994209189765,290.59829059829025,-221.77789786544218,,,3.558640847643409,1.572588196951132,3.3150684692751176,,
1631799000,133.38,133.63,131.96,132.87,132.35799661966755,134.61313847402812,132.35799661966755,134.61313847402812,0,0,0,0,0,139.61499999999998,132.685,142.24999999999997,130.05,135.32,130.94995165927304,129.29504834072696,,,,,10525706,0.7,0.59,-0.8670201632782968,-0.15543373707306096,1.1422351398908475,-260.165054938751,-123.65511767076772,-123.65511767076772,-81.55166728485435,-81.55166728485435,290.59829059829025,-221.77789786544218,,,3.5732553891121563,1.651045733898623,3.31558432725681,,
1631885400,132.76,133.11,132.13,133,132.35763538766022,134.51761147504664,132.35763538766022,134.51761147504664,0,0,0,0,0,139.61499999999998,132.685,142.24999999999997,130.05,135.32,130.92402129007866,129.32097870992135,,,,,13541430,0.73,0.59,-1.3406191437030726,-0.010746491643270592,1.3582682964153583,-251.12046202677053,-150.05812166407273,-150.05812166407273,-104.38715207792714,-104.38715207792714,290.59829059829025,-221.77789786544218,,,3.449031786627694,1.7215549908683905,3.315850955547261,,
1632144600,131.03,132.32,130.01,131.15,132.35308147080178,134.343524750535,132.35308147080178,134.343524750535,0,0,0,0,0,139.61499999999998,132.685,142.24999999999997,130.05,135.32,131.5565466175103,129.8884533824897,,,,,17245017,0.74,0.63,-2.013850045123351,-0.37586665961593335,1.2471798948779533,-273.99796174531144,-187.11809379349256,-187.11809379349256,-131.96413264978227,-131.96413264978227,290.59829059829025,-221.77789786544218,,,4.998173182316408,1.8500498219055677,3.319212238717629,,
1632231000,131.75,132.7,131.33,131.35,132.35114764168927,134.2275120152199,132.35114764168927,134.2275120152199,0,0,0,0,0,139.61499999999998,132.685,142.24999999999997,130.05,135.32,131.57645562843106,129.90854437156895,,,,,11741913,0.74,0.63,-1.6746482274894334,-0.4404173014422192,1.1208259321113578,-221.12116211025054,-197.87076290369055,-197.87076290369055,-153.93300940108503,-153.93300940108503,290.59829059829025,-221.77789786544218,,,4.033613445378139,1.9356797679240998,3.3206396137559118,,
1632317400,131.74,132.2321,130.94,131.57,132.34844624779979,134.1009076224662,132.34844624779979,134.1009076224662,0,1,0,0,0,139.61499999999998,132.685,142.24999999999997,130.05,135.32,131.84924048315926,130.1857595168407,,,,,11964144,0.74,0.62,-1.5780706653894188,-0.3305533962944182,1.064522466435876,-236.74385291151881,-193.93385177519596,-193.93385177519596,-167.26662352578867,-167.26662352578867,290.59829059829025,-221.77789786544218,,,4.318597004018996,2.029127502672919,3.322633534615578,,
1632403800,131.87,133.29,131.77,132.52,132.34739200954246,134.01149163727143,132.34739200954246,134.01149163727143,0,0,0,0,0,139.61499999999998,132.685,142.24999999999997,130.05,135.32,131.86286246610757,130.19213753389243,,,,,10366547,0.74,0.61,-0.6920535372097643,0.1501087775594506,1.231772409906064,-203.49556223189722,-164.0833349840867,-164.0833349840867,-157.7167579006827,-157.7167579006827,290.59829059829025,-221.77789786544218,,,3.7120935330653886,2.0951261705314472,3.3234116764706227,,
1632490200,132.3,132.79,131.7,131.98,132.3462014161168,133.92286451424118,132.3462014161168,133.92286451424118,0,0,0,0,0,139.61499999999998,132.685,142.24999999999997,130.05,135.32,132.0658594460127,130.38914055398726,,,,,6962579,0.73,0.61,-0.4435601562855612,-0.18670956757541077,1.1513618714560077,-206.29963493981796,-151.31636868281444,-151.31636868281444,-125.78243608026992,-125.78243608026992,290.59829059829025,-221.77789786544218,,,3.7632444282060695,2.1605425727931973,3.324290463187377,,
1632749400,131.6,131.76,129.82,130.1,132.3412945201805,133.76472472936896,132.3412945201805,133.76472472936896,0,0,0,0,0,139.61499999999998,132.685,142.24999999999997,130.05,135.32,132.1318306306027,130.38316936939728,,,,,11631377,0.74,0.61,-0.816083851684012,-0.7377910692375972,0.9088343648186402,-273.99796174531144,-145.46434871986966,-145.46434871986966,-133.7603087939801,-133.7603087939801,290.59829059829025,-221.77789786544218,,,5.137011326269639,2.277266837635411,3.327912283093635,,
1632835800,129.27,129.271,127.43,127.87,132.3316699557046,133.5199982693937,132.3316699557046,133.5199982693937,0,1,0,0,0,139.61499999999998,132.685,142.24999999999997,130.05,135.32,132.17926257297705,130.33573742702293,,,,,17433739,0.76,0.63,-1.557102191363307,-1.4417490280518561,0.4353170076366761,-273.99796174531144,-154.89877883018966,-154.89877883018966,-148.60915875664298,-148.60915875664298,290.59829059829025,-221.77789786544218,,,6.883449031786619,2.4579014334844778,3.3350162526214935,,
1632922200,128.44,129.48,128.18,128.88,132.32354813761128,133.31398657255474,132.32354813761128,133.31398657255474,0,0,0,0,0,139.61499999999998,132.685,142.24999999999997,130.05,135.32,132.44943904537513,130.58556095462484,,,,,11171392,0.76,0.62,-1.4930404450595767,-1.537146361884119,0.5564894959296847,-252.1828374025318,-160.4644730630413,-160.4644730630413,-152.56093019210908,-152.56093019210908,290.59829059829025,-221.77789786544218,,,6.335403726708065,2.6099603469442263,3.3410110327894986,,
1633008600,129.31,130.12,127.19,127.3,132.31348430516852,133.07761847167026,132.31348430516852,133.07761847167026,0,0,0,0,0,139.61499999999998,132.685,142.24999999999997,130.05,135.32,132.5823197089693,130.69268029103068,,,,,21653745,0.74,0.62,-1.8942592996984815,-1.4387159041739994,0.34122389955411053,-273.99796174531144,-163.21378382758348,-163.21378382758348,-156.1118814039339,-156.1118814039339,290.59829059829025,-221.77789786544218,,,7.058823529411762,2.7844255697860905,3.3484392295859466,,
1633095000,127.47,127.93,125.28,127.33,132.29966255830504,132.77636676689886,132.29966255830504,132.77636676689886,0,0,0,0,0,132.39749999999998,122.2625,137.325,117.33500000000001,127.47,132.0904581124178,130.2345418875822,,,,,23188944,0.74,0.64,-1.9511260995623165,-1.5638663574533336,0.3958054426403982,-273.99796174531144,-175.68391322201518,-175.68391322201518,-162.635892009961,-162.635892009961,290.59829059829025,-221.77789786544218,,,8.454512239678476,3.0067819097818704,3.3586411736620554,,
1633354200,126.81,127.46,124.76,125.39,132.28483985589085,132.46674061917736,132.28483985589085,132.46674061917736,0,1,0,0,0,132.39749999999998,122.2625,137.325,117.33500000000001,127.47,131.86153056519845,129.94346943480156,,,,,27580669,0.77,0.66,-1.9797883118635826,-2.049786797167951,0.24355292191285635,-247.78871966840882,-199.54633377960016,-199.54633377960016,-174.9393725998407,-174.9393725998407,241.58700791448229,-221.77789786544216,,,8.834490317866269,3.2353194944126313,3.369581931192933,,
1633440600,125.9,127.42,125.73,126.14,132.27196545058436,132.20691549685665,132.27196545058436,132.20691549685665,0,0,0,0,0,132.39749999999998,122.2625,137.325,117.33500000000001,127.47,131.86091203709856,129.94408796290145,,,,,19152027,0.76,0.65,-1.7960689063822346,-1.923857495265183,0.3702307012643463,-227.9082351292561,-204.2391076578762,-204.2391076578762,-184.7059509525192,-184.7059509525192,241.58700791448229,-221.77789786544216,,,8.125685056631342,3.427098536068267,3.3790846347402628,,
1633527000,125.44,126.02,124.5,125.91,132.25668380133246,131.90952665384268,132.25668380133246,131.90952665384268,0,0,0,0,0,132.39749999999998,122.2625,137.325,117.33500000000001,127.47,131.72644617254284,129.81855382745712,,,,,21322290,0.76,0.67,-1.9516692248546272,-1.8861001903383703,0.28263042519165266,-238.1131995215851,-210.5508376336834,-210.5508376336834,-193.32091317957392,-193.32091317957392,241.58700791448229,-221.77789786544216,,,9.024479356960171,3.646603666299322,3.390364144674768,,
1633613400,126.78,128.4,126.54,127.58,132.24546784968143,131.70300011839788,132.24546784968143,131.70300011839788,0,0,0,0,0,132.39749999999998,122.2625,137.325,117.33500000000001,127.47,131.74979659155488,129.79520340844508,,,,,15806657,0.76,0.66,-1.6634394570243207,-1.4718055951900895,0.7353401471534777,-194.9058467896735,-186.2435439590665,-186.2435439590665,-172.08880551805163,-172.08880551805163,241.58700791448229,-221.77789786544216,,,7.533796127146503,3.7990425863325448,3.398642730054332,,
1633699800,127.76,128,126.68,126.94,132.23455123060114,131.51000795689208,132.23455123060114,131.51000795689208,0,0,0,0,0,132.39749999999998,122.2625,137.325,117.33500000000001,127.47,131.75240461366135,129.7925953863386,,,,,9552253,0.76,0.65,-1.6991979331639624,-1.4943472958267396,0.68579603151626,-161.50170149168392,-168.13406670699084,-168.13406670699084,-131.91511220283948,-131.91511220283948,241.58700791448229,-221.77789786544216,,,7.431494336865171,3.9414916745887263,3.4067003756223855,,
1633959000,126.83,127.5,125.91,125.95,132.22213334602452,131.29468999779826,132.22213334602452,131.29468999779826,0,0,0,0,0,132.39749999999998,122.2625,137.325,117.33500000000001,127.47,131.7601611663167,129.78483883368327,,,,,7843732,0.76,0.66,-1.4108037708776402,-1.6463154871331154,0.5148407434256458,-153.70431662460192,-150.14553035063267,-150.14553035063267,-114.16845763791636,-114.16845763791636,241.58700791448229,-221.77789786544216,,,7.994154183412494,4.100419616111227,3.415866117496092,,
1634045400,126.35,126.48,125.025,125.34,132.20798972295555,131.05345705670814,132.20798972295555,131.05345705670814,0,0,0,0,0,132.39749999999998,122.2625,137.325,117.33500000000001,127.47,131.7628554276183,129.78214457238167,,,,,13007521,0.77,0.66,-0.8820846106066119,-1.9106328276580986,0.39558553401378516,-172.3383330921048,-138.89562459902203,-138.89562459902203,-116.3958130958007,-116.3958130958007,241.58700791448229,-221.77789786544216,,,8.64084764340518,4.278475617181578,3.4263056410243817,,
1634131800,125.55,126.105,124.765,125.54,132.19336007315943,130.81159011330783,132.19336007315943,130.81159011330783,0,0,0,0,0,132.39749999999998,122.2625,137.325,117.33500000000001,127.47,131.76205617335256,129.7829438266474,,,,,10610423,0.77,0.67,-1.155113092833035,-1.840435496863129,0.3649777373083817,-177.81273341024138,-132.70417142461025,-132.70417142461025,-120.32126507578671,-120.32126507578671,241.58700791448229,-221.77789786544216,,,8.830836682499083,4.456999580527363,3.437103904843512,,
1634218200,126.84,127.84,126.84,127.34,132.18286404903722,130.65976697160946,132.18286404903722,130.65976697160946,0,0,0,0,0,132.39749999999998,122.2625,137.325,117.33500000000001,127.47,131.78925179680812,129.75574820319184,,,,,8857911,0.75,0.67,0.013735618391834176,-1.4760300909150146,0.6191120554264958,-134.12280779434428,-116.62497413127238,-116.62497413127238,-84.46657954459663,-84.46657954459663,241.58700791448229,-221.77789786544216,,,7.314578005115083,4.569061479530803,3.4448511058430555,,
1634304600,128,128.55,127.73,127.97,132.17414943555264,130.54845061978165,132.17414943555264,130.54845061978165,0,0,0,0,0,132.39749999999998,122.2625,137.325,117.33500000000001,127.47,131.7777239695501,129.7672760304499,,,,,8976053,0.76,0.67,0.21948753358577927,-1.6100735856486152,0.5476317480829551,-111.13708634520334,-89.8256366040253,-89.8256366040253,-36.226961549531126,-36.226961549531126,241.58700791448229,-221.77789786544216,,,6.664230909755199,4.651224986598426,3.4512834331235993,,
1634563800,127.41,127.54,126.55,127.1,132.16311816794914,130.39568785037844,132.16311816794914,130.39568785037844,0,0,0,0,0,132.39749999999998,122.2625,137.325,117.33500000000001,127.47,131.76380247813586,129.78119752186413,,,,,11660799,0.76,0.68,0.5947674974650887,-1.7939618615335393,0.1923821648022961,-136.02167114356024,-63.19676530527853,-63.19676530527853,-9.939022707784968,-9.939022707784968,241.58700791448229,-221.77789786544216,,,7.5264888564121275,4.763980432473473,3.4594257017015986,,
1634650200,127.79,129.1,127.79,128.77,132.1545616880931,130.29705695428518,132.1545616880931,130.29705695428518,0,0,0,0,0,132.39749999999998,122.2625,137.325,117.33500000000001,127.47,131.7868847438259,129.75811525617405,,,,,9486966,0.76,0.67,0.8961545392325622,-1.3278597076362022,0.4854309376391407,-100.11052665410438,-33.85425060324616,-33.85425060324616,24.830778800818603,24.830778800818603,241.58700791448229,-221.77789786544216,,,6.620387285348913,4.836780701213686,3.4657413092613334,,
1634736600,129.54,130.8025,129.42,130.61,132.14924647992507,130.26557628941126,132.14924647992507,130.26557628941126,0,0,0,0,0,132.39749999999998,122.2625,137.325,117.33500000000001,127.47,131.806389869681,129.73861013031896,,,,,13665717,0.77,0.65,1.5786708133366634,-0.9659810800005395,0.6728566270684385,-65.6115502384198,1.7777176051885561,1.7777176051885561,73.041654022058,73.041654022058,241.58700791448229,-221.77789786544216,,,5.429302155644872,4.860016836681576,3.4696645077556063,,
1634823000,130.88,131.215,129.93,131.14,132.14495068276238,130.25513016041472,132.14495068276238,130.25513016041472,0,0,0,0,0,132.39749999999998,122.2625,137.325,117.33500000000001,127.47,131.79118227411223,129.75381772588773,,,,,8267518,0.77,0.64,1.2109548235062413,-0.6113780839992072,0.7470655336898764,-54.81739197338911,38.19787114180072,38.19787114180072,111.03817821502504,111.03817821502504,241.58700791448229,-221.77789786544216,,,5.056631348191441,4.867727209681963,3.47283527067356,,
1634909400,131.02,131.72,130.82,131.67,132.14242390817145,130.2796466247122,132.14242390817145,130.2796466247122,0,0,0,0,0,132.39749999999998,122.2625,137.325,117.33500000000001,127.47,131.78761993962075,129.75738006037923,,,,,8009739,0.77,0.65,1.616647999868595,-0.28586709225412305,0.8673538601350133,-35.98052755010127,70.69954779256108,70.69954779256108,135.7029010940818,135.7029010940818,241.58700791448229,-221.77789786544216,,,4.406284252831568,4.849631407452535,3.4747003036049446,,
1635168600,131.73,131.9746,130.71,131.83,132.13968459966364,130.2989310708019,132.13968459966364,130.2989310708019,0,0,0,0,0,132.39749999999998,122.2625,137.325,117.33500000000001,127.47,131.78500252926597,129.759997470734,,,,,10629842,0.78,0.64,2.0264063067323286,-0.10223296058300368,0.7698393328190907,-26.98954912461299,98.20786713885171,98.20786713885171,153.224505831433,153.224505831433,241.58700791448229,-221.77789786544216,,,4.486664230909746,4.835397400529288,3.4767222095536057,,
1635255000,132.13,132.86,131.41,132.48,132.1383353796843,130.34463573469202,132.1383353796843,130.34463573469202,0,0,0,0,0,132.39749999999998,122.2625,137.325,117.33500000000001,127.47,131.78650170901855,129.7584982909814,,,,,9271663,0.77,0.64,2.470016476169689,0.02458952322411909,1.0208722413717284,-22.653405072042382,126.64661663388242,126.64661663388242,183.52411562394383,183.52411562394383,241.58700791448229,-221.77789786544216,,,3.975155279503104,4.801662415391006,3.477718079823235,,
1635341400,132.69,132.83,131.39,131.43,132.13694929500957,130.3877715882335,132.13694929500957,130.3877715882335,0,0,0,0,0,132.39749999999998,122.2625,137.325,117.33500000000001,127.47,131.79418780259948,129.75081219740048,,,,,11851449,0.76,0.64,2.0214722328988812,-0.3323970466218036,0.7702535933940154,-21.625251520962554,150.0756323633655,150.0756323633655,196.93366382233162,196.93366382233162,212.4403739744351,-221.77789786544218,,,3.989769820971873,4.769823490119668,3.4787411602251304,,
1635427800,131.67,133.04,131.665,132.53,132.1361099357788,130.4398923102636,132.1361099357788,130.4398923102636,0,0,0,1,0,132.39749999999998,122.2625,137.325,117.33500000000001,127.47,131.8032921850355,129.74170781496446,,,,,9282753,0.77,0.65,1.7491797837073484,-0.06340496857879707,0.8605651758535513,-17.154848949519657,174.34236604564816,174.34236604564816,222.87583341021354,222.87583341021354,212.4403739744351,-221.77789786544218,242.87583341021354,,3.7888198757763996,4.731352760145422,3.47936069811834,,
1635514200,132.36,133.99,131.855,133.82,132.13564807776524,130.49734555299833,132.13564807776524,130.49734555299833,0,0,0,0,0,132.39749999999998,122.2625,137.325,117.33500000000001,127.47,131.81509061028694,129.72990938971301,,,,,15415091,0.78,0.65,1.961677733914785,0.1527501166464323,1.0720274072530096,-38.594597677709146,199.23704005261422,199.23704005261422,249.0263880665463,249.0263880665463,212.4403739744351,-221.77789786544218,269.0263880665463,,3.6499817318231673,4.688946053152393,3.4797015992845832,,
1635773400,133.94,134.49,133.15,133.66,132.13774868100649,130.60282219797878,132.13774868100649,130.60282219797878,0,0,0,1,0,138.735,129.195,143.48000000000002,124.44999999999999,133.94,131.79038989147887,129.7546101085211,,,,,14356751,0.77,0.64,2.27064237682955,0.4861107767206268,0.999670282414686,-13.159481142017606,220.57623012132566,220.57623012132566,263.2546102587486,263.2546102587486,212.4403739744351,-221.77789786544218,283.2546102587486,,2.703690171720854,4.611092881331548,3.4781511269018384,,
1635859800,134.18,135.165,133.01,134.5,132.13956816416132,130.69872720982275,132.13956816416132,130.69872720982275,0,0,0,1,0,138.735,129.195,143.48000000000002,124.44999999999999,133.94,131.7931381609755,129.75186183902446,,,,,20851468,0.78,0.64,1.9633973372467572,0.6109253139832062,1.029661350090192,-29.117157320901196,235.54409107615123,235.54409107615123,265.47981298580237,265.47981298580237,212.4403739744351,-221.77789786544218,285.47981298580237,,2.805991962002195,4.5403046099852995,3.4768081515473934,,
1635946200,134.24,135.34,133.74,135.29,132.1428279680291,130.81921241728068,132.1428279680291,130.81921241728068,0,0,0,1,0,138.735,129.195,143.48000000000002,124.44999999999999,133.94,131.79494124361514,129.75005875638482,,,,,14610094,0.81,0.67,1.577105185057246,0.7184832928550984,1.095485418617776,-30.112789639927225,245.7294318431056,245.7294318431056,266.10011337701434,266.10011337701434,212.4403739744351,-221.77789786544218,286.10011337701434,,2.2725611983923897,4.451373495805186,3.4744020637289017,,
1636032600,134.98,135.19,133.43,134.36,132.14546807198911,130.9229374205246,132.14546807198911,130.9229374205246,0,0,0,1,0,138.735,129.195,143.48000000000002,124.44999999999999,133.94,131.80149505168689,129.74350494831305,,,,,15818549,0.79,0.67,1.0746153209841098,0.3508391936399208,0.9642333450667235,-36.135347567912774,247.5695314509589,247.5695314509589,251.24973066666544,251.24973066666544,212.4403739744351,-221.77789786544218,271.2497306666654,,2.499086591158193,4.374813225034715,3.472453381466023,,
1636119000,133.15,133.7,131.895,132.86,132.14506663727983,130.96300065893539,132.14506663727983,130.96300065893539,0,0,0,0,0,138.735,129.195,143.48000000000002,124.44999999999999,133.94,131.81627537292738,129.72872462707258,,,,,14867391,0.77,0.66,0.3910515405050475,0.16656655210385876,0.79128420374374,-65.95672311455066,192.27805198746506,192.27805198746506,229.13903829646094,229.13903829646094,212.4403739744351,-221.77789786544218,,,3.62075264888563,4.345242222048476,3.4727496836986296,,
1636381800,133.1,133.82,132.58,133.65,132.14602094969285,131.02808690760457,132.14602094969285,131.02808690760457,0,0,0,0,0,138.735,129.195,143.48000000000002,124.44999999999999,133.94,131.82014553647028,129.7248544635297,,,,,8948840,0.78,0.65,0.5985183328593295,0.682984347607458,0.7483106576790427,-52.648812854324554,141.14284672749307,141.14284672749307,199.8069744401383,199.8069744401383,212.4403739744351,-221.77789786544218,,,3.1202046035805493,4.297201531128166,3.472045297924168,,
1636468200,133.69,133.81,132.9,133.16,132.14760632242076,131.10304428377697,132.14760632242076,131.10304428377697,0,0,0,0,0,138.735,129.195,143.48000000000002,124.44999999999999,133.94,131.80878969526205,129.73621030473794,,,,,7287021,0.78,0.64,0.22525681230016587,1.0482037767877859,0.5553083988003201,-46.431978864146096,97.16807778815583,97.16807778815583,165.5940088894775,165.5940088894775,212.4403739744351,-221.77789786544218,,,2.886371940080372,4.24187488049884,3.4708751213850197,,
1636554600,133.12,134.08,133.1,133.54,132.14958413196635,131.18282686088375,132.14958413196635,131.18282686088375,0,0,0,0,0,138.735,129.195,143.48000000000002,124.44999999999999,133.94,131.80190029997044,129.74309970002952,,,,,8445219,0.79,0.66,0.7079247612861091,0.9205320578400674,0.6158370342807609,-42.54645762028469,70.34030865228713,70.34030865228713,133.8427754770807,133.8427754770807,212.4403739744351,-221.77789786544218,,,2.740226525392766,4.182986709710367,3.46941528403039,,
1636641000,133.52,133.61,132.83,133.15,132.1510239239105,131.24899835653537,132.1510239239105,131.24899835653537,0,0,0,0,0,138.735,129.195,143.48000000000002,124.44999999999999,133.94,131.7979269989429,129.74707300105706,,,,,8597304,0.78,0.65,0.20607336121817224,1.1687219437805216,0.47471919329227824,-47.79191129949753,32.67346070052413,32.67346070052413,100.11967055156184,100.11967055156184,212.4403739744351,-221.77789786544218,,,2.9375228352210314,4.1341449891421576,3.468352561854947,,
1636727400,134,134.12,133.07,133.81,132.15293556442217,131.32189253863203,132.15293556442217,131.32189253863203,0,0,0,0,0,138.735,129.195,143.48000000000002,124.44999999999999,133.94,131.78395735487345,129.7610426451265,,,,,8317641,0.78,0.65,-0.0032934939584652735,1.2949754526919997,0.6345141505762119,-43.12928580686396,36.83259972925538,36.83259972925538,79.02398027745969,79.02398027745969,212.4403739744351,-221.77789786544218,,,2.762148337595909,4.080341198885442,3.46694156440388,,
1636986600,134.12,134.19,132.85,132.98,132.1544082206371,131.38338694888174,132.1544082206371,131.38338694888174,0,0,0,0,0,138.735,129.195,143.48000000000002,124.44999999999999,133.94,131.7689846401075,129.77601535989245,,,,,6268910,0.76,0.66,-0.2236242510771421,1.5361360785308023,0.4860777850404109,-47.40335917511172,17.00494843460619,17.00494843460619,58.35096966317519,58.35096966317519,212.4403739744351,-221.77789786544218,,,2.922908293752284,4.034951673193945,3.4658545848421385,,
1637073000,132.95,134.265,132.72,133.54,132.15562079162484,131.43742275480795,132.15562079162484,131.43742275480795,0,0,0,0,0,138.735,129.195,143.48000000000002,124.44999999999999,133.94,131.7405893798511,129.80441062014887,,,,,6150892,0.77,0.66,-0.31381139173068745,1.4891485465923755,0.5204858833811998,-49.92894798362169,14.259840174838562,14.259840174838562,43.65392650039632,43.65392650039632,212.4403739744351,-221.77789786544218,,,3.0179028132992296,3.9950674041784664,3.4649595763075873,,
1637159400,133.69,134.25,133.11,133.73,132.15760236846475,131.50448068599195,132.15760236846475,131.50448068599195,0,0,0,0,0,138.735,129.195,143.48000000000002,124.44999999999999,133.94,131.73786441374634,129.80713558625362,,,,,8229054,0.77,0.65,-0.5069730690861254,1.5765650328890337,0.5562408454441509,-42.35218155809124,28.918213646017932,28.918213646017932,38.74202221560352,38.74202221560352,212.4403739744351,-221.77789786544218,,,2.732919254658371,3.945571398314933,3.463496958282314,,
1637245800,133.87,134.12,133.32,133.78,132.15999537072554,131.5770618355609,132.15999537072554,131.5770618355609,0,0,0,0,0,138.735,129.195,143.48000000000002,124.44999999999999,133.94,131.73300089819634,129.81199910180362,,,,,9029418,0.78,0.65,-0.1897978133271603,1.2336207634608398,0.576124623369897,-38.272384252036936,42.35351689942636,42.35351689942636,49.57650626707205,49.57650626707205,212.4403739744351,-221.77789786544218,,,2.579466569236391,3.8919986599196963,3.461730663798706,,
1637332200,134.18,134.63,132.855,132.97,132.16146381154329,131.62874372436244,132.16146381154329,131.62874372436244,0,0,0,0,0,138.735,129.195,143.48000000000002,124.44999999999999,133.94,131.737590783431,129.80740921656897,,,,,10166202,0.78,0.66,0.0362531668291341,1.2008968435293046,0.5348093864769065,-47.30622114401527,34.18298285008875,34.18298285008875,39.63000554964716,39.63000554964716,212.4403739744351,-221.77789786544218,,,2.9192546583850967,3.853851836330104,3.4606467956560216,,
1637591400,133.16,133.62,132.2,132.37,132.1616337140177,131.65296946066195,132.1616337140177,131.65296946066195,0,0,0,0,0,138.735,129.195,143.48000000000002,124.44999999999999,133.94,131.73860566376888,129.80639433623108,,,,,11146204,0.79,0.66,-0.42119322612700666,1.29424531126629,0.4274072445712338,-59.69829300880251,-8.956857391346333,-8.956857391346333,23.434384569315995,23.434384569315995,212.4403739744351,-219.36916925810618,,,3.3978808914870338,3.835970622806846,3.4605213892540854,,
1637677800,131.75,132.645,131.35,132.51,132.16012195834537,131.64324516808696,132.16012195834537,131.64324516808696,0,0,0,0,0,138.735,129.195,143.48000000000002,124.44999999999999,133.94,131.73810015615302,129.80689984384694,,,,,12075241,0.78,0.66,-0.21644740531617684,1.464473953187192,0.6085507500410566,-76.12015354520437,-51.37048727321931,-51.37048727321931,-1.5005727115291059,-1.5005727115291059,212.4403739744351,-219.36916925810618,,,4.01899890390939,3.843148202457926,3.461637228444206,,
1637764200,132.26,132.7,131.8,132.46,132.15950333305395,131.65137280855413,132.15950333305395,131.65137280855413,0,0,0,0,0,138.735,129.195,143.48000000000002,124.44999999999999,133.94,131.73625630912778,129.80874369087215,,,,,6760796,0.78,0.65,-0.3586519944087104,1.4113158189470747,0.4176934843847524,-67.42622737887359,-78.4078143403832,-78.4078143403832,-27.136319921147138,-27.136319921147138,212.4403739744351,-219.36916925810618,,,3.6901717208622453,3.837149124748292,3.4620938408166695,,
1637937000,132.94,133.72,131.5099,131.97,132.1583121196013,131.64791901214025,132.1583121196013,131.64791901214025,0,0,0,0,0,138.735,129.195,143.48000000000002,124.44999999999999,133.94,131.73779848599878,129.80720151400118,,,,,11896923,0.78,0.65,-0.3937893209340731,0.932778690618577,0.33748810958904346,-73.0309117807684,-97.12984916555232,-97.12984916555232,-50.467496335948866,-50.467496335948866,212.4403739744351,-219.36916925810618,,,3.9021556448666472,3.839698400047051,3.4629730851804057,,
1638196200,132.69,133.22,132.19,132.33,132.15846853894277,131.67100454107592,132.15846853894277,131.67100454107592,0,0,0,0,0,138.735,129.195,143.48000000000002,124.44999999999999,133.94,131.73410173671343,129.81089826328653,,,,,17137200,0.78,0.65,-0.4928200845055216,0.8764617065881052,0.26852537334756005,-59.89149136805412,-100.80682192740242,-100.80682192740242,-67.24727153310005,-67.24727153310005,212.4403739744351,-219.36916925810618,,,3.4051881622214077,3.8226587828774177,3.4628576307888794,,
1638282600,131.57,132.17,129.54,129.73,131.38233634066657,130.8504494104545,131.38233634066657,130.8504494104545,0,0,0,0,0,138.735,129.195,143.48000000000002,124.44999999999999,133.94,131.78539726361785,129.75960273638208,,,,,19467132,0.79,0.65,-1.0496359494739094,0.5130872642927459,-0.19054552899286362,-129.09308243581617,-131.68360155152945,-131.68360155152945,-88.72604820590985,-88.72604820590985,212.4403739744351,-289.35185185184616,,,4.785005512679176,3.860397870320624,3.4654992848985504,,
1638369000,130.35,132.09,129.48,129.5,131.320839812582,130.7438153304448,131.320839812582,130.7438153304448,0,0,0,0,0,133.25,126.63999999999999,136.15,123.73999999999998,130.35,131.78543398676484,129.75956601323512,,,,,22241709,0.8,0.66,-1.29930415670374,0.14056861689980146,-0.12383833278346264,-130.4401406873204,-153.82399285471965,-153.82399285471965,-110.42536308884644,-110.42536308884644,212.4403739744351,-289.35185185184616,,,4.787116699757349,3.8967397852004955,3.4681398791340325,,
1638455400,129.46,130.66,128.84,130.13,130.64139675117124,130.02508170824814,130.64139675117124,130.02508170824814,0,0,0,0,0,133.25,126.63999999999999,136.15,123.73999999999998,130.35,131.77211940206286,129.7728805979371,,,,,17531246,0.79,0.66,-1.1538475207699623,-0.09094502478402643,-0.12083987502211939,-144.80876203669789,-163.81699548360746,-163.81699548360746,-128.2225738871001,-128.2225738871001,212.4403739744351,-289.35185185184616,,,4.767536403281831,3.9308886721840772,3.4707360759854766,,
1638541800,131.04,131.54,129.29,130.37,130.6388165378822,129.99860791576782,130.6388165378822,129.99860791576782,0,0,0,0,0,133.25,126.63999999999999,136.15,123.73999999999998,130.35,131.52821965049384,129.53178034950616,,,,,22111856,0.79,0.66,-1.0923656812192493,-0.14527797530438577,-0.1453348122756042,-134.7058251504169,-156.66253408031486,-156.66253408031486,-137.7025606181717,-137.7025606181717,212.4403739744351,-289.35185185184616,,,4.434917584448223,3.9506545118807104,3.472662512565822,,
1638801000,130.71,131.68,130.505,131.11,130.63864477656773,130.0203428994632,130.63864477656773,130.0203428994632,0,0,0,0,0,133.25,126.63999999999999,136.15,123.73999999999998,130.35,131.35367896305456,129.35632103694547,,,,,15230869,0.8,0.66,-0.598569104986494,-0.10507407747352403,-0.09939143729261252,-87.14755561071367,-131.79506029936988,-131.79506029936988,-119.98005966176623,-119.98005966176623,212.4403739744351,-289.35185185184616,,,3.536846773597455,3.9344267574382297,3.472790752847603,,
1638887400,132,133.12,131.82,132.8,130.64107445733384,130.09227847203326,130.64107445733384,130.09227847203326,0,0,0,0,0,133.25,126.63999999999999,136.15,123.73999999999998,130.35,131.3268578038894,129.28314219611062,,,,,11974712,0.78,0.65,0.13710299955945568,0.17929365661702,0.06919791424236223,-45.171584906900286,-108.79603594236316,-108.79603594236316,-62.79798722834971,-62.79798722834971,212.4403739744351,-289.35185185184616,,,2.5648606696725547,3.880718283408203,3.4709767067273734,,
1638973800,133.18,133.89,132.51,133.8,130.64486411875774,130.18818127705157,130.64486411875774,130.18818127705157,0,0,0,0,0,133.25,126.63999999999999,136.15,123.73999999999998,130.35,130.92959823290337,128.91040176709666,,,,,15144681,0.78,0.65,0.4134326227537671,0.24430180213200015,0.15725391039748157,-29.50907556732192,-75.06244376241695,-75.06244376241695,-7.595259402524505,-7.595259402524505,212.4403739744351,-289.35185185184616,,,2.0548451474610108,3.8091154153318425,3.4681472730425256,,
1639060200,133.67,134.55,133.57,134.11,130.65074291172726,130.3214761289319,130.65074291172726,130.3214761289319,0,0,0,0,0,133.25,126.63999999999999,136.15,123.73999999999998,130.35,130.9189857379919,128.92101426200813,,,,,9095914,0.77,0.65,0.5354951827354316,0.5060996460544966,-0.006408124645586433,-12.230196089881835,-37.165700779814735,-37.165700779814735,38.6277851853897,38.6277851853897,212.4403739744351,-289.35185185184616,,,1.2713430408751563,3.709594930059031,3.4637580537974357,,
1639146600,133.76,134.86,133.7,134.58,130.65686710171383,130.4545907905424,130.65686710171383,130.4545907905424,0,0,0,0,0,133.25,126.63999999999999,136.15,123.73999999999998,130.35,130.91502211551594,128.92497788448406,,,,,8554302,0.76,0.66,0.8495749682262145,0.383632553927202,0.10503517905346202,-19.86108504786291,0.3902385174627838,0.3902385174627838,75.50211711201781,75.50211711201781,212.4403739744351,-289.35185185184616,,,1.1752531598787814,3.6102089782872566,3.4591856164469488,,
1639405800,134.58,136.23,134.58,135.85,131.20447261466492,131.13567870208573,131.20447261466492,131.13567870208573,0,0,0,0,0,133.25,126.63999999999999,136.15,123.73999999999998,130.35,131.37441161354838,129.35558838645164,,,,,12201839,0.76,0.65,1.139212606351618,0.37508942158547004,0.3004293297659722,-28.39519798483811,39.53816116889225,39.53816116889225,117.83400647175118,117.83400647175118,212.4403739744351,-289.35185185184616,,,0.934854619065132,3.5052931210628597,3.4541419980705617,,
1639492200,135.22,136.01,134.63,135.3,131.2113412008494,131.27318934121962,131.2113412008494,131.27318934121962,0,0,0,0,0,133.25,126.63999999999999,136.15,123.73999999999998,130.35,131.371933129321,129.358066870679,,,,,11070804,0.76,0.66,1.8566984862476927,0.3063432885615421,0.2558949292267458,-28.385664923097895,75.22784846608943,75.22784846608943,146.60722306048376,146.60722306048376,212.4403739744351,-289.35185185184616,,,0.89804931910195,3.4030482660840007,3.449034919790904,,
1639578600,135.59,138.14,135.47,138.07,133.35981495811274,133.49987176813636,133.35981495811274,133.49987176813636,0,0,0,1,0,133.25,126.63999999999999,136.15,123.73999999999998,130.35,132.38494701677675,130.25505298322324,,,,,14996251,0.75,0.65,2.7717120728890308,0.6418334754766174,0.48332493668063276,-59.5213683928881,110.2294205504011,110.2294205504011,180.23256471902448,180.23256471902448,212.4403739744351,-289.35185185184616,,,1.883102773955236,3.3434425605103235,3.4459061842347887,,
1639665000,138.06,139.59,137.81,138.89,134.1591716789385,134.43108539941326,134.1591716789385,134.43108539941326,0,0,0,1,0,133.25,126.63999999999999,136.15,123.73999999999998,130.35,133.11939937860532,130.9706006213947,,,,,19227482,0.75,0.65,2.81649007198646,0.6427731468653157,0.6023093231586165,-30.026883909532412,142.25266925591797,142.25266925591797,206.29916666695166,206.29916666695166,212.4403739744351,-289.35185185184616,226.29916666695166,,0.7775937792497546,3.2428210396765755,3.440574890718335,,
1639751400,138.19,139.035,137.38,137.92,134.16563707018935,134.54732126610293,134.16563707018935,134.54732126610293,0,0,0,1,0,133.25,126.63999999999999,136.15,123.73999999999998,130.35,133.09891917462,130.99108082538007,,,,,21505772,0.75,0.65,2.4129928482069607,0.6373912893367298,0.6427084674253193,-46.01775905390826,165.1896577952984,165.1896577952984,211.06363487405926,211.06363487405926,212.4403739744351,-289.35185185184616,231.06363487405926,,1.0871913024695736,3.1582865401782616,3.435872825606949,,
1640010600,137.11,137.525,135.38,136.56,134.16813349961953,134.58135180468713,134.16813349961953,134.58135180468713,0,0,0,0,0,133.25,126.63999999999999,136.15,123.73999999999998,130.35,133.11353330829505,130.97646669170499,,,,,16185740,0.76,0.65,1.7168845274019393,0.6640904738673337,0.38341281385357123,-106.96843329749575,171.0525923960171,171.0525923960171,182.7784615974545,182.7784615974545,212.4403739744351,-289.35185185184616,,,2.5271797825617335,3.133537255565849,3.434057255091374,,
1640097000,136.95,137.19,135.68,137.13,134.17121834777214,134.62569487117,134.17121834777214,134.62569487117,0,0,0,0,0,133.25,126.63999999999999,136.15,123.73999999999998,130.35,133.11500521477137,130.9749947852287,,,,,10773365,0.75,0.65,1.3450819046119706,0.6201668704416403,0.3538320539022876,-97.82583216095728,148.05295100171634,148.05295100171634,163.38604526458352,163.38604526458352,212.4403739744351,-289.35185185184616,,,2.311181510547901,3.1012880106631844,3.4318137471102683,,
1640183400,137.06,138.81,136.82,138.73,134.17655197744693,134.71255781739862,134.17655197744693,134.71255781739862,0,0,0,0,0,133.25,126.63999999999999,136.15,123.73999999999998,130.35,133.12487982784825,130.96512017215179,,,,,7245983,0.72,0.65,1.504108801300957,0.9858463390620655,0.3542428087355649,-63.08394784211283,139.92250915437435,139.92250915437435,155.56486656118045,155.56486656118045,212.4403739744351,-289.35185185184616,,,1.49038807689538,3.0381154642409176,3.4279347747422064,,
1640269800,139.09,139.749,138.68,139.3,134.58085689531077,135.25046037705363,134.58085689531077,135.25046037705363,0,0,0,0,1,133.25,126.63999999999999,136.15,123.73999999999998,130.35,133.20338487575637,131.04561512424368,,,,,7743780,0.73,0.65,1.6023027896247943,1.031071725553458,0.25118785825322054,-24.6271877575234,149.03584757060764,149.03584757060764,153.3885268976562,153.3885268976562,212.4403739744351,-289.35185185184616,,,0.4450825556353227,2.936427899197561,3.421975030048686,,
1640615400,139.8,140.77,139.65,140.77,136.00836986593984,136.79472550098026,136.00836986593984,136.79472550098026,0,0,0,0,1,133.25,126.63999999999999,136.15,123.73999999999998,130.35,133.69880174663217,131.5711982533678,,,,,6969387,0.73,0.65,1.891568444689101,1.3588299438017588,0.6145586128154945,-44.023256022495616,156.07494710598223,156.07494710598223,161.44778752263431,161.44778752263431,212.4403739744351,-289.35185185184616,,,0.7956240676280489,2.8524748077634623,3.416727575578315,,
1640701800,140.9,141.15,140.03,140.4,136.0164198761977,136.92188920682418,136.0164198761977,136.92188920682418,0,0,0,0,1,133.25,126.63999999999999,136.15,123.73999999999998,130.35,133.8457464231724,131.8042535768276,,,,,6066669,0.73,0.66,1.3787770191962423,1.1705190841001716,0.5130330838314765,-29.086794157720558,159.62506557390483,159.62506557390483,166.72530250975004,166.72530250975004,212.4403739744351,-289.35185185184616,,,0.5256801875399653,2.7612279599115603,3.410951257120696,,
1640788200,140.26,141.49,140.16,141.2,136.43936898825118,137.45112545706945,136.43936898825118,137.45112545706945,0,0,0,0,1,133.25,126.63999999999999,136.15,123.73999999999998,130.35,134.0138606337647,131.97613936623532,,,,,7103573,0.75,0.66,1.7914999112800465,1.4661804944758747,0.5121168548040465,-41.45595715332309,164.70160291933618,164.70160291933618,174.8546776101989,174.8546776101989,212.4403739744351,-289.35185185184616,,,0.7365439093484363,2.681828585379673,3.405607785896376,,
1640874600,141.46,141.975,141.31,141.49,136.72876673007949,137.8737543222126,136.72876673007949,137.8737543222126,0,0,0,0,1,133.25,126.63999999999999,136.15,123.73999999999998,130.35,134.2312311598741,132.2437688401259,,,,,7931674,0.75,0.66,1.0183401673329893,1.4130620164498553,0.5364416686398463,-7.1603633785542575,173.45606975182187,173.45606975182187,190.96500341679325,190.96500341679325,212.4403739744351,-289.35185185184616,,,0.12721747119938284,2.5816477573726027,3.399057555497381,,
1640961000,141.32,141.86,140.84,140.89,136.73699396938002,137.9903325840866,136.73699396938002,137.9903325840866,0,0,0,0,1,133.25,126.63999999999999,136.15,123.73999999999998,130.35,134.23586113163947,132.23913886836056,,,,,7882794,0.76,0.66,0.5912602311540276,1.2692383955900906,0.5255575564575415,-25.685935069172135,182.5109264812153,182.5109264812153,200.62063994000215,200.62063994000215,209.12316269640246,-289.35185185184616,220.62063994000215,,0.45939642377553586,2.4984222148786,3.3931841066827517,,
1641220200,140.29,140.55,138.24,139.44,136.74006191349716,138.00139797294594,136.74006191349716,138.00139797294594,0,0,0,0,0,148.5425,133.7225,155.10999999999999,127.155,140.29,134.21515689778172,132.2598431022183,,,,,15122472,0.75,0.66,0.45221051358225656,1.0022796852295814,0.41746802624347545,-122.96645247428783,157.10629731776973,157.10629731776973,174.04271676006678,174.04271676006678,187.91871681539192,-289.35185185184616,,,2.296982118877659,2.49052260327072,3.3909938929209034,,
1641306600,139.13,139.29,137.01,137.6,136.74069076082284,137.9642764838108,136.74069076082284,137.9642764838108,0,0,0,0,0,148.5425,133.7225,155.10999999999999,127.155,140.29,134.24355228566898,132.23144771433104,,,,,13718254,0.75,0.65,0.30906303639462257,0.8158380014318282,0.283034670139426,-169.50452525686515,94.50063877621217,94.50063877621217,147.52869076544857,147.52869076544857,187.91871681539192,-289.35185185184616,,,3.1663015054067554,2.517023736687819,3.390544957081714,,
1641393000,137.9,138.73,136.565,136.62,136.7404381319301,137.91133426875942,136.7404381319301,137.91133426875942,0,0,0,0,0,148.5425,133.7225,155.10999999999999,127.155,140.29,134.38570699992235,132.3542930000777,,,,,15370687,0.75,0.65,-0.150680622648094,0.7510319966293397,0.1996225881228093,-186.34147028795968,36.29406529429852,36.29406529429852,110.45048227506523,110.45048227506523,187.91871681539192,-289.35185185184616,,,3.4808113647607684,2.5548193299455817,3.3907253095446093,,
1641479400,135.77,136.6,134.8,135.04,136.73669479899917,137.79194468959236,136.73669479899917,137.79194468959236,0,0,0,0,0,148.5425,133.7225,155.10999999999999,127.155,140.29,134.387959202224,132.352040797776,,,,,15181986,0.75,0.66,-1.0767118068366062,0.4462258601341503,-0.03488218627191353,-253.12171293938007,-18.66258459355862,-18.66258459355862,67.41279331885728,67.41279331885728,187.91871681539192,-289.35185185184616,,,4.728249346243548,2.6400518796043255,3.3933976852423093,,
1641565800,134.72,134.97,134.07,134.35,136.73151498921095,137.6488958782358,136.73151498921095,137.6488958782358,0,0,0,0,0,148.5425,133.7225,155.10999999999999,127.155,140.29,134.38811438162344,132.3518856183766,,,,,9619354,0.79,0.66,-1.4523511139925152,0.33669290577733973,-0.08665346299026885,-255.22490303060854,-67.2922811337015,-67.2922811337015,22.511101834671024,22.511101834671024,187.91871681539192,-289.35185185184616,,,5.244186868329928,2.7421748203386627,3.397095565727999,,
1641825000,133.76,135.81,133.4427,135.73,136.72510471550623,137.48710282418733,136.72510471550623,137.48710282418733,0,0,0,0,0,148.5425,133.7225,155.10999999999999,127.155,140.29,134.38887037282083,132.35112962717918,,,,,15589881,0.75,0.65,-1.4787624997940843,0.679406979017518,0.04886081556107397,-255.2249030306086,-96.99141122359282,-96.99141122359282,-17.323069184750253,-17.323069184750253,187.91871681539192,-289.35185185184616,,,5.687539755459754,2.8576793275983134,3.401671877795395,,
1641911400,135.93,136.83,135,136.81,136.72178762316756,137.39211447814077,136.72178762316756,137.39211447814077,0,0,0,0,0,148.5425,133.7225,155.10999999999999,127.155,140.29,134.38974408949093,132.35025591050908,,,,,12168273,0.75,0.65,-1.052338579454428,0.8044280866036959,0.011039033907141909,-205.83420782978774,-95.01751062997607,-95.01751062997607,-43.22121633315886,-43.22121633315886,187.91871681539192,-289.35185185184616,,,4.586896600466471,2.9254917696715745,3.4040399591593733,,
1641997800,136.03,136.63,135.8279,136.42,136.7201147627816,137.3329931652725,136.7201147627816,137.3329931652725,0,0,0,0,0,148.5425,133.7225,155.10999999999999,127.155,140.29,135.2915264721804,133.2334735278196,,,,,10831825,0.76,0.66,-1.3959022022918084,1.2276847604034886,-0.043188109284131866,-179.57686720385846,-80.56001051509952,-80.56001051509952,-55.66748106047241,-55.66748106047241,187.91871681539192,-289.35185185184616,,,4.00176690932222,2.9676986378931685,3.405234218800058,,
1642084200,136.18,136.35,134.055,134.3,136.7149384096092,137.2073600999677,136.7149384096092,137.2073600999677,0,0,0,0,0,148.5425,133.7225,155.10999999999999,127.155,140.29,135.30634270704977,133.2186572929502,,,,,13804867,0.75,0.67,-2.053819726688108,0.8649082081916883,-0.17329156543081592,-235.80544456309244,-92.55331456105317,-92.55331456105317,-67.96275889399934,-67.96275889399934,187.91871681539192,-289.35185185184616,,,5.2547883242632,3.0573884295155227,3.4089296315981863,,
1642170600,133.94,134.21,132.69,134.07,136.70707239880082,137.03365970389055,136.70707239880082,137.03365970389055,0,0,0,0,0,148.5425,133.7225,155.10999999999999,127.155,140.29,135.3048495183181,133.22015048168186,,,,,14341860,0.76,0.67,-1.9578879061925805,0.7070364162570796,-0.1903516380541003,-255.22490303060854,-117.25011974323317,-117.25011974323317,-84.39187917707727,-84.39187917707727,187.91871681539192,-289.35185185184616,,,6.2195208141918235,3.181393621071456,3.414545198396575,,
1642516200,132.75,132.955,131.845,132.19,136.6975506757263,136.83396520569875,136.6975506757263,136.83396520569875,0,0,0,0,0,148.5425,133.7225,155.10999999999999,127.155,140.29,135.9518801734616,133.81311982653838,,,,,16471761,0.78,0.67,-2.07170691446682,0.32115210885405115,-0.2203420574393695,-255.22490303060857,-141.71110614517934,-141.71110614517934,-103.49828816644462,-103.49828816644462,187.91871681539192,-289.35185185184616,,,6.816736165100014,3.3239560737784584,3.421342782745633,,
1642602600,132.44,133.48,131.52,131.65,136.68740511993062,136.62948421724,136.68740511993062,136.62948421724,0,0,0,0,0,148.5425,133.7225,155.10999999999999,127.155,140.29,136.46231777634608,134.3526822236539,,,,,14639582,0.78,0.68,-1.7227894119717904,0.09473947575884148,-0.15355413269031765,-255.22490303060857,-156.25975956589582,-156.25975956589582,-121.08544529959502,-121.08544529959502,187.91871681539192,-289.35185185184616,,,7.046434376987771,3.4699356150807845,3.4285857229938688,,
1642689000,131.97,133.32,130.71,130.79,136.67567763717352,136.40157503225018,136.67567763717352,136.40157503225018,0,0,0,0,0,148.5425,133.7225,155.10999999999999,127.155,140.29,136.44133195276234,134.3736680472377,,,,,15127778,0.79,0.68,-1.6949231052329263,-0.34708279117715457,-0.15803089134016401,-255.22490303060854,-170.31169625033684,-170.31169625033684,-137.49419561650896,-137.49419561650896,187.91871681539192,-289.35185185184616,,,7.6189129973849745,3.6326406104652627,3.4369580052603843,,
1642775400,131.19,131.6,129.26,129.47,136.66110545408227,136.12630934471096,136.66110545408227,136.12630934471096,0,1,0,0,0,148.5425,133.7225,155.10999999999999,127.155,140.29,136.45307735038375,134.36192264961628,,,,,25804772,0.81,0.69,-1.6306580164636395,-0.7386543835672797,-0.28675923382185997,-255.22490303060857,-191.33792834912967,-191.33792834912967,-155.44210652738252,-155.44210652738252,187.91871681539192,-289.35185185184616,,,8.643720404268866,3.8291535435556,3.447361126936725,,
1643034600,128.3,129.26,124.92,129.04,136.63797777085733,135.69334427236936,136.63797777085733,135.69334427236936,0,1,0,0,0,148.5425,133.7225,155.10999999999999,127.155,140.29,134.4767000829954,132.4182999170046,,,,,37986741,0.82,0.69,-1.5616014397432099,-0.8623816757678892,-0.4122791028975905,-255.2249030306086,-214.83340051617017,-214.83340051617017,-175.23920452364507,-175.23920452364507,187.91871681539192,-289.35185185184616,,,11.711074987631639,4.138248502146817,3.4638720437413104,,
1643121000,127.33,129.305,126.27,128.21,136.61756662646002,135.3297699871784,136.61756662646002,135.3297699871784,0,1,0,0,0,148.5425,133.7225,155.10999999999999,127.155,140.29,134.48140244922317,132.4135975507768,,,,,19326773,0.84,0.71,-2.183095822862506,-1.0767852259418993,-0.46064730441376167,-234.43108172153677,-224.2468647801284,-224.2468647801284,-191.5750912758062,-191.5750912758062,187.91871681539192,-289.35185185184616,,,10.756943953636307,4.397805186518954,3.4784436159888528,,
1643207400,128.42,129.58,126.535,127.54,136.59772043939415,134.9907417523871,136.59772043939415,134.9907417523871,0,1,1,0,0,148.5425,133.7225,155.10999999999999,127.155,140.29,134.4803964208623,132.4146035791377,,,,,29557376,0.83,0.71,-2.692170704487108,-1.4032060757601303,-0.5437013981776476,-230.34933161271894,-223.62444080660592,-223.62444080660592,-202.25820778607277,-202.25820778607277,187.91871681539192,-289.35185185184616,,-243.62444080660592,10.569651565481667,4.639838377850825,3.492611863640187,,
1643293800,128.16,129.84,127.45,127.87,136.5797237951596,134.70053227190132,136.5797237951596,134.70053227190132,0,0,0,0,0,148.5425,133.7225,155.10999999999999,127.155,140.29,134.47412574473933,132.42087425526066,,,,,18489082,0.83,0.7,-2.4887075692997644,-1.2589723409361209,-0.33103208788374866,-216.2557416143479,-214.0397791153377,-214.0397791153377,-206.18539822916108,-206.18539822916108,187.91871681539192,-289.35185185184616,,-234.0397791153377,9.922962753551491,4.8470197259175185,3.505459717566084,,
1643380200,127.76,130.53,126.86,130.48,136.56059607528914,134.39879767300323,136.56059607528914,134.39879767300323,0,0,0,0,0,148.5425,133.7225,155.10999999999999,127.155,140.29,134.52082418968624,132.37417581031374,,,,,20906755,0.85,0.69,-1.094675985298823,-1.2214622916360816,-0.08497010624551987,-225.34341166794235,-193.41251799756938,-193.41251799756938,-167.86675753438595,-167.86675753438595,187.91871681539192,-289.35185185184616,,,10.3399533535939,5.06242888778718,3.5191150495061994,,
1643639400,130.24,131.465,129.98,131.23,136.54767800121266,134.23002521523838,136.54767800121266,134.23002521523838,0,0,0,0,0,148.5425,133.7225,155.10999999999999,127.155,140.29,134.51247153182098,132.38252846817903,,,,,19044360,0.85,0.69,-0.8130013219263572,-1.2220857650851786,-0.0330601872246607,-177.28658019808742,-163.98567254846316,-163.98567254846316,-105.13198165025068,-105.13198165025068,187.91871681539192,-289.35185185184616,,,8.134850519471353,5.1829160105983245,3.5283372981974384,,
1643725800,131.7,131.82,130.53,131.58,136.53587364956186,134.08922422640552,136.53587364956186,134.08922422640552,0,0,0,0,0,139.515,117.10499999999999,147.32999999999998,109.28999999999999,131.7,134.51350903332835,132.38149096667163,,,,,14674817,0.84,0.68,-0.1786804020870423,-1.0276543637085926,-0.09155263752650918,-160.25289059199432,-125.35951876269311,-125.35951876269311,-48.10721119115303,-48.10721119115303,187.91871681539192,-289.35185185184616,,,7.746130468584357,5.283434224636992,3.5367644573790304,,
1643812200,131.49,133.67,131.22,133.35,136.5254577181941,133.98073308027196,136.5254577181941,133.98073308027196,0,0,0,0,0,139.515,117.10499999999999,147.32999999999998,109.28999999999999,131.7,134.53217690695942,132.36282309304056,,,,,13595217,0.85,0.67,0.496288148024416,-0.5215869811462032,0.13298327809881988,-128.47266381456618,-81.1550915146806,-81.1550915146806,7.253762981344444,7.253762981344444,187.91871681539192,-289.35185185184616,,,7.25846349565341,5.3608863529121455,3.544200419493465,,
1643898600,133.17,133.28,132.53,132.78,136.51765380666924,133.92735531241817,136.51765380666924,133.92735531241817,0,0,0,0,0,139.515,117.10499999999999,147.32999999999998,109.28999999999999,131.7,134.52952273740667,132.36547726259332,,,,,13805709,0.84,0.67,0.585627840038847,-0.7049191864454332,0.2642892025235878,-80.30004914671802,-36.97427127805153,-36.97427127805153,51.387369195206624,51.387369195206624,187.91871681539192,-289.35185185184616,,,6.332603010813491,5.39899288851612,3.549771653442156,,
1643985000,131.57,133.23,131.33,132.3,136.5074918610016,133.82948255506844,136.5074918610016,133.82948255506844,0,0,0,0,0,139.515,117.10499999999999,147.32999999999998,109.28999999999999,131.7,134.52524461009583,132.36975538990416,,,,,12004325,0.85,0.68,0.8404863696277035,-1.0289478085303625,0.4440452140607558,-87.29492601565713,0.8264343511275527,0.8264343511275527,76.42784560948573,76.42784560948573,187.91871681539192,-289.35185185184616,,,7.180719485476003,5.468864519769449,3.5570262944652007,,
1644244200,132.35,132.81,131.7,132.07,136.49808208705352,133.74981265094812,136.49808208705352,133.74981265094812,0,0,0,0,0,139.515,117.10499999999999,147.32999999999998,109.28999999999999,131.7,134.50941928057273,132.38558071942722,,,,,9229161,0.84,0.68,0.9055236793192336,-1.155601484117017,0.31817454984787114,-81.40092553649816,29.243299775801542,29.243299775801542,86.07703062514953,86.07703062514953,187.91871681539192,-289.35185185184616,,,6.919216905788408,5.525741083927055,3.563743958024288,,
1644330600,131.37,133.38,131.07,133.15,136.48744496000646,133.64880823326385,136.48744496000646,133.64880823326385,0,0,0,0,0,139.515,117.10499999999999,147.32999999999998,109.28999999999999,131.7,134.51360653661695,132.381393463383,,,,,11071565,0.84,0.67,1.4792686586793604,-1.1998480238625118,0.5880959856408835,-91.43665608209372,58.07086602783225,58.07086602783225,115.72599853189368,115.72599853189368,187.91871681539192,-289.35185185184616,,,7.364478054986229,5.597848416125454,3.5713378323438922,,
1644417000,133.79,134.46,133.65,134.18,136.48193238266379,133.6519294790182,136.48193238266379,133.6519294790182,0,0,0,0,0,139.515,117.10499999999999,147.32999999999998,109.28999999999999,131.7,134.5195804355172,132.37541956448277,,,,,10811034,0.84,0.67,1.990330690197911,-0.977836451079695,0.6855547601387707,-50.337950038225685,90.86839184804242,90.86839184804242,156.46344348846276,156.46344348846276,187.91871681539192,-289.35185185184616,,,5.541027634461802,5.59562015017786,3.575273276503968,,
1644503400,132.63,133.79,131.56,132.08,136.47229675352762,133.5737871465077,136.47229675352762,133.5737871465077,0,0,0,0,0,139.515,117.10499999999999,147.32999999999998,109.28999999999999,131.7,134.55073037512184,132.34426962487814,,,,,14393345,0.82,0.68,1.2539420278913511,-1.4202458937182274,0.6773388541241513,-72.56227798393799,109.69292409102385,109.69292409102385,147.34198857698675,147.34198857698675,187.91871681539197,-226.18374860860976,,,7.01816382783236,5.651406176752546,3.5821521787044244,,
1644589800,131.9,132.9,130.09,130.25,136.45977268408998,133.44163863095838,136.45977268408998,133.44163863095838,0,0,0,0,0,139.515,117.10499999999999,147.32999999999998,109.28999999999999,131.7,134.57359541224875,132.32140458775123,,,,,13072313,0.8,0.69,-0.06622601629389172,-1.7231563346820997,0.4080491562259226,-73.777158821861,100.9699039772804,100.9699039772804,106.78525071977603,106.78525071977603,187.91871681539195,-160.285984082015,,,8.057106509293947,5.7457473662639735,3.59109314639791,,
1644849000,129.98,130.23,127.95,128.92,136.44304067073517,133.23159005719532,136.44304067073517,133.23159005719532,0,0,0,0,0,139.515,117.10499999999999,147.32999999999998,109.28999999999999,131.7,134.5819223222448,132.3130776777552,,,,,14386969,0.81,0.69,-0.6567701603232686,-1.8301551812617551,0.2973168882043014,-75.17855505068972,42.91904490903268,42.91904490903268,85.49651544952825,85.49651544952825,187.91871681539195,-160.285984082015,,,9.569580889108774,5.895701622061809,3.603038176852877,,
1644935400,130.04,130.88,129.71,130.37,136.42982340665776,133.09810809416803,136.42982340665776,133.09810809416803,0,0,0,0,0,139.515,117.10499999999999,147.32999999999998,109.28999999999999,131.7,134.59457726767937,132.3004227323206,,,,,8969944,0.8,0.68,-0.3413171332201301,-1.3938687664387412,0.27055960221923564,-52.96829543413306,6.224538418331093,6.224538418331093,59.07252310579587,59.07252310579587,187.91871681539195,-160.285984082015,,,8.325676726270407,5.9909947634033225,3.6124740181104547,,
1645021800,129.7,130.94,129.34,130.57,136.41590068256855,132.9554960120438,136.41590068256855,132.9554960120438,0,0,0,0,0,139.515,117.10499999999999,147.32999999999998,109.28999999999999,131.7,134.59246807000406,132.30253192999592,,,,,8779207,0.8,0.68,-0.7744756189229962,-1.0958023772400176,0.35411379923980263,-57.35269572733876,-17.078067209305125,-17.078067209305125,33.6889930007622,33.6889930007622,187.91871681539195,-160.285984082015,,,8.587179305958022,6.092805921934879,3.6224134892150452,,
1645108200,130.04,130.11,128.275,128.47,136.39989918270328,132.77712950176758,136.39989918270328,132.77712950176758,0,0,0,0,0,139.515,117.10499999999999,147.32999999999998,109.28999999999999,131.7,134.6221226624716,132.27287733752837,,,,,11906813,0.8,0.69,-1.2012808689336882,-1.2746256543972974,0.24682040984608275,-69.97265873345769,-59.04300135054179,-59.04300135054179,2.778328216994204,2.778328216994204,187.91871681539195,-160.285984082015,,,9.339882677221006,6.220142265279433,3.633837004076196,,
1645194600,128.35,129.04,127.08,127.51,136.38156591760296,132.55936363895316,136.38156591760296,132.55936363895316,0,0,0,0,0,139.515,117.10499999999999,147.32999999999998,109.28999999999999,131.7,134.62753729675427,132.26746270324568,,,,,13505608,0.81,0.69,-1.3622169023785866,-1.2112743342581362,0.21712977595624539,-85.52762384538111,-105.51498222253466,-105.51498222253466,-33.31944192951541,-33.31944192951541,187.91871681539192,-166.05760623452974,,,10.184465333239105,6.375605915003342,3.646925172566032,,
1645540200,127.06,128.23,126.34,127.19,136.36180554613924,132.32140820213147,136.36180554613924,132.32140820213147,0,0,0,0,0,139.515,117.10499999999999,147.32999999999998,109.28999999999999,131.7,134.62449782394208,132.27050217605793,,,,,13682107,0.82,0.7,-1.395874201009437,-1.1623725907955198,0.1655050316240775,-94.4417705560264,-138.2957621992942,-138.2957621992942,-68.31154868610832,-68.31154868610832,187.91871681539192,-166.05760623452974,,,10.707470492614322,6.545482957262596,3.6610321562224724,,
1645626600,127.84,128.28,126.425,126.55,136.34225278780528,132.09608435106747,136.34225278780528,132.09608435106747,0,0,0,0,0,139.515,117.10499999999999,147.32999999999998,109.28999999999999,131.7,134.62500848059616,132.26999151940382,,,,,12022840,0.83,0.7,-1.889354896603683,-1.488390822530755,-0.07882278396553738,-93.41784829872262,-157.3110246409417,-157.3110246409417,-97.97804067105278,-97.97804067105278,187.91871681539192,-166.05760623452974,,,10.647395575659065,6.706342275631085,3.6749909242932746,,
1645713000,124.29,127.32,124.06,127.06,136.31806107394354,131.78777908239817,136.31806107394354,131.78777908239817,0,0,0,0,0,139.515,117.10499999999999,147.32999999999998,109.28999999999999,131.7,134.19350330423043,131.84149669576954,,,,,23220097,0.82,0.69,-2.02018710190939,-1.5664824488376938,-0.09024254933276839,-121.90697934017693,-178.20634722303666,-178.20634722303666,-124.72080952171407,-124.72080952171407,187.91871681539192,-166.05760623452974,,,12.318891794473112,6.9264422567621455,3.692261455502425,,
1645799400,127.63,131.27,127.49,130.95,136.30070231055902,131.62472892230414,136.30070231055902,131.62472892230414,0,0,0,0,0,139.515,117.10499999999999,147.32999999999998,109.28999999999999,131.7,134.30031950022286,131.7346804997771,,,,,17012274,0.79,0.66,-0.3107024139404458,-0.8407210046049186,0.3666883974201565,-80.58870472191549,-137.5727221979486,-137.5727221979486,-129.00478041379225,-129.00478041379225,187.91871681539192,-166.05760623452974,,,9.89469220439608,7.042844215492888,3.7046539245311836,,
1646058600,128.85,130.11,128.45,129.96,136.28527713111734,131.50534347437065,136.28527713111734,131.50534347437065,0,0,0,0,0,139.515,117.10499999999999,147.32999999999998,109.28999999999999,131.7,134.30493104810802,131.73006895189195,,,,,17987714,0.78,0.66,-0.08068629601308248,-0.6761337312534972,0.11163246745992075,-64.81011791762126,-116.74654864910227,-116.74654864910227,-92.23008511972229,-92.23008511972229,166.30667578036292,-166.05760623452977,,,9.216199024666068,7.128073815852621,3.715666002653331,,
1646145000,129.28,130.34,128.235,129.24,136.26945749648974,131.38229274988552,136.26945749648974,131.38229274988552,0,0,0,0,0,134.48000000000002,118.86,139.68,113.66,129.28,134.30692783712956,131.7280721628704,,,,,14064394,0.78,0.67,0.08977656560680335,-0.7522950427171186,-0.12646087691169042,-59.93161012984572,-96.92373183284523,-96.92373183284523,-57.278098200331165,-57.278098200331165,130.1732150401382,-166.0576062345298,,,9.36815322637642,7.215920067245711,3.7269596834200107,,
1646231400,129.81,131.9,129.64,131.19,136.25644859040284,131.3186146028312,136.25644859040284,131.3186146028312,0,0,0,0,0,134.48000000000002,118.86,139.68,113.66,129.28,134.2890940101543,131.74590598984565,,,,,12395631,0.78,0.66,0.22674440038467616,-0.15744945215529718,0.0045815660725897645,-45.767789737510704,-70.00765991962554,-70.00765991962554,-16.175516093186133,-16.175516093186133,130.1732150401382,-166.0576062345298,,,8.375150187292403,7.2613800719534245,3.7362467773338417,,
1646317800,131.77,132.63,130.74,131.86,136.24564150031213,131.3001395203672,136.24564150031213,131.3001395203672,0,0,0,0,0,134.48000000000002,118.86,139.68,113.66,129.28,134.29125797214598,131.74374202785398,,,,,11172608,0.8,0.66,0.35631259644565305,0.033214114129801124,0.017347239735081628,-34.67867768657181,-33.777678758893565,-33.777678758893565,38.68228356257039,38.68228356257039,130.1732150401382,-166.0576062345298,,,7.597710085518411,7.27456948425009,3.743961988738806,,
1646404200,130.53,132.64,130.14,132.52,136.2336691896222,131.25909483329397,136.2336691896222,131.25909483329397,0,0,0,0,0,134.48000000000002,118.86,139.68,113.66,129.28,134.291400794517,131.74359920548298,,,,,12160672,0.82,0.66,1.1405172939739605,0.27628640272236943,0.06311929796243756,-40.727284259811306,4.317229664157651,4.317229664157651,80.5070465102601,80.5070465102601,130.1732150401382,-166.0576062345298,,,8.021768322849688,7.3038713994892905,3.752509054341425,,
1646663400,131.69,131.94,129.62,130.21,136.22069222820437,131.19947150649813,136.22069222820437,131.19947150649813,0,0,0,0,0,134.48000000000002,118.86,139.68,113.66,129.28,134.3252417150662,131.7097582849338,,,,,15703953,0.79,0.66,0.751809595027573,0.11716294784422569,-0.20278817591722198,-45.9694099566185,30.96955275428821,30.96955275428821,84.27419893454933,84.27419893454933,130.1732150401382,-166.0576062345298,,,8.389285461870099,7.346436656837557,3.7617733428679556,,
1646749800,129.35,130.31,127.47,127.55,136.20348844752866,131.05871576114527,136.20348844752866,131.05871576114527,0,0,0,0,0,134.48000000000002,118.86,139.68,113.66,129.28,134.36563419042233,131.66936580957764,,,,,21794622,0.75,0.66,0.09788474941728735,-0.23055088125685935,-0.34031529077675254,-67.64358351072595,36.85233689395593,36.85233689395593,48.61790517329136,48.61790517329136,130.1732150401382,-166.0576062345298,,,9.908827478973786,7.446922571431135,3.7740551693137214,,
1646836200,129.63,130.625,128.67,129.96,136.1886926664147,130.97006808423762,136.1886926664147,130.97006808423762,0,0,0,0,0,134.48000000000002,118.86,139.68,113.66,129.28,134.3853795844629,131.64962041553707,,,,,15576472,0.76,0.67,0.9236602301338714,0.27013169043554325,-0.22157343261275517,-54.900635374560586,26.2428396693097,26.2428396693097,33.31583781907385,33.31583781907385,126.72948676291003,-166.05760623452977,,,9.060711004311274,7.510208392328395,3.7846179182347957,,
1646922600,128.39,130.19,128.25,129.91,136.1730956780702,130.8685909044636,136.1730956780702,130.8685909044636,0,0,0,0,0,134.48000000000002,118.86,139.68,113.66,129.28,134.37894511957165,131.65605488042831,,,,,10708939,0.75,0.65,0.7698706545592768,0.3682333023719264,-0.33428449544256594,-59.08543879694075,9.644697187350435,9.644697187350435,25.42545760849938,25.42545760849938,126.72948676291003,-166.05760623452977,,,9.357551770443147,7.582653230685836,3.7957526512062407,,
1647009000,130.26,131.02,128.81,128.94,136.1586375448473,130.7928343984062,136.1586375448473,130.7928343984062,0,0,0,0,0,134.48000000000002,118.86,139.68,113.66,129.28,134.38307502066084,131.65192497933913,,,,,9869161,0.74,0.65,-0.5265287918097808,0.165724247187536,-0.4037856278944416,-53.50570090043368,-5.680483779714669,-5.680483779714669,15.056810479094697,15.056810479094697,126.72948676291003,-166.05760623452977,,,8.961764082267303,7.636736009179227,3.806074352367202,,
1647264600,129.98,131.72,129.47,129.85,136.14551379350894,130.74567226513537,136.14551379350894,130.74567226513537,0,0,0,0,0,134.48000000000002,118.86,139.68,113.66,129.28,134.38732907787676,131.64767092212318,,,,,14373221,0.74,0.65,-0.0292433331476608,-0.09631188069236032,-0.3981560353225684,-30.770317073536344,0.6510195092025048,0.6510195092025048,10.2548801557973,10.2548801557973,126.72948676291003,-166.05760623452977,,,8.495300021202919,7.670405186121332,3.815443434622618,,
1647351000,130.9,132.58,130.675,132.44,136.1347997799355,130.7471419802281,136.1347997799355,130.7471419802281,0,0,0,0,0,134.48000000000002,118.86,139.68,113.66,129.28,134.4189378715668,131.61606212843313,,,,,14374061,0.75,0.65,0.8458202963755628,0.1818514161615052,-0.23987389207535278,-18.613519672352233,19.336377942012838,19.336377942012838,37.49937351444391,37.49937351444391,126.72948676291003,-166.05760623452977,,,7.643649727895962,7.669355952465436,3.823092198445342,,
1647437400,133.11,134.05,131.75,134.03,136.12623354660894,130.79028935355248,136.12623354660894,130.79028935355248,0,0,0,0,0,134.48000000000002,118.86,139.68,113.66,129.28,134.43238129065563,131.60261870934434,,,,,13840385,0.76,0.65,0.7342087134462301,0.3646007026500245,-0.02776672226725236,-26.08149174348062,38.5745269036711,38.5745269036711,77.05082482698764,77.05082482698764,169.7093597737579,-166.05760623452974,,,6.883878719344129,7.63855292371558,3.8292076560295554,,
1647523800,133.64,136.21,133.46,136.15,136.12106684621614,130.89813290831512,136.12106684621614,130.89813290831512,0,0,0,0,0,134.48000000000002,118.86,139.68,113.66,129.28,134.41579534989242,131.61920465010758,,,,,10973125,0.79,0.66,1.0893454911804192,0.40590631065075916,0.2763769466551455,-33.621024935833255,63.3116773310079,63.3116773310079,112.78597818568151,112.78597818568151,206.60402684563883,-166.05760623452977,,,5.675312742950032,7.561563112705167,3.8328961776817443,,
1647610200,136.07,137.16,135.66,136.99,136.12026211725265,131.08715906877336,136.12026211725265,131.08715906877336,0,0,0,0,0,134.48000000000002,118.86,139.68,113.66,129.28,134.4160834201638,131.61891657983617,,,,,11364223,0.78,0.66,1.1273419946371992,0.6118125670646565,0.2784106461761439,-16.521104937430053,89.07800542964236,89.07800542964236,140.6106616269113,140.6106616269113,206.60402684563883,-166.05760623452977,,,4.120432539402087,7.426616815712889,3.83347067590696,,
1647869400,136.5,137.67,135.82,136.46,136.11977547965574,131.27498420333126,136.11977547965574,131.27498420333126,0,0,0,0,0,134.48000000000002,118.86,139.68,113.66,129.28,134.4127783769771,131.6222216230229,,,,,11473090,0.76,0.65,1.6044554576724739,0.6068269295462773,0.2761282783513221,-14.533603591573865,111.81965264260737,111.81965264260737,157.3029470685374,157.3029470685374,206.60402684563883,-166.05760623452977,,,4.00735034278042,7.29252793442142,3.833818087828785,,
1647955800,136.6,136.79,135.99,136.49,136.119626078098,131.4620436463379,136.119626078098,131.4620436463379,0,0,0,0,0,134.48000000000002,118.86,139.68,113.66,129.28,134.40304633668202,131.63195366331794,,,,,8892191,0.78,0.66,2.3519561936573026,0.6483800399227784,0.24709363709905283,-12.421883411601428,129.64190546406633,129.64190546406633,165.28641110698427,165.28641110698427,206.60402684563883,-166.05760623452977,,,3.887200508869885,7.158985682439007,3.8339247460126833,,
1648042200,135.84,136.09,134,134.04,136.1155407113086,131.56450860138347,136.1155407113086,131.56450860138347,0,0,0,0,0,134.48000000000002,118.86,139.68,113.66,129.28,134.43337232251113,131.60162767748884,,,,,10013480,0.77,0.65,1.0379578338779614,0.12759024140480765,0.07366426022103503,-37.141431400688376,131.14813113323876,131.14813113323876,134.16058247158367,134.16058247158367,206.60402684563883,-166.05760623452977,,,5.293660329351903,7.085835668592454,3.8368413006247497,,
1648128600,134.54,135.64,134.25,135.64,136.1119580125847,131.67266120525076,136.1119580125847,131.67266120525076,0,0,0,0,0,134.48000000000002,118.86,139.68,113.66,129.28,134.4340098480491,131.60099015195087,,,,,7189377,0.77,0.66,1.4545501817990487,0.20716725453500368,0.1503342495756754,-34.035960547788015,107.90732868980477,107.90732868980477,123.40119698542743,123.40119698542743,206.60402684563883,-166.05760623452977,,,5.116969397130545,7.00862522657434,3.839398999119267,,
1648215000,136.1,136.5,135.23,136.27,136.11032093363846,131.81461958935859,136.11032093363846,131.81461958935859,0,0,0,0,0,134.48000000000002,118.86,139.68,113.66,129.28,134.43450917487897,131.60049082512103,,,,,7040191,0.76,0.66,1.8729046899278508,0.603414446823525,0.2716987766785575,-21.86251480441875,100.99985585982466,100.99985585982466,115.93408327689318,115.93408327689318,206.60402684563883,-166.05760623452977,,,4.424340942822828,6.9072807448585944,3.840567714291502,,
1648474200,136.5,137.3,136.01,137.26,135.53418418776772,131.44400770612094,135.53418418776772,131.44400770612094,0,0,0,0,0,134.48000000000002,118.86,139.68,113.66,129.28,134.4285266114586,131.6064733885414,,,,,8466953,0.76,0.66,1.8787717741701226,1.0230042348599084,0.3057089026646638,-15.496810874938799,112.23031242224504,112.23031242224504,114.69949299201046,114.69949299201046,206.60402684563883,-166.05760623452977,,,3.463695081269072,6.772238169815868,3.839814722017731,,
1648560600,138.4,138.95,137.25,138.07,134.14556365971447,130.37281835426245,134.14556365971447,130.37281835426245,0,0,0,0,0,134.48000000000002,118.86,139.68,113.66,129.28,134.43184353879855,131.60315646120145,,,,,12327806,0.74,0.66,1.3995218062232788,1.3490579847715634,0.3561476451209321,-10.106268726119488,119.76275947487774,119.76275947487774,129.88929244061228,129.88929244061228,206.60402684563883,-166.05760623452977,,,1.5705679862306352,6.568251103792917,3.835280762505669,,
1648647000,138.09,138.89,137.64,138.34,133.0964400972537,129.66994085941872,133.0964400972537,129.66994085941872,0,0,0,0,0,134.48000000000002,118.86,139.68,113.66,129.28,134.42879533441067,131.6062046655893,,,,,10752953,0.74,0.67,1.061482711986602,1.165085242416189,0.37505077663105446,-8.610464551024467,127.89537641659474,127.89537641659474,144.16061030002876,144.16061030002876,206.60402684563883,-166.05760623452977,,,0.5059997108573204,6.330515755050345,3.828628852312565,,
1648733400,138.05,138.81,136.75,136.99,133.10377168547097,129.9482137668925,133.10377168547097,129.9482137668925,0,0,0,0,0,134.48000000000002,118.86,139.68,113.66,129.28,134.3788196350357,131.54118036496433,,,,,15843211,0.74,0.67,0.20399485303771983,0.9386173249989629,0.33320284366912495,-19.558055194469425,131.09863698157977,131.09863698157977,137.50515811154986,137.50515811154986,206.60402684563883,-166.05760623452977,,,1.149342200375888,6.127332478396445,3.8232756322287758,,
1648819800,137.37,138.12,136.45,138.07,133.11049521856694,130.20392695250456,133.11049521856694,130.20392695250456,0,0,0,0,0,144.69,131.63,150.42999999999998,125.89000000000001,137.37,133.72210454630508,130.88789545369494,,,,,20785728,0.73,0.67,0.2603097218724372,1.4245063183993036,0.4739358162633465,-23.248254287765675,131.27591895277513,131.27591895277513,131.63048289516584,131.63048289516584,206.60402684563883,-166.05760623452977,,,1.3661992193147425,5.940621370197163,3.8183663886465298,,
1649079000,137.76,138,136.6,136.92,133.11750202132703,130.45543569946517,133.11750202132703,130.45543569946517,0,0,0,0,0,144.69,131.63,150.42999999999998,125.89000000000001,137.37,133.08185410216046,130.26814589783956,,,,,16769479,0.74,0.67,0.11094597108343085,1.4023093229952905,0.3651133828234008,-21.40315474111755,104.25910389278405,104.25910389278405,122.27031393277811,122.27031393277811,206.60402684563883,-166.05760623452977,,,1.2577707098453152,5.756980167830424,3.8132503133642097,,
1649165400,136.57,138.84,136.5,137.21,133.12429702228343,130.69319900536848,133.12429702228343,130.69319900536848,0,0,0,0,0,144.69,131.63,150.42999999999998,125.89000000000001,137.37,132.89364616941904,130.11635383058095,,,,,15025053,0.73,0.67,0.1736463564157072,1.4972286855691694,0.3934790521635581,-24.640766998617302,85.30703465290696,85.30703465290696,109.94922083948772,109.94922083948772,206.60402684563883,-166.05760623452977,,,1.3300563828249266,5.583375313516482,3.808288886929566,,
1649251800,136.86,139.63,136.77,139.3,134.05359194970765,131.8038665826089,134.05359194970765,131.8038665826089,0,0,0,0,0,144.69,131.63,150.42999999999998,125.89000000000001,137.37,133.25413647501622,130.43586352498374,,,,,23197763,0.7,0.69,1.277408677587085,1.893502770807583,0.6026789740322223,-34.24378882982293,103.82796929383238,103.82796929383238,107.9088036576026,107.9088036576026,206.60402684563883,-166.05760623452977,,,1.816223977027998,5.435643888556149,3.804308737259433,,
1649338200,138.8,142.34,138.8,141.98,136.63704992433603,134.51581089939071,136.63704992433603,134.51581089939071,0,0,0,0,0,144.69,131.63,150.42999999999998,125.89000000000001,137.37,134.6426754286162,131.75732457138378,,,,,18160032,0.71,0.69,1.4956585115545653,2.16935343998062,0.7778193019566336,-50.07151592342605,116.70944826066744,116.70944826066744,134.31073746679712,134.31073746679712,266.2082947683872,-166.05760623452977,,,2.2397520777574154,5.3103147979365914,3.8011827499277606,,
1649424600,141.99,143.42,141.78,142.83,137.46372518334059,135.57482559643017,137.46372518334059,135.57482559643017,0,0,0,1,1,144.69,131.63,150.42999999999998,125.89000000000001,137.37,135.1875228756793,132.29247712432073,,,,,19102690,0.74,0.7,1.5419644145436235,1.677726167399378,1.078152987335314,-16.4346573825253,130.55807637843472,130.55807637843472,158.25533261396924,158.25533261396924,266.2082947683872,-166.05760623452977,,,0.7351396765385502,5.130896165724904,3.7950567897411687,,
1649683800,142.42,143,139.78,139.99,137.46841404411313,135.74093047500153,137.46841404411313,135.74093047500153,0,0,0,0,0,144.69,131.63,150.42999999999998,125.89000000000001,137.37,135.22080151008137,132.25919848991865,,,,,16570651,0.72,0.69,0.6241249028901035,1.398245602018343,0.8473002295393572,-60.67924905004733,138.7223189060468,138.7223189060468,155.05080396127101,155.05080396127101,266.2082947683872,-166.05760623452977,,,2.1354057270881546,5.013425952445031,3.7917408036020017,,
1649770200,139.64,140.46,138.03,138.63,137.46963199807092,135.8325802602956,137.46963199807092,135.8325802602956,0,0,0,0,0,144.69,131.63,150.42999999999998,125.89000000000001,137.37,135.22509760662646,132.25490239337356,,,,,14085400,0.74,0.68,0.1266354887965965,1.3097087965649141,0.6798090941761754,-103.00029001688812,122.05974564234398,122.05974564234398,133.16812781814588,133.16812781814588,266.2082947683872,-166.05760623452977,,,3.3606385213190584,4.948610759067542,3.790879460380657,,
1649856600,138.62,139.45,137.9,139.31,137.47059037569716,135.9155888775389,137.47059037569716,135.9155888775389,0,0,0,0,0,144.69,131.63,150.42999999999998,125.89000000000001,137.37,135.22620504439243,132.25379495560762,,,,,15496408,0.74,0.67,0.2187096573045202,1.1146503763181368,0.712988616022228,-105.7898812048454,84.48364663277835,84.48364663277835,116.93996742302338,116.93996742302338,266.2082947683872,-166.05760623452977,,,3.4516558146047793,4.8899066435984135,3.7902016908586273,,
1649943000,139.44,140.15,138.54,138.64,137.47281277254893,136.02018931371387,137.47281277254893,136.02018931371387,0,0,0,0,0,144.69,131.63,150.42999999999998,125.89000000000001,137.37,135.20396071273785,132.27603928726217,,,,,10993551,0.75,0.67,0.3759667820129936,0.9266386097045682,0.5975748356784905,-92.05650920259397,52.37276759529325,52.37276759529325,95.41756748044668,95.41756748044668,266.2082947683872,-166.05760623452977,,,3.0035706784289156,4.815932684180002,3.7886300005241025,,
1650288600,138.5,138.82,136.53,137.11,137.4710549048715,136.04265247788194,137.4710549048715,136.04265247788194,0,0,0,0,0,144.69,131.63,150.42999999999998,125.89000000000001,137.37,135.21634762852412,132.2636523714759,,,,,10125007,0.75,0.67,-0.21590946025454388,0.6209696786411291,0.3359368951178638,-135.18788064716557,3.8619232644384027,3.8619232644384027,64.89901940844392,64.89901940844392,266.2082947683872,-166.05760623452977,,,4.410838059231262,4.800046620456522,3.7898731734685724,,
1650375000,137.47,138.91,137.42,138.42,137.47106098897765,136.09878767482775,137.47106098897765,136.09878767482775,0,0,0,0,0,144.69,131.63,150.42999999999998,125.89000000000001,137.37,135.2033397548072,132.27666024519283,,,,,11733062,0.73,0.67,0.33884550223925225,1.1259407763601428,0.3559934145319435,-116.08991020653457,-28.451514306110496,-28.451514306110496,33.78217483692578,33.78217483692578,266.2082947683872,-166.05760623452977,,,3.787719666736697,4.760347524232215,3.7898688707578194,,
1650461400,138.8,140.82,138.64,140.28,137.47348024774092,136.2000861973835,137.47348024774092,136.2000861973835,0,0,0,0,0,144.69,131.63,150.42999999999998,125.89000000000001,137.37,135.21600104488735,132.26399895511267,,,,,13674762,0.7,0.66,0.6866396606789131,1.7683311084799402,0.47062936390931764,-89.91066982724226,-15.291138326490067,-15.291138326490067,17.424403782453837,17.424403782453837,266.2082947683872,-166.05760623452977,,,2.9335573759014393,4.688708694885911,3.788157958680184,,
1650547800,140.67,140.83,138.42,138.73,137.4754595079852,136.2888710523881,137.4754595079852,136.2888710523881,0,0,0,0,0,144.69,131.63,150.42999999999998,125.89000000000001,137.37,135.22456971150197,132.25543028849805,,,,,11409874,0.7,0.66,-0.12488745592883532,1.1891163287346382,0.3137194157225388,-94.63151645301626,-5.703612491864725,-5.703612491864725,9.71506502434765,9.71506502434765,266.2082947683872,-166.05760623452977,,,3.0875866414618947,4.625919594751635,3.7867582157886392,,
1650634200,137.48,137.52,133.525,133.67,137.46775239608115,136.18413297190227,137.46775239608115,136.18413297190227,0,0,0,0,0,144.69,131.63,150.42999999999998,125.89000000000001,137.37,135.3455349925922,132.13446500740778,,,,,17525347,0.71,0.63,-1.6835687239899415,0.48066403958343884,-0.15386243221231788,-224.62305290585059,-36.56133980323099,-36.56133980323099,-5.710403251511897,-5.710403251511897,266.2082947683872,-220.07764836383944,,,6.514737800182038,4.699990896925376,3.792208724448766,,
1650893400,133.28,134.86,131.78,134.57,137.4566090346504,136.01575520829826,137.4566090346504,136.01575520829826,0,0,0,0,0,144.69,131.63,150.42999999999998,125.89000000000001,137.37,135.34749583040758,132.13250416959244,,,,,16501856,0.69,0.63,-1.6885465680649188,0.7360588400613496,-0.05251171957310138,-260.0459588942388,-68.17245367227179,-68.17245367227179,-26.531086725098525,-26.531086725098525,266.2082947683872,-220.07764836383944,,,7.736469929286571,4.81906850603758,3.8000893662166737,,
1650979800,133.76,134.48,132.01,132.2,137.44594288273302,135.86290990601208,137.44594288273302,135.86290990601208,0,0,0,0,0,144.69,131.63,150.42999999999998,125.89000000000001,137.37,135.37265444974162,132.1073455502584,,,,,20087676,0.71,0.63,-1.6031887629526094,0.3010298047792498,-0.4082834140688831,-254.63323757788845,-93.11421067234282,-93.11421067234282,-48.72546137417996,-48.72546137417996,266.2082947683872,-220.07764836383944,,,7.5754393334733745,4.927161479662513,3.8076325229944095,,
1651066200,132.18,133.25,131.26,131.91,137.43381452532498,135.68694089009003,137.43381452532498,135.68694089009003,0,0,0,0,0,144.69,131.63,150.42999999999998,125.89000000000001,137.37,135.37041507832598,132.10958492167404,,,,,16726731,0.71,0.63,-1.397453627662203,-0.06660723809140547,-0.48293484898250166,-260.0459588942388,-112.1076673652812,-112.1076673652812,-69.8528633712137,-69.8528633712137,266.2082947683872,-220.07764836383944,,,8.100539102429476,5.051607660947492,3.8162097589173567,,
1651152600,132.84,134.17,131.61,133.73,137.42240270809154,135.53146085518452,137.42240270809154,135.53146085518452,0,0,0,0,0,144.69,131.63,150.42999999999998,125.89000000000001,137.37,135.38491169886456,132.09508830113546,,,,,15510666,0.69,0.63,-1.1461403472503775,-0.03697809247478168,-0.28976866116485955,-252.17940006856992,-121.90972040665145,-121.90972040665145,-87.20514904969295,-87.20514904969295,266.2082947683872,-220.07764836383944,,,7.85549254358328,5.161563930854777,3.8242802539916143,,
1651239000,132.43,133.115,130.085,130.29,137.4079972081753,135.3228721941969,137.4079972081753,135.3228721941969,0,0,0,0,0,144.69,131.63,150.42999999999998,125.89000000000001,137.37,135.41082956870898,132.06917043129104,,,,,17430156,0.7,0.63,-1.679973181251925,-0.6931444752177263,-0.42690102840358357,-260.0459588942388,-154.52301072018935,-154.52301072018935,-109.64443627319174,-109.64443627319174,266.2082947683872,-220.07764836383944,,,8.923195407127357,5.309078890708604,3.834467896655222,,
1651498200,130.18,130.91,127.38,129.48,137.3882699410261,135.01744583364015,137.3882699410261,135.01744583364015,0,0,0,0,0,136.8475,123.41750000000002,143.515,116.75000000000003,130.18,135.41110258670633,132.0688974132937,,,,,23615284,0.73,0.63,-1.5602204897190128,-0.8874032478239515,-0.5213606798675428,-260.0459588942388,-189.21041059871342,-189.21041059871342,-136.1664277150323,-136.1664277150323,266.2082947683872,-220.07764836383944,,,10.817055240495705,5.525077963249275,3.848419120119439,,
1651584600,129.88,131.14,129.43,129.89,137.372637034051,134.8035852127131,137.372637034051,134.8035852127131,0,1,0,0,0,136.8475,123.41750000000002,143.515,116.75000000000003,130.18,135.41136667428097,132.06863332571905,,,,,13585397,0.75,0.63,-1.7310536750462469,-0.7808358117419705,-0.5966518232418392,-225.54147891150797,-200.38708602783416,-200.38708602783416,-157.57331381929959,-157.57331381929959,266.2082947683872,-220.07764836383944,,,9.381782538682353,5.676321279932925,3.859474791285399,,
1651671000,129.68,133.25,128.59,132.77,137.35537382319376,134.56549951809689,137.35537382319376,134.56549951809689,0,0,0,0,0,136.8475,123.41750000000002,143.515,116.75000000000003,130.18,135.4370522876111,132.04294771238892,,,,,19053548,0.72,0.63,-1.4755057583763702,-0.4336888010451463,-0.43066297788998664,-239.6798999776025,-175.79695102747553,-175.79695102747553,-163.64785955535822,-163.64785955535822,266.2082947683872,-220.07764836383944,,,9.969894279913188,5.844696691696856,3.8716834216323077,,
1651757400,132.12,132.255,128.85,130.19,137.3386593899806,134.34684463503427,137.3386593899806,134.34684463503427,0,0,0,0,0,136.8475,123.41750000000002,143.515,116.75000000000003,130.18,135.46697464255388,132.01302535744614,,,,,16119817,0.73,0.63,-1.6739798316245669,-0.45095002964536857,-0.6812665083860743,-235.30372202857342,-163.46013180244915,-163.46013180244915,-163.084676296631,-163.084676296631,266.2082947683872,-220.07764836383944,,,9.787859693341746,5.999330534898617,3.8835039536437153,,
1651843800,128.93,130.14,128.27,129.78,137.3208310994911,134.1142468062094,137.3208310994911,134.1142468062094,0,0,0,0,0,136.8475,123.41750000000002,143.515,116.75000000000003,130.18,135.46673807464276,132.01326192535726,,,,,21742337,0.73,0.63,-0.7939364696631886,-0.6804861746167076,-0.6878698158869841,-245.06596514563844,-164.99181456766303,-164.99181456766303,-163.9706927241871,-163.9706927241871,266.2082947683872,-220.07764836383944,,,10.19393684800112,6.163824900118323,3.896112211174899,,
1652103000,128.33,128.36,125.93,126.42,137.2984098585331,133.79992340204433,137.2984098585331,133.79992340204433,0,0,0,0,0,136.8475,123.41750000000002,143.515,116.75000000000003,130.18,135.52021518507416,131.95978481492588,,,,,17289879,0.75,0.65,-1.6147170823917054,-1.112659885166875,-0.9302626107366998,-260.0459588942388,-180.9826571465823,-180.9826571465823,-169.64134753165217,-169.64134753165217,266.2082947683872,-220.07764836383944,,,11.83224812714416,6.3861160070605125,3.911968626591421,,
1652189400,127.74,128.22,125.7,126.87,137.27557847020435,133.488996994121,137.27557847020435,133.488996994121,0,1,0,0,0,136.8475,123.41750000000002,143.515,116.75000000000003,130.18,135.51539153527384,131.96460846472618,,,,,21850268,0.74,0.65,-1.0917477217615075,-1.1834160800071483,-0.9326676466339888,-260.0459588942388,-185.75380717155886,-185.75380717155886,-175.01216741162108,-175.01216741162108,266.2082947683872,-220.07764836383944,,,11.993278722957367,6.6060047410172515,3.9281151003104338,,
1652275800,126.24,129.09,125.88,126.03,137.25314874299116,133.1972520139594,137.25314874299116,133.1972520139594,0,1,0,0,0,136.8475,123.41750000000002,143.515,116.75000000000003,130.18,135.5121481324228,131.96785186757722,,,,,19987173,0.74,0.65,-1.2076076951864938,-1.3639322576338333,-0.9524532139830029,-222.57629934345445,-183.80253536758593,-183.80253536758593,-177.94229006360936,-177.94229006360936,266.2082947683872,-220.07764836383944,,,11.867254778407908,6.812328271895317,3.9439775172496896,,
1652362200,125.57,127.33,125.28,127.25,137.22957701723092,132.8936538957649,137.22957701723092,132.8936538957649,0,0,0,0,0,136.8475,123.41750000000002,143.515,116.75000000000003,130.18,135.5028536247332,131.97714637526684,,,,,17497046,0.74,0.64,-1.3092545075305335,-1.2505500098034799,-0.7873593575175889,-231.8503118160983,-178.17348631073045,-178.17348631073045,-178.0193554793164,-178.0193554793164,266.2082947683872,-220.07764836383944,,,12.287334593572785,7.027034402157178,3.9606475613582273,,
1652448600,128.09,129,127.53,128.6,137.21050293727643,132.68931452730357,137.21050293727643,132.68931452730357,0,0,0,0,0,136.8475,123.41750000000002,143.515,116.75000000000003,130.18,135.49770511169706,131.98229488830293,,,,,9841601,0.72,0.64,-0.3499454076457702,-0.9539753343397679,-0.5882033571560737,-197.07276504368355,-163.84329468536092,-163.84329468536092,-135.49117309744994,-135.49117309744994,266.2082947683872,-220.07764836383944,,,10.71203528670448,7.171544240766877,3.974136847522755,,
1652707800,128.45,130.43,128.42,129.55,137.1932274069322,132.52754140858576,137.1932274069322,132.52754140858576,0,0,0,0,0,136.8475,123.41750000000002,143.515,116.75000000000003,130.18,135.49374588544515,131.98625411455487,,,,,8839812,0.71,0.64,0.014564026208357365,-0.9597668490680743,-0.4646971196486028,-183.31631320926195,-135.65008450861131,-135.65008450861131,-79.26366415511211,-79.26366415511211,266.2082947683872,-220.07764836383944,,,10.088916894209916,7.285951011490133,3.986354190273379,,
1652794200,130.9,131.39,129.93,131.33,137.17897320631897,132.43073586315103,137.17897320631897,132.43073586315103,0,0,0,0,0,136.8475,123.41750000000002,143.515,116.75000000000003,130.18,135.49864846203454,131.98135153796545,,,,,9058782,0.72,0.64,0.2980663692402561,-0.6337390846223752,-0.24621608857883712,-159.97671515310773,-97.65977342272723,-97.65977342272723,-21.679151250959052,-21.679151250959052,266.2082947683872,-220.07764836383944,,,9.031716026044952,7.35441238460993,3.9964348333018935,,
1652880600,130.44,130.76,127.53,127.94,137.16000023287978,132.24455014302745,137.16000023287978,132.24455014302745,0,0,0,0,0,136.8475,123.41750000000002,143.515,116.75000000000003,130.18,135.55238126972807,131.92761873027194,,,,,10005035,0.7,0.63,-0.9571414792015501,-1.0262715847991735,-0.4184350597814371,-197.07276504368355,-65.54287854623956,-65.54287854623956,-1.3090887932642303,-1.3090887932642303,266.2082947683872,-220.07764836383944,,,10.71203528670448,7.486083870966579,4.009852616425575,,
1652967000,126.92,129,126.46,128.22,137.13894868396292,132.02412464722246,137.13894868396292,132.02412464722246,0,0,0,0,0,136.8475,123.41750000000002,143.515,116.75000000000003,130.18,135.53256589617152,131.94743410382853,,,,,9672865,0.71,0.63,-0.3997911923047497,-1.2133124095396854,-0.48728995182087476,-213.61142061989867,-45.86168153237588,-45.86168153237588,-6.499287504648507,-6.499287504648507,266.2082947683872,-220.07764836383944,,,11.461177623748524,7.641969900487439,4.0247403786779685,,
1653053400,129.08,130.06,127.33,129.78,137.11966007520377,131.8461197590961,137.11966007520377,131.8461197590961,0,0,0,0,0,136.8475,123.41750000000002,143.515,116.75000000000003,130.18,135.53929269743162,131.9407073025684,,,,,12833744,0.71,0.63,0,-1.3032824068112225,-0.4499691387776622,-178.1749507935364,-30.528882095438043,-30.528882095438043,0.13671677843764574,0.13671677843764574,266.2082947683872,-220.07764836383944,,,10.852061891759442,7.767855860929478,4.038381380702107,,
1653312600,130.65,131.43,130.38,130.92,137.1064429721564,131.7935072195237,137.1064429721564,131.7935072195237,0,0,0,0,0,136.8475,123.41750000000002,143.515,116.75000000000003,130.18,135.5441661695168,131.9358338304832,,,,,9196515,0.71,0.63,0.9335339491833085,-1.2625979690391058,-0.3524494020137416,-67.51153040407512,-11.069989257695983,-11.069989257695983,27.847796417788135,27.847796417788135,266.2082947683872,-220.07764836383944,,,8.7166561646713,7.805063715978177,4.047728583067681,,
1653399000,130.535,131.53,129.7,131.31,137.0919072219623,131.71655791679729,137.0919072219623,131.71655791679729,0,0,0,0,0,136.8475,123.41750000000002,143.515,116.75000000000003,130.18,135.5421997135255,131.93780028647453,,,,,9031266,0.7,0.63,0.917633292001099,-0.9386576317735269,-0.19458934320264656,-78.46805562478433,10.719668564047023,10.719668564047023,54.29898420753303,54.29898420753303,266.2082947683872,-220.07764836383944,,,9.19274662185817,7.859482653463667,4.05800833938894,,
1653485400,131.22,132.13,130.04,131.27,137.07807304169862,131.65582623378563,137.07807304169862,131.65582623378563,0,0,0,0,0,136.8475,123.41750000000002,143.515,116.75000000000003,130.18,136.15952465971148,132.54047534028848,,,,,8532579,0.72,0.63,1.0906686032040307,-0.804072898608411,-0.18261675776309547,-59.828718974234015,31.739661226470506,31.739661226470506,73.77964655131748,73.77964655131748,266.2082947683872,-220.07764836383944,,,8.954701393264735,7.902432407965669,4.067791941894186,,
1653571800,131.6,132.33,131.22,131.83,137.06660056808883,131.64328795010775,137.06660056808883,131.64328795010775,0,0,0,0,0,136.8475,123.41750000000002,143.515,116.75000000000003,130.18,136.0888652209775,132.61113477902248,,,,,9090060,0.72,0.63,0.9464819304674283,-0.8151983996839846,-0.023871916330300634,-40.69649989846258,54.01838697658231,54.01838697658231,98.57583847680593,98.57583847680593,266.2082947683872,-220.07764836383944,,,8.128544423440461,7.911299545827426,4.075905333465707,,
1653658200,132.06,134.05,131.51,134.02,137.05572464287786,131.64250018735842,137.05572464287786,131.64250018735842,0,0,0,0,0,136.8475,123.41750000000002,143.515,116.75000000000003,130.18,136.1052280729704,132.5947719270296,,,,,13696005,0.74,0.63,1.1036653205132938,-0.5038159087205929,0.15713947803037429,-40.608438527245646,82.32661648802072,82.32661648802072,138.94307551089753,138.94307551089753,266.2082947683872,-220.07764836383944,,,7.9255058461107755,7.911856655642459,4.083596842981482,,
1654003800,132.84,133.08,131.16,132.23,137.04417814009489,131.6281550819718,137.04417814009489,131.6281550819718,0,0,0,0,0,136.8475,123.41750000000002,143.515,116.75000000000003,130.18,136.11796718320406,132.58203281679593,,,,,11740800,0.73,0.63,0.539416872370643,-0.5358178947543156,0.09569601375195363,-46.270969795984946,104.67097539015258,104.67097539015258,149.3596931944163,149.3596931944163,266.2082947683872,-220.07764836383944,,,8.170552404956952,7.9220015869881255,4.091762588360054,,
1654090200,132.71,132.73,129.29,130.33,137.02895580614864,131.54177252973764,137.02895580614864,131.54177252973764,0,0,0,0,0,138.435,128.325,142.82000000000002,123.94,132.71,136.11738550977822,132.58261449022177,,,,,9259949,0.72,0.63,-0.19806795542185077,-0.8777426715941482,0.057595189473944076,-76.52506543182118,109.24387981003737,109.24387981003737,118.38968864980694,118.38968864980694,266.2082947683872,-220.07764836383944,,,9.479801162220836,7.983091766409016,4.102527900195939,,
1654176600,130.5,131.39,128.17,131.36,137.01154850184065,131.41529517563026,137.01154850184065,131.41529517563026,0,0,0,0,0,138.435,128.325,142.82000000000002,123.94,132.71,136.12033950036465,132.57966049963534,,,,,9575484,0.74,0.63,0.6943560005781466,-0.9536102338404269,0.15566995831294556,-94.6451654917873,78.73963312142979,78.73963312142979,99.07579758050151,99.07579758050151,266.2082947683872,-220.07764836383944,,,10.263950150528617,8.072537193237237,4.114838434162638,,
1654263000,130.45,131.03,129.65,129.82,136.99710344988893,131.35123654129183,136.99710344988893,131.35123654129183,0,0,0,0,0,138.435,128.325,142.82000000000002,123.94,132.71,136.12902860538836,132.57097139461163,,,,,5852628,0.72,0.62,0.3239119827144989,-0.9625194068958577,0.1086539515607226,-70.7007475554033,39.25348542363942,39.25348542363942,79.13502686154749,79.13502686154749,266.2082947683872,-220.07764836383944,,,9.227753273121897,8.117839784605263,4.125054048226493,,
1654522200,130.75,131.02,129.49,129.84,136.98237077566338,131.2834782455549,136.98237077566338,131.2834782455549,0,0,0,0,0,138.435,128.325,142.82000000000002,123.94,132.71,136.1044920043821,132.59550799561788,,,,,7729119,0.72,0.63,0.012028964332869235,-0.4304165431261524,0.15640294459145232,-73.28933327825554,2.846703531761044,2.846703531761044,53.70558575161868,53.70558575161868,266.2082947683872,-220.07764836383944,,,9.339774557165862,8.165758795293913,4.135473070222376,,
1654608600,129.84,131.66,129.37,131.53,136.967430174713,131.21371831435667,136.967430174713,131.21371831435667,0,0,0,0,0,138.435,128.325,142.82000000000002,123.94,132.71,136.0820059157572,132.6179940842428,,,,,7219071,0.72,0.64,0.12052580975391641,-0.337381234836989,0.24680126711476186,-75.23077257039483,5.132031676995652,5.132031676995652,37.514401060077674,37.514401060077674,266.2082947683872,-220.07764836383944,,,9.423790520198843,8.215093372741165,4.146039139053498,,
1654695000,131.16,131.64,130.12,130.49,136.95400294159668,131.17581171379365,136.95400294159668,131.17581171379365,0,0,0,0,0,138.435,128.325,142.82000000000002,123.94,132.71,136.0593078681547,132.6406921318453,,,,,5372007,0.74,0.63,-0.16249200737407488,-0.19432110914939038,0.0006647383733950679,-63.09677699452471,4.600111617172781,4.600111617172781,26.542971245776044,26.542971245776044,266.2082947683872,-220.07764836383944,,,8.898690751242741,8.24190111307456,4.155534946470459,,
1654781400,130.05,130.49,127.505,127.54,136.93543000864645,131.0378681171743,136.93543000864645,131.0378681171743,0,0,0,0,0,138.435,128.325,142.82000000000002,123.94,132.71,136.10215098066595,132.59784901933403,,,,,7772883,0.72,0.62,-0.7272823669194003,-0.48955647706450384,-0.23990079888752297,-105.40397490239202,-34.05777122769665,-34.05777122769665,6.342723754618483,6.342723754618483,266.2082947683872,-220.07764836383944,,,10.729538612336356,8.339455524810317,4.1686698189297315,,
1654867800,126.03,126.66,124.9998,125.49,136.91193884379402,130.8080733674812,136.91193884379402,130.8080733674812,0,0,0,0,0,138.435,128.325,142.82000000000002,123.94,132.71,135.97649132720014,132.44330867279987,,,,,11289024,0.72,0.62,-1.2285238738858029,-0.9087539978822258,-0.3941075461613127,-147.29577061791056,-79.0908336680734,-79.0908336680734,-22.13512871961214,-22.13512871961214,266.2082947683872,-224.6128417951262,,,12.48351186725479,8.501967538239512,4.1852828899553565,,
1655127000,123.01,123.76,121.18,121.69,136.88093896598423,130.43899205895252,136.88093896598423,130.43899205895252,0,0,0,0,0,138.435,128.325,142.82000000000002,123.94,132.71,134.10728298144053,130.4927170185595,,,,,14886247,0.73,0.64,-2.2861715794203277,-0.9469828159372112,-0.7242685616775216,-234.3215305233527,-118.67670242493477,-118.67670242493477,-54.315653288053014,-54.315653288053014,266.20829476838713,-282.31656938781623,,,15.157879997199469,8.762983713100686,4.2072061608989015,,
1655213400,121.55,121.86,119.67,120.53,136.84701421280545,130.02576099781712,136.84701421280545,130.02576099781712,0,0,0,0,0,138.435,128.325,142.82000000000002,123.94,132.71,133.3132800012462,129.77671999875378,,,,,9299504,0.73,0.65,-2.1957542832112273,-0.9903474598885078,-0.7631502387998881,-261.8780345023452,-145.68042046842064,-145.68042046842064,-84.77057568150889,-84.77057568150889,266.20829476838713,-282.31656938781623,,,16.215080865364424,9.055222817111028,4.231197918550182,,
1655299800,121.19,123.03,119.89,121.75,136.81359240618644,129.6372762528047,136.81359240618644,129.6372762528047,0,0,0,0,0,138.435,128.325,142.82000000000002,123.94,132.71,133.309655516823,129.78034448317698,,,,,10301639,0.7,0.65,-1.6323763679672,-0.8971508376766448,-0.6590961381334978,-257.8631796179887,-156.19282192842002,-156.19282192842002,-108.57799109714593,-108.57799109714593,266.20829476838713,-282.31656938781623,,,16.061051599803967,9.329961200746045,4.254833989841398,,
1655386200,119.52,120.04,118.75,119.96,136.7779824313489,129.2197673801457,136.7779824313489,129.2197673801457,0,0,0,0,0,138.435,128.325,142.82000000000002,123.94,132.71,132.83300406333532,129.33699593666464,,,,,9383292,0.67,0.66,-2.1393150200960993,-1.3731613656956814,-0.7534453195767304,-278.6674276551088,-171.30048888416007,-171.30048888416007,-129.48549035948398,-129.48549035948398,266.20829476838713,-282.31656938781623,,,16.859203248617245,9.62522559478021,4.280017544803987,,
1655472600,120,121.79,119.85,119.89,136.74461942948807,128.86133728680664,136.74461942948807,128.86133728680664,0,1,0,0,0,138.435,128.325,142.82000000000002,123.94,132.71,132.8279039338623,129.34209606613766,,,,,13725168,0.67,0.66,-1.887501211355588,-1.127141825420593,-0.8191448287325348,-258.59315323332635,-191.0203561956422,-191.0203561956422,-149.99711230487006,-149.99711230487006,266.20829476838713,-282.31656938781623,,,16.08905692081497,9.878709176193338,4.303612029071741,,
1655818200,121.06,123.1517,120.66,122.6,136.7129252847738,128.54841033438285,136.7129252847738,128.54841033438285,0,0,0,0,0,138.435,128.325,142.82000000000002,123.94,132.71,132.8730694020718,129.29693059792814,,,,,7987177,0.67,0.65,-1.355146619019352,-0.7762690544330451,-0.6991264670365317,-223.04088308699784,-168.01803334206213,-168.01803334206213,-156.0040859839341,-156.0040859839341,219.47939551294854,-282.31656938781634,,,15.521949170342374,10.100012705375653,4.326026289094259,,
1655904600,121.82,125.665,121.76,124.3,136.68347028919985,128.2904609095051,136.68347028919985,128.2904609095051,0,0,0,0,0,138.435,128.325,142.82000000000002,123.94,132.71,132.89073406807648,129.27926593192348,,,,,10188900,0.69,0.66,-1.328403475359335,-0.23397851135258446,-0.4745017385090058,-182.46833094502364,-143.24376803529867,-143.24376803529867,-117.72313213802786,-117.72313213802786,165.0321271558994,-282.3165693878163,,,14.751802842540087,10.282435848009552,4.346857011478766,,
1655991000,124.88,127.19,124.88,127.09,136.6602455733373,128.16375656011274,136.6602455733373,128.16375656011274,0,0,0,0,0,138.435,128.325,142.82000000000002,123.94,132.71,132.91015788155207,129.2598421184479,,,,,11943316,0.72,0.66,-0.6280666381965808,0.024132768828177928,-0.19493603805181445,-136.03267086766053,-115.01197959778258,-115.01197959778258,-58.548402722750396,-58.548402722750396,165.0321271558994,-282.3165693878163,,,12.567387803682712,10.372041807055558,4.363281648426227,,
1656077400,128.02,129.22,127.16,129.2,136.64157715061336,128.1305386557946,136.64157715061336,128.1305386557946,0,0,0,0,0,138.435,128.325,142.82000000000002,123.94,132.71,132.9204230214363,129.24957697856365,,,,,10448107,0.77,0.67,0.3115250982063949,0.3475810291722566,0.017327976328316744,-102.09891927266429,-77.2729888313863,-77.2729888313863,-1.7950072985937382,-1.7950072985937382,165.0321271558994,-282.3165693878163,,,10.971084506056162,10.3955336776046,4.376484051738175,,
1656336600,129.2,130.23,128.79,129.68,136.62617020325948,128.16190576733206,136.62617020325948,128.16190576733206,0,0,0,0,0,138.435,128.325,142.82000000000002,123.94,132.71,132.91974195417237,129.2502580458276,,,,,8963597,0.76,0.66,0.7990085526247608,0.2638361977855703,-0.04221790661138816,-77.8392635271188,-36.31065362334834,-36.31065362334834,45.6140167927276,45.6140167927276,165.0321271558994,-282.3165693878163,,,9.829867674858237,10.373350697104742,4.38737992311304,,
1656423000,129.94,130.59,127.175,127.42,136.6075995335227,128.12934279606412,136.6075995335227,128.12934279606412,0,0,0,0,0,138.435,128.325,142.82000000000002,123.94,132.71,132.93512779392688,129.23487220607308,,,,,7518756,0.72,0.65,1.123277177239759,-0.12637687598285854,-0.19183732019296357,-101.87567090690771,-0.415282602625787,-0.415282602625787,71.37545943881932,71.37545943881932,165.0321271558994,-282.3165693878163,,,10.960582510677039,10.396379395676204,4.4005131950162655,,
1656509400,127.59,129.17,127.39,128.53,136.58949124274642,128.10640386288514,136.58949124274642,128.10640386288514,0,0,0,0,0,138.435,128.325,142.82000000000002,123.94,132.71,132.93859460825348,129.23140539174648,,,,,9157664,0.73,0.66,1.5804279794063243,-0.10823856013565639,0.003706876787534797,-98.67577766439706,30.264770184904034,30.264770184904034,91.62487575996367,91.62487575996367,165.0321271558994,-282.3165693878163,,,10.810053910242953,10.412601925659214,4.4133194701715635,,
1656595800,127.86,128.97,126.89,128.24,136.5704301213823,128.06495273100728,136.5704301213823,128.06495273100728,0,0,0,0,0,138.435,128.325,142.82000000000002,123.94,132.71,132.93796392278216,129.2320360772178,,,,,10697670,0.72,0.66,1.2695392873516451,-0.32352237793426813,0.045449360613546264,-80.55229197923937,54.1442572650583,54.1442572650583,101.90323142536685,101.90323142536685,165.0321271558994,-282.3165693878163,,,11.160120422880354,10.441916376530632,4.426799591955198,,
1656682200,128.29,129.85,126.86,129.68,136.5513477435174,128.02396242783053,136.5513477435174,128.02396242783053,0,0,0,0,0,135.27999999999997,111.76,142.26999999999998,104.77000000000001,128.29,132.94325647187586,129.22674352812408,,,,,9366753,0.73,0.66,1.9228237620600217,0.186333931424433,0.15485841064733386,-70.82045349375207,78.2395981430044,78.2395981430044,126.4302798988966,126.4302798988966,165.0321271558994,-282.3165693878163,,,11.1811244136386,10.470904927005455,4.440294746444075,,
1657027800,128.43,128.96,126.17,128.93,136.53093865711676,127.95779135222934,136.53093865711676,127.95779135222934,0,0,0,0,0,135.27999999999997,111.76,142.26999999999998,104.77000000000001,128.29,132.93923392746993,129.23076607253003,,,,,9987031,0.74,0.66,1.7912661508226961,0.07594804477178767,0.14892520334771428,-81.2842892347989,93.84429685925497,93.84429685925497,125.05369429175612,125.05369429175612,165.0321271558994,-282.3165693878163,,,11.664216201078212,10.517701447557327,4.454728155943844,,
1657114200,129.11,130.47,128.88,129.8,136.51593078767198,127.99942698547525,136.51593078767198,127.99942698547525,0,0,0,0,0,135.27999999999997,111.76,142.26999999999998,104.77000000000001,128.29,132.9395623996462,129.23043760035375,,,,,9033298,0.74,0.66,1.395718510652091,0.0021145473307604525,0.17083477074562797,-40.18719523735403,111.7348970158269,111.7348970158269,147.5160973289708,147.5160973289708,165.0321271558994,-282.3165693878163,,,9.766855702583502,10.488256516381883,4.465341797395672,,
1657200600,129.61,130.52,129.54,130.35,134.06980467832756,125.86844604000655,134.06980467832756,125.86844604000655,0,0,0,0,0,135.27999999999997,111.76,142.26999999999998,104.77000000000001,128.29,132.94080566914704,129.22919433085292,,,,,6805503,0.76,0.66,1.1640485808057663,-0.06011669427102982,-0.03652677694638515,-30.178308876352723,130.35869132409553,130.35869132409553,167.60627994063276,167.60627994063276,165.0321271558994,-282.3165693878163,,,7.656116338751076,10.377192195690478,4.471716971304474,,
1657287000,129.98,132.0389,129.85,130.74,134.06158189175747,126.02867560706511,134.06158189175747,126.02867560706511,0,0,0,0,0,135.27999999999997,111.76,142.26999999999998,104.77000000000001,128.29,132.9229588850152,129.24704111498477,,,,,6505846,0.76,0.66,0.690510642545497,-0.06025669656381838,0.04810082631513185,-25.47716528254902,148.4448361026277,148.4448361026277,184.61712565969202,184.61712565969202,165.0321271558994,-282.3165693878163,,,7.435129740518967,10.261817197448458,4.477637875938269,,
1657546200,130.01,131.14,129.87,130.41,134.05341509477094,126.18339813227824,134.05341509477094,126.18339813227824,0,0,0,0,0,135.27999999999997,111.76,142.26999999999998,104.77000000000001,128.29,132.89246185808207,129.2775381419179,,,,,7027344,0.74,0.65,0.22582690320675444,-0.09120636785835573,0.07276465592095693,-13.273254296804538,160.03383650390643,160.03383650390643,183.21183730646388,183.21183730646388,165.0321271558994,-282.3165693878163,,,7.420872540633017,10.150407603063538,4.483518464678918,,
1657632600,130,130.88,128.17,128.75,134.04190197769847,126.26605310748302,134.04190197769847,126.26605310748302,0,0,0,0,0,135.27999999999997,111.76,142.26999999999998,104.77000000000001,128.29,132.6849979665236,129.0650020334764,,,,,9280413,0.7,0.65,-0.1727291073364031,-0.32488631556185604,-0.1493218704658528,-39.20949832504341,140.81636208329476,140.81636208329476,153.62801169703587,153.62801169703587,165.0321271558994,-282.3165693878163,,,8.632734530938134,10.090891011999798,4.491808606669445,,
1657719000,127.66,128.53,127.17,127.5,134.0284338418789,126.30664318169937,134.0284338418789,126.30664318169937,0,0,0,0,0,135.27999999999997,111.76,142.26999999999998,104.77000000000001,128.29,131.56432737303348,128.01567262696656,,,,,9296486,0.7,0.65,0.01508273183718795,-0.6747532392416493,-0.26477671303613826,-54.46611245930121,79.9926836976924,79.9926836976924,129.0829023639214,129.0829023639214,165.0321271558994,-282.3165693878163,,,9.345594525235242,10.061663698793344,4.501506480632614,,
1657805400,126.04,127.32,125.2286,127.13,134.01115248355345,126.27026948829939,134.01115248355345,126.27026948829939,0,0,0,0,0,135.27999999999997,111.76,142.26999999999998,104.77000000000001,128.29,131.55925176196925,128.02074823803082,,,,,7784950,0.7,0.64,-0.2635612633626497,-0.5388124266385154,-0.32805309222005596,-84.08530313954974,22.326422083908398,22.326422083908398,93.4974089372504,93.4974089372504,165.0321271558994,-282.3165693878163,,,10.729540918163673,10.087854962298064,4.513950105882426,,
1657891800,129.02,130.26,128.45,130.2,134.00027765341648,126.36038833189549,134.00027765341648,126.36038833189549,0,0,0,0,0,135.27999999999997,111.76,142.26999999999998,104.77000000000001,128.29,131.6034248653375,127.97657513466255,,,,,9684755,0.72,0.65,0.364331192979203,-0.01372783730614462,-0.0006102365277514687,-34.93764636745115,10.621841356396981,10.621841356396981,65.8722197436326,65.8722197436326,165.0321271558994,-282.3165693878163,,,8.43313373253494,10.022963933679902,4.521780642599015,,
1658151000,130.33,130.445,127.02,127.45,132.50891000299677,125.0494028423418,132.50891000299677,125.0494028423418,0,0,0,0,0,135.27999999999997,111.76,142.26999999999998,104.77000000000001,128.29,131.63214612486922,127.94785387513083,,,,,7047900,0.7,0.64,-0.4048033455221156,-0.4045434949811373,-0.006151917662618701,-56.75460457944,-4.92486940234768,-4.92486940234768,42.27319002830584,42.27319002830584,165.0321271558994,-282.3165693878163,,,8.440856339652559,9.960920498620006,4.529610963672049,,
1658237400,128.81,129.835,128.25,129.62,128.53501342999374,121.57467521991553,128.53501342999374,121.57467521991553,0,0,0,0,0,135.27999999999997,111.76,142.26999999999998,104.77000000000001,128.29,131.64834725317917,127.93165274682086,,,,,6585773,0.69,0.65,0.1251015102685976,-0.02079194932978454,-0.020385220069335238,-37.988969194302584,-0.7622133851656745,-0.7622133851656745,27.92805555714867,27.92805555714867,165.0321271558994,-282.3165693878163,,,4.696440514230507,9.75447030315375,4.52994428944739,,
1658323800,129.44,129.61,127.82,128.34,128.53371969686688,121.82223697599727,128.53371969686688,121.82223697599727,0,0,0,0,0,135.27999999999997,111.76,142.26999999999998,104.77000000000001,128.29,131.64600155461497,127.93399844538509,,,,,7599526,0.7,0.64,-0.262299413865333,-0.15553970884876123,-0.09394095517824273,-44.54931327203363,-2.6351513810718306,-2.6351513810718306,17.74031991107517,17.74031991107517,165.0321271558994,-282.3165693878163,,,5.015976815040499,9.568647029110094,4.530915383404619,,
1658410200,128.72,130.37,128.39,130.37,128.00926547512327,121.60363087636213,128.00926547512327,121.60363087636213,0,0,0,0,0,135.27999999999997,111.76,142.26999999999998,104.77000000000001,128.29,131.65130033682692,127.92869966317313,,,,,9507672,0.7,0.64,0.0036464005382240935,-0.1210090784414132,0.08785622298802483,-35.85304321550667,18.971053662086707,18.971053662086707,21.432521164109787,21.432521164109787,165.0321271558994,-282.3165693878163,,,4.200865542456367,9.35814579433936,4.530255943162965,,
1658496600,130.67,130.92,129.04,129.83,128.0114243852629,121.89720613611264,128.0114243852629,121.89720613611264,0,0,0,0,0,135.27999999999997,111.76,142.26999999999998,104.77000000000001,128.29,129.96611581736082,126.3038841826392,,,,,8657252,0.7,0.65,-0.1656054459420535,-0.06947807543392034,-0.0012215422417499045,-27.30081342642588,28.045099072219685,28.045099072219685,46.19318989248564,46.19318989248564,165.0321271558994,-282.3165693878163,,,3.715863303984493,9.136879814325443,4.528628785042728,,
1658755800,129.93,130.75,129.81,130.51,128.0151020588188,122.20916275822587,128.0151020588188,122.20916275822587,0,0,0,0,0,135.27999999999997,111.76,142.26999999999998,104.77000000000001,128.29,128.5236748492856,125.0863251507144,,,,,5489039,0.68,0.65,0.018247611387767582,0.3199383697957904,-0.1155936029417749,-14.93515087445647,44.028456556678925,44.028456556678925,75.99517152559741,75.99517152559741,165.0321271558994,-282.3165693878163,,,3.141322190717809,8.9017599075173,4.525856943695426,,
1658842200,130.88,131.985,130.53,131.18,128.0201965601998,122.53683872849152,128.0201965601998,122.53683872849152,0,0,0,0,0,135.27999999999997,111.76,142.26999999999998,104.77000000000001,128.29,128.3296119428309,124.90038805716911,,,,,7482401,0.69,0.66,0.45168081431265544,0.626491420074725,-0.16962669312292755,-10.403533652866267,64.7937321243813,64.7937321243813,106.32428325978603,106.32428325978603,165.0321271558994,-282.3165693878163,,,2.6040889419489694,8.654792418671484,4.5220172473882405,,
1658928600,131.1,132.59,130.485,132,128.02519187176782,122.84991760188402,128.02519187176782,122.84991760188402,0,0,0,0,0,135.27999999999997,111.76,142.26999999999998,104.77000000000001,128.29,128.15263916189062,124.76736083810937,,,,,7680640,0.69,0.66,0.8443374538435375,1.1701913198741964,-0.2430652767317969,-24.09760314735669,89.46990455098205,89.46990455098205,138.82224940418357,138.82224940418357,165.0321271558994,-282.3165693878163,,,2.637666019997013,8.418826677546996,4.5182523098709755,,
1659015000,132.17,133.805,129.92,132.84,128.02905962027577,123.12878357828072,128.02905962027577,123.12878357828072,0,0,0,0,0,135.27999999999997,111.76,142.26999999999998,104.77000000000001,128.29,128.15523687509526,124.76476312490473,,,,,11052782,0.7,0.67,1.074022805811423,1.4100279161452782,-0.24147013134431186,-46.151851738150434,114.59476833448525,114.59476833448525,164.84449590149168,164.84449590149168,165.0321271558994,-282.3165693878163,,,3.0592448888225805,8.208646999557804,4.515337210128621,,
1659101400,132.17,132.64,131.47,132.4,128.03598557508042,123.45689010462264,128.03598557508042,123.45689010462264,0,0,0,1,0,135.27999999999997,111.76,142.26999999999998,104.77000000000001,128.29,128.081092038525,124.71890796147503,,,,,8309561,0.71,0.67,0.40753941864205706,1.2180859546930485,-0.23919788590197785,-21.653437288104783,135.66228094531527,135.66228094531527,177.7973061669753,177.7973061669753,165.0321271558994,-282.3165693878163,,,1.9027010893896517,7.961355003080621,4.510117157939332,,
1659360600,131.66,132.38,131.115,131.42,128.04219549401134,123.75834735542176,128.04219549401134,123.75834735542176,0,0,0,0,0,138.09320000000002,127.3718,142.3814,123.08359999999999,131.66,128.03338334569955,124.76661665430045,,,,,7665402,0.71,0.67,0.7595286332332926,1.3448722022803599,-0.3019112906407496,-27.26436446859891,144.96546430171574,144.96546430171574,163.57183101451668,163.57183101451668,165.0321271558994,-282.3165693878163,,,2.167586927324281,7.73414841187449,4.505436777858183,,
1659447000,131.74,132.8,130.88,130.95,128.04792817034698,124.0388592238366,128.04792817034698,124.0388592238366,0,0,0,0,0,138.09320000000002,127.3718,142.3814,123.08359999999999,131.66,128.0312941386867,124.76870586131332,,,,,7935081,0.72,0.67,0.25269851900089557,1.3117002828832476,-0.1892456381210612,-30.978640207799568,131.3047329868208,131.3047329868208,140.41188719675077,140.41188719675077,165.0321271558994,-282.3165693878163,,,2.3429338904641206,7.52272823456428,4.501116092768484,,
1659533400,131.66,132.67,131.3,132.15,128.0544801620146,124.32467650917633,128.0544801620146,124.32467650917633,0,0,0,0,0,138.09320000000002,127.3718,142.3814,123.08359999999999,131.66,128.0367662729838,124.76323372701619,,,,,6825710,0.73,0.66,0.7293507343076464,1.104907083592036,-0.21071229385904602,-24.340360163270862,124.04898415089956,124.04898415089956,134.95758618146704,134.95758618146704,165.0321271558994,-282.3165693878163,,,2.0295478286822854,7.307309395117927,4.496177894438642,,
1659619800,132.46,132.49,131.295,131.5,128.06100917267992,124.5990911558753,128.06100917267992,124.5990911558753,0,0,0,0,0,138.09320000000002,127.3718,142.3814,123.08359999999999,131.66,128.00125813427644,124.79874186572357,,,,,5493014,0.72,0.66,0.21316021691822662,0.8224435821702336,-0.28694736693752154,-24.419387306658482,106.62325845327041,106.62325845327041,125.51281027206817,125.51281027206817,165.0321271558994,-282.3165693878163,,,2.0332786151320867,7.100484658647894,4.49125701675771,,
1659706200,130.68,131.51,130.37,131.45,128.0656954680392,124.8268326791743,128.0656954680392,124.8268326791743,0,0,0,0,0,138.09320000000002,127.3718,142.3814,123.08359999999999,131.66,127.97047959311807,124.82952040688193,,,,,8883422,0.7,0.66,0.3072918620997209,0.48778179092410373,-0.3474737368325769,-39.03940883329825,61.51565215378946,61.51565215378946,104.18042423264194,104.18042423264194,165.0321271558994,-282.3165693878163,,,2.723474108342043,6.928837186086881,4.487724982974662,,
1659965400,131.7,132.63,131.09,131.76,128.07179657599517,125.07359610352042,128.07179657599517,125.07359610352042,0,0,0,0,0,138.09320000000002,127.3718,142.3814,123.08359999999999,131.66,127.96994927523755,124.83005072476246,,,,,7075100,0.71,0.66,0.23869888924107252,0.285102482582213,-0.3796583486442455,-27.659500185535215,47.979042276717735,47.979042276717735,85.44663024733387,85.44663024733387,165.0321271558994,-282.3165693878163,,,2.186240859573203,6.742853016419677,4.483126613097736,,
1660051800,131.93,132.56,131.05,131.36,128.07780637304612,125.30912958965686,128.07780637304612,125.30912958965686,0,0,0,0,0,138.09320000000002,127.3718,142.3814,123.08359999999999,131.66,127.91248073115928,124.88751926884075,,,,,5802683,0.71,0.66,0.03434275220235395,0.18720001113781812,-0.42093652772630963,-28.291717332633034,34.41890432038767,34.41890432038767,68.43738827168514,68.43738827168514,165.0321271558994,-282.3165693878163,,,2.216087151171466,6.565332786409944,4.4785970637232575,,
1660138200,132.76,132.89,132.02,132.79,128.08572284382925,125.57308529202326,128.08572284382925,125.57308529202326,0,0,0,0,0,138.09320000000002,127.3718,142.3814,123.08359999999999,131.66,127.9204170985355,124.87958290146452,,,,,6736304,0.75,0.67,0.15041865230425772,0.6115396083121019,-0.2568548101157482,-12.759193113644985,56.529520405500904,56.529520405500904,64.46809898295706,64.46809898295706,158.08540283583358,-282.3165693878163,,,1.4923145799134456,6.366390895959101,4.472630465354007,,
1660224600,132.39,133.69,131.645,131.93,128.09288173924617,125.81213096684588,128.09288173924617,125.81213096684588,0,0,0,0,0,138.09320000000002,127.3718,142.3814,123.08359999999999,131.66,127.92024002368107,124.87975997631895,,,,,8471414,0.75,0.67,-0.17218245387165015,0.3838752830288625,-0.37258396411965766,-18.594189964397312,66.4159312049771,66.4159312049771,70.31159564901719,70.31159564901719,158.08540283583358,-282.3165693878163,,,1.7721235636472168,6.186223549593929,4.467234847168779,,
1660311000,132.25,133.68,132.03,133.62,128.1007878696373,126.0567493603029,128.1007878696373,126.0567493603029,0,0,0,0,0,138.09320000000002,127.3718,142.3814,123.08359999999999,131.66,127.92561531894533,124.87438468105468,,,,,7515511,0.75,0.66,0.23047048033728926,0.6058172013216679,-0.2009413224206709,-25.73643672247486,76.97446593334924,76.97446593334924,98.09153539009353,98.09153539009353,178.50605255388496,-282.3165693878163,,,1.4848530070138852,6.001856077335888,4.461276042293345,,
1660570200,133.55,134.47,133.07,134.29,128.36830011578166,126.57625516767452,128.36830011578166,126.57625516767452,0,0,0,0,0,138.09320000000002,127.3718,142.3814,123.08359999999999,131.66,128.13162291049514,125.08837708950486,,,,,7486084,0.74,0.66,0.5457697756396074,0.5129279245929026,-0.17728209675675247,-20.633129715026598,93.84211872171267,93.84211872171267,127.57742429843952,127.57742429843952,201.58828810165278,-282.3165693878163,,,0.9084816442028437,5.802115903487533,4.45417755198747,,
1660656600,134,134.38,133.41,133.93,128.37839102464125,126.84459025913826,128.37839102464125,126.84459025913826,0,0,0,0,0,138.09320000000002,127.3718,142.3814,123.08359999999999,131.66,128.12871374968128,125.09128625031872,,,,,7138443,0.73,0.67,0.57439720688525,0.5651411778141143,-0.3243422107963257,-14.882913237068303,111.45514253165726,111.45514253165726,146.68119015154645,146.68119015154645,201.58828810165278,-282.3165693878163,,,0.6552982351627042,5.600279916494403,4.446587383522285,,
1660743000,133.15,133.92,132.95,133.15,128.38755188173485,127.08454358230931,128.38755188173485,127.08454358230931,0,0,0,0,0,138.09320000000002,127.3718,142.3814,123.08359999999999,131.66,128.11714599465546,125.10285400534457,,,,,7251754,0.73,0.67,0.19166842298204964,0.3774220109195545,-0.5250854860243186,-22.662617883717818,120.60495477996287,120.60495477996287,138.90457927657408,138.90457927657408,201.58828810165278,-282.3165693878163,,,0.9978404944523073,5.419792096022164,4.43969678034732,,
1660829400,133.11,133.38,131.845,132.56,128.39450872113198,127.27218697123836,128.39450872113198,127.27218697123836,0,0,0,0,0,138.09320000000002,127.3718,142.3814,123.08359999999999,131.66,128.05850596455883,125.16149403544117,,,,,7053785,0.73,0.66,0.20420359965960358,0.2479727120347028,-0.607173814756887,-41.35082143708192,99.96962677145474,99.96962677145474,113.72651211046016,113.72651211046016,201.58828810165278,-282.3165693878163,,,1.8206865738327451,5.278650702995128,4.434463992721916,,
1660915800,132.56,133.56,132.37,132.92,128.40249012228858,127.47285414883686,128.40249012228858,127.47285414883686,0,0,0,0,0,138.09320000000002,127.3718,142.3814,123.08359999999999,131.66,128.05867981138377,125.16132018861626,,,,,5946717,0.77,0.67,0.28372769264044373,0.24424875999591178,-0.4271162821104289,-32.471810699058075,68.50541247433134,68.50541247433134,98.65281223175056,98.65281223175056,201.58828810165278,-282.3165693878163,,,1.4297416039913529,5.12771309126949,4.4284605513857915,,
1661175000,132.1,132.52,130.74,131.18,128.4072314007655,127.60236967241188,128.4072314007655,127.60236967241188,0,0,0,0,0,138.09320000000002,127.3718,142.3814,123.08359999999999,131.66,128.0627255523515,125.1572744476485,,,,,6420368,0.77,0.66,-0.11124160970605544,0.08614737729187193,-0.4526897405181894,-60.039024990446016,18.29150247832233,18.29150247832233,71.86570898060782,71.86570898060782,201.58828810165278,-282.3165693878163,,,2.6435326532131826,5.0302942505614,4.424894261878953,,
1661261400,130.6,130.74,128.985,129.35,128.40849177758716,127.65867086172906,128.40849177758716,127.65867086172906,0,0,0,0,0,138.09320000000002,127.3718,142.3814,123.08359999999999,131.66,128.07323075707154,125.14676924292844,,,,,7501923,0.77,0.66,-0.38454714120042616,0.06761764713827041,-0.5989250267007171,-89.72028945755389,-37.83200516252605,-37.83200516252605,35.29980426622986,35.29980426622986,201.58828810165278,-282.3165693878163,,,3.9504058381115335,4.987945685367287,4.423946233060237,,
1661347800,129.48,130.0069,129.04,129.51,128.4098584273822,127.71489945538674,128.4098584273822,127.71489945538674,0,0,0,0,0,138.09320000000002,127.3718,142.3814,123.08359999999999,131.66,128.07253213407856,125.14746786592144,,,,,6719608,0.78,0.66,-0.6223734904249474,0.22933368970192078,-0.553099907958171,-75.8583306503792,-79.20330125671708,-79.20330125671708,-2.8678975747524547,-2.8678975747524547,201.58828810165275,-211.8385650224276,,,3.9094496984138805,4.945651725094605,4.422918267956049,,
1661434200,130.06,130.98,129.15,130.94,128.4114399290258,127.77319359439119,128.4114399290258,127.77319359439119,0,0,0,0,0,138.09320000000002,127.3718,142.3814,123.08359999999999,131.66,128.083228692462,125.136771307538,,,,,5636652,0.75,0.67,-0.18869980327134692,0.43510704636748027,-0.37720252713428126,-70.13230101923527,-92.87651950515252,-92.87651950515252,-32.87077155155248,-32.87077155155248,201.58828810165278,-188.811589671435,,,3.827537419018532,4.901804105248484,4.421728695830299,,
1661520600,130.98,130.99,127.19,127.29,128.40914134774903,127.75310757108173,128.40914134774903,127.75310757108173,0,0,0,0,0,138.09320000000002,127.3718,142.3814,123.08359999999999,131.66,128.14760413147135,125.07239586852864,,,,,9044717,0.77,0.67,-1.1662401724198748,-0.3176706794276264,-0.6598281187869263,-102.82566500996298,-123.75736206708729,-123.75736206708729,-63.16630172339741,-63.16630172339741,201.5882881016528,-212.7908493079218,,,5.287065306426387,4.916912387647617,4.423457640107214,,
1661779800,126.52,127.19,125.74,126.4,128.4039792271741,127.67751511731382,128.4039792271741,127.67751511731382,0,0,0,0,0,138.09320000000002,127.3718,142.3814,123.08359999999999,131.66,128.12618062820778,125.09381937179222,,,,,6727668,0.78,0.67,-1.445010544170166,-0.11698401391670489,-0.8111667508592486,-133.43767913965482,-159.879557563793,-159.879557563793,-95.40405367019594,-95.40405367019594,201.5882881016528,-212.7908493079218,,,6.366818080274032,4.97377143441728,4.427340478149506,,
1661866200,126.85,126.85,125.25,125.56,128.39785818975716,127.58586354408583,128.39785818975716,127.58586354408583,0,0,0,0,0,138.09320000000002,127.3718,142.3814,123.08359999999999,131.66,128.11569973621786,125.10430026378211,,,,,7910498,0.82,0.66,-1.5476031455678745,-0.4478219778392649,-0.7836211490160856,-149.63878993956405,-182.5705608274375,-182.5705608274375,-124.45955605594312,-124.45955605594312,201.5882881016528,-212.7908493079218,,,6.73170005212599,5.042709811582328,4.4319445931824255,,
1661952600,125.97,126.76,124.74,124.76,128.39074059097643,127.4780061502001,128.39074059097643,127.4780061502001,0,0,0,0,0,138.09320000000002,127.3718,142.3814,123.08359999999999,131.66,128.10242855732193,125.11757144267807,,,,,8954532,0.81,0.66,-1.5791450106423701,-0.4036096922106478,-0.5568314081046216,-172.26423373739632,-191.81508664243168,-191.81508664243168,-146.91139958477265,-146.91139958477265,201.5882881016528,-212.7908493079218,,,7.1114751656862,5.1238378646844405,4.437298300619996,,
1662039000,124.56,126.87,124.39,126.81,128.38294490547997,127.36079022274127,128.38294490547997,127.36079022274127,0,0,0,0,0,129.425,119.875,134.29000000000002,115.00999999999999,124.56,128.1205790007145,125.0994209992855,,,,,11212375,0.78,0.65,-1.0783530231914076,-0.3919379493525058,-0.4778568600633487,-221.59312160939814,-185.1512019858954,-185.1512019858954,-159.6580003851469,-159.6580003851469,201.5882881016528,-212.7908493079218,,,7.372105145580454,5.212005209033304,4.443162050559977,,
1662125400,127.54,127.66,124.445,124.99,128.3752735869875,127.2503062924377,128.3752735869875,127.2503062924377,0,0,0,0,0,129.425,119.875,134.29000000000002,115.00999999999999,124.56,128.12619607264935,125.09380392735065,,,,,9730278,0.79,0.65,-1.4913611041964114,-0.5380338931352662,-0.45444623771228404,-220.36204871156835,-201.53035930823054,-201.53035930823054,-173.6154533595081,-173.6154533595081,201.5882881016528,-212.7908493079218,,,7.331149005882791,5.295108887341127,4.448932254266915,,
1662471000,125.48,126.68,124.76,125.11,128.36824067272778,127.15638447704798,128.36824067272778,127.15638447704798,0,0,0,0,0,129.425,119.875,134.29000000000002,115.00999999999999,124.56,128.12635183881963,125.09364816118037,,,,,9663569,0.78,0.65,-1.1593164150546327,-0.5985084184899824,-0.43051754823044647,-213.31135847854173,-225.03502405895355,-225.03502405895355,-190.75531025932327,-190.75531025932327,201.5882881016528,-212.7908493079218,,,7.096582023977948,5.365754892699433,4.454222263796807,,
1662557400,125.08,127.36,124.68,127.15,128.36106356848657,127.06303998775198,128.36106356848657,127.06303998775198,0,0,0,0,0,129.425,119.875,134.29000000000002,115.00999999999999,124.56,128.1345534214882,125.08544657851179,,,,,9038440,0.76,0.65,-0.4226627554548696,-0.44077253408695966,-0.40758062084731483,-215.1020099662944,-193.72882106163647,-193.72882106163647,-191.746480526761,-191.746480526761,201.5882881016528,-212.7908493079218,,,7.15615459081092,5.435966645566551,4.459620729984648,,
1662643800,126.68,129.4,126.42,129.36,128.35734256235574,127.04090900784014,128.35734256235574,127.04090900784014,0,0,0,0,0,129.425,119.875,134.29000000000002,115.00999999999999,124.56,128.15535070182386,125.06464929817614,,,,,9394760,0.76,0.66,-0.028509875165941435,-0.2842344590668025,-0.0585676730959094,-176.155340107673,-170.25798705193094,-170.25798705193094,-127.28100010227081,-127.28100010227081,201.5882881016528,-212.7908493079218,,,5.860451262193752,5.4526131011205585,4.462419592186864,,
1662730200,129.68,130.85,129.44,130.5,128.3596026171762,127.136892968317,128.3596026171762,127.136892968317,0,0,0,0,0,129.425,119.875,134.29000000000002,115.00999999999999,124.56,128.1175914195236,125.1024085804764,,,,,8880372,0.73,0.66,-0.08277551446037289,-0.25052317774927974,0.06468413502910528,-108.55824644500815,-132.78896293966125,-132.78896293966125,-57.85091471512186,-57.85091471512186,201.5882881016528,-212.7908493079218,,,3.611586864249009,5.380415993792263,4.460719626696478,,
1662989400,131,132.05,130.65,131.37,128.36425156299603,127.27608932250065,128.36425156299603,127.27608932250065,0,0,0,0,0,129.425,119.875,134.29000000000002,115.00999999999999,124.56,128.09691399918975,125.12308600081025,,,,,7982550,0.71,0.65,0.7907478075071385,-0.11080535055752758,0.09369941160495969,-81.47464269274816,-88.16980898786002,-88.16980898786002,1.0684989157424312,1.0684989157424312,201.5882881016528,-212.7908493079218,,,2.71055179090028,5.275715436816107,4.457222787863718,,
1663075800,129.28,129.57,126.685,127.03,128.36104836306995,127.25589170201043,128.36104836306995,127.25589170201043,0,0,0,0,0,129.425,119.875,134.29000000000002,115.00999999999999,124.56,128.1128357531165,125.1071642468835,,,,,11928461,0.7,0.64,0.1199040402490469,-0.4639623844206551,-0.34668178509016123,-170.22380705449214,-54.30852336606762,-54.30852336606762,13.414047877517195,13.414047877517195,201.5882881016528,-212.7908493079218,,,5.663117134559529,5.290907660257025,4.459632167177795,,
1663162200,127.45,128.2,126.26,127.1,128.3570109038031,127.21998614506884,128.3570109038031,127.21998614506884,0,0,0,0,0,129.425,119.875,134.29000000000002,115.00999999999999,124.56,128.10376077238698,125.11623922761304,,,,,8080138,0.67,0.64,0.2959355403197714,-0.4095645040676765,-0.19089181563722166,-179.73664308317836,-35.000766372132844,-35.000766372132844,3.614747615736711,3.614747615736711,201.5882881016528,-212.7908493079218,,,5.979596395859697,5.317915061653208,4.462669058743593,,
1663248600,127.65,129.0326,127.52,127.81,128.3554738190802,127.23440629624261,128.3554738190802,127.23440629624261,0,0,0,0,0,129.425,119.875,134.29000000000002,115.00999999999999,124.56,128.09837401396464,125.12162598603535,,,,,8624440,0.67,0.64,0.612583423643256,-0.4751193325288154,-0.1267879468402203,-143.8616096973141,-24.064221542040585,-24.064221542040585,-2.191131881856056,-2.191131881856056,201.5882881016528,-212.7908493079218,,,5.041328468240373,5.307068528578195,4.46382522139993,,
1663335000,127.41,127.73,126.465,127.45,128.35185299226885,127.2073021277625,128.35185299226885,127.2073021277625,0,0,0,0,0,129.425,119.875,134.29000000000002,115.00999999999999,124.56,128.6347711838146,125.6852288161854,,,,,10810287,0.67,0.63,0.12664451031853044,-0.4461989466380434,0.06814909323459381,-150.91242421336236,-20.220542782154777,-20.220542782154777,-12.533185262383164,-12.533185262383164,201.5882881016528,-212.7908493079218,,,5.8269416933502045,5.327455711510431,4.466548730834396,,
1663594200,126.14,126.29,124.455,126.26,128.3442635757009,127.1032255737326,128.3442635757009,127.1032255737326,0,0,0,0,0,129.425,119.875,134.29000000000002,115.00999999999999,124.56,129.05346246390133,126.07653753609868,,,,,9430349,0.66,0.62,0.2567213987755667,-0.5759433359264121,-0.04049330810260543,-191.42620277963135,-55.96841959198843,-55.96841959198843,-32.136501718766,-32.136501718766,201.5882881016528,-212.7908493079218,,,7.323702435028665,5.405739896746439,4.472257329643975,,
1663680600,125.41,125.6,124.005,124.78,128.33579921291226,126.98575986495878,128.33579921291226,126.98575986495878,0,0,0,0,0,129.425,119.875,134.29000000000002,115.00999999999999,124.56,129.58146422936238,126.64853577063764,,,,,9010647,0.67,0.62,-0.06638005924004754,-0.769709645641527,-0.08320138234205185,-201.60243328770397,-99.33585939903145,-99.33585939903145,-54.53628761218781,-54.53628761218781,201.5882881016528,-212.7908493079218,,,7.658798123464143,5.494095121323604,4.478624044516743,,
1663767000,125.28,126.11,122.68,122.71,128.32473088281654,126.82145947809765,128.32473088281654,126.82145947809765,0,0,0,0,0,129.425,119.875,134.29000000000002,115.00999999999999,124.56,130.05495266335774,127.09504733664227,,,,,11642390,0.66,0.63,-0.8774888314766028,-0.955360612508205,-0.2988489945822136,-198.8329386696744,-133.26680083192264,-133.26680083192264,-80.77979201876609,-80.77979201876609,201.5882881016528,-212.7908493079218,,,8.645468761635257,5.617678401335826,4.48694940858691,,
1663853400,122.52,124.2,122,123.36,128.3123396123214,126.63720224366244,128.3123396123214,126.63720224366244,0,0,0,0,0,129.425,119.875,134.29000000000002,115.00999999999999,124.56,129.66830917615542,126.80169082384461,,,,,9505590,0.66,0.62,-1.1880649214345966,-1.0502063119811968,-0.3479028555213064,-214.3917877255294,-155.45962810038665,-155.45962810038665,-105.6730707126396,-105.6730707126396,201.5882881016528,-212.7908493079218,,,9.151835579715534,5.756272800487971,4.496269860477277,,
1663939800,122.7,122.95,121.2,122.73,128.29839068202705,126.42911195959725,128.29839068202705,126.42911195959725,0,0,0,0,0,129.425,119.875,134.29000000000002,115.00999999999999,124.56,129.23886444416377,126.43113555583625,,,,,16611134,0.62,0.63,-1.5256814907931828,-1.0316609875504685,-0.4496546335012886,-221.59312160939817,-176.27811422226392,-176.27811422226392,-129.20808521584772,-129.20808521584772,201.5882881016528,-212.7908493079218,,,9.747561248045269,5.912793916078454,4.506761951161728,,
1664199000,122,122.59,121.02,121.56,128.28411357776727,126.22219384353461,128.28411357776727,126.22219384353461,0,0,0,0,0,129.425,119.875,134.29000000000002,115.00999999999999,124.56,129.1528093262981,126.33719067370191,,,,,10450594,0.66,0.63,-1.9092581508754418,-1.332315433872849,-0.634017449293513,-221.59312160939817,-197.5296668638646,-197.5296668638646,-151.98194576518668,-151.98194576518668,201.5882881016528,-212.7908493079218,,,9.881599523419462,6.068433351660454,4.517500887370035,,
1664285400,122.41,123.2,120.7,121.19,128.26923203215733,126.01096663398424,128.26923203215733,126.01096663398424,0,0,0,0,0,129.425,119.875,134.29000000000002,115.00999999999999,124.56,128.9657041417779,126.20429585822211,,,,,13239875,0.67,0.63,-1.1958665110519135,-1.4650186370758842,-0.4574591585666496,-221.59312160939814,-214.9798134078035,-214.9798134078035,-172.9812349793923,-172.9812349793923,201.5882881016528,-212.7908493079218,,,10.119889790751351,6.227313996330685,4.528694471592575,,
1664371800,122.89,124.455,122.1,123.84,128.25714945067452,125.8623757855927,128.25714945067452,125.8623757855927,0,0,0,0,0,129.425,119.875,134.29000000000002,115.00999999999999,124.56,129.003604636591,126.16639536340901,,,,,16359969,0.66,0.62,-0.6637677598165385,-1.1256328912250393,-0.29467357225865687,-192.51811033918673,-181.92342025655623,-181.92342025655623,-175.9619634051136,-175.9619634051136,201.5882881016528,-212.7908493079218,,,9.077369871174323,6.339080893383377,4.537782734129202,,
1664458200,123.47,123.77,121.97,122.8,128.24483386735648,125.71456497047141,128.24483386735648,125.71456497047141,0,0,0,0,0,129.425,119.875,134.29000000000002,115.00999999999999,124.56,129.00888844214327,126.16111155785673,,,,,10791664,0.64,0.62,-1.0125255897299488,-1.159235490177434,-0.4630837218311231,-195.21793281427773,-167.08062621932896,-167.08062621932896,-149.31795184775967,-149.31795184775967,201.5882881016528,-212.7908493079218,,,9.174175292277901,6.450261065889045,4.547046255723904,,
1664544600,122.81,123.66,120.97,121.11,128.2305648686205,125.53372712849215,128.2305648686205,125.53372712849215,0,0,0,0,0,129.425,119.875,134.29000000000002,115.00999999999999,124.56,129.01097149960717,126.15902850039284,,,,,12389824,0.63,0.63,-1.3056080528060552,-1.3088677467595309,-0.6555489981836021,-215.98579800728598,-158.2875759804773,-158.2875759804773,-140.701475502774,-140.701475502774,201.5882881016528,-212.7908493079218,,,9.91883237769007,6.586283470273399,4.557779095128432,,
1664803800,121.99,124.0701,121.62,123.6,128.2176100936582,125.38521626070815,128.2176100936582,125.38521626070815,0,0,0,0,0,127.66499999999999,115.025,133.34,109.35,121.99,129.0490963524073,126.12090364759271,,,,,9326783,0.63,0.62,-0.5451258118942752,-1.0474802597982753,-0.5064262594890006,-202.48668563183048,-141.55687454552077,-141.55687454552077,-108.09547167560767,-108.09547167560767,201.5882881016528,-212.7908493079218,,,9.434805272172156,6.6979902076027615,4.567523403174474,,
1664890200,124.63,126.52,124.335,126.47,128.21005153203254,125.34793523087644,128.21005153203254,125.34793523087644,0,0,0,0,0,127.66499999999999,115.025,133.34,109.35,121.99,129.09250648835715,126.07749351164287,,,,,13718048,0.65,0.63,0.344752171249792,-0.5276645766139914,-0.31025571075865765,-146.1019316328133,-110.22603141016725,-110.22603141016725,-47.564345139460215,-47.564345139460215,201.5882881016528,-212.7908493079218,,,7.413061285278129,6.726032210648855,4.573208793548307,,
1664976600,125.66,127.545,125.19,126.89,128.20419928121927,125.34531031986168,128.20419928121927,125.34531031986168,0,0,0,0,0,127.66499999999999,115.025,133.34,109.35,121.99,129.0918504930662,126.07814950693384,,,,,9913388,0.65,0.63,0.8693877854633402,-0.2802368581377322,-0.31879290753350437,-128.34540689279115,-71.26242333705576,-71.26242333705576,6.664792809167217,6.664792809167217,201.5882881016528,-212.7908493079218,,,6.776379477250723,6.728006613260693,4.577610732976284,,
1665063000,126.42,126.81,124.94,125.27,128.19786421772034,125.33308246418083,128.19786421772034,125.33308246418083,0,0,0,0,0,127.66499999999999,115.025,133.34,109.35,121.99,129.10369281656773,126.0663071834323,,,,,9399262,0.65,0.63,0.39455621762408577,-0.4816724544893905,-0.5545836602536728,-133.53737319104323,-35.312702313809396,-35.312702313809396,36.586739732683355,36.586739732683355,201.5882881016528,-212.7908493079218,,,6.962543748603764,6.737204147980028,4.5823758339066085,,
1665149400,124.32,124.54,121.92,122.62,128.1855681853173,125.20408707342864,128.1855681853173,125.20408707342864,0,0,0,0,0,127.66499999999999,115.025,133.34,109.35,121.99,129.13897251900275,126.0310274809973,,,,,10068945,0.63,0.63,-0.022567218833366834,-0.9236904461105604,-0.6099696468938967,-196.25632607392805,-15.1871602916309,-15.1871602916309,25.063923752726097,25.063923752726097,201.5882881016528,-212.7908493079218,,,9.211408146548509,6.834231755767028,4.591624649716083,,
1665408600,122.91,123.08,121.38,121.85,128.17222858854345,125.0591856195687,128.17222858854345,125.0591856195687,0,0,0,0,0,127.66499999999999,115.025,133.34,109.35,121.99,129.12960190444912,126.0403980955509,,,,,8377954,0.63,0.63,0.06039862344057831,-0.6246888005814556,-0.5490980942532824,-207.47097327815268,-10.669538180257247,-10.669538180257247,-1.6342939575099393,-1.6342939575099393,201.5882881016528,-212.7908493079218,,,9.613522972671083,6.943223568194638,4.60165841259911,,
1665495000,121.6,123.8,121.29,122.5,128.15873762233255,124.91647245801698,128.15873762233255,124.91647245801698,0,0,0,0,0,127.66499999999999,115.025,133.34,109.35,121.99,129.12590707403652,126.04409292596351,,,,,10792901,0.62,0.63,0.2791409986501076,-0.4600192689033151,-0.5805885211240097,-209.3400811455232,-21.800290551649965,-21.800290551649965,-14.379788970721485,-14.379788970721485,201.5882881016528,-212.7908493079218,,,9.68054211035817,7.050569393377521,4.611806032374853,,
1665581400,122.89,123.615,121.87,121.9,128.14642086384637,124.80187353809475,128.14642086384637,124.80187353809475,0,0,0,0,0,127.66499999999999,115.025,133.34,109.35,121.99,129.12700109831135,126.04299890168865,,,,,9292811,0.64,0.63,-0.404355141619284,-0.4344015180035397,-0.5249095875362271,-126.79720080908093,-38.697579393681394,-38.697579393681394,-22.48571911170812,-22.48571911170812,201.5882881016528,-212.7908493079218,,,9.248641000819115,7.136768279943858,4.6210704379062095,,
1665667800,120.15,125.33,119.95,124.74,128.13033091207046,124.617227516993,128.13033091207046,124.617227516993,0,0,0,0,0,127.66499999999999,115.025,133.34,109.35,121.99,128.74411652103132,125.6758834789687,,,,,14063585,0.67,0.63,0.40241169191574244,-0.002357551722776838,-0.3335090643056739,-167.7821546059556,-22.307975993653994,-22.307975993653994,-21.952489757545735,-21.952489757545735,201.5882881016528,-212.7908493079218,,,10.678382604810476,7.275655116213137,4.633172959718206,,
1665754200,125.47,126.4,123.52,123.9,128.12133464651188,124.57842251632661,128.12133464651188,124.57842251632661,0,0,0,0,0,127.66499999999999,115.025,133.34,109.35,121.99,128.71080369712502,125.709196302875,,,,,11444396,0.67,0.62,0.5876434527415658,-0.33796253711218677,-0.49325121736039035,-91.57575613989194,-12.080395496025515,-12.080395496025515,8.374765499231444,8.374765499231444,201.5882881016528,-212.7908493079218,,,8.019956809889043,7.304843417925918,4.639939760617649,,
1666013400,124.69,126.14,124.54,125.89,128.11437393792744,124.58073928039222,128.11437393792744,124.58073928039222,0,0,0,0,0,127.66499999999999,115.025,133.34,109.35,121.99,128.70806136992096,125.71193863007905,,,,,8420426,0.7,0.63,0.46866952565284886,0.10516138995524717,-0.2972412298211145,-62.29328089980369,7.078271880939658,7.078271880939658,45.395606634870006,45.395606634870006,201.5882881016528,-212.7908493079218,,,7.260406582768625,7.303100796939358,4.645175458564005,,
1666099800,127.76,127.8,125.97,126.59,128.11025570828124,124.6384828380239,128.11025570828124,124.6384828380239,0,0,0,0,0,127.66499999999999,115.025,133.34,109.35,121.99,128.70314944960248,125.71685055039752,,,,,10016876,0.7,0.63,0.02397532413213089,0.17257577156411072,-0.06273742618527191,-19.781011067641735,31.648320386875135,31.648320386875135,80.78841739874608,80.78841739874608,201.5882881016528,-212.7908493079218,,,6.195546950629231,7.2596673127703335,4.648273103902796,,
1666186200,126.2,126.21,123.73,124.82,128.10171493763534,124.60699723653278,128.10171493763534,124.60699723653278,0,0,0,0,0,127.66499999999999,115.025,133.34,109.35,121.99,128.6966785628619,125.7233214371381,,,,,7676230,0.68,0.63,-0.4100695025957685,-0.2659459938063468,-0.04473618565437049,-67.94347279755185,49.35106046752679,49.35106046752679,84.75654062883011,84.75654062883011,201.5882881016528,-212.7908493079218,,,7.8635788219524825,7.283350117051986,4.654697291151646,,
1666272600,124.6,125.51,123.6,123.76,128.09293408860907,124.57169930568836,128.09293408860907,124.57169930568836,0,0,0,0,0,127.66499999999999,115.025,133.34,109.35,121.99,128.70091909517777,125.71908090482226,,,,,7196824,0.65,0.62,-0.30526255031033783,-0.632952400206678,0.14359451726697642,-70.73861566580578,53.98112141903642,53.98112141903642,63.241243322055674,63.241243322055674,201.5882881016528,-212.7908493079218,,,7.960384243056072,7.3099004749345,4.661302060286321,,
1666359000,123.67,126.88,123.01,126.54,128.0830037507697,124.51487972507311,128.0830037507697,124.51487972507311,0,0,0,0,0,127.66499999999999,115.025,133.34,109.35,121.99,128.74233221092993,125.67766778907007,,,,,8433295,0.68,0.63,0.8002883913785712,-0.4385769559686096,0.4160828569301833,-83.42426406788012,57.278682755877114,57.278682755877114,63.87380542955851,63.87380542955851,201.5882881016528,-212.7908493079218,,,8.399731923449243,7.3526389631115485,4.668771450622311,,
1666618200,127.6,129.37,127.6,128.98,128.08217237464427,124.63848836330554,128.08217237464427,124.63848836330554,0,0,0,0,0,127.66499999999999,115.025,133.34,109.35,121.99,128.77132214885887,125.64867785114116,,,,,7411288,0.7,0.63,1.4567117742615427,-0.26148736450037063,0.4927852577240881,-29.190717487669172,68.55805431644923,68.55805431644923,91.11679743759348,91.11679743759348,201.5882881016528,-212.7908493079218,,,4.9817559014074,7.259663156770209,4.669396794180323,,
1666704600,128.59,130.11,128.52,129.96,128.0831624398298,124.79296725101905,128.0831624398298,124.79296725101905,0,0,0,0,0,127.66499999999999,115.025,133.34,109.35,121.99,128.77289689086643,125.6471031091336,,,,,7174177,0.7,0.62,1.5162688047999635,0.33156918071285907,0.691856060256589,-27.849061052680593,84.37976871273393,84.37976871273393,116.02319750530333,116.02319750530333,168.9490845247063,-212.79084930792177,,,4.296671382828195,7.143467400929346,4.668652088063736,,
1666791000,130.36,132.62,130.32,131.4,128.08771096642354,125.01127049607713,128.08771096642354,125.01127049607713,0,0,0,0,0,127.66499999999999,115.025,133.34,109.35,121.99,128.77971509502476,125.64028490497526,,,,,8277066,0.7,0.61,1.9415327680567573,0.4866168047446815,0.7972525807559335,-21.056481585776233,101.85326314606564,101.85326314606564,136.8002520127291,136.8002520127291,176.314535160838,-212.79084930792175,,,2.956288629086305,6.979264311837462,4.665230782451393,,
1666877400,131.7,131.72,130.515,130.71,128.09263611933778,125.2285834177996,128.09263611933778,125.2285834177996,0,0,0,0,0,127.66499999999999,115.025,133.34,109.35,121.99,128.78102189150604,125.63897810849397,,,,,6497027,0.67,0.61,1.191233866461468,0.3260625916017713,0.5488296550700265,-17.254616855011257,116.82330345878636,116.82330345878636,146.7633840842278,146.7633840842278,176.314535160838,-212.79084930792175,,,2.811080497430938,6.8158061230372065,4.661526186477326,,
1666963800,130.91,132.96,130.5,132.86,128.097521761457,125.43679191121922,128.097521761457,125.43679191121922,0,0,0,1,0,127.66499999999999,115.025,133.34,109.35,121.99,128.7982351681924,125.62176483180761,,,,,6267145,0.69,0.62,1.794419121342881,0.6081125735061542,0.5695981452653678,-45.50668181541357,133.81190700670984,133.81190700670984,167.7891141025568,167.7891141025568,176.314535160838,-212.79084930792175,,,2.8222503537121097,6.659196092867595,4.657851309688585,,
1667223000,132.17,133.27,131.87,132.75,128.10510753216337,125.69002360097532,128.10510753216337,125.69002360097532,0,0,0,1,0,127.66499999999999,115.025,133.34,109.35,121.99,128.79716551792188,125.62283448207813,,,,,7852874,0.7,0.61,1.3548451271191888,0.73786184924728,0.36909704503774743,-19.089667371720164,152.4045702353836,152.4045702353836,189.58989669273112,189.58989669273112,176.314535160838,-212.79084930792175,,,1.8020701466974365,6.468720565566804,4.652145453219072,,
1667309400,132.91,133.57,131.41,132.83,128.11176825637483,125.91546581270178,128.11176825637483,125.91546581270178,0,0,0,1,0,139.93,126.25,146.59000000000003,119.58999999999999,132.91,128.79065365198846,125.62934634801157,,,,,8033434,0.7,0.61,1.24607890271392,0.9415656904989339,0.23674630521703155,-27.959613827266974,171.56303082025832,171.56303082025832,209.87995199000773,209.87995199000773,176.314535160838,-212.79084930792175,229.87995199000773,,2.14461240598704,6.299147696563677,4.647135397180646,,
1667395800,132.52,134.03,130.5,130.57,128.11661567244602,126.09673774161544,128.11661567244602,126.09673774161544,0,0,0,0,0,139.93,126.25,146.59000000000003,119.58999999999999,132.91,128.8124250156802,125.60757498431984,,,,,10230651,0.68,0.61,1.163322067369744,0.9338954565610758,0.05777128798634236,-45.50668181541357,177.85905772026746,177.85905772026746,190.45111152028576,190.45111152028576,176.314535160838,-212.79084930792175,,,2.8222503537121097,6.162798781157733,4.643489273217672,,
1667482200,129.62,130.74,128.7,130.02,128.11789296380977,126.20101861449326,128.11789296380977,126.20101861449326,0,0,0,0,0,139.93,126.25,146.59000000000003,119.58999999999999,132.91,128.813752867358,125.60624713264201,,,,,7916588,0.67,0.62,1.3170381814956498,0.8116028699786151,0.17710010778712693,-80.21516794581377,136.70502115196774,136.70502115196774,164.14104553083422,164.14104553083422,176.314535160838,-212.79084930792175,,,4.16263310745402,6.084360911600724,4.642528521637725,,
1667568600,131,131.28,128.97,130.81,128.11970176907687,126.31169239431706,128.11970176907687,126.31169239431706,0,0,0,0,0,139.93,126.25,146.59000000000003,119.58999999999999,132.91,128.8163305556247,125.60366944437534,,,,,8082235,0.68,0.61,0.8809999854936306,0.9923750927799628,0.15437783323062845,-75.00889502625358,90.5172963200261,90.5172963200261,139.59979579389818,139.59979579389818,176.314535160838,-212.79084930792175,,,3.961575694392727,6.0011144324945285,4.641167976528344,,
1667831400,131.02,132.56,130.53,132.21,128.12459267463316,126.47859073179482,128.12459267463316,126.47859073179482,0,0,0,0,0,139.93,126.25,146.59000000000003,119.58999999999999,132.91,128.82464474349592,125.59535525650409,,,,,6054386,0.68,0.61,0.6535705804697604,1.3201115599621012,0.2693134775288208,-42.47357125430384,75.57945703016415,75.57945703016415,118.25968287265351,118.25968287265351,176.31453516083803,-191.53222212318246,,,2.799910641149744,5.87557702891238,4.637489140693422,,
1667917800,132.24,133.89,131.33,132.87,127.78826330194273,126.34409868878369,127.78826330194273,126.34409868878369,0,0,0,0,0,139.93,126.25,146.59000000000003,119.58999999999999,132.91,128.81732792475975,125.60267207524026,,,,,8930880,0.68,0.62,0.5890221185758839,1.4637393461316337,0.21569731727608613,-26.410191266407935,83.3231558043518,83.3231558043518,106.61417384988627,106.61417384988627,176.31453516083803,-169.77429800396067,,,1.9413126259986517,5.721292150366743,4.632102174630096,,
1668004200,132.66,133.55,131.28,131.44,127.05253322931098,125.8314322908171,127.05253322931098,125.8314322908171,0,0,0,0,0,139.93,126.25,146.59000000000003,119.58999999999999,132.91,128.8232823007288,125.59671769927121,,,,,8963460,0.67,0.62,0.00797017545357376,0.927673770753772,0.16990327096388674,-26.699510536522897,80.73082578668625,80.73082578668625,97.98639116215293,97.98639116215293,176.314535160838,-162.56312248480964,,,1.404431092752538,5.552003481440696,4.625653281359611,,
1668090600,134.47,135.05,132.66,134.78,128.61602754570168,127.58004982198466,128.61602754570168,127.58004982198466,0,0,0,0,0,139.93,126.25,146.59000000000003,119.58999999999999,132.91,129.15377874208414,125.84622125791586,,,,,12416829,0.69,0.63,0.8116623405483044,1.4682081327066632,0.3333674530933906,-35.09486041438193,98.82726182943173,98.82726182943173,100.50900316398935,100.50900316398935,176.314535160838,-162.56312248480964,,,1.5729336696839327,5.3959615280384705,4.619553941476143,,
1668177000,134.61,134.63,131.4,133.13,128.62165746069527,127.73117727994604,128.62165746069527,127.73117727994604,0,0,0,0,0,139.93,126.25,146.59000000000003,119.58999999999999,132.91,129.16363380688276,125.83636619311723,,,,,10487243,0.67,0.63,0.052966194888931964,1.4934582775261247,0.18528564079788418,-55.95312650972194,101.08163572173545,101.08163572173545,105.59038350634287,105.59038350634287,176.314535160838,-162.56312248480964,,,2.5077904733639973,5.282699918051236,4.615334633847548,,
1668436200,133.53,134.84,133.2,133.25,128.6308365666679,127.94626052386973,128.6308365666679,127.94626052386973,0,0,0,0,0,139.93,126.25,146.59000000000003,119.58999999999999,132.91,129.16319863282928,125.8368013671707,,,,,10537222,0.68,0.63,0.09978956632574794,1.1942572209626097,0.16954838087631724,-26.155603516379134,104.69586937017887,104.69586937017887,111.9243366670657,111.9243366670657,176.314535160838,-162.56312248480964,,,1.172280753821051,5.121507009650053,4.608455405316026,,
1668522600,134.1,134.66,131.97,133.08,128.6375643657355,128.1051561896003,128.6375643657355,128.1051561896003,0,0,0,0,0,139.93,126.25,146.59000000000003,119.58999999999999,132.91,129.1607082367904,125.83929176320959,,,,,8184215,0.68,0.62,0.050322007619642485,0.8068028742059118,0.18247074065438487,-46.51724422849675,104.7646875894479,104.7646875894479,104.90232402798598,104.90232402798598,176.314535160838,-162.56312248480964,,,2.084879062175399,5.002423560729478,4.603413294740321,,
1668609000,133.41,134.305,132.79,133.02,128.6459007006691,128.2896559468709,128.6459007006691,128.2896559468709,0,0,0,0,0,139.93,126.25,146.59000000000003,119.58999999999999,132.91,129.15917670553924,125.84082329446073,,,,,6122194,0.67,0.62,0.5018839940986933,0.7460245426092816,0.29569232212130814,-32.942817087085004,95.99602555513695,95.99602555513695,101.84180024467759,101.84180024467759,176.314535160838,-162.56312248480964,,,1.4764801899391669,4.864151271678878,4.597165676149309,,
1668695400,131.97,133.5,131.86,132.96,128.65238081914927,128.4308145371897,128.65238081914927,128.4308145371897,0,0,0,0,0,139.93,126.25,146.59000000000003,119.58999999999999,132.91,129.15863519353448,125.84136480646552,,,,,6498840,0.67,0.61,0.611794550871331,0.9589303645813696,0.38621544633268845,-48.338203966978575,62.231387495079574,62.231387495079574,88.63832932814492,88.63832932814492,176.314535160838,-162.56312248480964,,,2.1664935450363463,4.758360772594857,4.592309188374858,,
1668781800,134.09,134.8,133.65,134.57,128.66238864968045,128.63593161416264,128.66238864968045,128.63593161416264,0,0,0,0,0,139.93,126.25,146.59000000000003,119.58999999999999,132.91,129.15559132819433,125.84440867180567,,,,,6720662,0.66,0.62,0.7757980610019206,1.5186152496722525,0.5265085454743943,-18.706222768043084,77.78191794055813,77.78191794055813,85.01952553228266,85.01952553228266,176.314535160838,-162.56312248480964,,,0.8384033239352986,4.604636951078796,4.584808876957396,,
1669041000,134.29,135.21,134.14,134.63,128.67334571531546,128.85202841360723,128.67334571531546,128.85202841360723,0,0,0,0,0,139.93,126.25,146.59000000000003,119.58999999999999,132.91,129.219996946055,125.940003053945,,,,,7995562,0.64,0.62,0.4941702036849757,1.6348209254543096,0.3061942157724245,-10.594674842077785,89.94364215311155,89.94364215311155,99.79187539476936,99.79187539476936,176.314535160838,-162.56312248480964,,,0.4748479002819519,4.442684439282842,4.576597166714288,,
1669127400,134.95,135.9,134.93,135.8,129.6577038020868,130.02761849256527,129.6577038020868,130.02761849256527,0,0,0,0,0,139.93,126.25,146.59000000000003,119.58999999999999,132.91,129.57440421494144,126.27559578505858,,,,,5931101,0.65,0.62,0.5963815903817883,1.695268406156217,0.5906210541706851,-14.29396101156618,101.34047161141524,101.34047161141524,124.13413052802261,124.13413052802261,176.314535160838,-162.56312248480964,,,0.6406480117820357,4.293584971537713,4.568733132438699,,
1669213800,135.82,136.54,135.475,136.34,130.18388948592008,130.7383506740797,130.18388948592008,130.7383506740797,0,0,0,0,0,139.93,126.25,146.59000000000003,119.58999999999999,132.91,129.89100913935695,126.59899086064304,,,,,5340732,0.65,0.62,1.0092807311620506,1.8515963354508225,0.4678638104487909,-14.155523278902587,115.30990640806824,115.30990640806824,143.24877600137427,143.24877600137427,176.314535160838,-162.56312248480964,,,0.6344433035059477,4.150089219850193,4.560872413499773,,
1669386600,136.5,137.26,136.475,137.15,130.9683536805057,131.7098428298561,130.9683536805057,131.7098428298561,0,0,0,1,0,139.93,126.25,146.59000000000003,119.58999999999999,132.91,130.18853128805733,127.02146871194263,,,,,3255961,0.65,0.62,0.4762262567560112,1.555592558791971,0.6197022333892853,-10.980979262785768,132.27864404224317,132.27864404224317,166.21611931059306,166.21611931059306,176.314535160838,-162.56312248480964,,,0.49216186656945776,4.006641088348987,4.552743121697715,,
1669645800,136.73,137.54,135.85,136.12,130.97813319363155,131.87271173848916,130.97813319363155,131.87271173848916,0,0,0,0,0,139.93,126.25,146.59000000000003,119.58999999999999,132.91,130.33098753411826,127.15901246588174,,,,,5026871,0.66,0.62,0.6071069893794144,1.5392503060429852,0.39741010052297404,-21.1485526542539,145.28324774463104,145.28324774463104,171.29245514940678,171.29245514940678,176.314535160838,-162.56312248480964,,,0.9478672985782073,3.8866891750246424,4.545540572600573,,
1669732200,135.83,136.05,135.05,135.78,130.98631074968822,131.99813480756802,130.98631074968822,131.99813480756802,0,0,0,0,0,139.93,126.25,146.59000000000003,119.58999999999999,132.91,130.32697788642804,127.16302211357197,,,,,5439633,0.68,0.62,0.5131965392280757,1.2259558948750575,0.4129058818583185,-34.16304659533284,145.83499312007064,145.83499312007064,146.93848387094982,146.93848387094982,176.314535160838,-162.56312248480964,,,1.5311702515493943,3.794315883907966,4.539517854676395,,
1669818600,135.98,139.11,135.26,139.02,132.77731626872023,133.85670276946772,132.77731626872023,133.85670276946772,0,0,0,0,0,139.93,126.25,146.59000000000003,119.58999999999999,132.91,131.15691673923956,127.90308326076045,,,,,9377430,0.69,0.63,1.1836320844013222,1.5033294924951266,0.576378260340751,-61.972929668967204,150.51641798659,150.51641798659,159.87926771962876,159.87926771962876,185.45454545454564,-162.56312248480964,,,2.7046468134081567,3.7515837634962086,4.535851778669865,,
1669905000,139.82,140.16,138.67,139.42,133.17037956181917,134.41579369393034,133.17037956181917,134.41579369393034,0,0,0,0,0,144.31500000000003,134.61499999999998,149.52000000000004,129.40999999999997,139.82,131.6708199340308,128.43918006596923,,,,,15140193,0.71,0.63,1.2839466852860233,1.8021544564385272,0.558756116656025,-11.391325252382586,160.2123206568664,160.2123206568664,179.60412599741923,179.60412599741923,185.45454545454567,-136.16904311973707,,,0.5379429063262087,3.625558631842483,4.527863948755092,,
1669991400,138.02,139.965,138.02,139.78,133.52327993251862,134.89129290088937,133.52327993251862,134.89129290088937,0,0,0,1,0,144.31500000000003,134.61499999999998,149.52000000000004,129.40999999999997,139.82,131.64922427802966,128.46077572197035,,,,,7779758,0.7,0.63,1.374236275017458,2.002256091909241,0.5263594822428016,-26.66279656001738,168.91507815165707,168.91507815165707,186.32059314123842,186.32059314123842,185.45454545454567,-136.16904311973707,,,1.2591214766060888,3.5327571747743893,4.5213329947647845,,
1670250600,138.88,139.2,137.965,138.44,133.53219076182427,135.0125421988937,133.53219076182427,135.0125421988937,0,0,0,0,0,144.31500000000003,134.61499999999998,149.52000000000004,129.40999999999997,139.82,131.65994067886396,128.45005932113605,,,,,6921643,0.71,0.63,0.7678307753683166,1.4496438130586093,0.37518088871418354,-27.496008952518032,170.10165299848103,170.10165299848103,172.47480269212897,172.47480269212897,185.45454545454567,-136.16904311973707,,,1.2984690227500342,3.445138031557748,4.514893706109411,,
1670337000,138.18,138.62,136.7145,137.39,133.53861027079165,135.08048779893707,133.53861027079165,135.08048779893707,0,0,0,0,0,144.31500000000003,134.61499999999998,149.52000000000004,129.40999999999997,139.82,131.64851085054428,128.46148914945573,,,,,8171529,0.69,0.63,0.5569092309500248,1.0226574254495724,0.3412781516962758,-44.87473921374807,132.13790345480186,132.13790345480186,157.44706981725463,157.44706981725463,185.45454545454567,-125.32718421726742,,,2.1930891400772747,3.396038075029102,4.510254735947508,,
1670423400,137.39,138.915,137.35,138.52,133.54627398653432,135.1704412185866,133.54627398653432,135.1704412185866,0,0,0,0,0,144.31500000000003,134.61499999999998,149.52000000000004,129.40999999999997,139.82,131.6308140148513,128.47918598514872,,,,,7427063,0.68,0.64,0.5527978167197077,1.049543926195128,0.49701879966938445,-33.230574740421545,105.8405736291559,105.8405736291559,140.24490442122172,140.24490442122172,185.45454545454567,-97.52520623281293,,,1.7384461296322842,3.3310344693272658,4.504716656814011,,
1670509800,138.76,139.93,138.49,139.77,133.55617733521257,135.30112587668125,133.55617733521257,135.30112587668125,0,0,0,0,0,144.31500000000003,134.61499999999998,149.52000000000004,129.40999999999997,139.82,131.63109206332027,128.47890793667975,,,,,6765133,0.66,0.64,0.6995404871034357,1.0226134255175696,0.6242863689195414,-17.64092239306313,110.28102677940761,110.28102677940761,130.25694520728368,130.25694520728368,185.45454545454567,-97.52520623281293,,,0.9228788095578709,3.236596992473564,4.497560137638675,,
1670596200,139.58,140,137.94,137.98,133.56497298489248,135.4053327050467,133.56497298489248,135.4053327050467,0,0,0,0,0,144.31500000000003,134.61499999999998,149.52000000000004,129.40999999999997,139.82,131.64453363355827,128.46546636644175,,,,,6202991,0.67,0.63,0.16781545944696738,0.8904604905003364,0.4077836589921648,-25.162245893981723,97.51046303903132,97.51046303903132,119.34145115119956,119.34145115119956,185.45454545454567,-97.52520623281293,,,1.316354270997284,3.161293356337239,4.49120408196107,,
1670855400,138.07,139.45,138.07,139.45,133.57400820370387,135.5105000499468,133.57400820370387,135.5105000499468,0,0,0,0,0,144.31500000000003,134.61499999999998,149.52000000000004,129.40999999999997,139.82,131.5472971550371,128.5627028449629,,,,,5669673,0.67,0.63,0.6817628838990094,0.7980711288746799,0.5616052797001174,-22.227680136851976,93.2746381509576,93.2746381509576,110.65251348445224,110.65251348445224,185.4545454545457,-75.25023995612088,,,1.2233509801116098,3.0852956160930964,4.484674904934398,,
1670941800,141.35,141.77,138.91,139.88,133.6800581490234,135.7373379364129,133.6800581490234,135.7373379364129,0,0,0,0,0,144.31500000000003,134.61499999999998,149.52000000000004,129.40999999999997,139.82,132.36167774223594,129.3583222577641,,,,,9886543,0.62,0.63,0.8421257915110215,0.8648151496870206,0.596176215234471,-12.599670125116752,111.13009294724709,111.13009294724709,112.08525187283678,112.08525187283678,185.4545454545457,-75.25023995612088,,,0.6934515298827558,2.9914978087907302,4.477100033056173,,
1671028200,139.82,141.28,138.92,140.1,133.90037993818808,136.06772353441337,133.90037993818808,136.06772353441337,0,0,0,0,0,144.31500000000003,134.61499999999998,149.52000000000004,129.40999999999997,139.82,132.36016990085494,129.35983009914509,,,,,10882243,0.64,0.63,0.21681990466009554,0.8819222278843318,0.5888624852808533,-15.303364985095957,117.30981660813765,117.30981660813765,129.66926392991877,129.66926392991877,185.4545454545457,-75.25023995612088,,,0.8422555317630313,2.907213797926899,4.469837606480163,,
1671114600,138.85,139.2,137.04,137.53,133.90671404420567,136.1070520232599,133.90671404420567,136.1070520232599,0,0,0,0,0,144.31500000000003,134.61499999999998,149.52000000000004,129.40999999999997,139.82,132.39391366403618,129.32608633596385,,,,,8747994,0.68,0.62,-0.3734199775313571,0.8477465496141454,0.4312822576513258,-39.68499733423169,95.54698856189013,95.54698856189013,110.05554059272181,110.05554059272181,185.4545454545457,-75.25023995612088,,,2.1841541755888665,2.878858518619525,4.4652708064184425,,
1671201000,136.49,136.58,134.78,135.53,133.90856516499647,136.0570970419556,133.90856516499647,136.0570970419556,0,0,0,0,0,144.31500000000003,134.61499999999998,149.52000000000004,129.40999999999997,139.82,132.40617007794415,129.31382992205587,,,,,10843898,0.69,0.62,-0.8315504686734384,0.6691531528113481,0.18810860205963853,-86.56555278462943,40.61360371465466,40.61360371465466,86.90822830003276,86.90822830003276,185.45454545454564,-141.64319823680518,,,3.797287651677369,2.914875347366891,4.463936174740638,,
1671460200,134.93,135.18,133.86,134.47,133.90859280702446,135.97338343246713,133.90859280702446,135.97338343246713,0,0,0,0,0,144.31500000000003,134.61499999999998,149.52000000000004,129.40999999999997,139.82,132.39854941841028,129.32145058158972,,,,,6801724,0.7,0.62,-0.7834631601263817,0.4413358187916092,0.17533094084461628,-108.48956175551382,-9.869462937124553,-9.869462937124553,54.64899788764699,54.64899788764699,185.45454545454567,-164.04566307478694,,,4.45396145610277,2.9752316653565334,4.463916245232871,,
1671546600,134.52,134.96,133.71,134.44,133.9083236905269,135.88712918021352,133.9083236905269,135.88712918021352,0,0,0,0,0,144.31500000000003,134.61499999999998,149.52000000000004,129.40999999999997,139.82,132.3697207553481,129.35027924465192,,,,,4815535,0.67,0.62,-0.5868865074794085,0.26617493900024286,0.05591242942531796,-111.0974839130984,-46.95721437799506,-46.95721437799506,20.78026046576631,20.78026046576631,185.45454545454567,-164.04566307478694,,,4.5610278372590916,3.0374197505291827,4.464110274387768,,
1671633000,135.26,136.63,134.84,136.21,133.9102902765598,135.84812803589142,133.9102902765598,135.84812803589142,0,0,0,0,0,144.31500000000003,134.61499999999998,149.52000000000004,129.40999999999997,139.82,132.3804500238896,129.3395499761104,,,,,5937459,0.63,0.61,-0.4540310049181446,0.3951344708633723,0.12975446584008818,-114.10264985479994,-57.83645539077601,-57.83645539077601,-5.425311486414465,-5.425311486414465,185.45454545454567,-164.04566307478694,,,3.7544610992148404,3.0655390191050906,4.462692393917893,,
1671719400,135.45,136.06,134.26,136.02,133.91110568060265,135.7881387011506,133.91110568060265,135.7881387011506,0,0,0,0,0,144.31500000000003,134.61499999999998,149.52000000000004,129.40999999999997,139.82,132.37721057305615,129.34278942694388,,,,,5483301,0.63,0.61,-0.7308169529745109,0.547984924560102,0.14168976279884046,-126.68431086540554,-64.5539356838364,-64.5539356838364,-25.13485288555511,-25.13485288555511,185.45454545454567,-164.04566307478694,,,4.168451106352608,3.108790473506954,4.462104499237443,,
1671805800,135.89,136.23,135.095,136.1,133.91357110381824,135.76291953639958,133.91357110381824,135.76291953639958,0,0,0,0,0,144.31500000000003,134.61499999999998,149.52000000000004,129.40999999999997,139.82,132.3658604633069,129.35413953669314,,,,,3766896,0.63,0.61,-0.3721964175365016,0.1544608184763699,0.20173909603161055,-146.38920637102686,-59.27077777227546,-59.27077777227546,-36.51349451446189,-36.51349451446189,185.45454545454567,-164.04566307478694,,,3.5724482512491043,3.1269731314576266,4.460326964276427,,
1672151400,136.36,136.47,135.21,135.75,133.9162590736408,135.7431540643839,133.9162590736408,135.7431540643839,0,0,0,0,0,144.31500000000003,134.61499999999998,149.52000000000004,129.40999999999997,139.82,132.36546653956808,129.35453346043195,,,,,7050478,0.62,0.62,-0.7253158414235898,0.31060517651404523,0.2192809430752399,-143.02561821265135,-51.67024608699004,-51.67024608699004,-41.56574503863794,-41.56574503863794,185.45454545454567,-164.04566307478694,,,3.490364025695922,3.1412237547610893,4.458388976387155,,
1672237800,136.2,136.86,134.82,134.87,133.91817024432282,135.70902253244728,133.91817024432282,135.70902253244728,0,0,0,0,0,144.31500000000003,134.61499999999998,149.52000000000004,129.40999999999997,139.82,132.3347456697249,129.38525433027513,,,,,5054288,0.64,0.62,-0.977411798327665,0.19155021524764212,0.13344997565439154,-154.4325693584461,-74.30633598060894,-74.30633598060894,-52.47927535262827,-52.47927535262827,185.45454545454567,-164.04566307478694,,,3.7687366167023564,3.165832102288198,4.457011049594579,,
1672324200,135.71,137.045,135.4,136.34,133.92122484922925,135.69874713901797,133.92122484922925,135.69874713901797,0,0,0,0,0,144.31500000000003,134.61499999999998,149.52000000000004,129.40999999999997,139.82,132.33366620282465,129.38633379717535,,,,,6297337,0.65,0.61,-0.7294947635908227,0.38442944947257357,0.35639638439793736,-137.4683856031619,-50.62461001165891,-50.62461001165891,-46.91527932972018,-46.91527932972018,185.45454545454567,-164.04566307478694,,,3.3547466095645886,3.1732405143382523,4.454808723041072,,
1672410600,135.88,136.02,134.47,135.85,133.92243379058945,135.65276881984082,133.92243379058945,135.65276881984082,0,0,0,0,0,144.31500000000003,134.61499999999998,149.52000000000004,129.40999999999997,139.82,132.3137210809604,129.40627891903964,,,,,6369600,0.64,0.61,-0.3319843951530045,0.33382180125973415,0.4552306559124239,-164.6695767969793,-48.72461436193199,-48.72461436193199,-44.924623062478155,-44.924623062478155,185.45454545454567,-164.04566307478694,,,4.0185581727337585,3.2063902264321937,4.4539370935699285,,
1672756200,135.96,136.33,134.43,135.46,133.92356119560324,135.60704063082744,133.92356119560324,135.60704063082744,0,0,0,0,0,139.99,129.68,144.02,125.65,135.96,132.28255527984058,129.43744472015945,,,,,7239269,0.62,0.61,-0.014089486715987901,0.29613582214638795,0.4177581948435003,-165.83952050423997,-54.27822704415466,-54.27822704415466,-50.57581858933955,-50.57581858933955,185.45454545454567,-164.04566307478694,,,4.04710920770877,3.2393595982469616,4.453124250641135,,
1672842600,136.22,136.57,134.94,135.82,133.92569513926838,135.58290570412834,133.92569513926838,135.58290570412834,0,0,0,0,0,139.99,129.68,144.02,125.65,135.96,132.237181135401,129.482818864599,,,,,8469936,0.66,0.61,0.274282216322107,0.1465178103620553,0.33940287529432767,-150.92273823666312,-49.17047852249879,-49.17047852249879,-46.359798388817275,-46.359798388817275,185.45454545454567,-164.04566307478694,,,3.6830835117773,3.256760536032465,4.451585707706342,,
1672929000,134.92,135.25,133.895,134.43,133.92575778634276,135.5191466569076,133.92575778634276,135.5191466569076,0,0,0,0,0,139.99,129.68,144.02,125.65,135.96,132.2492360831954,129.4707639168046,,,,,6714235,0.71,0.62,-0.0020358377042481333,-0.02347465291207249,0.5117458479720141,-181.48751758885516,-68.05863097378642,-68.05863097378642,-55.466529339594665,-55.466529339594665,185.45454545454567,-164.04566307478694,,,4.428979300499631,3.302729899344903,4.451540540059575,,
1673015400,135.33,136.04,133.61,135.67,133.92525657198445,135.4468232585975,133.92525657198445,135.4468232585975,0,0,0,0,0,139.99,129.68,144.02,125.65,135.96,132.23657112640686,129.48342887359317,,,,,7175745,0.71,0.62,-0.10826890834518714,-0.015093916599830474,0.66762162648858,-186.8985072349372,-71.8482803304269,-71.8482803304269,-60.92711300320541,-60.92711300320541,185.45454545454567,-164.04566307478694,,,4.632405424696632,3.3548740375939903,4.4519019084604485,,
1673274600,135.81,135.85,133.215,133.4,133.92397504037208,135.3620007778682,133.92397504037208,135.3620007778682,0,0,0,0,0,139.99,129.68,144.02,125.65,135.96,132.21826498629076,129.50173501370926,,,,,7719462,0.7,0.62,-0.5207150535576293,-0.3365619580299051,0.562658796809818,-200.5481573224351,-95.08991047436115,-95.08991047436115,-72.31471216025733,-72.31471216025733,185.45454545454567,-189.57050873840797,,,4.91434689507494,3.4160298359265764,4.4528258744676705,,
1673361000,133.35,134.725,133.15,134.52,133.92256749783388,135.27798113952042,133.92256749783388,135.27798113952042,0,0,0,0,0,139.99,129.68,144.02,125.65,135.96,132.21702300368898,129.50297699631105,,,,,7675320,0.66,0.62,-0.31344831153685937,-0.29892778368743345,0.7040770200364971,-200.54815732243512,-108.35008967560624,-108.35008967560624,-84.32650466537363,-84.32650466537363,185.45454545454567,-189.57050873840797,,,4.960742326909343,3.4766067963572733,4.453840692554467,,
1673447400,134.61,135.3,133.99,135.28,133.92282430603,135.22986815365687,133.92282430603,135.22986815365687,0,0,0,0,0,139.99,129.68,144.02,125.65,135.96,132.217268207593,129.50273179240702,,,,,7307184,0.66,0.61,-0.09345471208543338,-0.09617006342285196,0.6009686776196239,-176.30924334389604,-91.95003480831694,-91.95003480831694,-86.86768137968807,-86.86768137968807,185.45454545454567,-189.57050873840797,,,4.361170592433965,3.5112955726740065,4.453655537509271,,
1673533800,134.99,135.41,133.54,134.85,133.92219049123275,135.16617136331737,133.92219049123275,135.16617136331737,0,0,0,0,0,139.99,129.68,144.02,125.65,135.96,132.21531839403832,129.5046816059617,,,,,7580538,0.66,0.61,-0.004001930014695899,-0.10671890689111213,0.7096353533170905,-189.29437583239954,-83.6110558275896,-83.6110558275896,-77.09780472339266,-77.09780472339266,185.45454545454567,-189.57050873840797,,,4.682369735902928,3.557220049663376,4.454112508934633,,
1673620200,134.11,135.86,134.05,135.45,133.92256673400752,135.12477248632456,133.92256673400752,135.12477248632456,0,0,0,0,0,139.99,129.68,144.02,125.65,135.96,133.71403317526614,131.0659668247339,,,,,6334065,0.67,0.61,-0.17721502125126615,-0.40249836333220057,0.7478957651741017,-174.5778923454289,-71.1357705267415,-71.1357705267415,-46.18519992504528,-46.18519992504528,185.45454545454567,-189.57050873840797,,,4.318344039971437,3.5870680492833,4.453841243262379,,
1673965800,135.38,135.6121,134.64,134.82,133.92410925801548,135.1079029770569,133.92410925801548,135.1079029770569,0,0,0,0,0,139.99,129.68,144.02,125.65,135.96,133.71093370681774,131.0690662931823,,,,,6664139,0.69,0.61,-0.20721852566032667,-0.5206227278717487,0.5495519360158104,-157.55294086050347,-55.15606704913659,-55.15606704913659,-23.196660093926766,-23.196660093926766,185.45454545454567,-189.57050873840797,,,3.8972162740899416,3.5992307247659134,4.4527291054618345,,
1674052200,134.82,135.17,132.795,132.92,133.92199924950796,135.02006560540764,133.92199924950796,135.02006560540764,0,0,0,0,0,139.99,129.68,144.02,125.65,135.96,133.7124006536834,131.06759934631663,,,,,10629147,0.67,0.62,-0.5085130579307647,-0.768418684402413,0.2487758395310045,-142.32539002317418,-51.79630097159184,-51.79630097159184,-45.07676881650234,-45.07676881650234,185.4545454545457,-198.0302222222113,,,5.214132762312639,3.6625602164344127,4.454250391489508,,
1674138600,132.53,133.77,132.26,133.24,133.9188352150434,134.91490224833282,133.9188352150434,134.91490224833282,0,0,0,0,0,139.99,129.68,144.02,125.65,135.96,133.71032632013112,131.0696736798689,,,,,9902281,0.69,0.62,-0.517271699623171,-0.5905325818852646,0.19058184853062363,-123.70769521741884,-72.7794788728217,-72.7794788728217,-58.79069360533513,-58.79069360533513,185.4545454545457,-198.0302222222113,,,5.5960028551035,3.73838149638222,4.4565316151930325,,
1674225000,133.54,134.01,132.52,133.91,133.91619178804032,134.8239570621237,133.91619178804032,134.8239570621237,0,0,0,0,0,139.99,129.68,144.02,125.65,135.96,133.68801974883777,131.09198025116225,,,,,5962205,0.69,0.62,-0.10851285889490515,-0.4102395750800206,0.18079662646876066,-115.8243616986612,-84.06615247622035,-84.06615247622035,-67.21584656229687,-67.21584656229687,185.4545454545457,-198.0302222222113,,,5.41042112776587,3.8039516780051086,4.458437488345027,,
1674484200,133.99,135.12,133.69,134.37,133.91586792832396,134.78200188321688,133.91586792832396,134.78200188321688,0,0,0,0,0,139.99,129.68,144.02,125.65,135.96,133.67834624244858,131.10165375755142,,,,,7211043,0.69,0.62,-0.269333856783655,-0.4861904335630234,0.5413771605088598,-80.34936086425482,-68.11926212227216,-68.11926212227216,-67.51698508228864,-67.51698508228864,185.4545454545457,-198.0302222222113,,,4.575303354746607,3.8342007633675204,4.4586709865795955,,
1674570600,133.7,134.48,132.62,133.48,133.91342823216348,134.70015082897308,133.91342823216348,134.70015082897308,0,0,0,0,0,139.99,129.68,144.02,125.65,135.96,135.95243862574233,133.41756137425767,,,,,5754776,0.68,0.62,0.01685664399804615,-0.7303196911118118,0.47031716671870377,-112.79231034529327,-71.87328919987847,-71.87328919987847,-68.96908645481858,-68.96908645481858,185.4545454545457,-198.0302222222113,,,5.33904354032833,3.8932142056012777,4.460429972700972,,
1674657000,132.59,133.55,132.21,133.52,133.9101824215098,134.60559197293492,133.9101824215098,134.60559197293492,0,0,0,0,0,139.99,129.68,144.02,125.65,135.96,136.37759123746983,133.9124087625302,,,,,5999062,0.65,0.62,-0.20936732139832187,-0.5255981721082787,0.4194167533719521,-125.22372089410237,-87.40670764677176,-87.40670764677176,-75.11496018546964,-75.11496018546964,185.4545454545457,-198.0302222222113,,,5.63169164882226,3.961389791609944,4.462770155870046,,
1674743400,133.83,133.95,132.73,133.77,133.90797166742087,134.53492954262376,133.90797166742087,134.53492954262376,0,0,0,0,0,139.99,129.68,144.02,125.65,135.96,136.46274423151613,134.0072557684839,,,,,6861168,0.62,0.62,-0.3174943136180835,-0.6689009125626316,0.4701631446454449,-109.45705385658881,-87.81620191312997,-87.81620191312997,-79.34870742802309,-79.34870742802309,185.4545454545457,-198.0302222222113,,,5.260528194147041,4.0123363956310065,4.464364078024445,,
1674829800,133.57,133.71,132.69,132.86,133.90568620954392,134.4654852468346,133.90568620954392,134.4654852468346,0,0,0,0,0,139.99,129.68,144.02,125.65,135.96,136.45521182117946,134.01478817882057,,,,,5854552,0.62,0.63,-0.42265820995884573,-0.8298661398566591,0.49905002260029835,-110.66987439793581,-96.67042643680095,-96.67042643680095,-85.12261376428238,-85.12261376428238,185.4545454545457,-198.0302222222113,,,5.289079229122053,4.06240474204242,4.466011860544121,,
1675089000,132.61,133.44,131.455,131.66,133.90096246087347,134.3508171979391,133.90096246087347,134.3508171979391,0,0,0,0,0,139.99,129.68,144.02,125.65,135.96,136.46182037369178,134.00817962630825,,,,,7055400,0.65,0.63,-0.7983542709746988,-0.9923825895601749,0.5243939283564667,-148.1157086120314,-126.95854265569102,-126.95854265569102,-99.06792339475193,-99.06792339475193,185.4545454545457,-198.0302222222113,,,6.1705924339757185,4.14507876917706,4.469417615935593,,
1675175400,131.96,133.38,131.83,133.36,133.8969899085041,134.25520475880424,133.8969899085041,134.25520475880424,0,0,0,0,0,139.99,129.68,144.02,125.65,135.96,136.4498155835838,134.0201844164162,,,,,6290643,0.62,0.63,-0.31018929032403486,-0.5014253090091868,0.8286605485440078,-136.74551603690102,-125.74165548367645,-125.74165548367645,-107.95916742439344,-107.95916742439344,185.4545454545457,-198.0302222222113,,,5.9029264810849265,4.214013973565604,4.472281769512315,,
1675261800,133.36,134.81,132.36,133.99,133.89407364495065,134.18391829767467,133.89407364495065,134.18391829767467,0,0,0,0,0,135.91750000000002,128.89750000000004,138.475,126.34000000000003,133.36,136.45224786622498,134.01775213377505,,,,,11843040,0.65,0.63,0.2331554175407792,-0.19001011514515237,0.8319356117947151,-106.20027136536868,-102.30217774028917,-102.30217774028917,-90.98819837208062,-90.98819837208062,185.4545454545457,-198.0302222222113,,,5.5246252676659395,4.265410494902872,4.4743843539242105,,
1675348200,133.01,133.258,132.13,133.08,133.89070826304265,134.10649797227566,133.89070826304265,134.10649797227566,0,0,0,0,0,135.91750000000002,128.89750000000004,138.475,126.34000000000003,133.36,136.4578860895818,134.01211391041824,,,,,11274699,0.64,0.64,-0.03481150476414683,-0.1730080080724955,0.814902778811922,-112.31104865278913,-93.19858980226029,-93.19858980226029,-74.99141392620251,-74.99141392620251,185.4545454545457,-198.0302222222113,,,5.688793718772305,4.3212294448585356,4.476810746261569,,
1675434600,133.17,133.6,132.25,132.69,133.8875869678118,134.03677256159818,133.8875869678118,134.03677256159818,0,0,0,0,0,135.91750000000002,128.89750000000004,138.475,126.34000000000003,133.36,136.42297473880095,134.04702526119908,,,,,10046771,0.65,0.63,-0.26446412693210397,-0.21815685679609098,0.8859376701989123,-108.65865682668202,-84.8163881408824,-84.8163881408824,-68.05198481812663,-68.05198481812663,185.4545454545457,-198.0302222222113,,,5.603140613847248,4.371500471093387,4.479061155587415,,
1675693800,132.5,132.78,131.77,131.95,133.8835224583856,133.95114618663354,133.8835224583856,133.95114618663354,0,0,0,0,0,135.91750000000002,128.89750000000004,138.475,126.34000000000003,133.36,136.56088740931952,134.1791125906805,,,,,7328283,0.65,0.63,-0.5482562567331405,-0.5496807480637083,0.9009377382024647,-118.83397493336751,-84.06798976414844,-84.06798976414844,-82.57119301068052,-82.57119301068052,185.4545454545457,-198.0302222222113,,,5.945753033547455,4.433235865699428,4.4819916088900325,,
1675780200,131.49,133.19,131.025,132.8,133.87799244348375,133.8399541793146,133.87799244348375,133.8399541793146,0,0,0,0,0,135.91750000000002,128.89750000000004,138.475,126.34000000000003,133.36,137.34828528035771,134.9517147196423,,,,,7551007,0.65,0.63,-0.154826519242328,-0.41537954792978715,0.7329569160422791,-141.53431117063928,-86.78391182106095,-86.78391182106095,-84.97329711645261,-84.97329711645261,185.4545454545457,-198.0302222222113,,,6.477516059957165,4.513403716454634,4.485978670730327,,
1675866600,132.32,133.15,132.21,132.41,133.87481743360664,133.77912852522383,133.87481743360664,133.77912852522383,0,0,0,0,0,135.91750000000002,128.89750000000004,138.475,126.34000000000003,133.36,137.58546373226827,135.20953626773175,,,,,5614147,0.63,0.63,-0.25282993347628957,-0.47605754086316404,0.7933331489900647,-98.88395836980303,-84.48930530850235,-84.48930530850235,-83.52132169260183,-83.52132169260183,185.4545454545457,-198.0302222222113,,,5.63169164882226,4.5572581451749326,4.488267807549692,,
1675953000,132.74,133.245,131.04,131.25,133.86933448169134,133.67526466148954,133.86933448169134,133.67526466148954,0,0,0,0,0,135.91750000000002,128.89750000000004,138.475,126.34000000000003,133.36,137.5916964640113,135.2033035359887,,,,,8085922,0.63,0.63,-0.5709870940252322,-0.5800915328834635,0.8459041867324181,-134.59205444778814,-107.6706064120089,-107.6706064120089,-92.21640567633787,-92.21640567633787,185.4545454545457,-198.0302222222113,,,6.4668094218415435,4.63214250896578,4.4922209376481765,,
1676039400,131.43,132.625,131.25,132.49,133.86427786934033,133.5836268316272,133.86427786934033,133.5836268316272,0,0,0,0,0,135.91750000000002,128.89750000000004,138.475,126.34000000000003,133.36,137.58831835639086,135.20668164360916,,,,,6198653,0.61,0.63,-0.08446600915369126,-0.3090120899860512,0.7271709732649465,-128.18290899789324,-110.69197053591215,-110.69197053591215,-98.37492729619596,-98.37492729619596,185.4545454545457,-198.0302222222113,,,6.316916488222694,4.698212076779776,4.49586668300397,,
1676298600,132.51,133.595,132.51,133.59,133.86172366780318,133.54450028921045,133.86172366780318,133.54450028921045,0,0,0,0,0,135.91750000000002,128.89750000000004,138.475,126.34000000000003,133.36,137.51652527989032,135.2784747201097,,,,,6300295,0.65,0.63,0.4465424038604247,-0.3547382543339918,0.5716503425661252,-84.33213497236595,-88.99729684411953,-88.99729684411953,-70.24203593996666,-70.24203593996666,162.393236505528,-198.03022222221128,,,5.417558886509639,4.726421755592712,4.497708225868117,,
1676385000,133.77,134.01,132.13,132.8,133.85842292121416,133.49215517982967,133.85842292121416,133.49215517982967,0,0,0,0,0,135.91750000000002,128.89750000000004,138.475,126.34000000000003,133.36,137.50119387416544,135.2938061258346,,,,,6905994,0.62,0.63,-0.12946870114586698,-0.39965193509836067,0.47867547805862937,-92.05894665709694,-71.39680319237326,-71.39680319237326,-36.19581588888071,-36.19581588888071,150.38346115371806,-198.03022222221128,,,5.688793718772305,4.764161832580148,4.5000880170627315,,
1676471400,132.28,132.455,131.69,132.14,133.85425843985308,133.42478046689516,133.85425843985308,133.42478046689516,0,0,0,0,0,135.91750000000002,128.89750000000004,138.475,126.34000000000003,133.36,137.5042663321481,135.29073366785192,,,,,6491948,0.64,0.63,-0.4254373897676656,-0.4360162739049489,0.5632805029045524,-75.802176908594,-58.46921087287153,-58.46921087287153,-32.61402623386806,-32.61402623386806,104.8562933597635,-198.0302222222113,,,6.0028551034975,4.812738039282789,4.50309054870396,,
1676557800,130.93,131.985,130.54,130.82,133.8478275538594,133.3154008407424,133.8478275538594,133.3154008407424,0,0,0,0,0,135.91750000000002,128.89750000000004,138.475,126.34000000000003,133.36,137.27245979887792,135.03754020112208,,,,,8008010,0.63,0.63,-0.5212842064170347,-0.6524159515805963,0.6842427524585158,-93.06537251898739,-57.4221181926027,-57.4221181926027,-55.32793283206506,-55.32793283206506,104.8562933597635,-198.0302222222113,,,6.823697359029267,4.891599189076769,4.507727125747567,,
1676644200,130.2,132.23,130.08,131.99,133.84049962667885,133.19245178816428,133.84049962667885,133.19245178816428,0,0,0,0,0,135.91750000000002,128.89750000000004,138.475,126.34000000000003,133.36,137.05139926538482,134.7986007346152,,,,,10434450,0.62,0.64,-0.16223920436852388,-0.3222767402940336,0.8530748308047407,-104.24293684241614,-67.26667623808716,-67.26667623808716,-60.70363754109752,-60.70363754109752,104.8562933597635,-198.0302222222113,,,7.152034261241957,4.980243701710697,4.513010456687616,,
1676989800,131.03,131.57,130.0899,130.28,133.83320592312904,133.07470862000096,133.83320592312904,133.07470862000096,0,0,0,0,0,135.91750000000002,128.89750000000004,138.475,126.34000000000003,133.36,137.0725779775848,134.7774220224152,,,,,9066218,0.63,0.64,-0.3860459878540741,-0.6996426554593096,0.6457348418222274,-104.00237621893393,-88.69695968084349,-88.69695968084349,-70.03474492101284,-70.03474492101284,104.8562933597635,-198.0302222222113,,,7.144967880085649,5.065134845960696,4.5182691128782215,,
1677076200,130.42,130.73,129.57,129.84,133.82489841878711,132.94139847804016,133.82489841878711,132.94139847804016,0,0,0,0,0,135.91750000000002,128.89750000000004,138.475,126.34000000000003,133.36,136.7964999103022,134.54350008969783,,,,,7318937,0.62,0.63,-0.6940217344953761,-0.47974778288847647,0.6760440228915164,-112.94792158143555,-117.15160617145985,-117.15160617145985,-85.74036533782851,-85.74036533782851,95.28027036476013,-198.03022222221128,,,7.516059957173448,5.161249556204333,4.524258704974716,,
1677162600,129.81,130.85,129.235,130.19,133.81594487549285,132.80031030243072,133.81594487549285,132.80031030243072,0,0,0,0,0,135.91750000000002,128.89750000000004,138.475,126.34000000000003,133.36,136.6288414025849,134.37615859741513,,,,,9955508,0.6,0.63,-0.5239867871585754,-0.5808026074621927,0.4551532571024443,-112.20635576018944,-137.92725422793305,-137.92725422793305,-103.13599496786335,-103.13599496786335,95.28027036476013,-198.03022222221128,,,7.755174875089208,5.26297211772923,4.530714081937981,,
1677249000,129.09,129.34,128.13,128.51,133.80482350711023,132.62185499645307,133.80482350711023,132.62185499645307,0,0,0,0,0,135.91750000000002,128.89750000000004,138.475,126.34000000000003,133.36,136.07988147058938,133.8201185294106,,,,,9008017,0.6,0.63,-0.6532035726423177,-0.9040485363460786,0.38806606327594245,-138.28164979068606,-163.74148950031636,-163.74148950031636,-123.33782647868102,-123.33782647868102,95.28027036476013,-198.03022222221128,,,8.54389721627409,5.391635847083931,4.538732429858733,,
1677508200,129.21,129.57,127.83,128.12,133.79313095265047,132.4387508789451,133.79313095265047,132.4387508789451,0,0,0,0,0,135.91750000000002,128.89750000000004,138.475,126.34000000000003,133.36,135.9261226359857,133.67387736401432,,,,,6463899,0.57,0.63,-1.0522518481971246,-0.9192313903408362,0.18837086633017702,-145.36091513833202,-184.29566348229105,-184.29566348229105,-143.65710547988436,-143.65710547988436,95.28027036476013,-198.03022222221128,,,8.758029978586721,5.523651303221295,4.547162594791256,,
1677594600,127.83,127.91,127.06,127.17,133.7799386830148,132.23293319741782,133.7799386830148,132.23293319741782,0,0,0,0,0,135.91750000000002,128.89750000000004,138.475,126.34000000000003,133.36,135.5367670338271,133.29323296617295,,,,,10282751,0.58,0.63,-1.5710602913201803,-1.153778584746175,0.049927418646703976,-138.70999373560088,-203.22201083107223,-203.22201083107223,-163.5120739302803,-163.5120739302803,61.35746606336235,-198.03022222221128,,,9.307637401855812,5.672042914932453,4.5566740329672095,,
1677681000,126.56,127.24,126.41,126.96,133.76548705727453,132.00995150340145,133.76548705727453,132.00995150340145,0,0,0,0,0,130.435,123.185,134.31,119.31,126.56,135.2038745591793,132.9761254408207,,,,,11101021,0.58,0.63,-1.4382073386342125,-1.1008149632896733,0.18690248203126442,-138.70999373560088,-213.5198607683535,-213.5198607683535,-180.18133620963803,-180.18133620963803,61.35746606336235,-198.03022222221128,,,9.771591720199856,5.832809534746861,4.567093448925716,,
1677767400,126.39,128.105,126.39,127.74,133.75102474547177,131.79493771895432,133.75102474547177,131.79493771895432,0,0,0,0,0,130.435,123.185,134.31,119.31,126.56,135.20007061808428,132.95992938191574,,,,,10203680,0.6,0.63,-1.0966914448964733,-0.7410455119866437,0.3530592532246594,-138.70999373560085,-208.7065702295374,-208.7065702295374,-189.68974754960448,-189.68974754960448,61.35746606336235,-198.03022222221128,,,9.785867237687363,5.98783140545041,4.5775205693827825,,
1677853800,128.33,129.22,127.69,129.17,133.73916275796833,131.63882643585808,133.73916275796833,131.63882643585808,0,0,0,0,0,130.435,123.185,134.31,119.31,126.56,135.14002293412838,133.01997706587164,,,,,10048013,0.63,0.63,-0.42348511983909165,-0.5921442458515463,0.23261355531357264,-114.9832842808271,-181.39365122769644,-181.39365122769644,-164.8014585838804,-164.8014585838804,61.35746606336235,-198.03022222221128,,,8.857958600999284,6.100385413118993,4.586072893122276,,
1678113000,129.26,129.7,128.81,129.11,133.729539855355,131.53231951680482,133.729539855355,131.53231951680482,0,0,0,0,0,130.435,123.185,134.31,119.31,126.56,135.13786676931986,133.02213323068017,,,,,8153402,0.57,0.63,-0.7345339287146029,-0.6966714320654082,0.011309935471833085,-87.50250653987102,-157.908607631542,-157.908607631542,-110.93852043923316,-110.93852043923316,61.35746606336235,-198.03022222221128,,,8.058529621698781,6.177175382082907,4.5930108686039475,,
1678199400,129.37,129.52,126.81,127.03,133.71598013536428,131.3523422808517,133.71598013536428,131.3523422808517,0,0,0,0,0,130.435,123.185,134.31,119.31,126.56,135.1652440810952,132.99475591890481,,,,,9604352,0.58,0.63,-0.827985893275083,-1.0467680102265686,-0.24943304557246262,-124.11443396241121,-135.56503969994927,-135.56503969994927,-90.8779038367638,-90.8779038367638,61.35746606336235,-198.03022222221128,,,9.486081370449675,6.306936401234545,4.602787233243,,
1678285800,126.77,127.16,125.84,126.35,133.70052882640252,131.14176415219083,133.70052882640252,131.14176415219083,0,0,0,0,0,130.435,123.185,134.31,119.31,126.56,134.8812641976958,132.72873580230421,,,,,10793366,0.6,0.63,-0.8918952161948623,-1.0233156567678683,-0.4250809794289696,-138.70999373560085,-123.3022543872638,-123.3022543872638,-98.77668376189287,-98.77668376189287,61.35746606336235,-198.03022222221128,,,10.178443968593855,6.458760227405498,4.613927406540404,,
1678372200,126.84,127.05,124.56,125.07,133.68257652105507,130.88974987171278,133.68257652105507,130.88974987171278,0,0,0,0,0,130.435,123.185,134.31,119.31,126.56,134.24111825774793,132.0888817422521,,,,,13270342,0.61,0.64,-1.3365304130333389,-1.241756007106924,-0.48880489491420004,-138.70999373560085,-120.28821231457256,-120.28821231457256,-114.26012816919008,-114.26012816919008,61.35746606336235,-198.03022222221128,,,11.092077087794427,6.640458927812907,4.626870762546906,,
1678458600,124.86,125.9,123.67,124.15,133.6628996448891,130.61306556301815,133.6628996448891,130.61306556301815,0,0,0,0,0,130.435,123.185,134.31,119.31,126.56,133.78429376585555,131.65570623414445,,,,,20483224,0.61,0.64,-1.1524294861314477,-1.4103292511875056,-0.7422794685575173,-138.70999373560088,-130.26645992526633,-130.26645992526633,-123.61429485147049,-123.61429485147049,61.35746606336235,-198.03022222221128,,,11.727337615988574,6.839944366564894,4.64105750950683,,
1678714200,123.75,127.02,123.6,125.31,133.6431236216226,130.34451397231155,133.6431236216226,130.34451397231155,0,0,0,0,0,130.435,123.185,134.31,119.31,126.56,133.74991738389173,131.62008261610825,,,,,21294203,0.61,0.64,-0.7524237854555279,-1.1255510622179672,-0.6409000081054442,-138.70999373560088,-133.62545851264508,-133.62545851264508,-126.95134940519536,-126.95134940519536,61.35746606336235,-198.03022222221128,,,11.777301927194861,7.0335662316876375,4.655315740111601,,
1678800600,126.16,126.82,125.17,126.43,131.17978466651175,127.8491604097897,131.17978466651175,127.8491604097897,0,0,0,0,0,130.435,123.185,134.31,119.31,126.56,133.74742664841455,131.62257335158546,,,,,14583013,0.61,0.63,-0.1990556923430746,-0.7845394087294353,-0.5494018274720878,-116.91072545082669,-122.00624219179412,-122.00624219179412,-112.11602776499164,-112.11602776499164,61.35746606336235,-198.03022222221128,,,8.987130080709663,7.110176578708109,4.66397071381909,,
1678887000,125.07,126.5,124.84,126.32,130.0345616129728,126.67281067849235,130.0345616129728,126.67281067849235,0,0,0,0,0,130.435,123.185,134.31,119.31,126.56,133.7281211449926,131.64187885500743,,,,,17244563,0.61,0.64,-0.17446629049788695,-1.054835924019232,-0.3755110645744395,-121.49273725590655,-111.0537293537771,-111.0537293537771,-89.14870367774309,-89.14870367774309,61.35746606336235,-198.03022222221128,,,8.434795364529851,7.162122413446217,4.671504829005325,,
1678973400,125.37,127.56,125.02,127.5,130.02476868267715,126.61243378913971,130.02476868267715,126.61243378913971,0,0,0,0,0,130.435,123.185,134.31,119.31,126.56,133.49393684967467,131.38606315032533,,,,,16015825,0.63,0.63,-0.06500117054248732,-0.9674945559223586,-0.22351463880819142,-108.66701455312311,-91.5181471552777,-91.5181471552777,-52.44698275827889,-52.44698275827889,61.35746606336235,-198.03022222221128,,,8.302772480563302,7.206853788627279,4.678760109028418,,
1679059800,127.39,127.49,125.455,125.86,130.01585575823623,126.57131285623228,130.01585575823623,126.57131285623228,0,0,0,0,0,130.435,123.185,134.31,119.31,126.56,132.46115104136643,130.33884895863352,,,,,15072931,0.62,0.63,-0.9044613910712155,-1.1055731340290804,-0.44521183143953547,-93.8389895890164,-72.20042758457879,-72.20042758457879,-33.56498844318096,-33.56498844318096,61.35746606336235,-198.03022222221128,,,7.983717177644128,7.237319019569116,4.685363419854823,,
1679319000,125.58,127.145,125.58,126.96,130.00720789458342,126.53665745010552,130.00720789458342,126.53665745010552,0,0,0,0,0,130.435,123.185,134.31,119.31,126.56,131.35082434733985,129.29417565266013,,,,,10594319,0.61,0.62,-0.5989414753597504,-0.8967298152043809,-0.47607957845946103,-90.0810032585207,-49.10654608368485,-49.10654608368485,-2.918783081896965,-2.918783081896965,61.35746606336235,-198.03022222221128,,,7.892034619334022,7.262994141128525,4.691770355318318,,
1679405400,127.45,127.88,126.675,127.73,130.00074324344538,126.54587284421903,130.00074324344538,126.54587284421903,0,0,0,0,0,130.435,123.185,134.31,119.31,126.56,131.3333347660004,129.31166523399958,,,,,8816257,0.62,0.63,0.19847131676567925,-0.6650410270093748,-0.4644307197344561,-74.69275075179998,-18.77106501845475,-18.77106501845475,41.89989711200545,41.89989711200545,61.35746606336235,-198.03022222221128,,,7.088895408537484,7.256166739850444,4.69655981596411,,
1679491800,127.8,128.27,125.78,125.8,129.99252117902293,126.51997979150455,129.99252117902293,126.51997979150455,0,0,0,0,0,130.435,123.185,134.31,119.31,126.56,131.35385161628895,129.29114838371103,,,,,10480142,0.6,0.63,-0.15585744626341955,-1.0896309999359084,-0.5121184373170036,-64.06944731354402,2.8474590028255484,2.8474590028255484,46.08450704538614,46.08450704538614,61.35746606336235,-198.03022222221128,,,7.745342526037848,7.275350104014656,4.702651289910311,,
1679578200,126.32,127.08,124.84,125.56,129.98245620164226,126.45860803497496,129.98245620164226,126.45860803497496,0,0,0,0,0,130.435,123.185,134.31,119.31,126.56,131.35384944804687,129.2911505519531,,,,,10092300,0.61,0.63,0.14046866889167114,-1.0708920521457126,-0.8175621010836086,-76.2241111514718,8.712958789872083,8.712958789872083,20.443958363965155,20.443958363965155,61.35746606336235,-198.03022222221128,,,8.434795364529851,7.320818545603487,4.710108121228233,,
1679664600,125.44,127.42,124.97,127.3,129.97266847696366,126.40469007281908,129.97266847696366,126.40469007281908,0,0,0,0,0,130.435,123.185,134.31,119.31,126.56,131.35643486415887,129.2885651358411,,,,,8163893,0.63,0.63,0.9144461835404788,-0.6262265523639252,-0.5260968359228715,-74.37193648797815,11.581780268096377,11.581780268096377,17.319423224544966,17.319423224544966,61.35746606336235,-198.03022222221128,,,8.339445503887344,7.3607647008303045,4.717359544570209,,
1679923800,128.2,128.78,127.67,127.82,129.96824096751916,126.45771006996344,129.96824096751916,126.45771006996344,0,0,0,0,0,130.435,123.185,134.31,119.31,126.56,131.3598120425033,129.28518795749667,,,,,9455363,0.62,0.63,0.7209924603925338,-0.7325139247273965,-0.48893833456668867,-23.81564215069041,21.93062719136839,21.93062719136839,42.62832103791242,42.62832103791242,88.76099120704541,-198.0302222222113,,,6.359102244389028,7.3214838201855486,4.7206397497646515,,
1680010200,127.69,128.15,126.74,127.05,129.49580604411022,126.03569221197613,129.49580604411022,126.03569221197613,0,0,0,0,0,130.435,123.185,134.31,119.31,126.56,131.36271592189675,129.28228407810323,,,,,8037474,0.62,0.63,0.1761628439349762,-1.0153503722949138,-0.5425703118301985,-38.58134028411871,32.634071012997936,32.634071012997936,54.04095865625703,54.04095865625703,88.76099120704541,-198.0302222222113,,,6.7059256532940745,7.297344284229021,4.724606354966508,,
1680096600,127.68,127.84,126.85,127.4,129.46215928366178,126.0444022870235,129.46215928366178,126.0444022870235,0,0,0,0,0,130.435,123.185,134.31,119.31,126.56,131.36428549715063,129.28071450284935,,,,,8183112,0.61,0.63,0.3126208790602194,-0.8584231059194833,-0.5149492842184293,-36.83485985973474,41.38186056034493,41.38186056034493,58.87743965503892,58.87743965503892,88.76099120704541,-198.0302222222113,,,6.604329259313797,7.270167224428423,4.728362045085084,,
1680183000,128.09,128.13,127.275,128.09,129.4579600643138,126.09601200125786,129.4579600643138,126.09601200125786,0,0,0,0,0,130.435,123.185,134.31,119.31,126.56,131.3654003658805,129.27959963411948,,,,,6820534,0.62,0.63,0.16903728895417308,-0.6463991628740776,-0.4459923321056238,-30.75219535562556,53.44025069180018,53.44025069180018,77.55703095471068,77.55703095471068,108.96851248643836,-184.16246422241997,,,6.291415108231474,7.231784788499131,4.731485028228233,,
1680269400,128.52,129.53,128.45,129.46,129.31340233093022,126.05735703689746,129.31340233093022,126.05735703689746,0,0,0,0,0,130.435,123.185,134.31,119.31,126.56,131.12539827510332,129.04460172489667,,,,,9202493,0.65,0.64,1.0394375725716165,-0.21811612528709,-0.45997585026417304,-20.006745232349953,74.10383698798374,74.10383698798374,115.43100958035086,115.43100958035086,174.44870810949774,-184.16246422242,,,5.321736566669124,7.1568809366626605,4.732664351981362,,
1680528600,129.56,131.06,129.2,130.91,129.3133050235757,126.18313519231324,129.3133050235757,126.18313519231324,0,0,0,0,0,132.75,126.51,135.79999999999998,123.46000000000001,129.56,131.1422844858861,129.02771551411385,,,,,8937258,0.66,0.63,1.129794760995404,-0.17155029685626294,-0.33446387265127064,-38.939105580473274,99.10266534775594,99.10266534775594,149.10032206730037,149.10032206730037,232.70291568164762,-184.16246422242,,,4.7689245964472615,7.0632355899875465,4.732736800022253,,
1680615000,131.05,131.69,130.69,130.93,129.10687763376805,126.16514955003889,129.10687763376805,126.16514955003889,0,0,0,0,0,132.75,126.51,135.79999999999998,123.46000000000001,129.56,131.14167113631655,129.02832886368344,,,,,9052600,0.68,0.63,0.9113059611068732,0.10478089998414286,-0.434825576604168,-5.464302807087141,122.84994537108844,122.84994537108844,170.34450541775342,170.34450541775342,232.70291568164762,-184.16246422242,,,3.5142118863049028,6.924058189843129,4.73030218481003,,
1680701400,131.66,133.42,131.51,133.19,129.11175779833596,126.37629662650795,129.11175779833596,126.37629662650795,0,0,0,1,0,132.75,126.51,135.79999999999998,123.46000000000001,129.56,130.91167936733947,128.7283206326605,,,,,12325750,0.69,0.63,2.111780611184259,0.5355014779099421,-0.27685413241088225,-37.6010824065115,145.09610779356882,145.09610779356882,189.5884326385296,189.5884326385296,232.70291568164762,-184.16246422242,,,2.908822443706163,6.766597964504425,4.7266628646479845,,
1680787800,133.71,134.11,133.07,133.52,129.119713926611,126.63972813135078,129.119713926611,126.63972813135078,0,0,0,1,0,132.75,126.51,135.79999999999998,123.46000000000001,129.56,130.9000563286734,128.73994367132659,,,,,8276295,0.71,0.63,2.3790362238278964,0.5541728859395226,-0.3310768789254648,-10.046825848167682,164.84676715257328,164.84676715257328,204.34808587058217,204.34808587058217,232.70291568164762,-184.16246422242,224.34808587058217,,1.7571059431524514,6.5701472970004255,4.720729683985656,,
1681133400,133.16,133.5,132.46,133.43,129.12644756511926,126.86914663600369,129.12644756511926,126.86914663600369,0,0,0,1,0,132.75,126.51,135.79999999999998,123.46000000000001,129.56,130.79842170081395,128.6615782991861,,,,,8024299,0.71,0.63,1.8263701984996175,0.8383479234875467,-0.2498422175806277,-23.66585644234969,179.0423122341697,179.0423122341697,207.43340239736256,207.43340239736256,232.70291568164762,-184.16246422242,227.43340239736256,,2.2074566260612634,6.399061388336144,4.715708159394398,,
1681219800,133.74,134.365,133.66,133.88,129.13554137617797,127.13615657184668,129.13554137617797,127.13615657184668,0,0,0,1,0,132.75,126.51,135.79999999999998,123.46000000000001,129.56,130.76422256090885,128.6957774390912,,,,,8887512,0.71,0.63,1.7968491639057538,0.9837454507337317,-0.1767804979321796,-4.898573867051821,190.1192976735482,190.1192976735482,212.2732685523052,212.2732685523052,232.70291568164762,-184.16246422242,232.2732685523052,,1.3215208564045715,6.199942151789808,4.7089265663814315,,
1681306200,134.4,134.895,133.68,133.92,128.54521362659474,126.82508343022201,128.54521362659474,126.82508343022201,0,0,0,1,0,132.75,126.51,135.79999999999998,123.46000000000001,129.56,130.75515188146338,128.70484811853666,,,,,8988716,0.74,0.63,2.0496357890003782,1.1615906357124732,-0.46351763853237005,-5.342302617471884,204.57352794994733,204.57352794994733,233.4819885027456,233.4819885027456,232.70291568164762,-184.16246422242,253.4819885027456,,0.8455718736092468,5.98996684676312,4.701207575986282,,
1681392600,134.49,135.81,134.195,135.66,129.35583573027816,127.87387396922142,129.35583573027816,127.87387396922142,0,0,0,1,0,132.75,126.51,135.79999999999998,123.46000000000001,129.56,130.77260573227736,128.68739426772268,,,,,9373699,0.75,0.64,2.4290842544244384,1.482257549716877,-0.3368010768153551,-32.19203981059342,223.24691838837856,223.24691838837856,260.593699265241,260.593699265241,232.70291568164762,-184.16246422242,280.593699265241,,1.0799056464691166,5.797415427143747,4.693972207495738,,
1681479000,135.35,135.635,134.07,134.57,129.36528640813975,128.1174828331735,129.36528640813975,128.1174828331735,0,0,0,1,0,132.75,126.51,135.79999999999998,123.46000000000001,129.56,130.77962838961267,128.6803716103874,,,,,6632126,0.75,0.64,1.8864705535388513,1.1511274620187317,-0.463299341346863,-34.93880088658261,235.54592713467775,235.54592713467775,260.14394462727614,260.14394462727614,232.70291568164762,-184.16246422242,280.14394462727614,,1.1720477664750137,5.616028460058699,4.686935395425767,,
1681738200,134.61,134.76,133.755,134.46,129.374095126605,128.3393089965785,129.374095126605,128.3393089965785,0,0,0,0,0,132.75,126.51,135.79999999999998,123.46000000000001,129.56,130.75190057965366,128.6580994203463,,,,,7187113,0.75,0.65,1.4548027882127665,0.8906418705480693,-0.36096903614988723,-41.86063879807532,235.84561777028944,235.84561777028944,236.44499904151283,236.44499904151283,232.70291568164762,-184.16246422242,256.4449990415128,,1.4042459088898724,5.450860516875608,4.680376575272848,,
1681824600,134.73,134.73,133.36,133.54,129.38210492655185,128.53710080063422,129.38210492655185,128.53710080063422,0,0,0,0,0,132.75,126.51,135.79999999999998,123.46000000000001,129.56,130.75506041710085,128.6549395828991,,,,,7194221,0.77,0.65,0.754267327477983,0.7437476182017819,-0.3506926965557252,-50.540403798200785,187.17135655819422,187.17135655819422,219.62086403292437,219.62086403292437,232.70291568164762,-184.16246422242,,,1.6954150081084942,5.30358814398278,4.674412616097694,,
1681911000,133.58,134.15,133.17,133.95,129.38972289872657,128.71975959276622,129.38972289872657,128.71975959276622,0,0,0,0,0,132.75,126.51,135.79999999999998,123.46000000000001,129.56,130.73041515736585,128.6795848426341,,,,,7048082,0.76,0.64,0.8700985678457911,1.1864237933658632,-0.414842402943058,-54.71548063370493,137.21200766861023,137.21200766861023,192.15124524481965,192.15124524481965,232.70291568164762,-184.16246422242,,,1.835471030517477,5.1675835512978665,4.668740405137494,,
1681997400,133.31,133.6,132.7707,133.4,129.39653582600184,128.87975305971656,129.39653582600184,128.87975305971656,0,0,0,0,0,132.75,126.51,135.79999999999998,123.46000000000001,129.56,130.7319855569655,128.6780144430345,,,,,6672031,0.77,0.64,0.059482216385467176,1.2153257790415974,-0.5731175124487038,-63.48973421484441,78.66183480664152,78.66183480664152,154.32144176542693,154.32144176542693,232.70291568164762,-184.16246422242,,,2.1298098186643015,5.048455169625962,4.663667616752932,,
1682083800,134.13,134.75,133.71,134.3,129.40519309707875,129.06993921423748,129.40519309707875,129.06993921423748,0,0,0,0,0,132.75,126.51,135.79999999999998,123.46000000000001,129.56,130.7345748257866,128.67542517421336,,,,,6536148,0.74,0.64,0.2202232647717672,1.6062119086354785,-0.33513928672110493,-42.84947278543116,63.40496899818603,63.40496899818603,124.0159508430133,124.0159508430133,232.70291568164762,-184.16246422242,,,1.4374170720919863,4.906845832467766,4.657221561718644,,
1682343000,134.44,135.09,134.1,135.05,129.4146044994822,129.26780826465955,129.4146044994822,129.26780826465955,0,0,0,0,0,132.75,126.51,135.79999999999998,123.46000000000001,129.56,130.73703373559377,128.6729662644062,,,,,6299870,0.73,0.64,0.4584239190566379,1.9139248787469147,-0.3971171511343062,-34.27957822834518,75.26641405934646,75.26641405934646,107.76610524845769,107.76610524845769,232.70291568164762,-184.16246422242,,,1.1499336576735975,4.759515943260152,4.650213993478793,,
1682429400,134.85,135.26,133.42,133.61,129.42265204293977,129.43151774447682,129.42265204293977,129.43151774447682,0,0,0,0,0,132.75,126.51,135.79999999999998,123.46000000000001,129.56,130.7461972896483,128.6638027103517,,,,,7751967,0.75,0.64,-0.07557787242073435,1.4331060735614611,-0.5599345475950136,-49.22195848172654,64.80486942926812,64.80486942926812,93.44569330872784,93.44569330872784,232.70291568164762,-184.16246422242,,,1.6511867905056827,4.63762068236782,4.644221931135191,,
1682515800,132.43,132.52,130.92,131.71,129.4257384524444,129.491748421164,129.4257384524444,129.491748421164,0,0,0,0,0,132.75,126.51,135.79999999999998,123.46000000000001,129.56,130.77179957224618,128.63820042775382,,,,,10128764,0.75,0.64,-0.6361582074765237,0.9294830167124676,-0.7695217022840883,-104.15718000151038,19.338353122821815,19.338353122821815,68.7432465800925,68.7432465800925,232.70291568164762,-184.16246422242,,,3.4940291906236243,4.5927739572013815,4.641923843741561,,
1682602200,131.77,132.585,130.62,132.4,129.42822528870323,129.5379700517066,129.42822528870323,129.5379700517066,0,0,0,0,0,132.75,126.51,135.79999999999998,123.46000000000001,129.56,130.77493361153043,128.63506638846954,,,,,10008925,0.75,0.64,-0.9248926950286745,1.0695384371542607,-0.47854659383402665,-110.7494065838841,-18.73205523351514,-18.73205523351514,39.58481264222329,39.58481264222329,232.70291568164762,-184.16246422242,,,3.7151702786377654,4.558358126669475,4.640072188266829,,
1682688600,132.24,133.905,132.03,133.53,129.43349616724728,129.6371202457573,129.43349616724728,129.6371202457573,0,0,0,0,0,132.75,126.51,135.79999999999998,123.46000000000001,129.56,130.77828670907616,128.6317132909238,,,,,7917338,0.74,0.63,-0.2958834689815331,1.045399083251662,-0.18832540823039076,-79.76594164672606,-29.02876404403978,-29.02876404403978,16.713620413468934,16.713620413468934,232.70291568164762,-184.16246422242,,,2.6758071649712485,4.484532598759741,4.636147582825679,,
1682947800,133.72,134.755,133.46,134.22,129.44158508599406,129.7878998439629,129.44158508599406,129.7878998439629,0,0,0,0,0,139.115,130.415,142.42000000000002,127.10999999999999,133.72,130.77064091348777,128.6393590865122,,,,,6794007,0.74,0.62,-0.06861323236924104,1.4741703340875094,-0.02382226731790605,-48.34299493740955,-13.29841964558542,-13.29841964558542,6.709607060450816,6.709607060450816,232.70291568164762,-184.16246422242,,,1.6217013121037807,4.37226470516539,4.630124713153907,,
1683034200,134,134.85,132.68,133.64,129.44811498592213,129.9024841638075,129.44811498592213,129.9024841638075,0,0,0,0,0,139.115,130.415,142.42000000000002,127.10999999999999,133.72,130.75295002779205,128.65704997220791,,,,,14365947,0.75,0.62,0.02886516159437022,1.1709390412006018,-0.07645846829936022,-65.48278405158213,-0.040958290342338444,-0.040958290342338444,4.4594186101864315,4.4594186101864315,232.70291568164762,-184.16246422242,,,2.196668140940579,4.286947192842848,4.625262662060574,,
1683120600,134.26,134.9,133.27,133.46,129.45579887206415,130.03548086326603,129.45579887206415,130.03548086326603,0,0,0,0,0,139.115,130.415,142.42000000000002,127.10999999999999,133.72,130.75032533238203,128.6596746676179,,,,,8961472,0.75,0.61,-0.14176033909890087,1.0036966248672305,-0.2607977423382396,-52.51807177291307,6.746825813784693,6.746825813784693,11.321640220981218,11.321640220981218,232.70291568164762,-184.16246422242,,,1.7617573345127424,4.1879201395750005,4.619541372694844,,
1683207000,132.9,132.98,131.84,132.4,129.46063883435772,130.10774435882422,129.46063883435772,130.10774435882422,0,0,0,0,0,139.115,130.415,142.42000000000002,127.10999999999999,133.72,130.75249189332897,128.657508106671,,,,,9625315,0.77,0.61,-0.2912160181382726,1.1767216827756033,-0.3446320268762346,-83.9410184822296,-14.038951467612941,-14.038951467612941,-0.18176661334785127,-0.18176661334785127,232.70291568164762,-184.16246422242,,,2.8158631873802102,4.134113984586969,4.615937620076832,,
1683293400,133.27,134.05,132.83,133.59,129.46742736815523,130.21560928592916,129.46742736815523,130.21560928592916,0,0,0,0,0,139.115,130.415,142.42000000000002,127.10999999999999,133.72,130.76152089973712,128.64847910026285,,,,,7650379,0.76,0.62,-0.206405483973002,1.441592475103813,-0.24001215555018676,-62.186670760394975,-15.726332655929598,-15.726332655929598,-5.363288627541766,-5.363288627541766,232.70291568164762,-184.16246422242,,,2.0860975969334983,4.053799616443696,4.610882994655967,,
1683552600,133.39,133.43,132.68,133.3,129.4739056351519,130.31342068648095,129.4739056351519,130.31342068648095,0,0,0,0,0,139.115,130.415,142.42000000000002,127.10999999999999,133.72,130.7580432588319,128.65195674116808,,,,,5305742,0.75,0.61,-0.5105282999114398,1.0721081078014956,-0.23701801268080006,-63.247164722119386,-18.396665649967385,-18.396665649967385,-9.707747635016972,-9.707747635016972,232.7029156816476,-169.9304440877347,,,2.196668140940579,3.980970931129848,4.6060593885546375,,
1683639000,132.79,133.42,132.37,132.41,129.479757771745,130.395361051717,129.479757771745,130.395361051717,0,0,0,0,0,139.115,130.415,142.42000000000002,127.10999999999999,133.72,130.75869645920733,128.65130354079264,,,,,6452735,0.76,0.61,-0.35313919941991884,0.8151863351236118,-0.2390573720143222,-69.82656776368222,-35.095135917435655,-35.095135917435655,-18.170210395823197,-18.170210395823197,232.7029156816476,-169.9304440877347,,,2.425180598555206,3.9199595455386858,4.601701988374819,,
1683725400,132.79,133.11,132,132.78,129.48486634762565,130.45972336341435,129.48486634762565,130.45972336341435,0,0,0,0,0,139.115,130.415,142.42000000000002,127.10999999999999,133.72,130.7585888039464,128.65141119605354,,,,,6556586,0.76,0.61,0.31926245543821213,1.0232980505207372,-0.342048960658028,-77.67940365199918,-52.93282845559831,-52.93282845559831,-29.75774974908157,-29.75774974908157,232.7029156816476,-169.9304440877347,,,2.6979212737726646,3.8720364760576653,4.597898230703286,,
1683811800,132.5,132.58,131.54,132.37,129.48905482645156,130.5037028393589,129.48905482645156,130.5037028393589,0,0,0,0,0,139.115,130.415,142.42000000000002,127.10999999999999,133.72,130.74982263738084,128.66017736261912,,,,,8764931,0.77,0.62,-0.00912867102896784,0.9074038558587855,-0.3440112406606981,-87.44238881044734,-78.2921863302587,-78.2921863302587,-45.93589527614061,-45.93589527614061,232.7029156816476,-169.9304440877347,,,3.037004275394372,3.83929011524734,4.594779561461909,,
1683898200,132.57,132.85,131.6,132.19,129.4933536180071,130.54828704173698,129.4933536180071,130.54828704173698,0,0,0,0,0,139.115,130.415,142.42000000000002,127.10999999999999,133.72,130.73883807967556,128.67116192032438,,,,,6626766,0.77,0.61,-0.4110955279068949,0.757050423416801,-0.32963417392111405,-86.16895596369321,-100.814084197468,-100.814084197468,-64.22862491658307,-64.22862491658307,232.7029156816476,-169.9304440877347,,,2.992776057791539,3.806093485543191,4.59157875526077,,
1684157400,132.21,132.3,131.39,131.96,129.49722843595313,130.58296990284532,129.49722843595313,130.58296990284532,0,0,0,0,0,139.115,130.415,142.42000000000002,127.10999999999999,133.72,130.73006499012553,128.67993500987444,,,,,5725670,0.77,0.61,-0.6930307241515129,0.4588862688481758,-0.3899093123979792,-78.03026952558527,-131.32009492896177,-131.32009492896177,-86.59244825404264,-86.59244825404264,232.7029156816476,-169.9304440877347,,,3.1475748194014526,3.780269224125868,4.5886936325118,,
1684243800,131.68,131.73,130.83,130.86,129.49998781969748,130.59455147528277,129.49998781969748,130.59455147528277,0,0,0,0,0,139.115,130.415,142.42000000000002,127.10999999999999,133.72,130.7344641548669,128.67553584513306,,,,,7106025,0.79,0.61,-0.8514280174402389,-0.00902560166114769,-0.36231838425269547,-90.61889721908403,-165.1860313481523,-165.1860313481523,-112.79030928541252,-112.79030928541252,232.70291568164757,-172.8374189912504,,,3.560371517027852,3.7716457846318283,4.586639042870474,,
1684330200,131.08,131.19,129.555,131.02,129.50021971216563,130.55617886840895,129.50021971216563,130.55617886840895,0,0,0,0,0,139.115,130.415,142.42000000000002,127.10999999999999,133.72,130.7317313807754,128.67826861922458,,,,,15512874,0.78,0.62,-0.7597829470020738,0.016492768009759292,-0.4747868797047598,-117.99782943575055,-190.63539879857183,-190.63539879857183,-138.73867245646562,-138.73867245646562,232.70291568164757,-172.8374189912504,,,4.500221141088007,3.800217367237953,4.58646637973005,,
1684416600,130.74,130.91,129.69,130.7,129.50071817427917,130.5245522461184,129.50071817427917,130.5245522461184,0,0,0,0,0,139.115,130.415,142.42000000000002,127.10999999999999,133.72,130.7194761292516,128.69052387074836,,,,,12196872,0.77,0.61,-0.533445086633108,-0.44843126453303067,-0.2802950724190881,-115.09888367163312,-202.91799512504147,-202.91799512504147,-160.13178001265757,-160.13178001265757,232.70291568164757,-172.8374189912504,,,4.400707651481644,3.8237660058357448,4.586095233419863,,
1684503000,131,132.19,130.94,131.31,129.50368816793696,130.54269529529023,129.50368816793696,130.54269529529023,0,0,0,0,0,139.115,130.415,142.42000000000002,127.10999999999999,133.72,130.7118126702067,128.69818732979326,,,,,9277048,0.77,0.62,-0.7075892792938451,-0.3961919706857035,-0.3297746485500292,-88.25679326313666,-177.920338449012,-177.920338449012,-166.06129949144238,-166.06129949144238,232.70291568164757,-172.8374189912504,,,3.4792864514226736,3.810257003701899,4.583883827262027,,
1684762200,131.5,132.36,131.13,131.44,129.5070280517173,130.5675033229259,129.5070280517173,130.5675033229259,0,0,0,0,0,139.115,130.415,142.42000000000002,127.10999999999999,133.72,130.68902460717683,128.72097539282314,,,,,12856105,0.76,0.62,-0.5786695976967152,-0.35709752001718154,-0.3923957059090659,-84.17679552104524,-155.75926159873543,-155.75926159873543,-135.15518581332157,-135.15518581332157,232.70291568164757,-172.8374189912504,,,3.3392304290137114,3.7917853733219697,4.581397007285507,,
1684848600,130.91,131.0951,129.71,130,129.5075524711944,130.536209074968,129.5075524711944,130.536209074968,0,0,0,0,0,139.115,130.415,142.42000000000002,127.10999999999999,133.72,130.70398978509454,128.70601021490546,,,,,8723112,0.75,0.62,-0.749988436484151,-0.6894673501653117,-0.4940010175161085,-130.9197037884251,-148.23292704683087,-148.23292704683087,-133.18025794302173,-133.18025794302173,232.70291568164757,-172.8374189912504,,,4.385964912280693,3.815086531712508,4.581006533569214,,
1684935000,129.75,129.78,128.81,129.11,129.5062956231001,130.47120087594968,129.5062956231001,130.47120087594968,0,0,0,0,0,139.115,130.415,142.42000000000002,127.10999999999999,133.72,130.70917127513172,128.70082872486824,,,,,7953091,0.75,0.62,-1.1474302799236442,-0.8608587832085779,-0.6477119360149308,-134.26176678193505,-148.04805258118716,-148.04805258118716,-147.67830364989976,-147.67830364989976,232.7029156816476,-175.28569251865002,,,5.0493881763231565,3.8634905177756704,4.581942361027264,,
1685021400,128.49,128.66,126.91,127.79,129.50128304443257,130.33497731218694,129.50128304443257,130.33497731218694,0,0,0,0,0,139.115,130.415,142.42000000000002,127.10999999999999,133.72,130.70082804060374,128.70917195939623,,,,,13737188,0.76,0.62,-1.4260525443317362,-1.3804539092698438,-0.7163732592894557,-219.13892675573842,-164.72767364392357,-164.72767364392357,-153.60792626876597,-153.60792626876597,232.70291568164757,-208.0980287693028,,,6.449948400412797,3.964920238663401,4.585674640826236,,
1685107800,127.67,128.8701,127.29,127.53,129.49703212925888,130.21884879014038,129.49703212925888,130.21884879014038,0,0,0,0,0,139.115,130.415,142.42000000000002,127.10999999999999,133.72,130.70016720940538,128.70983279059462,,,,,8794874,0.75,0.62,-1.4533246145453456,-1.2451999495191883,-0.557253099681156,-223.46873340637194,-171.46079436057096,-171.46079436057096,-159.55888229936764,-159.55888229936764,232.70291568164757,-208.0980287693028,,,6.169836355594863,4.051387537366596,4.588839799097502,,
1685453400,126.89,127.87,126.42,126.74,129.4910688283013,130.0734978571937,129.4910688283013,130.0734978571937,0,0,0,0,0,139.115,130.415,142.42000000000002,127.10999999999999,133.72,130.6979344282553,128.71206557174466,,,,,12114528,0.78,0.63,-1.627994674662656,-1.3642323692653815,-0.6692405719660592,-235.72243018767398,-181.0006635266564,-181.0006635266564,-166.7061427084639,-166.7061427084639,232.70291568164757,-208.0980287693028,,,6.81114551083591,4.159613340247746,4.593279970349727,,
1685539800,126.39,128.05,126.05,127.83,129.48438557389912,129.91948225495082,129.48438557389912,129.91948225495082,0,0,0,0,0,139.115,130.415,142.42000000000002,127.10999999999999,133.72,130.7073089443089,128.70269105569108,,,,,15099052,0.75,0.63,-0.9536865879717772,-1.0167965675767645,-0.623360496844608,-235.722430187674,-181.68424904882644,-181.68424904882644,-171.69884482191807,-171.69884482191807,232.70291568164757,-208.0980287693028,,,7.083886186053369,4.274290706749927,4.598256206544939,,
1685626200,127.95,128.9179,126.96,128.67,129.47951567265258,129.80683589201158,129.47951567265258,129.80683589201158,0,0,0,0,0,132.375,121.625,136.8,117.19999999999999,127.95,130.7080133777147,128.70198662228526,,,,,9751882,0.74,0.62,-0.7415582690299024,-0.9409046006943412,-0.5846100791107596,-193.56912338432588,-165.06409615483852,-165.06409615483852,-151.7945988206794,-151.7945988206794,232.70291568164757,-208.0980287693028,,,6.41309155241044,4.358165249717006,4.6018822511920225,,
1685712600,129.08,130.55,128.78,130.32,129.47825550147843,129.76926585703072,129.47825550147843,129.76926585703072,0,0,0,0,0,132.375,121.625,136.8,117.19999999999999,127.95,130.71306121114264,128.6969387888573,,,,,10293195,0.76,0.62,-0.12118970848357426,-0.5556380664098325,-0.3289329361400987,-139.43352738950716,-141.67564931580114,-141.67564931580114,-94.8987556377264,-94.8987556377264,232.70291568164757,-208.0980287693028,,,5.0715022851245735,4.386139251105538,4.602820552958121,,
1685971800,130.61,131.38,130.41,130.79,129.48022202395302,129.79645150969617,129.48022202395302,129.79645150969617,0,0,0,0,0,132.375,121.625,136.8,117.19999999999999,127.95,130.71456186720582,128.69543813279418,,,,,8825083,0.78,0.62,-0.16593057497901473,-0.6322536602328914,-0.2855722112856883,-92.1826646774706,-107.14211174132045,-107.14211174132045,-38.075036592359055,-38.075036592359055,232.70291568164757,-208.0980287693028,,,3.8699690402476783,4.3658972820522886,4.601356314171487,,
1686058200,131.32,131.36,129.13,129.7,129.47965274917988,129.7728769406885,129.47965274917988,129.7728769406885,0,0,0,0,0,132.375,121.625,136.8,117.19999999999999,127.95,130.6880319478142,128.72196805218576,,,,,9413482,0.78,0.63,-0.553296894690975,-0.9559498317101398,-0.4238878440655708,-129.28763662311908,-72.162360188911,-72.162360188911,-2.202857084092088,-2.202857084092088,232.70291568164757,-208.0980287693028,,,4.813504349108065,4.383450500368201,4.6017801863691625,,
1686144600,129.59,129.77,129,129.19,129.47882746896173,129.74517980575953,129.47882746896173,129.74517980575953,0,0,0,0,0,132.375,121.625,136.8,117.19999999999999,127.95,130.68609296639175,128.7239070336082,,,,,7519649,0.75,0.63,-0.26031408564326936,-0.7979555136381616,-0.3846861613679298,-124.92069562044333,-45.35433341220078,-45.35433341220078,8.261720141219655,8.261720141219655,232.70291568164757,-208.0980287693028,,,4.909332153914195,4.4040733103111815,4.602394675814807,,
1686231000,129.21,130.2,128.78,130.02,129.47756867281996,129.71002765651406,129.47756867281996,129.71002765651406,0,0,0,0,0,132.375,121.625,136.8,117.19999999999999,127.95,130.6753183258644,128.73468167413557,,,,,6583161,0.75,0.62,0.2938777691748541,-0.30888196450657246,-0.17312267973003906,-116.66038753528342,-23.796486861613204,-23.796486861613204,19.319206239561957,19.319206239561957,232.70291568164757,-208.0980287693028,,,5.0715022851245735,4.430246995597981,4.603331953755486,,
1686317400,130.05,130.87,129.34,130.42,129.47742008406306,129.69799519939585,129.47742008406306,129.69799519939585,0,0,0,0,0,132.375,121.625,136.8,117.19999999999999,127.95,130.6670694933631,128.74293050663687,,,,,10446128,0.78,0.63,0.8586265252846269,-0.3602151714096958,-0.3065814764598461,-100.32793328034369,-2.0841328133597408,-2.0841328133597408,41.34057528314719,41.34057528314719,232.70291568164757,-208.0980287693028,,,4.658705587498152,4.439206156064655,4.60344259038634,,
1686576600,130.35,130.92,129.835,130.89,129.47825091306595,129.70565225039994,129.47825091306595,129.70565225039994,0,0,0,0,0,132.375,121.625,136.8,117.19999999999999,127.95,131.28254038745874,129.36745961254127,,,,,7321523,0.82,0.62,1.116625566663952,-0.48377686984132945,-0.3268501598390082,-74.16252070206619,23.017346217088477,23.017346217088477,73.22030427798491,73.22030427798491,232.70291568164757,-208.0980287693028,,,4.2938227922747965,4.433504847680739,4.602823969411093,,
1686663000,130.6,131.745,130.47,131.55,129.48033612602686,129.73766196607053,129.48033612602686,129.73766196607053,0,0,0,0,0,132.375,121.625,136.8,117.19999999999999,127.95,131.27565056360493,129.37434943639502,,,,,8362679,0.82,0.62,1.6055528058828845,-0.4858773115836591,-0.1621252296228336,-50.38786209608909,50.46706558297978,50.46706558297978,105.36650431476238,105.36650431476238,232.70291568164757,-208.0980287693028,,,3.8257408226448457,4.409670964345998,4.60127135573124,,
1686749400,130.88,130.99,129.7,130.2,129.480894095805,129.7385222811266,129.480894095805,129.7385222811266,0,0,0,0,0,132.375,121.625,136.8,117.19999999999999,127.95,131.29197774133374,129.35802225866624,,,,,12401617,0.78,0.63,0.7791609604789933,-0.6245582873351995,-0.26287635572576096,-64.36551864108102,67.46208822389409,67.46208822389409,101.45213350572273,101.45213350572273,219.69486823857002,-208.09802876930283,,,4.393336281881179,4.409030388563064,4.600855901038233,,
1686835800,130.21,132.4,130.19,132.22,129.4824201815277,129.7583723877491,129.4824201815277,129.7583723877491,0,0,0,0,0,132.375,121.625,136.8,117.19999999999999,127.95,131.31186406183545,129.33813593816453,,,,,10598620,0.79,0.62,1.1362809687046271,-0.22092487504901026,0.028091038542962198,-57.70135686617195,85.49161485731767,85.49161485731767,121.55066812416484,121.55066812416484,219.69486823857002,-208.09802876930283,,,4.032139171458056,4.394250340833456,4.599719603876235,,
1686922200,132.56,133.25,132.07,132.21,129.48766189944672,129.85043229411187,129.48766189944672,129.85043229411187,0,0,0,0,0,132.375,121.625,136.8,117.19999999999999,127.95,131.2862511071368,129.36374889286319,,,,,10535119,0.78,0.61,0.5994582558537351,-0.03424626408687399,-0.06121260962193516,-3.7825053380689293,105.97609424900193,105.97609424900193,146.94505303237045,146.94505303237045,171.41952840640337,-208.09802876930286,,,2.646321686569367,4.325704119097609,4.595816710934563,,
1687267800,130.41,132.095,130.39,131.52,129.48957006747978,129.8736584786565,129.48957006747978,129.8736584786565,0,0,0,0,0,132.375,121.625,136.8,117.19999999999999,127.95,131.28208408142888,129.36791591857107,,,,,8585375,0.79,0.61,0.2301918649131181,-0.3689584144537647,-0.09240375446082943,-42.438789385343874,117.88387900372997,117.88387900372997,141.69944851318607,141.69944851318607,140.92612142665664,-208.0980287693028,,,3.884711779448629,4.308410301856473,4.594395921860665,,
1687354200,131.2,131.99,130.59,131.54,129.49187002738492,129.90373853831701,129.49187002738492,129.90373853831701,0,0,0,0,0,132.375,121.625,136.8,117.19999999999999,127.95,131.2777806106548,129.37221938934522,,,,,9444757,0.79,0.61,0.5852813895713028,-0.3144913892623749,0.030385353907445112,-37.80067032683599,119.9892745083959,119.9892745083959,124.20006551772772,124.20006551772772,140.92612142665664,-208.0980287693028,,,3.737284387439181,4.286013207173442,4.59268341130238,,
1687440600,131.74,132.63,131.57,132.44,129.49610385350402,129.9706860466183,129.49610385350402,129.9706860466183,0,0,0,0,0,132.375,121.625,136.8,117.19999999999999,127.95,131.24706595282922,129.40293404717076,,,,,8036714,0.8,0.62,1.0376488792088725,0.005395550980412022,-0.0051887364002327204,-20.142303256825805,124.1658865067597,124.1658865067597,132.51911050348733,132.51911050348733,140.92612142665664,-208.0980287693028,,,3.0148901665929557,4.2361652447977365,4.5895309772470165,,
1687527000,132.26,132.54,131.64,132,129.50046768196856,130.03772580949604,129.50046768196856,130.03772580949604,0,0,0,0,0,132.375,121.625,136.8,117.19999999999999,127.95,131.31394517721193,129.46605482278804,,,,,8096493,0.81,0.61,0.631951927577037,-0.14074414118080386,-0.16463832312378412,-18.521658167196314,127.32468599693637,127.32468599693637,133.64228497728968,133.64228497728968,140.92612142665664,-208.0980287693028,,,2.9632905793896582,4.186248591252322,4.586281745682866,,
1687786200,131.67,131.88,129.98,131.25,129.50153927501157,130.03768950324127,129.50153927501157,130.03768950324127,0,0,0,0,0,132.375,121.625,136.8,117.19999999999999,127.95,131.83819977319988,130.02180022680014,,,,,7093029,0.8,0.62,0.2672413295044112,-0.20513395512915802,-0.16337368147483,-56.95409886412803,95.31413937411531,95.31413937411531,116.65450378932935,116.65450378932935,140.92612142665664,-208.0980287693028,,,4.186937933067969,4.1862756242647,4.585483855947372,,
1687872600,131.25,131.39,130.04,130.95,129.50272740832824,130.03998403252592,129.50272740832824,130.03998403252592,0,0,0,0,0,132.375,121.625,136.8,117.19999999999999,127.95,131.8373229610585,130.0226770389415,,,,,8578428,0.8,0.62,0.019282327745758086,-0.22781228121993718,-0.12627171583944136,-55.56497450158827,47.837275159826774,47.837275159826774,93.71542757949516,93.71542757949516,140.92612142665664,-208.0980287693028,,,4.142709715465137,4.184567157252952,4.584599192330025,,
1687959000,130.92,130.95,130.11,130.53,129.50405162929061,130.04490622732885,129.50405162929061,130.04490622732885,0,0,0,0,0,132.375,121.625,136.8,117.19999999999999,127.95,131.83304079103607,130.02695920896394,,,,,10897834,0.8,0.61,-0.32715575784407563,-0.26398445397149395,-0.031177970888182898,-53.94432941195812,4.242180673258048,4.242180673258048,63.89101194408279,63.89101194408279,140.92612142665664,-208.0980287693028,,,4.0911101282618185,4.1809021757238884,4.583613200194025,,
1688045400,130.23,131.46,130.01,131.38,129.50517540225906,130.04575304194339,129.50517540225906,130.04575304194339,0,0,0,0,0,132.375,121.625,136.8,117.19999999999999,127.95,131.8377190701646,130.0222809298354,,,,,7843374,0.81,0.61,0.3811774098845266,0.09649213858681223,-0.06479234269983876,-56.25953668285815,-15.634846527008861,-15.634846527008861,37.38239245371891,37.38239245371891,140.92612142665664,-208.0980287693028,,,4.164823824266553,4.180271652137327,4.5827764581841794,,
1688131800,131.91,133.04,131.83,132.73,129.50989692992687,130.1172254716711,129.50989692992687,130.1172254716711,0,0,0,0,0,132.375,121.625,136.8,117.19999999999999,127.95,131.84818939753228,130.01181060246773,,,,,8260918,0.8,0.61,0.16117464727945235,0.31486297393653634,0.2619333424893714,-20.791339249764977,9.039950187482013,9.039950187482013,27.93491169830661,27.93491169830661,140.92612142665664,-208.0980287693028,,,2.823234556980675,4.127054511150791,4.579260889950007,,
1688391000,132.35,132.35,131.078,131.64,129.5131215514455,130.1566997668997,129.5131215514455,130.1566997668997,0,0,0,0,0,136.395,129.20499999999998,139.54000000000002,126.05999999999999,132.35,131.84380562869308,130.01619437130694,,,,,5240339,0.78,0.61,-0.17973682604416022,0.173108405644163,0.1926501100244628,-38.16365826734704,21.254647863140615,21.254647863140615,25.708157086584613,25.708157086584613,140.92612142665664,-208.0980287693028,,,3.37756155093616,4.0976626303580606,4.57685989226966,,
1688563800,131.36,131.855,131.06,131.57,129.5163041257683,130.19392722702128,129.5163041257683,130.19392722702128,0,0,0,0,0,136.395,129.20499999999998,139.54000000000002,126.05999999999999,132.35,131.82579915324942,130.0342008467506,,,,,7942087,0.77,0.62,0.015860294162543195,0.04769226551310244,0.14740534735369842,-38.57948505234236,22.383191984813234,22.383191984813234,24.599835385994155,24.599835385994155,140.92612142665664,-208.0980287693028,,,3.3908300162170093,4.069943704313314,4.574490202207617,,
1688650200,130.69,131.01,130.19,130.52,129.51775946218035,130.1959183161577,129.51775946218035,130.1959183161577,0,0,0,0,0,136.395,129.20499999999998,139.54000000000002,126.05999999999999,132.35,131.83553078658937,130.02446921341067,,,,,8213056,0.74,0.61,-0.32386774151311515,-0.16878156444469491,0.21775254402637947,-58.677779660449126,-1.8329619286393033,-1.8329619286393033,15.788902947783003,15.788902947783003,140.92612142665664,-208.0980287693028,,,4.032139171458056,4.068461173613108,4.5734065837645606,,
1688736600,129.8,130.26,128.93,129,129.51671958313503,130.14891367630838,129.51671958313503,130.14891367630838,0,0,0,0,0,136.395,129.20499999999998,139.54000000000002,126.05999999999999,132.35,131.80935109289067,130.05064890710935,,,,,8749818,0.73,0.62,-1.0809999068521212,-0.18483423159829737,0.09528638995772015,-91.01874813772977,-38.095578295708975,-38.095578295708975,-2.172590800047656,-2.172590800047656,140.92612142665666,-220.9523809523501,,,4.960931741117492,4.103460019397594,4.574180859803228,,
1688995800,129.01,130.18,129,130.02,129.51582024330858,130.10647000272763,129.51582024330858,130.10647000272763,0,0,0,0,0,136.395,129.20499999999998,139.54000000000002,126.05999999999999,132.35,131.81872719473282,130.0412728052672,,,,,7476636,0.7,0.61,-0.6246346565742485,0.16945551249717936,0.31108118987473,-89.34208698782437,-62.48289187439737,-62.48289187439737,-22.27602449149756,-22.27602449149756,140.92612142665666,-220.9523809523501,,,4.909332153914195,4.135062848202167,4.574850492758494,,
1689082200,129.84,130.47,129.48,130.05,128.93465106660233,129.5220007983555,128.93465106660233,129.5220007983555,0,0,0,0,0,136.395,129.20499999999998,139.54000000000002,126.05999999999999,132.35,131.8187805775218,130.0412194224782,,,,,7279219,0.67,0.62,-0.38180115350067645,0.426389247035341,0.33878612318101275,-77.84498195990082,-72.56642044243252,-72.56642044243252,-39.03948980847588,-39.03948980847588,140.92612142665666,-220.9523809523501,,,4.124398370973728,4.134644633408895,4.573950488519164,,
1689168600,130.38,130.5,129.49,129.7,128.93587174379195,129.5229262572435,128.93587174379195,129.5229262572435,0,0,0,0,0,136.395,129.20499999999998,139.54000000000002,126.05999999999999,132.35,131.81731069730372,130.0426893026963,,,,,11900408,0.67,0.62,-0.39920188370493886,0.41084198462794214,0.21389270680126685,-77.60545893848527,-82.69207976273417,-82.69207976273417,-53.59035312656197,-53.59035312656197,140.92612142665666,-220.9523809523501,,,4.116993706034804,4.133952440178539,4.5730374879547595,,
1689255000,130.03,130.36,129.615,129.75,128.93733723481333,129.52866836480257,128.93733723481333,129.52866836480257,0,0,0,0,0,136.395,129.20499999999998,139.54000000000002,126.05999999999999,132.35,131.81733316056986,130.04266683943015,,,,,7526169,0.66,0.62,-0.2520605509299541,0.5783793540927537,0.06313434741295448,-74.61142117079677,-91.8776384569764,-91.8776384569764,-66.35278157003344,-66.35278157003344,140.92612142665666,-220.9523809523501,,,4.0244353942984095,4.129657654065593,4.571941379875526,,
1689341400,130.73,132.115,130.59,131.7,128.9407283692093,129.57203823284954,128.9407283692093,129.57203823284954,0,0,0,0,0,136.395,129.20499999999998,139.54000000000002,126.05999999999999,132.35,131.73805670694927,129.94694329305074,,,,,13298785,0.66,0.62,0.10142993787656268,0.7278853649663765,0.2784608002784807,-51.25792658282666,-61.57334194223836,-61.57334194223836,-52.01446268664818,-52.01446268664818,140.92612142665666,-220.9523809523501,,,3.302480562754541,4.097219336759277,4.569404994626534,,
1689600600,131.35,131.63,130.61,131.1,128.94415228855155,129.61448379234562,128.94415228855155,129.61448379234562,0,0,0,0,0,136.395,129.20499999999998,139.54000000000002,126.05999999999999,132.35,131.54302001156486,129.76697998843514,,,,,7905359,0.7,0.62,-0.5180915281861906,0.4599984052511433,0.4505622866120788,-50.778880539996265,-46.44205136225096,-46.44205136225096,-16.179470202276157,-16.179470202276157,140.92612142665666,-220.9523809523501,,,3.287671232876711,4.065472352293295,4.566844088009651,,
1689687000,131.15,132.565,130.91,132.07,128.9481627734895,129.66691187892033,128.9481627734895,129.66691187892033,0,0,0,0,0,136.395,129.20499999999998,139.54000000000002,126.05999999999999,132.35,131.55203673932922,129.75796326067075,,,,,8130367,0.68,0.62,0.13731554593162348,0.3259158457120793,0.6343641823532412,-43.59318989754429,-23.55254608041922,-23.55254608041922,22.226464483244257,22.226464483244257,140.92612142665666,-220.9523809523501,,,3.065531284709378,4.026258977093925,4.563844462029031,,
1689773400,132.72,133.51,132.45,132.68,128.9552113993167,129.77707219739403,128.9552113993167,129.77707219739403,0,0,0,0,0,136.395,129.20499999999998,139.54000000000002,126.05999999999999,132.35,131.5487897062677,129.76121029373232,,,,,12483992,0.68,0.61,0.35423932449941153,0.35031384682837513,0.8516103268165807,-6.70664459962225,5.2858986705292565,5.2858986705292565,62.96278817242621,62.96278817242621,140.92612142665666,-220.9523809523501,,,1.9252128841170102,3.943865012663458,4.558572470864371,,
1689859800,133.57,135.43,133.47,134.88,128.80225653677158,129.76548973310403,128.80225653677158,129.76548973310403,0,0,0,0,0,136.395,129.20499999999998,139.54000000000002,126.05999999999999,132.35,131.6731133581956,129.8068866418044,,,,,12650212,0.72,0.61,1.3919999232631701,0.9608574094965262,1.2004982478601505,-40.30097822934662,39.85374279254935,39.85374279254935,108.98943103658952,108.98943103658952,217.8717093066487,-220.95238095235007,,,1.0453736654804247,3.830198685322947,4.551553092631836,,
1689946200,135.01,136.66,134.78,136.24,130.11035229920728,131.21982896004388,130.11035229920728,131.21982896004388,0,0,0,0,0,136.395,129.20499999999998,139.54000000000002,126.05999999999999,132.35,132.30374651559518,130.4062534844048,,,,,11308875,0.74,0.61,2.3231852160315407,1.3041710960012272,1.2035057143176238,-42.15409354742957,74.7906701889205,74.7906701889205,144.6645249816628,144.6645249816628,226.80006063363135,-220.9523809523501,,,1.0716382853787492,3.722019846109449,4.544600215894067,,
1690205400,136.24,136.845,135.8201,135.94,130.12176877613194,131.4003964125912,130.12176877613194,131.4003964125912,0,0,0,1,0,136.395,129.20499999999998,139.54000000000002,126.05999999999999,132.35,132.39175188801832,130.50324811198166,,,,,12034090,0.74,0.62,1.894009418402986,1.0935068475626504,1.042988965051966,-12.123632794908296,104.908689189473,104.908689189473,165.14472719057798,165.14472719057798,226.80006063363135,-220.9523809523501,,,0.30820610687023825,3.5881447975118332,4.536135891999914,,
1690291800,135.03,136.425,134.85,135.88,130.131243563792,131.53622008268565,130.131243563792,131.53622008268565,0,0,0,1,0,136.395,129.20499999999998,139.54000000000002,126.05999999999999,132.35,132.38751978057618,130.5074802194238,,,,,7803014,0.72,0.62,1.8654680824739172,1.0058134621185062,1.0497699701747645,-40.13300687049823,126.68025771165101,126.68025771165101,170.22339475600705,170.22339475600705,226.80006063363135,-220.9523809523501,,,1.0202583675866228,3.487443368887315,4.5291111616814055,,
1690378200,135.23,136.23,134.875,135.79,130.14074887135686,131.66768792258034,130.14074887135686,131.66768792258034,0,0,0,1,0,136.395,129.20499999999998,139.54000000000002,126.05999999999999,132.35,132.3701392797727,130.52486072022728,,,,,8205316,0.72,0.62,1.9586972008640313,0.9016105214044376,0.9040929385717992,-39.411190200165365,142.43139112011127,142.43139112011127,173.93365793703182,173.93365793703182,226.80006063363135,-220.9523809523501,,,1.0019083969465714,3.3899714092033646,4.5220638035101075,,
1690464600,135.99,136.48,134.76,134.79,130.15000771477074,131.78953545502816,130.15000771477074,131.78953545502816,0,0,0,0,0,136.395,129.20499999999998,139.54000000000002,126.05999999999999,132.35,132.3468335928295,130.5481664071705,,,,,8800817,0.73,0.62,1.6275721685487472,0.5958138787038002,0.9909678426194723,-42.73154688369602,147.1331276788121,147.1331276788121,156.53660079621372,156.53660079621372,226.80006063363135,-220.9523809523501,,,1.0863182618907943,3.2996320700930677,4.515199177053326,,
1690551000,135.2,135.42,134.415,135.19,130.15856564141455,131.89321053522315,130.15856564141455,131.89321053522315,0,0,0,0,0,136.395,129.20499999999998,139.54000000000002,126.05999999999999,132.35,132.34424645512726,130.55075354487272,,,,,6897797,0.76,0.62,1.1098204797923532,0.9267060892795657,0.9049503439648854,-52.692616934287166,125.83894758165245,125.83894758165245,140.03506764642555,140.03506764642555,226.80006063363135,-220.9523809523501,,,1.3395478567234416,3.222766022509945,4.508854219370349,,
1690810200,134.95,135,133.645,134.15,130.16558339238074,131.96292580835163,130.16558339238074,131.96292580835163,0,0,0,0,0,136.395,129.20499999999998,139.54000000000002,126.05999999999999,132.35,132.34332478460018,130.55167521539977,,,,,9736656,0.76,0.62,0.99273156122091,0.3596120290486496,0.7149168659474325,-74.92457038053362,73.30819635214417,73.30819635214417,117.79277721499842,117.79277721499842,226.80006063363135,-220.9523809523501,,,1.9047269524368753,3.1710782158404127,4.5036511678879645,,
1690896600,133.84,134.33,133.115,133.45,130.17153877021815,132.00933067861237,130.17153877021815,132.00933067861237,0,0,0,0,0,140.8025,129.8825,144.76,125.92500000000001,133.84,132.34341990671865,130.55158009328133,,,,,10555724,0.77,0.63,0.44593561697733497,0.23109683890033034,0.8650810360487122,-90.22708379158678,16.710904589880073,16.710904589880073,84.09881967329231,84.09881967329231,226.80006063363135,-220.9523809523501,,,2.293746330005872,3.1366730438469013,4.499235773606482,,
1690983000,133.48,134.39,133.18,133.54,130.1776108206273,132.0564392794511,130.1776108206273,132.0564392794511,0,0,0,0,0,140.8025,129.8825,144.76,125.92500000000001,133.84,132.34069382909976,130.55430617090022,,,,,13873282,0.79,0.63,0.27958714002435686,0.3824926948665416,0.9138071099541851,-88.35036044872184,-27.00691782408977,-27.00691782408977,47.06357384083162,47.06357384083162,226.80006063363135,-220.9523809523501,,,2.2460364063417515,3.101746116885915,4.49473387676879,,
1691069400,133.1,133.27,132.61,132.87,130.18254326654014,132.07957107241378,130.18254326654014,132.07957107241378,0,0,0,0,0,140.8025,129.8825,144.76,125.92500000000001,133.84,132.34424557168597,130.550754428314,,,,,11863532,0.79,0.64,-0.644728477627109,0.25255823239057246,0.6310065830018047,-104.80778053230708,-69.52135499030942,-69.52135499030942,8.201930897117947,8.201930897117947,226.80006063363135,-220.9523809523501,,,2.6644157369348176,3.084595905907441,4.491076897468423,,
1691155800,132.91,133.73,132.075,132.4,130.18640761565794,132.0810251480054,130.18640761565794,132.0810251480054,0,0,0,0,0,140.8025,129.8825,144.76,125.92500000000001,133.84,132.33645579926787,130.55854420073211,,,,,12631301,0.79,0.64,-1.2261293123601051,-0.007585598942946621,0.5195831944003088,-120.25465727742744,-109.38265653073091,-109.38265653073091,-30.992931578831673,-30.992931578831673,226.80006063363135,-220.9523809523501,,,3.057105108631841,3.083517835426045,4.488211818969249,,
1691415000,132.8,134.055,132.73,133.93,130.1915598481941,132.10785161278952,130.1915598481941,132.10785161278952,0,0,0,0,0,140.8025,129.8825,144.76,125.92500000000001,133.84,132.34441800839903,130.55058199160095,,,,,8165679,0.75,0.63,-0.6401628733803942,0.3654806949049804,0.7815093992590406,-101.34306051471083,-105.35402504725735,-105.35402504725735,-55.779962734973566,-55.779962734973566,226.80006063363135,-220.9523809523501,,,2.5763358778626095,3.0636283468941454,4.484391887018986,,
1691501400,134.78,135.13,134.045,134.96,130.19930288546044,132.18467900052326,130.19930288546044,132.18467900052326,0,0,0,0,0,140.8025,129.8825,144.76,125.92500000000001,133.84,132.35227914232473,130.54272085767528,,,,,12601218,0.76,0.63,-0.2918474940626553,0.7034571523267323,0.8526185796443018,-63.375503655211176,-65.90864722624052,-65.90864722624052,-59.156190898729214,-59.156190898729214,226.80006063363135,-220.9523809523501,,,1.6111274221961402,3.006667526317753,4.4786510988774815,,
1691587800,134.84,135.65,134.75,134.92,130.20842495761735,132.28586413775764,130.20842495761735,132.28586413775764,0,0,0,0,0,140.8025,129.8825,144.76,125.92500000000001,133.84,132.3449814197324,130.5500185802676,,,,,9833747,0.76,0.63,-0.27810916768395416,0.7597806305294335,0.7715215555724876,-43.020273551828836,-47.24217308470083,-47.24217308470083,-23.414137456644056,-23.414137456644056,226.80006063363135,-220.9523809523501,,,1.0936582501468064,2.9316475547032064,4.471887876402495,,
1691674200,135.25,136.53,134.69,134.83,130.2174101225372,132.38075181862988,130.2174101225372,132.38075181862988,0,0,0,0,0,140.8025,129.8825,144.76,125.92500000000001,133.84,132.3441452733823,130.55085472661767,,,,,9541846,0.74,0.63,0.013106853684912044,0.8400277315415481,0.6106798097207794,-44.75263356062737,-27.447634384673897,-27.447634384673897,12.14144301537997,12.14144301537997,226.80006063363135,-220.9523809523501,,,1.1376981796829209,2.861296598820058,4.465226158726732,,
1691760600,134.79,135.83,134.47,135.67,130.22594217024442,132.46337723750713,130.22594217024442,132.46337723750713,0,0,0,0,0,140.8025,129.8825,144.76,125.92500000000001,133.84,132.34767276854467,130.5473272314553,,,,,7674453,0.73,0.62,0.1573402756411668,0.8354311119754563,0.5371011873737734,-62.233609734764194,-2.9751894929365434,-2.9751894929365434,45.969700290538164,45.969700290538164,226.80006063363135,-220.9523809523501,,,1.2991779213153334,2.8000370428394805,4.458900388022613,,
1692019800,135.69,136.51,135.57,136.08,130.2366329950791,132.58546832623236,130.2366329950791,132.58546832623236,0,0,0,0,0,140.8025,129.8825,144.76,125.92500000000001,133.84,132.34820985859056,130.5467901414094,,,,,8723326,0.72,0.62,0.6390228275368337,0.6472392199936267,0.5823667176206568,-32.70358758627118,30.25854826080002,30.25854826080002,96.72602376827314,96.72602376827314,226.80006063363135,-220.9523809523501,,,0.49177921315327067,2.7095171279498254,4.450974071988908,,
1692106200,135.74,136.14,135.43,135.58,130.24702553654748,132.69733623500755,130.24702553654748,132.69733623500755,0,0,0,0,0,140.8025,129.8825,144.76,125.92500000000001,133.84,132.35007202839245,130.54492797160754,,,,,9118521,0.73,0.62,0.725684479634689,0.7856597968792761,0.27195173684871404,-42.639866004574095,62.14448085097217,62.14448085097217,125.91634603131648,125.91634603131648,226.80006063363135,-220.9523809523501,,,0.5945390487375236,2.6265768111179706,4.443268907107287,,
1692192600,135.36,135.8,134.52,134.55,130.25559731369722,132.76948775520333,130.25559731369722,132.76948775520333,0,0,0,0,0,140.8025,129.8825,144.76,125.92500000000001,133.84,132.34816124948907,130.54683875051091,,,,,9462496,0.73,0.62,0.34167026467782624,0.5907394090866138,0.11616273494194355,-90.5439129973669,76.40560241352367,76.40560241352367,104.92784553862667,104.92784553862667,226.80006063363135,-220.9523809523501,,,1.262477980035231,2.5730827393108044,4.43691368047977,,
1692279000,134.07,134.54,133.415,133.48,130.26196625013338,132.7959098040189,130.26196625013338,132.7959098040189,0,0,0,0,0,140.8025,129.8825,144.76,125.92500000000001,133.84,132.35861179717415,130.53638820282583,,,,,11163782,0.73,0.63,0.20959561570279506,0.597768894659661,0.00570262163587495,-153.91178225862998,56.65015670048004,56.65015670048004,69.82045384250912,69.82045384250912,226.80006063363135,-220.9523809523501,,,2.0735466823253206,2.553493090017256,4.432191668495445,,
1692365400,133.22,133.875,133.1,133.53,130.26769938449877,132.80906628229266,130.26769938449877,132.80906628229266,0,0,0,0,0,140.8025,129.8825,144.76,125.92500000000001,133.84,132.35746254204122,130.53753745795876,,,,,9463221,0.73,0.63,0.39017401267408286,0.9268634277057097,-0.03983813212579959,-180.51404517913883,11.203626156562223,11.203626156562223,50.28151128052683,50.28151128052683,226.80006063363135,-220.9523809523501,,,2.304756312389911,2.5437387065808896,4.427941048403326,,
1692624600,133.48,133.83,133.055,133.67,130.2733320530612,132.81995976141843,130.2733320530612,132.81995976141843,0,0,0,0,0,140.8025,129.8825,144.76,125.92500000000001,133.84,132.35469511809598,130.540304881904,,,,,6872444,0.73,0.63,-0.08914306037416468,0.744241933195059,-0.028573627184404763,-183.10102990304293,-23.344435920534174,-23.344435920534174,25.739528880173165,25.739528880173165,226.80006063363135,-220.9523809523501,,,2.337786259541986,2.5356621400303445,4.423764914959048,,
1692711000,133.47,133.79,133.13,133.2,130.27910181918895,132.83333780999027,130.27910181918895,132.83333780999027,0,0,0,0,0,140.8025,129.8825,144.76,125.92500000000001,133.84,132.35675697799476,130.53824302200522,,,,,6939610,0.75,0.64,-0.5981282525051814,0.6413960608957162,-0.27723544718095644,-169.79062257743058,-56.09428345883784,-56.09428345883784,-1.5384085661638345,-1.5384085661638345,226.80006063363135,-220.9523809523501,,,2.282736347621854,2.5257434815045214,4.419487135603729,,
1692797400,134,134.3,133.205,133.6,130.2850084089608,132.84910299391223,130.2850084089608,132.84910299391223,0,0,0,0,0,140.8025,129.8825,144.76,125.92500000000001,133.84,132.33826020794,130.55673979205997,,,,,7276780,0.75,0.63,-0.4495863938447265,0.7977734232704028,-0.11041238417054,-165.4739118339356,-79.6550364627959,-79.6550364627959,-27.577284531707857,-27.577284531707857,226.80006063363135,-220.9523809523501,,,2.2276864357017003,2.514054969904411,4.415107913426103,,
1692883800,133.34,134.39,132.44,132.44,130.2893900105413,132.83454993532743,130.2893900105413,132.83454993532743,0,0,0,0,0,140.8025,129.8825,144.76,125.92500000000001,133.84,132.3429288869781,130.5520711130219,,,,,10241732,0.73,0.63,-0.8167710403368393,0.551535219606336,-0.23074163851501295,-209.50436141757498,-129.20487894187428,-129.20487894187428,-61.45314933509667,-61.45314933509667,226.80006063363135,-220.9523809523501,,,2.789195537287149,2.524844796076283,4.411859337250001,,
1692970200,132.87,133.88,132.42,133.41,130.29372329723353,132.81979111433418,130.29372329723353,132.81979111433418,0,0,0,0,0,140.8025,129.8825,144.76,125.92500000000001,133.84,132.33191696338176,130.56308303661822,,,,,8509077,0.71,0.63,-0.7733311268165828,0.3480090876527063,-0.015064391804181398,-210.6554842825073,-148.9610538583117,-148.9610538583117,-90.62245084283501,-90.62245084283501,226.80006063363135,-220.9523809523501,,,2.8038755137991935,2.535787177163456,4.408646582357991,,
1693229400,133.88,134.31,133.225,133.72,130.2996402337026,132.8368640118113,130.2996402337026,132.8368640118113,0,0,0,0,0,140.8025,129.8825,144.76,125.92500000000001,133.84,132.3311388217549,130.56386117824508,,,,,6768441,0.68,0.63,-0.8047341563580175,0.5353930200149408,-0.026558197488474867,-164.32278896900493,-124.97770285470864,-124.97770285470864,-102.07420151345956,-102.07420151345956,226.80006063363135,-220.9523809523501,,,2.2130064591896756,2.523129109791935,4.404259689005007,,
1693315800,133.9,134.92,133.72,134.92,130.3065244689999,132.87248503095594,130.3065244689999,132.87248503095594,0,0,0,0,0,140.8025,129.8825,144.76,125.92500000000001,133.84,132.3334277886706,130.56157221132938,,,,,10736986,0.68,0.62,-0.23127954862287675,0.5919281308443088,0.1804493943463034,-135.83249806194445,-92.02275568994139,-92.02275568994139,-71.91986404290505,-71.91986404290505,226.80006063363135,-220.9523809523501,,,1.8496770405167426,2.4967192247223196,4.399155627769266,,
1693402200,135.25,135.66,134.7,134.82,130.31533341111978,132.94475620621256,130.31533341111978,132.94475620621256,0,0,0,0,0,140.8025,129.8825,144.76,125.92500000000001,133.84,132.78280303974773,131.02219696025227,,,,,7892678,0.7,0.62,0.09538947380398377,0.44265775202144647,0.06135168109143527,-79.42747768029047,-67.82902022159976,-67.82902022159976,-19.441549284916512,-19.441549284916512,226.80006063363135,-220.9523809523501,,,1.1303581914269085,2.443136439102892,4.39262456396039,,
1693488600,134.84,134.91,133.18,133.21,130.3211181595491,132.95518145302776,130.3211181595491,132.95518145302776,0,0,0,0,0,140.8025,129.8825,144.76,125.92500000000001,133.84,133.71876439820446,131.90623560179554,,,,,7540165,0.65,0.62,-0.09463142784446092,-0.3344229806278752,-0.21246617849969104,-166.91281541510057,-48.04413163626498,-48.04413163626498,-8.474354465595393,-8.474354465595393,226.80006063363135,-220.9523809523501,,,2.2460364063417515,2.4354070260534355,4.388335676532581,,
1693575000,134.24,134.24,133.22,133.57,130.32697047091864,132.966750807811,130.32697047091864,132.966750807811,0,0,0,0,0,136.46750000000003,129.84749999999997,138.69500000000002,127.61999999999998,134.24,133.69598380728328,131.92901619271672,,,,,10183853,0.65,0.62,0.014020462040847349,-0.5295746436588934,-0.004670689060986945,-164.61056968523758,-36.37700159028831,-36.37700159028831,-13.042741498334964,-13.042741498334964,226.80006063363135,-220.9523809523501,,,2.216676453317682,2.426829356534386,4.3839966970656175,,
1693920600,133.64,133.735,132.19,132.19,130.330773726721,132.93787822711252,130.330773726721,132.93787822711252,0,0,0,0,0,136.46750000000003,129.84749999999997,138.69500000000002,127.61999999999998,134.24,133.71211446966532,131.91288553033468,,,,,11042676,0.67,0.62,-0.5123265762620807,-0.7369575837111064,0.05621087561243372,-223.89339722922153,-36.97185638700974,-36.97185638700974,-36.575286522528785,-36.575286522528785,226.80006063363135,-220.9523809523501,,,2.9726952436876184,2.448235861912944,4.381176913941985,,
1694007000,132.03,132.16,130.83,131.47,130.33187927372055,132.85733790448066,130.33187927372055,132.85733790448066,0,0,0,0,0,136.46750000000003,129.84749999999997,138.69500000000002,127.61999999999998,134.24,133.7056603459667,131.9193396540333,,,,,12840059,0.7,0.62,-0.6106333721687466,-0.8809699223053284,-0.11008099996329236,-239.43980833474942,-68.4875513361649,-68.4875513361649,-47.21270812707415,-47.21270812707415,226.80006063363135,-220.9523809523501,,,3.9709336465061624,2.5079495005244428,4.380357247073982,,
1694093400,131.87,132.625,131.77,132.06,130.33484195249434,132.81645014352063,130.33484195249434,132.81645014352063,0,0,0,0,0,136.46750000000003,129.84749999999997,138.69500000000002,127.61999999999998,134.24,133.7056258526993,131.91937414730066,,,,,11055727,0.69,0.62,-0.5442748785782114,-0.7488320829243265,-0.17326915519370617,-196.56868074719438,-86.75662701338078,-86.75662701338078,-60.39401442250969,-60.39401442250969,226.80006063363135,-220.9523809523501,,,3.2809747504403983,2.5382642162074216,4.37816067864914,,
1694179800,131.78,132.46,131.75,132.06,130.33775915139046,132.77638935357865,130.33775915139046,132.77638935357865,0,0,0,0,0,136.46750000000003,129.84749999999997,138.69500000000002,127.61999999999998,134.24,133.77527738572738,131.9997226142726,,,,,8717030,0.69,0.62,-0.13548399586591509,-0.5521637847147666,-0.2533021256732293,-197.48083239799388,-95.46561333514371,-95.46561333514371,-72.0845473933877,-72.0845473933877,226.80006063363135,-220.9523809523501,,,3.2956547269524434,2.567965804864089,4.375997829594801,,
1694439000,132,133.225,131.98,132.97,130.3411254667723,132.74682898677165,130.3411254667723,132.74682898677165,0,0,0,0,0,136.46750000000003,129.84749999999997,138.69500000000002,127.61999999999998,134.24,133.78088264433947,131.9941173556605,,,,,7178983,0.68,0.62,-0.15568157181378484,-0.44752849660922334,-0.07888419471637596,-186.99108841380533,-76.54074906117398,-76.54074906117398,-73.56994794931646,-73.56994794931646,226.80006063363135,-220.9523809523501,,,3.1268349970640186,2.58988224377389,4.373501999759575,,
1694525400,132.57,133.145,131.851,132.8,130.3442298914141,132.71341961474138,130.3442298914141,132.71341961474138,0,0,0,0,0,136.46750000000003,129.84749999999997,138.69500000000002,127.61999999999998,134.24,133.77951936457885,131.9954806354211,,,,,6941890,0.68,0.63,-0.32505694454981715,-0.27450512270284566,-0.07788244008581348,-192.87446656145877,-67.74766495586002,-67.74766495586002,-56.10309896894714,-56.10309896894714,226.80006063363135,-220.9523809523501,,,3.221520845566654,2.614652385020665,4.371200339111836,,
1694611800,132.48,133.35,132.44,132.82,130.34849316835434,132.7041874729868,130.34849316835434,132.7041874729868,0,0,0,0,0,136.46750000000003,129.84749999999997,138.69500000000002,127.61999999999998,134.24,133.77583372375273,131.99916627624725,,,,,6430300,0.68,0.63,-0.7367344300802953,-0.12901177429878166,0.05005045785822178,-166.01160044542692,-54.5386409605099,-54.5386409605099,-28.120592969809664,-28.120592969809664,226.80006063363135,-220.9523809523501,,,2.789195537287149,2.6214972145213116,4.368039490356942,,
1694698200,133.57,133.65,132.84,133.24,130.35353913604993,132.71084678777163,130.35353913604993,132.71084678777163,0,0,0,0,0,136.46750000000003,129.84749999999997,138.69500000000002,127.61999999999998,134.24,133.75936339799935,132.01563660200063,,,,,6433355,0.69,0.63,-0.5569541227384742,-0.061640466151668745,-0.04150395644975295,-125.42562870468082,-33.02413040968484,-33.02413040968484,10.0048906919653,10.0048906919653,226.80006063363135,-220.9523809523501,,,2.4955960070463927,2.6165599122673933,4.364298344536142,,
1694784600,132.92,133.5482,132.095,132.19,130.35710139551836,132.6883214235453,130.35710139551836,132.6883214235453,0,0,0,0,0,136.46750000000003,129.84749999999997,138.69500000000002,127.61999999999998,134.24,133.73226257377922,132.04273742622075,,,,,9612005,0.69,0.63,-0.3627707935182755,-0.13998784302970557,-0.13150447935285947,-129.94915894977487,-20.457107766552756,-20.457107766552756,4.676937519711411,4.676937519711411,226.80006063363135,-220.9523809523501,,,3.042425132119796,2.63326050912435,4.361657239216629,,
1695043800,131.86,131.99,130.95,131.45,130.35839170242042,132.6222264657592,130.35839170242042,132.6222264657592,0,0,0,0,0,136.46750000000003,129.84749999999997,138.69500000000002,127.61999999999998,134.24,133.7373870620964,132.03761293790362,,,,,6559420,0.72,0.64,-0.7588638284569084,-0.19806690273699964,-0.11554897844971537,-172.30457390637574,-30.10520701197841,-30.10520701197841,-23.673140848361307,-23.673140848361307,226.80006063363135,-195.66348655679536,,,3.882853787433955,2.682264167097276,4.360700588963317,,
1695130200,131.23,131.84,130.68,131.56,130.35914536535265,132.54824111416082,130.35914536535265,132.54824111416082,0,0,0,0,0,136.46750000000003,129.84749999999997,138.69500000000002,127.61999999999998,134.24,133.73306299121887,132.04193700878108,,,,,6252402,0.72,0.64,-0.23324747199801696,-0.5000170901337553,-0.1498928475975709,-184.02302099824428,-60.33040005207555,-60.33040005207555,-35.89222724959939,-35.89222724959939,226.80006063363135,-195.66348655679536,,,4.0810334703464495,2.7371178652639103,4.360141813501545,,
1695216600,132.14,132.51,131.55,131.57,130.3616184015857,132.51093361948784,130.3616184015857,132.51093361948784,0,0,0,0,0,136.46750000000003,129.84749999999997,138.69500000000002,127.61999999999998,134.24,133.73306022293085,132.04193977706913,,,,,6350825,0.72,0.64,0.03734986658748792,-0.7121143198717329,-0.09892245393483642,-146.2635803688872,-71.57842007820983,-71.57842007820983,-47.7876248591362,-47.7876248591362,226.80006063363135,-195.66348655679536,,,3.4424544920728106,2.7647781251387693,4.358308272399789,,
1695303000,131.32,131.535,130.36,130.42,130.36173265053358,132.42888916382165,130.36173265053358,132.42888916382165,0,0,0,0,0,136.46750000000003,129.84749999999997,138.69500000000002,127.61999999999998,134.24,133.7374952163362,132.0375047836638,,,,,7979573,0.71,0.63,-0.6098663031848769,-0.945665699322565,-0.2191873530116988,-197.911550884904,-100.12111435262314,-100.12111435262314,-65.23212135696518,-65.23212135696518,226.80006063363135,-195.66348655679536,,,4.315913094539045,2.825606947468192,4.358223566749718,,
1695389400,130.25,130.92,130,130.15,130.36113458329976,132.3360856672012,130.36113458329976,132.3360856672012,0,0,0,0,0,136.46750000000003,129.84749999999997,138.69500000000002,127.61999999999998,134.24,133.73647365174978,132.0385263482502,,,,,7790307,0.72,0.64,-0.7125129042476755,-0.9872550208644195,-0.22524008013462188,-213.53614700739712,-134.44444431463933,-134.44444431463933,-88.30289567618989,-88.30289567618989,226.80006063363135,-195.66348655679536,,,4.580152671755731,2.894412662146135,4.358666981544935,,
1695648600,130.02,130.895,129.66,130.86,130.35986518353292,132.2337215233894,130.35986518353292,132.2337215233894,0,0,0,0,0,136.46750000000003,129.84749999999997,138.69500000000002,127.61999999999998,134.24,133.73649878555034,132.03850121444964,,,,,6826343,0.7,0.64,-0.7802451640724534,-1.0064748406309205,0,-225.91633539595009,-149.26723830452775,-149.26723830452775,-108.62434321896917,-108.62434321896917,226.80006063363135,-195.66348655679536,,,4.829712272460373,2.970306764511399,4.359608130977333,,
1695735000,130.26,130.675,129.65,129.75,130.35857853980957,132.13498342443293,130.35857853980957,132.13498342443293,0,0,0,0,0,136.46750000000003,129.84749999999997,138.69500000000002,127.61999999999998,134.24,133.74734518187609,132.02765481812392,,,,,8200850,0.7,0.64,-1.1202598751186186,-1.3099834190316852,-0.15760205925095933,-225.91633539595006,-162.58880731157583,-162.58880731157583,-126.61249791650472,-126.61249791650472,226.80006063363135,-195.66348655679536,,,4.837052260716385,3.0435124702449277,4.360562065302486,,
1695821400,129.99,130.12,128.15,129.1,130.35432743383595,131.98188211367085,130.35432743383595,131.98188211367085,0,0,0,0,0,136.46750000000003,129.84749999999997,138.69500000000002,127.61999999999998,134.24,133.3571460903653,131.6378539096347,,,,,9888551,0.72,0.63,-1.37212170680263,-1.3518606284029544,-0.1999108249185121,-225.9163353959501,-189.66688469989674,-189.66688469989674,-147.63062684430207,-147.63062684430207,226.80006063363135,-195.66348655679536,,,5.938050499119203,3.157023765494899,4.3637138903450765,,
1695907800,129.32,130.09,129.32,129.72,130.35239910729481,131.8802083052916,130.35239910729481,131.8802083052916,0,0,0,0,0,136.46750000000003,129.84749999999997,138.69500000000002,127.61999999999998,134.24,133.35392811269506,131.64107188730492,,,,,9129071,0.7,0.63,-1.3036533107137243,-1.0227202938234743,-0.19917376855717336,-186.87318732899897,-192.41111463517313,-192.41111463517313,-162.55745610792576,-162.55745610792576,226.80006063363135,-195.66348655679536,,,5.079271873165014,3.2324060442270603,4.365143576624437,,
1695994200,130,130.12,128.545,128.74,130.348941666521,131.75243346979,130.348941666521,131.75243346979,0,0,0,0,0,136.46750000000003,129.84749999999997,138.69500000000002,127.61999999999998,134.24,133.34423821824785,131.65076178175215,,,,,12692668,0.73,0.63,-1.280242647709294,-1.0057112639614783,-0.33588202043059884,-209.55339722280416,-196.9395136158328,-196.9395136158328,-174.01814194389476,-174.01814194389476,226.80006063363135,-195.66348655679536,,,5.648120963006475,3.3271399626105667,4.36770696800582,,
1696253400,128.33,128.6,127.06,128.56,130.34255377108337,131.5720164709747,130.34255377108337,131.5720164709747,0,0,0,0,0,131.375,125.105,134.42000000000002,122.06,128.33,132.78584017025764,131.11915982974236,,,,,16035101,0.75,0.63,-1.0836275650813816,-1.059155447027392,-0.18198713028047758,-185.92334751019555,-212.58649255731845,-212.58649255731845,-186.874258815036,-186.874258815036,162.28110956145628,-195.6634865567954,,,6.738109219025254,3.460903462862123,4.3724430364394244,,
1696339800,127.93,128.2,126.88,127.42,130.3358225947176,131.3916864132894,130.3358225947176,131.3916864132894,0,0,0,0,0,131.375,125.105,134.42000000000002,122.06,128.33,132.70706035711777,131.01793964288228,,,,,11971088,0.75,0.63,-1.5392808198872092,-1.320464784627191,-0.21342581590899845,-175.25443300031662,-228.03327709211004,-228.03327709211004,-200.5939315740607,-200.5939315740607,132.66288185997297,-195.66348655679536,,-248.03327709211004,6.870229007633598,3.594602503833553,4.377433617800452,,
1696426200,127.53,128.14,126.93,127.96,130.32920376835452,131.22036929904277,130.32920376835452,131.22036929904277,0,1,1,0,0,131.375,125.105,134.42000000000002,122.06,128.33,132.7011179984622,131.0238820015378,,,,,10064397,0.74,0.64,-1.3399397258165187,-1.109178315777107,0.021655376179745237,-152.11581253648822,-224.97046488559928,-224.97046488559928,-208.7194426779069,-208.7194426779069,105.72979636347247,-195.66348655679536,,-244.97046488559928,6.8335290663534956,3.7216192317755117,4.3823409014139445,,
1696512600,128.25,128.89,127.52,128.66,130.32376519938677,131.0786763853548,130.32376519938677,131.0786763853548,0,0,0,0,0,131.375,125.105,134.42000000000002,122.06,128.33,132.68427318315798,131.04072681684204,,,,,9609778,0.72,0.64,-0.6565305874760591,-1.0385953072664182,0.14369158046747593,-135.71768472874624,-204.34820812188266,-204.34820812188266,-195.60573900983417,-195.60573900983417,100.97601323408787,-195.66348655679536,,-224.34820812188266,6.400469759248395,3.8266721936371932,4.3863731269041235,,
1696599000,128.3,130.42,128.23,130.01,130.3197418922951,130.97010476239973,130.3197418922951,130.97010476239973,0,0,0,0,0,131.375,125.105,134.42000000000002,122.06,128.33,132.69213402415767,131.03286597584238,,,,,10692361,0.78,0.64,-0.051654130393146744,-0.5086835171569136,0.4129847227748221,-118.871608477451,-181.31956072112703,-181.31956072112703,-135.26226591961577,-135.26226591961577,100.97601323408787,-195.66348655679536,,,5.8793305930710655,3.9071686014581295,4.389356058904457,,
1696858200,129.65,130.58,129.125,130.46,130.31749695344934,130.90053790897227,130.31749695344934,130.90053790897227,0,0,0,0,0,131.375,125.105,134.42000000000002,122.06,128.33,132.6940826324084,131.03091736759163,,,,,8047600,0.78,0.66,-0.1477376965922553,-0.6170370650812945,0.3314667369882138,-97.63606165363475,-145.62300462939973,-145.62300462939973,-74.22989244594511,-74.22989244594511,100.97601323408787,-195.66348655679536,,,5.222401644157375,3.958746367838492,4.391020485648219,,
1696944600,130.42,131.6699,129.97,131.08,130.31692792856734,130.8665050497969,130.31692792856734,130.8665050497969,0,0,0,0,0,131.375,125.105,134.42000000000002,122.06,128.33,132.6963356702937,131.02866432970632,,,,,8154935,0.8,0.65,0.4942177176874936,-0.5495674065745583,0.30101803973013896,-77.58685822779731,-102.7839306241597,-102.7839306241597,-17.105782613679608,-17.105782613679608,100.97601323408787,-195.66348655679536,,,4.602172636523789,3.9839787705320333,4.39144236806755,,
1697031000,131.24,131.45,129.92,130.5,130.31626113949926,130.83186563607936,130.31626113949926,130.83186563607936,0,0,0,0,0,131.375,125.105,134.42000000000002,122.06,128.33,132.69976563766278,131.02523436233727,,,,,9591851,0.8,0.65,0.5220192417885775,-0.9104791975825415,0.02216281377101717,-78.77320162577614,-60.75060758903661,-60.75060758903661,23.31603848120956,23.31603848120956,100.97601323408787,-195.66348655679536,,,4.638872577803891,4.009660880621126,4.39193673412097,,
1697117400,130.6,130.85,129.28,129.38,130.31432974861116,130.77373757191938,130.31432974861116,130.77373757191938,0,0,0,0,0,131.375,125.105,134.42000000000002,122.06,128.33,132.6742056148898,131.05079438511024,,,,,10927662,0.76,0.65,-0.12544146227036232,-1.1149440659665515,-0.17198574383462029,-93.95839711990122,-31.11318927901374,-31.11318927901374,28.161647341032015,28.161647341032015,100.97601323408787,-195.66348655679536,,,5.108631826189083,4.05275778044732,4.39336869234688,,
1697203800,129.86,130.94,129.46,130.19,130.31275826060192,130.72487727498137,130.31275826060192,130.72487727498137,0,0,0,0,0,131.375,125.105,134.42000000000002,122.06,128.33,132.6779956059973,131.04700439400273,,,,,11383864,0.75,0.65,0.5366352640461209,-0.6236403376834412,0.060001148021014916,-89.6875608871783,-8.867437569817156,-8.867437569817156,35.624065848576016,35.624065848576016,100.97601323408787,-195.66348655679536,,,4.97651203758074,4.088983437589807,4.394533813915779,,
1697463000,130.71,131.92,130.6,131.17,130.16070837458645,130.5746266080898,130.16070837458645,130.5746266080898,0,0,0,0,0,131.375,125.105,134.42000000000002,122.06,128.33,132.67832130960193,131.0466786903981,,,,,10544998,0.78,0.67,0.9744068846059449,-0.49790603303624015,0.2452001533755126,-39.6834256381024,16.693596350166988,16.693596350166988,67.81566419013528,67.81566419013528,113.91058290888265,-195.66348655679536,,,4.027042915931818,4.086554397524788,4.39379956636736,,
1697549400,130.54,131.705,130.435,130.99,130.16136919701484,130.57136478032157,130.16136919701484,130.57136478032157,0,0,0,0,0,131.375,125.105,134.42000000000002,122.06,128.33,132.67472474904096,131.05027525095906,,,,,9149878,0.73,0.67,1.3519951834232995,-0.25291031653991214,0.1200009949511783,-28.460964939816325,41.43384357451292,41.43384357451292,90.91433802320479,90.91433802320479,113.91058290888265,-195.66348655679536,,,4.14829512051735,4.088975602348025,4.393309047994033,,
1697635800,131.17,131.54,129.6225,129.85,130.16042155626155,130.53668674972073,130.16042155626155,130.53668674972073,0,0,0,0,0,131.375,125.105,134.42000000000002,122.06,128.33,132.63744940164338,131.08755059835664,,,,,10085684,0.7,0.66,0.7151866577206415,-0.3444764646090256,-0.07054093894924389,-48.83500371831936,54.331213556955795,54.331213556955795,80.12595352184155,80.12595352184155,113.91058290888265,-195.66348655679536,,,4.745370370370377,4.11471657364302,4.39401246721956,,
1697722200,129.68,129.815,127.77,128.57,130.1558115231821,130.43144805365324,130.1558115231821,130.43144805365324,0,0,0,0,0,131.375,125.105,134.42000000000002,122.06,128.33,132.63157173288005,131.09342826711998,,,,,15492635,0.65,0.66,-0.033499210093135494,-0.7306831810834415,-0.28294098860936095,-95.28781213330645,36.454948992854945,36.454948992854945,48.372458702255514,48.372458702255514,113.91058290888265,-195.66348655679536,,,6.106701940035284,4.192833646834873,4.397434424208202,,
1697808600,128.31,128.98,128.04,128.06,130.15174476689205,130.34081871821587,130.15174476689205,130.34081871821587,0,0,0,0,0,131.375,125.105,134.42000000000002,122.06,128.33,132.47451971686894,130.93548028313106,,,,,12296754,0.67,0.65,-0.7201935766197931,-0.8396909288701496,-0.4246241693785503,-78.7264108742906,-6.799299849997041,-6.799299849997041,29.98187251817133,29.98187251817133,113.91058290888265,-195.66348655679536,,,5.908289241622589,4.260106415257921,4.400453115152088,,
1698067800,127.97,128.4,127.14,127.26,130.14590591620893,130.21880229789366,130.14590591620893,130.21880229789366,0,0,0,0,0,131.375,125.105,134.42000000000002,122.06,128.33,132.47942294821758,130.9305770517824,,,,,12344261,0.68,0.65,-1.1823439324164007,-1.1950691486136107,-0.36281590254075896,-101.36339802664234,-46.396999887341146,-46.396999887341146,4.522248383000502,4.522248383000502,113.91058290888265,-195.66348655679536,,,6.569664902998245,4.350677336345777,4.404787204638294,,
1698154200,126.85,128.05,126.85,127.65,130.13950510518754,130.09031201170177,130.13950510518754,130.09031201170177,0,0,0,0,0,131.375,125.105,134.42000000000002,122.06,128.33,132.4672530680758,130.9127469319242,,,,,9375911,0.66,0.65,-1.2663535565894382,-1.0835421590453505,-0.5575644551712966,-108.65753833128925,-76.69417151432908,-76.69417151432908,-22.549891582776027,-22.549891582776027,113.91058290888265,-195.66348655679536,,,6.782774838330406,4.4460537089726255,4.409538428681635,,
1698240600,127.07,127.46,125.57,126.51,130.1305852148675,129.9171664426154,130.1305852148675,129.9171664426154,0,0,0,0,0,131.375,125.105,134.42000000000002,122.06,128.33,131.82746580358767,130.27253419641235,,,,,11426996,0.69,0.65,-1.495847017311572,-1.3419305862894837,-0.7030951327763565,-140.85236450352318,-118.07983450987066,-118.07983450987066,-54.39320589180757,-54.39320589180757,113.91058290888265,-195.66348655679536,,,7.723398001175792,4.57457701454922,4.416159526728576,,
1698327000,125.47,126.41,125.16,125.26,130.1208721574951,129.73489324878736,130.1208721574951,129.73489324878736,0,0,0,0,0,131.375,125.105,134.42000000000002,122.06,128.33,131.63189501579745,130.05810498420254,,,,,14699250,0.7,0.65,-1.5440905828129692,-1.676680621822169,-0.7693146156190097,-151.16476976181676,-157.46549877136823,-157.46549877136823,-88.75063685166111,-88.75063685166111,113.91058290888265,-195.66348655679536,,,8.024691358024702,4.709875616254141,4.423369380537359,,
1698413400,124.91,125.07,122.59,123.14,130.1060949903473,129.4599915527565,130.1060949903473,129.4599915527565,0,0,0,0,0,131.375,125.105,134.42000000000002,122.06,128.33,130.373906547713,128.746093452287,,,,,13566218,0.75,0.66,-2.563467657896369,-1.8711374961537628,-1.007665863597599,-168.86392615093877,-191.85812783619374,-191.85812783619374,-123.11980051317198,-123.11980051317198,113.91058290888265,-201.86495899337285,,,9.913286302175196,4.913930937270654,4.434338245515656,,
1698672600,123.78,124.21,122.89,123.83,130.09194075460232,129.20751737421702,130.09194075460232,129.20751737421702,0,0,0,0,0,131.375,125.105,134.42000000000002,122.06,128.33,130.3790312899083,128.7409687100917,,,,,15224553,0.71,0.64,-2.6417339717783546,-1.5800153030009754,-1.023034463783034,-162.95959306873817,-205.87573385592367,-205.87573385592367,-150.70511162742255,-150.70511162742255,113.91058290888265,-201.86495899337285,,,9.692827748383312,5.101338655353503,4.444844718048858,,
1698759000,124.27,124.7,123.55,124.54,130.07912029355418,128.99056767326732,130.07912029355418,128.99056767326732,0,0,0,0,0,131.375,125.105,134.42000000000002,122.06,128.33,130.38612610157546,128.73387389842455,,,,,13917381,0.7,0.64,-2.3269293252674363,-1.455841986653791,-0.8902362240557481,-149.97006028789676,-199.31318725630004,-199.31318725630004,-166.90780350371506,-166.90780350371506,113.91058290888265,-201.86495899337285,,,9.207818930041164,5.262377097498117,4.454361150040851,,
1698845400,124.39,125.41,124.17,124.8,130.0675518214392,128.80619639196271,130.0675518214392,128.80619639196271,0,0,0,0,0,129.055,117.92500000000001,133.71999999999997,113.26000000000002,124.39,130.38515913816815,128.73484086183186,,,,,13802706,0.71,0.64,-1.8390708392294945,-1.4048184444872904,-0.7746190652997524,-137.76777191801528,-175.41770200792004,-175.41770200792004,-169.74443633845004,-169.74443633845004,113.91058290888265,-201.86495899337285,,,8.752204585537926,5.399233077421247,4.462948249812074,,
1698931800,125.28,126.89,124.95,126.78,130.05754932029745,128.65933770992498,130.05754932029745,128.65933770992498,0,0,0,0,0,129.055,117.92500000000001,133.71999999999997,113.26000000000002,124.39,130.4272987079376,128.69270129206242,,,,,11894138,0.72,0.64,-0.6408651325855943,-0.741736784078138,-0.4886102283663084,-122.41650590429352,-154.27097225483215,-154.27097225483215,-123.32404408759632,-123.32404408759632,113.91058290888265,-201.86495899337285,,,8.179012345679018,5.5082440291176304,4.47037295330032,,
1699018200,127.65,128.2,127.2,127.41,130.0520173536235,128.60559113306516,130.0520173536235,128.60559113306516,0,0,0,0,0,129.055,117.92500000000001,133.71999999999997,113.26000000000002,124.39,130.40911912225476,128.71088087774524,,,,,11635623,0.75,0.64,-0.2336623889759017,-0.5595446098447144,-0.36678532790627366,-78.13400778778852,-123.91811111297555,-123.91811111297555,-63.212388829262345,-63.212388829262345,113.91058290888265,-201.86495899337285,,,6.525573192239865,5.548139290416541,4.474479247484015,,
1699281000,127.95,128.46,127.43,128.26,130.046951384885,128.56288167686654,130.046951384885,128.56288167686654,0,0,0,0,0,129.055,117.92500000000001,133.71999999999997,113.26000000000002,124.39,130.40658925485292,128.7134107451471,,,,,8425100,0.74,0.63,0.3638143448563007,-0.5311015176447456,-0.3665015532613015,-73.60735242476794,-85.67581758086004,-85.67581758086004,-9.191230516629041,-9.191230516629041,113.91058290888265,-201.86495899337285,,,6.356554967666082,5.579841865994955,4.47823963853333,,
1699367400,128.21,128.66,127.87,128.35,129.56587787455013,128.0848782904129,129.56587787455013,128.0848782904129,0,0,0,0,0,129.055,117.92500000000001,133.71999999999997,113.26000000000002,124.39,130.40690414173602,128.71309585826398,,,,,8241885,0.73,0.63,0.2608678534856328,-0.2963489450713462,-0.5232715285193826,-64.94766390420699,-45.95409820899894,-45.95409820899894,33.48934053472326,33.48934053472326,113.91058290888265,-201.86495899337285,,,5.686679451246502,5.584031575220505,4.480654103693595,,
1699453800,128.89,128.89,127.39,128.17,128.93221769629886,127.46151869183417,128.93221769629886,127.46151869183417,0,0,0,0,0,129.055,117.92500000000001,133.71999999999997,113.26000000000002,124.39,130.3968936774281,128.7031063225719,,,,,10021074,0.71,0.63,0.6241183232368392,-0.19782436468741466,-0.41793048139419864,-74.39459683572814,-8.314782773814926,-8.314782773814926,66.96384809655312,66.96384809655312,113.91058290888265,-201.86495899337285,,,5.581085087459226,5.583916026680847,4.482852766997823,,
1699540200,128.05,128.2,125.4,125.52,128.9253505280745,127.38440815489949,128.9253505280745,127.38440815489949,0,0,0,0,0,129.055,117.92500000000001,133.71999999999997,113.26000000000002,124.39,130.44917569089174,128.65082430910832,,,,,13905623,0.67,0.63,0.09465230506807955,-0.8524167543531923,-0.6989522374129539,-113.56000628099248,10.47107978098521,10.47107978098521,48.04280489058549,48.04280489058549,113.91058290888265,-201.86495899337285,,,7.0560332048621275,5.641646112099721,4.487993986653896,,
1699626600,126,126.45,124.6,126.27,128.91691466288353,127.2792627370603,128.91691466288353,127.2792627370603,0,0,0,0,0,129.055,117.92500000000001,133.71999999999997,113.26000000000002,124.39,130.26783426447486,128.46216573552513,,,,,10401721,0.69,0.63,1.154235738335116,-0.5030048238124235,-0.4928785737520099,-129.30489450019448,12.841483036206583,12.841483036206583,17.58228954664933,17.58228954664933,113.91058290888265,-201.86495899337285,,,7.6489771716572745,5.7203649771804095,4.494309637373183,,
1699885800,126.4,127.25,125.67,127,128.91061213608455,127.21978184541088,128.91061213608455,127.21978184541088,0,0,0,0,0,129.055,117.92500000000001,133.71999999999997,113.26000000000002,124.39,130.10260785125556,128.28739214874443,,,,,11373790,0.68,0.63,1.1641803418481642,-0.3185994190365446,-0.23502058499182132,-108.24610650701194,2.574785243949499,2.574785243949499,9.419250438787556,9.419250438787556,113.91058290888265,-201.86495899337285,,,6.855914616068771,5.764896335568189,4.499028128839108,,
1699972200,127.73,128.705,127.41,127.86,128.9077639599885,127.23018647892417,128.9077639599885,127.23018647892417,0,0,0,0,0,129.055,117.92500000000001,133.71999999999997,113.26000000000002,124.39,130.03414797765024,128.21585202234976,,,,,11217020,0.69,0.63,1.2071133427957248,0.09027620134275086,-0.25075012767378374,-74.00097463024817,11.521323894972312,11.521323894972312,15.725470807341825,15.725470807341825,113.91058290888265,-201.86495899337285,,,5.566261488289351,5.757106733714116,4.501160463223624,,
1700058600,127.95,128.47,127.64,127.96,128.9053764196089,127.24911249935852,128.9053764196089,127.24911249935852,0,0,0,0,0,129.055,117.92500000000001,133.71999999999997,113.26000000000002,124.39,130.02681703175065,128.22318296824935,,,,,9262770,0.7,0.63,1.149884921285163,0,-0.2432744820546594,-66.02231953620078,19.212710433786043,19.212710433786043,34.595483511413505,34.595483511413505,113.91058290888265,-201.86495899337285,,,5.395790097835746,5.742937453875749,4.5029479350210515,,
1700145000,128.34,128.78,127.845,128.51,128.90339914404524,127.2752551464425,128.90339914404524,127.2752551464425,0,0,0,0,0,129.055,117.92500000000001,133.71999999999997,113.26000000000002,124.39,130.03022370852338,128.21977629147662,,,,,7665861,0.74,0.64,0.6186842206371934,-0.0305183302622207,-0.13866262404264282,-39.86176607974536,31.070906378624354,31.070906378624354,54.78729826830098,54.78729826830098,113.91058290888265,-201.86495899337285,,,5.2438482063444924,5.723365326521582,4.504428255243476,,
1700231400,128.78,128.99,127.864,128.25,128.90146340149968,127.30111023873887,128.90146340149968,127.30111023873887,0,0,0,0,0,129.055,117.92500000000001,133.71999999999997,113.26000000000002,124.39,130.0300943471287,128.2199056528713,,,,,6766199,0.73,0.63,0.29909516925251495,-0.35457565229816274,-0.17482207319232326,-14.175852000127762,44.73425081786008,44.73425081786008,72.06093969633153,72.06093969633153,113.91058290888265,-201.86495899337285,,,5.229765787133104,5.70400848183968,4.505877481081417,,
1700490600,127.75,129.31,127.66,129.03,128.8991280100881,127.31803140584715,128.8991280100881,127.31803140584715,0,0,0,0,0,129.055,117.92500000000001,133.71999999999997,113.26000000000002,124.39,130.03526923075543,128.21473076924454,,,,,6910104,0.74,0.64,0.272509232879268,-0.2872630501647971,-0.3067509831089364,-27.410312264264167,67.47667483769692,67.47667483769692,112.9615228773706,112.9615228773706,113.91058290888265,-201.86495899337285,,,5.38096649866587,5.69134016877404,4.507625910686981,,
1700577000,129.47,130.07,129.31,129.81,128.90006102105696,127.39834782130413,128.90006102105696,127.39834782130413,0,0,0,0,0,129.055,117.92500000000001,133.71999999999997,113.26000000000002,124.39,130.03965542262338,128.2103445773766,,,,,8373031,0.77,0.64,0.5201374995651555,-0.25578074246911375,-0.14997778893948108,-10.588293578474872,97.1758619587016,97.1758619587016,156.57423620071097,156.57423620071097,134.3821010312875,-201.86495899337285,,,4.158019567150894,5.631209949102544,4.506927396514081,,
1700663400,130.24,130.74,130.0698,130.43,128.80714581448584,127.41425131840262,128.80714581448584,127.41425131840262,0,0,0,0,0,129.055,117.92500000000001,133.71999999999997,113.26000000000002,124.39,130.03328045482607,128.21671954517393,,,,,6737701,0.77,0.64,0.809766853838546,-0.014222136481131383,-0.1900887244659026,-8.159414275539397,127.87211462221212,127.87211462221212,189.26461994923318,189.26461994923318,159.53420669577815,-201.86495899337282,,,3.5233644859813134,5.548549342705633,4.504962235853676,,
1700836200,130.69,131.155,130.68,131.13,127.6190805468855,126.4084434550865,127.6190805468855,126.4084434550865,0,0,0,1,0,129.055,117.92500000000001,133.71999999999997,113.26000000000002,124.39,130.0295421290228,128.2204578709772,,,,,3708830,0.81,0.65,2.046278060404956,0.3575402930282497,-0.17828700844483378,-10.933799680039652,154.7244084163587,154.7244084163587,208.42899600465188,208.42899600465188,187.8571428571397,-201.86495899337285,228.42899600465188,,2.1636595043797158,5.4158085647320675,4.500284308318264,,
1701095400,130.85,131.29,130.07,130.31,127.62404741891969,126.55340645684781,127.62404741891969,126.55340645684781,0,0,0,1,0,129.055,117.92500000000001,133.71999999999997,113.26000000000002,124.39,130.0336419017222,128.2163580982778,,,,,10530278,0.78,0.64,1.4686479180741199,0.024427526945670974,-0.5184225660870726,-25.75517257964966,171.7166710612753,171.7166710612753,205.70119635110848,205.70119635110848,187.8571428571397,-201.86495899337285,225.70119635110848,,2.6203488807366924,5.306182694771465,4.496528193577841,,
1701181800,130.08,130.37,129.55,129.64,127.31328934960199,126.37196364764452,127.31328934960199,126.37196364764452,0,0,0,0,0,129.055,117.92500000000001,133.71999999999997,113.26000000000002,124.39,130.02369211090493,128.22630788909507,,,,,6261342,0.76,0.63,0.9654177375947594,-0.31276010685642086,-0.7499513889370185,-38.389785543250916,172.13851449390145,172.13851449390145,172.9822013591538,172.9822013591538,187.8571428571397,-201.86495899337285,,,2.7694386070249157,5.206702534467679,4.49307746513318,,
1701268200,129.5,130.38,129.44,129.68,127.31761444580658,126.49376899479572,127.31761444580658,126.49376899479572,0,0,0,0,0,129.055,117.92500000000001,133.71999999999997,113.26000000000002,124.39,129.64620820327906,127.85379179672093,,,,,6979033,0.78,0.63,0.6655341678099023,-0.2699642116582805,-0.7176942745130064,-41.062492131705454,133.16777965848763,133.16777965848763,159.14826954876352,159.14826954876352,187.8571428571397,-201.86495899337285,,,2.851996397478243,5.114361117330838,4.489798581881122,,
1701354600,129.78,131.385,129.33,131.31,127.32171331804274,126.60652707343118,127.32171331804274,126.60652707343118,0,0,0,0,0,129.055,117.92500000000001,133.71999999999997,113.26000000000002,124.39,129.31360823671687,127.51639176328315,,,,,7743059,0.77,0.64,1.2036483196663954,0.2984553118030656,-0.5154285198669691,-48.04277106840274,127.0591853036415,127.0591853036415,148.45190813372284,148.45190813372284,187.8571428571397,-201.86495899337285,,,2.9345541879315493,5.028878492648513,4.486691200474629,,
1701441000,131.13,131.97,131.03,131.83,127.3291666380866,126.78086326662995,127.3291666380866,126.78086326662995,0,0,0,0,0,134.99249999999998,127.52250000000001,138.59999999999997,123.915,131.13,129.06063164857193,127.26436835142813,,,,,9370974,0.78,0.64,1.1869615859050604,0.6725937581537357,-0.44662357825324855,-19.33465357969312,140.66350423304962,140.66350423304962,145.8557735001651,145.8557735001651,187.8571428571397,-201.86495899337285,,,1.6586610627439264,4.89671310324049,4.4810407906090335,,
1701700200,131.48,132.33,131.435,132.08,127.33740616528324,126.96408627578172,127.33740616528324,126.96408627578172,0,0,0,1,0,134.99249999999998,127.52250000000001,138.59999999999997,123.915,131.13,129.0029761268534,127.23702387314657,,,,,6943917,0.77,0.63,1.3716578836179638,0.8324465006385876,-0.3078185347826601,-15.559058534695462,147.8431927922346,147.8431927922346,151.8180313763736,151.8180313763736,187.8571428571397,-201.86495899337285,,,1.3546982888021666,4.757810561497811,4.474794352043985,,
1701786600,131.81,132.12,131.09,131.91,127.34494681230565,127.12672995124126,127.34494681230565,127.12672995124126,0,0,0,1,0,134.99249999999998,127.52250000000001,138.59999999999997,123.915,131.13,128.99878537992575,127.24121462007425,,,,,6581075,0.77,0.63,1.0498803652137765,0.9922895775555047,-0.38040484890023546,-23.881345657904507,149.03973916895492,149.03973916895492,151.4328319223956,151.4328319223956,187.8571428571397,-201.86495899337285,,,1.613629540678479,4.6345093449950925,4.4690777390342635,,
1701873000,132.2,132.45,131.75,132.01,127.35377788760573,127.30861897276121,127.35377788760573,127.30861897276121,0,0,0,1,0,134.99249999999998,127.52250000000001,138.59999999999997,123.915,131.13,128.995919517473,127.24408048252701,,,,,6210408,0.78,0.64,0.7990200380501634,0.9297114565604282,-0.2506946012921853,-7.960448552635064,152.27008271855985,152.27008271855985,158.73076981776973,158.73076981776973,187.8571428571397,-201.86495899337285,,,1.1182827979585779,4.496618107856405,4.4623828440471,,
1701959400,132.03,132.35,131.245,131.85,127.36159241730083,127.46376920912351,127.36159241730083,127.46376920912351,0,0,0,0,0,134.99249999999998,127.52250000000001,138.59999999999997,123.915,131.13,128.99613260288032,127.24386739711967,,,,,6396695,0.77,0.64,0.5162972350534224,1.1556989616737285,-0.18952613186846998,-20.1423470953033,158.098290386269,158.098290386269,169.75470572168732,169.75470572168732,187.8571428571397,-201.86495899337285,,,1.4972981086760766,4.378997715731686,4.456458598821583,,
1702045800,131.94,132.38,131.275,132.07,126.36775992720393,126.64849912997154,126.36775992720393,126.64849912997154,0,0,0,0,1,134.99249999999998,127.52250000000001,138.59999999999997,123.915,131.13,128.9894050542741,127.2505949457259,,,,,6007674,0.76,0.64,0.3406631236316145,1.4916722450532802,-0.1743749274811943,-19.41866995415466,170.54216620548212,170.54216620548212,195.42991784390833,195.42991784390833,187.8571428571397,-201.86495899337285,,,0.6921854905817324,4.234416844157178,4.448937573630294,,
1702305000,132.78,133.19,132.13,132.94,127.09482321593806,127.55415824824078,127.09482321593806,127.55415824824078,0,0,0,0,1,134.99249999999998,127.52250000000001,138.59999999999997,123.915,131.13,128.995703851404,127.24429614859602,,,,,9016882,0.76,0.64,0.9854087096265737,2.2433895465821383,0.008574094051542023,-19.41288155317099,189.1219014825743,189.1219014825743,226.2813720367586,226.2813720367586,187.8571428571397,-201.86495899337285,246.2813720367586,,0.6092974274108638,4.092255298402421,4.441265964946539,,
1702391400,133.13,133.7,132.5,133.51,127.64949209884692,128.2739689593726,127.64949209884692,128.2739689593726,0,0,0,1,1,134.99249999999998,127.52250000000001,138.59999999999997,123.915,131.13,129.02353030693348,127.26646969306647,,,,,6779064,0.77,0.64,1.4725105352625842,2.22625713855515,0.13784791670146845,-24.1028411282394,208.0752811472099,208.0752811472099,245.98204047648113,245.98204047648113,187.8571428571397,-201.86495899337285,265.98204047648113,,0.7564976406261635,3.9614412726072734,4.433903790472373,,
1702477800,132.94,136.01,132.76,135.97,130.00708441271513,130.7219864492619,130.00708441271513,130.7219864492619,0,0,0,1,0,134.99249999999998,127.52250000000001,138.59999999999997,123.915,131.13,130.23273179753602,128.367268202464,,,,,9074339,0.8,0.66,2.299889675442513,2.512500180759231,0.24074673386168635,-86.84956995143838,225.39713565269736,225.39713565269736,260.04084466367226,260.04084466367226,248.12219227313489,-201.86495899337285,280.04084466367226,,2.360814885636543,3.898671610373127,4.429761754698475,,
1702564200,136.43,136.51,134.8,135.31,130.01668404425814,130.88236737282026,130.01668404425814,130.88236737282026,0,0,0,1,1,134.99249999999998,127.52250000000001,138.59999999999997,123.915,131.13,130.47866911015032,128.62133088984967,,,,,10098714,0.79,0.65,1.4406308382397526,2.299418495992461,0.040882009718460635,-31.65545072996311,236.91975480160804,236.91975480160804,259.96499309942936,259.96499309942936,248.12219227313489,-201.86495899337285,279.96499309942936,,0.8604839302787288,3.779526995467464,4.422630330473861,,
1702650600,134.68,134.94,133.66,134.16,130.0240095506632,130.99220002486652,130.0240095506632,130.99220002486652,0,0,0,0,0,134.99249999999998,127.52250000000001,138.59999999999997,123.915,131.13,130.48486844740236,128.61513155259766,,,,,8296654,0.78,0.65,0.8293105366479592,1.5769593604451921,-0.08810316685857683,-62.49922323608173,233.03278104805236,233.03278104805236,235.62409688375615,235.62409688375615,248.12219227313489,-201.86495899337285,255.62409688375615,,1.6989041700375098,3.697933943489819,4.417188320163298,,
1702909800,134.06,134.2,133.43,133.78,130.03086547563692,131.08879610232273,130.03086547563692,131.08879610232273,0,0,0,0,0,134.99249999999998,127.52250000000001,138.59999999999997,123.915,131.13,130.48622260796347,128.61377739203655,,,,,5944319,0.78,0.64,0.6069807949403601,1.3612515216207401,-0.12241780799570544,-68.72208961889478,189.03375885879746,189.03375885879746,220.0939842087699,220.0939842087699,248.12219227313489,-201.86495899337285,,,1.8680591306905876,3.626174146909457,4.412095154949566,,
1702996200,133.95,134.75,133.74,134.68,130.03832088927203,131.19363939242774,130.03832088927203,131.19363939242774,0,0,0,0,0,134.99249999999998,127.52250000000001,138.59999999999997,123.915,131.13,130.491999798206,128.608000201794,,,,,6358227,0.78,0.65,0.9862786865339831,1.3573153622999212,-0.11424250419812285,-60.334747972494156,158.98937301061312,158.98937301061312,199.72578047605097,199.72578047605097,248.12219227313489,-201.86495899337285,,,1.6400676619842538,3.5482876180888607,4.4065566384801045,,
1703082600,134.6,134.68,132.72,132.73,130.0437438245582,131.25477118095998,130.0437438245582,131.25477118095998,0,0,0,0,0,134.99249999999998,127.52250000000001,138.59999999999997,123.915,131.13,130.51151055544827,128.58848944455178,,,,,7299039,0.81,0.66,0.2520369100417076,0.9104499812715503,-0.37919947980263413,-87.93180758323179,109.1927489564826,109.1927489564826,169.5481033028615,169.5481033028615,248.12219227313489,-201.86495899337285,,,2.390233139663161,3.5028737169741273,4.40252802010085,,
1703169000,133.53,134.445,133.22,134.35,130.05014493579782,131.33291740915763,130.05014493579782,131.33291740915763,0,0,0,0,0,134.99249999999998,127.52250000000001,138.59999999999997,123.915,131.13,130.52959292700334,128.57040707299666,,,,,5606916,0.79,0.65,0.8650317034244153,1.2700289290044824,-0.13796228452447015,-74.40383718581151,83.17909929664462,83.17909929664462,140.75843530078922,140.75843530078922,248.12219227313489,-201.86495899337285,,,2.0225049643303668,3.444820040399862,4.397772729280129,,
1703255400,134.68,135.44,134.475,135.02,130.05901567518686,131.4567226087985,130.05901567518686,131.4567226087985,0,0,0,0,0,134.99249999999998,127.52250000000001,138.59999999999997,123.915,131.13,130.52899643467745,128.57100356532257,,,,,5355138,0.77,0.63,1.016560163544148,1.98868178540597,0.05299173631767655,-40.44863148828676,88.50971259959516,88.50971259959516,123.34219440039121,123.34219440039121,248.12219227313489,-201.86495899337285,,,1.0995072442450575,3.3528469895702617,4.391182788251088,,
1703601000,134.91,135.675,134.74,135.32,130.068392866645,131.58596093786522,130.068392866645,131.58596093786522,0,0,0,0,0,134.99249999999998,127.52250000000001,138.59999999999997,123.915,131.13,130.51803168060232,128.5819683193977,,,,,3688653,0.77,0.63,0.8166954819189961,1.8876724686874955,0.20961349569466695,-33.278807177653604,101.18800446842307,101.18800446842307,115.9574644230685,115.9574644230685,248.12219227313489,-201.86495899337285,,,0.9046113113186658,3.2568377472858856,4.384216611474001,,
1703687400,135.17,135.98,135.14,135.89,130.0785425312471,131.72566050892934,130.0785425312471,131.72566050892934,0,0,0,0,0,134.99249999999998,127.52250000000001,138.59999999999997,123.915,131.13,130.515108016181,128.58489198381903,,,,,5444087,0.75,0.64,0.8130881766552276,1.8433673775086505,0.2687115808992277,-22.456430859717997,113.99620885203511,113.99620885203511,115.30371256605737,115.30371256605737,248.12219227313489,-201.86495899337285,,,0.6104287710524472,3.1530570031198684,4.376676575828803,,
1703773800,136,136.695,135.98,136.24,130.348123907178,132.14391347040078,130.348123907178,132.14391347040078,0,0,0,0,0,134.99249999999998,127.52250000000001,138.59999999999997,123.915,131.13,130.60652699786425,128.67847300213572,,,,,5800264,0.75,0.65,0.09174993888692667,1.7483718611891654,0.29611679324031437,-7.02060356846325,121.30264749756995,121.30264749756995,133.3005173605951,133.3005173605951,248.12219227313489,-201.86495899337285,,,0.19083969465650272,3.0368916184742463,4.36831326537691,,
1703860200,136.24,136.62,135.825,136.38,130.4927556998673,132.41895318808355,130.4927556998673,132.41895318808355,0,0,0,0,0,134.99249999999998,127.52250000000001,138.59999999999997,123.915,131.13,130.59664740346287,128.6883525965371,,,,,5590052,0.74,0.64,0.3675766766089003,1.765921100768179,0.36990968621894177,-14.970904309872092,131.45934140175765,131.45934140175765,151.7727292101331,151.7727292101331,248.12219227313489,-201.86495899337285,,,0.40695116586010177,2.9337566987638874,4.360398455987267,,
1704205800,136.04,139.05,135.965,138.78,132.79555422569481,134.79802763366914,132.79555422569481,134.79802763366914,0,0,0,0,0,139.52749999999997,133.20749999999998,142.35999999999999,130.375,136.04,131.81912332213955,129.82087667786047,,,,,11785898,0.75,0.66,1.5509388804985087,2.078014865933617,0.5820734687960557,-74.62034514841206,147.60888368449793,147.60888368449793,179.9079682499785,179.9079682499785,248.12219227313489,-201.86495899337285,,,2.028390257962241,2.8982521324579404,4.355739098948256,,
1704292200,139.24,139.53,138.38,138.55,132.8067199515176,134.93865400097621,132.8067199515176,134.93865400097621,0,0,0,0,1,139.52749999999997,133.20749999999998,142.35999999999999,130.375,136.04,132.0479305912443,130.0720694087557,,,,,9584991,0.75,0.65,1.6053704825546824,2.087696242771374,0.692386943192434,-10.603246202261197,165.19298349858548,165.19298349858548,200.36118312676058,200.36118312676058,248.12219227313489,-201.86495899337285,220.36118312676058,,0.2882259691598254,2.795898165269779,4.347612199588039,,
1704378600,138.98,140,138.74,139.24,133.25790609853658,135.51765005011467,133.25790609853658,135.51765005011467,0,0,0,0,1,139.52749999999997,133.20749999999998,142.35999999999999,130.375,136.04,132.28536834214586,130.30463165785417,,,,,11649191,0.77,0.66,1.526495150730497,2.0597196465021694,0.6567387014688246,-13.2102710064438,180.58082668473216,180.58082668473216,211.3565130570255,211.3565130570255,248.12219227313489,-201.86495899337285,231.3565130570255,,0.35909221488078136,2.700337147607465,4.339643128689524,,
1704465000,138.92,139.7,138.5301,139.12,133.26845413630176,135.63606373442389,133.26845413630176,135.63606373442389,0,0,0,0,1,139.52749999999997,133.20749999999998,142.35999999999999,130.375,136.04,132.28361107386766,130.3063889261324,,,,,9437671,0.76,0.67,2.1719264599689034,1.8680747752594598,0.6072807148670382,-18.75594277494903,189.96789780253357,189.96789780253357,208.7420400381364,208.7420400381364,248.12219227313489,-201.86495899337285,228.7420400381364,,0.5098391266877367,2.6144352644341424,4.331991172641568,,
1704724200,139.16,140.38,138.59,140.35,134.3393948405797,136.79146179529113,134.3393948405797,136.79146179529113,0,0,0,1,0,139.52749999999997,133.20749999999998,142.35999999999999,130.375,136.04,132.47122942612944,130.4987705738706,,,,,7999385,0.77,0.67,2.0031996470785245,1.9696279837057882,0.6017455645059424,-46.13239355168532,201.37507842963103,201.37507842963103,224.18943968382595,224.18943968382595,248.12219227313489,-201.86495899337285,244.18943968382595,,1.2540078375489783,2.561085169262175,4.325841355788236,,
1704810600,140.2,141.56,139.87,140.33,134.35045459114795,136.9123770190052,134.35045459114795,136.9123770190052,0,0,0,1,1,139.52749999999997,133.20749999999998,142.35999999999999,130.375,136.04,133.0651818850973,131.08481811490267,,,,,9201275,0.76,0.67,1.775462307812043,1.828690371479589,0.6150225799716925,-12.581561877732156,216.05062444261566,216.05062444261566,245.4017164685849,245.4017164685849,248.12219227313489,-201.86495899337285,265.40171646858494,,0.3420021375133522,2.4740623052720254,4.317881637070404,,
1704897000,140.41,141.14,139.88,140.97,134.95383544677918,137.61027784321954,134.95383544677918,137.61027784321954,0,0,0,1,1,139.52749999999997,133.20749999999998,142.35999999999999,130.375,136.04,133.06499563695147,131.0850043630485,,,,,9773320,0.76,0.68,1.8956410765057603,2.1443145115559785,0.8816034689028095,-25.651109494896605,230.0770525364325,230.0770525364325,258.1299087240661,258.1299087240661,248.12219227313489,-143.4787977575279,278.1299087240661,,0.7732141590409332,2.4073623779688456,4.310799384367049,,
1704983400,140.79,141.025,140,140.87,134.96393707425815,137.70437282975996,134.96393707425815,137.70437282975996,0,0,0,1,1,139.52749999999997,133.20749999999998,142.35999999999999,130.375,136.04,133.06107453772998,131.08892546226997,,,,,7182331,0.76,0.67,1.663567559651557,2.270276246644217,0.8269729004469197,-22.279962543307384,238.45198785692625,238.45198785692625,255.20185849791378,255.20185849791378,248.1221922731349,-103.62568171710888,275.2018584979138,,0.6880896644676164,2.339939918615856,4.303561203108508,,
1705069800,140.48,141.16,140.05,140.52,134.97411741976413,137.79671899329878,134.97411741976413,137.79671899329878,0,0,0,1,1,139.52749999999997,133.20749999999998,142.35999999999999,130.375,136.04,133.04926838530415,131.10073161469586,,,,,8026508,0.76,0.68,1.424753525892753,2.188750505311531,0.9526332823013112,-21.693227797009406,241.28231429146504,241.28231429146504,246.9429671605426,246.9429671605426,248.12219227313489,-83.59514999185535,266.9429671605426,,0.652621125062061,2.273770554162766,4.296266617537985,,
1705415400,140.17,140.36,139.46,139.68,134.9831103919524,137.86253785630666,134.9831103919524,137.86253785630666,0,0,0,0,0,139.52749999999997,133.20749999999998,142.35999999999999,130.375,136.04,133.05305603069522,131.09694396930473,,,,,7426944,0.76,0.67,1.0944868016053855,1.6646169185143525,0.941548106857078,-33.41195131242539,194.98459332366545,194.98459332366545,225.84974063553184,225.84974063553184,248.12219227313489,-44.04002370742387,,,1.0711498900475214,2.22660895949158,4.28982282787267,,
1705501800,139.45,140.09,139.01,139.4,134.99119528627418,137.90830499919662,134.99119528627418,137.90830499919662,0,0,0,0,0,139.52749999999997,133.20749999999998,142.35999999999999,130.375,136.04,133.04845698891,131.10154301108997,,,,,8337301,0.78,0.67,0.2020798690498079,1.4996131687777792,0.8380342294078197,-43.369155345930075,131.85859962210807,131.85859962210807,194.51936029772392,194.51936029772392,248.12219227313489,-44.04002370742387,,,1.390366744697459,2.1938151471467124,4.284029708825367,,
1705588200,138.2,139.515,137.52,139.38,134.9963167742137,137.89443029334575,134.9963167742137,137.89443029334575,0,0,0,0,0,139.52749999999997,133.20749999999998,142.35999999999999,130.375,136.04,133.04785027500458,131.10214972499543,,,,,8929332,0.79,0.68,0.27332798258050117,1.455920650782353,0.8430067790209693,-76.33856425686616,67.65137662803247,67.65137662803247,152.23003240782677,152.23003240782677,248.12219227313489,-44.04002370742387,,,2.4473292189827545,2.2037568754540082,4.28035997757693,,
1705674600,139.46,139.82,138.69,139.46,135.00374231512436,137.92652322301848,135.00374231512436,137.92652322301848,0,0,0,0,0,139.52749999999997,133.20749999999998,142.35999999999999,130.375,136.04,133.03411863484382,131.11588136515616,,,,,8842008,0.79,0.67,0.07244118995947137,1.5150798189756427,0.7459276103726235,-50.449833769755216,25.36275876100342,25.36275876100342,109.94094119221899,109.94094119221899,248.12219227313489,-44.04002370742387,,,1.6173653968929569,2.180761131196712,4.275039309084055,,
1705933800,139.58,140.44,139.23,140.07,135.01222115165757,137.97832231231186,135.01222115165757,137.97832231231186,0,0,0,0,0,139.52749999999997,133.20749999999998,142.35999999999999,130.375,136.04,133.0174216864449,131.1325783135551,,,,,7831379,0.76,0.67,0.312697330816081,1.614201405867052,0.8356130597679805,-38.50118892955021,22.459177653792604,22.459177653792604,80.78035334607686,80.78035334607686,248.12219227313489,-44.04002370742387,,,1.2343051713130517,2.1436452112012745,4.268963916201396,,
1706020200,139.89,140.06,138.965,139.97,135.0201588716343,138.0178018294761,135.0201588716343,138.0178018294761,0,0,0,0,0,139.52749999999997,133.20749999999998,142.35999999999999,130.375,136.04,133.01384176682546,131.13615823317454,,,,,6407411,0.74,0.66,-0.12492287907067122,1.6405371629523022,0.8279271343000831,-44.36487574928023,22.319036882798954,22.319036882798954,61.293247858317564,61.293247858317564,248.12219227313489,-44.04002370742387,,,1.4222884301624428,2.1153567099840656,4.263276252892627,,
1706106600,140.34,140.675,138.67,138.69,135.0274972155471,138.04428018910448,135.0274972155471,138.04428018910448,0,0,0,0,0,139.52749999999997,133.20749999999998,142.35999999999999,130.375,136.04,133.02165956720435,131.12834043279565,,,,,9104974,0.74,0.66,-0.5341840780545376,1.3227896880150212,0.6232154911181546,-61.819659959642465,-0.6346951380767543,-0.6346951380767543,40.65060019285279,40.65060019285279,248.12219227313489,-106.77121620518432,,,1.631552812655183,2.096384008128031,4.258018064200844,,
1706193000,138.2,138.51,137.21,138.48,135.0319329853462,138.01303782874746,135.0319329853462,138.01303782874746,0,0,0,0,0,139.52749999999997,133.20749999999998,142.35999999999999,130.375,136.04,133.02240413408427,131.1275958659157,,,,,10050187,0.73,0.67,-0.8201279152509784,1.1171266440934413,0.736444012041136,-126.44281410997841,-43.03107048666814,-43.03107048666814,12.756709966345817,12.756709966345817,248.12219227313489,-123.5865583691724,,,2.667234163297149,2.1187702887228985,4.254839674788449,,
1706279400,139.44,139.56,138.92,139.27,135.03974231005083,138.04940889428676,135.03974231005083,138.04940889428676,0,0,0,0,0,139.52749999999997,133.20749999999998,142.35999999999999,130.375,136.04,133.00924541628723,131.14075458371275,,,,,5759212,0.72,0.66,-0.5260792822304435,1.1537130127922994,0.9184904367544966,-100.84050539624957,-52.606408420662255,-52.606408420662255,-9.030996162656873,-9.030996162656873,248.12219227313489,-123.5865583691724,,,1.4542101156274465,2.0927091054642535,4.249244011333581,,
1706538600,139.4,140.26,139.31,140.25,135.04830746028048,138.099494820001,135.04830746028048,138.099494820001,0,0,0,0,0,139.52749999999997,133.20749999999998,142.35999999999999,130.375,136.04,132.99345303726537,131.1565469627346,,,,,6229620,0.66,0.66,-0.08972735851902129,0.848670886076253,1.0281912807178994,-87.75692997869926,-30.230854735869876,-30.230854735869876,-16.097615687061207,-16.097615687061207,248.12219227313489,-123.5865583691724,,,1.1775555082641673,2.0568207291034657,4.243106771567208,,
1706625000,140.48,140.82,139.805,140.57,135.057834618202,138.1668342388245,135.057834618202,138.1668342388245,0,0,0,0,0,139.52749999999997,133.20749999999998,142.35999999999999,130.375,136.04,133.08821308239763,131.36178691760236,,,,,5940340,0.63,0.66,0.2986743635516796,1.0520524434910639,1.0688248602034045,-61.58844784649647,-9.951670368554598,-9.951670368554598,2.340220268458623,2.340220268458623,248.12219227313489,-123.5865583691724,,,0.8264169681492459,2.008569601222908,4.236280218513426,,
1706711400,141.64,141.75,140.35,140.38,135.06842076282098,138.2526917196549,135.06842076282098,138.2526917196549,0,0,0,0,0,139.52749999999997,133.20749999999998,142.35999999999999,130.375,136.04,133.51582792224104,131.78417207775897,,,,,10223101,0.66,0.66,0.32992128213331695,1.2561853873904902,1.1946506321926982,-32.77668469083979,3.995227078858546,3.995227078858546,31.889021973684834,31.889021973684834,248.12219227313489,-123.5865583691724,,,0.4398098886287895,1.9470496124937269,4.228694863208961,,
1706797800,140.55,142.2,139.87,142.2,136.25421340412208,139.47601455548343,136.25421340412208,139.47601455548343,0,0,0,0,0,144.64249999999998,137.65750000000003,147.535,134.76500000000001,140.55,134.0709860684909,132.2990139315091,,,,,8503745,0.64,0.66,0.9341990010824365,1.6778418510108013,1.4249918162158661,-122.11144153193543,26.218439010328083,26.218439010328083,70.66486287326715,70.66486287326715,248.12219227313489,-123.5865583691724,,,1.6385372714486528,1.9349510893154886,4.223519723165484,,
1706884200,142.15,142.645,141.27,141.99,136.2642535371808,139.546731631739,136.2642535371808,139.546731631739,0,0,0,0,0,144.64249999999998,137.65750000000003,147.535,134.76500000000001,140.55,134.513408305254,132.731591694746,,,,,10629354,0.61,0.66,0.840630677740076,1.4520715501660322,1.3137156340584504,-48.73975992476313,53.47701311058216,53.47701311058216,107.99416131109032,107.99416131109032,248.12219227313489,-123.5865583691724,,,0.6540084388185503,1.8847180441979616,4.216387832487468,,
1707143400,142.5,143.31,141.78,142.43,136.4952459233408,139.85142286880128,136.4952459233408,139.85142286880128,0,0,0,0,0,144.64249999999998,137.65750000000003,147.535,134.76500000000001,140.55,134.81747352914934,133.09252647085063,,,,,9631688,0.62,0.67,0.7805777815707522,1.9547504578348116,1.5091761848440741,-34.01041379199289,82.42029353518211,82.42029353518211,140.306854384382,140.306854384382,248.12219227313489,-123.5865583691724,,,0.45636452994453813,1.8287041808939057,4.208875298416453,,
1707229800,143.54,144.0854,142.825,143.98,137.99036280834633,141.43074134812014,137.99036280834633,141.43074134812014,0,0,0,1,0,144.64249999999998,137.65750000000003,147.535,134.76500000000001,140.55,135.2192433810671,133.4661566189329,,,,,10159041,0.62,0.69,1.3130119613837699,1.8966502886459025,1.7608189630591244,-59.78329509477283,112.17414333942291,112.17414333942291,171.68184294790453,171.68184294790453,248.12219227313489,-123.5865583691724,,,0.802194749270733,1.788448909065546,4.202068743872705,,
1707316200,144.34,145.03,144.07,144.37,138.37554493736798,141.90243080778885,138.37554493736798,141.90243080778885,0,0,0,1,0,144.64249999999998,137.65750000000003,147.535,134.76500000000001,140.55,135.69103737590444,133.93896262409555,,,,,7884600,0.66,0.69,1.877368933657415,1.832733504252221,1.7256625307456477,-15.486181029705794,140.4180788227336,140.4180788227336,196.90594978935496,196.90594978935496,248.12219227313489,-123.5865583691724,,,0.20779940430838217,1.7264626539770298,4.194088185751697,,
1707402600,144.23,144.23,143.465,144.12,138.38573176066993,141.96406293297358,138.38573176066993,141.96406293297358,0,0,0,1,0,144.64249999999998,137.65750000000003,147.535,134.76500000000001,140.55,135.6929391901661,133.9370608098339,,,,,6672616,0.67,0.68,1.8807879734834978,1.7338353196068594,1.8389476487952112,-46.71664610627744,160.902397328927,160.902397328927,201.87103434131384,201.87103434131384,248.12219227313489,-123.5865583691724,221.87103434131384,,0.6268615363302633,1.6833410415202938,4.186960859778828,,
1707489000,144.06,144.29,143.545,144.01,138.39605647243684,142.0263839944256,138.39605647243684,142.0263839944256,0,0,0,1,0,144.64249999999998,137.65750000000003,147.535,134.76500000000001,140.55,135.6923233376329,133.93767666236707,,,,,7447802,0.66,0.67,1.578370341548484,1.599911827020404,1.857759585826722,-42.5869978316902,172.5882658406564,172.5882658406564,195.96000286411513,195.96000286411513,248.12219227313489,-123.5865583691724,,,0.5714483618480412,1.6397374070233428,4.179737058584161,,
1707748200,143.82,144.2354,143.14,144.2,138.4055594565079,142.07053756327164,138.4055594565079,142.07053756327164,0,0,0,0,0,144.64249999999998,137.65750000000003,147.535,134.76500000000001,140.55,135.6013269745365,134.0286730254635,,,,,6645456,0.65,0.68,1.3060989698169123,1.5643346557695943,2.0357055573364,-63.49334222179229,180.51588345112202,180.51588345112202,196.37111867205326,196.37111867205326,248.12219227313489,-123.5865583691724,,,0.8519775576643472,1.6088448639112254,4.173088188452453,,
1707834600,143.47,144.47,142.15,142.86,138.41308521183953,142.0745243254963,138.41308521183953,142.0745243254963,0,0,0,0,0,144.64249999999998,137.65750000000003,147.535,134.76500000000001,140.55,136.16040736041245,134.53959263958754,,,,,11170135,0.65,0.67,0.7472439221209684,1.2582972463217386,1.7803702805767816,-114.59773961981848,155.1719183077741,155.1719183077741,172.06789507000605,172.06789507000605,248.12219227313489,-123.5865583691724,,,1.5377155918819692,1.6060554806943919,4.167822708739025,,
1707921000,143.35,144.15,143.075,144.1,138.42242560102667,142.11426650881018,138.42242560102667,142.11426650881018,0,0,0,0,0,144.64249999999998,137.65750000000003,147.535,134.76500000000001,140.55,137.04102460078337,135.39897539921662,,,,,9701053,0.65,0.67,1.21982787719873,1.0187907055000998,1.8413796814043712,-66.84868144489496,135.9870451463405,135.9870451463405,160.04094509545087,160.04094509545087,248.12219227313489,-123.5865583691724,,,0.8970007619311601,1.5782494132919123,4.161287599954194,,
1708007400,144.2,145.43,143.99,145.15,139.1799451009407,142.92598204069012,139.1799451009407,142.92598204069012,0,0,0,0,0,144.64249999999998,137.65750000000003,147.535,134.76500000000001,140.55,137.35884115893202,135.71115884106797,,,,,9294805,0.66,0.67,0.952053639066713,1.2621639622030545,1.781422199140558,-59.55812029165002,145.88824991099128,145.88824991099128,155.32338003396433,155.32338003396433,248.12219227313489,-123.5865583691724,,,0.7991732690320336,1.5476974076346621,4.1545700888035,,
1708093800,145.34,146.605,144.82,145.62,139.64099827415703,143.44522058094051,139.64099827415703,143.44522058094051,0,0,0,0,0,144.64249999999998,137.65750000000003,147.535,134.76500000000001,140.55,137.95992400591615,136.30507599408384,,,,,8424290,0.65,0.68,1.1750232470549877,1.2158881610785397,1.7803203884453445,-40.94199432785922,157.12024531963692,157.12024531963692,160.7139758909821,160.7139758909821,248.12219227313489,-123.5865583691724,,,0.5493750858398649,1.5085475126623171,4.147366901984392,,
1708439400,145.73,146.19,144.765,145.13,139.65125312276012,143.49731193070755,139.65125312276012,143.49731193070755,0,0,0,0,0,144.64249999999998,137.65750000000003,147.535,134.76500000000001,140.55,137.96414682057076,136.30085317942923,,,,,9120550,0.64,0.68,0.8779940813653965,1.1551904078775082,1.6548092324870636,-43.75675643789985,158.26513657038336,158.26513657038336,160.55491907187624,160.55491907187624,248.12219227313489,-123.5865583691724,,,0.5871446229913598,1.472414066008554,4.140253570757633,,
1708525800,144.66,145.49,144.24,145.45,139.66044902061674,143.52697812950333,139.66044902061674,143.52697812950333,0,0,0,0,0,144.64249999999998,137.65750000000003,147.535,134.76500000000001,140.55,137.96129606648176,136.30370393351822,,,,,7213773,0.64,0.68,0.47477436761368796,0.975594246051046,1.7757487790076902,-70.62494021555592,150.69218605893678,150.69218605893678,155.7408197332345,155.7408197332345,248.12219227313489,-123.5865583691724,,,0.9476720230737504,1.4518359466777775,4.133874786446576,,
1708612200,145.64,147.4301,145.33,147.16,141.1458373043526,145.05674369596773,141.1458373043526,145.05674369596773,0,0,0,0,0,144.64249999999998,137.65750000000003,147.535,134.76500000000001,140.55,139.22017855388654,137.51992144611344,,,,,9130025,0.66,0.69,0.8893177660709563,1.2931213218281725,2.108011989801076,-92.67473312773157,160.99203448089239,160.99203448089239,171.49446397620812,171.49446397620812,248.12219227313489,-123.5865583691724,,,1.243544441424289,1.4436676523541112,4.128099900642336,,
1708698600,147.66,148.2701,147.34,147.86,141.8282744680011,145.80942382113156,141.8282744680011,145.80942382113156,0,0,0,0,1,144.64249999999998,137.65750000000003,147.535,134.76500000000001,140.55,139.65129828799763,137.94880171200236,,,,,9194718,0.66,0.69,1.2028438087622872,1.3079579538550645,2.097005435584786,-26.20913424262735,172.3421992873976,172.3421992873976,195.04252890040803,195.04252890040803,248.12219227313489,-123.5865583691724,,,0.3516840254294672,1.400844765023733,4.120554614178374,,
1708957800,147.77,148.11,146.965,147.1,141.83855553799512,145.8550915144205,141.83855553799512,145.8550915144205,0,0,0,0,1,144.64249999999998,137.65750000000003,147.535,134.76500000000001,140.55,139.6590377016231,137.9410622983769,,,,,7248352,0.64,0.69,0.9908480341101029,1.1790986108765245,1.8693956404620302,-45.109952206060164,180.82377792961805,180.82377792961805,197.78693521405899,197.78693521405899,248.12219227313489,-123.5865583691724,,,0.6053023129987894,1.3696470218070687,4.113531133057136,,
1709044200,146.38,147.186,146.035,146.74,141.84697650595118,145.86286243542364,141.84697650595118,145.86286243542364,0,0,0,0,0,144.64249999999998,137.65750000000003,147.535,134.76500000000001,140.55,139.66013733399714,137.93996266600288,,,,,7374135,0.64,0.69,0.8213894962754628,1.1917147230630527,1.8689679327427704,-81.93837943201711,177.51924335872536,177.51924335872536,179.72226640598714,179.72226640598714,207.5277552125546,-123.58655836917237,,,1.2342756661707135,1.3643383411938783,4.107778374881539,,
1709130600,146.12,146.28,145.32,146.01,141.85396636308212,145.84256979089722,141.85396636308212,145.84256979089722,0,0,0,0,0,144.64249999999998,137.65750000000003,147.535,134.76500000000001,140.55,139.6567360011414,137.9433639988586,,,,,8038813,0.65,0.69,1.0246047635648863,1.2158089021133764,1.9276785303431112,-114.04026507250585,131.64095294236944,131.64095294236944,163.69516191811456,163.69516191811456,207.5277552125546,-123.58655836917237,,,1.7178412011362234,1.3782011984465192,4.103003275633297,,
1709217000,146,146.24,144.72,144.82,141.85975544127777,145.79977881870516,141.85975544127777,145.79977881870516,0,0,0,0,0,144.64249999999998,137.65750000000003,147.535,134.76500000000001,140.55,139.66582407439637,137.9342759256036,,,,,9435636,0.66,0.69,0.23041451962105766,1.0351831937127685,1.9428254946421672,-140.9789103652233,77.28535526712207,77.28535526712207,134.8918930344504,134.8918930344504,207.5277552125546,-123.58655836917237,,,2.1236304612471355,1.4074337185563472,4.099048484795363,,
1709303400,145.15,146.439,144.51,146.34,141.86511756826823,145.75051298267752,141.86511756826823,145.75051298267752,0,0,0,0,0,152.47015000000002,140.94995,156.67020000000002,136.7499,145.15,139.67839071015473,137.92170928984527,,,,,8741586,0.63,0.69,0.3780669044472177,1.3294955628221705,2.19422005086856,-150.40743621767484,42.95000090304235,42.95000090304235,104.24459565731438,104.24459565731438,207.5277552125546,-123.58655836917237,,,2.2656567022859613,1.4410895218398616,4.095385364350789,,
1709562600,145.92,146.68,145.77,146.12,141.87296128941054,145.7520967872784,141.87296128941054,145.7520967872784,0,0,0,0,0,152.47015000000002,140.94995,156.67020000000002,136.7499,145.15,140.51551082767773,138.7845891723223,,,,,10657870,0.62,0.69,0.15830490251442958,1.2711866637909628,2.277581370382355,-93.83628110296681,29.28434427039905,29.28434427039905,79.25784519500927,79.25784519500927,207.5277552125546,-123.58655836917237,,,1.4134992560530253,1.4400075506325347,4.090026950547996,,
1709649000,146.17,146.41,144.55,145.03,141.87837615196918,145.70625377601257,141.87837615196918,145.70625377601257,0,0,0,0,0,152.47015000000002,140.94995,156.67020000000002,136.7499,145.15,140.55939369701082,138.80070630298917,,,,,9743609,0.66,0.7,-0.03156771956455896,0.9366478176330201,2.0792566700674544,-148.61152653149276,-8.672976689162429,-8.672976689162429,49.9475712336187,49.9475712336187,207.5277552125546,-123.58655836917237,,,2.23860408494522,1.4713250617820517,4.086327803963375,,
1709735400,145.3,146.56,145.3,146.02,141.8852637121051,145.69132617695325,141.8852637121051,145.69132617695325,0,0,0,0,0,152.47015000000002,140.94995,156.67020000000002,136.7499,145.15,140.56421227921723,138.79588772078276,,,,,8085410,0.65,0.7,0.17949402688499508,1.1430063825800865,2.3545072375542757,-114.93821991559562,-17.264207570318394,-17.264207570318394,27.543644965639672,27.543644965639672,207.5277552125546,-123.58655836917237,,,1.731367509806575,1.481522804841837,4.0816225885904345,,
1709821800,146.38,147.05,146.175,146.7,141.89386828011288,145.7109545621708,141.89386828011288,145.7109545621708,0,0,0,0,0,152.47015000000002,140.94995,156.67020000000002,136.7499,145.15,140.64228468169418,138.87281531830584,,,,,6438276,0.65,0.7,-0.14445195791429552,1.540927198074313,2.636613668009655,-75.65269553038232,7.553853671660704,7.553853671660704,20.88038120098002,20.88038120098002,207.5277552125546,-123.58655836917237,,,1.1395915054781565,1.4681137342785553,4.0757444046081925,,
1709908200,146.56,147.25,146.17,146.43,141.9024457660667,145.72961908914448,141.9024457660667,145.72961908914448,0,0,0,0,0,152.47015000000002,140.94995,156.67020000000002,136.7499,145.15,140.64429446583426,138.87080553416575,,,,,7802515,0.64,0.69,-0.44768315487374805,1.5342808489640414,2.9183306898067745,-75.87718424115603,24.336991969632894,24.336991969632894,31.25021350693865,31.25021350693865,207.5277552125546,-123.58655836917237,,,1.1429730826457636,1.455363120489034,4.069884721647228,,
1710163800,146.1,146.61,145.295,146.35,141.9092753449557,145.71358108564863,141.9092753449557,145.71358108564863,0,0,0,0,0,152.47015000000002,140.94995,156.67020000000002,136.7499,145.15,140.6587999009227,138.88630009907732,,,,,7724013,0.64,0.69,-0.2369696642084061,1.364140859074376,2.8175097072720434,-115.16270862636935,27.878795505701707,27.878795505701707,34.962402577839335,34.962402577839335,207.5277552125546,-123.58655836917237,,,1.7347490869741824,1.4663194329002163,4.065219115983546,,
1710250200,146.45,147.39,145.96,147.03,141.91740666294777,145.72398967052513,141.91740666294777,145.72398967052513,0,0,0,0,0,152.47015000000002,140.94995,156.67020000000002,136.7499,145.15,141.09054251759457,139.30955748240544,,,,,7143931,0.63,0.69,0.09179482282546048,1.2963876985639122,2.7959412666997916,-85.30571009360631,38.95398184254191,38.95398184254191,61.104354516222315,61.104354516222315,207.5277552125546,-123.58655836917237,,,1.2849993236845703,1.4592088403819556,4.059664231283648,,
1710336600,147.59,147.7,145.89,146.46,141.92538327301182,145.73127242854378,141.92538327301182,145.73127242854378,0,0,0,0,0,152.47015000000002,140.94995,156.67020000000002,136.7499,145.15,141.2777418648019,139.4923581351981,,,,,7874171,0.63,0.7,0.14428249054425885,1.1325196344672028,2.7083596176695712,-88.44855204442435,52.060591482006686,52.060591482006686,78.27381076093626,78.27381076093626,207.5277552125546,-123.58655836917237,,,1.3323414040308583,1.4542336467995596,4.0542150348256,,
1710423000,146.55,146.66,145.125,145.94,141.93183075897983,145.70856958820872,141.93183075897983,145.70856958820872,0,0,0,0,0,152.47015000000002,140.94995,156.67020000000002,136.7499,145.15,141.39149813512807,139.5986018648719,,,,,9605786,0.66,0.7,0.36610594698021187,1.0824958253889796,2.3847387387189167,-122.79532479263881,51.80801242224303,51.80801242224303,51.97639846208547,51.97639846208547,207.5277552125546,-123.58655836917237,,,1.8497227106722667,1.4697430218533911,4.0498104547573615,,
1710509400,145.02,145.66,144.845,145.36,141.93771151670413,145.6758864671025,141.93771151670413,145.6758864671025,0,0,0,0,0,152.47015000000002,140.94995,156.67020000000002,136.7499,145.15,141.34438856653466,139.64571143346532,,,,,10570477,0.69,0.71,-0.317012565038414,0.6073517819430169,2.223069977849143,-135.36669259590712,7.145793525356993,7.145793525356993,37.03286348317598,37.03286348317598,207.5277552125546,-123.58655836917237,,,2.0390910320573616,1.4920703948025664,4.045793033333386,,
1710768600,145.43,145.57,144.72,144.82,141.94333327191552,145.63963209584358,141.94333327191552,145.63963209584358,0,0,0,0,0,152.47015000000002,140.94995,156.67020000000002,136.7499,145.15,141.34212232871747,139.64797767128252,,,,,6407158,0.78,0.72,-0.42266984317058354,0.5466830678600195,2.044633236047883,-151.1336444841865,-33.734872286577115,-33.734872286577115,13.443618226591614,13.443618226591614,207.52775521255464,-147.43677687841446,,,2.1236304612471355,1.5168374562317652,4.041952548673873,,
1710855000,144.94,145.87,144.52,145.78,141.94854819045315,145.59703475875168,141.94854819045315,145.59703475875168,0,0,0,0,0,152.47015000000002,140.94995,156.67020000000002,136.7499,145.15,141.32992282409506,139.66017717590492,,,,,5240260,0.73,0.72,0.24498920880238736,0.6433188013821296,2.144488877544904,-160.7599912666182,-52.18877090241604,-52.18877090241604,-8.433844816410936,-8.433844816410936,207.52775521255464,-147.43677687841446,,,2.2588935479507666,1.5459376951227064,4.038389993227873,,
1710941400,145.43,145.5,144.635,145.45,141.9539801621006,145.56057261134964,141.9539801621006,145.56057261134964,0,0,0,0,0,152.47015000000002,140.94995,156.67020000000002,136.7499,145.15,141.3290933332313,139.66100666676869,,,,,8268171,0.72,0.71,-0.18689215489602282,0.2822169526821286,2.1516154744808107,-155.22484186672057,-70.51611581928708,-70.51611581928708,-29.12793515070298,-29.12793515070298,207.52775521255464,-147.43677687841446,,,2.181117273096187,1.57084669818049,4.0346791586222155,,
1711027800,145.75,146.17,145.34,145.64,141.96079578615235,145.5529109403163,141.96079578615235,145.5529109403163,0,0,0,0,0,152.47015000000002,140.94995,156.67020000000002,136.7499,145.15,141.3235568133237,139.66654318667628,,,,,8865259,0.7,0.71,-0.3511695086301442,0.24683525294945505,2.596778098332984,-121.29196945864642,-57.32917944533707,-57.32917944533707,-38.52834991558101,-38.52834991558101,207.52775521255464,-147.43677687841446,,,1.7043148924658529,1.5760807450152101,4.0300230861623625,,
1711114200,145.85,146.22,145.265,145.44,141.96744944092526,145.5426379622647,141.96744944092526,145.5426379622647,0,0,0,0,0,152.47015000000002,140.94995,156.67020000000002,136.7499,145.15,141.5269654715618,139.96313452843816,,,,,5537224,0.74,0.71,-0.34239073390391667,0.26779713167726416,2.5628167179665855,-124.9018495020593,-42.85432614649887,-42.85432614649887,-39.97034199255363,-39.97034199255363,207.52775521255464,-147.43677687841446,,,1.7550385499797287,1.5830986981510735,4.025477662513646,,
1711373400,145.705,145.86,145.011,145.24,141.97358738410023,145.52290666962688,141.97358738410023,145.52290666962688,0,0,0,0,0,152.47015000000002,140.94995,156.67020000000002,136.7499,145.15,142.13562886257878,140.60947113742122,,,,,5252964,0.73,0.71,-0.38442168262560555,0.24993636942705824,2.4264842773195023,-137.1273099157478,-52.677010013915634,-52.677010013915634,-44.2058979996743,-44.2058979996743,207.52775521255464,-147.43677687841446,,,1.9268226700933435,1.59657806959979,4.021284545645673,,
1711459800,145.53,145.94,145.14,145.77,141.97996822848765,145.50895738846503,141.97996822848765,145.50895738846503,0,0,0,0,0,152.47015000000002,140.94995,156.67020000000002,136.7499,145.15,142.26713373365723,140.7429662663428,,,,,6942438,0.72,0.7,-0.43507204480090483,0.31913200131134994,2.370479599463028,-94.82560180458358,-41.90130263845307,-41.90130263845307,-37.292111916010604,-37.292111916010604,207.52775521255464,-147.43677687841446,,,1.839577979169503,1.60610747781821,4.016925491566799,,
1711546200,147.01,147.71,146.62,147.71,141.9892637964627,145.5530139614664,141.9892637964627,145.5530139614664,0,0,0,0,0,152.47015000000002,140.94995,156.67020000000002,136.7499,145.15,142.49714616821274,140.91295383178726,,,,,8797533,0.72,0.7,0.42591364889425665,0.9781400466860257,2.567451145330392,-52.516866915678385,-24.36011367920142,-24.36011367920142,10.722264239301879,10.722264239301879,207.52775521255464,-147.43677687841446,,,0.8386311375625652,1.5760103664356357,4.010575253097261,,
1711632600,147.92,148.2317,147.675,147.73,142.00062760506117,145.63630164925203,142.00062760506117,145.63630164925203,0,0,0,0,0,152.47015000000002,140.94995,156.67020000000002,136.7499,145.15,142.84022866648456,141.25487133351544,,,,,8090182,0.71,0.71,0.6279572014245326,0.7446177302773587,2.552387219127811,-2.649574898082406,1.9028167204736555,1.9028167204736555,54.42867751982381,54.42867751982381,207.52775521255464,-147.43677687841446,,,0.12511835520086723,1.5191126405048605,4.002812102452113,,
1711978200,147.64,147.73,145.935,146.47,142.0085269505056,145.64877021202645,142.0085269505056,145.64877021202645,0,0,0,0,0,150.09255,145.77915,151.9534,143.9183,147.64,142.8590604114989,141.23603958850111,,,,,7378313,0.69,0.7,0.3865217745535149,0.26576155972791526,2.396986810943314,-86.47248985563188,23.465832903581052,23.465832903581052,66.59186526979585,66.59186526979585,207.52775521255464,-147.43677687841446,,,1.3019072095225288,1.5105947804663378,3.9974156890796264,,
1712064600,144.49,144.65,143.435,144.19,142.011465458097,145.56369098802543,142.011465458097,145.56369098802543,0,0,0,0,0,150.09255,145.77915,151.9534,143.9183,147.64,142.9828047849711,141.25229521502888,,,,,10776352,0.67,0.69,-0.21331673265879644,-0.2780144057310106,1.9204374481242996,-195.41858604761117,27.634831627604104,27.634831627604104,35.97282907565021,35.97282907565021,207.52775521255467,-157.9050006964783,,,2.992695793318011,1.5687163888134623,3.9954082567204625,,
1712151000,144.44,145.09,143.685,144.03,142.01489260003888,145.49165408653423,142.01489260003888,145.49165408653423,0,0,0,0,0,150.09255,145.77915,151.9534,143.9183,147.64,143.55617388873898,141.923926111261,,,,,8453547,0.68,0.69,-0.5882890998558965,-0.21444975842985395,1.7894554493532142,-184.04381386788987,3.144009082461011,3.144009082461011,19.471224112556406,19.471224112556406,207.52775521255467,-157.9050006964783,,,2.8236169349384626,1.6179281749360113,3.9930670153183008,,
1712237400,144.93,145.02,141.87,141.95,142.01472278465417,145.35197745568976,142.01472278465417,145.35197745568976,0,0,0,0,0,150.09255,145.77915,151.9534,143.9183,147.64,143.59892403449325,141.88117596550677,,,,,12685712,0.74,0.69,-1.147250079685775,-0.6623651423344018,1.4036457267866405,-245.74721108489842,-32.4091348278139,-32.4091348278139,2.177771132432973,2.177771132432973,207.52775521255464,-252.01952951620538,,,4.051129446773981,1.7133478326551472,3.993183024172358,,
1712323800,141.725,143.685,141.61,143.22,142.01403902284667,145.20768422213328,142.01403902284667,145.20768422213328,0,0,0,0,0,150.09255,145.77915,151.9534,143.9183,147.64,143.60854335141272,141.87155664858727,,,,,9073220,0.72,0.69,-0.8327600266206845,-0.7746954227871881,1.5402391551896948,-245.74721108489842,-60.413881158487264,-60.413881158487264,-18.68611296454044,-18.68611296454044,207.52775521255464,-252.01952951620538,,,4.226971459488705,1.8119213082172476,3.99365013393323,,
1712583000,143.11,143.11,142.54,142.76,142.0151961876362,145.10515542910846,142.0151961876362,145.10515542910846,0,0,0,0,0,150.09255,145.77915,151.9534,143.9183,147.64,143.61070503786556,141.86939496213444,,,,,9128151,0.72,0.69,-0.9236851749099066,-0.998232929092063,1.5964061678735721,-208.40327214552735,-91.39524498969672,-91.39524498969672,-42.92249030625919,-42.92249030625919,207.52775521255464,-252.01952951620538,,,3.5979981063168007,1.8819635355937008,3.9928596203915387,,
1712669400,143.07,143.355,142.28,143.27,142.01583675469385,144.99655325541792,142.01583675469385,144.99655325541792,0,0,0,0,0,150.09255,145.77915,151.9534,143.9183,147.64,143.59931836535725,141.88078163464274,,,,,10534543,0.73,0.69,-0.6812143139583767,-0.7549692322805761,1.7601081658063684,-218.8435131393299,-108.70908286632562,-108.70908286632562,-64.85135449294799,-64.85135449294799,207.52775521255464,-252.01952951620538,,,3.773840119031525,1.95615477415989,3.99242201899022,,
1712755800,141.84,142.24,141.1,141.59,142.0141419759632,144.8463982257937,142.0141419759632,144.8463982257937,0,0,0,0,0,150.09255,145.77915,151.9534,143.9183,147.64,143.62610776302037,141.85399223697962,,,,,13052725,0.76,0.7,-1.416498031924818,-1.000935135466244,1.5122561256993887,-245.7472110848984,-155.36589242347824,-155.36589242347824,-95.02286713645807,-95.02286713645807,207.52775521255464,-252.01952951620538,,,4.571892330582997,2.0587327175490313,3.993579801830565,,
1712842200,142.02,142.05,140.595,141.01,142.01145168230494,144.68252574635082,142.01145168230494,144.68252574635082,0,0,0,0,0,150.09255,145.77915,151.9534,143.9183,147.64,143.62563508118032,141.85446491881967,,,,,8153938,0.76,0.7,-2.2335457722952476,-0.973546564144561,1.2125024661361472,-245.74721108489837,-190.42193613126437,-190.42193613126437,-126.8225568013935,-126.8225568013935,207.52775521255464,-252.01952951620538,,,4.9134316245096805,2.170681694292586,3.995417667610144,,
1712928600,140.28,140.29,138.46,138.91,142.0045436869357,144.44219140335665,142.0045436869357,144.44219140335665,0,1,0,0,0,150.09255,145.77915,151.9534,143.9183,147.64,143.6651996700931,141.8149003299069,,,,,13799443,0.8,0.72,-2.8586514668434666,-1.1281312548419342,0.8571544260382854,-245.7472110848984,-217.9012156998468,-217.9012156998468,-157.1821097675446,-157.1821097675446,207.52775521255464,-252.01952951620538,,,6.357365075071017,2.3348653562838972,4.000136843249426,,
1713187800,140.12,140.63,138.41,138.63,141.9975505926561,144.20934076008777,141.9975505926561,144.20934076008777,0,1,0,0,0,150.09255,145.77915,151.9534,143.9183,147.64,143.66486547490157,141.81523452509845,,,,,10383735,0.8,0.72,-2.5628949572110753,-1.456445122396144,0.7914917828695325,-245.7472110848984,-226.75576904292677,-226.75576904292677,-180.37332952600534,-180.37332952600534,207.52775521255464,-252.01952951620538,,,6.391180846746934,2.49393655198833,4.004914153945725,,
1713274200,139.83,139.83,138.585,138.68,141.99091762443902,143.99241563224118,141.99091762443902,143.99241563224118,0,1,0,0,0,150.09255,145.77915,151.9534,143.9183,147.64,143.6589492679035,141.8211507320965,,,,,10170538,0.8,0.72,-1.8356070484179128,-1.4121014672006809,0.821775053371712,-241.13285894542844,-225.41735735664435,-225.41735735664435,-195.38800546955167,-195.38800546955167,207.52775521255464,-252.01952951620538,,,6.272825645881243,2.642128281160601,4.009445445637904,,
1713360600,139.49,139.62,138.215,138.44,141.9835660407738,143.76963266627095,141.9835660407738,143.76963266627095,0,1,1,0,0,150.09255,145.77915,151.9534,143.9183,147.64,143.65877946590032,141.82132053409967,,,,,8480148,0.77,0.71,-1.869206279078173,-1.2634711342538967,0.7819541181536661,-245.7472110848984,-221.3300057666195,-221.3300057666195,-204.0353389019076,-204.0353389019076,207.52775521255464,-252.01952951620538,,-241.3300057666195,6.523062356282977,2.794321774302655,4.014467657247584,,
1713447000,138.53,139.25,138.21,138.43,141.97621925547753,143.55539216955444,141.97621925547753,143.55539216955444,0,1,1,0,0,150.09255,145.77915,151.9534,143.9183,147.64,143.65877949763927,141.82132050236075,,,,,8105813,0.77,0.72,-1.1965830549570797,-1.4481194485244577,0.8027126120452417,-239.36802146260908,-260.21436744261837,-260.21436744261837,-222.76168174881118,-222.76168174881118,195.59867061887368,-252.0195295162054,,-280.21436744261837,6.5264439334505635,2.9406795060339457,4.0194865908663715,,
1713533400,139.15,139.34,138.445,138.95,141.96935198423782,143.3586767903562,141.96935198423782,143.3586767903562,0,1,1,0,0,150.09255,145.77915,151.9534,143.9183,147.64,143.66128560009153,141.81881439990846,,,,,9668387,0.77,0.72,-1.4408025754093283,-1.4739787816530427,0.8391571052400938,-233.4592520252446,-273.3169434061557,-273.3169434061557,-239.6134356345927,-239.6134356345927,195.59867061887368,-252.0195295162054,,-293.3169434061557,6.3675098065738,3.0750650080159008,4.02417794594271,,
1713792600,139.38,140.59,138.93,139.48,141.9634577744791,143.18850515151874,141.9634577744791,143.18850515151874,0,0,0,0,0,150.09255,145.77915,151.9534,143.9183,147.64,143.66047347668686,141.81962652331313,,,,,8531342,0.76,0.72,-1.115234443089251,-1.3301266171561732,0.7959754781820227,-221.2645576545126,-235.92795284537067,-235.92795284537067,-228.55698726692663,-228.55698726692663,195.59867061887368,-252.0195295162054,,-255.92795284537067,6.039496821317466,3.191317235988511,4.0282045570823195,,
1713879000,140.82,141.56,140.18,141.3,141.9600478688358,143.0735363220474,141.9600478688358,143.0735363220474,0,0,0,0,0,150.09255,145.77915,151.9534,143.9183,147.64,143.68926074329215,141.79083925670784,,,,,8615525,0.77,0.71,-0.6585739673167654,-0.9541828758366475,0.9315281883450071,-189.83493298767834,-208.82084619054748,-208.82084619054748,-154.60663288090115,-154.60663288090115,195.59867061887368,-252.0195295162054,,-228.82084619054748,5.194102529419725,3.2698578357309116,4.0305340235605165,,
1713965400,140.99,141.15,140.215,140.86,141.95671400696,142.96443489765338,141.95671400696,142.96443489765338,0,0,0,0,0,150.09255,145.77915,151.9534,143.9183,147.64,143.6760378668965,141.80406213310346,,,,,7378594,0.77,0.7,-0.24649697897377287,-1.1583502642624477,0.5731467439153278,-188.95490349700708,-169.65581112040462,-169.65581112040462,-91.3257409801189,-91.3257409801189,195.59867061887368,-252.0195295162054,,,5.170431489246591,3.3443901358687813,4.032811540974475,,
1714051800,140.77,141,139.2,139.92,141.9513791138392,142.82020607813757,141.9513791138392,142.82020607813757,0,0,0,0,0,150.09255,145.77915,151.9534,143.9183,147.64,144.18702798540818,142.29307201459181,,,,,9693507,0.76,0.71,-0.37319185017396517,-1.2446683802266518,0.5482837093209433,-214.47575872647687,-131.8789342686104,-131.8789342686104,-56.32518056502192,-56.32518056502192,195.59867061887368,-252.0195295162054,,,5.856891654267566,3.4429196071785375,4.03645605668535,,
1714138200,139.4,140.33,139.3,139.96,141.9462526820433,142.6855156437008,141.9462526820433,142.6855156437008,0,0,0,0,0,150.09255,145.77915,151.9534,143.9183,147.64,144.18168790173436,142.29841209826563,,,,,6013758,0.76,0.71,0.3653963720630777,-1.143601346366611,0.6966138944520911,-211.96138875312954,-101.52760353498377,-101.52760353498377,-40.8249420677305,-40.8249420677305,195.59867061887368,-252.0195295162054,,,5.789260110915732,3.5349329602662705,4.0399581626878085,,
1714397400,140.13,140.83,139.73,140.43,141.94198704231897,142.57280130473214,141.94198704231897,142.57280130473214,0,0,0,0,0,150.09255,145.77915,151.9534,143.9183,147.64,144.17516861241214,142.30493138758783,,,,,6388634,0.76,0.7,0.6272306198683246,-0.945917689298789,0.8004259654256856,-201.1495978677391,-74.10664030794388,-74.10664030794388,-19.264713853864073,-19.264713853864073,195.59867061887368,-252.0195295162054,,,5.498444474502924,3.6119334118049626,4.042872221252874,,
1714483800,140.9,141.2,140.23,140.33,141.9387189363403,142.48391890062499,141.9387189363403,142.48391890062499,0,0,0,0,0,150.09255,145.77915,151.9534,143.9183,147.64,144.17434862043586,142.30575137956416,,,,,9677720,0.75,0.71,0.5748803991712512,-0.8648973385096399,0.675665082256248,-158.24638132409973,-46.242664749003694,-46.242664749003694,9.485286368876665,9.485286368876665,195.59867061887368,-252.0195295162054,,,5.160286757743828,3.6726531508613887,4.04510481772938,,
1714570200,139.71,141.84,139.55,140.58,141.93411230509886,142.37212208099265,141.93411230509886,142.37212208099265,0,0,0,0,0,144.47,133.45000000000002,149.23,128.69000000000003,139.71,144.17458439195832,142.30551560804167,,,,,10710293,0.76,0.7,0.7467836462662043,-0.9949182251963152,0.9524055635798498,-119.53104552285586,-17.54883660473251,-17.54883660473251,39.83881968380986,39.83881968380986,195.59867061887368,-252.0195295162054,,,5.6201812525361845,3.7490268019074593,4.048251823593129,,
1714656600,141.34,141.44,139.72,140.48,141.9298511416521,142.2713094503655,141.9298511416521,142.2713094503655,0,0,0,0,0,144.47,133.45000000000002,149.23,128.69000000000003,139.71,144.14488353686377,142.33521646313622,,,,,8425562,0.76,0.7,0.7155635737972548,-0.9532495700477579,0.7348964192449975,-111.15325600641775,7.118276377802022,7.118276377802022,56.45250234287109,56.45250234287109,195.59867061887368,-252.0195295162054,,,5.5052076288381,3.8178966382576807,4.0511628242030095,,
1714743000,141.09,141.23,140.1,140.83,141.9263501403701,142.18920319740997,141.9263501403701,142.18920319740997,0,0,0,0,0,144.47,133.45000000000002,149.23,128.69000000000003,139.71,144.14583512097892,142.33426487902105,,,,,8539319,0.75,0.7,0.6535900052832418,-0.9211065761832065,0.6928877419659282,-82.18676397258145,35.55286029670088,35.55286029670088,92.42202813449859,92.42202813449859,195.59867061887368,-252.0195295162054,,,5.248207764101189,3.8739872706437004,4.0535545223846245,,
1715002200,140.95,141.435,140.64,141.4,141.92392426596376,142.1312815033939,141.92392426596376,142.1312815033939,0,0,0,0,0,144.47,133.45000000000002,149.23,128.69000000000003,139.71,144.14708813903084,142.33301186096918,,,,,5605118,0.76,0.7,0.6668065920966639,-0.7768684181161477,0.7254891638943125,-68.18649503088014,69.4005231236427,69.4005231236427,137.09584877752638,137.09584877752638,195.59867061887368,-252.0195295162054,,,4.882997430001371,3.913556296500864,4.055211750971272,,
1715088600,141.72,142.695,141.7,142.57,141.92359994175604,142.1167841895353,141.92359994175604,142.1167841895353,0,0,0,0,0,144.47,133.45000000000002,149.23,128.69000000000003,139.71,144.13807569234547,142.34202430765453,,,,,7720646,0.76,0.7,0.43311150096362305,-0.5114492556879038,0.7895976848179297,-40.70448562679937,105.20814643252464,105.20814643252464,176.82339305028856,176.82339305028856,195.59867061887368,-252.0195295162054,,,4.166103070472085,3.923460091558559,4.055433312049195,,
1715175000,142.86,142.88,141.9,142.08,141.92367186994434,142.11062010367118,141.92367186994434,142.11062010367118,0,0,0,0,0,144.47,133.45000000000002,149.23,128.69000000000003,139.71,144.1384410174284,142.3416589825716,,,,,5461097,0.75,0.7,0.4328549541373698,-0.730411884369933,0.7140969913756636,-35.51920083357614,134.4603245104903,134.4603245104903,192.9646806664216,192.9646806664216,195.59867061887368,-252.0195295162054,,,4.030839983768435,3.927671067723652,4.055384174530153,,
1715261400,142.25,143.38,142.23,143.3,141.9243964016727,142.11750951137034,141.9243964016727,142.11750951137034,0,0,0,1,0,144.47,133.45000000000002,149.23,128.69000000000003,139.71,144.151691160606,142.328408839394,,,,,6821786,0.76,0.7,1.2018851563422999,-0.8576184820736513,0.841511821622858,-27.735465980034725,157.73013992250512,157.73013992250512,204.2697707465348,204.2697707465348,195.59867061887368,-252.0195295162054,224.2697707465348,,3.807655890707442,3.9229645901936046,4.054889212924114,,
1715347800,143.49,144.09,143.39,143.59,141.92741399127976,142.16916404033623,141.92741399127976,142.16916404033623,0,0,0,1,0,144.47,133.45000000000002,149.23,128.69000000000003,139.71,144.15238494605842,142.32771505394157,,,,,6325067,0.77,0.69,1.3036711105625032,-0.8132730225285938,0.5807139902021163,-5.173729036319318,176.7734013544913,176.7734013544913,214.85992421846368,214.85992421846368,195.59867061887368,-252.0195295162054,234.85992421846368,,3.0231299878263402,3.8876769587282216,4.052827755930911,,
1715607000,143.88,144.01,143.19,143.45,141.93002994734115,142.21102819561716,141.93002994734115,142.21102819561716,0,0,0,1,0,144.47,133.45000000000002,149.23,128.69000000000003,139.71,144.15219161181872,142.32790838818124,,,,,5351464,0.77,0.69,1.082294551799912,-0.599095502336559,0.5932895792797088,-10.347458072637899,190.80121865466842,190.80121865466842,218.85685325502266,218.85685325502266,195.59867061887368,-252.0195295162054,238.85685325502266,,3.1583930745299713,3.859077590720447,4.05104067365039,,
1715693400,143.65,144.13,143.11,144.06,141.93248243495884,142.2481447369655,141.93248243495884,142.2481447369655,0,0,0,1,0,144.47,133.45000000000002,149.23,128.69000000000003,139.71,144.13963788076407,142.3404621192359,,,,,6198799,0.77,0.69,1.3417241325318432,-0.02627559188081541,0.5824607880528608,-24.495035565346644,200.51006813462274,200.51006813462274,219.92776709453136,219.92776709453136,195.59867061887368,-252.0195295162054,239.92776709453136,,3.212498309211416,3.833721540465191,4.049365264330832,,
1715779800,144.7,146.36,144.64,146.2,141.93795639612776,142.34320572767274,141.93795639612776,142.34320572767274,0,0,0,1,0,144.47,133.45000000000002,149.23,128.69000000000003,139.71,144.16472646727283,142.31537353272716,,,,,8433670,0.8,0.69,2.0278863753547514,0.4412421444131709,0.8605047554733937,-39.634657100788125,212.3804995093405,212.3804995093405,236.12136225877603,236.12136225877603,195.59867061887368,-252.0195295162054,256.121362258776,,2.1777356959285994,3.768780919110815,4.045625744713645,,
1715866200,145.89,146.44,145.62,146.03,141.9453578818498,142.472585895215,141.9453578818498,142.472585895215,0,0,0,1,0,144.47,133.45000000000002,149.23,128.69000000000003,139.71,144.1561253622135,142.3239746377865,,,,,6741009,0.77,0.69,2.036548086662402,0.8554218187207362,0.6953938547956249,-14.735962255420796,222.4919240753203,222.4919240753203,242.71477320727988,242.71477320727988,195.59867061887368,-252.0195295162054,262.7147732072799,,1.514946571080758,3.680395258403754,4.040569442668424,,
1715952600,146,146.34,145.44,146.31,141.9523885354325,142.58990409540263,141.9523885354325,142.58990409540263,0,0,0,1,0,144.47,133.45000000000002,149.23,128.69000000000003,139.71,144.1549591849078,142.32514081509223,,,,,7071646,0.75,0.68,2.010156105826857,0.6434852388188933,0.7337934152665103,-22.087325012739292,227.09649651546454,227.09649651546454,236.30564139575299,236.30564139575299,195.59867061887368,-252.0195295162054,256.305641395753,,1.6366833491140376,3.600249693333569,4.035766473450534,,
1716211800,146.16,146.3551,145.69,146,141.83534044387304,142.59182633766937,141.83534044387304,142.59182633766937,0,0,0,1,0,144.47,133.45000000000002,149.23,128.69000000000003,139.71,144.1536991838954,142.32640081610458,,,,,3890023,0.76,0.68,1.6790995130238322,0.6763100747660056,0.6138864450767625,-15.740392537814241,221.12944980699018,221.12944980699018,225.1074809459731,225.1074809459731,195.59867061887368,-252.0195295162054,245.1074809459731,,1.3808975834292236,3.5132162772588886,4.030462040103838,,
1716298200,146.26,146.88,145.88,146.25,141.8434586447844,142.7214998146235,141.8434586447844,142.7214998146235,0,0,0,1,0,144.47,133.45000000000002,149.23,128.69000000000003,139.71,144.15337216880891,142.3267278311911,,,,,4048888,0.77,0.68,1.3342087746595848,0.6207325210734399,0.6580314181883332,-10.916723856871261,241.04971159573,241.04971159573,272.9341728952438,272.9341728952438,195.59867061887368,-252.0195295162054,292.9341728952438,,1.2522845732078756,3.424552288864731,4.024911235974176,,
1716384600,145.86,146.945,145.77,146.51,141.8513430430965,142.841817468952,141.8513430430965,142.841817468952,0,0,0,0,0,144.47,133.45000000000002,149.23,128.69000000000003,139.71,144.12929017645317,142.35080982354685,,,,,6831234,0.77,0.69,1.6121559463796065,1.0373090462705765,0.7346892719448092,-18.76127420382588,269.41841999100586,269.41841999100586,326.1558367815576,326.1558367815576,195.59867061887368,-252.0195295162054,346.1558367815576,,1.3267447370202259,3.3422853260472993,4.019520293918323,,
1716471000,146.27,146.2801,144.805,144.91,141.85730289715625,142.91995207801273,141.85730289715625,142.91995207801273,0,0,0,0,0,144.47,133.45000000000002,149.23,128.69000000000003,139.71,144.1266455452837,142.31505445471626,,,,,5155939,0.76,0.69,0.5707413422043074,0.8111734239757908,0.6340242286822702,-43.22698988854549,275.3589678574127,275.3589678574127,287.2400635902265,287.2400635902265,195.59867061887368,-252.0195295162054,307.2400635902265,,1.9799634468286624,3.2888609386269607,4.0154452552628,,
1716557400,145.1,145.33,144.33,144.42,141.86231128297612,142.97658140828673,141.86231128297612,142.97658140828673,0,0,0,0,0,144.47,133.45000000000002,149.23,128.69000000000003,139.71,144.1241253509548,142.31757464904518,,,,,3949525,0.78,0.69,0.3047059335673955,1.207214587580586,0.6327711981490849,-55.26969968154201,214.4100272156926,214.4100272156926,255.04265431017268,255.04265431017268,195.59867061887368,-252.0195295162054,275.0426543101727,,2.301495972382033,3.2501407438722576,4.01202078117113,,
1716903000,144.1,144.1,142.07,142.67,141.86283933236078,142.9432488040402,141.86283933236078,142.9432488040402,0,0,0,0,0,144.47,133.45000000000002,149.23,128.69000000000003,139.71,144.14821335958726,142.29348664041268,,,,,8375071,0.78,0.69,-0.280772718872136,0.8688091216251025,0.4062889777379956,-112.56764522295816,129.9040675307719,129.9040675307719,213.32979205037242,213.32979205037242,195.59867061887368,-252.0195295162054,,,3.831313883435996,3.272931847384561,4.011659728428403,,
1716989400,141.45,141.73,140.95,141.56,141.86115094208634,142.86774100780332,141.86115094208634,142.86774100780332,0,0,0,0,0,144.47,133.45000000000002,149.23,128.69000000000003,139.71,144.15407316462966,142.2876268353703,,,,,6838269,0.79,0.69,-0.8911191763564119,0.6156830801341668,0.25774341024561115,-140.96308726118198,51.979418337973684,51.979418337973684,159.54633414623953,159.54633414623953,195.59867061887368,-252.0195295162054,,,4.58945373316185,3.3245601566307292,4.012814162004294,,
1717075800,140.99,142.14,140.675,141.63,141.85892196917507,142.78451783102673,141.85892196917507,142.78451783102673,0,0,0,0,0,144.47,133.45000000000002,149.23,128.69000000000003,139.71,144.14365403583054,142.29804596416943,,,,,7395616,0.78,0.7,-1.60533701686444,0.6832283168404556,0.1906582522588385,-147.93518240449524,-7.3361116011094225,-7.3361116011094225,103.91885223045655,103.91885223045655,195.59867061887368,-252.0195295162054,,,4.775604142692736,3.381463842358651,4.014338217909765,,
1717162200,142.08,143.775,141.91,143.7,141.859140306899,142.75250536706488,141.859140306899,142.75250536706488,0,0,0,0,0,144.47,133.45000000000002,149.23,128.69000000000003,139.71,144.16184492817382,142.27985507182612,,,,,7946091,0.74,0.69,-0.8054414865316246,1.109532246068224,0.4484074030964244,-116.62413694270431,-27.523958862591105,-27.523958862591105,60.10458186610734,60.10458186610734,195.59867061887368,-252.0195295162054,,,3.939619576253973,3.4033523025114087,4.014188929914449,,
1717421400,143.6,145.135,143.35,144.71,141.86220656003206,142.7776541761996,141.86220656003206,142.7776541761996,0,0,0,0,0,150.64249999999998,139.9025,154.33999999999997,136.205,143.6,144.1705517016373,142.27114829836265,,,,,10298305,0.76,0.68,-0.5488823520478678,1.201258849155286,0.726211937154967,-80.1157114649882,-14.02424770887185,-14.02424770887185,35.39497200778094,35.39497200778094,195.59867061887368,-252.0195295162054,,,2.964868340892165,3.386156853036144,4.012092385281038,,
1717507800,144.58,145.53,144.04,145.13,141.8666315219501,142.8286049928192,141.8666315219501,142.8286049928192,0,0,0,0,0,150.64249999999998,139.9025,154.33999999999997,136.205,143.6,144.16260241997335,142.27909758002662,,,,,6964248,0.76,0.68,-0.2995157974714895,1.1755178235264179,0.8045752564932288,-62.62209092358258,8.548060980728293,8.548060980728293,26.44600166543006,26.44600166543006,195.59867061887368,-252.0195295162054,,,2.4978000406146337,3.351319330980399,4.0090668261508355,,
1717594200,145.3,145.945,144.49,145.79,141.87193775267545,142.89502832643416,141.87193775267545,142.89502832643416,0,0,0,0,0,150.64249999999998,139.9025,154.33999999999997,136.205,143.6,144.1581449343521,142.28355506564787,,,,,5373456,0.77,0.68,-0.15776279265872048,0.9202083722579341,0.7827289445052618,-51.213207961795845,28.827866676305973,28.827866676305973,33.5915966980578,33.5915966980578,195.59867061887368,-252.0195295162054,,,2.1931902795640568,3.30590250543466,4.00543870118263,,
1717680600,145.68,146.58,145.18,146.27,141.87859821670608,142.98563505873085,141.87859821670608,142.98563505873085,0,0,0,0,0,150.64249999999998,139.9025,154.33999999999997,136.205,143.6,144.1562534761783,142.28544652382166,,,,,5425770,0.77,0.69,-0.08216354096829598,1.1122031683779712,0.7176414926851228,-33.71958742039024,41.098331110523695,41.098331110523695,65.63925997895915,65.63925997895915,195.59867061887368,-252.0195295162054,,,1.7261219792865248,3.243950327938655,4.000884621818202,,
1717767000,146.13,147.16,145.96,146.43,141.88678823025913,143.10297093878063,141.88678823025913,143.10297093878063,0,0,0,0,0,150.64249999999998,139.9025,154.33999999999997,136.205,143.6,144.15589460514926,142.28580539485074,,,,,5222299,0.77,0.68,0.5288486340399328,1.3543369276565693,0.7005995788670819,-13.782409536828673,61.614270613531424,61.614270613531424,102.64614961954689,102.64614961954689,190.40539610433964,-252.01952951620538,,,1.1981317267988778,3.163722147501801,3.995284715934048,,
1718026200,146.2,147.005,145.67,146.97,141.89438825377508,143.20444658824022,141.89438825377508,143.20444658824022,0,0,0,0,0,150.64249999999998,139.9025,154.33999999999997,136.205,143.6,144.15814955554896,142.283550444451,,,,,5397727,0.78,0.69,0.8898096374748998,1.457262275212681,0.7885753316560737,-32.47464315677416,85.93878558240422,85.93878558240422,134.58781552014983,134.58781552014983,190.40539610433964,-252.01952951620538,,,1.3944357950314779,3.094338368973553,3.9900882145935834,,
1718112600,146.86,146.86,145.73,146.36,141.90209177374754,143.30427221223079,141.90209177374754,143.30427221223079,0,0,0,0,0,150.64249999999998,139.9025,154.33999999999997,136.205,143.6,144.15741317543936,142.28428682456064,,,,,5194123,0.77,0.69,1.2998663237525467,1.225290757712368,0.49009183484250246,-30.975813472615307,107.27551194762465,107.27551194762465,149.94896467806552,149.94896467806552,190.40539610433964,-252.01952951620538,,,1.3538211602247343,3.026082792159874,3.984820947751688,,
1718199000,146.99,147.04,145.67,146.05,141.90966122075307,143.3978536941041,141.90966122075307,143.3978536941041,0,0,0,0,0,150.64249999999998,139.9025,154.33999999999997,136.205,143.6,144.15560617832938,142.28609382167056,,,,,6522859,0.76,0.69,1.5927106923169676,1.181723806691898,0.47860598836248247,-32.47464315677416,122.22922653873451,122.22922653873451,152.13665572095422,152.13665572095422,190.40539610433964,-252.01952951620538,,,1.3944357950314779,2.9620966354097407,3.9796453530409583,,
1718285400,145.51,146.17,144.58,145.93,141.91505950003227,143.44544766688432,141.91505950003227,143.44544766688432,0,0,0,0,0,150.64249999999998,139.9025,154.33999999999997,136.205,143.6,144.153540061999,142.28815993800097,,,,,4720590,0.77,0.69,1.5272036121274155,1.1052317638032234,0.4120302079844573,-59.70338241899162,117.23091478945138,117.23091478945138,120.56312262230679,120.56312262230679,190.40539610433964,-252.01952951620538,,,2.132268327353941,2.929554348819317,3.975954290052573,,
1718371800,145.63,145.92,145.025,145.88,141.92132721331893,143.50845167994768,141.92132721331893,143.50845167994768,0,0,0,0,0,150.64249999999998,139.9025,154.33999999999997,136.205,143.6,144.15075324181913,142.2909467581808,,,,,4109831,0.77,0.69,0.7631723607570439,1.1164558197303316,0.2212855651221284,-40.08542740865687,78.40055000626406,78.40055000626406,106.50893175029255,106.50893175029255,190.40539610433964,-174.60519342872445,,,1.8310431192039425,2.8864754770696943,3.9716687532476804,,
1718631000,145.26,145.955,144.96,145.73,141.92745383227333,143.56646141798896,141.92745383227333,143.56646141798896,0,0,0,0,0,150.64249999999998,139.9025,154.33999999999997,136.205,143.6,144.14843700867615,142.29326299132381,,,,,4543232,0.78,0.69,0.3587091760468301,1.0223065221625398,0.15980175895496246,-41.425043234653074,39.90425827188601,39.90425827188601,84.30737392415703,84.30737392415703,190.40539610433964,-174.60519342872445,,,1.8750423069112447,2.8468114311811274,3.967479689418836,,
1718717400,145.89,146.4,145.6,145.92,141.93483414429676,143.64704332316586,141.93483414429676,143.64704332316586,0,0,0,0,0,150.64249999999998,139.9025,154.33999999999997,136.205,143.6,144.1411517957581,142.30054820424186,,,,,4872625,0.78,0.7,0.27714800130152767,0.9396589462392057,0.21196729217682925,-28.234979717151816,30.684614291964515,30.684614291964515,66.43312071342619,66.43312071342619,190.40539610433964,-174.60519342872445,,,1.441819535639339,2.7917137097873317,3.962433415385311,,
1718890200,145.47,146.59,145.27,146.4,141.94154696318927,143.71165338892405,141.94154696318927,143.71165338892405,0,0,0,0,0,150.64249999999998,139.9025,154.33999999999997,136.205,143.6,144.14203427190498,142.299665728095,,,,,6653759,0.78,0.7,0.21356260321154255,0.7916497956252916,0.282362554869941,-35.03610621836322,45.78048021669877,45.78048021669877,59.54890721451705,59.54890721451705,190.40539610433964,-174.60519342872445,,,1.6652000270764096,2.7475367026221975,3.957843538485593,,
1718976600,146.59,147.12,146.235,146.81,141.95015516106503,143.81119443249565,141.95015516106503,143.81119443249565,0,0,0,0,0,150.64249999999998,139.9025,154.33999999999997,136.205,143.6,144.14305402254462,142.29864597745535,,,,,8513040,0.79,0.7,0.18936122987236276,0.9858710916100298,0.30946145234608974,-15.147963570880366,65.1011139906766,65.1011139906766,76.20552754299567,76.20552754299567,190.40539610433964,-174.60519342872445,,,1.0119813172679728,2.6794757071181103,3.9519576998817616,,
1719235800,146.83,147.61,146.45,147.09,141.95917143446948,143.91517896455466,141.95917143446948,143.91517896455466,0,0,0,0,0,150.64249999999998,139.9025,154.33999999999997,136.205,143.6,144.1431843610276,142.29851563897236,,,,,6446290,0.78,0.7,0.2312255163483945,0.7833471667477633,0.5063261428442613,-13.179302706963394,78.40050537443469,78.40050537443469,104.99928814195087,104.99928814195087,190.40539610433964,-174.60519342872445,,,0.8664455425438308,2.6083764849779425,3.9457928404265408,,
1719322200,147.26,147.465,146.275,146.63,141.35404006586268,143.40901718157275,141.35404006586268,143.40901718157275,0,0,0,0,0,150.64249999999998,139.9025,154.33999999999997,136.205,143.6,144.14468294356638,142.29701705643356,,,,,5171672,0.78,0.7,-0.11852888394456895,0.6262716218491251,0.2998535935388905,-15.699523850739455,90.74922002313102,90.74922002313102,115.44664932052366,115.44664932052366,190.40539610433964,-151.0404842981479,,,0.5540825345026839,2.527815937900481,3.939016196458661,,
1719408600,146.37,146.625,145.77,146.11,141.36288953626055,143.50212239013854,141.36288953626055,143.50212239013854,0,0,0,0,0,150.64249999999998,139.9025,154.33999999999997,136.205,143.6,144.14480759806384,142.2968924019361,,,,,4572683,0.78,0.7,-0.08920989750890237,0.5591339838693385,0.11514056884075573,-23.736715579512644,89.6567394137559,89.6567394137559,90.38505982000598,90.38505982000598,190.40539610433964,-128.3369022127088,,,0.8974097491331792,2.4638784403017633,3.932939060699769,,
1719495000,146.22,146.28,145.03,145.87,141.37025758913515,143.56284700228997,141.37025758913515,143.56284700228997,0,0,0,0,0,150.64249999999998,139.9025,154.33999999999997,136.205,143.6,144.11353317404328,142.32816682595669,,,,,4637944,0.77,0.7,-0.0643620802481155,0.378820668180928,0.029885247435729234,-37.04366219226996,46.9146025209952,46.9146025209952,75.89490738700239,75.89490738700239,190.40539610433964,-128.3369022127088,,,1.4005030933442126,2.422177446303428,3.9278792485771805,,
1719581400,146.41,147.02,145.1,145.75,141.37774938216384,143.62390790416094,141.37774938216384,143.62390790416094,0,0,0,0,0,150.64249999999998,139.9025,154.33999999999997,136.205,143.6,143.8611675290646,142.07883247093542,,,,,7656778,0.79,0.7,-0.06447500446254817,-0.09288978807036945,0.07443491516872433,-35.78489697214441,13.57507362264608,13.57507362264608,55.121629465550285,55.121629465550285,190.40539610433964,-128.3369022127088,,,1.3529131824053362,2.3802455143858556,3.922734461232182,,
1719840600,146.04,147.485,144.6542,144.93,141.38434440437732,143.66526673144875,141.38434440437732,143.66526673144875,0,0,0,0,0,149.74,143.90999999999997,151.87000000000003,141.77999999999997,146.04,143.79340769614737,142.02659230385268,,,,,6562067,0.8,0.7,-0.34424579620056256,-0.2298956572388469,-0.06299544646044225,-54.11601806240466,-24.044205946353124,-24.044205946353124,28.733017661582487,28.733017661582487,190.40539610433962,-193.67502726281575,,,1.6559929294989464,2.3518434522334277,3.918205507122825,,
1719927000,144.41,144.62,143.59,144.4,141.3888212387342,143.66368764394096,141.3888212387342,143.66368764394096,0,0,0,0,0,149.74,143.90999999999997,151.87000000000003,141.77999999999997,146.04,143.7499594792057,142.07004052079435,,,,,7536335,0.81,0.7,-0.48198946437776086,-0.3980463068240738,-0.33016643269087553,-87.64093585658784,-74.9036774492749,-74.9036774492749,-5.812547375369967,-5.812547375369967,190.40539610433967,-219.87209483699937,,,2.3794955469440477,2.3529278481044322,3.915131161548042,,
1720013400,144.66,144.67,142.73,143.3,141.391588029466,143.62878224613937,141.391588029466,143.62878224613937,0,0,0,0,0,149.74,143.90999999999997,151.87000000000003,141.77999999999997,146.04,143.7608623271822,142.05913767281785,,,,,7653965,0.81,0.7,-0.9410664661965157,-0.5596082504664104,-0.5387989166976676,-126.09950889958871,-118.29303369129732,-118.29303369129732,-43.306042814012415,-43.306042814012415,190.40539610433967,-268.93220056638677,,,2.9641715956217376,2.3768981911443268,3.9132311424353023,,
1720186200,143.61,144.49,142.88,144.41,141.3946459954411,143.60106921687898,141.3946459954411,143.60106921687898,0,0,0,0,0,149.74,143.90999999999997,151.87000000000003,141.77999999999997,146.04,143.73053831718536,142.08946168281466,,,,,4846865,0.77,0.69,-0.7066978457848122,-0.3776444344711353,-0.316913047944902,-121.76122304295133,-135.6552777181952,-135.6552777181952,-74.08912111540667,-74.08912111540667,190.40539610433967,-268.93220056638677,,,2.8621932150384173,2.395929368551938,3.9111311665563875,,
1720445400,144.57,144.97,143.88,144.25,141.39967587357208,143.61326650249157,141.39967587357208,143.61326650249157,0,0,0,0,0,149.74,143.90999999999997,151.87000000000003,141.77999999999997,146.04,143.71574037999747,142.1042596200026,,,,,4001547,0.75,0.7,-0.9066225062160731,-0.4630444814663953,-0.2940842370385991,-92.83931733203657,-132.13496335754496,-132.13496335754496,-93.43773519611943,-93.43773519611943,190.40539610433967,-268.93220056638677,,,2.182337344482975,2.387553210745312,3.907677033045751,,
1720531800,144.56,145.03,143.7,144.95,141.40433965804047,143.61799722788408,141.40433965804047,143.61799722788408,0,0,0,0,0,149.74,143.90999999999997,151.87000000000003,141.77999999999997,146.04,143.71779407893342,142.10220592106663,,,,,8337123,0.76,0.7,-0.7632164790881135,0.008360227988151335,-0.1269460298387949,-99.20831208431962,-107.89518078477434,-107.89518078477434,-98.25688372567107,-98.25688372567107,190.40539610433967,-268.93220056638677,,,2.3047114011829595,2.384304512331102,3.9044743045105608,,
1720618200,145.11,146.34,144.79,146.32,141.41115016821422,143.66486008169252,141.41115016821422,143.66486008169252,0,0,0,0,0,149.74,143.90999999999997,151.87000000000003,141.77999999999997,146.04,143.7321958794402,142.08780412055984,,,,,5342450,0.73,0.7,-0.11069724711111546,0.39770732907695355,0.18077543807332117,-70.9273585178049,-85.28040716669227,-85.28040716669227,-59.32745404873466,-59.32745404873466,190.40539610433967,-268.93220056638677,,,1.5636685022775247,2.352122708015276,3.8997973698407646,,
1720704600,146.33,147.74,146.15,147.35,141.67010487282164,144.00677412106398,141.67010487282164,144.00677412106398,0,0,0,0,0,149.74,143.90999999999997,151.87000000000003,141.77999999999997,146.04,143.77596119849022,142.17403880150982,,,,,7692935,0.72,0.7,0.4445756397980996,0.9921023588511796,0.12051496698330129,-46.95540437232222,-58.054146144035414,-58.054146144035414,-3.601624098721679,-3.601624098721679,190.40539610433967,-268.93220056638677,,,0.8143875127247973,2.2918193670234923,3.893632714781592,,
1720791000,147.85,148.885,147.74,148.27,142.56501261177758,145.0172492408468,142.56501261177758,145.0172492408468,0,0,0,0,0,149.74,143.90999999999997,151.87000000000003,141.77999999999997,146.04,144.35311573849881,142.7418842615012,,,,,6614662,0.72,0.7,0.8586633320216588,1.4282327830433024,0.2559677201389844,-22.046486016921342,-22.967783799822065,-22.967783799822065,47.20494088860464,47.20494088860464,190.40539610433967,-268.93220056638677,,,0.35745599244621373,2.2159619797851677,3.886567426625078,,
1721050200,148.84,148.98,147.53,147.75,142.57494745171408,145.11607868238224,142.57494745171408,145.11607868238224,0,0,0,0,0,149.74,143.90999999999997,151.87000000000003,141.77999999999997,146.04,144.3520467914993,142.8379532085007,,,,,5804116,0.74,0.7,0.7160411415271752,1.3018234300587936,0.32621681737920016,-30.78188613683388,11.435048260790062,11.435048260790062,80.24071238201431,80.24071238201431,190.40539610433967,-268.93220056638677,,,0.49908949888717136,2.1486336472009326,3.8797992389572697,,
1721136600,148.64,149.89,148.31,149.86,144.11231034601576,146.737090097391,144.11231034601576,146.737090097391,0,0,0,0,0,149.74,143.90999999999997,151.87000000000003,141.77999999999997,146.04,144.84361337662298,143.25638662337704,,,,,7602476,0.82,0.71,1.7301801053402002,1.2588268672605638,0.44586184866962797,-63.791492772875614,46.457156540710734,46.457156540710734,116.50137310055209,116.50137310055209,190.40539610433967,-268.93220056638677,,,1.0342986787668567,2.104934236674106,3.8741139231526933,,
1721223000,148.83,151.33,148.64,150.54,144.7740075737003,147.45217773187008,144.7740075737003,147.45217773187008,0,0,0,1,0,149.74,143.90999999999997,151.87000000000003,141.77999999999997,146.04,145.56961865155552,143.9703813484445,,,,,10395531,0.82,0.71,2.1952237130006123,1.2008451028195883,0.4504612765547028,-77.84280634100845,81.6135936485978,81.6135936485978,151.92646786437192,151.92646786437192,190.40539610433967,-268.93220056638677,,,1.2621230237810588,2.0718828165606533,3.8688951601169856,,
1721309400,149.58,150.56,146.86,147.12,144.77824891720937,147.43039821297322,144.77824891720937,147.43039821297322,0,0,0,0,0,149.74,143.90999999999997,151.87000000000003,141.77999999999997,146.04,145.68110029207412,143.85889970792593,,,,,11033367,0.71,0.7,1.2928748035328492,0.38394989483444864,0.07617931668945847,-150.76922491310975,100.69452247423715,100.69452247423715,138.85638012551584,138.85638012551584,190.40539610433967,-268.93220056638677,,,2.4445330144811868,2.086496549812439,3.866049281704127,,
1721395800,147.86,148.58,147.28,147.87,144.78331255573642,147.42577867520956,144.78331255573642,147.42577867520956,0,0,0,0,0,149.74,143.90999999999997,151.87000000000003,141.77999999999997,146.04,145.80216255586618,143.9728374441338,,,,,5985687,0.73,0.7,1.162153486415497,0.3995394157958106,0.16792457780254397,-133.56186772194005,103.75432265862548,103.75432265862548,109.87392302740214,109.87392302740214,190.40539610433967,-268.93220056638677,,,2.1655373986980146,2.0895961909452065,3.8626516555642545,,
1721655000,148.62,148.99,147.88,148.72,144.7895528902904,147.44463441343663,144.7895528902904,147.44463441343663,0,0,0,0,0,149.74,143.90999999999997,151.87000000000003,141.77999999999997,146.04,146.04885014629843,144.21114985370158,,,,,5190313,0.74,0.7,1.4986281659612952,0.467683862737702,0.1852941388223868,-108.97992887741137,90.19481017627236,90.19481017627236,99.23448516450777,99.23448516450777,190.40539610433967,-268.93220056638677,,,1.7669722332934747,2.0769442710372954,3.8584644838913857,,
1721741400,149.33,149.42,148.465,148.63,144.79693789950062,147.48546247565483,144.79693789950062,147.48546247565483,0,0,0,0,0,149.74,143.90999999999997,151.87000000000003,141.77999999999997,146.04,146.18380887682198,144.34619112317802,,,,,3553334,0.73,0.7,1.2315521656820825,0.4207801115076445,0.2395756431010284,-85.01253850399534,78.8637128973353,78.8637128973353,92.44422774211695,92.44422774211695,190.40539610433967,-268.93220056638677,,,1.3783711970240393,2.0495492485269717,3.8535092525489936,,
1721827800,148.71,150.055,148.21,149.87,144.80380375784327,147.51478943739383,144.80380375784327,147.51478943739383,0,0,0,0,0,149.74,143.90999999999997,151.87000000000003,141.77999999999997,146.04,146.16725638051904,144.36274361948094,,,,,6870395,0.74,0.7,1.1777695700299335,0.5530244659855574,0.4357452106840757,-95.45986251291994,89.9417707742025,89.9417707742025,91.6100754194788,91.6100754194788,190.40539610433967,-268.93220056638677,,,1.5477613923209672,2.029871293381638,3.848902363717369,,
1721914200,149.42,151.53,148.96,149.12,144.81213941467075,147.57208396926075,144.81213941467075,147.57208396926075,0,0,0,0,0,149.74,143.90999999999997,151.87000000000003,141.77999999999997,146.04,146.27138746213078,144.45861253786921,,,,,11472752,0.71,0.69,0.5884306088301023,0.5333326645881014,0.42237072137516685,-64.73243895725881,95.85868651092993,95.85868651092993,104.35590869383218,104.35590869383218,190.40539610433967,-268.93220056638677,,,1.0495549355652878,1.991427514643742,3.8433092619628195,,
1722000600,149.1,150.93,149.01,149.96,144.82055731793815,147.6290728332113,144.82055731793815,147.6290728332113,0,0,0,0,0,149.74,143.90999999999997,151.87000000000003,141.77999999999997,146.04,146.31464584200833,144.51535415799174,,,,,6028837,0.74,0.69,0.5566165522166823,0.7548093453589914,0.5777447676370631,-62.683944053548764,104.84643869964796,104.84643869964796,122.82194307708403,122.82194307708403,190.40539610433967,-268.93220056638677,,,1.0163411717815871,1.9531888345315005,3.8376609740703493,,
1722259800,149.98,150.56,149.26,150.05,144.8294529077125,147.69353272210498,144.8294529077125,147.69353272210498,0,0,0,0,0,149.74,143.90999999999997,151.87000000000003,141.77999999999997,146.04,146.44034181532547,144.63965818467457,,,,,8227400,0.75,0.7,0.7657315032872921,0.8018039191146044,0.4802693183073921,-52.10799904874827,115.59323447402475,115.59323447402475,137.08682602277833,137.08682602277833,187.4845105328361,-268.9322005663867,,,0.8502723528630272,1.9099372077994035,3.8316921656363685,,
1722346200,150.05,151.11,149.11,150.18,144.838034020784,147.74964124280675,144.838034020784,147.74964124280675,0,0,0,0,0,149.74,143.90999999999997,151.87000000000003,141.77999999999997,146.04,146.4393904666264,144.64060953337366,,,,,7269477,0.75,0.7,0.10557304483856159,0.8413968286608237,0.5359385015087308,-58.21440518727252,131.60708539410177,131.60708539410177,163.63478723425584,163.63478723425584,187.4845105328361,-268.9322005663867,,,0.9499136442141479,1.872289224913707,3.825934366392768,,
1722432600,150.12,150.66,149.05,149.63,144.84647930745575,147.80122001759864,144.84647930745575,147.80122001759864,0,0,0,0,0,149.74,143.90999999999997,151.87000000000003,141.77999999999997,146.04,146.4429564455266,144.63704355447345,,,,,8417891,0.74,0.7,-0.2990116445414288,0.7642820075745661,0.4517202831090773,-60.6569676426827,139.15695763565878,139.15695763565878,154.25670211877284,154.25670211877284,187.4845105328361,-268.9322005663867,,,0.989770160754604,1.8376806341623697,3.820267704643241,,
1722519000,150.4,151.33,149.49,151.16,145.4511497240563,148.45295051685179,145.4511497240563,148.45295051685179,0,0,0,0,0,155.93,146,160.33,141.6,150.4,146.5436527022407,144.7063472977593,,,,,10357711,0.74,0.69,1.342911394100591,1.0138963238954706,0.6411041940085626,-67.70580818365832,151.2862555236244,151.2862555236244,175.54485129955557,175.54485129955557,187.4845105328361,-268.9322005663867,,,1.1047896268854112,1.808939810347587,3.81484217401835,,
1722605400,151.39,151.77,148.62,150.86,145.45753184248977,148.46049755540662,145.45753184248977,148.46049755540662,0,0,0,0,0,155.93,146,160.33,141.6,150.4,146.856773711286,145.01322628871398,,,,,15742298,0.73,0.69,0.98830354530053,0.8596712294349045,0.6304172068627513,-102.97769627933704,161.58357177553322,161.58357177553322,182.1782042793509,182.1782042793509,187.4845105328361,-268.9322005663867,,,1.6803387139454828,1.8038966300965242,3.8105774318403824,,
1722864600,148.5,148.79,146.19,146.83,145.45909461603125,148.3734074551946,145.45909461603125,148.3734074551946,0,0,0,0,0,155.93,146,160.33,141.6,150.4,147.26210264660622,145.14789735339377,,,,,17575636,0.65,0.69,-0.5747801462176008,0.003557321037787522,0.1096290846264544,-201.49572854657742,129.83990783789574,129.83990783789574,151.00235046298738,151.00235046298738,187.4845105328361,-268.9322005663867,,,3.2879068536649902,1.8620931094521505,3.809533134980891,,
1722951000,147.42,149.38,146.95,147.51,145.46215756385138,148.31923853538305,145.46215756385138,148.31923853538305,0,0,0,0,0,155.93,146,160.33,141.6,150.4,147.2804124296686,145.16458757033143,,,,,13335705,0.66,0.68,-0.3406248312554807,0.07451955875132005,-0.020401570592597302,-170.68350446299652,78.10336479815766,78.10336479815766,126.7026885747108,126.7026885747108,187.4845105328361,-268.9322005663867,,,2.785128340830913,1.8982905695062195,3.8074863721554166,,
1723037400,147.41,148.12,145.54,146.01,145.4624253809066,148.21245271046607,145.4624253809066,148.21245271046607,0,0,0,0,0,155.93,146,160.33,141.6,150.4,147.2893484052891,145.15565159471095,,,,,11484999,0.67,0.68,-1.1534779842984495,-0.10933140773109258,-0.1738101790000067,-227.84828861806164,27.002138020215014,27.002138020215014,93.46917172321221,93.46917172321221,187.4845105328361,-268.9322005663867,,,3.7179147922730915,1.969648382163744,3.8073074079598475,,
1723123800,148.29,149.365,147.62,149.24,145.46680694857713,148.19060750613406,145.46680694857713,148.19060750613406,0,0,0,0,0,155.93,146,160.33,141.6,150.4,147.3568131116512,145.08818688834884,,,,,11479079,0.63,0.67,0.03446756265610341,0.5297475930419616,0.27000701988420944,-143.5200963893124,10.485063449134174,10.485063449134174,65.80780229851953,65.80780229851953,187.4845105328361,-268.9322005663867,,,2.3418893887271715,1.9842460686956431,3.8043794998295124,,
1723210200,149.5,150.36,149.18,149.98,145.4742654761524,148.2301836823641,145.4742654761524,148.2301836823641,0,0,0,0,0,155.93,146,160.33,141.6,150.4,147.35032900341767,145.09467099658235,,,,,8550467,0.65,0.67,0.00570980292336252,0.6964368880693469,0.5730449925551448,-80.27395221775078,21.35595574417644,21.35595574417644,50.990520113738505,50.990520113738505,187.4845105328361,-268.9322005663867,,,1.3098703360677362,1.9577999615337645,3.799395465536282,,
1723469400,150.34,150.34,148.98,149.41,145.48131349717906,148.2604431458008,145.48131349717906,148.2604431458008,0,0,0,0,0,155.93,146,160.33,141.6,150.4,147.35307963253243,145.09192036746762,,,,,5044497,0.62,0.68,-0.1829853661033707,0.6219912563710199,0.5341711706071716,-94.67604527340362,32.406208146787975,32.406208146787975,44.79574945808833,44.79574945808833,187.4845105328361,-268.9322005663867,,,1.442180471024085,1.9375795893569143,3.7946857452675262,,
1723555800,150,151.365,149.83,151.22,145.54766053385868,148.37908076377866,145.54766053385868,148.37908076377866,0,0,0,0,0,155.93,146,160.33,141.6,150.4,147.37167885761374,145.0733211423863,,,,,4815735,0.63,0.68,0.2935570094559746,1.0621917925551336,0.922771766138574,-60.34288428094686,47.20881937863603,47.20881937863603,52.03495921973142,52.03495921973142,187.4845105328361,-268.9322005663867,,,0.919190583256174,1.897642765588258,3.7889405001885823,,
1723642200,151.03,151.98,150.67,151.76,146.07662263045626,148.97842475121837,146.07662263045626,148.97842475121837,0,0,0,0,0,155.93,146,160.33,141.6,150.4,147.4768876635563,145.1781123364437,,,,,4837347,0.65,0.68,0.6029442199680088,1.246425147065349,0.8418779895980287,-47.15086651135902,59.42296770922726,59.42296770922726,83.85126437040972,83.85126437040972,187.4845105328361,-268.9322005663867,,,0.7182393252503977,1.851391650280891,3.7828052331057886,,
1723728600,152.46,152.95,151.75,152.71,147.00057292896273,149.98350604362014,147.00057292896273,149.98350604362014,0,0,0,0,0,155.93,146,160.33,141.6,150.4,147.94086803440152,145.68413196559848,,,,,5886933,0.67,0.68,0.43315687783920964,1.6015230934676012,0.9813991703634244,-41.269029333006465,79.2693860486086,79.2693860486086,118.96222272737128,118.96222272737128,187.4845105328361,-268.9322005663867,,,0.6286425250474807,1.8034407041933063,3.7765032097130646,,
1723815000,152.66,153.115,152.23,152.87,147.16474441251813,150.22283569183708,147.16474441251813,150.22283569183708,0,0,0,0,0,155.93,146,160.33,141.6,150.4,148.02348747000912,145.7665125299909,,,,,4562665,0.66,0.68,0.562992082807165,1.4291993209617797,0.9437893034976043,-27.48389031832499,100.58678472082491,100.58678472082491,143.22158206525754,143.22158206525754,187.4845105328361,-268.9322005663867,,,0.41865637469746503,1.7491354363699398,3.7697942250277188,,
1724074200,152.88,153.935,152.79,153.8,148.06950657459663,151.2019615429774,148.06950657459663,151.2019615429774,0,0,0,1,0,155.93,146,160.33,141.6,150.4,148.44071032240785,146.16928967759216,,,,,4729719,0.68,0.68,2.0020985661956923,1.6121089820304622,1.2123535898569349,-43.11074585594062,123.40609515939911,123.40609515939911,169.04471603654753,169.04471603654753,187.4845105328361,-268.9322005663867,,,0.6566970091027433,1.7062947137320106,3.763574250570326,,
1724160600,154.21,155.21,154.05,154.42,148.67716958051025,151.89941817637646,148.67716958051025,151.89941817637646,0,0,0,1,0,155.93,146,160.33,141.6,150.4,149.08333086773587,146.80166913226412,,,,,4878366,0.68,0.67,2.0028415336658463,1.6127280384249092,1.3553380005798472,-15.729636055440622,147.2453390505869,147.2453390505869,194.92382683296242,194.92382683296242,187.4845105328361,-268.9322005663867,,,0.23960626861803921,1.6487775198059724,3.75653335550149,,
1724247000,154.74,155.08,154.136,154.68,148.93791772566388,152.23306699860754,148.93791772566388,152.23306699860754,0,0,0,1,0,155.93,146,160.33,141.6,150.4,149.0833238504762,146.80167614952381,,,,,5530111,0.69,0.67,2.5384794185337607,1.410194796009342,1.6177599416030066,-23.08794263006194,168.96465969330234,168.96465969330234,212.40330097873323,212.40330097873323,187.4845105328361,-268.9322005663867,232.40330097873323,,0.3516938194983263,1.5979114923429274,3.7497304793056796,,
1724333400,155.2,155.35,153.9869,154.78,149.04411683216472,152.3967143185348,149.04411683216472,152.3967143185348,0,0,0,1,0,155.93,146,160.33,141.6,150.4,149.15374979893636,146.8712502010636,,,,,4951898,0.68,0.67,1.5989870871778755,1.2540027197447468,1.6726862269886513,-33.63826641453188,185.71159948667497,185.71159948667497,219.20547907342024,219.20547907342024,187.4845105328361,-268.9322005663867,239.20547907342024,,0.5124047034500644,1.5553425986608542,3.7432622959373365,,
1724419800,155.19,155.56,154.64,155.45,149.6991954900923,153.11881742789834,149.6991954900923,153.11881742789834,0,0,0,1,0,155.93,146,160.33,141.6,150.4,149.2392063646624,146.99579363533758,,,,,4069501,0.68,0.67,1.608836957466222,1.2332995878659174,1.7780993858305425,-34.206984495611806,201.69452326409626,201.69452326409626,233.66037081893884,233.66037081893884,187.4845105328361,-268.9322005663867,253.66037081893884,,0.5210678674815068,1.514782805281272,3.736824345031331,,
1724679000,155.6,156.08,155.22,155.37,149.71023066393826,153.20130694052978,149.71023066393826,153.20130694052978,0,0,0,1,1,155.93,146,160.33,141.6,150.4,149.49841328272825,147.25658671727174,,,,,4433688,0.66,0.67,1.7599680009851117,1.3137267169846583,1.7985076543752796,-9.713094362951042,220.1581451254079,220.1581451254079,257.08538884803124,257.08538884803124,187.4845105328361,-268.9322005663867,277.08538884803124,,0.14795754261819863,1.4611818145886024,3.7296537819895463,,
1724765400,155.52,156.04,155.06,155.61,149.87471485460068,153.42591429408313,149.87471485460068,153.42591429408313,0,0,0,1,1,155.93,146,160.33,141.6,150.4,149.46981685533385,147.28518314466615,,,,,3785444,0.68,0.67,1.31101476225795,1.0004002336759261,1.8682026393882802,-23.203082547406996,236.69537252684867,236.69537252684867,269.76982732973016,269.76982732973016,187.4845105328361,-268.9322005663867,289.76982732973016,,0.35344772186878176,1.4177412619329233,3.7229081155357586,,
1724851800,155.51,156.435,155.06,155.79,150.05810904266377,153.66079619761888,150.05810904266377,153.66079619761888,0,0,0,1,1,155.93,146,160.33,141.6,150.4,149.63481785605856,147.47518214394145,,,,,5150093,0.73,0.67,1.2072030196029997,0.9153334829444205,1.8365166335209746,-30.76123596329991,249.64892980797381,249.64892980797381,275.55604437022413,275.55604437022413,187.4845105328361,-268.9322005663867,295.55604437022413,,0.4685794980422298,1.3805192319764255,3.7164059604558513,,
1724938200,156.41,156.83,155.46,156.12,150.38613863820837,154.04433756908065,150.38613863820837,154.04433756908065,0,0,0,1,1,155.93,146,160.33,141.6,150.4,150.4556212813142,148.2843787186858,,,,,4339350,0.77,0.68,1.0167382066052544,1.6081716716008454,1.8106827755645516,-27.752741546517374,263.5940171656821,263.5940171656821,291.48419188109864,291.48419188109864,187.4845105328361,-268.9322005663867,311.48419188109864,,0.422751729438891,1.3429597220729927,3.7098252327215517,,
1725024600,156.23,157.28,155.55,157.2,151.4347449686646,155.12788144201724,151.4347449686646,155.12788144201724,0,0,0,1,0,155.93,146,160.33,141.6,150.4,151.07199457366036,148.93800542633963,,,,,7020703,0.79,0.67,1.2858602533821217,1.6537470595300283,1.7027929727963007,-68.90518464125724,277.35836809559027,277.35836809559027,304.8870699554066,304.8870699554066,187.4845105328361,-268.9322005663867,324.8870699554066,,1.0496183206106726,1.3314561377019214,3.7045101339960556,,
1725370200,156.88,157.84,156.47,156.9,151.44482000369226,155.1807998168401,151.44482000369226,155.1807998168401,0,0,0,1,1,163.15,151.01,169.02,145.14,156.88,151.3504157149455,149.21958428505448,,,,,7674912,0.73,0.67,0.9298550246524707,1.4649850182860569,1.7510772633060923,-30.485324114010766,286.3578386465265,286.3578386465265,304.356779748399,304.356779748399,187.4845105328361,-268.9322005663867,324.356779748399,,0.46437659033078227,1.2974530181971708,3.698036340702019,,
1725456600,156.69,159.64,155.86,156.63,151.4536683153732,155.20796060833655,151.4536683153732,155.20796060833655,0,0,0,0,1,163.15,151.01,169.02,145.14,156.88,152.25782657674156,150.11217342325844,,,,,8235494,0.7,0.67,0.6615646741671428,1.4365027549980818,1.8401743808544564,-55.95936207229349,288.8208965618235,288.8208965618235,293.7470123924175,293.7470123924175,187.4845105328361,-268.9322005663867,313.7470123924175,,0.8524173027989664,1.2800006372011627,3.6923507881787363,,
1725543000,156.46,156.55,153.73,154.48,151.4582857612965,155.15136215310767,151.4582857612965,155.15136215310767,0,0,0,0,0,163.15,151.01,169.02,145.14,156.88,152.292692137251,150.077307862749,,,,,7245564,0.7,0.68,-0.05999997019213697,0.8241016678528865,1.6047102630860453,-144.90969133646416,225.6418630128645,225.6418630128645,267.7612187121705,267.7612187121705,187.4845105328361,-268.9322005663867,287.7612187121705,,2.2073791348600507,1.31636842142308,3.6893838118484292,,
1725629400,155.02,155.66,153.63,153.95,151.46269617935587,155.0931008922015,151.46269617935587,155.0931008922015,0,0,0,0,0,163.15,151.01,169.02,145.14,156.88,152.2947614940185,150.07523850598147,,,,,7652025,0.72,0.68,-0.2485511672061744,0.8667685906462869,1.487469597554261,-149.0857631329038,149.45116756562422,149.45116756562422,228.32453499665507,228.32453499665507,187.4845105328361,-268.9322005663867,,,2.2709923664122096,1.3538046545599085,3.6865498629064986,,
1725888600,154.34,155.52,153.75,155.03,151.46733514802847,155.04178321015436,151.46733514802847,155.04178321015436,0,0,0,0,0,163.15,151.01,169.02,145.14,156.88,152.30088143605596,150.06911856394404,,,,,6169412,0.71,0.68,-0.12477095547000369,0.9014192681703017,1.6125028527362595,-144.07447697717572,91.60001394385638,91.60001394385638,182.74969464572217,182.74969464572217,187.4845105328361,-268.9322005663867,,,2.194656488549611,1.3867792362849949,3.6835690569637274,,
1725975000,155.24,155.85,154.66,155.74,151.47376484803243,155.02780739799147,151.47376484803243,155.02780739799147,0,0,0,0,0,163.15,151.01,169.02,145.14,156.88,152.301808799083,150.068191200917,,,,,7337319,0.7,0.67,0.10993623419186295,1.0106992357370108,1.6594367570442732,-106.07222362957286,59.51902356101597,59.51902356101597,141.67280428415344,141.67280428415344,187.4845105328361,-268.9322005663867,,,1.6157760814249313,1.3957595047218552,3.6794376024671465,,
1726061400,155.18,155.46,152.85,155.28,151.4766014817027,154.94410906865846,151.4766014817027,154.94410906865846,0,0,0,0,0,163.15,151.01,169.02,145.14,156.88,152.30005615908053,150.06994384091948,,,,,6636620,0.72,0.67,-0.0977380804418635,0.9036178823307857,1.618502334879633,-181.65912314513497,15.291261401207102,15.291261401207102,99.54562332317133,99.54562332317133,187.4845105328361,-268.9322005663867,,,2.7671755725190805,1.449540526988413,3.677614901108609,,
1726147800,155.24,155.98,153.79,155.84,151.48129178843254,154.90018714439734,151.48129178843254,154.90018714439734,0,0,0,0,0,163.15,151.01,169.02,145.14,156.88,152.29960070424067,150.07039929575933,,,,,4838262,0.71,0.67,0.014792872847274126,1.1044203342295063,1.637519029078075,-142.4040482586001,2.038740883595633,2.038740883595633,67.0433291766461,67.0433291766461,187.4845105328361,-268.9322005663867,,,2.1692111959287512,1.477762906162544,3.6746011074918656,,
1726234200,155.91,156.64,155.7,156.16,151.48975074589822,154.9321405897151,151.48975074589822,154.9321405897151,0,0,0,0,0,163.15,151.01,169.02,145.14,156.88,152.29919098214933,150.07080901785068,,,,,4358649,0.7,0.67,0.011817116339621722,0.8808106481487673,1.6048178851617265,-46.93201768683098,23.387052243036127,23.387052243036127,52.49123686544277,52.49123686544277,187.48451053283614,-154.4725279155134,,,0.9541984732824428,1.4572309676182262,3.6691657375933455,,
1726493400,156.98,157.59,156.67,157.24,151.53858227623365,155.0383924075754,151.53858227623365,155.0383924075754,0,0,0,0,0,163.15,151.01,169.02,145.14,156.88,152.30422551842486,150.06577448157515,,,,,4711902,0.68,0.66,0.011873959796015911,1.1393943786390315,1.6005484826528633,-17.829629919490216,54.88714057935869,54.88714057935869,59.67894800719053,59.67894800719053,187.48451053283614,-154.4725279155134,,,0.36250317985246855,1.414300466137216,3.662559019196261,,
1726579800,157.05,157.09,155.075,155.62,151.54569130265477,155.04067701904302,151.54569130265477,155.04067701904302,0,0,0,0,0,163.15,151.01,169.02,145.14,156.88,152.32462626607693,150.04537373392307,,,,,6279990,0.69,0.67,-0.37614849110623894,1.5936235789979243,1.4646597910780574,-67.72131364157056,58.29782345987589,58.29782345987589,65.11918922091029,65.11918922091029,187.48451053283614,-154.4725279155134,,,1.3768761129483722,1.4128328444435359,3.657992220182779,,
1726666200,155.49,156.98,154.76,155.36,151.5521630483038,155.03064262613938,151.5521630483038,155.03064262613938,0,0,0,0,0,163.15,151.01,169.02,145.14,156.88,152.3257653212806,150.0442346787194,,,,,7148920,0.7,0.68,-0.37594508171486457,1.4245680535569811,1.3006950792016063,-77.57453017602525,51.24322165037194,51.24322165037194,55.946289523374574,55.946289523374574,187.48451053283614,-154.4725279155134,,,1.5772068176036749,1.4192788826066784,3.6538348067910125,,
1726752600,156.76,156.76,155.51,155.92,151.5601053798756,155.05011938589863,151.5601053798756,155.05011938589863,0,0,0,0,0,163.15,151.01,169.02,145.14,156.88,152.3260092992491,150.0439907007509,,,,,6717643,0.69,0.68,0.4319367789827899,1.8157680924552648,1.3263177457757078,-54.114490808275846,43.6200606068915,43.6200606068915,51.83754655121355,51.83754655121355,187.48451053283614,-154.4725279155134,,,1.1002289493767605,1.4067671205192307,3.6487326971857894,,
1726839000,155.41,155.98,154.895,155.28,151.5668153591366,155.04495588056926,151.5668153591366,155.04495588056926,0,0,0,0,0,163.15,151.01,169.02,145.14,156.88,152.32952673044068,150.04047326955933,,,,,8541635,0.7,0.68,0.3993946826487165,1.0802428532293855,1.2708470003665349,-73.35172308982973,22.08845071699454,22.08845071699454,41.92118127314055,41.92118127314055,187.48451053283614,-154.4725279155134,,,1.4913508013228178,1.4100841276095675,3.644422243847402,,
1727098200,155.19,155.21,154.12,154.4,151.57197896481267,155.00990663035086,151.57197896481267,155.00990663035086,0,0,0,0,0,163.15,151.01,169.02,145.14,156.88,152.33604901683105,150.03395098316895,,,,,6416424,0.72,0.68,-0.18704007593545205,0.7831377526018487,1.1011988300484175,-97.59376376983762,-24.01599893127673,-24.01599893127673,19.942121205001456,19.942121205001456,187.48451053283614,-154.4725279155134,,,1.9842279318239662,1.432599570912093,3.6411051722949077,,
1727184600,154.33,154.39,153.36,154.09,151.57562895689097,154.94672597818024,151.57562895689097,154.94672597818024,0,0,0,0,0,163.15,151.01,169.02,145.14,156.88,152.3348632729642,150.0351367270358,,,,,5341811,0.71,0.68,-0.4872138300590892,0.8316515356813127,0.8272641602605345,-121.36660366249005,-68.78665728823056,-68.78665728823056,-9.634138292742549,-9.634138292742549,187.48451053283614,-154.4725279155134,,,2.4675655049605667,1.473186470286543,3.638760437694839,,
1727271000,154.56,154.78,152.525,152.59,151.57762000792613,154.85360535158492,151.57762000792613,154.85360535158492,0,0,0,0,0,163.15,151.01,169.02,145.14,156.88,152.34932882371945,150.02067117628056,,,,,5940096,0.73,0.68,-0.7875159953087618,0.23777891006395704,0.6807115590820743,-166.09022954905208,-106.6842354650675,-106.6842354650675,-41.98417068351753,-41.98417068351753,178.7952044994801,-206.29853849447022,,,2.9986008649198697,1.5330066426251048,3.6374813975893945,,
1727357400,152.49,153.29,152.23,153.1,151.57902356435386,154.75268357309142,151.57902356435386,154.75268357309142,0,0,0,0,0,163.15,151.01,169.02,145.14,156.88,152.34951201891033,150.02048798108964,,,,,6173093,0.71,0.68,-0.7989818538226052,0.23166058341091703,0.7029748728344691,-165.07117092118338,-134.17729470795058,-134.17729470795058,-72.71521202499521,-72.71521202499521,153.89637869536094,-206.2985384944702,,,3.1862121597557995,1.5978382315321908,3.6365797607505663,,
1727443800,153.3,154.2,153.01,153.02,151.58196717361588,154.68600186434273,151.58196717361588,154.68600186434273,0,0,0,0,0,163.15,151.01,169.02,145.14,156.88,152.34937698920655,150.02062301079346,,,,,7312567,0.7,0.67,-0.9145442171317416,0.05330628900285523,0.7289669888680457,-139.3714676639932,-144.63234666165417,-144.63234666165417,-96.68759023721486,-96.68759023721486,153.89637869536094,-206.2985384944702,,,2.6901551767998075,1.6406741901701365,3.6346888025408743,,
1727703000,152.81,154.06,152.58,154.02,151.5840543520902,154.6052410069175,151.5840543520902,154.6052410069175,0,0,0,0,0,163.15,151.01,169.02,145.14,156.88,152.34773515109532,150.02226484890468,,,,,7235028,0.7,0.67,-0.9336225647710159,0.19801288460511707,0.8073881898372348,-153.5392527929563,-133.00543522479742,-133.00543522479742,-108.79353856640905,-108.79353856640905,153.89637869536094,-206.2985384944702,,,2.9636224879165582,1.692554515571957,3.6333480107034632,,
1727789400,154.14,154.355,152.63,153.21,151.5862362614766,154.52958841841095,151.5862362614766,154.52958841841095,0,0,0,0,0,157.84499999999997,148.52499999999998,161.54999999999998,144.82,154.14,152.35045416291882,150.01954583708118,,,,,10560380,0.69,0.68,-0.7046720026037071,-0.10077909036024756,0.6936200921172294,-151.89183591749597,-131.94369264796268,-131.94369264796268,-116.5102565935936,-116.5102565935936,153.89637869536094,-206.2985384944702,,,2.9318239633681085,1.7411533174463159,3.6319463642552408,,
1727875800,153.02,153.38,151.87,152.9,151.58691051470043,154.42739671572818,151.58691051470043,154.42739671572818,0,0,0,0,0,157.84499999999997,148.52499999999998,161.54999999999998,144.82,154.14,152.41579607203718,150.10420392796277,,,,,7158480,0.69,0.67,-0.7245755520936903,-0.2600561892765768,0.8410367051565609,-176.9325724245014,-153.4924277684398,-153.4924277684398,-128.837646985209,-128.837646985209,153.89637869536094,-206.2985384944702,,,3.4151615365047086,1.8068006985858607,3.6315132277362587,,
1727962200,152.52,152.66,151.24,151.52,151.58633726691883,154.30475370726825,151.58633726691883,154.30475370726825,0,0,0,0,0,157.84499999999997,148.52499999999998,161.54999999999998,144.82,154.14,152.83720752607346,150.50279247392652,,,,,5550985,0.69,0.67,-1.2792029490858179,-0.5346639387902202,0.7428452572738091,-192.61760277531076,-179.93957871716748,-179.93957871716748,-145.87162422919516,-145.87162422919516,153.89637869536094,-206.2985384944702,,,3.8158229458153143,1.8855858847517215,3.631881478921232,,
1728048600,151.75,152.02,150.88,151.64,151.58505307657532,154.1729437579636,151.58505307657532,154.1729437579636,0,1,0,0,0,157.84499999999997,148.52499999999998,161.54999999999998,144.82,154.14,152.83665074089768,150.50334925910227,,,,,6591450,0.71,0.67,-1.062867053684333,-0.531064489163899,0.9502362870886762,-192.61760277531076,-193.18871558199044,-193.18871558199044,-161.64398801346024,-161.64398801346024,153.89637869536094,-206.2985384944702,,,4.044772322564241,1.9702598627051537,3.6327064356517873,,
1728307800,151.65,152.11,150.685,150.97,151.58338573776098,154.03873223804345,151.58338573776098,154.03873223804345,0,1,0,0,0,157.84499999999997,148.52499999999998,161.54999999999998,144.82,154.14,153.38733574774417,151.04266425225578,,,,,5922859,0.71,0.67,-1.0061457976963402,-0.7535997641420326,1.0035566852161886,-192.61760277531076,-199.20593241598357,-199.20593241598357,-174.1646361476347,-174.1646361476347,153.89637869536094,-206.2985384944702,,,4.1687865683032355,2.05647659625802,3.6337775248279143,,
1728394200,151.37,152.03,151.24,151.79,151.58281953249073,153.93133097380647,151.58281953249073,153.93133097380647,0,1,0,0,0,157.84499999999997,148.52499999999998,161.54999999999998,144.82,154.14,153.75666248820428,151.4233375117957,,,,,4726590,0.71,0.67,-0.6890723874055036,-0.614139031618298,1.103897282898988,-176.30901855863664,-187.03778625092414,-187.03778625092414,-178.4556861820645,-178.4556861820645,153.89637869536094,-206.2985384944702,,,3.8158229458153143,2.125470570750463,3.6341412519427743,,
1728480600,151.93,153.46,151.57,153.34,151.5829072057525,153.84095328855915,151.5829072057525,153.84095328855915,0,0,0,0,0,157.84499999999997,148.52499999999998,161.54999999999998,144.82,154.14,153.7645856346867,151.41541436531324,,,,,7840031,0.7,0.66,0.22470101337117235,-0.3850326583408048,1.022277616504001,-166.61202253791208,-163.8237558203246,-163.8237558203246,-134.55989509684483,-134.55989509684483,153.89637869536094,-206.2985384944702,,,3.605952683795482,2.18352869283066,3.6340849311272954,,
1728567000,153.34,153.46,152.395,152.77,151.58462657197478,153.7861492380274,151.58462657197478,153.7861492380274,0,0,0,0,0,157.84499999999997,148.52499999999998,161.54999999999998,144.82,154.14,153.7624033884381,151.41759661156186,,,,,4385633,0.7,0.66,-0.0983788546314309,-0.5108221858354307,0.8473800915046755,-142.36953248609905,-137.03045180578906,-137.03045180578906,-83.44384377671796,-83.44384377671796,153.89637869536094,-206.2985384944702,,,3.0812770287458653,2.218734509925374,3.632980419833826,,
1728653400,153.25,154.07,153.03,153.89,151.58759854685593,153.75814730712437,151.58759854685593,153.75814730712437,0,0,0,0,0,157.84499999999997,148.52499999999998,161.54999999999998,144.82,154.14,153.76694779815014,151.41305220184984,,,,,9354102,0.7,0.66,0.25843044776978574,-0.37485069306341806,0.914530683816432,-123.71016135531026,-101.54982036112278,-101.54982036112278,-30.58855747179023,-30.58855747179023,153.89637869536094,-206.2985384944702,,,2.677435766980417,2.2367227945157677,3.6310712397082447,,
1728912600,154.06,155.015,153.53,154.74,151.59155359471436,153.75065525586461,151.59155359471436,153.75065525586461,0,0,0,0,0,157.84499999999997,148.52499999999998,161.54999999999998,144.82,154.14,153.74143798039407,151.43856201960588,,,,,4819781,0.7,0.67,0.2119767146659558,-0.4096893906705632,0.9279120705581546,-109.01774314209054,-60.26547782425777,-60.26547782425777,22.303207249472244,22.303207249472244,153.89637869536094,-206.2985384944702,,,2.3594505214958073,2.2415356465542007,3.6285305389725555,,
1728999000,152.67,154.585,152.51,152.85,151.59348315796169,153.70385701053658,151.59348315796169,153.70385701053658,0,0,0,0,0,157.84499999999997,148.52499999999998,161.54999999999998,144.82,154.14,153.76418663592827,151.41581336407168,,,,,9088576,0.7,0.68,-0.10483245621985327,-0.6648930991661979,0.6690055963399483,-138.99027629705907,-27.449795468357166,-27.449795468357166,38.181569243444045,38.181569243444045,153.89637869536094,-206.2985384944702,,,3.0081404222844172,2.271598578935778,3.627290998279872,,
1729085400,152.65,153.6059,152.24,153.28,151.59487480000374,153.64841163757436,151.59487480000374,153.64841163757436,0,0,0,0,0,157.84499999999997,148.52499999999998,161.54999999999998,144.82,154.14,153.67533306703794,151.504666932962,,,,,4510189,0.71,0.68,0.11229302655810262,-0.5579379569185035,0.7045566695602501,-109.05166611898014,-6.645287803188424,-6.645287803188424,34.96372752714907,34.96372752714907,153.89637869536094,-206.2985384944702,,,3.1798524548460954,2.3072163779910846,3.6263970151761082,,
1729171800,152.77,153.02,152.29,152.39,151.59636256264108,153.5970817694342,151.59636256264108,153.5970817694342,0,0,0,0,0,157.84499999999997,148.52499999999998,161.54999999999998,144.82,154.14,153.67879572298833,151.50120427701162,,,,,5430044,0.72,0.68,0.2587722296680819,-0.3520317016131463,0.5540101411397977,-107.56998587279885,-0.015490318527041858,-0.015490318527041858,13.244104650795723,13.244104650795723,153.89637869536094,-206.2985384944702,,,3.148053930297645,2.340190399650165,3.6254412847367905,,
1729258200,152.5,153.495,152.06,153.13,151.59739240767078,153.5388354255348,151.59739240767078,153.5388354255348,0,0,0,0,0,157.84499999999997,148.52499999999998,161.54999999999998,144.82,154.14,153.67734336634038,151.50265663365957,,,,,9823968,0.71,0.67,0.4495125255085335,-0.14068339389036796,0.7053656689767492,-114.38571500523483,0.24229155389274776,0.24229155389274776,0.757855298732327,0.757855298732327,153.89637869536094,-206.2985384944702,,,3.2943271432205585,2.3776075268490042,3.6247797180204744,,
1729517400,152.73,153.14,151.18,151.33,151.59667953572736,153.44870854610207,151.59667953572736,153.44870854610207,0,0,0,0,0,157.84499999999997,148.52499999999998,161.54999999999998,144.82,154.14,153.70218774070585,151.4778122592941,,,,,4825870,0.73,0.68,0.10815039582129327,-0.6249447402144086,0.546546822864444,-121.99854383528245,-39.64068377381962,-39.64068377381962,-13.052033555344707,-13.052033555344707,153.89637869536094,-206.2985384944702,,,3.8539811752734687,2.4355045326695715,3.6252376629900107,,
1729603800,150.53,151.39,150.4,151.11,151.5944252309607,153.33183370115688,151.5944252309607,153.33183370115688,0,0,0,0,0,157.84499999999997,148.52499999999998,161.54999999999998,144.82,154.14,153.69169669650546,151.48830330349446,,,,,5166889,0.74,0.69,-0.20308595519583983,-0.7780980582352682,0.5363867741481644,-129.59058478653935,-82.81239353234957,-82.81239353234957,-36.305486881012996,-36.305486881012996,153.89637869536094,-206.2985384944702,,,4.35003815822946,2.5105842826915277,3.626685815827652,,
1729690200,150.7,150.93,149.6,150.4,151.590593012717,153.18848335993505,151.590593012717,153.18848335993505,0,0,0,0,0,157.84499999999997,148.52499999999998,161.54999999999998,144.82,154.14,153.69118155301956,151.4888184469804,,,,,4910436,0.75,0.69,-0.8846983315769757,-0.8372342936727426,0.47656787346520785,-153.4782501849801,-119.35204461518202,-119.35204461518202,-63.98767279240267,-63.98767279240267,153.89637869536094,-206.2985384944702,,,4.858814551004842,2.6026717441940104,3.6291476115023316,,
1729776600,150.4,151.005,149.37,149.41,151.58631350619808,153.0418251889572,151.58631350619808,153.0418251889572,0,0,0,0,0,157.84499999999997,148.52499999999998,161.54999999999998,144.82,154.14,153.69336219096408,151.48663780903587,,,,,5066266,0.75,0.68,-1.0143030042200372,-1.0985957613437014,0.3881897931440908,-160.3459539870314,-144.83199245679342,-144.83199245679342,-90.93577934719958,-90.93577934719958,153.89637869536094,-206.2985384944702,,,5.005087763927756,2.6968841371247456,3.631896742676009,,
1729863000,149.92,150,148.42,148.59,151.58016342926263,152.86403596586084,151.58016342926263,152.86403596586084,0,0,0,0,0,157.84499999999997,148.52499999999998,161.54999999999998,144.82,154.14,153.69814575477122,151.48185424522873,,,,,5314527,0.76,0.68,-1.5837984456508578,-1.2870632629368113,0.280484991896672,-185.60671092908953,-170.66399602902294,-170.66399602902294,-117.51185157447404,-117.51185157447404,147.96826314605673,-206.2985384944702,,,5.609259730348525,2.8110949447021487,3.635847517876154,,
1730122200,149.01,149.49,148.62,148.81,151.5744212445888,152.70098357504278,151.5744212445888,152.70098357504278,0,1,0,0,0,157.84499999999997,148.52499999999998,161.54999999999998,144.82,154.14,153.6984164324529,151.48158356754706,,,,,4923484,0.76,0.68,-1.7655022114930696,-1.4260018113731854,0.25279639487766975,-179.73308083639634,-187.16670495473306,-187.16670495473306,-140.7301360345604,-140.7301360345604,147.96826314605673,-206.2985384944702,,,5.482065632154671,2.9158388932296986,3.63953626535723,,
1730208600,148.71,149.32,148.33,148.4,151.56811690643775,152.53306657209993,151.56811690643775,152.53306657209993,0,1,0,0,0,157.84499999999997,148.52499999999998,161.54999999999998,144.82,154.14,153.697482781237,151.48251721876295,,,,,7342579,0.77,0.68,-1.3413738924537568,-1.2341457176476318,0.1663318861489925,-184.14434773805738,-201.1616646988153,-201.1616646988153,-160.87397892264536,-160.87397892264536,140.24214150838318,-206.29853849447017,,,5.666497074535739,3.02370784151621,3.6435861371038403,,
1730295000,146.14,148.17,145.62,148.12,151.55646472480652,152.26652278495874,151.55646472480652,152.26652278495874,0,1,0,0,0,157.84499999999997,148.52499999999998,161.54999999999998,144.82,154.14,153.67975426099724,151.5002457390027,,,,,9211829,0.77,0.68,-1.5504882230814667,-1.2392045182514655,0.1075070844139198,-185.1008162357429,-223.24885556096893,-223.24885556096893,-181.66560446875323,-181.66560446875323,139.83998786636906,-206.29853849447022,,,7.389977105062327,3.1949340871454694,3.651071433743118,,
1730381400,147.24,147.93,146.84,146.87,151.54724901107062,152.05779640123487,151.54724901107062,152.05779640123487,0,1,1,0,0,157.84499999999997,148.52499999999998,161.54999999999998,144.82,154.14,153.6903895464229,151.48961045357706,,,,,6701204,0.79,0.68,-1.6579177655245116,-1.5337921204719402,0.02497166666056905,-160.3395228357861,-240.74173460278823,-240.74173460278823,-201.3576478467649,-201.3576478467649,139.83998786636906,-206.29853849447022,,-260.74173460278826,6.614093106079881,3.329018754554662,3.6569915569645697,,
1730467800,147.44,148.47,147.43,147.74,151.53921874331624,151.88016124824526,151.53921874331624,151.88016124824526,0,0,0,0,0,152.1375,140.9225,156.83499999999998,136.22500000000002,147.44,153.568150974361,151.61184902563892,,,,,6896929,0.78,0.67,-1.6082718549095234,-1.2809322948957786,0.16990939286555173,-148.36479897842986,-230.14518473539903,-230.14518473539903,-210.9534934763096,-210.9534934763096,139.83998786636906,-206.29853849447022,,-250.14518473539903,6.238870516408039,3.4431305883528336,3.662150156284137,,
1730730600,147.38,148.09,146.48,146.77,151.52932539917376,151.67260982674546,151.52932539917376,151.67260982674546,0,0,0,0,0,152.1375,140.9225,156.83499999999998,136.22500000000002,147.44,153.5723448620027,151.60765513799726,,,,,5985990,0.78,0.67,-1.3711619625412275,-1.2982716121582725,0.09358456330590054,-167.64613400298674,-227.5696219145093,-227.5696219145093,-216.4922029557095,-216.4922029557095,139.83998786636906,-206.29853849447022,,-247.5696219145093,6.843042482828808,3.5764604665675774,3.6685055855080027,,
1730817000,146.48,147.89,145.94,147.85,151.5183836900845,151.45223297079465,151.5183836900845,151.45223297079465,0,0,0,0,0,152.1375,140.9225,156.83499999999998,136.22500000000002,147.44,153.60261616911697,151.65738383088305,,,,,5035268,0.78,0.67,-0.9764848101125886,-1.058255671341002,0.21738550076140586,-178.60605075378714,-219.50207183474137,-219.50207183474137,-217.49549258205346,-217.49549258205346,139.83998786636906,-206.29853849447022,,-239.50207183474137,7.186466547952182,3.7180293325042286,3.675534478539859,,
1730903400,150.67,150.91,147.35,148.04,151.51025285354086,151.29523952095957,151.51025285354086,151.29523952095957,0,0,0,0,0,152.1375,140.9225,156.83499999999998,136.22500000000002,147.44,153.5075505917634,151.75244940823663,,,,,10685862,0.79,0.66,-0.710167311173289,-0.7791502377389364,0.3237258302346574,-149.98849034891907,-200.50736035783345,-200.50736035783345,-166.5310959093934,-166.5310959093934,139.83998786636906,-206.29853849447022,,-220.50736035783345,6.289748155685586,3.81888105106036,3.6807576826900004,,
1730989800,148.93,149.29,148.21,149.11,151.50383936132602,151.17779091229448,151.50383936132602,151.17779091229448,0,0,0,0,0,152.1375,140.9225,156.83499999999998,136.22500000000002,147.44,153.51340878708868,151.7465912129113,,,,,9381574,0.8,0.66,-0.09043323933980242,-0.6776782953643781,0.48968743201579407,-132.53380811616236,-168.33891484009098,-168.33891484009098,-104.00202380460607,-104.00202380460607,139.83998786636906,-206.29853849447022,,,5.742813533452048,3.8943293837031714,3.684877674399815,,
1731076200,149.31,150.945,149.14,150.18,151.49927824372097,151.10105401377314,151.49927824372097,151.10105401377314,0,0,0,0,0,152.1375,140.9225,156.83499999999998,136.22500000000002,147.44,153.52106604198255,151.7389339580174,,,,,8701068,0.82,0.66,0.479685846398074,-0.48035119759910105,0.7174148398180508,-113.65839593422852,-125.59661141895485,-125.59661141895485,-40.112004576682594,-40.112004576682594,139.83998786636906,-206.29853849447022,,,5.151360976850689,3.943624740297192,3.687807710968148,,
1731335400,149.85,150.6,149.08,149.3,151.49460755791932,151.02499699362517,151.49460755791932,151.02499699362517,0,0,0,0,0,152.1375,140.9225,156.83499999999998,136.22500000000002,147.44,153.49738091458093,151.76261908541906,,,,,6072124,0.81,0.65,0.14718974144493147,-0.7908931813180158,0.5045496572514405,-114.87616446209469,-82.51138261562242,-82.51138261562242,3.6590749910424165,3.6590749910424165,139.83998786636906,-206.29853849447022,,,5.189519206308825,3.992483346807452,3.6908081335362612,,
1731421800,149.06,149.31,147.185,147.22,151.4861978525089,150.878352013483,151.4861978525089,150.878352013483,0,0,0,0,0,152.1375,140.9225,156.83499999999998,136.22500000000002,147.44,153.5333152505191,151.72668474948088,,,,,7022700,0.73,0.66,-0.348846768562039,-0.9902974949606796,0.30109668272514295,-153.33735380055245,-55.77571935473922,-55.77571935473922,-2.304392832972818,-2.304392832972818,139.83998786636906,-206.29853849447022,,,6.394683286695502,4.086687266018748,3.6962104814946213,,
1731508200,147.16,147.6,146.675,146.83,151.47679615849788,150.71765781687583,151.47679615849788,150.71765781687583,0,0,0,0,0,152.1375,140.9225,156.83499999999998,136.22500000000002,147.44,153.5247320925086,151.7352679074914,,,,,5981289,0.73,0.66,-0.3819526386820401,-1.0052037174546908,0.1896059154358305,-135.33290935149762,-45.88684499185303,-45.88684499185303,-26.10909626608064,-26.10909626608064,139.83998786636906,-206.29853849447022,,,6.7190282370897965,4.189916323707808,3.7022500774098965,,
1731594600,146.58,146.59,144.36,144.52,151.46283412821117,150.4733888828807,151.46283412821117,150.4733888828807,0,0,0,0,0,152.1375,140.9225,156.83499999999998,136.22500000000002,147.44,152.936149393698,151.063850606302,,,,,7936741,0.7,0.67,-0.686300937756275,-1.144055981020489,-0.17588442480182795,-194.37732741178496,-58.71368275596184,-58.71368275596184,-50.1624575798893,-50.1624575798893,139.83998786636903,-228.2890673255156,,,8.191299923683538,4.346833327628425,3.7112192079718818,,
1731681000,143.72,143.85,141.57,141.84,151.44338131277019,150.1303814757089,151.44338131277019,150.1303814757089,0,0,0,0,0,152.1375,140.9225,156.83499999999998,136.22500000000002,147.44,151.5816487814968,149.62835121850318,,,,,14246068,0.74,0.68,-1.6638089444557884,-1.5545375263003194,-0.5193136543457867,-221.5560225486755,-95.12153306266771,-95.12153306266771,-65.14881607414877,-65.14881607414877,139.83998786636903,-274.46977429965415,,,9.965657593487672,4.567179377269964,3.7237155883625226,,
1731940200,141.47,142.09,141.31,141.94,151.42345307837905,149.79073122175953,151.42345307837905,149.79073122175953,0,0,0,0,0,152.1375,140.9225,156.83499999999998,136.22500000000002,147.44,151.4463034491509,149.50369655084913,,,,,7933235,0.72,0.68,-1.3711881495207745,-1.4388770397937014,-0.5929476912927089,-221.5560225486755,-123.30289628081123,-123.30289628081123,-84.53350947636959,-84.53350947636959,139.83998786636903,-274.46977429965415,,,10.131009921139663,4.785368810362893,3.736517375241198,,
1732026600,140.65,141.61,140.26,141.21,151.4014877375631,149.42363587972974,151.4014877375631,149.42363587972974,0,0,0,0,0,152.1375,140.9225,156.83499999999998,136.22500000000002,147.44,150.918784371778,148.98121562822195,,,,,6205830,0.72,0.68,-1.8674573528168164,-1.6733462757559863,-0.6135259635072751,-209.96599034134664,-143.3744095921734,-143.3744095921734,-104.14714284830418,-104.14714284830418,139.83998786636903,-274.46977429965415,,,10.79877893665735,5.021188815315617,3.7506277879513203,,
1732113000,141.51,143.08,141.28,142.88,151.38158386595958,149.11053643346585,151.38158386595958,149.11053643346585,0,0,0,0,0,152.1375,140.9225,156.83499999999998,136.22500000000002,147.44,150.9492487482017,148.95075125179827,,,,,9328841,0.73,0.68,-1.4351324257312434,-1.6215746638884156,-0.6392486088008908,-186.71821123471867,-143.76446107088708,-143.76446107088708,-117.35291558916515,-117.35291558916515,139.83998786636903,-274.46977429965415,,,10.15008903586874,5.222322157298093,3.763413924310796,,
1732199400,142.88,144.23,142.14,144.03,151.36342086123238,148.84310363215346,151.36342086123238,148.84310363215346,0,0,0,0,0,152.1375,140.9225,156.83499999999998,136.22500000000002,147.44,150.95898422251562,148.94101577748432,,,,,7969570,0.74,0.68,-1.3965214068320848,-1.3539523544994982,-0.5908788938964448,-157.6371509216138,-117.1309216954236,-117.1309216954236,-116.68693390794047,-116.68693390794047,139.83998786636903,-274.46977429965415,,,9.603154413635222,5.394119500683862,3.7750817374762793,,
1732285800,144.33,145.02,143.935,144.16,151.34884469567547,148.65584662697097,151.34884469567547,148.65584662697097,0,0,0,0,0,152.1375,140.9225,156.83499999999998,136.22500000000002,147.44,150.95968247831968,148.94031752168027,,,,,6330311,0.72,0.67,-1.6512093043936857,-1.503694285064497,-0.27625902581246126,-119.35667411279482,-103.87388055723028,-103.87388055723028,-77.35979828084366,-77.35979828084366,139.83998786636903,-274.46977429965415,,,8.461587382345463,5.514412358788239,3.7844453851183757,,
1732545000,144.81,145.85,144.79,145.39,151.3359888621177,148.50912715140348,151.3359888621177,148.50912715140348,0,0,0,0,0,152.1375,140.9225,156.83499999999998,136.22500000000002,147.44,150.97469296042263,148.92530703957735,,,,,6834366,0.73,0.67,-1.077628435222494,-1.4354910326442611,-0.23003951648459012,-102.11219661260488,-80.34162591392436,-80.34162591392436,-33.277116627312495,-33.277116627312495,136.2066330429446,-274.4697742996541,,,7.917832612566787,5.608664133446221,3.7927039010573336,,
1732631400,145.83,146.33,144.69,146.17,151.32296091234323,148.36427902781904,151.32296091234323,148.36427902781904,0,0,0,0,0,152.1375,140.9225,156.83499999999998,136.22500000000002,147.44,150.98095347215437,148.91904652784558,,,,,6018641,0.75,0.68,-0.2928365391021326,-1.0359842952252396,-0.2346671661263307,-104.00667150337664,-49.92274785822952,-49.92274785822952,10.915008253160167,10.915008253160167,136.2066330429446,-274.4697742996541,,,7.9814296616637055,5.70171376200377,3.8010729834961077,,
1732717800,146.31,147.7552,146.31,146.95,151.31316338804282,148.28800534045357,151.31316338804282,148.28800534045357,0,0,0,0,0,152.1375,140.9225,156.83499999999998,136.22500000000002,147.44,150.9861627625869,148.91383723741308,,,,,5953240,0.75,0.68,0.03354244807849891,-0.9785564860203971,-0.1546357332955246,-73.31617827287202,-13.987701782307447,-13.987701782307447,57.88239036953671,57.88239036953671,136.2066330429446,-274.4697742996541,,,6.9511574662935685,5.75071155432886,3.807366858586612,,
1732890600,146.94,147.79,146.71,147.41,151.30417664800677,148.23025218984756,151.30417664800677,148.23025218984756,0,0,0,0,0,152.1375,140.9225,156.83499999999998,136.22500000000002,147.44,150.97834436472846,148.92165563527152,,,,,3521247,0.75,0.68,0.8261588766517977,-0.7794817113500594,-0.22604391926301418,-65.73827870978438,23.127132068406965,23.127132068406965,97.35679976983579,97.35679976983579,136.2066330429446,-274.4697742996541,,,6.696769269905876,5.7878118569005075,3.81313989037746,,
1733149800,147.32,147.38,146.39,147.15,151.2945748964623,148.16234033926528,151.2945748964623,148.16234033926528,0,0,0,0,0,156.2875,141.9775,161.63,136.635,147.32,150.97830321964142,148.92169678035856,,,,,6220907,0.74,0.68,1.5526673233609594,-0.9351104036010508,-0.18263823062096993,-71.80059836025482,56.051562473896084,56.051562473896084,121.90042328487434,121.90042328487434,136.2066330429446,-274.4697742996541,,,6.900279827016041,5.831438051806999,3.8193080021389756,,
1733236200,147.14,147.43,146.74,146.82,151.28568463692892,148.1106799338039,151.28568463692892,148.1106799338039,0,0,0,0,0,156.2875,141.9775,161.63,136.635,147.32,149.94644735055482,147.9035526494452,,,,,4236349,0.75,0.67,1.4301669182488301,-0.715752031462634,-0.2903385265494265,-65.1699362425528,82.43894880440163,82.43894880440163,135.21372146541276,135.21372146541276,136.2066330429446,-274.4697742996541,,,6.6776901551767995,5.864624408801893,3.8250190553917984,,
1733322600,147.08,147.58,146.36,146.74,151.2760604918002,148.04629248541946,151.2760604918002,148.04629248541946,0,0,0,0,0,156.2875,141.9775,161.63,136.635,147.32,149.91737966379523,147.93262033620476,,,,,5597844,0.74,0.68,1.6306873980614527,-0.6952462270873916,-0.3061834949369508,-72.36894082748587,105.29889535985463,105.29889535985463,151.01878847076063,151.01878847076063,136.2066330429446,-274.4697742996541,,,6.9193589417451005,5.905986547348685,3.8312015526672294,,
1733409000,146.09,146.25,144.83,145.1,151.2634292021063,147.92503003501085,151.2634292021063,147.92503003501085,0,0,0,0,0,156.2875,141.9775,161.63,136.635,147.32,149.9351021495003,147.91489785049973,,,,,8948940,0.74,0.67,0.6519489841513193,-0.8536886079913373,-0.47311033761103266,-101.35440665629574,107.8015578721628,107.8015578721628,112.80688289677917,112.80688289677917,136.2066330429446,-274.4697742996541,,,7.892393792928005,5.9838848707047365,3.839315822877541,,
1733495400,145.29,145.46,144.105,144.28,151.24938908382038,147.78037591599082,151.24938908382038,147.78037591599082,0,0,0,0,0,156.2875,141.9775,161.63,136.635,147.32,149.92756568450199,147.92243431549804,,,,,6545159,0.75,0.66,0.07280383787000871,-0.8314656227516403,-0.49989762936162485,-115.08934961439233,58.70851979539316,58.70851979539316,91.43721184657292,91.43721184657292,136.2066330429446,-274.4697742996541,,,8.353472398880704,6.076809871809677,3.848335116735689,,
1733754600,144.42,145.09,143.92,144.7,151.2350110836529,147.63421215457942,151.2350110836529,147.63421215457942,0,0,0,0,0,156.2875,141.9775,161.63,136.635,147.32,149.92470579671317,147.92529420328685,,,,,6258634,0.74,0.67,0.1644201969737458,-0.6634459835151373,-0.625288667834803,-118.59412816232036,13.35329428779064,13.35329428779064,65.40923932697883,65.40923932697883,136.2066330429446,-274.4697742996541,,,8.471126939710011,6.1707046587861605,3.857571464034339,,
1733841000,144.99,145.1,143.615,144.1,149.95297952619114,146.29066265156783,149.95297952619114,146.29066265156783,0,0,0,0,0,156.2875,141.9775,161.63,136.635,147.32,149.92570860835974,147.9242913916403,,,,,7200614,0.74,0.66,-0.3899184795298967,-0.8030578054761707,-0.6564021311657081,-124.3722765791742,-25.207796581793204,-25.207796581793204,35.20356069072149,35.20356069072149,136.2066330429446,-274.4697742996541,,,7.891867624422767,6.238201245673871,3.865631995823327,,
1733927400,143.52,143.64,142.105,142.14,149.93757527139354,146.13193666523185,149.93757527139354,146.13193666523185,0,0,0,0,0,156.2875,141.9775,161.63,136.635,147.32,149.94811676263225,147.90188323736777,,,,,6895008,0.71,0.66,-1.1956491695010611,-1.0561771616708606,-0.46173602147834,-137.11088816454128,-78.15200351812,-78.15200351812,-2.5816273788923354,-2.5816273788923354,136.2066330429446,-274.4697742996541,,,8.860312981015905,6.341029156863755,3.8756113784111244,,
1734013800,142.17,142.54,140.91,141.01,149.9198380580641,145.93304110973256,149.9198380580641,145.93304110973256,0,0,0,0,0,156.2875,141.9775,161.63,136.635,147.32,149.95302433066084,147.89697566933918,,,,,5994213,0.71,0.66,-1.7438019976664292,-1.1955715894043282,-0.6336522118727296,-125.45482356182018,-124.7487969646333,-124.7487969646333,-43.30401724080599,-43.30401724080599,136.2066330429446,-274.4697742996541,,,9.626731657260128,6.469880235310671,3.8871021282190146,,
1734100200,140.83,141.45,140.1299,140.99,149.28643863377758,145.13589178969158,149.28643863377758,145.13589178969158,0,0,0,0,0,156.2875,141.9775,161.63,136.635,147.32,149.62358628690927,147.5963137130907,,,,,7599399,0.71,0.66,-1.8927594896243802,-1.0045486034604552,-0.4980663621721512,-140.5113324634473,-154.74145459293626,-154.74145459293626,-80.44982969151607,-80.44982969151607,136.2066330429446,-274.4697742996541,,,9.756633178773834,6.5987725076033446,3.8988294629853577,,
1734359400,140.88,141.65,139.2,139.31,148.74847681749313,144.42427593232048,148.74847681749313,144.42427593232048,0,0,0,0,0,156.2875,141.9775,161.63,136.635,147.32,149.10537541164015,147.07462458835982,,,,,9476630,0.73,0.67,-2.2921474173339855,-1.417279814529502,-0.9541782275475525,-158.4590925296222,-176.3850505764543,-176.3850505764543,-112.42823665316214,-112.42823665316214,136.2066330429446,-274.4697742996541,,,10.04265219077163,6.73382661282563,3.9111048330708447,,
1734445800,138.7,140.24,138.6,139.21,148.72852261805758,144.20220236634714,148.72852261805758,144.20220236634714,0,0,0,0,0,156.2875,141.9775,161.63,136.635,147.32,148.69274517362604,146.667254826374,,,,,10280072,0.72,0.67,-2.23818710776745,-1.2841649931352006,-1.033613212268054,-170.03953778148247,-196.27656531558824,-196.27656531558824,-140.3776795406375,-140.3776795406375,136.2066330429446,-274.4697742996541,,,10.430399379604507,6.878790250738527,3.9241303966003827,,
1734532200,139.12,140.04,137.225,137.32,148.70588850693258,143.9354552147257,148.70588850693258,143.9354552147257,0,1,0,0,0,156.2875,141.9775,161.63,136.635,147.32,147.62618420961584,145.57881579038417,,,,,14448057,0.72,0.68,-2.7311871526400466,-1.7494256417197596,-1.1475574934423254,-196.57805815032904,-218.54518258358212,-218.54518258358212,-166.43351388828572,-166.43351388828572,136.2066330429446,-274.4697742996541,,,11.318986687346525,7.052915601193742,3.938905334244231,,
1734618600,137.06,137.8,135.945,136.28,148.68076775067496,143.62947461806976,148.68076775067496,143.62947461806976,0,1,0,0,0,156.2875,141.9775,161.63,136.635,147.32,146.5984210563143,144.55657894368568,,,,,11929337,0.75,0.71,-2.5764923818532286,-1.9439957357478164,-1.3958790815369675,-219.61305205486556,-236.65006736865826,-236.65006736865826,-189.83903171507657,-189.83903171507657,136.2066330429446,-274.4697742996541,,,12.146180690190006,7.252651487036733,3.9553034868035635,,
1734705000,137.49,139.295,137.05,138,148.65788290002428,143.3783932604984,148.65788290002428,143.3783932604984,0,1,1,0,0,156.2875,141.9775,161.63,136.635,147.32,146.5318917482479,144.4281082517521,,,,,12098414,0.71,0.69,-1.8167677108451523,-1.7955295374656082,-1.2614956399804071,-198.4466828860361,-227.30417362937607,-227.30417362937607,-202.3274123531764,-202.3274123531764,136.2066330429446,-274.4697742996541,,-247.30417362937607,11.432079617422772,7.416550629404813,3.9702421004511543,,
1734964200,137.6,138.945,136.99,138.75,148.6349250920322,143.13482881891025,148.6349250920322,143.13482881891025,0,0,0,0,0,156.2875,141.9775,161.63,136.635,147.32,146.5399961767105,144.42000382328948,,,,,8050472,0.7,0.69,-1.7288069582379901,-1.8474452226915974,-1.2811345799151164,-199.5959879992757,-201.90082658383025,-201.90082658383025,-201.0476550451379,-201.0476550451379,136.2066330429446,-274.4697742996541,,-221.90082658383025,11.470854336306061,7.575542931636234,3.9852283386846308,,
1735050600,138.63,139.325,138.04,139.32,148.6140900768633,142.94158062993336,148.6140900768633,142.94158062993336,0,0,0,0,0,156.2875,141.9775,161.63,136.635,147.32,146.53431885301117,144.42568114698884,,,,,3139251,0.72,0.69,-1.391855422138209,-1.6193484727878693,-1.2397267857389833,-145.81925819558433,-187.06828450323061,-187.06828450323061,-157.40320034203134,-157.40320034203134,59.18009518243116,-274.46977429965415,,,10.79229675584853,7.701690140428873,3.9988288749826606,,
1735223400,138.83,139.7199,138.68,139.6,148.5945626241623,142.78075786013204,148.5945626241623,142.78075786013204,0,0,0,0,0,156.2875,141.9775,161.63,136.635,147.32,146.53256982548473,144.42743017451525,,,,,4720422,0.75,0.69,-0.7986686084082689,-1.3356010134884857,-1.3754980009385602,-135.85935155255592,-161.10425920555912,-161.10425920555912,-109.17620861021615,-109.17620861021615,59.18009518243116,-274.46977429965415,,,10.378699754426782,7.806670909605262,4.0115758697467845,,
1735309800,138.83,139.81,138.36,138.95,148.57444122031782,142.6138183362053,148.57444122031782,142.6138183362053,0,0,0,0,0,156.2875,141.9775,161.63,136.635,147.32,146.534019498547,144.42598050145295,,,,,5948122,0.73,0.7,-0.6535530055026154,-1.386162991836837,-1.4939257714771064,-140.8393048740699,-131.43811711684657,-131.43811711684657,-72.1058329394215,-72.1058329394215,59.18009518243116,-274.46977429965415,,,10.585498255137647,7.915644530998689,4.024710579807506,,
1735569000,138.15,138.15,136.73,137.24,148.55113584325423,142.39014310733452,148.55113584325423,142.39014310733452,0,0,0,0,0,156.2875,141.9775,161.63,136.635,147.32,146.54154267543484,144.4184573245651,,,,,6890556,0.7,0.68,-1.18450178573053,-1.2951962002851516,-1.6737239284379926,-166.20594210553264,-114.42987066802573,-114.42987066802573,-80.41337777038402,-80.41337777038402,59.18009518243116,-274.46977429965415,,,11.638878118133656,8.061653691278492,4.039923701762204,,
1735655400,137.58,138.12,136.785,137.57,148.5279858215894,142.17737475018413,148.5279858215894,142.17737475018413,0,0,0,0,0,156.2875,141.9775,161.63,136.635,147.32,146.54235460325077,144.4176453967492,,,,,6627203,0.7,0.68,-0.5867577145468034,-0.8165078741961646,-1.7411517574129303,-165.3500126283973,-106.53213220214921,-106.53213220214921,-90.7366552703962,-90.7366552703962,59.18009518243116,-274.46977429965415,,,11.60333462582397,8.20054313969204,4.05503541190019,,
1735828200,138.26,138.77,137.12,137.61,148.50554469107672,141.98595613252985,148.50554469107672,141.98595613252985,0,0,0,0,0,144.0775,130.1275,149.895,124.30999999999997,138.26,146.54295752351064,144.41704247648934,,,,,8973032,0.71,0.69,-0.5418579554011028,-0.8303446137626963,-1.8035109093620079,-156.36620877543413,-101.39252721742092,-101.39252721742092,-91.11331724796432,-91.11331724796432,59.18009518243116,-274.46977429965415,,,11.386842445392272,8.32549605364107,4.069684377002072,,
1735914600,137.89,139.3499,137.74,138.96,148.48437477161403,141.8261147155679,148.48437477161403,141.8261147155679,0,0,0,0,0,144.0775,130.1275,149.895,124.30999999999997,138.26,146.55403365997125,144.40596634002873,,,,,8289345,0.75,0.69,0.5567271279658315,-0.42883356295554176,-1.641165924893303,-141.8740180503648,-89.1502860333719,-89.1502860333719,-64.66580366527387,-64.66580366527387,59.18009518243116,-274.46977429965415,,,10.98617035026496,8.429836222136124,4.083503529795804,,
1736173800,138.9,140.04,138.56,139.02,148.4648691277147,141.70437688358484,148.4648691277147,141.70437688358484,0,0,0,0,0,144.0775,130.1275,149.895,124.30999999999997,138.26,146.55380979155075,144.40619020844923,,,,,8653497,0.75,0.69,0.9544360959048561,-0.7404293976451419,-1.6870037433538425,-127.88129596645264,-68.41523424258202,-68.41523424258202,-26.94513066100224,-26.94513066100224,59.18009518243116,-274.46977429965415,,,10.456249192193361,8.509303397432486,4.096236288362033,,
1736260200,139.36,140.93,139.36,139.71,148.4469848737133,141.618471907758,148.4469848737133,141.618471907758,0,0,0,0,0,144.0775,130.1275,149.895,124.30999999999997,138.26,146.5583957991941,144.40160420080588,,,,,12639744,0.77,0.69,0.5872925258808985,-0.8207437961237714,-1.6306571619824957,-95.36319236478285,-40.377621621434955,-40.377621621434955,15.69760362085919,15.69760362085919,76.14080834419684,-274.4697742996542,,,9.939252940416178,8.565379850098513,4.107910647307197,,
1736346600,139.97,140.635,138.69,140.43,148.42781107776182,141.5099239898067,148.42781107776182,141.5099239898067,0,0,0,0,0,144.0775,130.1275,149.895,124.30999999999997,138.26,146.55783471877254,144.40216528122747,,,,,7827396,0.79,0.69,0.5748019942339699,-0.7091619198982957,-1.5903222038480895,-116.15133309590314,-9.795550487717442,-9.795550487717442,51.36859177971758,51.36859177971758,132.26094727435105,-274.46977429965415,,,10.372237301279572,8.63623700504679,4.120426784477971,,
1736519400,139.95,140.95,139.355,139.64,147.0123165422359,140.14806580028244,147.0123165422359,140.14806580028244,0,0,0,0,0,144.0775,130.1275,149.895,124.30999999999997,138.26,146.53986011116854,144.42013988883144,,,,,10344054,0.76,0.68,0.10880280585682178,-1.0816238713309934,-1.7638201426939755,-103.29931371008371,19.210725684518092,19.210725684518092,77.22327802898916,77.22327802898916,132.26094727435105,-274.46977429965415,,,9.084681628392492,8.653823068707405,4.130345375574703,,
1736778600,139.79,141.82,139.67,141.46,146.99791850718648,140.13465537674193,146.99791850718648,140.13465537674193,0,0,0,0,0,144.0775,130.1275,149.895,124.30999999999997,138.26,146.57093374422428,144.3890662557757,,,,,9422242,0.76,0.68,0.6211479820067909,-0.8673004774994814,-1.5292223980858803,-94.38377300545926,51.94891083797579,51.94891083797579,117.42528114489119,117.42528114489119,172.05576980124573,-274.4697742996542,,,8.879175365344476,8.662660413673565,4.139833547382435,,
1736865000,141.27,141.27,138.88,140,146.83841867516918,139.95928337147757,146.83841867516918,139.95928337147757,0,0,0,0,0,144.0775,130.1275,149.895,124.30999999999997,138.26,146.5718795624738,144.38812043752614,,,,,10277827,0.74,0.68,0.3498306863916,-1.2641009015129232,-1.6384123042505276,-70.41397761861082,75.15435434412376,75.15435434412376,121.56524135641973,121.56524135641973,172.05576980124573,-274.4697742996542,,,9.305818585515576,8.68788230276541,4.150155195810274,,
1736951400,140.39,141.24,139.77,140.57,146.8245628936004,139.957099709851,146.8245628936004,139.957099709851,0,0,0,0,0,144.0775,130.1275,149.895,124.30999999999997,138.26,146.3524660005303,144.17753399946966,,,,,11388426,0.73,0.68,1.1210962885082336,-1.2377927050564208,-1.3867973566335936,-36.67842173516242,92.11980385485823,92.11980385485823,126.0507028763272,126.0507028763272,172.05576980124573,-274.4697742996542,,,8.724613073858803,8.68932272516123,4.15929497179039,,
1737037800,140.13,141.34,139.58,141.13,145.0878899585092,138.36627899215404,145.0878899585092,138.36627899215404,0,0,0,0,0,144.0775,130.1275,149.895,124.30999999999997,138.26,145.84537524864038,143.70552475135958,,,,,8512136,0.73,0.68,1.1929114944745807,-1.0888236866232943,-1.279584703713698,-40.802031279352235,105.76472837735086,105.76472837735086,133.05457742233614,133.05457742233614,172.05576980124573,-274.4697742996542,,,7.764488204586003,8.653054704746515,4.166498155072699,,
1737124200,140.94,141.4,140.18,140.18,144.867798428471,138.24842631215193,144.867798428471,138.24842631215193,0,0,0,0,0,144.0775,130.1275,149.895,124.30999999999997,138.26,145.79138735054187,143.64861264945813,,,,,7668273,0.74,0.68,0.8604255842683858,-1.202963413882673,-1.4710235950900552,-27.780106402963316,112.05754957368637,112.05754957368637,124.64319196635738,124.64319196635738,172.05576980124573,-274.4697742996542,,,7.233141420157504,8.597371830841062,4.172625314443498,,
1737469800,140.92,142.51,140.9,142.5,144.18074993406034,137.7320393078195,144.18074993406034,137.7320393078195,0,0,0,0,0,144.0775,130.1275,149.895,124.30999999999997,138.26,145.83558469469395,143.60441530530602,,,,,7257829,0.75,0.69,1.1374014628533295,-0.7448297936818978,-1.2652224398588567,-34.63425441581745,122.17696163984658,122.17696163984658,142.415785772167,142.415785772167,174.1613954379887,-274.46977429965415,,,6.3164893617021285,8.50792545950228,4.176908759093365,,
1737556200,141.8,142.63,141.13,142.18,143.96435404005626,137.6752727236087,143.96435404005626,137.6752727236087,0,0,0,0,0,144.0775,130.1275,149.895,124.30999999999997,138.26,145.6515974715877,143.43340252841227,,,,,8189904,0.76,0.68,1.0152588292365015,-0.5189455452796408,-1.2560342878428965,-29.6555803435439,133.38290915265577,133.38290915265577,155.79480417827415,155.79480417827415,174.1613954379887,-274.46977429965415,,,6.026102010920236,8.410599049753964,4.180603450905207,,
1737642600,142.57,144.095,141.87,144.08,143.96033555046574,137.8430306560162,143.96033555046574,137.8430306560162,0,0,0,0,0,144.0775,130.1275,149.895,124.30999999999997,138.26,144.78251973425748,142.5524802657425,,,,,8032946,0.77,0.69,1.3703878938776488,-0.035063301307648065,-1.102038321299865,-48.390827369230166,147.0599866161433,147.0599866161433,174.41414154311835,174.41414154311835,184.37225636523,-274.46977429965415,,,5.533359968038355,8.297766144588646,4.183306261129249,,
1737729000,143.44,144.61,143.27,144.31,143.9590943205947,138.05856278715282,143.9590943205947,138.05856278715282,0,0,0,0,0,144.0775,130.1275,149.895,124.30999999999997,138.26,144.58926396796272,142.36073603203724,,,,,8127872,0.77,0.69,1.2108077534679722,-0.06819284540306618,-1.1084871395400944,-22.73585999864215,160.44125381604633,160.44125381604633,187.20378821585237,187.20378821585237,184.37225636523,-274.46977429965415,,,4.601145292315885,8.152800620970106,4.184141104348403,,
1737988200,145.1,147.58,144.97,147.55,143.96121820806601,138.33164267785273,143.96121820806601,138.33164267785273,0,0,0,1,0,144.0775,130.1275,149.895,124.30999999999997,138.26,144.66012305945017,142.28987694054982,,,,,12311304,0.79,0.7,2.375858998115664,0.5797603442929937,-0.8615758288318718,-60.415561972778136,175.85392595840676,175.85392595840676,206.6792702431276,206.6792702431276,228.05450203679783,-274.4697742996541,226.6792702431276,,3.4691703289386124,7.969128844812008,4.182712591310621,,
1738074600,147.54,147.74,146.48,146.52,143.96632466519276,138.6526370826428,143.96632466519276,138.6526370826428,0,0,0,1,0,144.0775,130.1275,149.895,124.30999999999997,138.26,144.63059320194938,142.2594067980506,,,,,9686428,0.8,0.7,1.495194774040977,0.7436662622442314,-0.8147711334508606,-25.05606639956341,188.28492308013784,188.28492308013784,213.14691732360004,213.14691732360004,228.05450203679783,-274.4697742996541,233.14691732360004,,2.4637102144093865,7.753230074992298,4.179278021127002,,
1738161000,146.09,146.58,145.3,145.66,143.9690868536739,138.9152317068529,143.9690868536739,138.9152317068529,0,0,0,0,0,144.0775,130.1275,149.895,124.30999999999997,138.26,144.63116155758104,142.25883844241895,,,,,8159200,0.8,0.69,1.686124613113477,0.7940423855658123,-0.867985638510967,-52.68799009253881,192.38003305941197,192.38003305941197,200.57025301796023,200.57025301796023,228.05450203679783,-274.4697742996541,220.57025301796023,,3.249434012518308,7.5766106215619455,4.177420190939972,,
1738247400,146.25,147.745,146.24,147.34,143.97370286395625,139.20402262030964,143.97370286395625,139.20402262030964,0,0,0,0,0,144.0775,130.1275,149.895,124.30999999999997,138.26,144.64947566769504,142.24052433230497,,,,,7705191,0.78,0.7,2.0132730472403586,1.0870047527878077,-0.7667801518453266,-30.676118676100433,194.096619564867,194.096619564867,197.52979257577707,197.52979257577707,228.05450203679783,-274.4697742996541,,,2.623518444533225,7.382371712658858,4.174315492145952,,
1738333800,147.58,148.5899,146.815,146.87,143.97944701407823,139.5038119293171,143.97944701407823,139.5038119293171,0,0,0,0,0,144.0775,130.1275,149.895,124.30999999999997,138.26,144.64980854985973,142.24019145014026,,,,,9213355,0.78,0.7,1.7004021449585123,1.30989947834215,-0.7547763992700212,-14.632301111949115,200.35842463794722,200.35842463794722,212.88203478410767,212.88203478410767,228.05450203679783,-199.16711931921432,232.88203478410767,,2.2406445598615052,7.180735353725629,4.170452013759769,,
1738593000,145.98,148.1599,145.94,147.44,143.983448918146,139.75787420659879,143.983448918146,139.75787420659879,0,0,0,0,0,154.32485,140.24505,160.0598,134.5101,145.98,144.65154305523004,142.23845694476995,,,,,13001514,0.78,0.7,2.172297903426097,1.4316524221724067,-0.6302451421634516,-30.408757820832015,206.67317441283214,206.67317441283214,219.302673962602,219.302673962602,228.05450203679789,-177.26802070888382,239.302673962602,,2.823278732188047,7.009854701900625,4.167760358851534,,
1738679400,145.82,147.2,145.59,147.04,143.98675051870916,139.98838502202628,143.98675051870916,139.98838502202628,0,0,0,0,0,154.32485,140.24505,160.0598,134.5101,145.98,144.64283174717255,142.2471682528274,,,,,11762048,0.78,0.7,1.3387993777780023,1.7173007363621238,-0.6408670166634276,-37.01935734709968,199.24356304451322,199.24356304451322,204.19663729005916,204.19663729005916,228.05450203679789,-177.26802070888382,,,3.0563324011186594,6.8548146116738815,4.1655397235713485,,
1738765800,147.4,148.715,147.1,148.45,143.9930323358546,140.26847972704488,143.9930323358546,140.26847972704488,0,0,0,0,0,154.32485,140.24505,160.0598,134.5101,145.98,144.65042239637768,142.2395776036223,,,,,10042275,0.78,0.7,1.8377117229689381,2.1485535420344264,-0.37687850475566453,-25.343441199751492,207.74811681226976,207.74811681226976,214.85107585669093,214.85107585669093,228.05450203679789,-177.26802070888382,234.85107585669093,,2.0508722865894344,6.66642471657253,4.161314613807149,,
1738852200,148.15,148.46,146.9,147.12,143.9989059975212,140.52982562010192,143.9989059975212,140.52982562010192,0,0,0,0,0,154.32485,140.24505,160.0598,134.5101,145.98,144.6555428317111,142.23445716828888,,,,,12422219,0.78,0.7,0.8750848190823682,1.5824696539227685,-0.5399891138586584,-29.098025081195964,204.84857078436923,204.84857078436923,206.78160146963626,206.78160146963626,228.05450203679789,-177.26802070888382,226.78160146963626,,2.184045811692636,6.490645151675279,4.157364026789938,,
1738938600,147.33,147.92,146.32,146.43,143.16150792004964,139.96689870416674,143.16150792004964,139.96689870416674,0,0,0,0,0,154.32485,140.24505,160.0598,134.5101,145.98,144.65107752516144,142.23892247483857,,,,,11199692,0.78,0.7,0.6087629700919835,1.3242695524494967,-0.5948736815449837,-39.98631833738577,164.2152146337147,164.2152146337147,192.5928058576624,192.5928058576624,228.05450203679789,-177.26802070888382,,,1.9959812458138098,6.314383822033653,4.1530455796751005,,
1739197800,146.6,146.65,145.46,146.3,142.35273640639758,139.4178721168123,142.35273640639758,139.4178721168123,0,0,0,0,0,154.32485,140.24505,160.0598,134.5101,145.98,144.6508607354366,142.23913926456342,,,,,7374356,0.77,0.69,-0.3527965595866381,1.2045778461088834,-0.6957808455582484,-56.13102902759762,108.0801122323751,108.0801122323751,164.42190798256664,164.42190798256664,228.05450203679789,-177.26802070888382,,,2.0141461771640152,6.145747051646609,4.148772054395358,,
1739284200,145.88,146.32,145.44,146.03,142.35896490508608,139.65521438674122,142.35896490508608,139.65521438674122,0,0,0,0,0,154.32485,140.24505,160.0598,134.5101,145.98,144.64364126750283,142.24635873249716,,,,,6635040,0.77,0.69,-0.14038982606279057,1.1163526128834882,-0.6557715070715227,-56.506487415742285,55.95950753229535,55.95950753229535,128.2677744991429,128.2677744991429,228.05450203679789,-177.26802070888382,,,2.0276187268440493,5.984251823222979,4.144533985808842,,
1739370600,145.68,146.61,145.37,145.82,142.36504249768333,139.8805314696141,142.36504249768333,139.8805314696141,0,0,0,0,0,154.32485,140.24505,160.0598,134.5101,145.98,144.46206627354735,142.08293372645258,,,,,7572280,0.79,0.69,0.046114024577365846,1.1983699444937987,-0.6479744283459394,-57.82059177424779,10.833978642039519,10.833978642039519,89.12317588010843,89.12317588010843,228.05450203679789,-177.26802070888382,,,2.074772650724139,5.830938914497534,4.140398598525955,,
1739457000,146.11,146.71,145.16,146.39,142.37069256262302,140.0888596472763,142.37069256262302,140.0888596472763,0,0,0,0,0,154.32485,140.24505,160.0598,134.5101,145.98,143.8101161736377,141.4448838263623,,,,,6293261,0.8,0.69,-0.27061678003669704,1.6155914263779385,-0.47367223777119183,-61.762904849764865,-17.423197392894814,-17.423197392894814,53.60771812244069,53.60771812244069,228.05450203679789,-177.26802070888382,,,2.2162344223644275,5.689185797158981,4.136554114657501,,
1739543400,146.5,146.7,144.8,144.8,142.3756192508096,140.2750416218929,142.3756192508096,140.2750416218929,0,0,0,0,0,154.32485,140.24505,160.0598,134.5101,145.98,143.49978040668003,141.1602195933199,,,,,5299228,0.8,0.68,-0.5867838334710112,1.2632660424261906,-0.6259821663114616,-68.52115583636501,-72.47249816284426,-72.47249816284426,11.580979360679038,11.580979360679038,228.05450203679789,-177.26802070888382,,,2.4587403166049024,5.562501660666664,4.133201839336716,,
1739889000,143.92,144.89,143.84,144.52,142.37863719436442,140.4166517543677,142.37863719436442,140.4166517543677,0,0,0,0,0,154.32485,140.24505,160.0598,134.5101,145.98,143.49937890196156,141.16062109803838,,,,,11366845,0.78,0.67,-0.8262193589388962,1.209470451291878,-0.5941220107827725,-86.54315846729962,-124.05729379965373,-124.05729379965373,-33.631778359431884,-33.631778359431884,228.05450203679789,-177.26802070888382,,,3.105422701246201,5.4661456230423315,4.131148334565307,,
1739975400,144.53,146.4399,144.5,146.4,142.38295460256748,140.57833207772583,142.38295460256748,140.57833207772583,0,0,0,0,0,154.32485,140.24505,160.0598,134.5101,145.98,143.4879008042189,141.1720991957811,,,,,6296079,0.77,0.68,-0.17877357858957812,1.2696422221008903,-0.48616445523498464,-74.15303165853224,-121.34989852969179,-121.34989852969179,-62.87115174951852,-62.87115174951852,228.05450203679789,-177.26802070888382,,,2.6608285618053142,5.356133189268331,4.12821063272163,,
1740061800,146.19,147.3,146.1,147.22,142.39042821974516,140.79578964330523,142.39042821974516,140.79578964330523,0,0,0,0,0,154.32485,140.24505,160.0598,134.5101,145.98,143.4399014585402,141.22009854145978,,,,,6264773,0.77,0.68,-0.34178922120901684,1.4047834881034287,-0.5487924924393393,-44.11636060697491,-82.96232644726713,-82.96232644726713,-69.5682099821014,-69.5682099821014,228.05450203679789,-177.26802070888382,,,1.5830245874031625,5.208168146057932,4.123125345917797,,
1740148200,145.48,147.14,145.34,146.43,142.3963836079175,140.97521357886188,142.3963836079175,140.97521357886188,0,0,0,0,0,154.32485,140.24505,160.0598,134.5101,145.98,143.44496827096665,141.21503172903334,,,,,8646974,0.8,0.68,-0.193285658208605,1.1444673545448434,-0.5701014959687166,-58.383779356464515,-63.67789079444778,-63.67789079444778,-51.89725241914055,-51.89725241914055,228.05450203679789,-177.26802070888382,,,2.09498147524418,5.086082394261314,4.119073110411955,,
1740407400,146.59,148.22,146.27,147.62,142.40416665765193,141.18370716400455,142.40416665765193,141.18370716400455,0,0,0,0,0,154.32485,140.24505,160.0598,134.5101,145.98,143.44828525300053,141.21171474699943,,,,,7559370,0.8,0.68,0.33288323516338125,1.2108306106823068,-0.556302371066072,-40.92496430774662,-47.0492923191113,-47.0492923191113,-13.79209536843836,-13.79209536843836,228.05450203679789,-177.26802070888382,,,1.4685079151229226,4.94421672841275,4.1137772758559334,,
1740493800,147.9,149.085,147.41,148.89,142.83543496183265,141.83050858119302,142.83543496183265,141.83050858119302,0,0,0,0,0,154.32485,140.24505,160.0598,134.5101,145.98,143.62599397640963,141.4040060235903,,,,,11981261,0.82,0.68,0.7231776313996477,1.5622869742471008,-0.5147798812950953,-27.701813629413643,-19.0911409900668,-19.0911409900668,36.825161668022204,36.825161668022204,228.05450203679789,-177.26802070888382,,,0.9940224326684061,4.789307148187481,4.107543999445968,,
1740580200,148.31,148.95,147.345,147.82,142.84447595091987,142.04736902898935,142.84447595091987,142.04736902898935,0,0,0,0,0,154.32485,140.24505,160.0598,134.5101,145.98,143.62657330525425,141.40342669474572,,,,,6566828,0.8,0.68,0.4997781908125647,1.0583496958972012,-0.44724721209244,-28.918447336110827,10.40610255732711,10.40610255732711,69.40058965211493,69.40058965211493,228.05450203679789,-177.26802070888382,,,1.037678823292355,4.642184468779829,4.101410402690417,,
1740666600,147.55,148.91,147.1617,147.22,142.8531363046643,142.2486087925584,142.8531363046643,142.2486087925584,0,0,0,0,0,154.32485,140.24505,160.0598,134.5101,145.98,143.62938799125908,141.4006120087409,,,,,7377044,0.78,0.68,0.3910933345099712,1.2128804810659937,-0.5368282353361327,-32.349354388997064,33.263230095806115,33.263230095806115,78.97748517276413,78.97748517276413,228.05450203679789,-177.26802070888382,,,1.1607898448518976,4.505659189410106,4.09553503694049,,
1740753000,147.46,149.16,146.49,148.93,142.8987530053116,142.45261182400884,142.8987530053116,142.45261182400884,0,0,0,0,0,154.32485,140.24505,160.0598,134.5101,145.98,143.67568512686978,141.42931487313024,,,,,8453744,0.78,0.68,0.7030933640951392,1.3913734066706267,-0.30668255178926684,-45.65829129017418,56.66177848123633,56.66177848123633,103.45887525209677,103.45887525209677,228.05450203679789,-177.26802070888382,,,1.6383535889343972,4.393215832528705,4.09062558349792,,
1741012200,149.02,150.32,148.96,149.58,143.53330649335874,143.3053947554157,143.53330649335874,143.3053947554157,0,0,0,0,0,151.82,146.36,154.48,143.70000000000002,149.02,144.258968522401,142.00603147759898,,,,,9459273,0.79,0.68,1.3355577294564571,1.3985566751928034,-0.3126440343483473,-11.404156495313181,85.2449704829629,85.2449704829629,142.41135448641603,142.41135448641603,228.05450203679789,-172.1055465805114,,,0.4144939162989735,4.237187522088323,4.083280665081938,,
1741098600,149.79,150.07,147.965,148.19,143.5421932935718,143.48875770618372,143.5421932935718,143.48875770618372,0,0,0,0,0,151.82,146.36,154.48,143.70000000000002,149.02,144.26847787891754,141.99652212108245,,,,,10804677,0.77,0.67,1.0219359089373223,1.3276126486720192,-0.2783356974980574,-29.705988290210897,106.18981669391906,106.18981669391906,148.0795091158314,148.0795091158314,228.05450203679789,-172.1055465805114,,,1.0796897981013565,4.113364081931971,4.07727948452853,,
1741185000,147.52,149.91,147.24,149.68,143.64540202806717,143.72898800610562,143.64540202806717,143.72898800610562,0,0,0,0,0,151.82,146.36,154.48,143.70000000000002,149.02,144.28096682694928,141.9840331730507,,,,,7597734,0.77,0.68,0.8963398635981809,1.1638282562802233,-0.12620062965223097,-44.850889399624506,120.2764226257576,120.2764226257576,148.44963448943471,148.44963448943471,228.05450203679789,-172.1055465805114,,,1.6301443078567597,4.015982914321179,4.072390103556159,,
1741271400,149,149.48,147.93,149.27,143.6539976284107,143.89441984900344,143.6539976284107,143.89441984900344,0,0,0,0,0,151.82,146.36,154.48,143.70000000000002,149.02,144.28165557496848,141.9833444250315,,,,,7122176,0.78,0.68,0.5616625047693429,1.1612760857368398,-0.10101776073118762,-34.532028312139914,127.61199633211127,127.61199633211127,142.28314374481863,142.28314374481863,228.05450203679789,-172.1055465805114,,,1.1691608765366113,3.904342834408059,4.066589445759916,,
1741357800,148.66,150.2835,148.445,149.28,143.66359473604624,144.07335828629743,143.66359473604624,144.07335828629743,0,0,0,0,0,151.82,146.36,154.48,143.70000000000002,149.02,144.28078211824922,141.98421788175077,,,,,8532510,0.77,0.68,0.7858379008049723,0.8413122058398586,-0.011710100035526482,-24.369745694567584,134.11328271670047,134.11328271670047,147.11585548587888,147.11585548587888,228.05450203679789,-172.1055465805114,,,0.8250935328701321,3.783587959837944,4.0601129304494465,,
1741613400,148.12,149.91,147.34,147.67,143.67098695435584,144.20237952997203,143.67098695435584,144.20237952997203,0,0,0,0,0,151.82,146.36,154.48,143.70000000000002,149.02,144.29779476118242,141.96720523881757,,,,,13577787,0.77,0.67,0.013617865289257574,0.5404636049891636,-0.08297766705164644,-46.174255000232876,103.79394413661646,103.79394413661646,124.00683652333913,124.00683652333913,228.05450203679789,-172.1055465805114,,,1.5633351149118142,3.696519220821233,4.055124363385436,,
1741699800,147.68,147.885,145.29,146.06,143.67430945794354,144.24675288173785,143.67430945794354,144.24675288173785,0,0,0,0,0,151.82,146.36,154.48,143.70000000000002,149.02,144.29692968746164,141.96807031253834,,,,,9411939,0.77,0.67,-0.7597196384538117,-0.23303377713333692,-0.24621344778178444,-86.62605959445415,41.19777272943457,41.19777272943457,96.40381525870428,96.40381525870428,228.05450203679789,-172.1055465805114,,,2.9329235702832808,3.6665742933491567,4.052882203958658,,
1741786200,145.73,145.99,144.12,144.6,143.67531103744815,144.24396257265008,143.67531103744815,144.24396257265008,0,0,0,0,0,151.82,146.36,154.48,143.70000000000002,149.02,144.3065830801709,141.9584169198291,,,,,7141081,0.77,0.67,-0.8739528501330054,-0.3035351710350146,-0.3424473187884802,-113.39188924572228,-17.99140882637885,-17.99140882637885,58.27207389700991,58.27207389700991,228.05450203679783,-185.52298226565554,,,3.714591127739178,3.668457306462491,4.052206297712465,,
1741872600,144.66,145.07,143.49,143.83,143.67506446194875,144.2168228639187,143.67506446194875,144.2168228639187,0,0,0,0,0,151.82,146.36,154.48,143.70000000000002,149.02,144.30928862031644,141.95571137968358,,,,,8041574,0.8,0.67,-0.9230072900228838,-0.29075179399803575,-0.3869853999610293,-128.60796157474917,-63.49392594719699,-63.49392594719699,17.68340728227428,17.68340728227428,228.05450203679783,-193.27987327987458,,,4.135489043292355,3.6867722765342505,4.052372696804533,,
1741959000,143.93,145.15,143.41,144.93,143.67466013734946,144.18764157513758,143.67466013734946,144.18764157513758,0,0,0,0,0,151.82,146.36,154.48,143.70000000000002,149.02,144.3149172494869,141.9500827505131,,,,,6761296,0.78,0.67,-1.07321075614393,-0.37734879246654845,-0.17593595194745848,-130.94443935314106,-89.97997845991303,-89.97997845991303,-18.204387965121484,-18.204387965121484,228.05450203679783,-193.27987327987458,,,4.188936397648323,3.706464987166175,4.052645551351674,,
1742218200,144.72,147.11,144.72,146.77,143.67684782938272,144.2104634741518,143.67684782938272,144.2104634741518,0,0,0,0,0,151.82,146.36,154.48,143.70000000000002,149.02,144.30882651579287,141.9561734842071,,,,,6017373,0.75,0.67,-0.7421496894049049,-0.01552976903531609,-0.08645917833029992,-109.53742368804728,-78.29349453701062,-78.29349453701062,-38.23409015575119,-38.23409015575119,228.05450203679783,-193.27987327987458,,,3.313735970069487,3.6910638492408148,4.051169208531929,,
1742304600,146.82,147.06,146.04,146.84,143.68164213941392,144.2836374555576,143.68164213941392,144.2836374555576,0,0,0,0,0,151.82,146.36,154.48,143.70000000000002,149.02,144.29866157376367,141.96633842623635,,,,,5528032,0.7,0.67,-0.36359626426927644,-0.09377343887359618,0.006345181262267123,-88.59766315018446,-51.16856504116184,-51.16856504116184,-42.545581784221405,-42.545581784221405,228.05450203679783,-193.27987327987458,,,2.4318546231961617,3.6416830952782795,4.0479338147550346,,
1742391000,146.95,147.305,145.9,146.92,143.68614994732718,144.3485065749475,143.68614994732718,144.3485065749475,0,0,0,0,0,151.82,146.36,154.48,143.70000000000002,149.02,144.29857598018282,141.96642401981717,,,,,6156298,0.7,0.66,-0.7359982318794203,-0.0188068728373419,-0.08368966480370978,-102.07244625447974,-36.55188614952827,-36.55188614952827,-24.564494880142,-24.564494880142,228.05450203679783,-193.27987327987458,,,2.525387493319081,3.5979067971622323,4.044891764162755,,
1742477400,146.94,147.635,146.51,147.01,143.69185534203783,144.43451416024368,143.69185534203783,144.43451416024368,0,0,0,0,0,151.82,146.36,154.48,143.70000000000002,149.02,144.27571855123907,141.98928144876092,,,,,8034118,0.69,0.66,-0.6052532454983162,-0.22388391019459036,-0.0927124620251317,-113.91397536472431,-23.55192450442998,-23.55192450442998,2.4479987857666075,2.4479987857666075,228.05450203679783,-193.27987327987458,,,2.117851416354901,3.539865409679592,4.041041533697604,,
1742563800,146.58,146.86,145.73,146.6,143.69600648021557,144.48686654611646,143.69600648021557,144.48686654611646,0,0,0,0,0,151.82,146.36,154.48,143.70000000000002,149.02,144.27724777902847,141.98775222097152,,,,,7635316,0.67,0.66,-0.7196553084250679,-0.08180170685747484,-0.22492465456622465,-141.94328160588663,-13.090603403085417,-13.090603403085417,7.832038799603708,7.832038799603708,228.05450203679783,-193.27987327987458,,,2.6389631213255056,3.50453590817551,4.038240178228329,,
1742823000,146.42,147.385,146.11,147.15,143.70090097276258,144.55191883842562,143.70090097276258,144.55191883842562,0,0,0,0,0,151.82,146.36,154.48,143.70000000000002,149.02,144.2475690935887,142.01743090641128,,,,,6500813,0.66,0.66,-0.14131565879051353,0.11392552153678685,-0.269891055949931,-128.28797856531952,4.657282913054974,4.657282913054974,40.15305554533576,40.15305554533576,228.05450203679783,-193.27987327987458,,,2.3850881881346826,3.4606359975856735,4.034937177249121,,
1742909400,147.5,147.59,144.3526,145.27,143.70230951027955,144.54619158985992,143.70230951027955,144.54619158985992,0,0,0,0,0,151.82,146.36,154.48,143.70000000000002,149.02,144.66034134489996,142.3896586551,,,,,6502030,0.66,0.66,-0.21436257311542836,-0.1610962524833283,-0.3565965607146644,-191.44016162713896,9.78019229328245,9.78019229328245,20.026011053737403,20.026011053737403,228.05450203679783,-193.27987327987458,,,3.5591929449492326,3.4645009759136562,4.033986639322448,,
1742995800,145.38,145.9725,144.39,144.74,143.7037892115577,144.54214093927717,143.7037892115577,144.54214093927717,0,0,0,0,0,151.82,146.36,154.48,143.70000000000002,149.02,144.64362082197468,142.40637917802528,,,,,8759221,0.66,0.66,0.038355787260433094,-0.20204967498020984,-0.22245120936417392,-190.09619232788353,-16.2118625408929,-16.2118625408929,1.1161740152240007,1.1161740152240007,228.05450203679783,-193.27987327987458,,,3.5342063067878273,3.4672345183008786,4.032988077219482,,
1743082200,144.52,145.42,144.46,144.97,143.7054044179282,144.54096678479573,143.7054044179282,144.54096678479573,0,0,0,0,0,151.82,146.36,154.48,143.70000000000002,149.02,144.6405052535192,142.40949474648073,,,,,6264332,0.67,0.66,0.3139889069912077,-0.13332148383192294,-0.16727684352341454,-187.58074176777845,-47.36493690071731,-47.36493690071731,-15.044196290089769,-15.044196290089769,228.05450203679783,-193.27987327987458,,,3.4874398717263486,3.4680268851018776,4.031898070814901,,
1743168600,144.85,145.24,144.45,144.52,143.7069966168934,144.53945044029393,143.7069966168934,144.53945044029393,0,0,0,0,0,151.82,146.36,154.48,143.70000000000002,149.02,144.6408083862549,142.40919161374507,,,,,6210808,0.69,0.66,-0.11259935519756634,-0.2935485283081875,0,-187.94009184779406,-71.8444598765706,-71.8444598765706,-33.97761748558338,-33.97761748558338,228.05450203679783,-193.27987327987458,,,3.4941207910208565,3.469050175530073,4.030823590735392,,
1743427800,143.79,146.62,143.48,146.01,143.70666695332318,144.500334736753,143.70666695332318,144.500334736753,0,0,0,0,0,151.82,146.36,154.48,143.70000000000002,149.02,144.6539908514687,142.39600914853125,,,,,8085670,0.68,0.67,-0.20493614977225386,0.1909406759623244,0.38784513866514925,-222.79704960923945,-64.03746175044489,-64.03746175044489,-43.997565573870546,-43.997565573870546,228.05450203679783,-193.27987327987458,,,4.1421699625868635,3.4954470299244567,4.031046061008822,,
1743514200,145.48,145.48,142.895,143.34,143.70518080556428,144.44004121766463,143.70518080556428,144.44004121766463,0,0,0,0,0,148.935,139.95499999999998,152.39,136.5,145.48,144.7015665847729,142.34843341522705,,,,,9906066,0.7,0.67,-0.9227586536569142,-0.18249790581673167,0.12728183805643908,-225.31250016934354,-94.27298084421,-94.27298084421,-60.75603733065036,-60.75603733065036,228.05450203679783,-193.27987327987458,,,4.533003741314802,3.5361355284103526,4.032048973456986,,
1743600600,142.77,144.4,142.19,144.3,143.7023031216371,144.35474156206993,143.7023031216371,144.35474156206993,0,0,0,0,0,148.935,139.95499999999998,152.39,136.5,145.48,144.7106086271641,142.39439137283588,,,,,6392678,0.67,0.66,-0.6908700187313257,-0.32084373639238767,0.2825841158195109,-225.31250016934356,-119.546800848939,-119.546800848939,-80.35295850341323,-80.35295850341323,228.05450203679783,-193.27987327987458,,,5.004008551576703,3.5936991763776605,4.0339909506360465,,
1743687000,143.76,145.19,143.05,143.13,143.70113228622924,144.30617522630249,143.70113228622924,144.30617522630249,0,0,0,0,0,148.935,139.95499999999998,152.39,136.5,145.48,144.89009089123107,142.54990910876893,,,,,10990921,0.67,0.66,-1.0179764091438614,-0.6186552929345238,0.022495734517479656,-199.44217304709545,-134.9334161018964,-134.9334161018964,-98.54644436957429,-98.54644436957429,228.05450203679783,-193.27987327987458,,,4.42944949225013,3.626473698568738,4.034781077592318,,
1743773400,141.14,141.71,135.225,135.28,143.68448576817482,143.95571933507495,143.68448576817482,143.95571933507495,0,0,0,0,0,148.935,139.95499999999998,152.39,136.5,145.48,144.31752900001817,141.2274709999818,,,,,21341099,0.71,0.67,-2.4919744828807424,-1.4187808307559038,-0.6535291626595744,-319.1486014340022,-162.88347375229313,-162.88347375229313,-119.99212083048056,-119.99212083048056,228.05450203679783,-368.7533826447865,,,9.657268840192417,3.86297546882849,4.046014819375735,,
1744032600,131.71,137.37,129.66,134.47,143.65686481758905,143.40295387095435,143.65686481758905,143.40295387095435,0,0,0,0,0,148.935,139.95499999999998,152.39,136.5,145.48,141.4975350177539,138.48246498224609,,,,,29940306,0.73,0.68,-2.786990643114064,-1.6633990457531822,-0.7246599709048611,-319.1486014340022,-184.8188316132669,-184.8188316132669,-141.60102442474266,-141.60102442474266,228.05450203679783,-368.7533826447865,,,13.37520042757884,4.236003898583405,4.064654550860656,,
1744119000,139.43,139.439,131.28,132.98,143.63250344932214,142.93475960150516,143.63250344932214,142.93475960150516,0,1,0,0,0,148.935,139.95499999999998,152.39,136.5,145.48,141.50881801887758,138.47118198112244,,,,,20860411,0.72,0.68,-2.7252553357731366,-1.9873541893016466,-0.916531176690059,-242.40143116760427,-190.9275421265275,-190.9275421265275,-158.04319699200428,-158.04319699200428,168.01568907113193,-368.7533826447865,,,12.29289150187066,4.551960275182905,4.081094584728808,,
1744205400,130.13,139.235,129.68,138.76,143.60502591995288,142.4228082445834,143.60502591995288,142.4228082445834,0,0,0,0,0,148.935,139.95499999999998,152.39,136.5,145.48,141.68464008048747,138.29535991951255,,,,,39444680,0.74,0.65,-1.222249108767021,-1.046842837469163,-0.499903088431252,-259.287236786678,-176.2133189448867,-176.2133189448867,-164.09990430963177,-164.09990430963177,168.01568907113193,-368.7533826447865,,,13.361838588989844,4.897445699253765,4.0996375297922665,,
1744291800,137.7,137.74,131.33,134.89,143.58086702700592,141.99499223499188,143.58086702700592,141.99499223499188,0,0,0,0,0,148.935,139.95499999999998,152.39,136.5,145.48,141.75201696681407,138.22798303318595,,,,,21957352,0.7,0.65,-1.9936453388983433,-1.3864402064445367,-0.7843717996186831,-234.7981732092298,-180.19872740933002,-180.19872740933002,-169.46617867619784,-169.46617867619784,168.01568907113193,-368.7533826447865,,,12.259486905398179,5.1861531975339386,4.115940925148123,,
1744378200,135.15,137.76,133.65,136.87,143.56134541456436,141.67402391205104,143.56134541456436,141.67402391205104,0,0,0,0,0,148.935,139.95499999999998,152.39,136.5,145.48,141.76957098585237,138.21042901414765,,,,,10755630,0.7,0.64,-1.5173372804686502,-1.3401491557427618,-0.6831893003864961,-200.36506563366643,-167.3510661120342,-167.3510661120342,-163.12084098370693,-163.12084098370693,168.01568907113193,-368.7533826447865,,,10.70951362907536,5.402755567398308,4.12911489658454,,
1744637400,138.21,139.04,136.96,138.54,143.54841005909068,141.4941484645196,143.54841005909068,141.4941484645196,0,0,0,0,0,148.935,139.95499999999998,152.39,136.5,145.48,141.76772229464441,138.2122777053556,,,,,7437345,0.71,0.64,-1.4771615369601723,-1.2303393294961995,-0.5631338326491271,-151.23851991163414,-150.84426281348578,-150.84426281348578,-117.83065621638895,-117.83065621638895,168.01568907113193,-368.7533826447865,,,8.49812934259754,5.524142774268866,4.137844196176974,,
1744723800,139,139.045,137.29,137.69,143.53615329573586,141.33413872081297,143.53615329573586,141.33413872081297,0,0,0,0,0,148.935,139.95499999999998,152.39,136.5,145.48,141.7618293012076,138.21817069879245,,,,,6239000,0.69,0.63,-1.1364525772938054,-1.179451382760763,-0.59763300414388,-146.34070719614476,-125.10704163059776,-125.10704163059776,-73.63259926482169,-73.63259926482169,168.01568907113193,-368.7533826447865,,,8.277659005879219,5.632123802959469,4.146115554438117,,
1744810200,138.12,138.62,135.64,136.29,143.52065728515498,141.11634504548698,143.52065728515498,141.11634504548698,0,0,0,0,0,148.935,139.95499999999998,152.39,136.5,145.48,141.76858900583758,138.21141099416246,,,,,8150800,0.7,0.64,-1.5955139374646568,-1.4845355171809518,-0.6823087461180217,-170.82977077359294,-100.97098416215906,-100.97098416215906,-52.69886922528165,-52.69886922528165,168.01568907113193,-368.7533826447865,,,9.380010689470884,5.77909975929325,4.156572887375245,,
1744896600,135.34,136.57,135.1,135.49,143.50412410376606,140.88612759272277,143.50412410376606,140.88612759272277,0,0,0,0,0,148.935,139.95499999999998,152.39,136.5,145.48,141.76925567878757,138.21074432121245,,,,,9662773,0.69,0.63,-1.5418472589572791,-1.5395532793570237,-0.637695549815641,-178.8443733989395,-87.05216869375316,-87.05216869375316,-59.21453775694136,-59.21453775694136,168.01568907113193,-368.7533826447865,,,9.740780331373605,5.9344597817277736,4.167730145005612,,
1745242200,135.19,135.36,131.56,132.57,143.48062175790437,140.52750298124346,143.48062175790437,140.52750298124346,0,0,0,0,0,148.935,139.95499999999998,152.39,136.5,145.48,141.8043995235942,138.1756004764058,,,,,6456085,0.66,0.63,-0.5700778586208205,-1.8391310368032912,-0.7698887686983255,-231.3845461651008,-85.96327270192495,-85.96327270192495,-83.78548071826853,-83.78548071826853,168.01568907113193,-368.7533826447865,,,12.105825761624804,6.176474133880598,4.183590475907947,,
1745328600,133.64,135.28,133.135,135.06,143.46028175439207,140.24408913884176,143.46028175439207,140.24408913884176,0,0,0,0,0,148.935,139.95499999999998,152.39,136.5,145.48,141.81129883404907,138.16870116595098,,,,,8012486,0.68,0.64,0.12300094331189924,-1.382114488645026,-0.6225426118582981,-208.0086218411732,-92.29519661328776,-92.29519661328776,-88.07391400571255,-88.07391400571255,168.01568907113193,-368.7533826447865,,,11.053580972741859,6.367733225600648,4.197316730646876,,
1745415000,136.54,137.925,135.13,135.73,143.4439285440936,140.04924250594598,143.4439285440936,140.04924250594598,0,0,0,0,0,148.935,139.95499999999998,152.39,136.5,145.48,141.8139324759088,138.1660675240912,,,,,9503247,0.66,0.64,0.5809332871425658,-1.1470657030004745,-0.5439013280741146,-178.39911769753132,-83.63625042225947,-83.63625042225947,-74.7609232553533,-74.7609232553533,168.01568907113193,-368.7533826447865,,,9.72073757349012,6.499223592184548,4.208352536526683,,
1745501400,135.95,137.54,135.12,137.39,143.4275882273222,139.86164868218341,143.4275882273222,139.86164868218341,0,0,0,0,0,148.935,139.95499999999998,152.39,136.5,145.48,141.81136201205715,138.16863798794287,,,,,5432961,0.67,0.64,-0.27595528398434427,-0.8046162193110817,-0.31134255289740453,-162.88975861777834,-70.21243872672497,-70.21243872672497,-43.364815335655955,-43.364815335655955,168.01568907113193,-368.7533826447865,,,9.727418492784608,6.625819470639453,4.219379641334391,,
1745587800,137.59,138.2,135.88,138.05,143.4127838552396,139.71091736131348,143.4127838552396,139.71091736131348,0,0,0,0,0,148.935,139.95499999999998,152.39,136.5,145.48,141.81350294009818,138.16649705990184,,,,,6438431,0.65,0.64,0.6549248113448859,-0.6486371911093833,-0.19561612853177496,-151.52187831020166,-50.142315442258486,-50.142315442258486,-10.00206887332552,-10.00206887332552,168.01568907113193,-368.7533826447865,,,9.219668626403001,6.727539045375278,4.229370228717145,,
1745847000,138.24,139.0397,137.4,138.6,143.40101565572866,139.62510883734038,143.40101565572866,139.62510883734038,0,0,0,0,0,148.935,139.95499999999998,152.39,136.5,145.48,141.7696364297364,138.2103635702636,,,,,5803428,0.66,0.64,0.3532667707469183,-0.7047737873487621,-0.1579258736971518,-128.78611769504784,-24.017089574200902,-24.017089574200902,28.233362161914258,28.233362161914258,168.01568907113193,-368.7533826447865,,,8.204168893639766,6.7854460982483955,4.237311884391316,,
1745933400,138.42,139.97,137.73,139.28,143.38992371635658,139.555477118229,143.38992371635658,139.555477118229,0,0,0,0,0,148.935,139.95499999999998,152.39,136.5,145.48,141.76931055441918,138.21068944558084,,,,,7812100,0.68,0.64,0.14912456043986871,-0.8225769510483396,-0.0020040582837168594,-123.85006440360024,7.159702382720905,7.159702382720905,69.51328629656453,69.51328629656453,168.01568907113193,-368.7533826447865,,,7.983698556921444,6.832436390745378,4.244797172448319,,
1746019800,139.55,140.795,138.26,140.47,143.37990229034986,139.50915252535728,143.37990229034986,139.50915252535728,0,0,0,0,0,148.935,139.95499999999998,152.39,136.5,145.48,141.7743378531261,138.20566214687392,,,,,6827847,0.68,0.65,0.5619932939203537,-0.6971450795539438,0.08397839966624443,-115.92246366279007,41.45731482326967,41.45731482326967,110.0525397043672,110.0525397043672,168.01568907113193,-368.7533826447865,,,7.629609834313211,6.863698094414705,4.251560034909588,,
1746106200,138.81,139.11,136.47,136.64,143.36636022783168,139.39515046553933,143.36636022783168,139.39515046553933,0,0,0,0,0,146.72,121.75,154.63,113.84,138.81,141.82278623974724,138.15721376025277,,,,,10363184,0.66,0.63,0.0695779876383997,-1.0945091046033608,-0.044722047050071295,-118.50698029547164,59.92425021199247,59.92425021199247,96.85812098943809,96.85812098943809,168.01568907113193,-368.7533826447865,,,8.825494388027797,6.940631282399532,4.260698764885848,,
1746192600,138.79,139.01,137.55,138.53,143.35498148611774,139.32754848649859,143.35498148611774,139.32754848649859,0,0,0,0,0,146.72,121.75,154.63,113.84,138.81,141.84089765793348,138.13910234206654,,,,,9777135,0.66,0.64,0.6058518129375705,-0.8992665065311373,0.14860355856263283,-102.16118990988919,68.45399663543645,68.45399663543645,85.5134894823244,85.5134894823244,168.01568907113193,-368.7533826447865,,,8.103955104222338,6.986251824431799,4.268377598730676,,
1746451800,138.25,138.675,137.58,138.14,143.3436848198118,139.2637622713418,143.3436848198118,139.2637622713418,0,0,0,0,0,146.72,121.75,154.63,113.84,138.81,141.83920048440606,138.14079951559395,,,,,5479960,0.65,0.64,1.135419401379344,-0.9003723247993279,0.009138482122879776,-84.6858425592721,69.00442472135163,69.00442472135163,70.10528089318198,70.10528089318198,168.01568907113193,-368.7533826447865,,,8.083912346338852,7.02929733509482,4.276001044779843,,
1746538200,137.13,137.19,133.97,134.33,143.32527006492705,139.06232453521073,143.32527006492705,139.06232453521073,0,0,0,0,0,146.72,121.75,154.63,113.84,138.81,141.89818608744145,138.08181391255857,,,,,11625944,0.63,0.63,-0.1423657918921943,-1.3248803680876464,-0.2796903975649643,-101.05976293973993,26.726164422956096,26.726164422956096,54.911671288553116,54.911671288553116,168.01568907113193,-368.7533826447865,,,10.495724211651527,7.165235643979397,4.288428064094272,,
1746624600,134.75,135.75,134.4,135.36,143.30774265220992,138.8854804357907,143.30774265220992,138.8854804357907,0,0,0,0,0,146.72,121.75,154.63,113.84,138.81,141.8950651216827,138.0849348783173,,,,,6440514,0.63,0.63,-0.07166260073312955,-1.0353895582536923,-0.24907328903925463,-92.81876982995689,-14.811498489207565,-14.811498489207565,31.670614695966222,31.670614695966222,159.1685226429086,-368.7533826447866,,,10.208444681988242,7.284577174881704,4.300256269125029,,
1746711000,134.41,135.33,133.685,134.14,143.28883597358413,138.6878125755636,143.28883597358413,138.6878125755636,0,0,0,0,0,146.72,121.75,154.63,113.84,138.81,141.89513209057938,138.08486790942064,,,,,10558242,0.63,0.63,-0.6239996321908843,-1.115354094333535,-0.34390783167159905,-103.75211751173934,-50.22294273980369,-50.22294273980369,4.3727622173762555,4.3727622173762555,159.1685226429086,-368.7533826447866,,,10.686130411544632,7.4179714194567214,4.313015258420573,,
1746797400,134.31,134.77,132.62,132.68,143.2678604771334,138.45654933730623,143.2678604771334,138.45654933730623,0,0,0,0,0,146.72,121.75,154.63,113.84,138.81,141.9015498204646,138.07845017953542,,,,,7555209,0.63,0.63,-1.024251490439955,-1.2887890766313232,-0.3960558795293534,-120.03745356921941,-83.55266198559701,-83.55266198559701,-24.935712516948165,-24.935712516948165,159.1685226429086,-368.7533826447866,,,11.39764831640834,7.574037180121491,4.327170369425543,,
1747056600,132.875,136.13,132.64,135.96,143.2469664502061,138.23513171623537,143.2469664502061,138.23513171623537,0,0,0,0,0,146.72,121.75,154.63,113.84,138.81,141.9548835582086,138.02511644179143,,,,,15211487,0.63,0.63,-0.49091109597986854,-0.8813478234391183,-0.08012539019199308,-119.73162566203696,-83.77396170404025,-83.77396170404025,-44.548462245978854,-44.548462245978854,159.1685226429086,-368.7533826447866,,,11.38428647781936,7.723458721207682,4.341270501510246,,
1747143000,133.94,133.94,131.83,131.87,143.2245119717841,137.99095008030457,143.2245119717841,137.99095008030457,0,0,0,0,0,146.72,121.75,154.63,113.84,138.81,142.0210282851041,137.95897171489588,,,,,17816962,0.61,0.61,-1.3382750087557045,-1.4064428812227219,-0.3474127730209037,-126.07990315343777,-109.2189358514683,-109.2189358514683,-66.105286781142,-66.105286781142,135.04258797212282,-368.75338264478654,,,11.925440940673433,7.888242337657319,4.3564236892008825,,
1747229400,132.275,132.55,128.68,128.77,143.19587158822407,137.6340500771554,143.19587158822407,137.6340500771554,0,0,0,0,0,146.72,121.75,154.63,113.84,138.81,141.56048776764462,137.43951223235538,,,,,19579482,0.62,0.62,-2.0611750589536793,-1.4522591573354051,-0.5298996282064777,-172.0465345114621,-143.13085733883497,-143.13085733883497,-91.78047696703965,-91.78047696703965,135.04258797212282,-368.75338264478654,,,14.029930518439338,8.12909285455073,4.375751375173387,,
1747315800,128.47,130.54,127.35,130.46,143.16465765897686,137.2395108584434,143.16465765897686,137.2395108584434,0,0,0,0,0,146.72,121.75,154.63,113.84,138.81,140.89975604489496,136.770243955105,,,,,18792674,0.6,0.62,-1.11862306254149,-1.3695638331220994,-0.504290762259118,-191.45466775151698,-162.9714332011326,-162.9714332011326,-115.5107957117373,-115.5107957117373,135.04258797212282,-368.75338264478654,,,14.91849278460717,8.395343832200004,4.396815793573854,,
1747402200,130.7,133.14,130.31,133.09,143.1393610402776,136.97536141301427,143.1393610402776,136.97536141301427,0,0,0,0,0,146.72,121.75,154.63,113.84,138.81,140.9274940220983,136.74250597790166,,,,,12901782,0.59,0.63,-0.9605732497266926,-0.9906445094115753,-0.3478016012507325,-148.26062685635756,-148.2886244243652,-148.2886244243652,-126.4367386159466,-126.4367386159466,135.04258797212282,-368.75338264478654,,,12.940940673436668,8.573602531856343,4.413886972154998,,
1747661400,133.02,134.435,132.645,134.37,143.11873364559176,136.81222371054312,143.11873364559176,136.81222371054312,0,0,0,0,0,146.72,121.75,154.63,113.84,138.81,140.9359991062116,136.73400089378836,,,,,11645235,0.61,0.63,-0.6689290505298987,-0.0951930690728066,-0.31228467207946536,-114.1869493258855,-120.03051148790229,-120.03051148790229,-107.21805723181366,-107.21805723181366,135.04258797212282,-368.75338264478654,,,11.380946018172097,8.68369443328049,4.427807170049138,,
1747747800,134.4,135.0899,134.185,134.7,143.10119361832784,136.71527180032572,143.10119361832784,136.71527180032572,0,0,0,0,0,146.72,121.75,154.63,113.84,138.81,140.92234036178576,136.74765963821423,,,,,11644698,0.61,0.62,0.06756303017137766,0.02422268121904854,-0.3336213852814995,-91.71437399529597,-100.78020420780102,-100.78020420780102,-62.27958964759848,-62.27958964759848,135.04258797212282,-368.75338264478654,,,10.352084446819886,8.749121492634975,4.439643887884844,,
1747834200,133.56,134.14,131.52,131.58,143.078417207502,136.5186572199208,143.078417207502,136.5186572199208,0,0,0,0,0,146.72,121.75,154.63,113.84,138.81,140.95346827686694,136.71653172313302,,,,,16635924,0.59,0.61,-0.6748978493571508,-0.14689860438230656,-0.46498670648511115,-130.60360338232272,-82.09156065329685,-82.09156065329685,-44.7142735442885,-44.7142735442885,135.04258797212282,-368.75338264478654,,,12.132549438802776,8.881804941504301,4.455014328546019,,
1747920600,130.63,131.24,129.98,130.55,143.05264015014436,136.2699647799239,143.05264015014436,136.2699647799239,0,0,0,0,0,146.72,121.75,154.63,113.84,138.81,140.95519168325282,136.71480831674714,,,,,12722641,0.59,0.61,-0.6459233302621045,-0.824447609747715,-0.620461254726397,-153.07617871291268,-73.45898982674453,-73.45898982674453,-56.19384817363989,-56.19384817363989,135.04258797212282,-368.75338264478654,,,13.161411010155009,9.049632630470995,4.472409726511271,,
1748007000,129.93,130.595,129.5465,130.34,143.02605712287135,136.01419498463278,143.02605712287135,136.01419498463278,0,0,0,0,0,146.72,121.75,154.63,113.84,138.81,140.9479802844611,136.7220197155389,,,,,9127098,0.6,0.62,-0.425846396790052,-0.47023353401804624,-0.5553546573933311,-159.40206274265952,-72.72332276223935,-72.72332276223935,-71.25198863322899,-71.25198863322899,135.04258797212282,-368.75338264478654,,,13.451028861571352,9.222236404239636,4.490349025482421,,
1748352600,131.43,132.39,131.16,132.16,143.00271874700147,135.83109714209814,143.00271874700147,135.83109714209814,0,0,0,0,0,146.72,121.75,154.63,113.84,138.81,140.9580494729404,136.7119505270596,,,,,12304443,0.59,0.62,-0.6735734415332678,-0.4788114493849935,-0.48061200037838125,-135.85693268038284,-70.34859503169538,-70.34859503169538,-65.59913957060745,-65.59913957060745,135.04258797212282,-368.75338264478654,,,12.373062533404603,9.345798213226498,4.5060987028209265,,
1748439000,132.11,132.58,131.13,131.48,142.97936766059388,135.65401490123156,142.97936766059388,135.65401490123156,0,0,0,0,0,146.72,121.75,154.63,113.84,138.81,140.95677342253316,136.71322657746677,,,,,11087470,0.59,0.62,-0.0712414500346875,-0.708733628523193,-0.5490360566823749,-136.29471012188785,-65.41387520860702,-65.41387520860702,-55.54443556243031,-55.54443556243031,135.04258797212282,-368.75338264478654,,,12.393105291288089,9.465300451581854,4.521856957742939,,
1748525400,131.68,132.76,131.285,132.36,142.95636982311018,135.4898947090264,142.95636982311018,135.4898947090264,0,0,0,0,0,146.72,121.75,154.63,113.84,138.81,140.96153078117254,136.70846921882742,,,,,10673735,0.59,0.62,0.6706215473818034,-0.5376033078504928,-0.44729824398256446,-134.03286000744535,-55.230142686998974,-55.230142686998974,-34.862677643782874,-34.862677643782874,135.04258797212282,-368.75338264478654,,,12.289551042223417,9.576055376705053,4.537376826043599,,
1748611800,132.07,133.335,130.88,132.64,142.5513401573486,134.9684505593645,142.5513401573486,134.9684505593645,0,0,0,0,0,146.72,121.75,154.63,113.84,138.81,140.94983163347095,136.720168366529,,,,,11651333,0.6,0.61,0.4030873424431445,-0.37298235521826345,-0.5563663270497474,-139.9428554677628,-40.65802177910999,-40.65802177910999,-11.51377996333202,-11.51377996333202,135.04258797212282,-368.75338264478654,,,12.325830653804934,9.683889701297206,4.552938172352812,,
1748871000,132.3,132.78,131.11,132.72,142.52884337381744,134.82426426291883,142.52884337381744,134.82426426291883,0,0,0,0,0,138.18,121.46999999999998,144.06000000000003,115.58999999999997,132.3,140.92894280744895,136.70455719255108,,,,,11845031,0.6,0.61,-0.06706137634628236,-0.28472661331856186,-0.5349923048133678,-109.79328455566554,-21.066045420651406,-21.066045420651406,18.117907296265763,18.117907296265763,135.04258797212282,-368.75338264478654,,,12.171757770632361,9.781453154996624,4.568160589132591,,
1748957400,132.37,133.52,131.725,133.03,140.97345907109107,133.31190728221685,140.97345907109107,133.31190728221685,0,0,0,0,0,138.18,121.46999999999998,144.06000000000003,115.58999999999997,132.3,140.92607500697176,136.70742499302827,,,,,14304622,0.6,0.62,-0.24070607997188617,0.04835445881987898,-0.6170521963722746,-100.69316730475822,5.068803070554274,5.068803070554274,57.338500052965635,57.338500052965635,135.04258797212282,-368.75338264478654,,,10.797724656328295,9.821306939362572,4.58060727058553,,
1749043800,133.43,134.33,133.29,133.29,140.4629572400427,132.8654529636607,140.4629572400427,132.8654529636607,0,0,0,0,0,138.18,121.46999999999998,144.06000000000003,115.58999999999997,132.3,140.91700016187514,136.7164998381249,,,,,9986080,0.6,0.63,-0.2528470896372407,-0.1827647075308526,-0.6148516676241599,-71.96776131938626,38.072998231074955,38.072998231074955,104.08138855211632,104.08138855211632,135.04258797212282,-368.75338264478654,,,9.418960244648327,9.805528637609072,4.590274309494746,,
1749130200,133.62,133.905,132.57,133.11,140.44747840439825,132.8595842199877,140.44747840439825,132.8595842199877,0,0,0,0,0,138.18,121.46999999999998,144.06000000000003,115.58999999999997,132.3,140.91695611092254,136.71654388907749,,,,,13705543,0.6,0.64,0.28108731167547835,-0.26940429054803794,-0.7885811976303521,-51.10980791797108,67.58459634414808,67.58459634414808,126.60779257029435,126.60779257029435,135.04258797212282,-368.75338264478654,,,9.908256880733953,9.80955719616299,4.600899649297422,,
1749216600,133.81,134.84,133.79,134.38,140.43444368231155,132.9013103290078,140.43444368231155,132.9013103290078,0,0,0,0,0,138.18,121.46999999999998,144.06000000000003,115.58999999999997,132.3,140.7363102096851,136.5236897903149,,,,,9153482,0.61,0.65,0.710887493865029,-0.3064994651190303,-0.6692363135829444,-32.71630772330312,96.44100495896662,96.44100495896662,154.1538221886037,154.1538221886037,135.04258797212282,-368.75338264478654,,,9.079170914033307,9.780914596863786,4.609847244231959,,
1749475800,134.35,134.81,133.39,134.15,140.4206437948344,132.92587070826238,140.4206437948344,132.92587070826238,0,0,0,0,0,138.18,121.46999999999998,144.06000000000003,115.58999999999997,132.3,139.70227169241303,135.53272830758698,,,,,9976863,0.6,0.65,0.7103397872319202,-0.3963569250993847,-0.6400776237850585,-38.74696352483369,120.5323762698362,120.5323762698362,168.7151188915754,168.7151188915754,135.04258797212282,-368.75338264478654,,,9.351002378525328,9.764055294183846,4.619320081663115,,
1749562200,134.27,136.09,134.25,135.68,140.4085725784611,132.98285617068348,140.4085725784611,132.98285617068348,0,0,0,0,0,138.18,121.46999999999998,144.06000000000003,115.58999999999997,132.3,139.58030801467254,135.40469198532747,,,,,11488020,0.61,0.64,0.6449914949636063,-0.294557678426886,-0.6388045261869753,-26.8825759712756,144.01058667102245,144.01058667102245,190.96700747339494,190.96700747339494,156.5677966101652,-368.7533826447865,,,8.766564729867486,9.724938017151832,4.62760628475643,,
1749648600,135.71,136.57,135.34,135.75,140.3986815243583,133.07992455614686,140.3986815243583,133.07992455614686,0,0,0,1,0,138.18,121.46999999999998,144.06000000000003,115.58999999999997,132.3,139.57471596372633,135.4102840362737,,,,,13644041,0.63,0.64,0.7868710764130126,-0.3545363116038434,-0.6114850449187359,-9.74689889017013,164.28347523510482,164.28347523510482,204.82925236326955,204.82925236326955,156.5677966101652,-368.7533826447865,224.82925236326955,,8.025823989126742,9.658306094484182,4.634395930519408,,
1749735000,135.76,136.84,135.485,136.81,140.38909704578813,133.17881575002346,140.38909704578813,133.17881575002346,0,0,0,1,0,138.18,121.46999999999998,144.06000000000003,115.58999999999997,132.3,139.57871551124035,135.40628448875967,,,,,9809545,0.66,0.64,0.8140552341392374,-0.3642398816196612,-0.5818985943903624,-21.381825582011317,181.74751474455172,181.74751474455172,216.67559376344553,216.67559376344553,173.85403990116384,-368.7533826447865,236.67559376344553,,7.927285083248379,9.590422917572974,4.640975129625759,,
1749821400,136.06,137.33,135.68,136.13,140.37991743131104,133.28139944610098,140.37991743131104,133.28139944610098,0,0,0,1,0,138.18,121.46999999999998,144.06000000000003,115.58999999999997,132.3,139.574701803514,135.41029819648605,,,,,13722759,0.65,0.63,0.6420146706028537,-0.05258062376381497,-0.6034788308222698,-18.235066345413507,192.83307693571328,192.83307693571328,215.00420131803637,215.00420131803637,173.85403990116384,-368.7533826447865,235.00420131803637,,7.794767244308527,9.520005048033193,4.647276412572178,,
1750080600,136.42,136.83,135.08,135.71,140.3695693445352,133.35666613448916,140.3695693445352,133.35666613448916,0,0,0,0,0,138.18,121.46999999999998,144.06000000000003,115.58999999999997,132.3,139.56134608552262,135.4236539144774,,,,,14170992,0.64,0.63,0.5496410651394036,-0.2867404774095568,-0.69793074252293,-27.917402458022394,194.17779041622413,194.17779041622413,196.86721737724582,196.86721737724582,173.85403990116384,-368.7533826447865,,,8.202514441046546,9.46833874971999,4.654379785256443,,
1750167000,135.1,135.41,133.29,133.47,140.35570127391674,133.35948707039154,140.35570127391674,133.35948707039154,0,0,0,0,0,138.18,121.46999999999998,144.06000000000003,115.58999999999997,132.3,139.57792634006861,135.4070736599314,,,,,13506002,0.64,0.61,0.08054624607948678,-0.47531226468631915,-0.7531507269512888,-44.57870781317994,137.7910392120284,137.7910392120284,175.38220668149222,175.38220668149222,173.85403990116387,-251.9812388808092,,,9.418960244648327,9.466402337756396,4.663899426533948,,
1750253400,133.48,134.12,132.49,133.24,139.25506503976197,132.33804547983524,139.25506503976197,132.33804547983524,0,0,0,0,0,138.18,121.46999999999998,144.06000000000003,115.58999999999997,132.3,139.57761828714308,135.4073817128569,,,,,12185261,0.65,0.61,-0.00913626687281117,-0.11410093319845024,-0.7312903103366373,-53.38149299038178,75.47024419532698,75.47024419532698,142.0782191861038,142.0782191861038,173.8540399011639,-201.46366962885776,,,9.259639750701995,9.458294001009165,4.673081724883935,,
1750426200,133.7,133.8,132.41,132.6,139.24166031440782,132.3462005590574,139.24166031440782,132.3462005590574,0,0,0,0,0,138.18,121.46999999999998,144.06000000000003,115.58999999999997,132.3,139.55517281902024,135.38482718097976,,,,,13745102,0.65,0.61,-0.09481049571349105,-0.2913097588021031,-0.7724171554402314,-54.37003915687048,21.768075979139972,21.768075979139972,101.97483811711587,101.97483811711587,173.8540399011639,-201.46366962885776,,,9.314430518457636,9.452652295811065,4.682355149046919,,
1750685400,132.06,132.74,130.98,132.16,139.2254538002931,132.2985181841924,139.2254538002931,132.2985181841924,0,0,0,0,0,138.18,121.46999999999998,144.06000000000003,115.58999999999997,132.3,139.5552810143721,135.38471898562793,,,,,14181644,0.66,0.61,-0.40918809022973474,-0.21108185781077526,-0.7841836229376776,-79.55398697177309,-26.8950256660169,-26.8950256660169,59.01821685607162,59.01821685607162,173.8540399011639,-201.46366962885776,,,10.293815492089585,9.485639087821987,4.6935668580240275,,
1750771800,132.51,134.08,132,133.78,139.2112972492436,132.29230570638094,139.2112972492436,132.29230570638094,0,0,0,0,0,138.18,121.46999999999998,144.06000000000003,115.58999999999997,132.3,139.5668332896401,135.3731667103599,,,,,11272914,0.63,0.62,-0.06800912821055592,0.11802737701580572,-0.6786475710231957,-66.60377353459724,-43.096861902691096,-43.096861902691096,24.979857269817387,24.979857269817387,173.8540399011639,-201.46366962885776,,,9.595233203205254,9.48993689626839,4.7033603971752385,,
1750858200,133.52,134.295,132.77,133.9,139.19869205993442,132.31623097279737,139.19869205993442,132.31623097279737,0,0,0,0,0,138.18,121.46999999999998,144.06000000000003,115.58999999999997,132.3,139.06543945537635,134.90456054462368,,,,,11996841,0.64,0.61,-0.32497175908838905,-0.21668901278205455,-0.7044841504277534,-55.94163099371563,-36.071971562988004,-36.071971562988004,4.629247658882257,4.629247658882257,173.8540399011639,-201.46366962885776,,,9.067872063557278,9.473385334201287,4.7120807002049725,,
1750944600,134.18,135.16,133.745,134.22,137.56103447675733,130.88754489691928,137.56103447675733,130.88754489691928,0,0,0,0,0,138.18,121.46999999999998,144.06000000000003,115.58999999999997,132.3,139.06596851504273,134.90403148495733,,,,,13177723,0.61,0.62,-0.2791429917378998,0.25482167432038705,-0.6032134094336173,-42.44086608805411,-12.604067894476604,-12.604067894476604,-1.1151908589040298,-1.1151908589040298,173.8540399011639,-201.46366962885776,,,7.314622314622318,9.388727960884465,4.717280583550462,,
1751031000,134.32,135.13,133.7,133.93,137.5535319103702,131.00199411664795,137.5535319103702,131.00199411664795,0,0,0,0,0,138.18,121.46999999999998,144.06000000000003,115.58999999999997,132.3,139.06546383953807,134.90453616046193,,,,,13818457,0.62,0.62,-0.5217049430920168,0.5733564273625502,-0.6053367758196654,-43.06397831446948,1.4864054288752873,1.4864054288752873,6.689598004433922,6.689598004433922,173.8540399011639,-201.46366962885776,,,7.34580734580736,9.308613426959873,4.722532385273253,,
1751290200,133.9,134.95,133.8,134.79,136.43314822176404,130.09485438260094,136.43314822176404,130.09485438260094,0,0,0,0,0,138.18,121.46999999999998,144.06000000000003,115.58999999999997,132.3,139.06931017114096,134.90068982885904,,,,,12407654,0.62,0.62,-0.24358332064556046,0.47418355430738823,-0.6541336355659614,-41.67928447799106,13.831938855091717,13.831938855091717,38.52300570752458,38.52300570752458,173.8540399011639,-201.46366962885776,,,6.518549570320677,9.199199158072062,4.726120831197424,,
1751376600,134.58,137.76,134.46,136.71,133.89884963221286,127.9454587954559,133.89884963221286,127.9454587954559,0,0,0,0,0,140.50500000000002,131.405,143.68000000000004,128.23,134.58,138.49796742838396,134.33203257161603,,,,,21204317,0.66,0.63,0.1816856129204246,0.38719960620164956,-0.5867418106786199,-32.54030515723556,37.524643552084925,37.524643552084925,84.91005294607135,84.91005294607135,173.8540399011639,-201.46366962885776,,,4.278493628532776,9.006230313776404,4.72522647115214,,
1751463000,136.025,136.29,135.24,135.36,133.9016337488318,128.23357021524194,133.9016337488318,128.23357021524194,0,0,0,0,0,140.50500000000002,131.405,143.68000000000004,128.23,134.58,138.33472282621818,134.20527717378178,,,,,13720388,0.63,0.62,0.34898035711459163,0.10483229393133757,-0.6210393846002932,-24.1827911165102,60.9826526466309,60.9826526466309,107.89867083572287,107.89867083572287,173.8540399011639,-201.46366962885776,,,3.723214921335509,8.799053239563037,4.723224450073585,,
1751549400,135.55,135.9,135.165,135.5,133.90426395113187,128.50747138327168,133.90426395113187,128.50747138327168,0,0,0,0,0,140.50500000000002,131.405,143.68000000000004,128.23,134.58,138.33084682015627,134.2091531798437,,,,,7282662,0.6,0.63,0.4181805301611593,0.0845379588454632,-0.6747239992789377,-25.83778365670974,78.5609786888694,78.5609786888694,113.71763077334641,113.71763077334641,173.8540399011639,-201.46366962885776,,,3.7766071047198735,8.602094567608402,4.721333106726225,,
1751895000,135.45,135.45,133.65,134.36,133.90389219498573,128.7118136819669,133.90389219498573,128.7118136819669,0,0,0,0,0,140.50500000000002,131.405,143.68000000000004,128.23,134.58,136.56484923362248,132.49515076637752,,,,,14052702,0.63,0.62,0.3266493146189309,0.30019737754985887,-0.8005554845647738,-49.63367559586759,81.48585780713084,81.48585780713084,87.33561604365374,87.33561604365374,173.8540399011639,-201.46366962885776,,,4.855129209083786,8.455154749627045,4.72160043160606,,
1751981400,134.26,136.22,134.01,134.97,133.90423326952123,128.9221190277721,133.90423326952123,128.9221190277721,0,0,0,0,0,140.50500000000002,131.405,143.68000000000004,128.23,134.58,135.86933528897816,132.2756647110218,,,,,19486044,0.62,0.62,0.5228405667701339,0.48067081378020415,-0.712543958002833,-43.9792062241867,67.2819511493599,67.2819511493599,76.75122225454052,76.75122225454052,173.8540399011639,-201.46366962885776,,,4.598846728838904,8.303926984105942,4.721355169462669,,
1752067800,135.25,135.92,134.42,135.49,133.90538465160012,129.1400947521732,133.90538465160012,129.1400947521732,0,0,0,0,0,140.50500000000002,131.405,143.68000000000004,128.23,134.58,135.86757949599289,132.27742050400707,,,,,13963895,0.63,0.63,0.3141276548745797,0.5606220025020504,-0.6526963699402978,-37.53939388421658,62.82540297545256,62.82540297545256,72.10928249484454,72.10928249484454,173.8540399011639,-201.46366962885776,,,4.306969459671112,8.147183551775164,4.720527225986562,,
1752154200,135.51,137.63,135,136.32,133.90768098596254,129.37204005600955,133.90768098596254,129.37204005600955,0,0,0,0,0,140.50500000000002,131.405,143.68000000000004,128.23,134.58,135.85995640330373,132.28504359669623,,,,,17670454,0.64,0.64,0.44382044982297003,0.4462777076096813,-0.6930812701741165,-28.429415452063466,75.79536091025585,75.79536091025585,83.1675177410785,83.1675177410785,173.8540399011639,-201.46366962885776,,,3.8940699081654437,7.9803947814375285,4.718875962614292,,
1752240600,135.88,135.88,134.35,135.19,133.9086870179586,129.56965417146017,133.9086870179586,129.56965417146017,0,0,0,0,0,140.50500000000002,131.405,143.68000000000004,128.23,134.58,135.71504987068917,132.4299501293108,,,,,14246953,0.65,0.64,0.17771798124591873,0.40061799987999813,-0.7885747770786555,-38.63887403982114,74.12419408761184,74.12419408761184,75.23830530270784,75.23830530270784,173.8540399011639,-201.46366962885776,,,4.356802164163169,7.838293110171867,4.718152538441562,,
1752499800,134.65,135.31,134.4,135.03,133.90978994099967,129.76145989022643,133.90978994099967,129.76145989022643,0,0,0,0,0,140.50500000000002,131.405,143.68000000000004,128.23,134.58,135.64512572642528,132.49987427357473,,,,,11095395,0.65,0.64,0.20198103108429474,0.2864109673255894,-0.727966685948736,-37.85353107153191,48.43670914872067,48.43670914872067,66.30443991804545,66.30443991804545,173.8540399011639,-201.46366962885776,,,4.32120737524026,7.700368179390236,4.7173594412123885,,
1752586200,135.23,135.4729,132.47,132.6,133.9070730779807,129.8708144043352,133.9070730779807,129.8708144043352,0,0,0,0,0,140.50500000000002,131.405,143.68000000000004,128.23,134.58,135.654307720078,132.490692279922,,,,,17095552,0.65,0.63,-0.39826073879503726,-0.0042678181327808155,-0.9323605527364409,-68.16776964748915,2.0738040316459916,2.0738040316459916,44.8942279559123,44.8942279559123,173.8540399011639,-201.46366962885776,,,5.69516622766427,7.621732808734316,4.719313101125379,,
1752672600,133.14,134.4151,133,134.25,133.90540999490779,129.9964569767142,133.90540999490779,129.9964569767142,0,0,0,0,0,140.50500000000002,131.405,143.68000000000004,128.23,134.58,135.65485751564995,132.49014248435003,,,,,14142114,0.66,0.64,-0.4392952545779043,0.16248606396479273,-0.8188377065451533,-58.31507310861339,-27.48886792094499,-27.48886792094499,20.766529330293206,20.766529330293206,173.8540399011639,-201.46366962885776,,,5.317861465081512,7.531384912904794,4.720509001952464,,
1752759000,133.295,133.68,132.28,132.72,133.90232605885404,130.0892194482156,133.90232605885404,130.0892194482156,0,0,0,0,0,140.50500000000002,131.405,143.68000000000004,128.23,134.58,135.66274978104573,132.48225021895425,,,,,15740942,0.64,0.62,-0.4748599745444145,-0.03275695009833329,-0.9003045293467008,-69.63228406230651,-62.89646832122223,-62.89646832122223,-7.1211365535452735,-7.1211365535452735,173.8540399011639,-201.46366962885776,,,5.830426425571295,7.464680658499558,4.722726619182471,,
1752845400,133.07,133.24,131.66,131.84,133.8980219108843,130.15427358750128,133.8980219108843,130.15427358750128,0,0,0,0,0,140.50500000000002,131.405,143.68000000000004,128.23,134.58,135.65769764663588,132.4873023533641,,,,,13245489,0.65,0.61,-0.6586399443868419,-0.1531496760366363,-0.8713119307596364,-79.37766016132012,-98.36617033744686,-98.36617033744686,-37.536147814845805,-37.536147814845805,173.8540399011639,-201.46366962885776,,,6.271801808215279,7.4179010957433125,4.725821674505214,,
1753104600,131.91,132.32,131.025,131.09,133.89247031865477,130.1921236428934,133.89247031865477,130.1921236428934,0,0,0,0,0,140.50500000000002,131.405,143.68000000000004,128.23,134.58,135.6575248134917,132.48747518650828,,,,,9468736,0.65,0.61,-0.5947521623860514,-0.21411068005091358,-0.8348866593837629,-89.35881148853544,-134.77496005193592,-134.77496005193592,-69.94908522720917,-69.94908522720917,173.8540399011639,-201.46366962885776,,,6.723855627536124,7.390683626401854,4.729813750335445,,
1753191000,131.31,133.81,131.31,133.53,133.88749355478132,130.2395540882701,133.88749355478132,130.2395540882701,0,0,0,0,0,140.50500000000002,131.405,143.68000000000004,128.23,134.58,135.6468599778989,132.49814002210104,,,,,16681891,0.66,0.61,-0.25804677073325843,-0.08832768457036647,-0.6172075892464518,-84.87908215269863,-129.44177765472762,-129.44177765472762,-89.77998270304865,-89.77998270304865,173.8540399011639,-201.46366962885776,,,6.520965330675586,7.356577026569451,4.73339247477169,,
1753277400,135.26,136.315,134.8,136.27,133.88943003119536,130.42061863382816,133.88943003119536,130.42061863382816,0,0,0,0,0,140.50500000000002,131.405,143.68000000000004,128.23,134.58,135.65281787031932,132.49218212968066,,,,,16623992,0.71,0.62,0.13746406214691337,0.2178644499930339,-0.41836261974445665,-30.02204572438036,-87.38595556650851,-87.38595556650851,-82.59790129342825,-82.59790129342825,173.8540399011639,-201.46366962885776,,,4.0364490638570425,7.226375929992494,4.731999980444188,,
1753363800,136.13,136.93,135.54,135.76,133.89282637478937,130.62331202073685,133.89282637478937,130.62331202073685,0,0,0,0,0,140.50500000000002,131.405,143.68000000000004,128.23,134.58,135.6519901773018,132.4930098226982,,,,,11054765,0.68,0.61,-0.098497245377918,0.008162236234103145,-0.505691232600578,-18.3904677997516,-70.21092658048968,-70.21092658048968,-35.860868608452,-35.860868608452,173.8540399011639,-201.46366962885776,,,3.5096461877981113,7.080621822455459,4.729557715124216,,
1753450200,136.245,136.7,135.74,136.48,133.89661153687769,130.82582135325697,133.89661153687769,130.82582135325697,0,0,0,0,0,140.50500000000002,131.405,143.68000000000004,128.23,134.58,135.64106960154226,132.50393039845775,,,,,9540321,0.68,0.61,0.22872200595921868,0.07441923537138852,-0.5601697270934456,-15.246798090392128,-46.01347246149996,-46.01347246149996,2.381435776479499,2.381435776479499,173.8540399011639,-201.46366962885776,,,3.3672670321064926,6.935000065971186,4.726835855617686,,
1753709400,136.14,136.3852,134.93,135.29,132.05322652464972,129.25223006395444,132.05322652464972,129.25223006395444,0,0,0,0,0,140.50500000000002,131.405,143.68000000000004,128.23,134.58,135.64542497358065,132.49957502641934,,,,,9780254,0.66,0.63,0.04616607716376604,-0.1537959894592254,-0.6286316552758062,-26.343205584646757,-22.965755480020725,-22.965755480020725,23.129678482937752,23.129678482937752,173.85403990116387,-179.52497952498538,,,2.5987150797661114,6.764949674355301,4.722583866055546,,
1753795800,133.9,135.095,132.94,134.43,132.05510998813693,129.39904064968172,132.05510998813693,129.39904064968172,0,0,0,0,0,140.50500000000002,131.405,143.68000000000004,128.23,134.58,135.64692236864136,132.49807763135863,,,,,14967647,0.66,0.62,0.3317559481249276,-0.17331877148136457,-0.6811949449830645,-67.0134521804622,-12.303659287991417,-12.303659287991417,9.0205330960672,9.0205330960672,173.85403990116387,-179.52497952498538,,,4.035227026636832,6.6579017273859495,4.721210525717047,,
1753882200,134.88,135.185,133.64,134.19,131.68733790548924,129.2171096785158,131.68733790548924,129.2171096785158,0,0,0,0,0,140.50500000000002,131.405,143.68000000000004,128.23,134.58,135.64438788817336,132.50061211182663,,,,,11634605,0.67,0.61,-0.010744315514090275,-0.15545793956328652,-0.6988141497012798,-54.57063612573471,-11.103927790915074,-11.103927790915074,-8.704464796762391,-8.704464796762391,173.85403990116387,-179.52497952498538,,,3.2575647893441437,6.524555180796074,4.718286158611407,,
1753968600,133.02,133.795,129.975,130.43,130.4187121036567,128.05420796730365,130.4187121036567,128.05420796730365,0,0,0,0,0,140.50500000000002,131.405,143.68000000000004,128.23,134.58,134.85131312909468,131.60868687090533,,,,,26441560,0.72,0.61,-0.4064059067425596,-0.30973493904218724,-0.8659956229769487,-119.71766589798742,-45.54124859175704,-45.54124859175704,-22.583034724529064,-22.583034724529064,173.85403990116387,-179.52497952498538,,,4.995979826036114,6.4646110492368605,4.718840991113754,,
1754055000,130.695,131.4,129.86,131.13,130.41773465689616,128.12774883133096,130.41773465689616,128.12774883133096,0,0,0,0,0,134.58749999999998,126.0825,138.48,122.19,130.695,134.74096180459915,131.6190381954009,,,,,20736159,0.71,0.61,-0.1270190667999083,-0.21564776788635753,-0.8559309961115055,-117.87179570437145,-78.11856052686602,-78.11856052686602,-41.09487665864138,-41.09487665864138,173.85403990116387,-179.52497952498538,,,5.080038008917468,6.410314067263551,4.7195626634769985,,
1754314200,131.39,133.065,131.36,133.01,130.4197261960432,128.2566410340239,130.4197261960432,128.2566410340239,0,0,0,0,0,134.58749999999998,126.0825,138.48,122.19,130.695,134.57281078593482,131.45218921406516,,,,,11331033,0.64,0.61,0.34415703878222365,0.041947366091706656,-0.661025586196743,-91.16368489522375,-84.24872233450341,-84.24872233450341,-55.47949188392872,-55.47949188392872,173.85403990116387,-179.52497952498538,,,3.9836269278561423,6.315149865718162,4.718092262406827,,
1754400600,132.45,132.95,132.045,132.5,130.423068701146,128.4070727581798,130.423068701146,128.4070727581798,0,0,0,0,0,134.58749999999998,126.0825,138.48,122.19,130.695,134.1104348865877,130.99956511341233,,,,,14319632,0.68,0.61,-0.1816296497287711,0.034974106599375485,-0.6637430161574901,-78.96698095904677,-79.23921076618898,-79.23921076618898,-63.399398178015474,-63.399398178015474,173.85403990116387,-179.52497952498538,,,3.482932534171489,6.2040825193829985,4.715624410801961,,
1754487000,131.94,132.05,130.35,130.51,130.4230517806642,128.48579931668255,130.4230517806642,128.48579931668255,0,0,0,0,0,134.58749999999998,126.0825,138.48,122.19,130.695,134.06135046788086,131.04864953211916,,,,,14342796,0.7,0.6,-0.990332800884601,-0.3306396022018579,-0.7789827406136515,-124.32417635296697,-100.82019187934344,-100.82019187934344,-75.87299607845813,-75.87299607845813,173.85403990116387,-179.52497952498538,,,4.721877055770783,6.145956814927618,4.715636903599102,,
1754573400,129.77,130.24,127.96,129.01,130.4183074214621,128.46865032387146,130.4183074214621,128.46865032387146,0,0,0,0,0,134.58749999999998,126.0825,138.48,122.19,130.695,134.06614314133213,131.04385685866785,,,,,24421932,0.68,0.6,-1.1637481881383895,-0.4935086043941451,-0.8373165290894226,-172.796408242623,-132.79307816413998,-132.79307816413998,-94.84635677368541,-94.84635677368541,173.85403990116387,-179.52497952498538,,,6.468825378261829,6.158618327215234,4.719139777674353,,
1754659800,129.225,130.44,129.225,130.16,130.4160747393013,128.50128560528827,130.4160747393013,128.50128560528827,0,0,0,0,0,134.58749999999998,126.0825,138.48,122.19,130.695,134.06789822445623,131.04210177554378,,,,,13747116,0.67,0.6,-1.0865458379663395,-0.40977754840418396,-0.8490346194192713,-147.1406034976795,-143.2200593449476,-143.2200593449476,-110.97092429743947,-110.97092429743947,173.85403990116387,-179.52497952498538,,,5.544185366566777,6.134522916993726,4.7207882204094025,,
1754919000,130.29,131.32,130.1415,130.29,130.41565937518683,128.56822283645343,130.41565937518683,128.56822283645343,0,0,0,0,0,134.58749999999998,126.0825,138.48,122.19,130.695,134.0577604742044,131.0522395257956,,,,,14473985,0.64,0.6,-0.8671241602781233,-0.3681627682485039,-0.7120308919373779,-128.55282085045343,-134.18708545422336,-134.18708545422336,-118.7096446830341,-118.7096446830341,173.85403990116387,-179.52497952498538,,,4.874278196038297,6.085101555387631,4.721094893687383,,
1755005400,130.34,131.23,130.132,131.19,130.41522604976188,128.63216625463173,130.41522604976188,128.63216625463173,0,0,0,0,0,134.58749999999998,126.0825,138.48,122.19,130.695,134.0044811131092,131.10551888689085,,,,,17221273,0.6,0.6,-0.5645431179518652,-0.36118732886532495,-0.7093546366520292,-140.79799749674822,-115.34464631848367,-115.34464631848367,-108.61464958938281,-108.61464958938281,173.85403990116387,-179.52497952498538,,,4.8812221328850205,6.037890597642431,4.721414828231234,,
1755091800,131.82,133.37,131.65,133.29,130.41779622748464,128.7525362054305,130.41779622748464,128.7525362054305,0,0,0,0,0,134.58749999999998,126.0825,138.48,122.19,130.695,133.93929443068149,131.1707055693185,,,,,15069862,0.65,0.62,-0.15588182778569915,-0.3356899414298296,-0.5326185713333316,-107.12891113883006,-96.88071976415789,-96.88071976415789,-59.95286665550633,-59.95286665550633,173.85403990116387,-179.52497952498538,,,3.771654118850959,5.949018578866294,4.7195172044362685,,
1755178200,133.06,134.1,132.405,133.96,130.42185467658058,128.89749753070774,130.42185467658058,128.89749753070774,0,0,0,0,0,134.58749999999998,126.0825,138.48,122.19,130.695,133.88129076409828,131.22870923590176,,,,,15463979,0.63,0.62,0.6285070988045808,-0.1386724021877959,-0.07553218671988632,-90.38308755501714,-67.5885186382096,-67.5885186382096,-9.004116386313044,-9.004116386313044,173.85403990116387,-179.52497952498538,,,3.2197938747167614,5.841990159095724,4.716520754227039,,
1755264600,135.48,136.595,135.18,136.21,130.4313940278761,129.1445093922486,130.4313940278761,129.1445093922486,0,0,0,0,0,134.58749999999998,126.0825,138.48,122.19,130.695,134.2001202937083,131.51987970629168,,,,,13929623,0.72,0.64,0.8927599478284485,0.0697158413970058,0.09939753991329105,-28.833868422459158,-30.5864751991381,-30.5864751991381,43.41761167900492,43.41761167900492,173.85403990116387,-179.52497952498538,,,1.1914333747533041,5.659615383239158,4.709477622599719,,
1755523800,136.53,137.19,135.815,135.89,130.44217036348476,129.40648745529768,130.44217036348476,129.40648745529768,0,0,0,0,0,134.58749999999998,126.0825,138.48,122.19,130.695,134.16084710971197,131.559152890288,,,,,12572019,0.68,0.63,0.5009056961738191,0.15209277518667172,0.1687458813998694,-14.749632693027202,7.029446564118004,7.029446564118004,82.26129009063021,82.26129009063021,173.85403990116387,-179.52497952498538,,,0.7272860171040162,5.46619070221425,4.701521195815512,,
1755610200,135.87,137.215,135.78,136.76,130.45285593718407,129.656833045286,130.45285593718407,129.656833045286,0,0,0,0,0,134.58749999999998,126.0825,138.48,122.19,130.695,134.15556574138398,131.564434258616,,,,,13578230,0.68,0.63,0.743015931986207,0.1769536646051537,-0.11103217700186091,-21.691798293761625,42.15366988594328,42.15366988594328,112.40211652959384,112.40211652959384,173.85403990116387,-179.52497952498538,,,0.752868942328778,5.281354554767761,4.6936317807236305,,
1755696600,137.01,138.205,137.005,137.5,131.12258026448697,130.57346959811366,131.12258026448697,130.57346959811366,0,0,0,0,0,134.58749999999998,126.0825,138.48,122.19,130.695,134.38254251410973,131.7824574858903,,,,,14607012,0.69,0.63,1.2367661512283195,0.19778000878250726,0.14893394813537342,-10.897605310977173,75.02260053686217,75.02260053686217,140.76046183869994,140.76046183869994,173.85403990116387,-179.52497952498538,,,0.36000000000000326,5.088360258502359,4.68497317576714,,
1755783000,137.21,138.46,136.94,137.04,131.13421466955293,130.8233570648543,131.13421466955293,130.8233570648543,0,0,0,1,0,134.58749999999998,126.0825,138.48,122.19,130.695,134.44948552840418,131.97051447159583,,,,,13218890,0.67,0.61,1.4372449326865706,0.07041268539402236,0.009560002712059338,-12.328603988176136,107.60435975777403,107.60435975777403,172.76787819959776,172.76787819959776,173.85403990116387,-179.52497952498538,,,0.40727272727272895,4.904788198454138,4.676426321724194,,
1755869400,137.8,139.02,137.8,138.17,131.78524489293423,131.7095638555287,131.78524489293423,131.7095638555287,0,0,0,1,1,134.58749999999998,126.0825,138.48,122.19,130.695,134.72990670556118,132.25009329443884,,,,,11898622,0.73,0.62,1.4225218380303652,0.29418128100830254,-0.020578288526568653,-8.106185546511258,140.34092697207652,140.34092697207652,205.81406140068148,205.81406140068148,173.85403990116387,-179.52497952498538,225.81406140068148,,0.26778606064990673,4.722944977363777,4.667617849674095,,
1756128600,138.14,138.26,136.1,136.2,131.79390714090042,131.88254958668443,131.79390714090042,131.88254958668443,0,0,0,0,0,134.58749999999998,126.0825,138.48,122.19,130.695,134.75519978382286,132.22480021617716,,,,,10680951,0.72,0.61,1.052121167244612,0.11603374998710375,-0.08366657194103533,-40.821307141913,156.62330573084645,156.62330573084645,189.1880632483863,189.1880632483863,138.5595204645479,-179.5249795249854,,,1.4981544474198405,4.596482603640485,4.661285255463797,,
1756215000,136.59,137.17,136.34,137.05,131.80302680695254,132.05806921073602,131.80302680695254,132.05806921073602,0,0,0,0,0,134.58749999999998,126.0825,138.48,122.19,130.695,134.73901792682733,132.24098207317266,,,,,11397519,0.73,0.61,1.0362385366509477,0.44948863441650744,0.043121236058684585,-36.08840196603884,157.8315024931384,157.8315024931384,160.24789601772233,160.24789601772233,138.5595204645479,-179.5249795249854,,,1.3244553810523154,4.468167810597812,4.65461826270773,,
1756301400,136.99,137.71,136.73,136.97,131.81289968046514,132.24184688874638,131.81289968046514,132.24184688874638,0,0,0,0,0,134.58749999999998,126.0825,138.48,122.19,130.695,134.73540312375346,132.24459687624656,,,,,8321680,0.71,0.61,0.6415211043209387,0.27180327146246636,0.08460458806555711,-28.397431055243874,134.34408569316295,134.34408569316295,150.00236355981326,150.00236355981326,138.5595204645479,-179.5249795249854,,,1.042194398205108,4.333815912072608,4.647400632608824,,
1756387800,136.83,136.85,135.76,136.43,131.82083414663802,132.3807587754622,131.82083414663802,132.3807587754622,0,0,0,0,0,134.58749999999998,126.0825,138.48,122.19,130.695,134.7334834438452,132.24651655615483,,,,,9165745,0.7,0.61,0.4677533833689746,0.4094228078486752,0.2462157989015223,-47.52625614106788,94.18280687950086,94.18280687950086,131.3958446663758,131.3958446663758,138.5595204645479,-179.5249795249854,,,1.7442281247738272,4.232263449825597,4.641600088137626,,
1756474200,136.535,137.465,136.37,137.43,131.82995935313826,132.53790549014997,131.82995935313826,132.53790549014997,0,0,0,0,0,134.58749999999998,126.0825,138.48,122.19,130.695,134.73841551267745,132.24158448732257,,,,,9655701,0.71,0.61,0.22713364351357057,0.6207755680930368,0.1483306759264063,-35.496788819054565,86.21751429972932,86.21751429972932,116.33640121082698,116.33640121082698,138.5595204645479,-179.5249795249854,,,1.302742997756375,4.11738029484249,4.634929045000001,,
1756819800,136.89,137.74,136.4609,137.56,131.83924612965546,132.69241864739897,131.83924612965546,132.69241864739897,0,0,0,0,0,144.55,131.35999999999999,150.08000000000004,125.82999999999997,136.89,134.73843168529677,132.24156831470322,,,,,13325289,0.7,0.61,0.31295995120512815,0.7256611667427809,0.11444946814211397,-33.704200983692196,91.949935582497,91.949935582497,108.20757933471698,108.20757933471698,138.5595204645479,-179.5249795249854,,,1.2369544763696738,4.004422419608262,4.628139885022717,,
1756906200,137.11,137.76,136.24,136.91,131.84807740611967,132.83229634750097,131.84807740611967,132.83229634750097,0,0,0,0,0,144.55,131.35999999999999,150.08000000000004,125.82999999999997,136.89,134.74117417591287,132.23882582408714,,,,,12585986,0.69,0.6,0.02977454304112331,0.39672554182002684,-0.03161387975876944,-38.06044578931955,80.13524538498864,80.13524538498864,98.85013468480753,98.85013468480753,138.5595204645479,-179.5249795249854,,,1.3968299920387772,3.9021638930369096,4.621683721400371,,
1756992600,136.8,137.465,136.08,137.43,131.8565745541594,132.9604768828931,131.8565745541594,132.9604768828931,0,0,0,0,0,144.55,131.35999999999999,150.08000000000004,125.82999999999997,136.89,134.74217155128497,132.23782844871505,,,,,11778622,0.7,0.61,-0.014229219651366035,0.1373671372457925,-0.04184270624097477,-41.2157159065688,69.74968721815773,69.74968721815773,89.14998552925759,89.14998552925759,138.5595204645479,-179.5249795249854,,,1.5126293696171202,3.8084566568243687,4.6154718245936115,,
1757079000,137.28,138.375,137.05,137.9,131.86697340619904,133.12128955415218,131.86697340619904,133.12128955415218,0,0,0,0,0,144.55,131.35999999999999,150.08000000000004,125.82999999999997,136.89,134.74271830537538,132.23728169462464,,,,,14663971,0.71,0.61,0.17678516850747458,0.25637521773526045,-0.047425102756759964,-22.0868908207448,91.40920685991024,91.40920685991024,95.92764952121556,95.92764952121556,138.5595204645479,-179.5249795249854,,,0.8105956430484014,3.6908934798135467,4.607869674380734,,
1757338200,137.46,137.865,136.37,137.85,131.87600642636647,133.24939584614623,131.87600642636647,133.24939584614623,0,0,0,0,0,144.55,131.35999999999999,150.08000000000004,125.82999999999997,136.89,134.7335952282146,132.24640477178542,,,,,15753324,0.73,0.61,-0.06562605771205546,0.1642218806644328,-0.09697641384506767,-35.496788819054565,96.30938170910773,96.30938170910773,106.1097314075027,106.1097314075027,138.5595204645479,-179.5249795249854,,,1.302742997756375,3.5972405197328734,4.601266024677189,,
1757424600,138.06,138.97,137.72,138.59,132.2877671207529,133.81421348006265,132.2877671207529,133.81421348006265,0,0,0,0,0,144.55,131.35999999999999,150.08000000000004,125.82999999999997,136.89,134.73577865903,132.24422134097003,,,,,12249641,0.71,0.6,0.49744260500924176,0.3992177120927691,-0.12646641213984397,-18.15151417937176,107.24978120528105,107.24978120528105,129.1305801976277,129.1305801976277,158.0246913580191,-179.52497952498544,,,0.6277509199797998,3.480789947193537,4.593326933558912,,
1757511000,138.51,138.51,136.805,137.33,132.29682822540673,133.93219922594253,132.29682822540673,133.93219922594253,0,0,0,0,0,144.55,131.35999999999999,150.08000000000004,125.82999999999997,136.89,134.73229033541907,132.24770966458095,,,,,13588587,0.7,0.6,0.057965311086999045,0.3533705491482109,0.04775723364390409,-37.241899781814205,110.62394776290235,110.62394776290235,117.37228087814495,117.37228087814495,158.0246913580191,-179.52497952498544,,,1.2879717151309593,3.3947970753479457,4.586722827228387,,
1757597400,138.04,139.995,137.89,139.72,133.38457306751388,135.13732274356803,133.38457306751388,135.13732274356803,0,0,0,0,0,144.55,131.35999999999999,150.08000000000004,125.82999999999997,136.89,135.25664906256614,132.69835093743387,,,,,16470805,0.68,0.6,0.5638420571771682,0.6681817042972188,0.08041408067842329,-47.98703229513024,118.5591473441654,118.5591473441654,134.4295465066915,134.4295465066915,248.17927170866662,-179.5249795249854,,,1.3097623819066795,3.3130310089384842,4.580175453711261,,
1757683800,139.23,139.81,138.1,138.11,133.3940268675788,135.25414145950654,133.3940268675788,135.25414145950654,0,0,0,0,0,144.55,131.35999999999999,150.08000000000004,125.82999999999997,136.89,135.2661467950709,132.68885320492907,,,,,11345384,0.67,0.6,0.3505534677310595,0.967782942777739,-0.0020607979483592324,-42.48032367109872,123.66338195743003,123.66338195743003,133.8718511839593,133.8718511839593,248.17927170866662,-179.5249795249854,,,1.1594617807042689,3.228577313713613,4.573340860958,,
1757943000,138.26,138.54,136.66,136.93,133.40061342728393,135.31047316697686,133.40061342728393,135.31047316697686,0,0,0,0,0,144.55,131.35999999999999,150.08000000000004,125.82999999999997,136.89,135.2716265687607,132.68337343123926,,,,,11233821,0.7,0.6,-0.10468741228902889,0.7348036619904489,0.18564578170322246,-80.24061137874189,98.02231883311421,98.02231883311421,115.11636091599142,115.11636091599142,248.17927170866662,-179.5249795249854,,,2.190094474663615,3.187852496495966,4.568579129916452,,
1758029400,136.66,137.39,136.535,136.93,133.40693957428235,135.35974284670328,133.40693957428235,135.35974284670328,0,0,0,0,0,144.55,131.35999999999999,150.08000000000004,125.82999999999997,136.89,135.27049500230498,132.68450499769497,,,,,12443784,0.7,0.61,-0.13190653372907551,0.49007107677816936,0.11135403988048896,-83.51841413114147,54.129115828761286,54.129115828761286,94.78727922024805,94.78727922024805,248.17927170866662,-179.5249795249854,,,2.2795591182364747,3.152233148328927,4.564005663359649,,
1758115800,137.13,138.29,136.84,137.2,133.41385637832974,135.41892155859728,133.41385637832974,135.41892155859728,0,0,0,0,0,144.55,131.35999999999999,150.08000000000004,125.82999999999997,136.89,135.2388259754149,132.7161740245851,,,,,12501479,0.69,0.6,0.06137403595715971,0.5933940786799968,0.22032497308917484,-75.52057541528629,24.574343653447897,24.574343653447897,71.38296736464801,71.38296736464801,248.17927170866662,-179.5249795249854,,,2.061265387918691,3.1094500989010747,4.559005183288837,,
1758202200,137.2,137.94,136.89,137.47,133.42085826368773,135.47772071316209,133.42085826368773,135.47772071316209,0,0,0,0,0,144.55,131.35999999999999,150.08000000000004,125.82999999999997,136.89,135.23853735012108,132.7164626498789,,,,,11472923,0.68,0.6,0.008440096144723115,0.892840273097197,0.3489616846975206,-74.2094543143269,5.87227892080908,5.87227892080908,49.546071216701705,49.546071216701705,248.17927170866662,-179.5249795249854,,,2.025479530489559,3.0669414491594464,4.553943193972555,,
1758288600,137.82,137.9,137.18,137.29,133.4284197856384,135.54547284205768,133.4284197856384,135.54547284205768,0,0,0,0,0,144.55,131.35999999999999,150.08000000000004,125.82999999999997,136.89,135.23569416082137,132.71930583917865,,,,,11281215,0.67,0.59,-0.12834971689205635,1.0751663916402943,0.09461251270471865,-66.60495192875933,-10.899544796795087,-10.899544796795087,29.39753254553611,29.39753254553611,248.17927170866662,-179.5249795249854,,,1.8179215574005096,3.017960276933606,4.5484766172761075,,
1758547800,136.19,137.255,135.885,136.63,133.43340466119156,135.56029155413384,133.43340466119156,135.56029155413384,0,0,0,0,0,144.55,131.35999999999999,150.08000000000004,125.82999999999997,136.89,135.2372544689723,132.71774553102767,,,,,9732678,0.67,0.59,-0.2568205483203242,0.8328040375325996,0.3491535004650503,-100.56298844361945,-56.28125289806212,-56.28125289806212,0.8379373976700322,0.8379373976700322,248.17927170866662,-179.5249795249854,,,2.7447752648153507,3.007247139203478,4.544872818370092,,
1758634200,136.26,137.35,136.15,136.94,133.4389037527776,135.58481737554035,133.4389037527776,135.58481737554035,0,0,0,0,0,144.55,131.35999999999999,150.08000000000004,125.82999999999997,136.89,135.22196448022322,132.73303551977676,,,,,9902975,0.68,0.59,-0.34650605596830497,0.8576472782095758,0.6155238507676845,-93.61404660853195,-84.7279481856244,-84.7279481856244,-27.68402446342811,-27.68402446342811,248.17927170866662,-179.5249795249854,,,2.555110220440877,2.9895162796441603,4.54089726872388,,
1758720600,136.82,137.06,136.16,136.39,133.44441163738745,135.60876963532309,133.44441163738745,135.60876963532309,0,0,0,0,0,144.55,131.35999999999999,150.08000000000004,125.82999999999997,136.89,135.22409819507334,132.73090180492665,,,,,7472029,0.68,0.6,-0.20561582977618933,0.6874420555227211,0.4551454207473117,-93.35182238834022,-109.23173559632662,-109.23173559632662,-54.866594841060945,-54.866594841060945,248.17927170866662,-179.5249795249854,,,2.547953048955055,2.9722000745190975,4.536915362190875,,
1758807000,136.125,136.18,133.725,134.13,133.44509203371632,135.53724729668298,133.44509203371632,135.53724729668298,0,0,0,0,0,144.55,131.35999999999999,150.08000000000004,125.82999999999997,136.89,135.25557024498357,132.6994297550164,,,,,14099731,0.69,0.6,-1.197727400465581,0.1089245676704681,0.07797787818259096,-195.21494097964916,-143.628019316802,-143.628019316802,-84.45373633297463,-84.45373633297463,248.1792717086666,-282.94314381271374,,,4.290724305754369,3.023906907116559,4.536423471968225,,
1758893400,135.15,135.6199,134.64,135.5,133.4475809607219,135.50405328504834,133.4475809607219,135.50405328504834,0,0,0,0,0,144.55,131.35999999999999,150.08000000000004,125.82999999999997,136.89,135.26627535063292,132.68872464936706,,,,,10070970,0.68,0.59,-0.5631846742208628,0.1977973188866184,0.08353920105756978,-165.4198332237897,-156.12705508490495,-156.12705508490495,-108.34484258361806,-108.34484258361806,248.1792717086666,-282.94314381271374,,,3.6358431148010397,3.047904405457127,4.534624110615243,,
1759152600,135.68,135.97,134.735,135.9,133.45025282693425,135.4758492346543,133.45025282693425,135.4758492346543,0,0,0,0,0,144.55,131.35999999999999,150.08000000000004,125.82999999999997,136.89,135.26282275611268,132.6921772438873,,,,,7735785,0.68,0.6,-0.23206177862146987,-0.04053751044053965,0.09161306130599631,-162.32635209066677,-148.14780656923338,-148.14780656923338,-121.61249724548983,-121.61249724548983,248.1792717086666,-282.94314381271374,,,3.5678499856856463,3.0682944282111864,4.532692493982017,,
1759239000,135.76,139.495,135.67,139.17,133.454768805302,135.48505122545217,133.454768805302,135.48505122545217,0,0,0,0,0,144.55,131.35999999999999,150.08000000000004,125.82999999999997,136.89,135.30226378164758,132.65273621835237,,,,,19313484,0.67,0.59,0.49281442285548593,0.41981670634450524,0.5792481274009492,-131.87998514888753,-113.97291780607675,-113.97291780607675,-98.6937589272506,-98.6937589272506,248.1792717086666,-282.94314381271374,,,2.8986544517606725,3.0616418801150878,4.529427682708848,,
1759325400,139.8,143.73,139.6,143.47,137.04181277600284,139.14167452474493,137.04181277600284,139.14167452474493,0,0,0,0,0,143.13,136.66500000000002,146.26500000000001,133.53,139.8,137.2706181828392,134.4193818171608,,,,,23657940,0.67,0.6,1.3275789184180595,0.8229050330078127,0.9583216521610671,-134.66067038956757,-87.94207053620568,-87.94207053620568,-35.8803759964635,-35.8803759964635,299.83478142553594,-282.94314381271386,,,2.697428033735279,3.047358984178625,4.52576734374986,,
1759411800,142.15,143.57,142.145,143.19,137.05203542779904,139.25997160220592,137.05203542779904,139.25997160220592,0,0,0,0,0,143.13,136.66500000000002,146.26500000000001,133.53,139.8,137.27145257326893,134.41854742673107,,,,,15176210,0.67,0.6,1.2153551462831897,0.6978531594288657,0.9598851312848502,-46.104751489967775,-53.34384630613102,-53.34384630613102,15.8526021540183,15.8526021540183,299.83478142553594,-282.94314381271386,,,0.9235380218861007,2.964071887618134,4.518570082367515,,
1759498200,143.57,146.135,143.56,144.82,138.35209619771183,140.6880918096072,138.35209619771183,140.6880918096072,0,0,0,0,0,143.13,136.66500000000002,146.26500000000001,133.53,139.8,138.48822511297544,135.60677488702456,,,,,15829184,0.68,0.61,1.6345280310575174,0.9768051065098565,0.9515874870976166,-43.43430807948847,-16.25123046458858,-16.25123046458858,57.9340012184963,57.9340012184963,299.83478142553594,-282.94314381271386,,,0.8700455738157651,2.8819532086454918,4.511280323109669,,
1759757400,144.9,145.06,143.97,144.12,138.3633377637504,140.81712742491672,138.3633377637504,140.81712742491672,0,0,0,0,0,143.13,136.66500000000002,146.26500000000001,133.53,139.8,138.49069325243244,135.60430674756753,,,,,12879875,0.69,0.61,1.7050538249695746,0.7732945060923616,0.9967092017950344,-29.300922117115253,18.309682954961552,18.309682954961552,87.43150979406181,87.43150979406181,299.83478142553594,-282.94314381271386,,,0.5869355061455561,2.791952514429808,4.503439474324526,,
1759843800,144.12,144.66,143.28,144.23,138.37319203395268,140.9143145847239,138.37319203395268,140.9143145847239,0,0,0,0,0,143.13,136.66500000000002,146.26500000000001,133.53,139.8,138.48987327127324,135.60512672872673,,,,,12479060,0.68,0.6,1.7063341275490191,1.0910500725825907,0.9581634006827676,-53.08637654159712,51.5708256425557,51.5708256425557,118.09311101774398,118.09311101774398,299.83478142553594,-282.94314381271386,,,1.063389034663715,2.7241657113017257,4.496566246672856,,
1759930200,144.595,144.965,144.02,144.51,138.38449035156717,141.0364198951269,138.38449035156717,141.0364198951269,0,0,0,0,1,143.13,136.66500000000002,146.26500000000001,133.53,139.8,138.48723123390283,135.60776876609717,,,,,8925752,0.69,0.61,1.9224732408844543,1.0148128642343868,0.963256070606134,-27.577338463166893,85.43329632384575,85.43329632384575,153.15823768642585,153.15823768642585,299.83478142553594,-282.94314381271386,,,0.5524098881369859,2.6389988162756572,4.488685814388069,,
1760016600,144.78,145.25,143.955,144.19,138.3956375236919,141.1512132325729,138.3956375236919,141.1512132325729,0,0,0,0,1,143.13,136.66500000000002,146.26500000000001,133.53,139.8,138.47931219309928,135.61568780690072,,,,,7657022,0.7,0.62,2.468502251862896,1.0016421368545674,0.9481286319594957,-29.817997213299172,124.9583904581167,124.9583904581167,204.00857872665858,204.00857872665858,299.83478142553594,-282.94314381271386,224.00857872665858,,0.5972931915481154,2.55893192903144,4.480910804152625,,
1760103000,144.61,144.74,141.94,142.11,138.40277670945875,141.1832754587465,138.40277670945875,141.1832754587465,0,0,0,0,0,143.13,136.66500000000002,146.26500000000001,133.53,139.8,138.50349145587006,135.5915085441299,,,,,13350120,0.71,0.61,1.5926140666876054,0.7847407626623452,0.7427854461215555,-99.27841846740277,142.9620933624477,142.9620933624477,178.9694991711097,178.9694991711097,299.83478142553594,-282.94314381271386,,,1.9886755972931884,2.53656893562994,4.475931313229829,,
1760362200,141.73,142.94,141.63,141.95,138.409288444305,141.2020450485996,138.409288444305,141.2020450485996,0,0,0,0,0,143.13,136.66500000000002,146.26500000000001,133.53,139.8,138.46607709229133,135.6289229077086,,,,,8257651,0.7,0.6,1.4534392297182932,0.6199507947375783,0.7070661224485073,-109.96463712188024,127.32787371897989,127.32787371897989,137.75068681462508,137.75068681462508,299.83478142553594,-282.94314381271386,,,2.2027344289462767,2.523477386348228,4.471389461313178,,
1760448600,141.6,142.86,141.05,142.34,138.41463991594475,141.19756092904666,138.41463991594475,141.19756092904666,0,0,0,0,0,143.13,136.66500000000002,146.26500000000001,133.53,139.8,138.45276823735017,135.6422317626498,,,,,10044898,0.67,0.61,0.76713031367671,0.6756637381923762,0.7784402302192065,-129.95820750767612,78.1401677556606,78.1401677556606,117.88051379497026,117.88051379497026,299.83478142553594,-282.94314381271386,,,2.603231597845589,2.5266050024853794,4.467656878169387,,
1760535000,142.02,143.25,141.36,142.56,138.42059388214665,141.205287951437,138.42059388214665,141.205287951437,0,0,0,0,0,143.13,136.66500000000002,146.26500000000001,133.53,139.8,138.43613908597453,135.65886091402544,,,,,7260807,0.7,0.61,-0.21453553081151566,0.805882240488031,0.6863037112328139,-119.27198885319865,42.47859241652027,42.47859241652027,92.7465400021536,92.7465400021536,299.83478142553594,-282.94314381271386,,,2.389172766192501,2.5212155030229138,4.463504062760841,,
1760621400,142.85,143.64,141.9622,142.32,138.42772711714736,141.23609148275318,138.42772711714736,141.23609148275318,0,0,0,0,0,143.13,136.66500000000002,146.26500000000001,133.53,139.8,138.4304285281206,135.66457147187938,,,,,11194125,0.69,0.6,-0.20550194328058377,0.6948259898158142,0.6866248138790457,-98.51314732504994,17.705304604950825,17.705304604950825,67.73279486975267,67.73279486975267,299.83478142553594,-282.94314381271386,,,1.9733462228973881,2.4997304332140695,4.458528722421454,,
1760707800,141.58,143.4156,141.385,143.27,138.43370438564455,141.24327809127266,138.43370438564455,141.24327809127266,0,0,0,0,0,143.13,136.66500000000002,146.26500000000001,133.53,139.8,138.4281936775168,135.66680632248318,,,,,8160283,0.69,0.6,-0.3648843086813624,0.7664810545981189,0.6357065977137205,-139.05649602528476,17.470249980523764,17.470249980523764,50.9786132400097,50.9786132400097,299.83478142553594,-282.94314381271386,,,2.3719099571882354,2.494717865526782,4.454359653959449,,
1760967000,143.715,144.99,143.5601,144.79,138.44397210715175,141.3346279308306,138.44397210715175,141.3346279308306,0,0,0,0,0,143.13,136.66500000000002,146.26500000000001,133.53,139.8,138.405609715494,135.689390284506,,,,,8435874,0.72,0.61,0.15796964176063674,0.9876774916480099,0.7542762296279715,-58.29094753808731,47.87713911389675,47.87713911389675,49.944788531305385,49.944788531305385,299.83478142553594,-282.94314381271386,,,0.8699765225797457,2.431002518744545,4.447198049301348,,
1761053400,145.05,145.625,144.34,145.13,138.75152760507703,141.7434704317829,138.75152760507703,141.7434704317829,0,0,0,0,0,143.13,136.66500000000002,146.26500000000001,133.53,139.8,138.36482296794685,135.73017703205312,,,,,9031769,0.7,0.61,0.21241314824875268,0.9274269590239753,0.6900470738124335,-36.47232744062045,59.94303231485965,59.94303231485965,79.93951988196818,79.93951988196818,299.83478142553594,-282.94314381271386,,,0.5443395576379743,2.357015735956052,4.439400130237086,,
1761139800,146.21,146.73,145.537,145.96,139.55702943571697,142.67124507530485,139.55702943571697,142.67124507530485,0,0,0,0,0,143.13,136.66500000000002,146.26500000000001,133.53,139.8,138.66497178434966,136.02502821565034,,,,,12705283,0.7,0.62,0.3411403219920748,1.2335242794790744,0.8183543069673271,-21.049286953529496,76.44428375065469,76.44428375065469,109.44678662224479,109.44678662224479,299.83478142553594,-282.94314381271386,,,0.28980542614415034,2.2759486649830363,4.43110923172741,,
1761226200,145.515,146.51,145.37,146.04,139.6449948823259,142.85247222890484,139.6449948823259,142.85247222890484,0,0,0,0,0,143.13,136.66500000000002,146.26500000000001,133.53,139.8,138.6630274134265,136.0269725865735,,,,,7924931,0.69,0.61,0.43621276164748657,0.887891001027275,0.8626388171294732,-33.32221440195881,93.57317022682497,93.57317022682497,127.83094317916553,127.83094317916553,299.83478142553594,-282.94314381271386,,,0.45877841687208126,2.2046870866257438,4.423172506822604,,
1761312600,146.29,146.76,145.88,146.03,139.65745563181176,142.9712615532615,139.65745563181176,142.9712615532615,0,0,0,0,0,143.13,136.66500000000002,146.26500000000001,133.53,139.8,138.6671559042476,136.05284409575233,,,,,7007605,0.71,0.61,0.9378659844949137,1.1256899430063358,1.0665079112217066,-7.9575437377811875,111.40653758311532,111.40653758311532,147.07327229569606,147.07327229569606,299.83478142553594,-282.94314381271386,,,0.10955902492467584,2.122525201853153,4.414553898467164,,
1761571800,146.09,146.45,145.22,146.37,139.98353971123004,143.37029482172406,139.98353971123004,143.37029482172406,0,0,0,1,1,143.13,136.66500000000002,146.26500000000001,133.53,139.8,138.66054471129016,136.05945528870984,,,,,6466708,0.69,0.61,1.0586304782006728,1.3532258320995971,1.1167767609708443,-57.065896383541464,128.65644086765818,128.65644086765818,163.15624743674388,163.15624743674388,299.83478142553594,-282.94314381271386,,,0.785680125708824,2.0700999047494535,4.407303401418696,,
1761658200,146.405,146.54,145.19,145.45,139.9939658057131,143.44211855420545,139.9939658057131,143.44211855420545,0,0,0,0,1,143.13,136.66500000000002,146.26500000000001,133.53,139.8,138.6661107756517,136.05388922434827,,,,,8652660,0.7,0.61,0.7408183323283115,1.2180318721426442,1.0952585250173492,-58.554571941373034,136.47367228247913,136.47367228247913,152.108135112121,152.108135112121,299.83478142553594,-282.94314381271386,,,0.8061761289881854,2.020534266484306,4.40010834193332,,
1761744600,145.22,145.445,143.565,143.98,140.00115678312423,143.4480374344327,140.00115678312423,143.4480374344327,0,0,0,0,0,143.13,136.66500000000002,146.26500000000001,133.53,139.8,138.57628792923353,136.14371207076644,,,,,12416716,0.7,0.6,0.33688214888822526,0.9649444134751213,1.0082855258313272,-139.19116465724645,101.07867937787233,101.07867937787233,124.67534131427686,124.67534131427686,299.83478142553594,-282.94314381271386,,,1.9163763066202137,2.0164496406072825,4.395145840364263,,
1761831000,143.96,145.445,143.77,144.3,140.00873888745366,143.46168302523927,140.00873888745366,143.46168302523927,0,0,0,0,0,143.13,136.66500000000002,146.26500000000001,133.53,139.8,138.5745571973817,136.14544280261828,,,,,10756064,0.7,0.61,0.4706347189778279,0.9703688587548013,0.8867230551840721,-129.0185483453972,53.94760141577375,53.94760141577375,101.09942801477582,101.09942801477582,299.83478142553594,-282.94314381271386,,,1.7763202842112418,2.007032803101555,4.38991342167065,,
1761917400,143.02,144.49,142.7,144.25,140.014189359207,143.43325231836712,140.014189359207,143.43325231836712,0,0,0,0,0,143.13,136.66500000000002,146.26500000000001,133.53,139.8,138.55446838194115,136.16553161805882,,,,,10581213,0.7,0.61,0.2329088604752838,0.9966092253334738,0.8773112810276871,-182.1146432413887,9.215001230327573,9.215001230327573,70.47128575329307,70.47128575329307,299.83478142553594,-282.94314381271386,,,2.5073444011751147,2.0266528657711067,4.386152045006323,,
1762180200,144.07,144.555,142.825,144.45,140.01987619365414,143.41078948235273,140.01987619365414,143.41078948235273,0,0,0,0,0,150.33999999999997,140.49,153.92,136.91,144.07,138.55111212812074,136.16888787187924,,,,,12279262,0.72,0.6,-0.07995447646615596,1.1251294498720288,0.8650467513409461,-175.9118284170908,-24.40708806608673,-24.40708806608673,38.84516114683314,38.84516114683314,299.83478142553594,-282.94314381271386,,,2.421944387511113,2.0421544940746363,4.3822275541821565,,
1762266600,143.77,145.485,143.49,145.1,140.0268670504101,143.41502518892713,140.0268670504101,143.41502518892713,0,0,0,0,0,150.33999999999997,140.49,153.92,136.91,144.07,138.51683256937793,136.20316743062205,,,,,14182235,0.71,0.6,-0.007053191979674055,1.1738722966378292,0.948583781739339,-142.91285355182464,-18.73558472854351,-18.73558472854351,19.65157918837426,19.65157918837426,299.83478142553594,-282.94314381271386,,,1.9676163148186072,2.0392314282214588,4.37740315610151,,
1762353000,144.63,146.26,144.38,145.66,140.03560437898068,143.45364773053782,140.03560437898068,143.45364773053782,0,0,0,0,0,150.33999999999997,140.49,153.92,136.91,144.07,139.13175302689473,136.85324697310529,,,,,13154600,0.72,0.6,-0.07021975734534831,1.3406286668591196,0.9183802602543633,-98.74881200282388,10.727057786034855,10.727057786034855,16.67673872092779,16.67673872092779,299.83478142553594,-282.94314381271386,,,1.359568217530921,2.0125779689786927,4.371373515864605,,
1762439400,145.14,146.11,144.94,145.94,140.04543194265906,143.5124968391442,140.04543194265906,143.5124968391442,0,0,0,0,0,150.33999999999997,140.49,153.92,136.91,144.07,139.58245168975853,137.30954831024147,,,,,14395750,0.73,0.6,-0.02341191805535622,1.7380896174614981,0.7694651991608505,-70.96020158996893,24.56841620907627,24.56841620907627,40.351771185373224,40.351771185373224,299.83478142553594,-282.94314381271386,,,0.9769761563161896,1.9719661331880063,4.364591503158215,,
1762525800,145.84,146.15,144.72,146.14,140.05480470601037,143.56049696309933,140.05480470601037,143.56049696309933,0,0,0,0,0,150.33999999999997,140.49,153.92,136.91,144.07,139.58238853916689,137.3096114608331,,,,,14522910,0.73,0.6,0.026220754735120942,1.5781064455731733,0.924063356405247,-81.87715568073328,37.50742306591041,37.50742306591041,63.3854367795787,63.3854367795787,299.83478142553594,-282.94314381271386,,,1.1272801803648327,1.9388411938616072,4.35812334866712,,
1762785000,145.79,147.425,145.72,147.28,140.93515287751197,144.50332680777268,140.93515287751197,144.50332680777268,0,0,0,0,0,150.33999999999997,140.49,153.92,136.91,144.07,140.68416224365023,138.39083775634978,,,,,12305941,0.74,0.6,0.2159049412369663,1.6789410212048808,1.0063707435803235,-76.93282830519766,58.411306062954615,58.411306062954615,100.21907205704304,100.21907205704304,299.83478142553594,-282.94314381271386,,,1.0592069527430759,1.9043457334255864,4.351532107116822,,
1762871400,147.6,150.815,147.6,150.68,144.1955576688108,147.8310529409587,144.1955576688108,147.8310529409587,0,0,0,0,0,150.33999999999997,140.49,153.92,136.91,144.07,142.80638990642097,140.41361009357905,,,,,12659543,0.75,0.62,1.216571916725817,1.6155443796546083,1.3698680238152812,-154.38670308319365,86.16787244126967,86.16787244126967,141.68100519789976,141.68100519789976,323.0769230769219,-282.94314381271374,,,2.0440668967348103,1.9098249947318304,4.346921787016158,,
1762957800,150.99,153.16,150.72,152.82,146.25244987017706,149.96237211847833,146.25244987017706,149.96237211847833,0,0,0,1,0,150.33999999999997,140.49,153.92,136.91,144.07,144.6726998171325,142.2123001828675,,,,,17847485,0.75,0.62,2.060706800129203,1.26286228581069,1.479605122775301,-103.78961175614567,115.30068978784779,115.30068978784779,173.56632448100405,173.56632448100405,323.0769230769219,-282.94314381271374,,,1.374165685119745,1.8888187472960625,4.340982214384996,,
1763044200,152.04,154.515,151.86,152.74,146.26367294735954,150.0371653687341,146.26367294735954,150.0371653687341,0,0,0,1,0,150.33999999999997,140.49,153.92,136.91,144.07,145.32767634388009,142.91232365611992,,,,,21807600,0.74,0.62,1.975751119376869,1.3007270629290408,1.4335628007776693,-47.44667965995143,139.94970049522377,139.94970049522377,189.24772190997572,189.24772190997572,323.0769230769219,-282.94314381271374,,,0.6281900274833003,1.8393823269112484,4.333564048177401,,
1763130600,152.215,152.915,151.19,151.83,146.2735483260861,150.08301378564647,146.2735483260861,150.08301378564647,0,0,0,1,0,150.33999999999997,140.49,153.92,136.91,144.07,145.33355110080402,142.906448899196,,,,,15468941,0.72,0.63,1.7697019836291839,0.9411863095864298,1.2772553178712034,-80.56050817262737,155.40371901276882,155.40371901276882,186.3117560478589,186.3117560478589,323.0769230769219,-282.94314381271374,,,1.066614317497707,1.8090776990911095,4.327036676088131,,
1763389800,151.34,153.32,151.14,151.7,146.2833050726873,150.12512304895446,146.2833050726873,150.12512304895446,0,0,0,0,0,150.33999999999997,140.49,153.92,136.91,144.07,145.3314658013457,142.90853419865434,,,,,17516532,0.72,0.62,1.689990795210606,1.0224644184886185,1.3707085737241707,-83.03168940491712,163.83210628097788,163.83210628097788,180.68888081739598,180.68888081739598,323.0769230769219,-282.94314381271374,,,1.0993325480958036,1.781244555914823,4.320587716791443,,
1763476200,151.75,153.13,151.152,152.59,146.29306606155308,150.16604685095623,146.29306606155308,150.16604685095623,0,0,0,0,0,150.33999999999997,140.49,153.92,136.91,144.07,145.33195596501196,142.90804403498805,,,,,24494241,0.72,0.62,1.73725421237033,1.1262609196456095,1.458888017775627,-82.43860590916768,177.22680337202866,177.22680337202866,204.0161975541302,204.0161975541302,323.0769230769219,-282.94314381271374,224.0161975541302,,1.0914801727522618,1.7541949722613892,4.314135953466689,,
1763562600,152.48,152.93,151.57,152.33,146.3036343611304,150.22159403327169,146.3036343611304,150.22159403327169,0,0,0,0,1,150.33999999999997,140.49,153.92,136.91,144.07,145.3300768595436,142.9099231404564,,,,,17352598,0.74,0.62,1.5426044658387965,1.0524883096548132,1.6708265297698741,-61.77953080722975,191.27817943672284,191.27817943672284,219.38093156611123,219.38093156611123,323.0769230769219,-282.94314381271374,239.38093156611123,,0.8179557649522315,1.7174797092296576,4.307150578464662,,
1763649000,152.49,153.34,151.12,151.42,146.31329143533392,150.2574923064767,146.31329143533392,150.2574923064767,0,0,0,0,0,150.33999999999997,140.49,153.92,136.91,144.07,145.33184092546716,142.90815907453285,,,,,25278517,0.74,0.61,1.2736598822840512,0.9819509195418354,1.4460456359320648,-84.02016189783188,194.7044829919434,194.7044829919434,201.55709010238448,201.55709010238448,323.0769230769219,-282.94314381271374,221.55709010238448,,1.1124198403350274,1.6937518712337898,4.300767500066801,,
1763735400,151.79,155.71,151.71,154.61,148.03449396296784,152.00655664997575,148.03449396296784,152.00655664997575,0,0,0,0,0,150.33999999999997,140.49,153.92,136.91,144.07,145.94881306390778,143.48618693609222,,,,,25526095,0.7,0.62,1.935975201911444,1.6963295555578495,1.8364267769877887,-141.66912310503338,200.5379773052106,200.5379773052106,212.20496593174505,212.20496593174505,323.0769230769219,-282.94314381271374,232.20496593174505,,1.8756872129875206,1.7008865905182498,4.2959221848079014,,
1763994600,155.14,156.16,154.48,155.26,148.66849995405082,152.7178541332063,148.66849995405082,152.7178541332063,0,0,0,0,1,150.33999999999997,140.49,153.92,136.91,144.07,146.17396643249234,143.71103356750766,,,,,17928640,0.68,0.63,1.8090727959267554,1.8075027151317793,1.9770396020693197,-37.94458513672277,208.19425850618703,208.19425850618703,223.50682090813984,223.50682090813984,323.0769230769219,-282.94314381271374,243.50682090813984,,0.502383099317275,1.6538864536084077,4.288342686135593,,
1764081000,155.77,158.89,155.77,158.77,152.03701783188436,156.15585840016988,152.03701783188436,156.15585840016988,0,0,0,0,0,150.33999999999997,140.49,153.92,136.91,144.07,147.60410855718598,145.010891442814,,,,,17298557,0.7,0.65,1.7592694320987539,2.1836821357975382,2.306294239589986,-142.7143349191033,216.69816720641737,216.69816720641737,233.70598460687805,233.70598460687805,323.0769230769219,-282.94314381271374,253.70598460687805,,1.8895257290420102,1.6631272095077647,4.2835498450624785,,
1764167400,158.42,158.95,158.155,158.42,152.0492538601923,156.23449728643774,152.0492538601923,156.23449728643774,0,0,0,0,1,150.33999999999997,140.49,153.92,136.91,144.07,147.63188772918198,145.04311227081797,,,,,12399075,0.7,0.65,1.200287200092102,2.1038860406024753,2.035176766082922,-29.256438658416613,222.1319981029934,222.1319981029934,232.9996598961455,232.9996598961455,323.0769230769219,-282.94314381271374,252.9996598961455,,0.3873527744536179,1.6130968395056413,4.275765235530792,,
1764340200,158.2,158.2499,157.16,157.65,152.05949730902307,156.27142288304802,152.05949730902307,156.27142288304802,0,0,0,0,0,150.33999999999997,140.49,153.92,136.91,144.07,147.63527267589464,145.0397273241053,,,,,8559710,0.7,0.65,1.0508750389752286,2.0330027359347036,1.7096553156178995,-76.5900264065861,219.92723539036857,219.92723539036857,221.39707719878513,221.39707719878513,323.0769230769219,-282.94314381271374,241.39707719878513,,1.0140454745858876,1.5896046291166313,4.269248312931501,,
1764599400,157.04,157.86,155.175,155.29,152.06579391779627,156.2298357111638,152.06579391779627,156.2298357111638,0,0,0,0,0,167.0125,148.9775,175.075,140.915,157.04,147.6730131862145,145.00198681378546,,,,,17321233,0.73,0.63,0.7352917184919344,1.5628948037129897,1.5472137883950392,-171.01934467805873,180.57387654247498,180.57387654247498,207.78934364668174,207.78934364668174,323.0769230769219,-282.94314381271374,,,2.264281665302008,1.616062552104293,4.26524238556361,,
1764685800,155.25,155.47,154.135,154.36,152.07002080307538,156.14950293817697,152.07002080307538,156.14950293817697,0,0,0,0,0,167.0125,148.9775,175.075,140.915,157.04,147.67536692747154,144.9996330725284,,,,,16150322,0.76,0.64,0.5669220885998844,1.233786644843928,1.4119020490759835,-220.49364745001554,124.51192975150863,124.51192975150863,180.03020568162404,180.03020568162404,323.0769230769219,-282.94314381271374,,,2.919317251369918,1.6671705795264744,4.2625532244563304,,
1764772200,154.67,155.78,154.66,155.08,152.07527770456775,156.09270282295435,152.07527770456775,156.09270282295435,0,0,0,0,0,167.0125,148.9775,175.075,140.915,157.04,147.67587339693694,144.99912660306302,,,,,12724849,0.74,0.63,0.5274863871167071,1.279508691397619,1.5761473817141374,-195.5186388391722,79.24075502445297,79.24075502445297,146.43372212923367,146.43372212923367,323.0769230769219,-282.94314381271374,,,2.588650248787563,1.7033070371445562,4.259208762966483,,
1764858600,155,155.03,153.3701,153.9,152.07797265221097,155.98805169264241,152.07797265221097,155.98805169264241,0,0,0,0,0,167.0125,148.9775,175.075,140.915,157.04,147.6868936117332,144.98810638826674,,,,,13674602,0.76,0.64,0.33844911637918973,1.0313479142667916,1.5853591824992284,-256.8810457098888,32.27994078757507,32.27994078757507,108.38246168201414,108.38246168201414,323.0769230769219,-282.94314381271374,,,3.4010833280846517,1.769886499534364,4.257494226633053,,
1764945000,154.45,154.63,152.96,153.26,152.07985102853021,155.8715829988133,152.07985102853021,155.8715829988133,0,0,0,0,0,167.0125,148.9775,175.075,140.915,157.04,147.69069989497666,144.9843001050233,,,,,8868992,0.78,0.64,0.40097212938086707,0.9418556593201008,1.5631076593408,-243.07038030912074,-19.78700068316028,-19.78700068316028,65.65930756028934,65.65930756028934,323.07692307692196,-131.4646881011339,,,3.659381495244695,1.8439843425033966,4.256299196200708,,
1765204200,153.35,153.42,151.195,151.43,152.07823444305865,155.69115817533043,152.07823444305865,155.69115817533043,0,0,0,0,0,167.0125,148.9775,175.075,140.915,157.04,147.71179502522565,144.9632049747743,,,,,10996043,0.8,0.65,-0.6781630723286167,0.7039400020638475,1.7695593922981658,-224.57573818983394,-76.25454947151346,-76.25454947151346,18.354688549688404,18.354688549688404,323.07692307692196,-96.87970733806748,,,4.771052465831087,1.9587713277319334,4.257327674261908,,
1765290600,152,152.675,149.85,149.96,152.0739606479676,155.46559118806255,152.0739606479676,155.46559118806255,0,0,0,0,0,167.0125,148.9775,175.075,140.915,157.04,147.7134618171779,144.9615381828221,,,,,11543305,0.82,0.66,-1.1219729065653268,0.46542298833353496,1.5732331392788779,-245.12235309979008,-120.93111027940743,-120.93111027940743,-28.073911060010204,-28.073911060010204,323.07692307692196,-135.30187721968548,,,5.618189834351588,2.102277935834665,4.260046679576773,,
1765377000,150.38,152.18,149.87,152.14,152.06973495236727,155.2496464355895,152.06973495236727,155.2496464355895,0,0,0,0,0,167.0125,148.9775,175.075,140.915,157.04,147.70334099340775,144.9716590065922,,,,,15534765,0.78,0.65,-1.3636214594666853,0.8671625391331959,1.5655183603634417,-244.57275141122523,-139.70658303982572,-139.70658303982572,-65.2848017199487,-65.2848017199487,323.07692307692196,-135.30187721968548,,,5.605592996157967,2.2396628401610688,4.262735083805706,,
1765463400,152.76,154.3,152.26,153.58,152.07024517224266,155.1349583400762,152.07024517224266,155.1349583400762,0,0,0,0,0,167.0125,148.9775,175.075,140.915,157.04,147.68966048684533,144.98533951315463,,,,,14703435,0.79,0.64,-1.0101043703194115,1.2727389463034133,1.7533328551451333,-178.8953496277618,-117.48384446973199,-117.48384446973199,-82.68448263654312,-82.68448263654312,323.07692307692196,-135.30187721968548,,,4.100270832021175,2.3126278594497003,4.262410479906036,,
1765549800,153.75,154.56,153.41,154.06,152.07302909797244,155.0694148757595,152.07302909797244,155.0694148757595,0,0,0,0,0,167.0125,148.9775,175.075,140.915,157.04,147.6763339688563,144.99866603114367,,,,,13175937,0.78,0.64,-0.7683317043775922,1.3175622402108729,2.0294303355056234,-147.29325253529998,-81.29468140893614,-81.29468140893614,-78.51507895372218,-78.51507895372218,323.07692307692196,-135.30187721968548,,,3.3759526358884004,2.3543268702904334,4.260639335362544,,
1765809000,154.47,156.31,154.44,156.1,152.07784482405043,155.0464299786709,152.07784482405043,155.0464299786709,0,0,0,0,0,167.0125,148.9775,175.075,140.915,157.04,147.6916164996061,144.98338350039384,,,,,14681832,0.76,0.64,0.17484741761491998,1.5898626057625642,2.346292047388711,-118.98876557422557,-64.55558953199322,-64.55558953199322,-31.077405778107362,-31.077405778107362,323.07692307692196,-135.30187721968548,,,2.727215468917309,2.3689499525895266,4.257575551413603,,
1765895400,156.035,156.12,153.09,154.07,152.07998059862774,154.97193468538967,152.07998059862774,154.97193468538967,0,0,0,0,0,167.0125,148.9775,175.075,140.915,157.04,147.71975312210796,144.95524687789197,,,,,12491637,0.76,0.64,-0.06231373125412863,1.275314881486435,2.030959721308505,-156.0868795523326,-43.960654431118854,-43.960654431118854,-2.7707842293701184,-2.7707842293701184,323.07692307692196,-135.30187721968548,,,3.5775020469862104,2.416344152369789,4.256216763192969,,
1765981800,154.23,154.78,153.67,153.79,152.08325935867046,154.92287842321753,152.08325935867046,154.92287842321753,0,0,0,0,0,167.0125,148.9775,175.075,140.915,157.04,147.72136915484137,144.9536308451586,,,,,9093708,0.76,0.64,-0.2772865928334373,1.1526214304595848,2.0041511713986284,-140.14843058396107,-26.577026666347873,-26.577026666347873,8.190228863194097,8.190228863194097,323.07692307692196,-135.30187721968548,,,3.212193739371432,2.4475539400953434,4.254130803105413,,
1766068200,153.75,155.175,153.675,153.91,152.0865414578539,154.87594005367959,152.0865414578539,154.87594005367959,0,0,0,0,0,167.0125,148.9775,175.075,140.915,157.04,147.72030989319006,144.95469010680992,,,,,8876431,0.77,0.63,0.0021731557048925935,1.0936603811801804,1.9307044802630102,-140.0110301618193,-12.963881437913706,-12.963881437913706,14.262409018954633,14.262409018954633,323.07692307692196,-135.30187721968548,,,3.209044529823014,2.477416316163095,4.2520427186433105,,
1766154600,153.92,155.77,153.92,154.94,152.09030161478128,154.84035416922157,152.09030161478128,154.84035416922157,0,0,0,0,0,167.0125,148.9775,175.075,140.915,157.04,147.71754078533215,144.9574592146678,,,,,8571505,0.76,0.63,0.3662633131587708,1.1896535346772996,1.8090561096977469,-133.2784094769042,2.654820743243963,2.654820743243963,33.892225105559305,33.892225105559305,323.07692307692196,-135.30187721968548,,,3.0547332619512644,2.5000561963900823,4.249650491956613,,
1766413800,154.15,155.37,153.8,155.3,152.09381689627023,154.80150498611482,152.09381689627023,154.80150498611482,0,0,0,0,0,167.0125,148.9775,175.075,140.915,157.04,147.71754476763587,144.95745523236408,,,,,7063672,0.74,0.63,0.8991653894125622,1.2732282978013618,1.8682653559060463,-136.5760196082908,22.17386399495394,22.17386399495394,61.211950498373895,61.211950498373895,323.07692307692196,-135.30187721968548,,,3.1303142911129296,2.524772200104704,4.247414055990892,,
1766500200,154.69,155.66,154.64,154.99,152.09898669268128,154.79679106509073,152.09898669268128,154.79679106509073,0,0,0,0,0,167.0125,148.9775,175.075,140.915,157.04,147.71503480344538,144.95996519655458,,,,,7465847,0.74,0.63,1.180069152623546,1.063322196700216,1.6168891430766328,-113.49274868858038,42.71948161900516,42.71948161900516,83.8107168671076,83.8107168671076,323.07692307692196,-135.30187721968548,,,2.6012470869811826,2.5277712152763305,4.244125011097766,,
1766586600,155.17,155.94,155.15,155.8,152.10515495103758,154.81206200371463,152.10515495103758,154.81206200371463,0,0,0,0,0,167.0125,148.9775,175.075,140.915,157.04,148.13300013174617,145.4569998682538,,,,,3085686,0.73,0.63,0.8542068696198962,0.6965930038448439,1.7341549221923984,-99.47790563018381,66.36073475622024,66.36073475622024,113.64324103065039,113.64324103065039,323.07692307692196,-135.30187721968548,,,2.2800277130440287,2.5180557838162403,4.240200740771984,,
1766759400,155.685,156.12,155.35,156.05,152.11170648959694,154.83449878788267,152.11170648959694,154.83449878788267,0,0,0,0,0,167.0125,148.9775,175.075,140.915,157.04,148.17308893519342,145.51191106480658,,,,,4439338,0.74,0.64,0.5721533882889903,0.43412208861762064,1.67263840763367,-93.98188874453861,92.57825387284774,92.57825387284774,145.01329210610277,145.01329210610277,323.07692307692196,-135.30187721968548,,,2.1540593311079017,2.5037814131217955,4.23603262606736,,
1767018600,156.07,156.49,155.68,155.81,152.11889768542193,154.86886746286766,152.11889768542193,154.86886746286766,0,0,0,0,0,167.0125,148.9775,175.075,140.915,157.04,148.64656240690292,145.9734375930971,,,,,6357305,0.74,0.64,0.4112014713845154,0.42007947904604664,1.6068335693274298,-75.46178281021876,116.64134019571188,116.64134019571188,164.76751284144015,164.76751284144015,323.07692307692196,-135.30187721968548,,,1.9462115009132728,2.48191592636852,4.231457558884236,,
1767105000,155.66,155.98,155.195,155.68,152.12511517256394,154.88305893491207,152.12511517256394,154.88305893491207,0,0,0,0,0,167.0125,148.9775,175.075,140.915,157.04,150.5669144883907,147.98308551160923,,,,,4355090,0.74,0.64,-0.09850961011107004,0.536012259652903,1.6600054588315503,-67.94289201689904,131.09539140003412,131.09539140003412,160.00349380867863,160.00349380867863,323.07692307692196,-135.30187721968548,,,2.2516848271084062,2.4728872558093,4.227501969010557,,
1767191400,155.6,155.835,154.765,154.8,152.13046968770365,154.87999976099394,152.13046968770365,154.87999976099394,0,0,0,0,0,167.0125,148.9775,175.075,140.915,157.04,151.1851427849943,148.8148572150057,,,,,4199871,0.73,0.64,0.1734024410514312,0.43178337341945333,1.4682758859467329,-37.31340397971856,116.06538948366008,116.06538948366008,126.08539076124278,126.08539076124278,323.07692307692196,-135.30187721968548,,,2.5225168482710987,2.4748335143372135,4.224095405332756,,
1767364200,154.87,155.57,153.575,155.51,152.1334596583576,154.83086055468047,152.1334596583576,154.83086055468047,0,0,0,0,0,158.875,145.84499999999997,162.88000000000002,141.83999999999997,154.87,151.18524701475366,148.81475298524634,,,,,10997959,0.75,0.65,0.40911149617970094,0.40414525537869234,1.7287223426294938,-70.57404123504793,70.42050484838076,70.42050484838076,107.53042879028877,107.53042879028877,323.07692307692196,-135.30187721968548,,,3.2720287207910945,2.506096071453052,4.22219317419481,,
1767623400,154.59,155.39,152.97,155.04,152.1352469517475,154.76016014077143,152.1352469517475,154.76016014077143,0,0,0,0,0,158.875,145.84499999999997,162.88000000000002,141.83999999999997,154.87,151.1724259189143,148.8275740810857,,,,,17756230,0.75,0.64,0.268632908034332,0.37581216114606014,1.6009526115533907,-87.48386101611851,21.497290916413796,21.497290916413796,78.85271616566378,78.85271616566378,323.07692307692196,-135.30187721968548,,,3.6530830761478934,2.5510759539901042,4.22105609108183,,
1767709800,155.14,158.33,155.14,158.09,152.14132298181394,154.77647935093725,152.14132298181394,154.77647935093725,0,0,0,0,0,158.875,145.84499999999997,162.88000000000002,141.83999999999997,154.87,151.2163794051712,148.7836205948288,,,,,17783789,0.73,0.64,0.7380539157846179,0.9232579400788262,1.8658996789475322,-81.41494315754095,32.76631503711779,32.76631503711779,63.49058245614845,63.49058245614845,323.07692307692196,-135.30187721968548,,,2.2863261321408475,2.5406936080352316,4.217190496758271,,
1767796200,158.54,160.59,158.54,159.66,153.0052682827479,155.75809748388795,153.0052682827479,155.75809748388795,0,0,0,0,0,158.875,145.84499999999997,162.88000000000002,141.83999999999997,154.87,152.0531673914964,149.58683260850358,,,,,14505685,0.74,0.64,1.0154522606124992,0.6820836633316438,2.052875223495453,-30.606129056933913,63.42097034949765,63.42097034949765,63.46737842059819,63.46737842059819,323.07692307692196,-135.30187721968548,,,0.7014906676687991,2.4685680025306658,4.210166121475376,,
1767882600,159.15,160.5,157.605,158.12,153.01449961485028,155.83133091589232,153.01449961485028,155.83133091589232,0,0,0,0,0,158.875,145.84499999999997,162.88000000000002,141.83999999999997,154.87,152.0714141160623,149.56858588393766,,,,,17610979,0.74,0.64,0.7353228818750212,0.38724270513033493,1.8272379678506065,-56.15678143928495,69.4102878422403,69.4102878422403,81.2961066855245,81.2961066855245,323.07692307692196,-135.30187721968548,,,1.2871101089815902,2.422236320430702,4.204325849722141,,
1767969000,158.33,158.93,157.26,157.31,153.02303008515028,155.8882983309554,153.02303008515028,155.8882983309554,0,0,0,0,0,158.875,145.84499999999997,162.88000000000002,141.83999999999997,154.87,152.075686731882,149.56431326811798,,,,,12352031,0.72,0.65,0.35221658866616473,-0.19294080943288253,1.7392178763578936,-65.58456226485828,73.32955502682272,73.32955502682272,81.16808939598756,81.16808939598756,323.07692307692196,-135.30187721968548,,,1.5031942878617097,2.3861954564083883,4.198928983464678,,
1768228200,157.33,157.5,156.01,157.38,153.02907098408105,155.89450231797673,153.02907098408105,155.89450231797673,0,0,0,0,0,158.875,145.84499999999997,162.88000000000002,141.83999999999997,154.87,152.03834112731235,149.60165887268764,,,,,12250050,0.71,0.65,0.310210020912674,-0.13795284393845028,1.813966960233977,-99.74318844447188,63.01685969443483,63.01685969443483,69.89198991602676,69.89198991602676,323.07692307692196,-135.30187721968548,,,2.2861079794563484,2.38227045731223,4.195107163276849,,
1768314600,157.65,157.67,155.74,156.74,153.03456574734963,155.88998065844825,153.03456574734963,155.88998065844825,0,0,0,0,0,158.875,145.84499999999997,162.88000000000002,141.83999999999997,154.87,152.04200305598567,149.5979969440143,,,,,11756519,0.74,0.64,0.21705086879952662,-0.12118830114468476,1.7031518873066098,-107.12145169926792,37.78965622489402,37.78965622489402,59.19121201898251,59.19121201898251,323.07692307692196,-135.30187721968548,,,2.455217336840779,2.385131119254526,4.191630859927327,,
1768401000,156.61,157.985,156.48,157.86,153.04151326833394,155.91436573066596,153.04151326833394,155.91436573066596,0,0,0,0,0,158.875,145.84499999999997,162.88000000000002,141.83999999999997,154.87,152.20255402720238,149.74744597279766,,,,,13516844,0.73,0.65,0.5088582674443498,0.3472179512803086,1.753267491303246,-86.8995450009372,30.40600558745372,30.40600558745372,49.59614320847292,49.59614320847292,323.07692307692196,-135.30187721968548,,,1.991732431416765,2.3697037197314765,4.187235458471761,,
1768487400,157.31,157.45,155.37,156.96,153.04625130376184,155.89470040789473,153.04625130376184,155.89470040789473,0,0,0,0,0,158.875,145.84499999999997,162.88000000000002,141.83999999999997,154.87,152.22298990063422,149.7520100993658,,,,,15303752,0.72,0.63,0.5069523926946254,0.35331520928825944,1.6788699054888678,-117.23240504843368,1.2683720953282176,1.2683720953282176,33.48688617075802,33.48688617075802,323.07692307692196,-135.30187721968548,,,2.686959789552795,2.3821451342342734,4.184237904687707,,
1768573800,156.64,156.97,155.71,155.74,153.05165240005803,155.8890062742518,153.05165240005803,155.8890062742518,0,0,0,0,0,158.875,145.84499999999997,162.88000000000002,141.83999999999997,154.87,152.2340909389034,149.74090906109663,,,,,11950342,0.73,0.63,0.05431236458499488,0.09023119564141012,1.514747244817472,-107.94125872757868,-43.74726069714781,-43.74726069714781,7.742170548122747,7.742170548122747,323.07692307692196,-135.30187721968548,,,2.474007265439051,2.3857475707521076,4.180820860453444,,
1768919400,153.995,155.92,153.23,155.4,153.0521372104475,155.78725308702624,153.0521372104475,155.78725308702624,0,0,0,0,0,158.875,145.84499999999997,162.88000000000002,141.83999999999997,154.87,152.89476648198035,150.3952335180196,,,,,12775604,0.73,0.64,0.08533553019040348,0.20680601297697931,1.6119168227856835,-175.71197306793258,-89.58088794093973,-89.58088794093973,-24.69884894823141,-24.69884894823141,323.07692307692196,-135.30187721968548,,,4.027308029562826,2.450122490705469,4.1805141415106055,,
1769005800,155.2,158.51,155.145,158.26,153.0564089642728,155.7638372796919,153.0564089642728,155.7638372796919,0,0,0,0,0,158.875,145.84499999999997,162.88000000000002,141.83999999999997,154.87,152.92370351638965,150.3662964836103,,,,,16393897,0.73,0.63,0.03877897286019625,0.6792542048605196,1.5950770921807964,-123.38095776076396,-78.8999543273405,-78.8999543273405,-42.765884074601104,-42.765884074601104,323.07692307692196,-135.30187721968548,,,2.827884254039826,2.464936677502895,4.177811584292882,,
1769092200,157.65,159.23,157.5,158.29,153.06533042488365,155.83276915107652,153.06533042488365,155.83276915107652,0,0,0,0,0,158.875,145.84499999999997,162.88000000000002,141.83999999999997,154.87,152.92378189635582,150.36621810364414,,,,,10881377,0.72,0.63,-0.3100035939287759,0.9449174134908973,1.759612621306238,-59.026106038372205,-43.62128158696105,-43.62128158696105,-43.05101657872108,-43.05101657872108,323.07692307692196,-135.30187721968548,,,1.3528748590755333,2.4213264101135867,4.172167355071668,,
1769178600,157.8,158.38,156.66,157.48,153.07257252193682,155.86638604711274,153.07257252193682,155.86638604711274,0,0,0,0,0,158.875,145.84499999999997,162.88000000000002,141.83999999999997,154.87,152.9268876200994,150.36311237990057,,,,,10191324,0.73,0.63,-0.1461449582075292,1.0453758203006116,1.8062698484587647,-81.98070283107265,-35.12968968374289,-35.12968968374289,-19.287035893786495,-19.287035893786495,323.07692307692196,-135.30187721968548,,,1.8789928598271326,2.400058427749412,4.167585587848402,,
1769437800,157.37,158.325532,156.9,158.1,153.08027487454035,155.9080022805593,153.08027487454035,155.9080022805593,0,0,0,0,0,158.875,145.84499999999997,162.88000000000002,141.83999999999997,154.87,152.9278558400253,150.36214415997466,,,,,6810415,0.73,0.64,0.18125408561175602,0.8163177970516835,1.860021822707753,-69.95409698445428,-23.1484013618048,-23.1484013618048,0.8141752820713748,0.8141752820713748,289.84423676012136,-135.30187721968554,,,1.7286734310409564,2.3737296043490805,4.162712636486149,,
1769524200,155.8,157.0936,155.135,155.45,153.0844706290368,155.8794629754393,153.0844706290368,155.8794629754393,0,0,0,0,0,158.875,145.84499999999997,162.88000000000002,141.83999999999997,154.87,152.97310099763254,150.31689900236742,,,,,12697519,0.74,0.64,-0.43443885918765335,0.24903891323102634,1.5707548134864713,-109.43510257220179,-21.947333851980265,-21.947333851980265,-19.545198832331195,-19.545198832331195,270.3674827173936,-135.30187721968548,,,2.8341475635725955,2.39178521059314,4.160058160815992,,
1769610600,154.3,155.15,153.465,154.31,153.08535470370404,155.78720756463778,153.08535470370404,155.78720756463778,0,0,0,0,0,158.875,145.84499999999997,162.88000000000002,141.83999999999997,154.87,152.9822086663294,150.30779133367054,,,,,11426592,0.73,0.64,-0.5469167607480855,0.03305097605702848,1.4404815546850231,-166.11798297374997,-52.254642946959386,-52.254642946959386,-32.0497702169733,-32.0497702169733,270.3674827173936,-179.42218985191255,,,3.880120255543025,2.450151290787253,4.15949884432194,,
1769697000,154.25,154.67,153.5,153.82,153.08630624275756,155.69992883661277,153.08630624275756,155.69992883661277,0,0,0,0,0,158.875,145.84499999999997,162.88000000000002,141.83999999999997,154.87,152.9774181252932,150.31258187470675,,,,,12167310,0.73,0.63,-0.9020534705499407,-0.29723115677289635,1.4146066942639,-165.17946329593227,-80.43124278671073,-80.43124278671073,-48.17692774021911,-48.17692774021911,270.3674827173936,-179.42218985191255,,,3.858198672178377,2.505368835155532,4.158896845975998,,
1769783400,154.115,154.93,153.29,154.74,153.0868404960188,155.60791986262797,153.0868404960188,155.60791986262797,0,0,0,0,0,158.875,145.84499999999997,162.88000000000002,141.83999999999997,154.87,152.9635961045278,150.32640389547217,,,,,11863923,0.73,0.63,-0.49788027761523734,0.08838061746308255,1.555292457569886,-170.81058136283923,-93.53691223102292,-93.53691223102292,-63.29692257048704,-63.29692257048704,270.3674827173936,-179.42218985191255,,,3.989728172366281,2.5635790052422283,4.158558846628127,,
1770042600,154.58,156.01,154.4,155.69,153.08956928623653,155.56261320134843,153.08956928623653,155.56261320134843,0,0,0,0,0,158.39000000000001,149.16,162.20000000000002,145.35,154.58,152.96682639047629,150.32317360952368,,,,,11005278,0.75,0.63,-0.011296447492417573,0.2509787376980358,1.6059120166392682,-141.04610015204588,-80.41380781555613,-80.41380781555613,-69.00255098551007,-69.00255098551007,270.3674827173936,-179.42218985191255,,,3.2945008142302337,2.592242605594699,4.156832456953007,,
1770129000,154.775,157.12,153.85,154.1,153.09120471223807,155.4977303307073,153.09120471223807,155.4977303307073,0,0,0,0,0,158.39000000000001,149.16,162.20000000000002,145.35,154.58,153.04738244399763,150.36761755600233,,,,,21141876,0.72,0.63,-0.29390794556507027,0.025040622704292064,1.5206657564934918,-155.7942665177544,-76.84323751614802,-76.84323751614802,-71.61611316238938,-71.61611316238938,270.3674827173936,-179.42218985191255,,,3.6389828385318816,2.633291242180471,4.155797792380737,,
1770215400,154.81,156.775,154.23,156.03,153.09358851900683,155.45014482754232,153.09358851900683,155.45014482754232,0,0,0,0,0,158.39000000000001,149.16,162.20000000000002,145.35,154.58,153.40017577355587,150.67982422644417,,,,,22951614,0.74,0.63,-0.49921900092665333,0.1438996455176831,1.9282100436413545,-145.60462430144702,-64.61715162549132,-64.61715162549132,-50.6192285516952,-50.6192285516952,270.3674827173936,-179.42218985191255,,,3.400977076287114,2.6633965690081824,4.154289659081848,,
1770301800,155.46,156.97,154.6801,154.84,153.09685787061719,155.42189989312888,153.09685787061719,155.42189989312888,0,0,0,0,0,158.39000000000001,149.16,162.20000000000002,145.35,154.58,153.85803560796765,151.11196439203238,,,,,21421561,0.73,0.63,-0.7762756601930423,-0.060908247226010556,1.6945183379024589,-133.53526124470963,-53.73007229175866,-53.73007229175866,-31.95591362429333,-31.95591362429333,270.3674827173936,-179.42218985191255,,,3.1190655142177044,2.681265939408556,4.152221279172029,,
1770388200,156.04,157.795,155.91,157.71,153.1025534592873,155.4425116620258,153.1025534592873,155.4425116620258,0,0,0,0,0,158.39000000000001,149.16,162.20000000000002,145.35,154.58,154.0679398984099,151.2420601015901,,,,,13616185,0.75,0.62,0.051373060476450856,0.3563999278729143,1.8816895072799613,-100.55567976619258,-30.884975935907146,-30.884975935907146,14.805216775795884,14.805216775795884,270.3674827173936,-179.42218985191255,,,2.348741074783916,2.6682257486389624,4.148617922120305,,
1770647400,157.57,158.15,156.03,156.32,153.1084750307972,155.4669739497895,153.1084750307972,155.4669739497895,0,0,0,0,0,158.39000000000001,149.16,162.20000000000002,145.35,154.58,154.08097254451175,151.22902745548822,,,,,11822965,0.71,0.62,-0.39353527036701774,0.0673551476334987,1.4357961083650146,-61.12606282834923,-5.22155250202562,-5.22155250202562,46.105294365737436,46.105294365737436,270.3674827173936,-179.42218985191255,,,2.273581360390828,2.652749498119428,4.144871595323643,,
1770733800,156.66,157.16,155.24,155.33,153.1128221336328,155.4598063439154,153.1128221336328,155.4598063439154,0,0,0,0,0,158.39000000000001,149.16,162.20000000000002,145.35,154.58,154.59270288821247,151.71729711178753,,,,,11103681,0.69,0.62,-0.02688728396786812,-0.0927821667400518,0.9597513911673524,-82.4931378878163,11.741011837430147,11.741011837430147,45.666140516341684,45.666140516341684,270.3674827173936,-179.42218985191255,,,2.768382813478634,2.657284137937436,4.142121367987289,,
1770820200,155.18,156.38,154.38,156.25,153.1154594520471,155.41953158533047,153.1154594520471,155.41953158533047,0,0,0,0,0,158.39000000000001,149.16,162.20000000000002,145.35,154.58,155.53866430895658,152.6513356910434,,,,,11738571,0.7,0.62,0.4373348606486824,0.056715682145491435,1.0575859473089557,-105.7534980791355,19.57555279456039,19.57555279456039,35.24463470882088,35.24463470882088,270.3674827173936,-179.42218985191255,,,3.307027433295754,2.682764267167174,4.140452848637256,,
1770906600,156.21,157.42,155.48,156,153.12026732526977,155.42354211139596,153.12026732526977,155.42354211139596,0,0,0,0,0,158.39000000000001,149.16,162.20000000000002,145.35,154.58,156.60938751484827,153.83061248515173,,,,,19409285,0.68,0.62,0.49295552224121314,0.0412781835172626,0.8950680503733796,-76.00187457861158,24.069473867775535,24.069473867775535,33.057316014205824,33.057316014205824,270.3674827173936,-179.42218985191255,,,2.618063384692476,2.680226977658362,4.137411111446557,,
1770993000,156.52,158.8,156.52,157.67,153.1271227352093,155.46777183251768,153.1271227352093,155.46777183251768,0,0,0,0,0,158.39000000000001,149.16,162.20000000000002,145.35,154.58,156.5980730570956,153.8419269429044,,,,,16647937,0.67,0.61,0.6567013604878693,0.3712386641121697,1.0869177353087853,-47.87306690538826,36.800771182404524,36.800771182404524,62.26336581166251,62.26336581166251,270.3674827173936,-179.42218985191255,,,1.9666791932857235,2.652244711604533,4.133073984736945,,
1771338600,158.025,158.91,157.13,157.37,153.13517104143267,155.53394940771307,153.13517104143267,155.53394940771307,0,0,0,0,0,158.39000000000001,149.16,162.20000000000002,145.35,154.58,156.59872400193922,153.84127599806075,,,,,14881059,0.66,0.62,0.37400268604274717,0.23934268220748106,1.052554676526002,-31.374439327825304,53.55038538251672,53.55038538251672,87.04961378274112,87.04961378274112,270.3674827173936,-179.42218985191255,,,1.5846173117875493,2.6103769704352398,4.127982163212571,,
1771425000,157.195,157.8,156.48,157.67,153.14191755283838,155.57229648976352,153.14191755283838,155.57229648976352,0,0,0,0,0,158.39000000000001,149.16,162.20000000000002,145.35,154.58,156.5930903179381,153.84690968206192,,,,,11886340,0.67,0.62,0.8043981279529168,0.3400610059857495,1.0540038744994153,-48.95494412358968,67.94782472609927,67.94782472609927,96.74270341326435,96.74270341326435,270.3674827173936,-179.42218985191255,,,1.991732431416765,2.5861164002776524,4.123713931980212,,
1771511400,157.2,157.72,156.185,157.26,153.14806706821733,155.5976868234983,153.14806706821733,155.5976868234983,0,0,0,0,0,158.39000000000001,149.16,162.20000000000002,145.35,154.58,156.59421657469449,153.8457834253055,,,,,11227277,0.67,0.63,0.27900574822149626,-0.10728258108220898,1.069388080274344,-56.93378860782081,75.3665628919359,75.3665628919359,90.20403922360916,90.20403922360916,270.3674827173936,-179.42218985191255,,,2.176500062633092,2.57005301448767,4.119823394778719,,
1771597800,157,157.25,155.87,156.82,153.15358121992918,155.6098520461062,153.15358121992918,155.6098520461062,0,0,0,0,0,158.39000000000001,149.16,162.20000000000002,145.35,154.58,156.5917555949858,153.84824440501419,,,,,13368518,0.67,0.63,0.4541708105111734,-0.3647529213347474,1.2254736278488496,-65.45357170115264,60.80770988883908,60.80770988883908,70.51361189090363,70.51361189090363,270.3674827173936,-179.42218985191255,,,2.3737943129149395,2.562356594818151,4.116334825184586,,
1771857000,157.13,158.68,157.13,158.54,153.1615766620472,155.67045784821968,153.1615766620472,155.67045784821968,0,0,0,0,0,158.39000000000001,149.16,162.20000000000002,145.35,154.58,156.60598476877308,153.83401523122694,,,,,17053489,0.66,0.62,0.185904364379238,0.05417171467189455,1.3761331582354768,-38.1615995517842,72.57832751606546,72.57832751606546,76.70775876638909,76.70775876638909,270.3674827173936,-179.42218985191255,,,1.5846173117875493,2.5240138778365586,4.111276448534442,,
1771943400,158.01,158.5,157.3075,157.87,153.169907228157,155.73557812868165,153.169907228157,155.73557812868165,0,0,0,0,0,158.39000000000001,149.16,162.20000000000002,145.35,154.58,156.60318905894488,153.83681094105512,,,,,12887254,0.67,0.63,0.36123380681950945,0.07487594294538154,1.3249347037184172,-45.60404896813464,78.00044444268359,78.00044444268359,88.84467829591985,88.84467829591985,270.3674827173936,-179.42218985191255,,,1.4734435675811048,2.4828150421402664,4.106006053167902,,
1772029800,157.87,159.23,157.62,157.83,153.17883928164719,155.8102770255961,153.17883928164719,155.8102770255961,0,0,0,0,0,158.39000000000001,149.16,162.20000000000002,145.35,154.58,156.54476190237799,153.895238097622,,,,,11011486,0.66,0.63,0.6240723454718413,0.06401070598416338,1.3844279777741213,-34.657880386668715,84.82089808584837,84.82089808584837,98.46180537217795,98.46180537217795,270.3674827173936,-179.42218985191255,,,1.2777151446824453,2.4355562226321164,4.100355122281817,,
1772116200,158.07,158.17,156.09,157.42,153.1847271152503,155.8226465540041,153.1847271152503,155.8226465540041,0,0,0,0,0,158.39000000000001,149.16,162.20000000000002,145.35,154.58,156.54373370241518,153.89626629758482,,,,,15344362,0.65,0.63,0.29025430017056414,0.097091513210389,1.3708899239643928,-92.29544233406426,79.7642215753437,79.7642215753437,83.13533924901348,83.13533924901348,270.3674827173936,-179.42218985191255,,,2.236001503194284,2.4277305473600443,4.096630140025898,,
1772202600,156.74,160.24,156.705,160.2,153.7088947092819,156.36497308663525,153.7088947092819,156.36497308663525,0,0,0,0,0,158.39000000000001,149.16,162.20000000000002,145.35,154.58,156.5157660827902,153.9242339172098,,,,,14250063,0.65,0.62,1.0305618579828046,0.32759140926787783,1.5077516598592458,-130.29798313233607,89.16718591835684,89.16718591835684,101.23087925704354,101.23087925704354,270.3674827173936,-179.42218985191255,,,2.1816479400748916,2.4180802490351363,4.092804001764257,,
1772461800,159.19,159.84,157.99,158.53,153.71749252205058,156.42956629892404,153.71749252205058,156.42956629892404,0,0,0,0,0,163.435,155.995,166.63000000000002,152.79999999999998,159.19,156.53134605135045,153.90865394864954,,,,,18641385,0.7,0.63,0.20732171142161834,0.21950551521339226,1.2023262015276148,-82.39157159440973,96.47248335109951,96.47248335109951,111.08307821658487,111.08307821658487,270.3674827173936,-179.42218985191255,,,1.3795255930087262,2.377352615465473,4.087382866082428,,
1772548200,156.66,157.39,155,156.74,153.72015887065788,156.37554409112312,153.72015887065788,156.37554409112312,0,0,0,0,0,163.435,155.995,166.63000000000002,152.79999999999998,159.19,156.54652270642856,153.89347729357146,,,,,21432641,0.73,0.63,-0.15054999511263498,0.13941238064484215,1.0028036611782918,-193.86252139861253,75.69466016429557,75.69466016429557,89.54654228883153,89.54654228883153,270.3674827173936,-179.42218985191255,,,3.2459425717852617,2.4114149666937,4.085701666693223,,
1772634600,156.74,157.58,155.67,157.05,153.7241451666206,156.34965216598104,153.7241451666206,156.34965216598104,0,0,0,0,0,163.435,155.995,166.63000000000002,152.79999999999998,159.19,156.51367119072873,153.92632880927127,,,,,12745693,0.71,0.63,-0.14787757426835835,0.23053241425674129,0.9524367245480494,-168.88408114148402,39.70363412805605,39.70363412805605,72.93223956857304,72.93223956857304,270.3674827173936,-179.42218985191255,,,2.8277153558052444,2.4277404721490545,4.083188207530609,,
1772721000,155.13,155.7,152.72,153.91,153.72228833312084,156.21024619868766,153.72228833312084,156.21024619868766,0,0,0,0,0,163.435,155.995,166.63000000000002,152.79999999999998,159.19,156.5677740258172,153.8722259741828,,,,,20476801,0.72,0.64,-0.7781857180430982,-0.5797145337220683,0.6562032449183368,-279.4133561978653,-7.508154361412274,-7.508154361412274,46.11877492524461,46.11877492524461,270.36748271739356,-252.13549337261452,,,4.669163545568034,2.5156394162047007,4.084358987426788,,
1772807400,152.78,152.99,150.95,152.7,153.71693411067704,156.00758948501363,153.71693411067704,156.00758948501363,0,0,0,0,0,163.435,155.995,166.63000000000002,152.79999999999998,159.19,156.57301029256843,153.86698970743157,,,,,18174029,0.72,0.64,-0.9698711845276361,-0.75268973155518,0.5620575472374634,-279.4133561978653,-53.95326951072118,-53.95326951072118,12.761426779922687,12.761426779922687,270.36748271739356,-252.13549337261452,,,5.774032459425718,2.6434195355467014,4.087734958399813,,
1773063000,151.78,154.55,151.13,154.26,153.71194662993645,155.81986832873858,153.71194662993645,155.81986832873858,0,0,0,0,0,163.435,155.995,166.63000000000002,152.79999999999998,159.19,156.5798730157688,153.8601269842312,,,,,18675701,0.7,0.64,-0.9909043484584044,-0.43330795011581674,0.6595238339691016,-273.97612332050124,-80.85196799706759,-80.85196799706759,-18.443038145740736,-18.443038145740736,270.36748271739356,-252.13549337261452,,,5.661672908863916,2.7617824129316904,4.090879689569571,,
1773149400,154.41,154.54,153.005,153.15,153.7106779054011,155.71230290408218,153.7106779054011,155.71230290408218,0,0,0,0,0,163.435,155.995,166.63000000000002,152.79999999999998,159.19,156.58476671033927,153.85523328966073,,,,,17247506,0.7,0.64,-1.0929638974467997,-0.6608092728753823,0.6450883099850043,-217.338280847961,-94.10624054594237,-94.10624054594237,-43.664105612474614,-43.664105612474614,270.36748271739356,-252.13549337261452,,,4.491260923845189,2.8296050996341804,4.091679652075617,,
1773235800,152.835,153.155,151.935,152.85,153.70729523226345,155.56741455490248,153.70729523226345,155.56741455490248,0,0,0,0,0,163.435,155.995,166.63000000000002,152.79999999999998,159.19,156.56474870640625,153.87525129359375,,,,,12503797,0.69,0.64,-1.1529442745275986,-0.3528503275737713,0.7503583618671005,-249.6596096189571,-124.35578179580985,-124.35578179580985,-70.56133100691969,-70.56133100691969,270.36748271739356,-252.13549337261452,,,5.159176029962539,2.9209608223921553,4.093812511971494,,
1773322200,151.95,152.485,150.025,150.16,153.70014129573545,155.35405516059257,153.70014129573545,155.35405516059257,0,0,0,0,0,163.435,155.995,166.63000000000002,152.79999999999998,159.19,156.6059675143302,153.85403248566985,,,,,15670463,0.71,0.66,-1.649473173381168,-0.5553438185119115,0.48414848171390296,-279.41335619786526,-166.64735795738062,-166.64735795738062,-102.59000665707333,-102.59000665707333,270.36748271739356,-252.13549337261452,,,6.351435705368279,3.0554892491755328,4.098323247622637,,
1773408600,151.04,152.3,149.67,149.79,153.69229945498472,155.1352804484125,153.69229945498472,155.1352804484125,0,1,0,0,0,163.435,155.995,166.63000000000002,152.79999999999998,159.19,156.47615996058101,153.78384003941898,,,,,15129348,0.68,0.66,-2.3284040500870935,-0.5420030619773225,0.4587148675943611,-279.4133561978653,-192.04342694879915,-192.04342694879915,-132.40781342098194,-132.40781342098194,270.36748271739356,-252.13549337261452,,,6.57303370786517,3.193432169124146,4.1032677240666775,,
1773667800,150.75,151.73,150.38,151.01,153.6858776778519,154.95264984259236,153.6858776778519,154.95264984259236,0,1,0,0,0,163.435,155.995,166.63000000000002,152.79999999999998,159.19,156.47280476802496,153.78719523197503,,,,,10896684,0.68,0.65,-1.7045267133821935,-0.5000840957690672,0.543954369092432,-260.5735192652455,-192.89047327984977,-192.89047327984977,-152.56870004060454,-152.56870004060454,270.36748271739356,-252.13549337261452,,,6.129837702871407,3.308585327310313,4.10731681493342,,
1773754200,151.22,151.845,149.54,149.64,153.67780719298105,154.74456945660836,153.67780719298105,154.74456945660836,0,1,0,0,0,163.435,155.995,166.63000000000002,152.79999999999998,159.19,156.416365950935,153.713634049065,,,,,11938614,0.66,0.65,-1.6187453936927128,-0.8017409529916867,0.3727067214948306,-279.4133561978653,-195.84313628063228,-195.84313628063228,-166.9935121206138,-166.9935121206138,270.36748271739356,-252.13549337261452,,,6.654182272159799,3.439785207500489,4.112405457205601,,
1773840600,148.72,149.05,147.01,147.14,153.6647484373507,154.4464255563492,153.6647484373507,154.4464255563492,0,1,0,0,0,163.435,155.995,166.63000000000002,152.79999999999998,159.19,155.14994252221857,152.45005747778146,,,,,15565399,0.7,0.66,-2.218846812956278,-0.9169329508178411,0.11909451531878607,-279.4133561978653,-218.15380728710866,-218.15380728710866,-184.04694384277875,-184.04694384277875,270.36748271739356,-252.13549337261452,,,8.2334581772784,3.6277723827858974,4.120639328774178,,
1773927000,147.135,148.09,146.3,146.61,153.65031137753584,154.13240886786494,153.65031137753584,154.13240886786494,0,1,0,0,0,163.435,155.995,166.63000000000002,152.79999999999998,159.19,154.77198454111502,152.11801545888497,,,,,16912987,0.74,0.65,-1.6664232963905825,-1.224648552084715,0.05376609715658815,-279.41335619786526,-231.24618525853023,-231.24618525853023,-199.7800243146959,-199.7800243146959,270.36748271739356,-252.13549337261452,,,8.676654182272147,3.8257677474716325,4.129742255554394,,
1774013400,146.48,147.02,144.66,145.33,153.63265920695133,153.7670359710859,153.63265920695133,153.7670359710859,0,1,1,0,0,163.435,155.995,166.63000000000002,152.79999999999998,159.19,153.95353092166806,151.29646907833194,,,,,16582211,0.73,0.66,-1.6877482983969543,-1.2399836391158368,-0.06460615412796868,-247.61017760472316,-235.72801773071933,-235.72801773071933,-211.7626887867037,-211.7626887867037,210.8955387482178,-252.13549337261458,,-255.72801773071933,9.700374531835202,4.056144484113341,4.140872389972538,,
1774272600,146.56,146.765,144.6,144.77,153.61492362412028,153.4136620114355,153.61492362412028,153.4136620114355,0,1,1,0,0,163.435,155.995,166.63000000000002,152.79999999999998,159.19,153.9240513801577,151.2659486198423,,,,,21815405,0.75,0.66,-2.1500792217356146,-1.6556021969999217,-0.19854102884388547,-247.6101776047232,-233.35807023292352,-233.35807023292352,-218.96114926877698,-218.96114926877698,210.8955387482178,-252.13549337261458,,-253.35807023292352,9.737827715355802,4.278955591220889,4.152055117895381,,
1774359000,143.95,145.3,143.38,144.79,153.59481029020594,153.02678114824192,153.59481029020594,153.02678114824192,0,1,1,0,0,163.435,155.995,166.63000000000002,152.79999999999998,159.19,153.30070351910842,150.6692964808916,,,,,24230857,0.74,0.67,-1.9123531559325069,-1.4918767787376936,-0.45647526469715916,-247.61017760472316,-238.29185430015033,-238.29185430015033,-225.4047176125681,-225.4047176125681,210.8955387482178,-252.13549337261458,,-258.29185430015036,10.499375780274653,4.522893637850449,4.164737077260774,,
1774445400,145.685,146.69,145.35,146.24,153.57863384606966,152.73155443654616,153.57863384606966,152.73155443654616,0,0,0,0,0,163.435,155.995,166.63000000000002,152.79999999999998,159.19,153.3158630679394,150.6541369320606,,,,,17743263,0.74,0.66,-1.5155384341444855,-1.1840740186095469,-0.5029854030018527,-218.60946120274312,-221.7813071616835,-221.7813071616835,-214.53448625991425,-214.53448625991425,210.8955387482178,-252.13549337261458,,-241.7813071616835,9.269662921348312,4.709041452889581,4.174936729296913,,
1774531800,145.75,146.905,145.63,145.74,153.56304356865493,152.45877583119142,153.56304356865493,152.45877583119142,0,0,0,0,0,163.435,155.995,166.63000000000002,152.79999999999998,159.19,153.3165492338303,150.65345076616975,,,,,13320966,0.74,0.66,-1.0310232195252176,-1.360261790544705,-0.5350870437402515,-214.48753196794394,-209.16408521127397,-209.16408521127397,-183.92964131045497,-183.92964131045497,210.8955387482178,-252.13549337261458,,-229.16408521127397,9.094881398252182,4.881035176237134,4.184766788575545,,
1774618200,145.72,145.8,143.07,143.26,153.5424207043819,152.09730619075253,153.5424207043819,152.09730619075253,0,0,0,0,0,163.435,155.995,166.63000000000002,152.79999999999998,159.19,153.18954063592582,150.47045936407415,,,,,12932181,0.72,0.67,-1.5003923317829662,-1.6227763795605097,-0.6475546861310544,-247.6101776047232,-202.2812335845496,-202.2812335845496,-188.51553033110085,-188.51553033110085,210.8955387482178,-252.13549337261458,,-222.2812335845496,10.692883895131084,5.108950812272191,4.197770019557674,,
1774877400,144.3,144.625,143.43,143.82,153.52255113254498,151.7639883009191,153.52255113254498,151.7639883009191,0,0,0,0,0,163.435,155.995,166.63000000000002,152.79999999999998,159.19,153.19205314361565,150.46794685638432,,,,,14799709,0.73,0.67,-1.6373914185601528,-1.744092062382861,-0.5954546747310847,-242.406461087636,-198.49919614739406,-198.49919614739406,-190.93512127308298,-190.93512127308298,210.8955387482178,-252.13549337261458,,,10.46816479400748,5.319116066457888,4.210298280845286,,
1774963800,144.81,146.75,144.595,146.61,153.50502565575667,151.48897111264776,153.50502565575667,151.48897111264776,0,0,0,0,0,163.435,155.995,166.63000000000002,152.79999999999998,159.19,153.24653578552116,150.4134642144788,,,,,17865985,0.74,0.67,-0.6822139239191041,-1.3300113564186462,-0.44012851483852633,-203.5490847233665,-183.4823843370023,-183.4823843370023,-153.44876071621871,-153.44876071621871,210.8955387482178,-252.13549337261458,,,9.740948813982516,5.4925212722431676,4.221348531660745,,
1775050200,147.22,148.76,146.95,147.73,153.49219343666425,151.3161683239165,153.49219343666425,151.3161683239165,0,0,0,0,0,155.60500000000002,134.685,163.99,126.29999999999998,147.22,153.25585661816606,150.4041433818339,,,,,16899201,0.75,0.65,0.1347749044537542,-1.2233886924952013,-0.3383287526229999,-148.92138736738355,-153.97206966029407,-153.97206966029407,-94.9514403068776,-94.9514403068776,210.8955387482178,-252.13549337261458,,,8.270911360799001,5.60147774630418,4.229439566284397,,
1775136600,146.93,148.36,146.27,146.81,153.47804180142617,151.12374211513546,153.47804180142617,151.12374211513546,0,0,0,0,0,155.60500000000002,134.685,163.99,126.29999999999998,147.22,153.25661656322012,150.40338343677985,,,,,11087896,0.74,0.65,0.045754895236100455,-1.2867926012127195,-0.34038278880491657,-158.94777780399912,-119.25547179434739,-119.25547179434739,-49.82227606245402,-49.82227606245402,210.8955387482178,-252.13549337261458,,,8.695380774032447,5.722807276803328,4.238362525740437,,
1775482200,146.28,147.14,145.76,146.28,153.46290964997476,150.91906203218895,153.46290964997476,150.91906203218895,0,0,0,0,0,155.60500000000002,134.685,163.99,126.29999999999998,147.22,153.2537012892935,150.40629871070647,,,,,7272600,0.74,0.65,0.21910283957447396,-1.3006433006341414,-0.6019575152324065,-127.59664025594186,-87.86396225486052,-87.86396225486052,-25.08094317588678,-25.08094317588678,210.8955387482178,-252.13549337261458,,,9.013732833957553,5.851863181005455,4.247903725157455,,
1775568600,146.91,146.91,144.88,146.57,153.44606707325156,150.6882439132796,153.44606707325156,150.6882439132796,0,0,0,0,0,155.60500000000002,134.685,163.99,126.29999999999998,147.22,153.2542266788885,150.40577332111147,,,,,10263369,0.73,0.64,0.41808019402605007,-1.46575144978411,-0.6273423452163068,-140.80664536479225,-63.77845803928179,-63.77845803928179,-15.607449608124307,-15.607449608124307,210.8955387482178,-252.13549337261458,,,9.563046192259673,5.997399769682091,4.25852339042639,,
1775655000,148.2,149.7,147.5,149.67,153.43444056561268,150.56819513236667,153.43444056561268,150.56819513236667,0,0,0,0,0,155.60500000000002,134.685,163.99,126.29999999999998,147.22,153.26205163338403,150.39794836661594,,,,,8130677,0.76,0.64,1.138832895402099,-1.0132867541027488,-0.6455508276483917,-101.47685742707833,-32.85357486709457,-32.85357486709457,28.996191477279858,28.996191477279858,210.8955387482178,-252.13549337261458,,,7.927590511860168,6.07309352427731,4.2658541938658185,,
1775741400,148.83,150.215,148.3,149.33,153.42441970534173,150.48391297031307,153.42441970534173,150.48391297031307,0,0,0,0,0,155.60500000000002,134.685,163.99,126.29999999999998,147.22,153.20174067752168,150.3682593224783,,,,,6406585,0.74,0.63,0.7222504633272103,-1.0628311389161644,-0.6537747565126771,-73.33281862881496,0.7435482668817954,0.7435482668817954,67.93779453483452,67.93779453483452,210.8955387482178,-252.13549337261458,,,7.428214731585505,6.126235532407043,4.272172596538585,,
1775827800,149.78,149.835,147.11,147.31,153.41206502061576,150.3567359910851,153.41206502061576,150.3567359910851,0,0,0,0,0,155.60500000000002,134.685,163.99,126.29999999999998,147.22,153.08118540262063,150.22881459737937,,,,,6217954,0.71,0.64,0.36449649648443866,-1.2545936677563767,-0.7397377465758935,-86.96011187173887,26.165083393785775,26.165083393785775,77.00815364759373,77.00815364759373,210.8955387482178,-252.13549337261458,,,8.171036204744055,6.206423794067319,4.2799625338177165,,
1776087000,146.88,148.045,146.24,147.97,153.3980141414537,150.20076987378764,153.3980141414537,150.20076987378764,0,0,0,0,0,155.60500000000002,134.685,163.99,126.29999999999998,147.22,153.082942587252,150.227057412748,,,,,6183006,0.71,0.63,1.1130478491369509,-1.4921799230930548,-0.5319419130433943,-73.14528087540353,39.95152947973777,39.95152947973777,67.52442165164177,67.52442165164177,210.8955387482178,-252.13549337261458,,,8.714107365792747,6.304764326291846,4.288821964051433,,
1776173400,147.38,149.6003,147.24,148.83,153.38596935795428,150.08974360422735,153.38596935795428,150.08974360422735,0,0,0,0,0,155.60500000000002,134.685,163.99,126.29999999999998,147.22,153.0884704940929,150.2215295059071,,,,,7722277,0.72,0.63,1.1769437295694574,-1.193539798976179,-0.40346546301985997,-57.81084044030839,51.18310971973378,51.18310971973378,73.64627019972579,73.64627019972579,210.8955387482178,-252.13549337261458,,,8.089887640449426,6.374769162141162,4.296416500867413,,
1776259800,148.86,149.21,146.885,147.77,153.37324644215417,149.9692889530812,153.37324644215417,149.9692889530812,0,0,0,0,0,155.60500000000002,134.685,163.99,126.29999999999998,147.22,153.09214405761105,150.21785594238892,,,,,6669159,0.71,0.63,0.2671556070304977,-1.1156343338959587,-0.530530343120419,-63.25456679476744,55.502891974844545,55.502891974844545,64.14245648506608,64.14245648506608,210.8955387482178,-252.13549337261458,,,8.311485642946316,6.45071882805509,4.3044386170354025,,
1776346200,147.19,148.2,146.285,146.61,153.35936213357846,149.8302638960976,153.35936213357846,149.8302638960976,0,0,0,0,0,155.60500000000002,134.685,163.99,126.29999999999998,147.22,153.08957314926297,150.22042685073703,,,,,9072308,0.7,0.64,-0.2551898831434183,-1.2918618068665,-0.5314737044658535,-52.3718065250288,23.355223094864215,23.355223094864215,44.78700234818444,44.78700234818444,210.8955387482178,-252.13549337261458,,,8.686017478152305,6.538377598647137,4.313193020354317,,
1776432600,147.37,149.115,147.36,148.8,153.34763193950536,149.73842609625063,153.34763193950536,149.73842609625063,0,0,0,0,0,155.60500000000002,134.685,163.99,126.29999999999998,147.22,153.11838003811317,150.19161996188683,,,,,8338105,0.72,0.64,0.4512450955560456,-0.6381290144569355,-0.32292364040227994,-35.73969662417001,22.944695476493397,22.944695476493397,37.506233390954094,37.506233390954094,210.8955387482178,-252.13549337261458,,,8.014981273408225,6.596283625108356,4.320589200680099,,
1776691800,148.45,148.74,147.145,147.42,153.3354999076582,149.64184271992707,153.3354999076582,149.64184271992707,0,0,0,0,0,155.60500000000002,134.685,163.99,126.29999999999998,147.22,153.12128652095336,150.18871347904664,,,,,6325730,0.72,0.64,0.26500206348041233,-0.6788340435891563,-0.3001515231250039,-39.06611860434176,13.889961419554743,13.889961419554743,29.63414273382098,29.63414273382098,210.8955387482178,-252.13549337261458,,,8.149188514357041,6.657181856059284,4.328238749758375,,
1776778200,148.29,148.56,145.88,145.92,153.32088991783272,149.4999351622829,153.32088991783272,149.4999351622829,0,0,0,0,0,155.60500000000002,134.685,163.99,126.29999999999998,147.22,153.1318022339608,150.17819776603918,,,,,8735292,0.71,0.64,-0.15018059219260865,-1.057055134214336,-0.3041096646852444,-58.63785723186388,-19.021593644648725,-19.021593644648725,13.415563940997746,13.415563940997746,210.8955387482178,-252.13549337261458,,,8.938826466916352,6.746658115308581,4.33745071322922,,
1776864600,146.51,147.58,146.005,146.38,153.30655637154334,149.36844554807573,153.30655637154334,149.36844554807573,0,0,0,0,0,155.60500000000002,134.685,163.99,126.29999999999998,147.22,153.08706841968686,150.22293158031314,,,,,8316881,0.73,0.65,-0.7679865693211991,-0.8916687081798418,-0.4409103590681439,-56.7038909643222,-48.1850185221345,-48.1850185221345,-7.117963546713,-7.117963546713,210.8955387482178,-252.13549337261458,,,8.860799001248436,6.829565601031713,4.346488372146341,,
1776951000,146.2,146.77,145.16,146.24,153.29058003513666,149.2093065069747,153.29058003513666,149.2093065069747,0,0,0,0,0,155.60500000000002,134.685,163.99,126.29999999999998,147.22,153.0868158784693,150.2231841215307,,,,,7611991,0.73,0.64,-0.7230325568665512,-0.8724123963807316,-0.5566555979398226,-69.777502932904,-73.33983127268249,-73.33983127268249,-29.191919455369494,-29.191919455369494,210.8955387482178,-252.13549337261458,,,9.388264669163542,6.929906740958451,4.356561851261261,,
1777037400,145.24,145.53,143.675,144.18,153.27169825684467,148.99875527140708,153.27169825684467,148.99875527140708,0,0,0,0,0,155.60500000000002,134.685,163.99,126.29999999999998,147.22,153.10592229657217,150.20407770342783,,,,,7969746,0.72,0.64,-0.7352901744118657,-0.7956699411394998,-0.7397627360756135,-92.75302219129902,-109.6645842844709,-109.6645842844709,-56.01614106506996,-56.01614106506996,210.8955387482178,-252.13549337261458,,,10.315230961298363,7.062664553520801,4.368467284048547,,
1777296600,143.68,145.21,143.42,143.46,153.25234980877906,148.78656094703817,153.25234980877906,148.78656094703817,0,0,0,0,0,155.60500000000002,134.685,163.99,126.29999999999998,147.22,153.103823152094,150.20617684790602,,,,,6571929,0.72,0.64,-1.066512344636853,-0.853735381796158,-0.9444651441894955,-96.69831337708445,-140.99021358103315,-140.99021358103315,-84.34083190372435,-84.34083190372435,210.8955387482178,-252.13549337261458,,,10.474406991260924,7.196458374608649,4.380666963783237,,
1777383000,144.57,144.86,143.28,143.84,153.2327630958744,148.5772526746053,153.2327630958744,148.5772526746053,0,0,0,0,0,155.60500000000002,134.685,163.99,126.29999999999998,147.22,153.07525791336036,150.23474208663964,,,,,8612435,0.72,0.65,-1.1743980786431574,-0.9601920125487916,-0.7752496245969084,-98.86435559673093,-156.73153660221215,-156.73153660221215,-108.47106680322028,-108.47106680322028,210.8955387482178,-252.13549337261458,,,10.561797752808982,7.328432467871407,4.393016875449622,,
1777469400,142.26,143.245,141.97,142.84,153.21062430847005,148.3252937461894,153.21062430847005,148.3252937461894,0,0,0,0,0,155.60500000000002,134.685,163.99,126.29999999999998,147.22,152.51952269976692,149.69047730023308,,,,,11885537,0.72,0.65,-1.1678997360829662,-0.9184288133899067,-0.8308252403452296,-119.13232208056786,-175.05024180037708,-175.05024180037708,-130.66412513560587,-130.66412513560587,210.8955387482178,-252.13549337261458,,,11.379525593008735,7.487298864935616,4.406975933826364,,
1777555800,143.68,146.29,143.66,145.99,153.19187261155002,148.1488273247702,153.19187261155002,148.1488273247702,0,0,0,0,0,155.60500000000002,134.685,163.99,126.29999999999998,147.22,152.58428013155847,149.62571986844154,,,,,12587761,0.73,0.65,-0.14398421538698958,-0.15363609131784825,-0.5840148322880379,-92.98509814340427,-141.37192186660286,-141.37192186660286,-134.23339071260486,-134.23339071260486,210.8955387482178,-252.13549337261458,,,10.324594257178523,7.598565350905925,4.418799347059835,,
1777642200,146.29,146.605,145.15,145.16,153.17610563330518,148.03712821399492,153.17610563330518,148.03712821399492,0,0,0,0,0,150.4125,137.8475,154.535,133.725,146.29,152.5812686149044,149.62873138509568,,,,,8865818,0.72,0.64,-0.8322331385279207,-0.1942631083926649,-0.7158146803055824,-69.93222023430718,-122.06214204195403,-122.06214204195403,-97.71964470065237,-97.71964470065237,210.8955387482178,-252.13549337261458,,,9.394506866416968,7.668994429945574,4.428740820624984,,
1777901400,144.555,145.205,144.32,144.73,153.1587283992726,147.89758593109315,153.1587283992726,147.89758593109315,0,0,0,0,0,150.4125,137.8475,154.535,133.725,146.29,152.57531453597417,149.63468546402586,,,,,10885929,0.72,0.65,-0.625350016585247,-0.08168882363750604,-0.7775164199392007,-82.7737562507842,-104.57372894246723,-104.57372894246723,-69.59690274349362,-69.59690274349362,210.8955387482178,-252.13549337261458,,,9.912609238451934,7.756979324396804,4.439697600680582,,
1777987800,145.28,145.655,144.415,145.3,153.14157379707626,147.76720412987382,153.14157379707626,147.76720412987382,0,0,0,0,0,150.4125,137.8475,154.535,133.725,146.29,152.56787319358108,149.642126806419,,,,,7174868,0.72,0.65,-0.1462114337776387,0.07273461347114524,-0.7171389507582608,-81.30394188745254,-84.64947418174312,-84.64947418174312,-44.800964660294895,-44.800964660294895,210.8955387482178,-252.13549337261458,,,9.853308364544318,7.839188306363373,4.450514005803187,,
1778074200,145.36,146.15,144.9,145.4,153.1254128104687,147.6607647522317,153.1254128104687,147.6607647522317,0,0,0,0,0,150.4125,137.8475,154.535,133.725,146.29,152.5455809438707,149.66441905612933,,,,,10613462,0.73,0.65,-0.23344793124971858,0.0848157167183298,-0.7758724446872322,-73.80015276939058,-57.45806967318758,-57.45806967318758,-3.0752606560764946,-3.0752606560764946,210.8955387482178,-252.13549337261458,,,9.550561797752799,7.906300992300213,4.460703911481408,,
1778160600,145.18,145.84,144.265,144.72,153.10802806958864,147.53384652665397,153.10802806958864,147.53384652665397,0,0,0,0,0,150.4125,137.8475,154.535,133.725,146.29,152.54178584629213,149.6682141537079,,,,,7608007,0.72,0.66,-0.3642353284456727,-0.2102913649264809,-0.8481048363847744,-83.62470140850264,-36.870999429610805,-36.870999429610805,4.303141057542746,4.303141057542746,210.8955387482178,-252.13549337261458,,,9.94694132334582,7.98632610332161,4.471665424791826,,
1778247000,144.59,145.07,143.175,143.49,153.08852201949955,147.36958783933423,153.08852201949955,147.36958783933423,0,0,0,0,0,150.4125,137.8475,154.535,133.725,146.29,152.49906987169564,149.7109301283044,,,,,10165376,0.71,0.65,-0.1672113929218586,-0.3114332089751086,-0.9209073107428262,-95.44531873962616,-33.12097640056065,-33.12097640056065,-25.620930342460348,-25.620930342460348,210.8955387482178,-252.13549337261458,,,10.627340823970025,8.08989530805292,4.4839644765384365,,
1778506200,143.745,145.02,142.67,143.04,153.0680560414386,147.1921647868113,153.0680560414386,147.1921647868113,0,0,0,0,0,150.4125,137.8475,154.535,133.725,146.29,152.49230859004945,149.71769140995062,,,,,9255725,0.71,0.65,-0.10349983407803752,-0.03134427986066891,-0.9567846209154636,-88.25670835961756,-58.42390155290465,-58.42390155290465,-41.555284784675315,-41.555284784675315,174.24168694241297,-252.13549337261458,,,10.942571785268417,8.201764973826076,4.49686878684559,,
1778592600,143.805,146.64,143.19,145.85,153.0486595258713,147.04188773634812,153.0486595258713,147.04188773634812,0,0,0,0,0,150.4125,137.8475,154.535,133.725,146.29,152.54364314820606,149.66635685179398,,,,,11897200,0.73,0.65,0.4861594640029091,0.28351659709875315,-0.6704913597971603,-80.80646674484453,-45.92507957625235,-45.92507957625235,-43.01188304853433,-43.01188304853433,174.24168694241297,-252.13549337261458,,,10.617977528089883,8.296518407326618,4.5090987743405835,,
1778679000,145.32,146.975,145.13,146.71,153.03313912721822,146.97282155060898,153.03313912721822,146.97282155060898,0,0,0,0,0,150.4125,137.8475,154.535,133.725,146.29,152.54359757121514,149.6664024287849,,,,,15841774,0.74,0.64,0.9403919999987148,0.013668585737786789,-0.6547129006176714,-53.01133456665343,-32.25602359098649,-32.25602359098649,-10.74430467589081,-10.74430467589081,174.24168694241297,-252.13549337261458,,,9.406991260923842,8.340066362369646,4.518884773314776,,
1778765400,146.85,147.4,145.935,146.63,153.01924204604495,146.93771678391843,153.01924204604495,146.93771678391843,0,0,0,0,0,150.4125,137.8475,154.535,133.725,146.29,152.54357582576392,149.6664241742361,,,,,7763825,0.74,0.64,0.15217492233241178,-0.14922774739465625,-0.6276495253379144,-41.05624161941501,-14.020951765078216,-14.020951765078216,22.449191886738326,22.449191886738326,174.24168694241297,-252.13549337261458,,,8.904494382022463,8.362200794512894,4.527647230075431,,
1778851800,146.76,147.155,144.885,145.1,153.00329580819073,146.8632239688628,153.00329580819073,146.8632239688628,0,0,0,0,0,150.4125,137.8475,154.535,133.725,146.29,152.53700824091385,149.6729917590862,,,,,9039914,0.72,0.64,-0.01430838743980235,-0.23279103161108589,-0.9481343859930309,-55.86240410434203,1.6668480138215678,1.6668480138215678,33.04244757162114,33.04244757162114,174.24168694241297,-250.30674846626465,,,9.559925093632957,8.409170374870543,4.53770173130132,,
1779111000,144.5,145.79,144.12,145.72,152.9858682441384,146.7619524406721,152.9858682441384,146.7619524406721,0,0,0,0,0,150.4125,137.8475,154.535,133.725,146.29,152.5408270433083,149.66917295669174,,,,,7949181,0.72,0.64,0.23657423549646642,-0.07644221465967703,-1.0065519787238069,-55.900596138564055,9.689755499588957,9.689755499588957,25.735570471123737,25.735570471123737,174.24168694241297,-181.1522179274819,,,10.03745318352059,8.473024602660741,4.548690245691368,,
1779197400,145.62,148.07,144.85,147.32,152.96991945643782,146.69299352143005,152.96991945643782,146.69299352143005,0,0,0,0,0,150.4125,137.8475,154.535,133.725,146.29,152.55793287630414,149.6520671236959,,,,,12388178,0.73,0.64,0.4771089487041426,0.101388186572284,-0.7813533927364504,-30.984909637974045,23.924372641419723,23.924372641419723,52.39360692508126,52.39360692508126,174.24168694241297,-181.1522179274819,,,9.581772784019972,8.516504923498358,4.558746354659058,,
1779283800,147.54,148.02,146.29,147.13,152.95685088609528,146.68264475588379,152.95685088609528,146.68264475588379,0,0,0,0,0,150.4125,137.8475,154.535,133.725,146.29,152.5576446374571,149.65235536254295,,,,,10527856,0.72,0.64,0.40910699236507625,-0.33689420172800427,-0.7416950798192051,-12.426505946965959,43.227725550576594,43.227725550576594,81.83443136889035,81.83443136889035,174.24168694241297,-181.1522179274819,,,8.682896379525591,8.523030078636681,4.5669864146488015,,
1779370200,146.9,148.3,145.84,148.15,152.9429183168923,146.6552312360452,152.9429183168923,146.6552312360452,0,0,0,0,0,150.4125,137.8475,154.535,133.725,146.29,152.56497487222882,149.64502512777122,,,,,7157022,0.74,0.64,0.8124921427572116,-0.15639682004133834,-0.6701692687172803,-27.713019129832517,64.21853570963417,64.21853570963417,106.20015602774933,106.20015602774933,174.24168694241297,-181.1522179274819,,,8.96379525593008,8.540314987550149,4.575771247498515,,
1779456600,149.09,150.32,149,149.89,152.93526413444096,146.75157510914147,152.93526413444096,146.75157510914147,0,0,0,0,0,150.4125,137.8475,154.535,133.725,146.29,152.56729726488388,149.64270273511616,,,,,6916747,0.76,0.64,1.516022664186106,0.34369578385552924,-0.49515005302566106,-11.43046829487804,88.19392336757517,88.19392336757517,136.14469868345716,136.14469868345716,203.7790002391809,-181.15221792748187,,,6.991260923845187,8.47956776936564,4.580597400698008,,
1779802200,149.95,150.301,148.44,148.51,151.3354005555599,145.35192985001075,151.3354005555599,145.35192985001075,0,0,0,0,0,150.4125,137.8475,154.535,133.725,146.29,152.57450243658766,149.63549756341237,,,,,6595804,0.73,0.64,1.2940140017321513,0.07129656547652029,-0.6680783658815636,-18.622673064689078,108.73399691481191,108.73399691481191,149.81414400928543,149.81414400928543,203.7790002391809,-181.15221792748187,,,6.3647259193843455,8.39663279485657,4.584162093043036,,
1779888600,148.69,150.2,148.28,148.79,149.91946106977883,144.16643741906526,149.91946106977883,144.16643741906526,0,0,0,0,0,150.4125,137.8475,154.535,133.725,146.29,152.5754341332659,149.63456586673414,,,,,10062477,0.73,0.65,0.682984110545184,-0.005257491573689959,-0.5878702935949114,-20.677588713206468,123.20580925435458,123.20580925435458,152.1494339334399,152.1494339334399,203.7790002391809,-181.15221792748187,,,5.584208850684502,8.286341659790999,4.586160188462899,,
1779975000,149.15,151.35,149.11,150.88,149.91800240630275,144.3634163438078,149.91800240630275,144.3634163438078,0,0,0,0,0,150.4125,137.8475,154.535,133.725,146.29,152.60162873777296,149.60837126222708,,,,,10399827,0.73,0.65,0.9531356698278096,0.40746646653734553,-0.3488134551176751,-22.583344901768214,138.17645716492217,138.17645716492217,168.11775298605738,168.11775298605738,203.7790002391809,-181.15221792748187,,,5.055714740528492,8.159650408055214,4.587098359396097,,
1780061400,150.85,151.04,149.1,149.47,147.25849265478274,142.0871393791903,147.25849265478274,142.0871393791903,0,0,0,0,0,150.4125,137.8475,154.535,133.725,146.29,152.3671290830951,149.4428709169049,,,,,13199620,0.73,0.65,0.6467872012979498,0.3761038022649527,-0.42476462033844603,-22.710934420987495,149.45544372785974,149.45544372785974,172.01341685373492,172.01341685373492,203.7790002391809,-181.15221792748187,,,3.3450019447685704,7.970840664396914,4.58461664827796,,
1780320600,148.52,148.88,147.26,147.84,147.25863552660135,142.29274175647694,147.25863552660135,142.29274175647694,0,0,0,0,0,155.69,144.18,160.03,139.84,148.52,151.22732668604363,148.3226733139564,,,,,12582888,0.76,0.65,0.6413045566634586,-0.1264995119073659,-0.7453435167750808,-46.1874059572892,130.79299847931992,130.79299847931992,143.23462864501315,143.23462864501315,203.7790002391809,-181.15221792748187,,,4.5377933359263585,7.836211357398069,4.584523095206328,,
1780407000,146.75,147.27,145.31,146.4,147.25492097010465,142.4145754130857,147.25492097010465,142.4145754130857,0,0,0,0,0,155.69,144.18,160.03,139.84,148.52,151.22368046705074,148.32631953294927,,,,,12024268,0.75,0.66,0.15877459115098363,-0.1359171910320943,-0.851919136363572,-71.06736220500005,72.2609397492585,72.2609397492585,119.57673234642826,119.57673234642826,203.7790002391809,-181.15221792748187,,,5.8018929080772645,7.756434163307057,4.586955402524752,,
1780493400,146.16,148.05,146.07,147.55,146.19521807792208,141.57612416739624,146.19521807792208,141.57612416739624,0,0,0,0,0,155.69,144.18,160.03,139.84,148.52,150.2830447659887,147.38695523401125,,,,,9836036,0.73,0.65,0.05313704506024468,0.21950450097484778,-0.7153751690507968,-61.37055874435383,31.21116459911717,31.21116459911717,90.12154309732456,90.12154309732456,203.7790002391809,-181.15221792748187,,,4.622918707149861,7.633551204242069,4.587027257279248,,
1780579800,150.38,152.54,150.29,152.08,145.91764626106624,141.65239597861114,145.91764626106624,141.65239597861114,0,0,0,0,0,155.69,144.18,160.03,139.84,148.52,149.769360795416,146.75063920458396,,,,,14051832,0.67,0.64,1.0868379343362369,0.7262619809398726,-0.41001919723437735,-22.65831465083112,39.97114412123014,39.97114412123014,73.40474343862643,73.40474343862643,203.7790002391809,-181.15221792748187,,,1.674844618907427,7.3998764361897305,4.581208710549234,,
1780666200,153.38,154.7,152.92,153.01,146.08407695988237,142.23676184593089,146.08407695988237,142.23676184593089,0,0,0,0,0,155.69,144.18,160.03,139.84,148.52,149.84247128758483,146.82752871241513,,,,,20722969,0.64,0.64,1.0575163414668802,0.8616171536566634,-0.16866707709133158,-1.1323205015222069,62.70062138599099,62.70062138599099,69.83670275441462,69.83670275441462,203.7790002391809,-181.15221792748187,,,0.05881968498791153,7.111991857711228,4.57217296824042,,
1780925400,153.24,154.47,152.41,152.65,146.09672815476773,142.63594765589437,146.09672815476773,142.63594765589437,0,0,0,0,0,155.69,144.18,160.03,139.84,148.52,149.83090687899673,146.83909312100323,,,,,10639544,0.65,0.65,0.593908957239037,1.0939594257793241,-0.11565814296346155,-7.54880334348102,72.6690953997543,72.6690953997543,78.33388069043366,78.33388069043366,203.7790002391809,-181.15221792748187,,,0.39213123325272486,6.848467911654032,4.563821236502183,,
1781011800,153.48,154.975,153.18,154.57,147.5974486064851,144.44718854815437,147.5974486064851,144.44718854815437,0,0,0,0,0,155.69,144.18,160.03,139.84,148.52,149.98195184788054,146.96304815211948,,,,,13125457,0.67,0.65,1.3087221977568748,1.4340131957625992,0.05212640143575534,-17.683188237471324,79.85277555821358,79.85277555821358,94.22013587513214,94.22013587513214,203.7790002391809,-181.15221792748187,,,0.8992689396389897,6.615165991182853,4.556499453691267,,
1781098200,154.96,155.13,152.82,152.85,147.607918239639,144.77622036979537,147.607918239639,144.77622036979537,0,0,0,0,0,155.69,144.18,160.03,139.84,148.52,150.07440506472736,147.02559493527264,,,,,11712156,0.67,0.64,0.8711602351939701,1.1545965166028098,-0.12998214831448093,-26.512999026942868,89.72895028196189,89.72895028196189,109.48129972945848,109.48129972945848,203.7790002391809,-181.15221792748187,,,1.1321731254447824,6.400146663114693,4.54965764284562,,
1781184600,153.46,155.1591,152.86,154.09,147.61844607532402,145.09390192392104,147.61844607532402,145.09390192392104,0,0,0,0,0,155.69,144.18,160.03,139.84,148.52,150.05886462368176,147.0702353763182,,,,,10548828,0.66,0.65,0.6788962278834899,1.4510156353683528,-0.10931205224756514,-33.176579697879674,108.65335891151086,108.65335891151086,146.50217617060883,146.50217617060883,203.7790002391809,-181.15221792748187,,,1.1062948825774597,6.19254463250539,4.542777797170759,,
1781271000,154.97,155.155,153.37,153.81,147.6299616675811,145.41892537788493,147.6299616675811,145.41892537788493,0,0,0,0,1,155.69,144.18,160.03,139.84,148.52,150.05847574703927,147.07062425296073,,,,,9110986,0.64,0.65,0.9266104786115089,0.9869258611701062,-0.020018688260279402,-23.281810314301588,130.54357940976786,130.54357940976786,174.32402040628187,174.32402040628187,203.7790002391809,-181.15221792748187,,,0.7763472860192719,5.980144736564758,4.535252461484142,,
1781530200,153.705,153.88,151.765,152.89,147.63827952638715,145.66889104934043,147.63827952638715,145.66889104934043,0,0,0,0,0,155.69,144.18,160.03,139.84,148.52,150.0559990593029,147.0731009406971,,,,,9525268,0.65,0.66,1.1078002880425963,0.9970890721469119,-0.21755162637736206,-61.432710134562974,137.28335049309467,137.28335049309467,150.7628926597483,150.7628926597483,203.7790002391809,-181.15221792748187,,,1.81471178107007,5.8167944245845735,4.5298168157690295,,
1781616600,153.6,153.72,151.7202,152.94,147.64649215071006,145.90731485132707,147.64649215071006,145.90731485132707,0,0,0,0,0,155.69,144.18,160.03,139.84,148.52,150.04561862253368,147.0834813774663,,,,,8629974,0.66,0.65,1.4487559535589998,1.0621418712525805,-0.1326501500750024,-62.41388140516092,111.88724989732859,111.88724989732859,128.8179836278393,128.8179836278393,203.7790002391809,-181.15221792748187,,,1.8436954130814438,5.660986620211902,4.524449939839584,,
1781703000,152.05,152.565,149.97,150.71,147.6512264321272,146.06843975911818,147.6512264321272,146.06843975911818,0,0,0,0,0,155.69,144.18,160.03,139.84,148.52,150.03735466342067,147.09174533657932,,,,,10991351,0.66,0.65,0.6880751767302719,0.6906516361929067,-0.4753413279553751,-119.07434076374614,54.069136943021554,54.069136943021554,103.90170139956673,103.90170139956673,203.7790002391809,-181.15221792748187,,,2.975997929740567,5.555692946075771,4.521356129629596,,
1781789400,151.27,151.27,148.79,149.4,147.6536171885066,146.17743427836842,147.6536171885066,146.17743427836842,0,0,0,0,0,155.69,144.18,160.03,139.84,148.52,150.0452636596033,147.0838363403967,,,,,10879276,0.66,0.65,-0.5647607150986508,0.5090222270559933,-0.47290301475385954,-149.6194977422725,-3.593075933111301,-3.593075933111301,68.07010895534071,68.07010895534071,203.7790002391809,-181.15221792748187,,,3.739406094326196,5.484466010713042,4.519793791896722,,
1782135000,149.33,150.62,149.06,150.06,147.656537234084,146.2926368556873,147.656537234084,146.2926368556873,0,0,0,0,0,155.69,144.18,160.03,139.84,148.52,150.03718449692425,147.09191550307574,,,,,11706140,0.65,0.65,-0.6257708750172061,0.6914570692642027,-0.3670685392319403,-142.63035165396542,-45.84308791662799,-45.84308791662799,30.099043331351155,30.099043331351155,203.7790002391809,-181.15221792748187,,,3.564727954971852,5.409182165389859,4.517885568446323,,
1782221400,151.49,152.425,150.995,152.18,147.66327891793196,146.47844521428783,147.66327891793196,146.47844521428783,0,0,0,0,0,155.69,144.18,160.03,139.84,148.52,150.0559345317919,147.0731654682081,,,,,9479891,0.61,0.65,-0.09913166126390055,1.125767867147383,-0.2795531970912778,-92.54147135443296,-47.514957334245416,-47.514957334245416,4.227709776152302,4.227709776152302,203.7790002391809,-181.15221792748187,,,2.3128679562657624,5.287758078757541,4.513479938851556,,
1782307800,153.13,154.67,152.46,153.35,147.67290493407995,146.71384344117848,147.67290493407995,146.71384344117848,0,0,0,0,0,155.69,144.18,160.03,139.84,148.52,150.06130700758933,147.06779299241066,,,,,10070087,0.62,0.65,-0.253470466701924,1.3363901845634136,-0.18184139799812282,-54.618882393804974,-19.823360215131984,-19.823360215131984,-3.789313554275793,-3.789313554275793,203.7790002391809,-181.15221792748187,,,1.3650773112505565,5.1339274604239336,4.507189424111094,,
1782394200,153.95,157.205,153.59,155.63,148.69544623553955,147.9509653394908,148.69544623553955,147.9509653394908,0,0,0,0,0,155.69,144.18,160.03,139.84,148.52,151.1074013658155,148.06759863418452,,,,,9425201,0.64,0.65,0.578610357121771,1.2316254213224522,-0.13720397556165737,-52.44721250482396,3.596541861914976,3.596541861914976,18.368252694296515,18.368252694296515,203.7790002391809,-181.15221792748187,,,1.3108012593972833,4.984000942736614,4.500803034171606,,
1782480600,156.32,160.64,156.18,160.34,153.20162428828002,152.5773127768052,153.20162428828002,152.5773127768052,0,0,0,0,0,155.69,144.18,160.03,139.84,148.52,152.93349043706246,149.67650956293755,,,,,16563846,0.67,0.66,1.2372093039458576,1.6361123636045654,0.19188934696937496,-129.3452773870343,22.96518282727131,22.96518282727131,61.70246475798399,61.70246475798399,298.4671343206009,-181.1522179274819,,,2.5944867157290736,4.890294502461809,4.496994210358534,,
1782739800,160.7,161.09,159.88,160.74,153.59641316185395,153.2297375160431,153.59641316185395,153.2297375160431,0,0,0,0,0,155.69,144.18,160.03,139.84,148.52,153.1208582039629,149.9391417960371,,,,,12934972,0.66,0.66,1.3813066280742732,1.703275835562584,0.19898002744109833,-26.67310732268933,47.95042224238976,47.95042224238976,97.92090107262666,97.92090107262666,298.4671343206009,-181.1522179274819,,,0.5350255070299949,4.719499639895855,4.489078188973262,,
1782826200,161.01,161.25,157.96,158.66,153.60518716153055,153.41632820168846,153.60518716153055,153.41632820168846,0,0,0,0,0,155.69,144.18,160.03,139.84,148.52,153.22578279002957,149.99421720997043,,,,,11559365,0.68,0.65,1.155477580971547,1.651948259791541,0.09085593470763194,-86.22237018264555,70.19747734602144,70.19747734602144,114.69158755328482,114.69158755328482,298.4671343206009,-181.1522179274819,,,1.729501057608561,4.602244793531647,4.483564548351155,,
1782912600,159.61,159.96,158.5,159.54,153.61501176260643,153.61656631142617,153.61501176260643,153.61656631142617,0,0,0,0,0,169.22,151.64000000000001,177.19,143.67000000000002,159.61,153.19167851840103,150.028321481599,,,,,10123744,0.68,0.65,1.3234272858870815,1.6792118406306322,0.1773060009486877,-69.474140003283,87.98855482067054,87.98855482067054,123.57070976996874,123.57070976996874,298.4671343206009,-181.1522179274819,,,1.393554809008342,4.47641381374642,4.477390702718102,,
1782999000,160.67,163.85,160.38,163.74,156.48988853694001,156.63773380856347,156.48988853694001,156.63773380856347,0,0,0,0,0,169.22,151.64000000000001,177.19,143.67000000000002,159.61,154.5694010223643,151.25059897763572,,,,,14722268,0.68,0.66,2.6096212078163994,1.9423430792339982,0.3300033604150111,-102.30188039691927,112.75178314680932,112.75178314680932,162.27823979908686,162.27823979908686,298.4671343206009,-181.1522179274819,,,2.052033711982419,4.381340084265478,4.4725448346047445,,
1783344600,163.2,163.4505,160.25,161.96,156.49747097742565,156.78075993371786,156.49747097742565,156.78075993371786,0,0,0,0,0,169.22,151.64000000000001,177.19,143.67000000000002,159.61,154.58003511751454,151.23996488248548,,,,,16123449,0.65,0.66,2.5326808149757745,1.7531565853670115,0.26016200025695174,-106.25998886465707,136.02470997817002,136.02470997817002,182.5705636408914,182.5705636408914,298.4671343206009,-181.1522179274819,,,2.1314278734579264,4.29310823286126,4.467867278238817,,
1783431000,164.75,165.605,163.88,164.44,157.17993341511513,157.70334560763806,157.17993341511513,157.70334560763806,0,0,0,0,1,169.22,151.64000000000001,177.19,143.67000000000002,159.61,155.48419482563384,152.09080517436615,,,,,12143506,0.68,0.67,2.864657293955171,1.8977435799537536,0.41732017228552903,-16.977732401069858,157.4050503812648,157.4050503812648,200.16573118745436,200.16573118745436,298.4671343206009,-181.1522179274819,220.16573118745436,,0.34054974458769294,4.138105939203474,4.459620889560194,,
1783517400,163.415,163.99,162.255,162.3,157.1901170646354,157.88269872106403,157.1901170646354,157.88269872106403,0,0,0,0,0,169.22,151.64000000000001,177.19,143.67000000000002,159.61,155.50836988736532,152.06663011263467,,,,,9287864,0.66,0.66,1.974358994160855,1.419193731704623,0.30679045885683087,-65.84319730387477,169.26660665412615,169.26660665412615,192.98971919984882,192.98971919984882,298.46713432060096,-178.25411618515096,,,1.328752128435905,4.027935201526314,4.4533654075199856,,
1783603800,161.8,163.42,161.36,162.17,157.19851003753323,158.02027132023798,157.19851003753323,158.02027132023798,0,0,0,0,0,169.22,151.64000000000001,177.19,143.67000000000002,159.61,155.46701588528504,152.10798411471495,,,,,9576421,0.66,0.65,1.7078046499745343,1.5768404812723171,0.12171268596958466,-86.8251013533587,169.6221471899492,169.6221471899492,170.33322826159528,170.33322826159528,298.4671343206009,-147.49668235010284,,,1.873023595232294,3.943428864024588,4.448209879423507,,
1783690200,162.48,162.66,160.24,160.84,157.20467085663904,158.1089665625816,157.20467085663904,158.1089665625816,0,0,0,0,0,169.22,151.64000000000001,177.19,143.67000000000002,159.61,155.47562831682436,152.09937168317563,,,,,9497113,0.7,0.66,0.9955241620754129,1.3904650433341734,0.14443972896708565,-118.39786548185307,127.81586081218619,127.81586081218619,155.68671839736152,155.68671839736152,298.4671343206009,-147.49668235010284,,,2.55412308440768,3.8889462844317677,4.444425490222676,,
1783949400,160.97,162.24,160.32,161.41,157.21097760817423,158.19728944248035,157.21097760817423,158.19728944248035,0,0,0,0,0,169.22,151.64000000000001,177.19,143.67000000000002,159.61,155.45120233475862,152.12379766524134,,,,,6873021,0.7,0.65,0.19839776862574776,1.1979286544363985,0.29526411517492474,-132.93843332693055,88.68659026561855,88.68659026561855,133.3533423534472,133.3533423534472,298.4671343206009,-112.20255092328296,,,2.505473120895162,3.8346924348813127,4.440551459514729,,
1784035800,159.78,160.08,157.78,158.29,157.21224758298308,158.18353691532425,157.21224758298308,158.18353691532425,0,0,0,0,0,169.22,151.64000000000001,177.19,143.67000000000002,159.61,155.49809428274693,152.07690571725306,,,,,11523028,0.7,0.65,-0.44574709290275616,0.9963233814178967,0.07696776732948558,-214.89562280518348,29.572520589428443,29.572520589428443,98.75973509877429,98.75973509877429,298.4671343206009,-112.20255092328296,,,4.050109462417901,3.843140161451375,4.439771355624425,,
1784122200,157.38,159.35,157.25,158.29,157.21246666873137,158.14974723237037,157.21246666873137,158.14974723237037,0,0,0,0,0,169.22,151.64000000000001,177.19,143.67000000000002,159.61,155.49570998625177,152.0792900137482,,,,,10885301,0.72,0.65,-0.06822082434304055,1.1938407476940478,0.27750365422033485,-219.6094573496705,-22.026936271583864,-22.026936271583864,58.49751130865491,58.49751130865491,298.4671343206009,-112.20255092328296,,,4.372415470688395,3.8638960559312583,4.439636778431746,,
1784208600,160.35,162.64,159.94,161.8,157.21800619586676,158.22171792914017,157.21800619586676,158.22171792914017,0,0,0,0,0,169.22,151.64000000000001,177.19,143.67000000000002,159.61,155.53477927069423,152.04022072930576,,,,,11819015,0.68,0.65,0.4062862603998272,1.7418562097128065,0.5697369481642288,-137.44680918964085,-25.10502765362963,-25.10502765362963,30.62999832122673,30.62999832122673,298.4671343206009,-112.20255092328296,,,2.7365604475796643,3.8196868163880584,4.436234028519953,,
1784295000,161.81,164,160.88,161.09,157.22539399567523,158.32736036329152,157.22539399567523,158.32736036329152,0,0,0,0,0,169.22,151.64000000000001,177.19,143.67000000000002,159.61,155.52907722146227,152.04592277853772,,,,,9166517,0.68,0.65,-0.4659430648084446,1.525318674124258,0.424901129970674,-108.73569793669371,-10.713429496917694,-10.713429496917694,16.84885571517859,16.84885571517859,298.4671343206009,-112.20255092328296,,,2.164923376307469,3.7547941324633296,4.43169594529875,,
1784554200,161,161.485,159.18,159.25,157.22940439728228,158.36285995688795,157.22940439728228,158.36285995688795,0,0,0,0,0,169.22,151.64000000000001,177.19,143.67000000000002,159.61,155.5269009965584,152.04809900344156,,,,,6635282,0.69,0.65,-0.4794450106703612,0.7799445095531976,0.3804248340903711,-160.66004807500212,-14.25258079800417,-14.25258079800417,6.481710210784337,6.481710210784337,298.4671343206009,-112.20255092328296,,,3.1987351009486686,3.7329878959333427,4.42923248706828,,
1784640600,157.53,160.37,157.23,160.25,157.22954964324174,158.32126152720605,157.22954964324174,158.32126152720605,0,0,0,0,0,169.22,151.64000000000001,177.19,143.67000000000002,159.61,155.5176991738,152.05730082619996,,,,,6594892,0.71,0.65,-0.728995743027092,0.7815856212086303,0.4617038110308686,-219.60945734967052,-25.45986893774552,-25.45986893774552,-4.165482838725614,-4.165482838725614,298.4671343206009,-112.20255092328296,,,4.384577961566534,3.7585404475268014,4.429143267237108,,
1784727000,160.97,160.97,158.945,159.43,157.23308690669182,158.34787676143327,157.23308690669182,158.34787676143327,0,0,0,0,0,169.22,151.64000000000001,177.19,143.67000000000002,159.61,155.50766861733737,152.06733138266264,,,,,5599525,0.69,0.65,-0.505497160398738,0.733039877995151,0.588246786285314,-167.3722563296032,-35.02627652492193,-35.02627652492193,-14.452414067457719,-14.452414067457719,298.4671343206009,-112.20255092328296,,,3.341644368766726,3.742191581693073,4.426970442265139,,
1784813400,159.9,161.61,159.32,161.44,157.2373588609242,158.38800708451433,157.2373588609242,158.38800708451433,0,0,0,0,0,169.22,151.64000000000001,177.19,143.67000000000002,159.61,155.52063677328542,152.05436322671457,,,,,6448150,0.66,0.65,-0.12948181488277302,0.7381206192549133,0.7457242817650458,-142.95832104337157,-19.52030670313561,-19.52030670313561,-16.141711612683682,-16.141711612683682,298.4671343206009,-77.99070847851362,,,3.113597664801754,3.717540839854198,4.424346320831646,,
1784899800,162.47,163.25,161.58,162.57,157.24609260945383,158.5143048459059,157.24609260945383,158.5143048459059,0,0,0,0,0,169.22,151.64000000000001,177.19,143.67000000000002,159.61,155.52302633411907,152.05197366588092,,,,,7647910,0.65,0.66,0.31025911393493666,1.0590408289143187,0.7360433291036509,-79.85562464532036,-4.721483289059231,-4.721483289059231,18.118973358189677,18.118973358189677,298.4671343206009,-77.99070847851362,,,1.7392361955728444,3.6399602655686545,4.418981465436523,,
1785159000,163.01,164.57,162.35,163.4,157.25633198485951,158.66554387155665,157.25633198485951,158.66554387155665,0,0,0,0,0,169.22,151.64000000000001,177.19,143.67000000000002,159.61,155.49621180112968,152.0787881988703,,,,,8064899,0.65,0.65,0.3573310022845664,1.0110267748429094,0.8883774747877593,-58.35603339465758,15.450221312241387,15.450221312241387,55.793630514842626,55.793630514842626,298.4671343206009,-77.99070847851362,,,1.2709802967647794,3.5470590903214436,4.412691752811804,,
1785245400,165.99,168.53,165.75,167.26,159.96475076728072,161.55822621015255,159.96475076728072,161.55822621015255,0,0,0,0,0,169.22,151.64000000000001,177.19,143.67000000000002,159.61,157.01818756696946,153.48181243303054,,,,,12774751,0.61,0.66,1.607119173394511,1.431812676968587,1.2926623161602515,-41.450693497961524,42.72297552145228,42.72297552145228,97.26848393987405,97.26848393987405,298.4671343206009,-77.99070847851362,,,0.9027860815496778,3.443362109585296,4.405678954267824,,
1785331800,167.15,168.155,165.77,166.24,159.97637943707636,161.7239781234799,159.97637943707636,161.7239781234799,0,0,0,0,0,169.22,151.64000000000001,177.19,143.67000000000002,159.61,157.02594873242128,153.4740512675787,,,,,11658259,0.63,0.66,1.446871704517404,1.452305331365288,1.28573606211239,-40.90167769004122,69.56131464579286,69.56131464579286,123.23799289447405,123.23799289447405,298.4671343206009,-77.99070847851362,,,0.8908286500059672,3.343262758229244,4.39865627633723,,
1785418200,163.25,163.95,161.86,163.52,159.98025080683246,161.7314299617748,159.98025080683246,161.7314299617748,0,0,0,0,0,169.22,151.64000000000001,177.19,143.67000000000002,159.61,157.40841838799915,153.79158161200084,,,,,12483481,0.63,0.65,0.3034936661761407,1.140259388512401,1.1911209768212234,-148.23426813840572,83.12271688334816,83.12271688334816,110.24552135845877,110.24552135845877,298.4671343206009,-77.99070847851362,,,3.228506516800178,3.33876251346732,4.396318314779713,,
1785504600,162.31,163.23,160.73,162.55,159.98187927674886,161.69471898288168,159.98187927674886,161.69471898288168,0,0,0,0,0,169.22,151.64000000000001,177.19,143.67000000000002,159.61,157.3726308723711,153.82736912762888,,,,,9604930,0.63,0.65,0.259256619927345,1.2974618159683868,1.1710555800758815,-179.2536612858877,78.07181772212627,78.07181772212627,81.43908382960753,81.43908382960753,298.4671343206009,-77.99070847851362,,,3.904101399019491,3.3609326658419145,4.395334864398574,,
1785763800,163.63,164.73,161.35,162.24,159.9847308666055,161.68351823845495,159.9847308666055,161.68351823845495,0,0,0,0,0,174.18,157.98,179.83,152.32999999999998,163.63,157.3680690847828,153.83193091521716,,,,,10986289,0.65,0.66,0.5382817675187522,1.4225636964070725,1.1517375622388388,-162.23417124036686,48.83081775823565,48.83081775823565,70.5696618058169,70.5696618058169,298.4671343206009,-77.99070847851362,,,3.533421021164652,3.3676969150702574,4.393612758817687,,
1785850200,162,162.49,160.97,162.1,159.98682511062827,161.65800379773123,159.98682511062827,161.65800379773123,0,0,0,0,0,174.18,157.98,179.83,152.32999999999998,163.63,157.366377891761,153.83362210823898,,,,,15129627,0.66,0.65,0.3310335171531193,1.3283092457082266,1.0366067392898215,-172.66547159084718,18.916431055558146,18.916431055558146,53.35191822239732,53.35191822239732,298.4671343206009,-77.99070847851362,,,3.7606122204950334,3.3831053584202486,4.392348022477382,,
1785936600,163.64,165.345,162.62,164.16,159.99217890661103,161.6975487468398,159.99217890661103,161.6975487468398,0,0,0,0,0,174.18,157.98,179.83,152.32999999999998,163.63,157.37846851055465,153.82153148944533,,,,,15216002,0.65,0.66,0.8576895865737201,1.3139464126154834,1.2179477250241335,-127.37166743744508,28.52448940755405,28.52448940755405,45.07610861744956,45.07610861744956,298.4671343206009,-77.99070847851362,,,2.7741241181394156,3.3592237411543335,4.3891148078833,,
1786023000,166.14,167.02,163.025,164.45,159.99832310459982,161.75126644304217,159.99832310459982,161.75126644304217,0,0,0,0,0,174.18,157.98,179.83,152.32999999999998,163.63,157.3783011215039,153.82169887849605,,,,,9435137,0.65,0.66,0.5392589499043083,1.2087057443396154,1.4260237878402888,-116.25409732706456,46.81293336766941,46.81293336766941,50.28658286810911,50.28658286810911,298.4671343206009,-77.99070847851362,,,2.5319861293794004,3.326783050496493,4.385404261073102,,
1786109400,163.92,165.77,162.915,165.68,160.00423744405117,161.79860697468757,160.00423744405117,161.79860697468757,0,0,0,0,0,174.18,157.98,179.83,152.32999999999998,163.63,157.3765461305752,153.82345386942475,,,,,7971774,0.63,0.67,0.553511868386174,1.078745683889299,1.4659412737517286,-119.27368427062507,54.61722543195874,54.61722543195874,70.2258095605374,70.2258095605374,298.4671343206009,-77.99070847851362,,,2.597752002869783,3.2981935976483867,4.381832528289479,,
1786368600,165.68,168.5,165.55,168.44,161.14193169588336,163.0435607132728,161.14193169588336,163.0435607132728,0,0,0,0,0,174.18,157.98,179.83,152.32999999999998,163.63,157.3854519164324,153.8145480835676,,,,,6995859,0.63,0.67,0.8873498149424343,0.8390713474275785,1.427858811790017,-78.77702144814496,69.6366805922953,69.6366805922953,99.67559091296845,99.67559091296845,298.4671343206009,-77.99070847851362,,,1.715744478746133,3.2361367694561416,4.376505679039642,,
1786455000,168.28,169.66,167.64,168.01,161.15493083335411,163.22412695981112,161.15493083335411,163.22412695981112,0,0,0,0,0,174.18,157.98,179.83,152.32999999999998,163.63,158.21923513967636,154.63076486032367,,,,,6680853,0.62,0.67,0.13068514909252094,0.7610389529543052,1.3336291047322564,-21.806787944123588,88.90822203433437,88.90822203433437,127.45130491841252,127.45130491841252,298.4671343206009,-77.99070847851362,,,0.4749465685110492,3.1278548007916283,4.3687103561414835,,
1786541400,166.42,168.875,165.76,168.44,161.16418531720356,163.3246239417793,161.16418531720356,163.3246239417793,0,0,0,0,0,174.18,157.98,179.83,152.32999999999998,163.63,158.65779009352553,155.1222099064744,,,,,7138254,0.62,0.67,0.38608696182639196,1.0382663111510717,1.432773733552583,-73.05273961281317,106.09166332844319,106.09166332844319,140.45854591666082,140.45854591666082,298.4671343206009,-77.99070847851362,,,1.5910710045119965,3.067588769564976,4.363160627167199,,
1786627800,169.49,169.71,167.835,168.38,161.17752570618018,163.5017386891605,161.17752570618018,163.5017386891605,0,0,0,0,0,174.18,157.98,179.83,152.32999999999998,163.63,158.6823477385925,155.14765226140753,,,,,6730130,0.62,0.67,0.8708410746764876,0.9373365763427234,1.4755692002715877,-16.491383382742953,120.90017791320521,120.90017791320521,150.51720708272924,150.51720708272924,298.4671343206009,-77.99070847851362,,,0.35917834243646984,2.9613765959520935,4.3551606625623425,,
1786714200,167.66,167.765,166.445,167.37,161.18808999048352,163.61794305429146,161.18808999048352,163.61794305429146,0,0,0,0,0,174.18,157.98,179.83,152.32999999999998,163.63,158.6888981056786,155.14110189432142,,,,,5023839,0.63,0.67,0.8677979809306786,0.37458448265895244,1.384380786924671,-54.38067743565755,124.68259938179527,124.68259938179527,132.24744231897537,132.24744231897537,298.4671343206009,-77.99070847851362,,,1.184398005224415,2.8916911610215963,4.348825472437791,,
1786973400,166.45,167.87,165.86,167.05,161.19747602446859,163.70687862078984,161.19747602446859,163.70687862078984,0,0,0,0,0,174.18,157.98,179.83,152.32999999999998,163.63,158.67301389938345,155.1569861006166,,,,,7225488,0.62,0.67,0.867288947617865,0.5307940673158544,1.132323268739511,-70.32689111979714,99.69754739391153,99.69754739391153,116.35424871916736,116.35424871916736,298.4671343206009,-77.99070847851362,,,1.5317026834481027,2.838358279548126,4.343196855476773,,
1787059800,168.67,170.3022,168.45,169.73,162.44405858978007,165.09796994927225,162.44405858978007,165.09796994927225,0,0,0,0,0,174.18,157.98,179.83,152.32999999999998,163.63,159.36159590828868,155.7906040917113,,,,,7529579,0.62,0.67,1.3688461707878992,0.540132983948593,1.32426521041349,-34.625679479720766,110.78345322779309,110.78345322779309,114.49731688870926,114.49731688870926,298.4671343206009,-77.99070847851362,,,0.7541389265303725,2.75662418727292,4.336025910563793,,
1787146200,172.47,176.595,172.29,175.68,168.1470071314034,170.94199527597112,168.1470071314034,170.94199527597112,0,0,0,0,0,174.18,157.98,179.83,152.32999999999998,163.63,162.87986394131167,159.0251360586883,,,,,16538936,0.63,0.68,1.9532834919107422,1.3248207152910436,1.7868413560597507,-88.59808227199026,122.63345299909032,122.63345299909032,138.90572521985246,138.90572521985246,298.4671343206009,-77.99070847851362,,,1.929644808743178,2.7241936234090085,4.331217956314401,,
1787232600,174.19,175.19,172.34,172.39,168.1554514727992,170.99812879456047,168.1554514727992,170.99812879456047,0,0,0,0,0,174.18,157.98,179.83,152.32999999999998,163.63,162.9272060370748,158.97779396292518,,,,,9673447,0.62,0.67,1.3403871389790865,1.0100976930913819,1.5271945255612915,-87.29132589629688,131.26813545235012,131.26813545235012,148.5375003588697,148.5375003588697,298.4671343206009,-77.99070847851362,,,1.9011839708561038,2.6919187350736005,4.326362743556242,,
1787319000,171.91,175.6,171.79,174.62,168.1627910302961,171.0307080575189,168.1627910302961,171.0307080575189,0,0,0,0,0,174.18,157.98,179.83,152.32999999999998,163.63,162.936244127399,158.96875587260098,,,,,10172127,0.6,0.67,1.4913100244956052,1.367083463545041,1.5963940848734388,-101.66564602892092,137.64618349894326,137.64618349894326,150.4022795921295,150.4022795921295,298.4671343206009,-77.99070847851362,,,2.214253187613852,2.673186752820277,4.32214274444347,,
1787578200,174.41,174.92,173.33,174.7,168.1731620771886,171.12179793761618,168.1731620771886,171.12179793761618,0,0,0,0,0,174.18,157.98,179.83,152.32999999999998,163.63,162.9279788085038,158.9770211914962,,,,,5931860,0.59,0.67,1.0392634502702633,1.3293228485352664,1.6987339983443195,-61.41754965757395,142.11592497627433,142.11592497627433,151.05540793093647,151.05540793093647,298.4671343206009,-77.99070847851362,,,1.3376593806921644,2.6208131303838806,4.316179740719691,,
1787664600,174.45,175.82,174.04,175.29,168.1849167983131,171.23688037143515,168.1849167983131,171.23688037143515,0,0,0,0,1,174.18,157.98,179.83,152.32999999999998,163.63,162.91355510231017,158.9914448976898,,,,,5434823,0.6,0.68,1.2131952312605314,1.7360781133063374,1.8256971835337807,-42.86160912273295,153.95879021003654,153.95879021003654,177.64452067756096,177.64452067756096,298.4671343206009,-77.99070847851362,,,0.933515482695819,2.5546445951804273,4.309421170773589,,
1787751000,174.325,174.835,173.45,173.54,168.1954810005143,171.32454388628085,168.1954810005143,171.32454388628085,0,0,0,0,0,174.18,157.98,179.83,152.32999999999998,163.63,162.9300085048387,158.97499149516125,,,,,5619418,0.61,0.67,0.845282698599252,1.5528616826211812,1.5472216930151026,-58.28133435591122,160.44928758829158,160.44928758829158,173.43028234480167,173.43028234480167,298.4671343206009,-77.99070847851362,,,1.2693533697632162,2.5042410177130856,4.303347109233109,,
1787837400,171.95,173.11,171.43,171.58,168.20202849102276,171.33034608681885,168.20202849102276,171.33034608681885,0,0,0,0,0,174.18,157.98,179.83,152.32999999999998,163.63,162.93498236100618,158.9700176389938,,,,,7110412,0.61,0.67,0.5276782340395133,0.9689679615297173,1.516802290302473,-111.07429193391059,127.23724496696181,127.23724496696181,149.378606714515,149.378606714515,298.4671343206009,-77.99070847851362,,,2.4191712204007283,2.5009049472302483,4.299582522042635,,
1787923800,171.43,171.71,170.585,171.16,168.20689147106066,171.3031148677279,168.20689147106066,171.3031148677279,0,0,0,0,0,174.18,157.98,179.83,152.32999999999998,163.63,162.92341296655815,158.98158703344183,,,,,4911716,0.64,0.67,0.6283387898623285,1.0014575363179954,1.5998731589312492,-133.15847468312336,73.11451016550079,73.11451016550079,123.95724119817693,123.95724119817693,298.4671343206009,-77.99070847851362,,,2.9001593806921666,2.516561983836598,4.296786471810166,,
1788183000,170.25,170.98,169.2,170.54,168.20900517441518,171.22318095134642,168.20900517441518,171.22318095134642,0,0,0,0,0,174.18,157.98,179.83,152.32999999999998,163.63,162.90880901268955,158.99619098731043,,,,,7317681,0.63,0.66,0.5879217223190359,1.1518460390802245,1.548226483382949,-169.35562628982183,22.81665873138499,22.81665873138499,90.2437137092463,90.2437137092463,298.4671343206009,-77.99070847851362,,,3.688524590163945,2.562521301731788,4.295571163355328,,
1788269400,172.62,173.5252,171.03,171.67,168.21473443480596,171.21742875717598,168.21473443480596,171.21742875717598,0,0,0,0,0,184.4075,164.8075,192.22,156.995,172.62,163.27960133535387,159.3853986646461,,,,,7823534,0.62,0.67,0.3214771366299429,1.1572159504418502,1.6302938858651197,-121.52834293945527,0.74276236236852,0.74276236236852,60.41006326028704,60.41006326028704,298.4671343206009,-77.99070847851362,,,2.646857923497271,2.565828620232395,4.292277031007959,,
1788355800,172.09,174.4825,172.09,172.95,168.22254895141975,171.253055080424,168.22254895141975,171.253055080424,0,0,0,0,0,184.4075,164.8075,192.22,156.995,172.62,164.65558263640403,160.72941736359596,,,,,7805407,0.6,0.67,-0.44044101021236787,1.387693148241407,1.8852155433117457,-93.82510777476223,11.369162087735969,11.369162087735969,44.06309620277001,44.06309620277001,298.4671343206009,-77.99070847851362,,,2.043488160291441,2.5453446806268674,4.287783946351183,,
1788442200,174.07,174.16,171.38,173.26,168.22894345900932,171.25971958707402,168.22894345900932,171.25971958707402,0,0,0,0,0,184.4075,164.8075,192.22,156.995,172.62,164.57019066154015,160.81480933845984,,,,,5937010,0.6,0.67,0.14308484468928273,1.1984837607052687,1.96313712609053,-112.38104830960395,25.26122125068371,25.26122125068371,37.79580455207458,37.79580455207458,298.4671343206009,-77.99070847851362,,,2.447632058287802,2.541512813084159,4.284107319202206,,
1788528600,171.39,172.5325,171.235,171.45,168.23503837717314,171.26049332875738,168.23503837717314,171.26049332875738,0,0,0,0,0,184.4075,164.8075,192.22,156.995,172.62,164.58550550593853,160.79949449406143,,,,,6088742,0.67,0.67,-0.5121088003379817,0.889628921851498,1.804938622743612,-116.17064179911338,16.424699248508542,16.424699248508542,30.672102784219234,30.672102784219234,298.4671343206009,-77.99070847851362,,,2.5301684881602875,2.5410679375969485,4.280602945913411,,