time,open,high,low,close,Bullish Trend,Bearish Trend,Range High,Range Low,LT Range High,LT Range Low,Volume
1534771800,285.57,285.97,285.06,285.67,278.4022626427737,275.3677373572263,,,,,39807490
1534858200,286.25,287.31,285.7135,286.34,279.05186293447684,276.0181370655231,289.0468111234203,281.7832765285965,293.03615999072315,274.13085900970043,67271983
1534944600,285.88,286.76,285.575,286.17,279.05099193535057,276.01900806464937,289.5312161628999,282.0477047189012,293.65999280804147,274.65523387601735,44993333
1535031000,285.97,286.94,285.43,285.79,279.04958092552437,276.02041907447557,289.50997154814985,282.0144378077203,293.56441067911254,274.5632935066732,49204851
1535117400,286.44,287.67,286.38,287.51,279.23733865730657,276.1926613426935,288.3162320010552,281.85663991681645,292.9247179414282,274.3122476168704,57487399
1535376600,288.86,289.9,288.68,289.78,280.6795604234123,277.7104395765877,289.1836936022322,282.7648656626689,294.16150882280095,275.62724815550393,57072377
1535463000,290.3,290.4175,289.4,289.92,280.8766388343631,278.03086116563685,291.1055152576499,284.08505836122265,296.15855858105624,277.36552488628627,46943472
1535549400,290.16,291.74,289.8854,291.48,281.5265261203778,278.7034738796222,291.4404932277932,284.28722998613995,296.33999726010893,277.5135645774051,61485514
1535635800,290.94,291.36,289.63,290.3,281.50431300689405,278.72568699310597,292.88030086537196,285.67028405342336,297.8288369838077,278.73572742397687,61229501
1535722200,289.84,290.81,289.29,290.31,281.49803752624035,278.73196247375967,292.50677372832286,285.5227744228955,296.78986806129376,277.8843027075443,66140838
1536067800,289.84,290.21,288.68,289.81,281.5010020967582,278.7289979032418,292.9961675850558,287.4437908494989,296.85520388134194,277.93195269806023,57594367
1536154200,289.41,289.64,287.89,289.03,281.48028757449373,278.7497124255063,293.3544403720146,287.21124027098625,296.6847669148084,277.58661189920196,72452437
1536240600,289.15,289.49,287,288.16,281.48608237075365,278.7439176292464,293.56752555563105,286.51852182709666,296.3064333131838,277.02032247101914,65909863
1536327000,286.98,288.7,286.71,287.6,281.4863650113875,278.7436349886125,293.6115829043951,287.274013386406,295.88922611937227,276.377613720048,73524824
1536586200,288.74,289.04,287.88,288.1,281.48673605902013,278.7432639409799,292.8788473573081,286.83658721541644,295.67735774083525,276.38054412705077,50210903
1536672600,287.37,289.55,286.975,289.05,281.48989543427035,278.74010456572967,292.9362515385645,287.1195189659341,296.1456947966211,276.80891939739263,50530492
1536759000,289.06,289.8,288.23,289.12,281.48343182490436,278.74656817509566,293.65552461565545,286.9913902357522,296.91389946869305,279.19624961131285,59810758
1536845400,290.32,291.0384,289.995,290.83,281.49434231504745,278.73565768495257,293.7891839307478,286.8125169977983,297.101403114896,279.98444884496814,51034222
1536931800,291.06,291.27,290,290.88,281.47540030616835,278.7545996938316,295.11083332440916,287.3222197730908,298.39192113164484,282.4758634614643,55079875
1537191000,290.82,290.86,289.03,289.34,281.4885055130381,278.74149448696187,295.2450930255069,287.3089205650322,298.56872477435036,282.5418077886832,68244043
1537277400,289.58,291.58,289.55,290.91,281.4884649874167,278.7415350125833,292.9407742564861,286.52868455582956,297.6463894541309,282.84539063101806,61930407
1537363800,290.97,291.69,290.825,291.22,281.4881599565847,278.7418400434153,292.4606826244593,287.27440241194284,298.860677664125,284.3142022173186,49080562
1537450200,292.64,293.94,291.2363,293.58,282.5925529685048,279.83744703149523,292.69593357273305,287.4288075068428,299.2064213199705,286.11638189346354,100360646
1537536600,293.09,293.22,291.81,291.99,282.6111207878359,279.8188792121642,294.5622264665101,288.8027841415296,301.0170598522332,287.6172151297774,105597145
1537795800,291.34,291.5,290.37,291.02,282.518802158226,279.9111978417741,294.01802015064936,288.6966039477036,300.00229206467543,286.7281451649306,53409645
1537882200,291.53,291.65,290.4833,290.75,282.52020618796297,279.9097938120371,294.2427530497589,288.1010484699246,299.2868530963548,286.1231674256178,44370037
1537968600,290.91,292.24,289.41,289.88,282.4850218634875,279.9449781365126,294.35811286619105,288.33603035701896,299.17348843409604,285.9346745123255,79739674
1538055000,290.41,291.91,290.1,290.69,282.85274477851317,280.32725522148684,294.2608977353049,288.328735063135,298.58899187673245,285.2542257900557,59249455
1538141400,289.99,291.28,289.95,290.72,282.85319491112523,280.32680508887483,294.6752072656922,289.168021759185,299.3039543235488,285.93679896125496,70091385
1538400600,292.11,292.93,290.98,291.73,283.44809159311217,280.91190840688785,294.82076881067724,288.9301095332509,297.85855604559055,285.984668434728,62078937
1538487000,291.56,292.355,291.14,291.56,283.70982730753644,281.19017269246353,295.2787862944853,289.0837554367286,298.4398962824195,286.84067455373196,47258227
1538573400,292.74,293.21,291.32,291.72,284.5663195182367,282.08868048176333,295.1937582051097,288.86862384466656,298.413298310544,286.724820253815,64694594
1538659800,291.18,291.24,287.66,289.44,286.47764796034613,283.962352039654,295.3664167428191,288.8441196441235,298.61869737506095,286.88141215562877,111545910
1538746200,289.69,290.27,286.22,287.82,286.47258508172274,283.9874149182773,293.6276074984398,287.4132632215178,297.0179767999924,284.9436227170905,105961360
1539005400,287.05,288.22,285.5,287.82,286.4678435305352,283.9921564694649,292.3319783634999,286.243403832692,295.86556880034425,283.4502287688336,87742172
1539091800,287.39,288.86,286.77,287.4,286.97939460626935,284.56060539373055,292.310321214136,286.0705819666765,295.9113967024076,283.45456750423887,74338982
1539178200,286.83,286.91,277.88,278.3,287.562301519091,284.25769848090897,290.75752363208625,285.6362507349527,295.678337297981,283.0688628892532,214756170
1539264600,277.08,278.9,270.36,272.17,283.958486832701,280.34151316729896,287.19678549701956,277.85117831605686,292.83716604821115,274.6069278617076,274840490
1539351000,276.77,277.09,272.37,275.95,284.0265738183803,280.27342618161964,284.2560601055614,272.06592241201537,290.8636833601386,268.8833439511923,183186492
1539610200,275.55,277.04,274.3,274.4,284.03000413633606,280.26999586366395,284.05059799186324,269.8195119663048,292.034967191996,269.8195119663048,102263717
1539696600,276.6,280.82,276.07,280.4,284.18212659057735,280.1178734094226,282.7984835468199,266.92002603387823,291.4575746628717,266.92002603387823,118255834
1539783000,280.44,281.15,277.56,280.45,284.17770714068934,280.1222928593106,285.5039401347552,267.89837295776454,293.42700966016497,267.89837295776454,110625987
1539869400,279.4,280.07,274.97,276.4,284.24155060891496,280.058449391085,285.3161599239017,267.46845654352285,293.4517050852078,267.46845654352285,134557525
1539955800,277.13,279.3,275.47,276.25,284.2402977503104,280.05970224968956,282.076413421795,264.432474080033,291.8295365154394,264.432474080033,139901634
1540215000,277,277.36,274.41,275.01,284.2370658046071,280.06293419539287,282.4243513748244,263.94142644339684,291.72737033195574,263.94142644339684,82415812
1540301400,270.95,274.87,268.61,273.61,283.3376705744951,279.2123294255049,281.97915491217617,262.72933992078225,291.15421456888294,262.72933992078225,146352719
1540387800,273.33,273.76,264.7,265.32,281.6229407439798,277.01705925602016,281.2194936251531,261.4032031857876,290.48224693429876,261.4032031857876,177806697
1540474200,267.38,271.81,266.23,270.08,281.70526146930723,276.93473853069275,276.2770724408543,254.73005441381224,286.64819616728516,254.73005441381224,138061545
1540560600,265.92,271,262.29,265.33,280.55841279566283,275.6715872043372,279.00669732704944,258.1725395126805,288.2089622686825,258.1725395126805,201574596
1540819800,268.8,270.25,259.85,263.86,279.32446830422043,274.46553169577953,275.73731793209566,254.144829041168,285.8039918274285,254.144829041168,160749101
1540906200,263.67,268.12,263.12,267.77,279.3845049783676,274.40549502163236,274.49478638068035,252.71453837635988,284.6342091869866,252.71453837635988,157115995
1540992600,270.65,273.23,270.12,270.63,279.4065998229316,274.3834001770683,277.13753129012906,255.71627279869523,285.8863485961878,255.71627279869523,128296325
1541079000,271.6,273.73,270.38,273.51,279.4311104751686,274.35888952483134,279.1791509639464,260.444198424793,286.9265822771971,257.9285756143512,99495037
1541165400,274.75,275.23,269.59,271.89,279.43336179751253,274.3566382024874,281.3892819483154,261.4566488766031,288.4337312810134,259.5742567332047,122634107
1541428200,272.44,274.01,271.35,273.39,279.43875696752843,274.3512430324716,278.17645584376623,260.3229764916956,287.4011627751448,258.24970775677036,65622482
1541514600,273.32,275.3,273.25,275.12,279.4502642405172,274.3397357594828,279.48666077077655,260.9090314175436,288.229917510777,259.0274814846295,60085894
1541601000,277.56,281.1,277.08,281.01,279.5587390310149,274.23126096898505,279.25372517622975,261.36065076105734,289.2428931870025,259.09677089267694,102752099
1541687400,280.11,281.22,279.22,280.5,279.5495761147584,274.2404238852416,284.3922941432595,263.57594576006716,292.86385274939994,260.37128589689553,65584886
1541773800,279.03,279.24,276.18,277.76,279.5678267042205,274.22217329577944,284.14267825597585,265.54880923241035,292.53922589610045,259.96095488233095,98812561
1542033000,277.19,277.46,271.99,272.57,279.6336761638898,274.1563238361102,284.15999049128084,264.40861431216894,289.4081188805956,258.9599696962537,99673574
1542119400,273.09,275.325,271.25,272.06,279.62345728609733,274.1665427139026,283.5376266200246,262.0983689643347,285.37815671867423,256.6291955018407,98176610
1542205800,274.16,274.61,268.45,270.2,279.6149600018942,274.17503999810583,283.8936148916072,262.60044275513394,284.6232007132191,256.0713256393211,125335931
1542292200,268.78,273.54,267.0102,273.02,279.63848443666365,274.1515155633363,283.4725120941965,263.8873143976055,283.4725120941965,254.92240910836557,135101437
1542378600,271.79,274.75,271.21,273.73,279.63910586792593,274.15089413207403,285.1955579547539,266.2646304360114,285.1955579547539,255.87389647529525,126668040
1542637800,273.05,273.38,268.07,269.1,279.6947013408931,274.09529865910685,285.9410451008815,267.9478290715604,285.9410451008815,255.9318520923286,103061706
1542724200,265.36,267,263.15,264.12,279.7608036217088,274.0291963782912,283.5762014646054,264.57271898226065,283.5762014646054,253.44623708077538,136021311
1542810600,265.86,267.15,265.01,265.02,279.76536351474016,274.0246364852598,278.31692433535414,260.51853410779603,280.6382520254422,250.43118923813415,75563743
1542983400,263.18,264.8234,263.07,263.25,279.7602533577451,274.02974664225485,276.8452210360862,260.76296878783944,281.2300370303142,250.7832344712719,42807878
1543242600,265.78,267.75,265.34,267.5,279.8058481317755,273.98415186822444,273.88604872200204,259.04212030371207,280.0642205628271,249.49452432037154,79981362
1543329000,266.34,268.4,265.66,268.4,279.80965468494634,273.9803453150536,277.19641608612096,260.40332861113274,282.9946416178817,251.52507870972653,75502441
1543415400,269.6,274.58,268.3272,274.58,279.9177175328676,273.8722824671324,276.43778401242366,260.14044635347955,283.6989839771567,251.7672826812833,127629633
1543501800,273.71,275.55,272.43,273.98,279.91607005891285,273.8739299410871,280.4323625185362,261.6456038827228,288.2257831571699,254.69249927847434,82346420
1543588200,273.81,276.28,273.45,275.65,279.92561147511844,273.8643885248815,276.7749402491541,261.1616748342265,287.95198321797085,254.21423853922022,98204190
1543847400,280.28,280.4,277.505,279.3,279.9637278196971,273.82627218030285,279.6529424511901,261.3598296989791,289.3408609833773,254.8385456833998,103017719
1543933800,278.37,278.85,269.9,270.25,280.16116528751655,273.6288347124834,282.80447359447743,263.38808199703305,292.25537262700453,256.47294845038846,177986013
1544106600,265.92,269.97,262.44,269.84,280.1604895167223,273.62951048327767,280.16494823538187,260.9573383132175,285.4573818623492,251.7717328397525,204185411
1544193000,269.46,271.22,262.63,263.57,280.2517508587314,273.5382491412686,280.80590420905116,260.59337689719666,285.20414772170835,251.3611126651412,161018923
1544452200,263.37,265.1613,258.62,264.07,279.62947845225443,272.9305215477455,278.9552216508345,255.68406070590976,280.2425675252189,247.48362623086024,151445885
1544538600,267.66,267.87,262.48,264.13,279.6259662382811,272.93403376171887,279.2055102804912,255.98784653785458,280.6463885839787,247.59573345722703,121504431
1544625000,267.47,269,265.37,265.46,279.632927688382,272.92707231161796,279.28102530649954,255.94763152454203,280.69748201907464,247.4503545211728,97976706
1544711400,266.52,267.49,264.12,265.37,279.6234865778065,272.93651342219346,280.06091383511983,256.81759551685224,281.8019770235155,248.10433543643026,96662717
1544797800,262.96,264.03,259.85,260.47,279.6750896794776,272.88491032052235,280.0928219036137,255.80575372756493,281.738831025955,247.8881203924627,116961071
1545057000,259.4,260.65,253.525,255.36,277.1506851975248,270.3143148024752,277.0703347801174,252.18889226071556,277.80845631555616,244.61629303187416,165492257
1545143400,257.2,257.95,253.28,255.08,277.0171534845416,270.2028465154584,273.58102297510595,248.1852098246699,275.9629255733292,241.13521822342395,134515094
1545229800,255.17,259.4,249.35,251.26,275.05441297449227,268.2355870255077,270.13338165080006,247.23508853506866,275.6792117538842,240.75948009107574,214992763
1545316200,249.86,251.62,244.65,247.17,272.32397353117807,265.5460264688219,265.6836908525421,243.94496022957583,273.97895123512245,238.0433903683748,252053377
1545402600,246.74,249.71,239.98,240.7,270.04589034270595,263.14410965729405,256.58151067136134,240.39384505067017,271.9931217314854,234.57558929820067,255345633
1545661800,239.04,240.8355,234.27,234.34,267.2422900261031,260.2377099738969,251.7173751113131,235.00889052712978,268.882336803169,229.0511807086482,147311588
1545834600,235.97,246.18,233.76,246.18,267.39077308984815,259.5792269101519,245.95156285003557,229.55891481861474,265.65024975648925,223.42021795915326,218485360
1545921000,242.57,248.29,238.96,248.07,267.40540905780483,259.5645909421952,253.456611857271,231.73595808548052,270.6867843148489,231.73595808548052,186267342
1546007400,249.58,251.4,246.45,247.75,267.40167386197584,259.56832613802413,254.38455082228595,230.22909672882403,271.36189524097375,230.22909672882403,153100189
1546266600,249.56,250.19,247.47,249.92,267.4183211125738,259.55167888742625,253.81776087537008,228.85693368777842,270.9753178475576,228.72280064539467,144299370
1546439400,245.98,251.21,245.95,250.18,267.41514029178995,259.5548597082101,255.1650519010162,228.38183064192344,271.8838930788829,227.6604158386698,126925199
1546525800,248.23,248.57,243.67,244.21,267.4789997878023,259.4910002121977,259.23861804558953,227.67186043384027,271.8410963751206,226.56730589215317,144140692
1546612200,247.59,253.11,247.17,252.39,266.64741684761793,258.3525831523821,254.7564756777055,224.76899853846515,268.40647865221,224.29886337046037,142628834
1546871400,252.69,255.95,251.69,254.38,266.16374436332825,257.8662556366717,262.1548611529468,227.33341684942434,272.7252708789812,225.13875033403767,103139100
1546957800,256.82,257.31,254,256.77,265.4624510233533,257.1575489766467,264.3091899845011,227.76830205533645,273.7021858601993,224.86158751620346,102512587
1547044200,257.56,258.91,256.19,257.97,265.4674453330678,257.1525546669322,266.8183122373624,231.09509020204794,274.9432914095579,224.84870581137835,95006554
1547130600,256.26,259.16,255.5,258.88,264.4804624948261,256.189537505174,268.20699739235596,234.93562043084438,275.5520727040772,224.64761026957203,96823923
1547217000,257.68,259.0098,257.03,258.98,261.4671792087153,253.51282079128467,269.296332775937,235.90505258818789,276.0179588933439,224.44968723902755,73858110
1547476200,256.86,258.3,256.41,257.4,261.41042910511976,253.5695708948803,269.58741711287456,239.357675058834,276.0282306116979,224.05903661315836,70908227
1547562600,257.82,260.7,257.81,260.35,261.40173276571437,253.57826723428562,268.3390321708321,242.28788343187748,275.0402540498236,223.12108990454317,85208271
1547649000,260.83,261.9666,260.6,260.98,261.4001122138442,253.57988778615584,271.2590948663521,252.01619783550655,277.21399838496006,223.80112348118348,77636710
1547735400,260.01,263.92,259.96,262.96,261.34095189864166,253.63904810135838,272.0930022499804,252.81327045502934,277.79262111509627,223.7220322414216,96118435
1547821800,264.98,266.98,262.998,266.46,261.3680055040339,253.61199449596617,270.3124158064301,254.45665855179143,279.6354784690665,224.20478856223656,127900303
1548167400,264.82,265.06,261.06,262.86,261.3646053222952,253.61539467770487,273.4869781238281,257.1998133332724,282.906877482349,225.35602342732287,115531183
1548253800,264.01,264.79,260.66,263.41,261.36571369826765,253.61428630173236,271.2068476706799,254.88906359611292,279.53747667067586,223.7010817811879,86030287
1548340200,263.21,264.2,262.08,263.55,261.36398115166054,253.6160188483395,272.0200478903149,255.4756147197617,280.0525642233632,223.72371698127878,59204139
1548426600,265.61,266.7,263.6595,265.78,261.3721660194816,253.60783398051845,272.4634015528861,256.2699642688641,280.1835560464586,223.59233858915138,96883358
1548685800,263.39,263.83,261.79,263.76,261.2516161132997,253.72838388670036,274.6103156707593,262.8579637260545,282.2879675020849,224.4069865755646,85613655
1548772200,263.92,264.55,262.48,263.41,261.2060455778057,253.7739544221943,270.3203888731535,260.70944164382166,280.3810527309239,223.33858286157638,66136334
1548858600,265.1,268.52,264.25,267.58,261.1976324569031,253.78236754309694,270.11784141605193,260.33236058372927,278.9768830568141,223.01607296713877,92473671
1548945000,267.51,270.47,267.27,269.93,261.2030945046877,253.77690549531226,273.06227900634696,263.53750131335124,282.8207215957405,224.84212532687874,104012073
1549031400,270.15,271.2,269.18,270.06,261.1733449785308,253.80665502146925,274.9909318894735,264.2030893866644,285.00321149592594,225.86018923128614,85782524
1549290600,270.11,272.03,269.36,271.96,261.16434077441465,253.81565922558536,275.4124960984153,264.5348253007585,285.1431256157436,225.84075099292252,60744844
1549377000,272.44,273.44,271.88,273.1,261.1508239470384,253.8291760529616,277.092370866083,265.49526610477267,286.9251143189282,226.70048591063593,79552774
1549463400,272.79,273.34,271.92,272.74,261.14598110899294,253.83401889100708,278.23547649261235,266.289393139971,288.0086893790264,227.21084153217905,58347791
1549549800,270.94,271.55,268.29,270.14,261.1545154403256,253.82548455967438,276.6903409545447,266.4233972879939,287.69864749082296,226.9810026378389,95481961
1549636200,268.75,270.58,267.83,270.47,261.1486747622724,253.8313252377276,275.0311153367797,265.3199079612414,285.2899857754057,225.59302564565272,75788861
1549895400,271.2,271.49,270.03,270.62,261.08098055644126,253.89901944355873,275.76996225366463,265.624806690214,285.6160877481451,225.70210660084956,68021423
1549981800,272.42,274.52,272.34,274.1,260.6906343356923,253.4693656643076,276.3366107825762,265.8275962132221,285.77374113518306,225.7228156614193,72270221
1550068200,275.03,275.93,274.56,274.99,260.67914107140996,253.48085892858995,278.6211870009391,270.236698652723,289.06860073570317,227.52619820022443,65277204
1550154600,273.78,275.64,272.87,274.38,260.62777519002674,253.53222480997317,279.56268565692136,271.085680195907,289.9314385048254,227.97289819172224,83234396
1550241000,276.36,277.41,276.13,277.37,260.6438137793323,253.51618622066766,279.62760968347607,270.6741012409397,289.37895062863953,227.6158874068976,97088659
1550586600,276.4813,278.58,276.47,277.85,260.6363712349529,253.52362876504708,281.948325962671,272.68811397960894,292.2326773149965,229.22637106396363,59120804
1550673000,277.81,278.92,277.25,278.41,260.6219709183899,253.5380290816101,282.5917011158751,273.18597483586916,292.7151156707783,229.48060025813473,76610767
1550759400,277.7,278.1,276.345,277.42,260.6233278616854,253.5366721383145,283.3281804671733,273.72571466733075,293.2743602744532,229.78454174653774,64214727
1550845800,278.11,279.36,277.4029,279.14,260.5829420017389,253.57705799826104,280.41309466958387,273.3059935147754,292.64737037704464,229.22399548904028,78114616
1551105000,280.73,281.31,279.43,279.52,260.98716516836623,254.08283483163373,281.6907309336632,274.55813681269603,294.2418698372261,230.1886533403538,69030699
1551191400,279.13,280.3,278.9,279.32,260.986567240494,254.08343275950588,282.38656129608324,274.97168184477187,294.9916436000269,230.40446659347805,56844101
1551277800,278.52,279.59,277.48,279.2,260.9780457093595,254.09195429064042,282.66618378674593,274.97470101952126,295.34764886084673,230.29059114795484,56921570
1551364200,278.96,279.45,278.32,278.68,260.94351924374405,254.12648075625586,282.90963042291884,275.0083247173583,295.72965481758274,230.2212099434815,69268293
1551450600,280.44,280.88,278.82,280.42,260.94716269707794,254.122837302922,282.81948011669186,275.3045220696156,295.8181789864585,229.91740886067583,78880548
1551709800,281.6,281.87,276.84,279.4,261.15603640576893,254.4739635942311,284.2592969101226,278.9311652839873,297.42302755310016,230.93623170558806,106494637
1551796200,279.54,279.76,278.41,279.02,261.15549943677104,254.47450056322896,283.73467054715275,278.2807392593387,297.1293650319651,230.33821274336833,59114559
1551882600,279.15,279.16,276.97,277.33,261.1562368173507,254.4737631826493,283.6197305960364,277.95821069885386,297.24846005979424,237.30821968608956,75039771
1551969000,276.83,276.99,274.07,275.01,261.1395085672292,254.49049143277082,281.1083686157667,276.4498731192373,296.4094706906441,236.6923007037473,94885089
1552055400,272.94,274.65,272.42,274.46,260.96331419080997,254.66668580918997,280.547681429,274.33754311018043,295.0661890548974,239.35451904615667,85795799
1552311000,275.26,278.62,275.23,278.44,260.9955118254809,254.6344881745191,280.38288058583964,273.80912699040056,294.9676631575509,238.97508682148342,65098897
1552397400,279.06,280.07,278.85,279.49,260.8982326571079,254.73176734289206,280.9239296810691,274.10244888352895,298.20215971776236,241.91866106641174,79667530
1552483800,280.48,282.38,280.3,281.34,261.16155748987705,254.97844251012296,281.53721963445406,274.14891369535064,299.2916925766555,242.7208274408846,80639153
1552570200,281.37,281.84,280.6662,281.16,261.16191481098076,254.97808518901928,282.89771536855824,274.7200450844635,300.98317537228917,244.43666339669176,67518366
1552656600,280.54,282.21,280.33,281.31,261.1591170002363,254.98088299976368,282.77828288022386,274.7082011384775,301.1525285128826,249.2881915443929,81308979
1552915800,281.55,282.66,281.3,282.33,261.30172541010324,255.11827458989683,284.1139100335957,274.82092634412845,301.5601164330007,254.87628167916824,62199806
1553002200,283.51,284.36,281.41,282.4,262.0941797395686,256.0258202604315,285.3291456095677,275.39358735050547,302.6280171812152,256.47681761332785,90268121
1553088600,282.16,283.5,280.32,281.55,262.0175390897171,256.1024609102829,285.9401533322885,275.5053095929255,302.9623724288368,261.06269765411497,84609210
1553175000,280.64,285.18,280.59,284.73,262.44738942658444,256.4926105734156,285.82792029950497,275.0659859744915,302.5693289081435,265.3202107769247,79550375
1553261400,283.22,283.8034,279.18,279.25,262.47683127061833,256.4631687293818,288.2928533016161,277.06210525742455,305.324920542843,276.30822013199764,122659286
1553520600,278.87,280.1853,277.64,279.04,262.41847899500203,256.521521004998,285.1600792734762,273.6400719099928,301.2473631377488,271.68918125650816,85575197
1553607000,280.99,282.18,279.56,281.12,262.27024101125625,256.66975898874387,285.5124003466321,274.15816701116285,295.9303753820829,271.511633823,68125920
1553693400,281.11,281.76,277.93,279.65,262.1125640338593,256.82743596614074,286.395033534706,276.06614689396037,297.86004791503035,273.4822693787955,72224722
1553779800,280.35,281.21,279.07,280.71,264.2456359432588,259.8943640567412,286.2963383325255,276.43028874616476,296.7210986538205,272.1211351995444,56238545
1553866200,282.39,282.84,281.14,282.48,266.61681294922244,262.23318705077753,286.95885430229873,276.0530003582582,297.7709577075997,273.1350227362994,82186806
1554125400,284.7,286.16,284.4,285.83,267.1312422082514,262.6987577917486,287.975507019279,277.3638193200512,299.4439791507637,275.0858225060373,77617945
1554211800,286.04,286.23,285.09,285.97,267.15657772291456,262.7434222770854,288.5011996865957,279.7452801146167,302.5066644833399,278.3113181368561,40070351
1554298200,287.32,287.76,285.75,286.42,267.92772310689605,263.50227689310384,288.6868720126704,279.88667202127425,296.01999477509395,278.4875533897956,68243202
1554384600,286.78,287.459,286.01,287.18,269.5052931609582,265.4247068390417,289.1456843593241,280.2615943668801,295.4323386134009,278.85943185715496,48997505
1554471000,287.92,288.63,287.6,288.57,271.94034301520924,268.3796569847907,289.888506241931,280.8908186233994,295.76159758181495,279.43812987203995,58621729
1554730200,288.1,288.91,287.37,288.79,273.2334705055817,269.67652949441833,291.21878629495205,281.96926899519985,296.9749195075043,280.4447071375881,53566335
1554816600,287.72,288.08,286.7,287.31,273.9863961169286,270.4236038830715,291.668431769609,282.22810955781966,297.2941846235373,280.687680110479,66142316
1554903000,287.77,288.3899,287.31,288.29,273.9845189341764,270.4254810658237,291.002150969956,281.11158055871135,296.4702592153186,279.7684914320927,52601499
1554989400,288.83,288.84,287.578,288.21,274.44277465599555,270.8772253440045,291.9599254220578,281.9587764206023,297.30648242756007,280.51856879873725,55093100
1555075800,290,290.47,288.261,290.16,275.2354989432724,271.64450105672773,292.13989531659365,281.92530488503627,296.54476966866196,280.538424252341,69727782
1555335000,290.24,290.35,289.075,289.97,275.92103669995345,272.3589633000465,293.82616835080177,287.93230080148714,298.134432418486,281.98985764194254,49596685
1555421400,290.95,291.01,289.5,290.16,277.2440084851492,273.7259915148508,293.88333139364374,287.80775399659836,298.1456124014598,281.9359780854118,52153197
1555507800,291.4,291.425,288.99,289.45,277.4584900188009,273.9265099811991,294.2084922209031,288.02649379220185,298.4342667165594,282.14926919303895,58268295
1555594200,290.1,290.32,288.66,290.02,277.79859172027705,274.286408279723,293.88585595840567,287.8684101601786,298.0388124859288,281.7044260165521,68708513
1555939800,289.17,290.435,289.07,290.27,277.7503801177168,274.33461988228316,294.24398805667306,288.3757979096807,298.6060486255499,282.18884677340924,40160140
1556026200,290.68,293.14,290.42,292.88,278.5501294561928,275.24987054380716,293.8292950880645,288.6137252644848,298.928905756999,282.43938317608377,52246633
1556112600,292.79,293.16,292.07,292.23,279.1341177465846,275.8158822534155,294.18240428430875,290.6139462446014,301.06776947437186,284.4528559537533,50392914
1556199000,292.12,292.78,290.73,292.05,279.13553830361684,275.8144616963832,293.69455187565416,290.33737316458763,300.70051627812074,284.0389585242635,57770862
1556285400,292.1,293.49,291.2401,293.41,279.28772907535694,275.99227092464304,293.9234798129895,290.2334130214546,300.68877386944143,283.9704380032837,50916423
1556544600,293.51,294.45,293.41,293.87,280.0852958877837,276.8447041122164,294.9253622520633,291.42886684721446,299.00316721671635,285.0716188377837,57197747
1556631000,293.49,294.34,291.92,294.02,280.9724461339579,277.7275538660421,295.776114528649,291.8709320227669,299.5019468656947,285.4921757104277,81112081
1556717400,294.72,294.95,291.8,291.81,282.69700439093685,279.5229956090632,296.0228837942196,292.1575178722328,299.76081889174185,285.6747995519092,71671870
1556803800,291.68,292.7,289.52,291.18,282.9612169921151,279.8187830078848,294.6920663095278,290.68141691889343,298.17894576953483,284.02245354122397,65030170
1556890200,292.82,294.34,291.2998,294.03,282.9893636402383,279.79063635976166,294.4973470834599,290.23083314331586,297.79849610250886,283.58193107073333,56543653
1557149400,289.25,293.31,288.9,292.82,282.9877692540901,279.7922307459099,296.24152122129163,291.29022864454066,300.1579696843527,285.8685189052055,107198069
1557235800,290.15,290.81,285.81,287.93,283.10478800025345,279.6752119997465,295.42215063322203,290.7561414243824,299.31079661228915,284.9705976632242,144729908
1557322200,287.53,289.43,286.87,287.53,283.10490233868455,279.6750976613154,293.73305089643355,286.9628986294527,296.2026303636833,280.9172757708006,91568287
1557408600,285.23,287.33,283.3,286.66,283.07001927643483,279.70998072356514,293.54755724693734,286.4302585864608,296.3341724997154,280.58711590428186,103471104
1557495000,285.62,288.94,282.3,288.1,284.1826771533423,280.7973228466577,293.1964494641288,285.53534030811113,296.2927033749006,279.8445190418071,112429293
1557754200,282.42,283.49,279.93,280.86,285.5862225398307,281.70377746016925,293.331918908452,284.4080723780275,296.96930138439245,281.11645430602545,127290527
1557840600,281.99,285.1,281.85,283.4,285.60066981081746,281.76933018918254,290.02822490197326,278.4725949337561,295.01634575419087,274.78226459630355,77003230
1557927000,281.59,285.77,281.36,285.06,285.6075727366072,281.7624272633928,289.4878734225422,279.3040776699006,295.8535039273068,277.01802865268036,73956407
1558013400,285.84,289.21,285.76,287.7,285.6290181523667,281.74098184763335,290.11506296698013,278.6208111541617,296.49458649378363,278.4862458936976,76749643
1558099800,285.14,288.6,285.1207,285.84,285.6111637413568,281.7588362586432,291.3709030963785,278.69025537441075,297.6344134102522,278.69025537441075,100353024
1558359000,284.06,285.43,283.12,283.95,285.6269811928823,281.7430188071177,289.1051059439694,277.58616280352004,297.07720009117486,277.58616280352004,62877610
1558445400,285.83,286.93,285.55,286.51,285.6501720975371,281.7198279024629,288.91822798702106,276.34069647110897,296.5963143721665,276.34069647110897,46847085
1558531800,285.45,286.69,285.1,285.63,285.64897794993175,281.72102205006826,290.55076184133344,277.0920447783638,297.6392463970375,277.0920447783638,49482472
1558618200,283.16,283.21,280.57,282.14,285.6890971887892,281.6809028112108,290.4412657616642,276.3618776848969,297.4784336323037,276.3618776848969,98733847
1558704600,283.74,284.2,282.09,282.78,285.6900412549283,281.6799587450717,288.44774532382695,274.2020658688887,296.2771756673208,274.2020658688887,55268095
1559050200,283.09,284.15,280.13,280.15,285.71812964077066,281.65187035922935,288.94205449593346,274.23426361061047,296.62939747661534,274.23426361061047,70029356
1559136600,278.91,279.36,276.71,278.27,285.7322537226471,281.63774627735296,287.10368472298177,272.59786833536333,295.67345390735386,272.3921583225305,104972927
1559223000,279.11,280.04,277.805,279.03,285.7335372440331,281.63646275596693,285.6688143683847,271.992691797332,294.9605282346989,270.928688920952,62523780
1559309400,276.2,277.12,275.24,275.27,285.77669822207076,281.5933017779293,286.2000110827404,272.6149116545173,295.3288428344854,271.11355288697564,86862782
1559568600,275.31,276.5521,273.09,274.57,285.77481365557634,281.59518634442367,283.30673712807084,269.1597288237075,293.7167095189598,268.38668708706257,96427952
1559655000,277.12,280.68,276.62,280.53,285.9120186484787,281.4579813515213,282.7039427218444,268.4623119165264,293.40863159916853,267.62809919087795,77231889
1559741400,282.33,282.99,280.32,282.96,285.9210431434133,281.4489568565867,287.3460589273193,273.84831555884676,296.1603397283168,271.4417864028251,71169717
1559827800,283.29,285.55,282.57,284.8,285.9091371907051,281.4608628092949,287.27969969728275,273.7199097073438,295.7830254898356,272.95475335072115,69430381
1559914200,285.93,288.85,285.74,287.65,286.26952998456,281.77047001543997,287.44277875616024,273.76346170928616,296.8404742813636,273.19693179763533,74272199
1560173400,289.37,290.82,288.8734,288.97,286.21968121858527,281.8203187814147,289.945275628851,274.2499471850398,298.5106603211263,273.2115667351224,60799053
1560259800,290.99,291.4,288.1805,288.9,286.216873076281,281.823126923719,292.221232036696,275.1490289937373,299.3578662724261,273.19558304773227,58641325
1560346200,288.64,289.26,287.815,288.39,286.20731657987045,281.8326834201295,292.6964880695381,275.23094059023447,299.4011715498501,273.0289363657606,47096312
1560432600,289.4,289.98,288.62,289.58,286.210957489822,281.82904251017794,293.71852466257565,275.1080955050292,299.1759076329454,272.7797823181217,48945156
1560519000,289.26,289.93,288.41,289.26,286.2116676539102,281.8283323460898,295.3500395697872,276.288166917455,299.9737333465044,272.90524186852764,52324716
1560778200,289.52,290.22,289.18,289.37,286.20866972467377,281.83133027532625,296.0211385392076,278.39693875846706,299.85754724597643,272.7155838814435,39205709
1560864600,291.39,293.57,290.99,292.4,286.2373967120283,281.80260328797164,296.76000697657935,278.62223356605193,300.00161487487594,272.6371428598638,85434823
1560951000,292.55,293.65,291.47,293.06,286.23443096376513,281.80556903623483,299.3180383865419,283.1801550447476,301.9785119224541,273.42643729049854,78674377
1561037400,296.04,296.3093,293.1255,295.86,286.90962771489484,282.4896722851052,300.33214211977116,286.101956132773,302.4887547041454,273.5977996977195,116570017
1561123800,294.13,295.52,293.76,294,286.8032625377074,282.5960374622926,302.8303798341903,288.7824348373001,304.4498128862195,274.4316553646737,83309466
1561383000,294.23,294.58,293.47,293.64,286.8037837155859,282.59551628441415,301.93886187145654,291.5880557515071,303.18759540846406,273.8858299305013,47582730
1561469400,293.7,293.73,290.64,290.76,286.8236340094237,282.57566599057634,302.07741526537944,291.6924163161538,302.46506771029027,273.755544254659,82028656
1561555800,291.75,292.31,290.345,290.47,286.81412667489786,282.5851733251022,297.89864867141256,289.8493603109799,300.41698440001056,272.6565717518963,51584902
1561642200,291.31,292.06,290.89,291.5,286.8136729779541,282.5856270220459,297.83961224449007,289.6357556975197,300.5085158404972,272.49253005731373,40355239
1561728600,292.58,293.55,292.01,293,286.8100773745309,282.5892226254691,298.0871146283944,289.0279731234113,301.55562707481175,272.86520630218916,59350929
1561987800,296.68,296.92,294.33,295.66,287.1010746201275,282.90892537987247,298.281247572619,289.3283277451259,302.96792604322724,273.4639382205136,79107474
1562074200,295.61,296.49,294.68,296.43,287.1023623222812,282.9076376777188,300.3104431089278,290.3382219969683,305.30314661709366,274.5449187028805,61504544
1562160600,297.18,298.82,297.02,298.8,288.07563705586483,283.8343629441351,301.0561293438532,290.6945432842822,306.17584332410024,274.876948262599,40898896
1562333400,297.44,298.64,296.01,298.46,288.07537247815526,283.8346275218447,303.03194820237434,291.99310513597135,308.3307010689493,275.8867997877987,51677326
1562592600,297.01,298.2579,296.22,296.82,288.08087272225094,283.829127277749,302.94960936323196,291.9279375259906,308.3031365876301,275.79625520644174,45841772
1562679000,295.54,297.52,295.48,297.19,288.0810359212299,283.82896407877,301.78672896714426,291.01299042122287,307.17408398777826,275.12846120552047,41101279
1562765400,298.37,299.66,297.78,298.61,288.4997978293235,284.2502021706765,302.19679548131774,291.2815159174781,307.675919257892,275.3227369142066,58595558
1562851800,299.32,299.58,298.2,299.31,288.498318401604,284.25168159839603,302.46794184825023,292.26966182525507,309.05413661117643,276.00144732622647,50889481
1562938200,299.85,300.73,299.51,300.65,289.0415403093093,284.7784596906906,303.2861507990834,292.81542652481005,309.82776793725185,276.36959755034064,40354410
1563197400,301.13,301.13,300.19,300.75,289.2315206052246,284.9884793947754,304.4431970252238,293.8346103874998,311.14658368807284,277.0495856741751,33910261
1563283800,300.65,300.88,299.44,299.71,289.23603094443405,284.983969055566,304.8952011520217,295.75172022999254,311.40087398602776,277.155660571295,40567964
1563370200,299.75,299.93,297.74,297.74,289.2513099625105,284.9686900374895,304.57426526901855,295.6392383960642,310.7142085012064,276.7043960738464,44102443
1563456600,297.19,299.25,296.7,298.83,289.25184838800135,284.9681516119987,303.5296931054824,295.99559534674745,309.85991091270085,275.76778571540143,51701687
1563543000,300.04,300.07,296.96,297.17,289.2621750531976,284.9578249468024,304.45277616367764,296.8372108752938,310.8679207490193,276.34979153535045,71081238
1563802200,297.61,298.5,297.04,297.9,289.2633925337359,284.9566074662642,302.99372513779593,295.4898015918925,310.10291663921146,275.5305674789995,43687404
1563888600,299.14,300.03,298.22,300.03,289.25489443314535,284.9651055668547,302.7512401627358,296.0380849766416,310.8582416748316,275.9353617465646,44657973
1563975000,299.19,301.44,299.09,301.44,289.41440569644135,285.1155943035586,302.7036910767892,296.91656895786844,312.55422600872134,277.0880107584865,47213232
1564061400,300.94,301,299.11,300,289.42243000609716,285.1075699939028,303.7618684270982,297.4355215790837,313.78851429350283,277.88023994964504,55394092
1564147800,300.76,302.23,300.62,302.01,289.82683410419384,285.49316589580604,302.8625865802767,296.7820352599788,313.06762539319885,277.1520451152377,45084077
1564407000,301.88,301.93,300.85,301.46,289.8279838761853,285.49201612381466,304.3862945505051,297.81233346574516,314.72258973334317,278.5409626399187,38126462
1564493400,299.91,301.17,299.49,300.72,289.83041889607773,285.4895811039222,304.07803486882614,297.56568478080345,314.5844927821154,278.26715422010636,45849045
1564579800,300.99,301.2,295.2,297.43,289.85040999215505,285.4695900078449,303.490697466748,297.1297897847398,314.2866187366936,277.87284887069296,104245162
1564666200,297.6,300.87,293.96,294.84,289.8728185727784,285.44718142722155,302.07263775673823,294.9688147328612,312.10012360624455,276.8185648719671,142646576
1564752600,293.85,294.12,290.9,292.62,289.862216423322,285.4577835766779,300.8927218945668,292.7745214181398,310.3585506901572,278.7341321132876,116749695
1565011800,288.09,288.21,281.72,283.82,290.11605576638465,285.2039442336153,299.74760304113425,290.82220078682855,308.8403611350716,277.36647912037085,178745449
1565098200,285.91,288.04,284.28,287.8,290.09612853960505,285.22387146039495,296.05461107490845,283.0526531753796,303.5895641834683,271.2478719852853,120711682
1565184600,284.4,288.82,282.04,287.97,290.0956923721001,285.22430762789986,296.9576445562225,281.2645452140683,305.5173482482,274.03137671010154,140572265
1565271000,289.62,293.62,289.01,293.62,290.19070288783143,285.1292971121685,296.66986626302395,279.63120355123067,305.76051347794635,274.46620614886024,87713904
1565357400,292.58,293.24,289.65,291.62,290.1980623710787,285.1219376289212,299.6239092431956,280.64607252912964,310.0997280031223,278.7701811770075,93729958
1565616600,289.96,291.6052,287.02,288.07,290.0636759249971,285.2563240750029,298.16395980821227,279.2333361975461,308.64001743426934,277.2620329273237,65527632
1565703000,287.74,294.15,287.36,292.55,290.1046554535103,285.21534454648963,295.2798784290704,276.91049111830057,306.3087341477823,274.5457877173047,94792972
1565789400,288.07,288.74,283.76,283.9,290.3312221576082,284.9887778423918,298.0495014649159,278.85229351494627,309.5730455866046,278.85229351494627,135622053
1565875800,284.88,285.64,282.39,284.65,290.3115896053519,285.008410394648,293.5030299291395,273.4214350127051,304.4528315645424,272.1674527955172,101929845
1565962200,286.48,289.33,284.7138,288.85,290.3539825326417,284.96601746735826,294.0010754449354,273.39694571705303,304.95317480778596,272.7804392015708,85825286
1566221400,292.19,293.08,291.44,292.33,290.3752831627959,284.944716837204,296.96391703651636,275.72235775543595,307.32339469594507,275.72235775543595,53640153
1566307800,291.77,292.36,289.95,290.09,290.3727648193014,284.94723518069856,299.66258936296754,277.70012369286485,309.75029818601047,277.70012369286485,51652752
1566394200,292.48,292.86,291.72,292.45,290.38479354114145,284.93520645885854,298.20869669792603,276.0953437272418,308.2926269066286,276.0836741132458,49723430
1566480600,293.23,293.93,290.4,292.36,290.34539009064446,284.9746099093555,300.187586690745,279.7396461552909,310.00718468028157,277.4187263076389,51739292
1566567000,290.92,292.76,283.47,284.85,290.5094475732983,284.81055242670163,300.28437918928773,281.5525189800877,310.0074222788369,277.1967832789053,149318151
1566826200,287.27,288,285.58,288,290.5145967509595,284.80540324904047,294.29845505102975,276.66327892206675,305.6429243601776,271.8063850043695,72620598
1566912600,289.54,289.95,286.03,286.87,290.5071180292193,284.8128819707806,296.9343736585955,279.8577073056135,307.60632851241166,273.9231680646579,68262998
1566999000,286.14,289.07,285.25,288.89,290.51572278907656,284.8042772109234,294.2690108012045,278.82246897219346,307.0340540816193,272.96092728188836,59852324
1567085400,291.72,293.16,290.61,292.58,290.50122928840653,284.81877071159346,295.8331992609809,280.5051900779405,305.0827847428371,274.26718208733024,57998913
1567171800,294.22,294.2399,291.42,292.45,292.2812368054459,286.5687631945542,298.7614517962922,283.0073258295031,306.0836780741621,276.72526650715076,62961780
1567517400,290.57,291.58,289.27,290.74,294.0581207688339,288.49187923116614,298.8380805568223,283.68023450834954,305.0870002147232,276.54073321928024,69252354
1567603800,293.14,294.055,292.31,294.04,294.77687558317314,289.1731244168269,297.6500866623482,282.14275159274507,303.14322144355566,275.23088983633255,47003957
1567690200,296.79,298.83,296.64,297.82,294.8039946251157,289.14600537488434,300.43276732681085,285.11523614020757,304.5596692743833,277.5217991715967,83356779
1567776600,298.17,298.76,297.42,298.05,294.7831453690224,289.16685463097764,303.8245489154642,288.2532570321409,306.80843203969687,280.2110527022591,49584290
1568035800,299.14,299.24,297.16,298.2,294.77919669368765,289.1708033063124,304.15689311968225,288.54726488491326,307.0217319022929,280.34908054740674,51260290
1568122200,297.36,298.2,295.97,298.13,294.7791940241496,289.17080597585044,301.1895055047967,288.77661465188436,306.8216261082206,280.4330204730702,57947101
1568208600,298.47,300.34,297.75,300.25,294.7881081854174,289.16189181458265,302.3097187307091,288.8403893364263,306.8180926803649,280.3563187151403,68821066
1568295000,301.25,302.46,300.41,301.29,294.9032143914348,289.27678560856526,304.2526904510169,291.2151064420652,308.5289550750319,281.92753809444355,72908745
1568381400,301.78,302.17,300.68,301.09,294.9028917477045,289.2771082522956,305.47067606578685,292.1604333903465,309.5179820882165,282.70464975588163,62104838
1568640600,299.84,301.1378,299.45,300.16,294.90617667856225,289.2738233214378,305.70117033732635,292.6640724444122,309.40531081939895,282.5484262188565,58191175
1568727000,299.94,301.02,299.75,300.92,294.88350087179595,289.2964991282041,305.2549286413426,296.8704874392526,308.611190309317,281.83026183445287,42904427
1568813400,300.49,301.22,298.24,301.1,294.8827108527271,289.297289147273,306.0888636677728,297.61194960475143,309.3745756407063,282.4082196359298,74192091
1568899800,301.53,302.63,300.7103,301.08,294.94816307758475,289.4018369224152,306.54834791896576,297.8707678375791,309.59903289076806,282.5430446372583,78099215
1568986200,300.36,300.67,297.41,298.28,294.9601243215874,289.38987567841264,306.5703276709633,297.94880961447234,309.6341572802303,282.52355779485777,97455979
1569245400,297.55,299,297.27,298.21,294.9596581527617,289.39034184723835,304.79965391228166,295.6308745704072,307.13101426300574,280.3211655251012,47541321
1569331800,299.41,299.84,294.81,295.87,294.9508561078718,289.3991438921283,305.0567791608774,296.0734456721136,307.03172725494477,280.2516250018152,97367568
1569418200,295.96,298.11,294.33,297.62,294.957977433945,289.39202256605495,304.0009510987464,295.693921498615,305.51922771779834,278.379926887794,73434081
1569504600,297.63,297.86,295.45,297,294.9569205257118,289.39307947428824,303.42858006628484,295.1728723965951,306.607035458252,279.7544394029309,58722357
1569591000,297.83,297.9465,293.69,295.4,294.95870391615284,289.3912960838472,300.7792730974219,294.2469529505253,306.65301427471576,279.2436302366804,84781110
1569850200,295.97,297.55,295.92,296.77,294.94420084509795,289.405799154902,299.9708084012853,293.05658545813037,306.15592447436853,277.9412099571188,52562761
1569936600,297.74,298.455,293,293.24,294.97698337022445,289.3730166297756,300.3832719331048,293.42348818464967,307.09560320715315,279.0272489855615,89900420
1570023000,291.5,291.51,286.64,288.06,295.03319780897283,289.31680219102714,298.39053351658185,291.0226341949492,305.4376696681954,276.1511029736322,124523974
1570109400,287.81,290.45,284.82,290.42,295.05085298267613,289.2991470173239,295.0490308869379,286.78347526406134,302.7206102141714,271.9048165841648,85906799
1570195800,291.14,294.63,290.82,294.35,295.0885444145019,289.2614555854981,294.56727192446715,286.7490456413181,304.10442773186077,273.7997287356985,66700681
1570455000,293.47,295.26,292.77,293.08,295.0920709170167,289.2579290829833,296.4836845303944,286.78196366807623,306.53727602891485,276.9909713129727,60656561
1570541400,291.04,291.85,288.49,288.53,295.13963348889547,289.21036651110455,295.37609295498356,285.81633202172645,305.90751001089063,275.9294998392367,101575470
1570627800,290.75,292.3,288.6559,291.27,295.16031174198355,289.1896882580165,292.84244105083394,282.6432621163052,303.2268469504375,272.15649803949304,65707329
1570714200,291.18,294.21,291,293.24,295.1665161264945,289.1834838735055,296.27052091090366,284.1502401520833,304.97601627599454,274.393268410735,57255974
1570800600,296.27,298.74,296.1448,296.28,295.1919063189963,289.1580936810037,297.8321028715908,284.9188915295179,306.34049619379175,276.002235296457,101228577
1571059800,295.93,296.67,295.57,295.95,295.18972087231134,289.1602791276887,300.2981020895925,286.98194758216283,308.44760151768713,278.5057059111187,40546668
1571146200,297.1,299.7,296.97,298.88,295.202249036939,289.147750963061,300.343469897557,286.75216478340076,308.35374831406335,278.2200305903899,47832356
1571232600,298.37,299.16,297.92,298.4,295.1998822575532,289.1501177424468,302.88698343050436,288.6710013739725,310.46115588762734,280.64721908642355,50563596
1571319000,299.68,300.24,298.515,299.28,295.1946992956057,289.1553007043944,302.7409824720613,288.3972835662074,310.2710920658374,280.2411431106922,46784885
1571405400,298.69,299.395,296.99,297.97,295.1978427645691,289.15215723543093,303.6654473562813,289.40025459759084,311.01320082568293,280.96989132236837,64338028
1571664600,299.42,300.21,298.935,299.99,295.1966969133048,289.1533030866953,302.7266164679327,288.9221053636701,310.2167165879402,279.8682220462121,39460901
1571751000,300.58,300.9,298.91,299.01,295.1939344330613,289.1560655669387,304.59713035043006,290.2478108184082,311.77359079764545,281.5559756463105,49126038
1571837400,298.73,299.94,298.495,299.88,295.1909141707102,289.15908582928984,304.21400379169984,292.22620162212917,311.18806428319846,281.18389800614335,34991829
1571923800,300.91,301.07,299.4601,300.37,295.1813755817975,289.16862441820246,305.1894389802314,293.0325444009546,311.9336521309494,282.59105298370673,35857459
1572010200,299.74,302.2,299.6806,301.6,295.18449400233095,289.1655059976691,305.9227688151964,293.50273534240995,312.40626324290105,285.89330825227444,45205412
1572269400,302.94,303.85,302.91,303.3,295.80627615604067,289.7637238439594,307.09021739340767,294.5984317362675,313.4313395482038,287.91674156743744,42146965
1572355800,303,304.23,302.86,303.21,295.96979055652275,289.9802094434773,308.581460324285,297.8613266197446,314.8193198637073,288.79817418527676,44284921
1572442200,303.43,304.55,301.99,304.14,296.1139543174532,290.1560456825468,308.880299587048,300.97704371502203,314.8708407672559,288.7773820346257,49643928
1572528600,304.13,304.13,301.73,303.33,296.10128743646857,290.16871256353147,308.4774915192755,301.7654769341339,315.6932093970595,289.30369383599145,69053791
1572615000,304.92,306.19,304.74,306.14,296.87137490065913,291.3586250993409,307.0563428033001,301.2843010977719,315.18605560094034,288.8903725358596,71141515
1572877800,307.85,308,306.96,307.37,297.74571084988105,292.2942891501189,308.4157328467091,303.44717891970953,317.46329849853333,290.44762539891343,60606916
1572964200,307.59,307.9195,306.71,307.03,297.92343691694145,292.46656308305853,309.6222597417452,304.42885734246425,318.53590933581177,291.08132889278414,43033885
1573050600,307.03,307.4,306.06,307.1,297.83473363510564,292.55526636489435,308.3380325725265,304.4101416844363,318.3892759600107,290.9988412950937,46487108
1573137000,308.57,309.65,307.66,308.18,298.6537225590345,293.38627744096544,308.8820676696674,305.12540127522016,318.55724219890277,291.1032675308361,54272274
1573223400,307.8,309.0036,307.03,308.94,298.6075890703821,293.43241092961784,310.3020749120751,306.09563691101283,319.5214959964724,291.708075870607,49068797
1573482600,307.42,308.54,307.27,308.35,298.5530569204319,293.48694307956805,311.1403709884803,307.073183980772,320.2367457073928,292.1700537029631,35934909
1573569000,308.75,309.99,308.15,309,298.443450594035,293.936549405965,310.9836624426849,306.7760128818247,319.87406589308563,291.94551297480865,46484624
1573655400,307.91,309.54,307.66,309.1,298.9873374979762,294.4726625020238,311.6576852304654,307.4614999901768,320.500695971625,292.3598863643577,54459018
1573741800,308.79,309.64,308.09,309.55,298.9306959585528,294.5293040414473,311.89533389759725,307.6667955558399,320.6840518561173,292.48789111460013,52001874
1573828200,311.02,311.84,310.26,311.79,299.836499590446,295.47350040955394,312.38896050521635,308.12354945786865,321.1494308934052,292.80559265711184,62706192
1574087400,311.53,312.28,311.03,312.02,300.033131836874,295.716868163126,314.3558306078846,309.97632403640495,323.0765243658233,294.1180680123094,49327980
1574173800,312.68,312.69,311.22,311.93,300.22412595959025,295.93587404040983,314.67942470408246,310.282027492461,323.3685444122689,294.3359048087724,67927818
1574260200,311.28,311.85,309.06,310.77,300.2308896011652,295.9291103988349,314.7154602855007,310.534650635805,322.35774586961844,294.3718440542916,79696276
1574346600,310.89,311.01,309.39,310.27,300.6552885516186,296.8547114483814,313.80598387507035,309.49445559552726,321.45211257395175,293.78500981950253,54664690
1574433000,311.09,311.24,309.85,310.96,300.62013837899053,296.88986162100946,313.65796698107636,309.5287980826992,319.61774662081484,293.5628118115752,44850228
1574692200,311.98,313.37,311.98,313.37,300.9674328208266,297.22256717917344,313.4081431000325,310.10345447944275,319.52051219780896,294.03632388824764,48762676
1574778600,313.41,314.28,313.06,314.08,301.4134185507899,297.68658144920994,315.0804096793743,310.7825636723585,321.7529197454472,295.5448993646609,37727953
1574865000,314.61,315.48,314.37,315.48,301.9704195512826,298.32958044871737,315.77422344344905,311.2317264001593,322.445537602238,296.05374831403043,44793179
1575037800,314.86,315.13,314.06,314.31,301.9787519727908,298.3212480272091,317.08953094269077,312.08237496503517,322.6858267293521,296.98818179616694,36592740
1575297000,314.59,314.66,311.17,311.64,301.9960216390989,298.30397836090106,316.291065527938,311.6494536425522,321.7522729779806,296.3566271550262,76110027
1575383400,308.65,309.64,307.13,309.55,301.9775107872718,298.3224892127282,315.929033003841,310.0138008111787,319.4637165730841,294.7707478563406,75172709
1575469800,310.7,312.12,310.32,311.46,301.93186464121464,298.3681353587853,315.6643815058084,308.4251327819878,318.5252261132402,293.5106204498051,49190402
1575556200,312.23,312.25,310.58,312.02,301.93232925389145,298.36767074610856,316.13113140999894,309.0223111567802,319.84731788473755,294.772934865674,40781669
1575642600,314.12,315.31,314.11,314.87,301.9597029039739,298.3402970960261,316.4388729834935,308.16378899013245,320.4390882786937,295.18641652724506,48956767
1575901800,314.44,315.18,313.8,313.88,301.96552492548,298.33447507451996,318.2597691159226,309.19983932941045,322.69231367445065,297.079791741928,34904315
1575988200,313.82,314.55,312.81,313.53,301.9510421361627,298.34895786383726,317.7865214246676,308.6078927814694,322.0544881423337,296.80578955845596,53109165
1576074600,314.03,314.7,313.4393,314.42,301.94982247380716,298.35017752619274,317.65867215023945,308.309547150396,322.111570319591,297.07532625807386,53521450
1576161000,314.43,317.99,314.17,317.13,303.2358645818561,299.5741354181438,318.37042339264843,308.80641250870065,322.9003337269151,297.75049302736204,96585802
1576247400,316.87,318.67,316.02,317.32,303.5718041894495,299.9181958105505,320.42946673341106,310.61595719419716,325.0487255923477,299.7683322340484,81546487
1576506600,319.22,320.15,319.17,319.5,304.3291518027486,300.64084819725144,320.7029414664985,310.7953652814771,325.2926099368312,300.1975823185434,82836128
1576593000,319.92,320.25,319.48,319.57,304.3796176379536,300.69038236204636,322.3794632476858,312.4259010137637,327.3668701506897,304.4903685385246,61131769
1576679400,320,320.25,319.53,319.59,304.3795213202969,300.69047867970306,321.9614099336316,312.55601072189006,327.5007162050493,304.97153831996167,48199955
1576765800,319.8,320.98,319.5246,320.9,304.70734049131374,301.0926595086862,322.2537708812147,312.6391428751428,327.5858550005472,306.2047006768768,85388424
1576852200,320.46,321.9742,319.3873,320.73,305.2077735087649,301.5864264912351,323.47931260367363,313.71745238640545,328.8642667132748,307.32103794629944,149338215
1577111400,321.59,321.65,321.06,321.22,305.1740243185957,301.62017568140436,323.56927158301045,314.970935207458,328.7706868510213,308.16313362696644,53015641
1577197800,321.47,321.52,320.9,321.23,305.1657764534408,301.62842354655925,324.14639000083486,318.41011191119327,329.2883662831258,309.58880765338705,20270007
1577370600,321.65,322.95,321.64,322.94,305.658608752922,302.11139124707796,324.32430443596,318.78938237195314,329.4146019811214,309.6405496106713,31024188
1577457000,323.74,323.8,322.28,322.86,306.068105227585,302.551894772415,325.55870511324315,320.30540922846495,331.0136905704244,315.1145449060268,42554820
1577716200,322.95,323.1,320.55,321.08,306.083163231419,302.536836768581,325.79403654536253,320.32727495491486,330.9978841560168,315.38308729942526,49782730
1577802600,320.53,322.13,320.15,321.86,306.00840505435076,302.61159494564924,324.785457406583,318.874544175238,329.94911302691133,313.7218302402308,57106998
1577975400,323.54,324.89,322.53,324.87,306.4101841288761,303.29981587112394,325.5196554975402,320.96219532827837,330.6925556519851,314.47372930628086,59253833
1578061800,321.16,323.64,321.1,322.41,308.2770126474317,305.1029873525682,327.91973133287553,322.0422422541817,333.0534865068034,317.46254607140594,77783566
1578321000,320.49,323.73,320.36,323.64,308.21185051216224,305.1681494878378,325.9593249303267,320.7595102753196,331.46819364211404,315.4163625799274,55761948
1578407400,323.02,323.54,322.24,322.73,308.20430424877895,305.17569575122104,325.779457639492,321.53699353094885,330.82067418250614,316.50696198072575,42854811
1578493800,322.94,325.78,322.67,324.45,308.5854494453243,305.85045055467566,325.9541076677794,320.92581642733154,329.1557230806976,315.75990786305744,68434153
1578580200,326.16,326.73,325.52,326.65,310.2211195039016,307.5088804960984,327.12814433367623,322.19751963378087,329.2322849220758,317.2826442797593,48569601
1578666600,327.2899,327.46,325.2,325.71,312.88073605622134,310.1492639437786,328.8863553610619,323.420235922726,330.95754251807733,319.23387421549035,53057389
1578925800,326.39,327.96,325.92,327.95,313.10443852559837,310.42556147440166,328.36633234537123,323.0940730913732,330.30377454956044,318.4541866609503,47262010
1579012200,327.47,328.62,326.844,327.45,314.14025531397414,311.44974468602595,330.25553996819826,324.45632709546004,332.173174606209,320.4556060930157,63036384
1579098600,327.35,329.02,327.26,328.19,314.31099901630387,311.69900098369607,330.0060017981314,324.31453756962804,331.89293928039746,320.05633042023356,72056598
1579185000,329.7,330.92,329.45,330.92,315.2857657671954,312.62423423280467,330.73430455385846,324.90867623997525,332.61755426092003,320.7471293894946,54050328
1579271400,331.7,332.18,330.8539,331.95,315.9187016606136,313.2512983393865,333.16522562993384,326.66584452181627,334.9266055587735,323.2031378343693,95846017
1579617000,330.9,332.18,330.82,331.3,316.6604604023829,314.0145395976171,334.18605725368786,327.47128720993373,335.8999113416973,324.10942113748484,77742415
1579703400,332.24,332.95,331.17,331.34,317.0326651502897,314.41233484971025,333.70474234077693,327.4871200761764,335.4543207085988,323.6239199247271,48914899
1579789800,330.63,332.1682,329.41,331.72,317.0183092040163,314.42669079598363,333.83857718039803,327.6423130353304,335.6756699502143,323.69825994467465,52004140
1579876200,332.44,332.53,327.36,328.77,317.5673611306263,314.84273886937376,334.4355747896301,328.04442394309945,336.14100224571166,324.07531338826203,87578442
1580135400,323.03,325.12,322.66,323.5,317.84572137570035,314.7848786242996,333.9667763063619,325.81248202250595,334.1981143305675,321.46036648717507,84062463
1580221800,325.06,327.85,323.6038,326.89,318.9146513299543,315.7653486700457,332.2054723549662,322.5991102816813,333.822041239664,316.73667541432906,63833953
1580308200,328.38,328.63,326.4,326.62,318.906973543951,315.7730264560491,333.7055357219314,322.60619604779527,334.8004548639838,319.8160052292818,54040889
1580394600,324.36,327.91,323.54,327.68,318.90793947035013,315.7720605296499,333.73320831137937,321.6105144646025,335.1366010406732,319.59282341724133,75491844
1580481000,327,327.17,320.73,321.73,319.0872380698058,315.5927619301943,333.65363134873587,321.063931486771,335.74823456642736,320.57399111598124,113845576
1580740200,323.35,326.16,323.22,324.12,320.6133855529048,317.07661444709527,329.8727884092625,316.9364565947262,334.58475688055836,315.18462382586097,69242293
1580826600,328.07,330.01,327.72,329.06,321.33586892760644,317.67413107239355,330.8920800594189,318.1335019556292,335.49292744140024,317.37252461607113,62573190
1580913000,332.27,333.09,330.67,332.86,321.449033064881,317.7009669351189,333.2054877527592,320.9848004281366,337.20489103286485,320.9848004281366,65951146
1580999400,333.91,334.19,332.8,333.98,322.0015854131081,318.24841458689184,336.31231128090917,321.76747705529505,338.69287063552093,321.76747705529505,50359688
1581085800,332.82,333.9941,331.6,332.2,322.5079565183954,318.7120434816046,337.0058117986539,322.12621431325607,339.43937369638934,322.12621431325607,64139443
1581345000,331.23,334.75,331.19,334.68,322.8037390706202,318.97626092937975,337.1147624851472,321.65077620953286,339.24830991846625,321.65077620953286,42070006
1581431400,336.16,337.02,334.684,335.26,323.9953084319443,320.1546915680557,339.458632395065,322.5692800823512,340.45734433670316,322.5692800823512,54864533
1581517800,336.83,337.65,336.43,337.42,324.3185514863541,320.46144851364585,340.74313321677886,323.3084123782571,341.03969520381247,322.9047326550402,43992662
1581604200,335.8621,338.12,335.56,337.06,324.55736184861814,320.69263815138186,342.8704756443542,324.625727400821,342.8704756443542,323.94870077994955,54501922
1581690600,337.51,337.73,336.2,337.6,324.5568948097875,320.6931051902126,343.2933200664636,324.60009116501607,343.2933200664636,323.9450051327888,64582210
1582036200,336.51,337.6677,335.21,336.73,324.56354597598175,320.68645402401825,344.20499991387226,327.3098906060394,344.20499991387226,324.3437200236941,57342526
1582122600,337.79,339.08,337.48,338.34,325.03667082428973,321.1733291757103,343.99712472051,329.2322823746774,343.99712472051,324.03347719551357,48814692
1582209000,337.7423,338.64,333.6817,336.95,325.04890932438354,321.1610906756165,345.5888130478662,330.62701350636013,345.5888130478662,324.9947804411847,74163362
1582295400,335.47,335.81,332.58,333.48,325.10356023942705,321.106439760573,344.8153268100658,330.10402415158546,344.8153268100658,324.3522279465825,113788208
1582554600,323.14,325.85,321.24,322.42,325.54181286427513,320.6681871357249,342.5239093373531,326.9789643564358,342.5239093373531,322.45144999092764,161088409
1582641000,323.94,324.61,311.69,312.65,325.85033112368563,320.35966887631434,338.09758718523443,321.72952338587726,338.7531229876963,315.1804046523237,218913168
1582727400,314.18,318.11,310.7,311.5,325.8532039207633,320.3567960792367,334.3351213892184,312.65,337.5615515070031,306.4877680792288,194773819
1582813800,305.46,311.5637,297.51,297.51,321.5446797742709,315.04532022572903,331.55178867508215,307.49866475981304,337.4176785613257,305.38735306008795,284353460
1582900200,288.7,297.892,285.54,296.26,315.49888261568606,309.1211173843139,323.41181535083393,297.4629430624847,334.54984347458463,292.7433417372996,385764020
1583159400,298.21,309.16,294.46,309.09,315.9147981424015,308.7052018575985,320.18585056782945,290.49516596299566,334.0649977191271,290.49516596299566,238703625
1583245800,309.5,313.84,297.57,300.24,316.0833957898618,308.53660421013825,325.3645758906496,289.4623344298062,336.97626237414,289.4623344298062,300139150
1583332200,306.12,313.1,303.33,312.86,316.40898131015194,308.211018689848,317.4846722235479,283.98661762203466,334.45710307631526,283.98661762203466,176613448
1583418600,304.98,308.47,300.01,302.46,316.6097880301418,308.01021196985823,323.0868987110544,286.8061769404553,337.4957186963794,286.8061769404553,186366809
1583505000,293.15,298.78,290.23,297.46,316.64831796773234,307.9716820322677,313.6833858521038,281.06330490559833,334.3044776987364,281.06330490559833,228667168
1583760600,275.3,284.19,273.45,274.23,311.5180680066275,301.0119319933725,312.9555748482849,277.1096301224122,332.5811410349564,277.1096301224122,309417350
1583847000,284.64,288.52,273.5,288.42,311.8750904249158,300.6549095750842,300.794207542211,262.4375436002558,323.88384699181137,262.4375436002558,276444060
1583933400,280.7,281.94,270.88,274.36,310.86544775211,299.09455224789,307.459329408109,269.4573440330025,328.65289056197105,269.4573440330025,256416563
1584019800,256,266.66,247.68,248.11,300.09379663606575,286.66620336393424,298.0402742340799,259.5194750510656,321.93197356001417,259.5194750510656,392220670
1584106200,263.09,271.4754,248.5237,269.32,300.7911165319207,285.9688834680793,278.6122029870127,240.75446022594915,308.78997379447526,240.75446022594915,329566100
1584365400,241.18,256.9,237.36,239.85,296.55604796353435,279.8839520364657,292.6180884431066,241.46261591438522,317.72799617529745,241.46261591438522,297240030
1584451800,245.04,256.17,237.07,252.8,296.654769082983,279.49523091701695,269.1403232769051,228.9524345672269,301.87874764830735,228.9524345672269,262070471
1584538200,236.25,248.37,228.02,240,292.15767635949817,274.94232364050185,278.1850148672568,228.0716299817814,307.71150415685725,228.0716299817814,327597130
1584624600,239.25,247.38,232.22,240.51,292.1592842599431,274.94071574005693,266.80366652299455,218.57137304246982,299.3536632492461,218.57137304246982,289322040
1584711000,242.53,244.47,228.5,228.8,292.30632193892745,274.79367806107257,266.25040959217847,216.78517555200824,298.5274792367139,216.78517555200824,347158790
1584970200,228.19,229.6833,218.26,222.95,287.298628018777,270.04137198122294,253.09768976134418,207.60095195536087,290.19596237435127,207.60095195536087,326025170
1585056600,234.42,244.1,233.8,243.15,287.87976541944425,269.46023458055566,244.64370822570118,202.1420875443905,285.17015992087494,202.1420875443905,235494475
1585143000,244.87,256.35,239.75,246.79,287.9020134112584,269.4379865887416,263.70888563804016,213.03575225923743,296.02797893764966,213.03575225923743,299430255
1585229400,249.52,262.8,249.05,261.2,288.1421585286028,269.1978414713971,267.1799825927155,212.4304663927122,297.22195049569973,212.4304663927122,257632816
1585315800,253.27,260.81,251.05,253.42,288.1832343118964,269.1567656881035,281.28279228641975,212.18023180548244,305.427223175975,211.00339882230207,224341217
1585575000,255.7,262.43,253.53,261.65,288.26405161272726,269.07594838727266,273.7196964299903,210.12849475532087,299.39603952387245,208.39260743612178,170961866
1585661400,260.56,263.33,256.22,257.75,288.27241275621617,269.0675872437838,281.9540677557768,210.66762989481066,302.9761302096638,206.77873894044194,194881060
1585747800,247.98,257.6591,243.9,246.15,288.38340266653665,268.95659733346326,279.86947877498136,208.7739834862515,299.98872890486535,204.59376516140105,189554623
1585834200,245.19,252.68,244.59,251.83,288.4179771677313,268.9220228322686,274.6819968675056,209.31933574331293,290.8778220192343,201.12209554590325,177660430
1585920600,250.76,253.32,245.22,248.19,288.4241195544797,268.91588044552026,280.20150631560404,211.49291003684914,293.9232316083574,200.3373169751284,135561171
1586179800,257.84,267,248.1698,264.86,288.7142665324308,268.6257334675691,278.6155747217302,209.40523456217343,289.71365767555426,198.06141708778796,188061238
1586266200,274.21,275.03,264.89,265.13,288.71532652044505,268.6246734795549,293.1106854503734,228.05341367377278,299.1650884108203,199.31166107445765,201427189
1586352600,267.96,276,265.2542,274.03,288.7900604719847,268.5499395280152,294.58134679380856,228.44920430063286,298.8593934056124,198.0050492797684,153774487
1586439000,277.58,281.2,275.47,278.2,288.8038185074381,268.5361814925618,303.2871833661456,246.56914528218277,303.2871833661456,197.50933466348746,190282705
1586784600,277.14,277.51,271.41,275.66,288.8064414981956,268.5335585018043,308.0364581643715,251.70851097055265,308.0364581643715,196.81082756888088,115139268
1586871000,280.98,284.9,275.5106,283.79,288.8614824429334,268.4785175570666,306.7718156634353,253.47435894387488,306.7718156634353,195.63687070979165,134143350
1586957400,277.57,279.26,275.46,277.76,288.8832914091744,268.45670859082554,315.03001950256487,257.52072867566983,315.03001950256487,195.56107544700217,121775006
1587043800,279.15,280.03,275.76,279.1,288.8851808895871,268.4548191104128,292.7212668443558,255.68833989171753,310.29250389873096,194.1132328741353,131798325
1587130200,285.38,287.3,282.4,286.64,288.92919719822436,268.41080280177556,294.5783049928142,256.91179169483775,312.22905342129377,193.49160866752308,146684784
1587389400,282.61,286.7912,281.35,281.59,288.9414535531362,268.3985464468637,301.26786327260095,261.33883589493206,320.02179132833953,193.7455869307408,100224647
1587475800,276.73,278.04,272.02,273.04,288.98831956097933,268.3516804390206,299.51114379624244,260.80942973444064,315.79465899720685,192.41625618238047,126385698
1587562200,278.35,281,276.91,279.1,289.02459287599845,268.31540712400147,295.4267251229092,254.81511620012813,307.9722598619245,190.3576538898041,93524584
1587648600,280.49,283.94,278.75,279.08,289.0241187335495,268.3158812664504,300.1307897586666,264.10910791444576,314.33635326340266,190.73288438487344,104709693
1587735000,280.73,283.7,278.5,282.97,289.0377121749263,268.30228782507356,301.3784043428274,271.6391961820132,314.7236182831539,190.11795190114472,85165953
1587994200,285.12,288.27,284.62,287.05,289.04212247388165,268.29787752611827,304.9947966839139,270.6737386581907,318.9762576117877,190.22698858216413,77896608
1588080600,291.02,291.4,285.4,285.73,289.0333202755015,268.3066797244984,308.82423867803016,272.96008866953497,323.43366088039147,190.4131212317721,105283871
1588167000,291.53,294.88,290.41,293.21,289.0789985252588,268.26100147474114,299.05504792043916,272.1006034553154,322.4654183313725,189.68966276802485,118745579
1588253400,291.71,293.3239,288.59,290.48,289.0808542290791,268.25914577092084,305.2812334054913,277.2962415543169,330.3685697260526,190.614302860277,122901701
1588339800,285.31,290.6572,281.52,282.79,289.10157573270936,268.23842426729055,297.7530710866397,275.5011010966343,327.9345751463484,189.6990825801602,125180028
1588599000,280.74,283.9,279.13,283.57,289.0976422647972,268.24235773520275,295.50312707900844,269.808731955406,320.36286438696857,187.70980454573635,80873213
1588685400,286.64,289.25,283.7134,286.19,289.0875932679731,268.2524067320268,296.62659408646846,270.34119348743906,321.41478966746365,187.44100553219153,79569938
1588771800,288.04,288.46,283.78,284.25,289.07741867238195,268.26258132761797,298.50996391639444,272.35359766951814,324.35859560278357,187.60885025842936,73632628
1588858200,287.75,289.78,287.13,287.68,289.0877581520055,268.2522418479944,298.2703344799678,270.79911270572916,322.5759322869307,186.77820680988467,75250412
1588944600,291.09,292.95,289.86,292.44,289.10763546621246,268.23236453378746,300.6703480204584,273.54738887726705,326.356239156409,187.2009660655263,76622128
1589203800,290.34,294,289.88,292.5,289.1025929233529,268.237407076647,304.01776144471046,277.44374669646385,331.5316655884033,187.97311946877227,79514231
1589290200,293.79,294.24,286.52,286.67,289.1203744110684,268.21962558893154,304.7163173433614,282.09331775668187,331.80658056330014,187.68020031936027,95870786
1589376600,286.06,287.19,278.965,281.6,289.12905235515876,268.21094764484116,301.51532111000995,277.7339917750613,325.8840621373613,185.93777652307577,144721099
1589463000,278.95,285.11,276.37,284.97,289.1415457168592,268.19845428314073,294.78515111040065,273.68585367191525,322.1443807377391,184.2945133048185,121977890
1589549400,282.37,286.33,281.34,286.28,289.1435609736139,268.19643902638603,297.4577125755992,276.13543244690743,325.37468848696983,184.86062574159428,111146276
1589808600,293.05,296.75,292.7,295,289.2050134845073,268.1349865154927,295.7908792719741,277.06234244758326,327.10174671417906,185.15631909918832,120320229
1589895000,294.35,296.205,291.95,291.97,288.97767991850395,267.922320081496,301.95055165673995,281.7004542927137,335.35548799364176,188.88179628783416,95189316
1589981400,295.82,297.87,295.57,296.93,287.529975955156,266.54002404484396,299.0945109134031,281.05782696291044,332.8890625462534,193.91493622740623,85861691
1590067800,296.79,297.67,293.6886,294.88,282.3587180007165,261.75128199928355,302.7726699825269,282.4379310322766,337.71983066514133,200.06332427120662,78293925
1590154200,294.57,295.63,293.22,295.44,281.6573409077737,261.2126590922263,301.794139009282,282.92510715409543,336.5826276875067,199.09750694347332,63958200
1590499800,301.93,302.19,298.69,299.08,278.24491232217616,258.12508767782384,303.0994797595284,283.37607126389537,337.7124296803006,199.27167938567175,88951442
1590586200,302.12,303.57,296.87,303.53,276.04249156506455,256.05750843493536,306.2291874181953,285.95186815580246,341.2922490122265,200.8217760823087,104817449
1590672600,304.65,306.84,302.24,302.97,275.92357156389477,256.17642843610514,310.10033720152694,289.2406796764588,345.55150964725516,202.7512348836863,90767807
1590759000,302.46,304.96,299.47,304.32,275.9233355798437,256.1766644201562,310.4060599686615,289.0530164020597,345.7737857873132,202.46559743352336,119265702
1591018200,303.62,306.205,303.06,305.55,275.82200834874527,256.27799165125464,312.02727990148225,290.22852131259316,347.53023578488603,203.03871223524024,56779836
1591104600,306.55,308.13,305.1,308.08,275.39328549830833,255.96671450169165,313.5191351931209,291.3288853713027,349.18182290969423,211.73564364712453,74267162
1591191000,310.24,313.22,309.94,312.18,275.36797647054823,256.11202352945185,316.0124656676773,294.2483318452405,351.91465021805374,217.2692564722377,92567574
1591277400,311.11,313,309.08,311.36,275.30084265123776,256.17915734876226,319.79610579296804,304.835241697446,355.9780026579395,228.03318938271468,75794363
1591363800,317.23,321.275,317.16,319.34,279.4908400774652,260.04415992253485,319.57843970916053,306.2222278780629,355.90037050536176,227.6197195185548,150524674
1591623000,320.22,323.41,319.63,323.2,280.1815077810324,261.4884922189676,326.428983850457,312.0259188423261,363.2940271106391,246.61490860104146,73641217
1591709400,320.3,323.2849,319.36,320.79,280.0409094115965,261.6290905884036,330.28398547301254,315.2511711271014,367.581997971276,256.1363418172443,77479228
1591795800,321.42,322.39,318.2209,319,279.8719393765198,261.7980606234803,325.7933087722201,314.09855209660407,365.77135350089634,254.56567080704468,95000766
1591882200,311.46,312.15,300.01,300.61,279.42187397075145,262.2481260292486,327.25182157613034,314.12799349277327,364.80336128813104,273.8869848407803,209243560
1591968600,308.24,309.08,298.6,304.21,278.9880264501899,262.68197354981015,323.63118429919473,298.2805485447439,349.0784166163716,259.3666677443792,194678879
1592227800,298.02,308.28,296.74,307.05,277.9119206986537,263.75807930134636,325.1733928621948,297.63537346641465,352.73308546499317,278.1862464234419,135782724
1592314200,315.48,315.64,307.67,312.96,277.7322261652265,263.93777383477357,326.73466925300704,294.2456626420888,355.7211295983019,281.27138121516896,137627502
1592400600,314.07,314.39,310.86,311.66,277.4704434216599,264.19955657834015,328.71492468879427,295.3216954587442,361.49009710543146,290.3458889426211,83398944
1592487000,310.005,312.3,309.51,311.78,277.4713214174155,264.19867858258453,327.3982086387576,293.9342194394877,360.7606826438866,289.3014710910318,80828658
1592573400,314.17,314.38,306.53,308.64,277.2262731904289,264.44372680957116,327.7621524569809,293.39510827595126,345.3650484798613,289.4712134898877,135549624
1592832600,307.99,311.05,306.75,310.62,285.0896849988069,272.12031500119315,325.4773117990818,291.01902514579854,342.4010782960055,286.83155625359785,74649389
1592919000,313.49,314.5,311.6101,312.05,287.45086556639785,275.70913443360223,326.359821244305,291.81280539907686,344.51153411748703,288.5978025901253,68471246
1593005400,309.84,310.51,302.1,304.09,289.6488106912457,277.66118930875433,325.9354300965348,292.4274526679225,346.0826492527877,291.1307901570916,132813492
1593091800,303.47,307.64,301.28,307.35,289.33875953095605,277.971240469044,316.46545439080705,286.6897637302972,338.49389132292055,283.9965966606472,89467968
1593178200,306.16,306.39,299.42,300.05,289.297132194403,278.01286780559707,319.3519803317289,288.6466628217874,341.83020785176046,288.6466628217874,127961017
1593437400,301.41,304.61,298.93,304.46,289.21502477495574,278.09497522504427,312.2830909946248,283.0877541692165,336.2132474531588,283.0877541692165,79773260
1593523800,303.99,310.2,303.82,308.36,289.1909443660633,278.11905563393674,315.749422549595,286.036741512934,338.94286104734056,286.036741512934,113394772
1593610200,309.57,311.89,309.07,310.52,289.25597972303785,278.74402027696215,318.96376030226753,289.94973922556517,342.9988839838045,288.7345984745828,72396542
1593696600,314.24,315.7,311.51,312.23,289.53183399334273,279.0981660066573,320.8638493187992,292.6398941176831,338.12627095478234,290.21363835768125,69344217
1594042200,316.37,317.68,315.56,317.05,291.00958719896255,280.5702128010374,322.43254389544336,299.5630166577894,339.59149608524365,291.4035165401472,61713828
1594128600,315.38,317.52,313.37,313.78,299.03743985581104,289.2625601441889,324.2929975540585,301.1605710222973,342.9819736337301,295.0390779306878,82909963
1594215000,314.61,316.3,312.7,316.18,299.2254906331571,289.43870936684294,319.37298711160406,300.09243756679194,341.41401810597677,292.43646488097426,54638596
1594301400,316.84,317.1,310.68,314.38,302.2302089136264,292.5897910863736,321.7790878850704,301.13438141417754,343.3612614307113,294.2622476257021,83354158
1594387800,314.31,317.88,312.76,317.59,302.2150797746903,292.60492022530974,322.53880203501825,301.17010857771066,342.60658762253075,292.7869499741273,57550365
1594647000,320.13,322.71,314.13,314.84,302.52347214458143,292.90652785541863,325.0686335950392,303.06532109535704,345.1147041783439,295.3035476087659,102997484
1594733400,313.3,319.76,312,318.92,302.4326559973505,292.99734400264964,324.61661311184724,301.8470526582653,343.65418493632166,293.05882132155256,93656951
1594819800,322.41,323.04,319.265,321.85,302.35659839713634,293.0734016028637,327.6542965071875,304.92554382959577,346.7967988879319,296.32201179902677,87196524
1594906200,319.79,321.28,319.09,320.79,302.3603273333385,293.06967266666163,330.1816772335222,307.23841637803065,349.196274465613,298.6548029708626,54622520
1594992600,321.88,322.57,319.735,321.72,302.26761131185765,293.1623886881424,330.222381713365,312.09814813920946,348.8401587168576,297.81310884319237,62774911
1595251800,321.43,325.13,320.62,324.32,303.0851963327216,294.0648036672784,331.4378445596483,313.0064287637533,349.85955426023594,298.54736517063975,56308749
1595338200,326.45,326.93,323.94,325.01,306.0269834743653,297.27301652563466,333.78468816608466,318.37504797499224,352.0769858283401,299.6741989383547,57498967
1595424600,324.62,327.2,324.5,326.86,306.1034668322467,297.4665331677532,332.5184173322807,319.0733558081955,352.9371581645148,300.0075145992856,57792915
1595511000,326.47,327.23,321.48,322.96,306.15230417561145,297.4476958243886,332.13511376661694,320.423547102937,354.6421757144789,300.9048189181767,75737989
1595597400,320.95,321.99,319.246,320.88,306.1419472014485,297.45805279855153,328.0159547564094,318.4067893981222,352.10356059712035,299.06186354787854,73766597
1595856600,321.63,323.41,320.775,323.22,306.1211208956795,297.4788791043205,328.15997588150873,317.25938506539376,350.84590482582405,297.83996103819425,48292970
1595943000,322.43,323.64,320.85,321.17,306.12543430004354,297.47456569995654,329.38682057014574,318.8825528311596,352.90296531225755,299.1893432219683,57494979
1596029400,322.12,325.73,322.075,325.12,306.04602822662065,297.5539717733794,329.1349883355702,318.0768821542387,351.6165596890046,298.0722504521691,48454159
1596115800,321.9,324.41,319.64,323.96,306.029957882251,297.57004211774904,331.20787348897534,319.81089335992027,354.929958191695,300.2074864826629,61861714
1596202200,325.9,326.63,321.33,326.52,305.89145415272117,297.7085458472788,331.1167120348142,318.9405339205606,354.30466528421397,299.59467493517485,85210755
1596461400,328.32,329.62,327.73,328.79,307.1063926514476,298.88360734855246,332.80683460550716,320.58799089530066,356.5719675398256,301.02289671165363,53077948
1596547800,327.86,330.06,327.86,330.06,307.32137473573005,299.1086252642701,334.4567579035406,322.0481548293194,358.6279843630981,302.329683200761,41917893
1596634200,331.47,332.39,331.18,332.11,308.4897477584415,300.2702522415584,333.6437880599733,322.8345338255459,359.9060802204865,303.10291240895106,42866354
1596720600,331.4799,334.46,331.13,334.33,309.52548928355225,301.30451071644774,335.04479044448675,324.1609190614854,361.80990033324497,304.3428584596457,43679447
1596807000,333.28,334.88,332.3,334.57,309.7025042340549,301.5474957659451,336.9112798085817,325.7115387812939,363.86064956136045,305.7086996328744,57308270
1597066200,335.06,335.77,332.955,335.57,310.1528708194096,301.9871291805904,337.25239422782437,326.094418409927,364.32959792803956,305.93779703991817,44282089
1597152600,336.85,337.54,332.01,332.8,310.97772823338227,302.9322717666178,338.03658500350866,326.96153754581866,363.1879604081013,306.6194129321978,69600882
1597239000,335.44,338.28,332.8377,337.44,311.29771816100254,303.3522818389975,337.87791548278574,325.24310585960217,360.6414272472558,305.03498176438046,53826128
1597325400,336.61,338.2514,335.83,336.83,313.80293151321007,305.8170684867898,340.4296424090392,328.6475826254278,360.96940134774314,307.93270132903433,41816146
1597411800,336.41,337.42,335.62,336.84,319.1768516276762,311.0531483723238,341.0022288847671,332.1252011072825,360.6279451849992,307.65162310636157,47260390
1597671000,337.94,338.34,336.8517,337.91,319.05636149779053,311.23363850220943,341.726541251424,333.7037398858206,359.4739031558946,307.74418499835946,35480974
1597757400,338.34,339.1,336.61,338.64,320.05183970508403,312.2681602949161,342.8953370243999,334.63948015012903,360.5636561403775,308.49870379626657,38733908
1597843800,339.05,339.61,336.62,337.23,320.27423068020073,312.5557693197993,343.8686047640281,335.3190571450905,361.3492836778732,309.04667211183886,68054244
1597930200,335.36,338.8,335.22,338.28,320.25762427378226,312.5723757262178,343.0205521223137,334.19701609054385,357.3127602181953,308.23254283426155,42207826
1598016600,337.92,339.72,337.55,339.48,322.0950261820086,314.36497381799137,344.0613776988476,335.13592704666434,355.7211060098274,308.98500954186477,55106628
1598275800,342.12,343,339.4504,342.92,323.74681967823756,315.99318032176245,343.98070291418543,336.2291288720685,356.91673073553045,309.8421887542354,48588662
1598362200,343.53,344.21,342.27,344.12,324.3256440156748,316.62435598432523,346.5267028290661,339.1722328508262,359.465823763137,312.16794564753815,38463381
1598448600,344.76,347.86,344.17,347.57,326.1825181921694,318.4174818078306,347.73365068040016,340.158172271511,360.036058760198,313.0504159360318,50790237
1598535000,348.51,349.9,346.53,348.33,327.2136940695408,319.4263059304592,351.01036511738084,341.894064324623,361.4281016416633,315.42120405435156,58034142
1598621400,349.44,350.72,348.15,350.58,327.6317838798722,319.8282161201278,351.8290763313291,342.76493874040324,361.48342442943044,316.035096948863,48588940
1598880600,350.35,351.3,349.06,349.31,327.9241613211356,320.1158386788644,354.0305400792973,344.61388191632454,363.70011362852455,317.64280383619166,66099183
1598967000,350.21,352.71,349.24,352.6,328.62226864057834,320.8277313594217,352.93848351949686,344.4477885251083,362.66072956748184,316.9091405357388,54999325
1599053400,354.67,358.75,353.43,357.7,331.7063839991468,323.7836160008532,356.1235918767979,346.8356955820663,365.84665288570056,319.2310340015675,69540035
1599139800,355.87,356.38,342.59,345.39,331.87371441036805,323.61628558963196,359.11155369392,350.1229903905474,370.7252988601382,325.3516519819565,148011129
1599226200,346.13,347.83,334.87,342.57,331.86682978285427,323.62317021714574,358.23642891660717,343.3808234843271,359.36154344478666,318.74709982222345,139156281
1599571800,336.71,342.64,332.88,333.21,332.01760390651714,323.47239609348287,358.27241566328837,340.83660372943945,359.2284565022376,323.7923450455447,114465322
1599658200,337.55,342.46,336.61,339.79,332.07915701674926,323.41084298325075,355.9196869351579,332.2044433692269,358.93752798541993,316.29153039305254,91462290
1599744600,341.82,342.53,332.85,333.89,331.3652479379339,324.1247520620661,357.97814538481435,330.6305677769856,360.55866305189375,321.68628569408037,90569548
1599831000,335.82,336.97,331,334.06,331.34031007149235,324.14968992850766,355.78155948875997,324.00956214252534,360.3201602288621,316.94249346573935,84680194
1600090200,337.49,340.38,334.2208,338.46,332.464737458894,325.2152625411061,355.223600878228,321.78840275526903,360.96161519743964,318.67276363792485,65605686
1600176600,341.12,342.02,338.4683,340.17,332.39352227014757,325.28647772985244,356.6977391247515,322.4757002880309,362.4579980346347,322.4757002880309,52920862
1600263000,341.51,343.06,338.52,338.82,332.3930374994695,325.2869625005306,355.80248456779753,322.4545274740005,363.4727234653936,322.4545274740005,82211256
1600349400,333.56,337.6996,332.991,335.84,332.4173501842356,325.2626498157645,354.0373511174668,320.9145466223439,363.8098831435881,320.9145466223439,91523339
1600435800,335.37,335.49,327.97,330.65,332.45374982653965,325.2262501734604,349.33146697693724,318.37504805300455,363.65736399187523,318.37504805300455,105877942
1600695000,325.7,327.13,321.73,326.97,332.48164606793574,325.1983539320643,344.01982543414,314.29075241901955,362.7402074165627,314.29075241901955,99450829
1600781400,328.57,330.9,325.86,330.3,332.4985913132707,325.18140868672936,338.10326994476895,311.1233437757995,362.0543171039882,311.1233437757995,63612107
1600867800,330.9,331.2,322.1,322.64,332.46997852343287,325.2100214765672,340.60403633430855,312.94902401802244,363.4966776187256,312.94902401802244,93112240
1600954200,321.22,326.797,319.8,323.5,332.4480194866351,325.231980513365,334.0373206291768,306.88982935081646,360.288935974261,306.88982935081646,76681332
1601040600,322.58,329.58,321.64,328.73,332.3488297952277,325.33117020477243,334.1738795126809,307.0588830921947,359.88673907936703,307.0588830921947,71069426
1601299800,333.22,334.96,332.15,334.19,334.83294481702677,327.73705518297317,337.2371354964492,319.09504563319535,361.4895279111178,310.6216226265613,64584614
1601386200,333.97,334.77,331.6209,332.37,337.46530125973726,330.3546987402627,340.7480522506363,320.4599789678768,363.34573999570284,314.49806150987524,51531594
1601472600,333.09,338.29,332.88,334.89,338.2806079936324,331.14939200636763,339.5205891308345,319.4107839460931,362.67511827961425,312.8662787656055,104081136
1601559000,337.69,338.74,335.01,337.04,338.28275284325207,331.14724715674805,340.91569888892667,320.0290575929002,363.97157771407404,314.6232471133593,88698745
1601645400,331.7,337.0126,331.19,333.84,338.2594634457349,331.1705365542652,342.7212004322491,320.7655501948979,365.14939331998954,316.14427155582234,89431112
1601904600,336.06,339.96,336.01,339.76,338.29523519207436,331.1347648079257,341.19216014152175,319.0712648510288,363.96874631776075,313.45576484667646,45713108
1601991000,339.91,342.17,334.38,334.93,338.3432685322579,331.08673146774214,346.0452354255528,321.9594700433208,366.8930178547857,315.8363762382393,90128883
1602077400,338.12,341.63,338.09,340.76,339.06279650911006,331.68720349089,342.9113716390424,319.2891819911964,364.90118907977273,313.7886487259336,56999597
1602163800,342.85,343.85,341.86,343.78,339.0574771077917,331.6925228922083,347.9022012344245,323.43747093111364,366.9767086044544,315.25194606312846,45242476
1602250200,345.56,347.35,344.89,346.85,339.0463718624247,331.7036281375753,350.77592945569836,327.85304319669854,368.8901808851,315.9580331763938,59528606
1602509400,349.59,354.02,349.06,352.43,342.649612071294,335.190387928706,353.73118185497566,334.8432673094028,370.8739243993592,316.82261415105063,80388533
1602595800,352.28,352.4651,349.09,350.13,342.6508581475134,335.1891418524865,358.856594553826,341.0106695595095,374.3369031856207,318.78656712559047,73255513
1602682200,350.75,351.93,347.14,347.93,342.7386847556185,335.2573152443815,357.2518255703614,340.1246935177961,373.2931571558935,317.7561295194045,57958749
1602768600,343.71,348.02,343.13,347.5,342.73954535352823,335.25645464647175,356.8175109210424,341.690241804065,372.24730038333576,316.68995715041405,60357659
1602855000,348.96,350.75,347.1,347.29,342.7286979197622,335.26730208023776,357.882347973332,341.546081431985,372.2215320137192,316.34424887198253,89501868
1603114200,348.65,349.33,341.04,342.01,342.7925121381887,335.20348786181125,358.6849879981102,341.471655340253,372.31524587728813,316.09664029134035,68425614
1603200600,343.46,346.88,342.64,343.38,342.7892505878633,335.2067494121367,356.24903568764637,336.88738096524645,369.21389761858734,313.44068111323656,60051880
1603287000,343.33,348.6847,342.4,342.73,342.7510631364477,335.24493686355225,357.44622032955715,338.132670893184,370.2519568127201,313.9096696648143,63574979
1603373400,342.96,345.24,340.65,344.61,342.9413369524247,335.4486630475752,357.3162612322937,337.5742368088955,370.00080921363593,313.40812477100275,55399292
1603459800,345.93,345.99,343.13,345.78,342.9333424325937,335.45665756740635,358.8882962646719,339.1004198680045,370.08989160145103,314.1998993981927,49143511
1603719000,342.13,342.98,335.62,339.39,343.0134250931455,335.3765749068545,359.9987752538946,339.0618031256371,371.0224661270384,314.667646488187,91473002
1603805400,339.76,340.12,337.99,338.22,342.9860814583003,335.4039185416997,355.39255829055713,334.5552905478696,365.3140610288796,311.12706170264084,65994108
1603891800,332.1,332.84,326.13,326.66,343.35038057181873,335.1996194281812,354.56407398680534,334.31705082075047,363.2168409923937,310.30784455973975,127094307
1603978200,326.91,333.395,325.09,329.98,343.359254692086,335.19074530791397,342.4805199626139,324.1561011246144,354.11390897063427,303.60705493301253,90596689
1604064600,328.28,329.69,322.6,326.54,343.37328625077464,335.1767137492253,341.8082614919868,323.78019347568306,355.41070804616066,305.2560551963058,120448685
1604327400,330.2,332.36,327.24,330.2,343.39775966875203,335.1522403312479,338.66670387652727,319.18217512511615,353.4892563804706,303.0174393157031,86068299
1604413800,333.69,338.25,330.2935,336.03,343.4562419243929,335.0937580756071,338.4613848269401,319.02908355771814,355.8107650747794,304.9423006199089,93294192
1604500200,340.86,347.94,339.59,343.54,343.5501478413487,334.9998521586513,341.8692385172584,321.03475047043725,359.58116609856285,308.20317243807676,126959700
1604586600,349.24,352.19,348.86,350.24,343.62451091555596,334.92548908444405,346.79500691910124,324.77712859000934,365.41769635880894,312.5163508708808,82039749
1604673000,349.93,351.51,347.65,350.16,343.62359716800023,334.9264028319997,351.96273909477503,326.4335604789286,369.11569560390956,316.40663596397064,74972973
1604932200,363.97,364.38,354.06,354.56,346.4857438128452,337.6942561871549,355.1308674833217,326.6662256597615,369.4405351194406,316.3087961654983,172304203
1605018600,353.49,355.18,350.51,354.04,346.4512763541971,337.728723645803,360.3083645265202,330.22018610428245,372.7395253221117,318.9156801494097,85552022
1605105000,356.4,357.56,355.06,356.67,346.45896044704807,337.721039552952,362.55976636504437,330.28865966797207,372.75065444675494,318.58014014932894,58649048
1605191400,355.58,356.7182,351.26,353.21,346.48255202568373,337.69744797431633,365.9209195287838,331.9968063581289,374.93209556749093,320.1706776167193,68118563
1605277800,355.27,358.9,354.71,358.1,346.5165218127751,337.66347818722494,365.6333500295321,330.30674900001935,372.8573272493265,318.02301727023047,62959429
1605537000,360.98,362.78,359.59,362.57,346.5434414491691,337.63655855083096,369.97540220986264,333.4197016542695,376.64308144351855,321.04943549676307,74541138
1605623400,359.97,361.92,358.34,360.62,346.5464216734043,337.6335783265957,374.17446704437157,342.18795291835477,380.2177147201282,323.84814764761956,66111009
1605709800,360.91,361.5,356.24,356.28,346.58081337664265,337.5991866233574,373.9540715824009,343.3211455711378,379.13786135415586,322.6448834298869,70591299
1605796200,355.6,358.18,354.15,357.78,346.5816443682979,337.59835563170225,371.68780575572794,350.5948093461144,376.2606951964646,319.8944638727483,59940947
1605882600,357.5,357.72,355.25,355.33,346.57528368146694,337.6047163185331,373.50860313420173,352.10131264910405,377.64948772837806,320.8519452751355,70411890
1606141800,357.28,358.82,354.865,357.46,346.5795505797646,337.60044942023546,372.57321916781314,352.05723932518,376.09647807224064,319.26557985053284,63230608
1606228200,360.21,363.81,359.29,363.22,346.61010239056446,337.5698976094356,373.45183358036974,353.2337561387218,377.95340877827465,320.64424917565896,62415877
1606314600,363.13,363.16,361.48,362.66,346.6106367283338,337.5693632716662,375.1802064234134,355.4599044366138,382.5919571850895,324.4084922432892,45330890
1606487400,363.84,364.18,362.58,363.67,346.6046227365632,337.5753772634369,371.7364722855352,355.293486564282,382.43784277566573,324.0638309088464,28514072
1606746600,362.83,363.12,359.17,362.06,346.6061541540599,337.5738458459402,371.05903315905647,355.7837157088192,383.4841470796632,324.7501531159701,83872709
1606833000,365.57,367.68,364.93,366.02,348.28386452730405,339.19613547269597,369.9005157494762,354.98353106693185,382.4913739276908,330.36324692440684,74504969
1606919400,364.82,366.96,364.2,366.79,348.24455430039865,339.2354456996013,373.4199162216712,357.25060331936044,385.8396249070753,332.55334541159914,45927000
1607005800,366.68,368.19,365.5,366.69,348.22934460404383,339.7606553959562,374.25442264487253,357.8481754454494,386.7025680204657,333.1073804093304,62881998
1607092200,367.32,369.85,367.22,369.85,349.0629026114918,340.5870973885083,374.3186933473916,357.91252714376026,386.8726764152552,333.2083190829115,50749859
1607351400,369.02,369.62,367.72,369.09,348.87245333452773,340.77754666547236,377.2532183804868,360.1275554054148,389.64336972456886,335.0566478518239,48944269
1607437800,367.72,370.78,367.67,370.17,349.26648924540245,341.3135107545974,374.3912617496293,359.76571713902246,389.27517366312946,334.8089008933422,42458859
1607524200,370.88,371.05,365.95,366.85,349.34309798733125,341.5069020126688,375.5458338262774,360.65567938757295,390.383799256548,335.563477897298,74098312
1607610600,365.37,367.86,364.43,366.73,349.3436625060388,341.5063374939612,372.9558848340311,360.17204904786666,387.90716535477475,333.8362143511713,57735353
1607697000,364.9,366.7402,363.26,366.3,349.3119152896977,341.5380847103023,373.4001713244756,363.56285865719207,388.39084525953353,333.8865699171367,57698614
1607956200,368.64,369.8,364.47,364.66,349.31610453710636,341.5338954628937,373.81062955524874,363.20831919404907,388.6744338302969,333.7479368100123,69216174
1608042600,367.4,369.59,365.92,369.59,349.34551397736965,341.5044860226303,373.59398635977135,362.95191069885686,388.0640080481945,332.87848462565086,64071099
1608129000,369.82,371.16,368.8676,370.17,349.375445004421,341.5845549955791,375.60555109337963,364.5109146716229,392.0319597986687,335.9238642201486,58420517
1608215400,371.94,372.46,371.05,372.24,349.96297825196723,342.29702174803276,375.3166347347651,364.61858014104286,392.9559812643661,336.39339671225645,64119472
1608301800,370.97,371.15,367.02,369.18,349.9459951069303,342.3140048930697,376.9881505217347,365.3809946744656,394.9477522990758,337.77457781140424,136542328
1608561000,364.97,378.46,362.03,367.86,352.96901092390107,345.290989076099,374.98478836237416,364.13776460205366,393.16109636399244,336.01201043132477,96386745
1608647400,368.21,368.3317,366.03,367.24,352.8069077905607,345.4530922094393,374.1318575931721,363.36667967784035,392.58680257821754,335.2887402907396,48388462
1608733800,368.28,369.62,367.2172,367.57,353.7368398814367,346.3631601185632,373.5008208477354,362.8998705536789,392.4964145397042,334.987012487685,46201402
1608820200,368.08,369.03,367.45,369,354.16997234959115,346.89002765040874,373.880056976974,362.99969860563175,393.10751557895117,335.28047055681054,26457853
1609165800,371.74,372.59,371.07,372.17,354.1241045805702,346.93589541942976,374.9544360783959,363.85550958017194,394.56381445585373,336.28103771510155,39000402
1609252200,373.81,374,370.83,371.46,354.1136404681857,346.9463595318142,377.2978647321787,365.97154217982865,397.39318237083876,338.4158721069512,53680451
1609338600,372.34,373.1,371.57,371.99,354.1043803430661,346.95561965693383,377.04328995944473,365.52002118101996,397.1727229069767,338.05319197398364,49455259
1609425000,371.78,374.66,371.232,373.88,354.10141720207054,346.9585827979294,377.6240477741963,365.92476120533485,397.9186978291192,338.4927362548683,78520702
1609770600,375.31,375.45,364.82,368.79,354.13141867847054,346.9285813215294,379.23808381375454,368.27606851808537,399.7554127548729,339.83064161626027,110210810
1609857000,368.1,372.5,368.05,371.33,354.06864242902464,346.9913575709753,375.41880855921187,364.83295967486595,395.91043421779534,336.54138252630753,66426229
1609943400,369.71,376.98,369.12,373.55,354.00378340396014,347.0562165960398,377.5272404593766,366.55630008853507,398.2627248681781,338.3154156652939,107997675
1610029800,376.1,379.9,375.91,379.1,354.710690827487,347.789309172513,379.43569285957756,368.17032472455605,400.3662103247281,339.88952133411294,68766812
1610116200,380.59,381.49,377.1,381.26,355.5035565767487,348.5864434232514,381.2128578364552,370.24478520458104,405.2486007302977,343.722096610168,71677208
1610375400,377.85,380.58,377.7189,378.69,355.5076043520682,348.5823956479319,383.2133499055511,371.1896289639987,407.34012966445505,347.6301658669237,51176719
1610461800,378.89,379.86,376.36,378.77,355.44607008120295,348.6439299187971,383.25765996843893,370.82681326149776,405.4673661423372,348.24628494632265,52547716
1610548200,378.69,380.86,377.85,379.79,355.4292175157619,348.66078248423815,384.62312946296305,372.5415621511444,405.79753086997715,349.22251723753493,45303619
1610634600,380.59,381.13,378.1,378.46,355.41909856525416,348.6709014347458,386.04106653424276,373.5259540868555,406.91862109930895,350.7294451892498,49989113
1610721000,376.72,377.58,373.7,375.7,355.43877688420554,348.6512231157945,386.1475351410421,372.7602611010939,406.0266045246417,353.7414659529835,107159962
1611066600,378.34,379.23,376.75,378.65,355.45000660475205,348.639993395248,385.0938909965215,370.3676447432731,403.877225697461,351.4560977039457,51229172
1611153000,381.11,384.79,380.69,383.89,357.07538559769324,350.31461440230686,387.2454356727008,373.0232589730968,406.645754718787,354.0079531229003,61836062
1611239400,384.49,384.95,383.25,384.24,357.15497954084526,350.3950204591547,391.05413007509975,376.36538789341614,411.4168761000319,358.5107508228748,47955809
1611325800,382.25,384.1256,381.835,382.88,357.15933545021716,350.3906645497828,391.7611856392905,376.72552218963256,411.9522054910561,358.8651744343269,52136931
1611585000,383.67,384.77,378.46,384.39,357.15667114967886,350.3933288503211,391.1951922280602,376.35335196823286,410.9832899384187,365.0241799987829,70401971
1611671400,385.41,385.85,383.54,383.79,357.61324687734464,350.8367531226554,392.622463798376,377.17167201355653,412.5229899652845,368.4216040563666,42665281
1611757800,380.22,380.32,372.01,374.41,357.6956901897982,350.7543098102018,392.47235591318145,376.9980856712153,412.201062814665,374.19091234623215,123351078
1611844200,376.36,381.93,375.89,377.63,357.7018973228965,350.7481026771036,384.9379037400832,371.54311713816196,404.04837344756334,365.8553123986422,94198104
1611930600,375.63,376.67,368.27,370.07,357.44779975384495,351.00220024615516,385.55021614762904,373.0856300210793,407.0909283183388,368.75839344970683,126765121
1612189800,373.72,377.34,370.376,376.23,357.4920803215383,350.95791967846174,381.75747004469787,367.8075235312017,397.647648487661,361.9992938490125,75817597
1612276200,379.65,383.22,376.3181,381.55,359.8260092931109,353.26399070688905,384.5679553265261,368.40446027936196,398.45280934716027,367.54990015208733,64450662
1612362600,382.435,383.7,380.48,381.85,361.3438402226344,354.7996597773656,388.7062895275868,368.95059085925163,396.7823252623153,368.95059085925163,52427090
1612449000,382.96,386.24,381.9655,386.19,366.18353692729045,359.6464630727095,389.051289743759,368.799502001543,392.0948814011192,368.799502001543,47142555
1612535400,388.2,388.47,386.1444,387.71,371.2431423189767,364.87685768102324,392.8820566012099,370.5058772343462,395.8678153789559,370.5058772343462,48669773
1612794600,389.27,390.56,388.35,390.51,372.2019029547693,366.0080970452307,394.328155396161,371.24047870291815,397.2711065364742,371.24047870291815,38365185
1612881000,389.61,390.89,389.17,390.25,373.81095172936466,367.5890482706353,396.91830191399686,372.5972144041408,399.7715228411695,372.3240296689719,35551059
1612967400,392.12,392.28,387.5,390.08,374.47150979145783,368.31849020854213,396.25189574003485,372.73572463718165,399.69582620365975,372.56124946128705,59154370
1613053800,391.24,391.69,388.1,390.71,374.846394441557,368.69360555844304,396.86146647506763,372.86632362314316,399.6836318630228,372.7826043267676,42913288
1613140200,389.85,392.9,389.77,392.64,375.1507934518141,369.00920654818583,397.9443001916352,373.41933360069896,400.3606816792078,373.24811178938825,50593270
1613485800,393.96,394.17,391.53,392.3,377.2035198281351,371.11648017186485,400.08323940322816,375.3509728809982,402.1819081121266,374.2070638967806,50972366
1613572200,390.42,392.66,389.33,392.39,377.1494311705084,371.1705688294915,400.9080372096905,375.275251163487,402.0016241002022,374.3425671500815,52806681
1613658600,389.59,391.515,387.74,390.72,377.1151459718751,371.2048540281248,401.99545885496275,376.36656047106703,402.19334037313723,374.6212302374762,59712773
1613745000,392.07,392.38,389.55,390.03,377.10204329578335,371.2179567042166,401.9337877932031,381.86756420321296,401.9337877932031,373.9751508995542,83240971
1614004200,387.06,389.62,386.74,387.03,377.06472034623766,371.2552796537623,402.2176214772852,381.30244614754577,402.2176214772852,373.6245304522332,67413570
1614090600,384.66,388.945,380.2,387.5,377.4217517520099,371.61324824799016,400.900143977441,386.90963793073104,400.900143977441,371.6872479813043,107284127
1614177000,386.33,392.23,385.27,391.77,377.43042852385963,371.60457147614045,398.12312722822855,386.0756118943411,401.64472776540157,372.0467656501001,72433946
1614263400,390.41,391.88,380.7789,382.33,379.83564422789374,373.50435577210624,398.4026327063957,386.75279627988976,404.9529975361022,375.0657004688966,146670499
1614349800,384.35,385.58,378.23,380.36,379.7670398853443,373.57296011465576,392.75959949162416,382.02178499195344,398.73097155017444,368.1881960580434,152701639
1614609000,385.59,390.92,380.572,389.58,379.95190872349764,373.38809127650245,390.83077312566263,379.3328939144111,397.5144487938213,366.61663067722174,105348798
1614695400,389.82,390.07,386,386.54,379.97787356528187,373.36212643471816,393.8777133045047,379.89915555263235,404.51972392304975,373.70062987600966,79595332
1614781800,385.79,386.83,381.31,381.42,381.4793935353997,374.7206064646004,391.40847443530896,379.0198032613214,402.5120229911262,371.50305197601784,119940211
1614868200,381.22,384,371.88,376.7,381.501701118658,374.6982988813421,388.7222832240831,374.15926510678764,398.78322810218805,367.3943579121339,183433020
1614954600,380.46,384.76,372.64,383.63,381.6032624124193,374.59673758758066,386.7351278013458,369.9747046432223,396.0927333051908,363.5261883469826,152039624
1615213800,384.66,387.68,381.42,381.72,381.61335531028874,374.5866446897113,392.1615430923392,374.59252400095704,400.8031232325422,369.1737649174786,123149245
1615300200,385.85,389.91,381.7299,387.17,381.6518045805362,374.54819541946387,390.6355283831452,372.9175879919583,399.58560800489266,367.59480882330774,113633556
1615386600,389.69,391.4,388.1702,389.58,381.6585662796476,374.5414337203525,395.461618402995,375.03153199168656,403.9488492612382,372.07055308577156,109899410
1615473000,392.23,395.65,391.74,393.53,382.4310365712609,375.24896342873905,397.74449825941593,375.60872624257723,406.0764830565171,373.9638365227745,86245040
1615559400,392.07,394.21,391.2,394.06,382.3987999132471,375.28120008675285,401.46708193208593,377.1313106174186,409.5035013853618,376.57701853058364,64653565
1615815000,394.33,396.685,392.03,396.41,382.9276848008861,375.7873151991139,402.1037742398632,377.4543341654016,410.12425778646383,376.7552251958625,73592302
1615901400,397.07,397.83,395.08,395.91,383.505712376113,376.3542876238869,404.41498956634075,378.7063228648703,412.2703758985572,377.5189384242559,73722506
1615987800,394.53,398.12,393.3,397.26,383.64276693483373,376.50723306516625,404.07049747760226,378.59647863496116,412.0227067642617,377.4691956428145,97959265
1616074200,394.475,396.72,390.75,391.48,383.6742175584929,376.47578244150714,405.44633726340703,379.46583620421114,413.3362680154113,378.0499393079803,115349101
1616160600,389.88,391.569,387.15,389.48,383.6854396825284,376.4645603174716,401.05776654778754,377.8788660078756,408.5232917434303,375.64579374737144,113624490
1616419800,390.03,394.07,389.97,392.59,383.69439341458474,376.45560658541524,401.0742973223833,376.40706107424757,406.9053990309676,374.05388346407494,73778646
1616506200,391.91,393.46,388.66,389.5,383.692399381727,376.45760061827303,403.15008553639814,378.78675703612885,409.7204650713136,376.3454800016189,90686552
1616592600,391,392.75,387.47,387.52,385.10566175783384,377.83433824216615,402.35636534146244,379.0600852454283,407.11816994581443,374.1079186754527,97588644
1616679000,385.98,390.55,383.9,389.7,385.11065153490733,377.8293484650927,401.7965242040785,382.2846936101801,405.63586451140463,372.49924376832894,116128622
1616765400,390.93,396.41,390.29,395.98,385.1806299674558,377.75937003254427,403.40450283601433,384.48820151749413,407.47055582621755,374.307141667899,114409114
1617024600,394.4,396.75,392.81,395.78,385.1791494198135,377.76085058018657,405.7460458007554,387.0631946044469,413.1458897708964,378.0653947827994,108107626
1617111000,394.42,395.45,393.02,394.73,385.16568132144533,377.7743186785547,405.95337649888756,386.8786229284201,413.07022379641415,378.0111822008003,76262249
1617197400,395.34,398,395.31,396.33,385.16600295202284,377.7739970479772,402.0042130308472,386.33248311436336,412.2248047337026,377.4920112613063,112734214
1617283800,398.4,400.67,398.18,400.61,386.4823371195956,379.0076628804044,401.8565052103078,386.95615047416794,413.7557684143933,378.39839634930627,99682876
1617629400,403.46,406.94,403.38,406.36,389.69608683396183,382.06391316603816,404.82545993172863,389.1363208327154,417.71477024571277,380.835751320235,91684764
1617715800,405.76,407.24,405.4,406.12,391.40790406740587,383.88209593259415,410.02108021203236,392.1061966975502,423.0227721620456,384.18231075246933,62020953
1617802200,405.94,406.96,405.45,406.59,391.509823620534,384.000176379466,410.2179815921284,392.3221784555974,422.9200470527202,384.19690661852457,55836280
1617888600,407.93,408.58,406.93,408.52,392.1832541271679,384.666745872832,411.1745004447198,393.1260366699821,423.45770109129205,384.6133183799629,57863114
1617975000,408.39,411.67,408.26,411.49,393.69665875258147,386.2433412474185,413.77961272585384,394.57306620179037,425.32750050882606,385.8984812705496,61104559
1618234200,410.85,411.93,410.2,411.64,393.82181920871835,386.37818079128175,416.6252971375465,401.8362887110192,428.1552760832676,387.8351289598057,56704899
1618320600,411.53,413.529,411.12,412.86,394.60868104310384,387.19031895689614,417.47011105876504,403.5029462750992,428.4043883582979,388.0958166169814,56550988
1618407000,412.83,413.96,410.87,411.45,394.83322356564406,387.39677643435596,418.960803296661,404.7222339761089,429.63509431683707,389.0115347820797,61658197
1618493400,413.74,416.16,413.69,415.87,395.9713834142658,388.45861658573426,418.6553054115712,407.5210564445991,428.43933068639353,388.2930681600172,60229842
1618579800,417.25,417.91,415.73,417.26,396.84770896975033,389.3322910302498,422.2607432795285,411.4195400773087,432.6288380591162,391.0869031823754,82037278
1618839000,416.26,416.74,413.79,415.21,396.8356710383304,389.34432896166965,423.7840608789869,412.82048174935505,434.02322447189187,391.9808552431048,78498496
1618925400,413.91,415.0859,410.59,412.17,396.84787311735204,389.332126882648,422.41996013775736,411.27194923538025,432.2225544575637,391.1455195255654,81851828
1619011800,411.51,416.29,411.36,416.07,396.818766076682,389.361233923318,420.39929646836845,409.9600790753123,429.48424820914624,389.3079603403182,66792024
1619098200,415.89,416.78,411.13,412.27,396.85395925015143,389.3260407498487,423.7702797432811,412.6886812491239,433.21557885064215,392.0111072345127,97582788
1619184600,412.87,418.25,412.79,416.74,397.04782743306,389.47217256694,421.5650647234429,410.73623864987934,429.74794816019386,389.6207697766897,73276195
1619443800,417.44,418.22,416.8111,417.61,397.0458116213117,389.47418837868827,422.7431603070638,411.8329523141263,434.0242133045195,392.7451874857131,52182392
1619530200,417.93,418.14,416.3,417.52,397.04387684704506,389.47612315295487,422.41431889701374,412.35228029403015,434.92869566277363,393.47153715622505,51302156
1619616600,417.81,419.01,416.9,417.4,397.19745490332207,390.0825450966779,422.79772489199377,412.3211996801571,434.929487247135,393.54672761056844,51238854
1619703000,420.32,420.72,416.44,420.06,398.0513622666252,390.93863773337483,423.101280915594,412.24197550001224,430.7988210940698,393.5949396225159,78544329
1619789400,417.63,418.54,416.34,417.3,398.96645870025526,392.1295412997448,424.3683700138862,413.7576248542315,433.2688142753673,395.5620394719943,85527030
1620048600,419.43,419.84,417.665,418.2,399.6452661684586,392.9547338315414,422.1694913903382,412.1702083518625,431.1074415946,393.77063067079325,68128289
1620135000,416.07,416.6,411.67,415.62,399.60876186693594,392.9912381330641,423.01707635065037,412.8264102230336,432.06610223483096,394.5186919135098,101591166
1620221400,417.38,417.63,415.15,415.75,399.6090486921653,392.99095130783473,421.2977918794341,410.79162392881904,430.00580105250964,392.80745373244343,39960661
1620307800,415.83,419.21,413.675,419.07,399.5880381113037,393.0119618886963,421.59098887755204,410.8791197234716,430.3622284602226,392.99994427525974,74321368
1620394200,419.89,422.815,419.16,422.12,400.65499083597393,394.040009164026,423.4867194354264,413.5098832456404,433.3362309275068,395.4756738977126,67733790
1620653400,422.5,422.74,417.81,417.94,400.68849272907687,394.00650727092307,425.76609636787157,415.73793301552536,436.1729612466461,397.77598403327033,81852446
1620739800,413.1,415.27,410.06,414.21,400.72457138028216,393.9704286197178,423.3847819356339,413.9612145143829,433.05139712527176,394.868436057297,116887975
1620826200,411.23,412.59,404,405.41,400.90304962577,393.79195037422994,422.3445836153848,410.54216607792796,431.47039642214975,392.24387830038035,134811046
1620912600,407.07,412.35,407.02,410.28,400.9470597500429,393.747940249957,420.32710560003034,402.3918307212715,428.2565958494929,386.29404767272945,106393963
1620999000,413.21,417.49,413.18,416.58,401.012690100616,393.68230989938394,421.4229920330608,403.64143322798975,430.78594615291314,390.18416133438774,82201629
1621258200,415.39,416.39,413.36,415.52,401.01571622669985,393.67928377330014,422.68417819858877,403.05611988234,434.02752467093967,396.90771862907036,65129221
1621344600,415.8,416.06,411.77,411.94,401.04625952551925,393.6487404744807,422.00147361849264,402.0109087171089,434.03778826559767,396.64659662530306,59810238
1621431000,406.92,411.05,405.33,410.86,401.0415566895479,393.653443310452,419.4316869205943,399.6112623445029,432.8117619111422,393.6419511695685,106467052
1621517400,411.8,416.625,411.67,415.28,401.07162875435546,393.6233712456445,419.83243053521875,398.4307385221441,432.68751632582183,392.7557756868979,78022218
1621603800,416.87,418.2,414.45,414.94,401.0468319635139,393.64816803648597,423.2374246857712,400.7679632967549,435.251476968461,396.570130998584,76578662
1621863000,417.34,420.32,417.08,419.17,401.0739648511115,393.6210351488885,423.4632987509057,400.3158453485446,435.48917371254595,399.6361463761196,51376702
1621949400,420.33,420.71,417.62,418.24,401.04525405440637,393.64974594559357,427.06515207135476,403.0411439950918,438.04582135686536,403.0411439950918,57451396
1622035800,418.87,419.61,417.76,419.07,400.81556370154823,393.87943629845165,426.7118468598164,402.31250809496646,437.98279266123507,402.31250809496646,43088618
1622122200,420.17,420.72,418.9851,419.29,400.79981019954437,393.8951898004555,427.6826450656509,402.844752692998,438.8200345781589,402.844752692998,56707677
1622208600,420.97,421.25,419.79,420.04,400.6095694769165,394.0854305230834,428.11979015674814,402.9589607086349,439.33031184493984,402.9589607086349,58520164
1622554200,422.57,422.72,419.2,419.67,400.57947776479494,394.11552223520505,428.9747178547594,403.4892498619208,440.1221119521674,403.4892498619208,54216625
1622640600,420.37,421.23,419.29,420.33,400.4939140207775,394.20108597922246,428.84448579446024,406.6645294953756,439.31464168542254,403.177260341231,49097061
1622727000,417.85,419.99,416.28,418.77,400.80866718902627,394.64633281097366,429.5842325929251,410.8927539571916,440.02295765574286,403.66777481337033,58138763
1622813400,420.75,422.92,418.8422,422.6,405.19354962608764,399.1464503739124,428.3416417510509,412.4733768804341,439.1298386850279,402.41168464800273,55938789
1623072600,422.59,422.78,421.19,422.19,405.3340905123897,399.31580948761024,428.2063171532996,415.4578577143486,442.1288962232929,405.4550436464959,51555032
1623159000,423.11,423.21,420.32,422.28,406.5043124859887,400.6056875140112,427.77274935150393,415.22328150574873,442.0580764327438,405.1269355246322,47134279
1623245400,423.18,423.26,421.41,421.65,406.5224729118638,400.6375270881361,428.064076688005,416.60880586116485,442.34292316542013,405.2009397550254,48436342
1623331800,422.96,424.63,421.55,423.61,407.1828140367789,401.3471859632211,427.7508959329682,419.66460005555206,442.08331502136946,404.6833026066121,51020147
1623418200,424.2,424.43,422.82,424.31,407.1829027504426,401.3470972495574,429.50322095190734,420.6019011275121,443.7561034189231,406.30539112631044,45570828
1623677400,424.43,425.37,423.1,425.26,407.54583086586405,401.72416913413593,427.93683484251204,421.1203092075063,444.4891344109883,406.89734914497717,42358478
1623763800,425.42,425.46,423.54,424.48,407.59251677240974,401.76748322759016,428.87677098908676,421.78698115604385,445.41294418233787,407.7052388663145,51508508
1623850200,424.63,424.87,419.92,422.11,407.6095978561065,401.75040214389344,427.62598304491286,421.5811097917813,445.0124626141783,407.0618741261142,80386082
1623936600,421.67,423.02,419.32,421.97,407.49855217855855,401.86144782144135,425.99347896481567,420.31303495774523,443.3658892937497,405.061778751787,90949659
1624023000,417.09,417.8281,414.7,414.92,407.62632970028824,401.7336702997117,426.2108991810298,420.24582567032587,443.42548557818503,404.9423909292188,118676302
1624282200,416.8,421.06,415.93,420.86,407.6812241355007,401.67877586449913,423.9740230936193,413.8251333140961,438.0409452154743,398.89951601085306,72822028
1624368600,420.85,424,420.08,423.11,407.6525025917492,401.7074974082507,426.1101613484707,414.00225119275217,441.5248826428634,403.98696783202683,57700303
1624455000,423.19,424.05,422.51,422.6,407.63716756479346,401.7228324352064,427.2679767861453,414.12484451207126,440.5178758202413,405.92435820919917,49445414
1624541400,424.89,425.55,424.62,425.1,410.9019624088398,404.93803759116025,427.17539401251634,413.7129304916358,440.1934507565447,405.4858506191718,45110288
1624627800,425.9,427.0943,425.55,426.61,412.8534851824062,407.05081481759373,428.6613575942195,414.7161416405496,442.3943654601466,407.6580362578921,58129525
1624887000,427.17,427.65,425.89,427.47,413.2380052065134,407.4319947934866,430.30342000496717,415.5080366654811,442.80615142249735,408.98063329337697,53159581
1624973400,427.88,428.56,427.13,427.7,414.84250481609797,409.02749518390203,431.57955493930353,416.06152607803557,440.2535711669751,409.7427081007375,35970515
1625059800,427.21,428.78,427.18,428.06,416.39484627456756,410.5651537254325,432.35292779265956,416.2823443400708,437.93733916281315,409.9568234943769,64827858
1625146200,428.87,430.6,428.8,430.43,419.8953277301134,414.0846722698866,433.09058313527277,416.58689700273715,438.32561042667743,410.2853483059442,53441027
1625232600,431.67,434.1,430.5218,433.72,421.90661813434207,416.19338186565795,435.33308555432336,418.23455867085806,440.65597218718483,412.3821484471822,57697668
1625578200,433.78,434.01,430.01,432.93,421.9093000714906,416.19069992850945,438.35376695782816,420.60294729229474,443.8818881171673,415.29727388115447,68710419
1625664600,433.66,434.76,431.51,434.46,422.2445776153734,416.51542238462656,438.04764342805805,420.20975284295923,443.1599207302141,414.62259624073846,63549456
1625751000,428.78,431.73,427.52,430.92,422.2780286020927,416.48197139790733,439.6199816158551,422.54408388220395,444.6859944690833,415.9958442214003,97595232
1625837400,432.53,435.84,430.714,435.52,422.84786677783586,416.99213322216406,437.4735429981445,422.3298619143608,441.2837148075581,412.8797469656949,76238584
1626096600,435.43,437.35,434.97,437.08,423.6113385336045,417.7386614663955,441.0181441452483,427.26446111014,445.7971955453848,416.9794600514184,52889585
1626183000,436.24,437.84,435.31,435.59,423.864928920897,417.97507107910286,442.5911679764235,432.22537226720436,447.35596083994,418.29928031477874,52911312
1626269400,437.4,437.92,434.91,436.24,423.896495165191,418.02350483480905,439.80257316754944,431.8317986285727,445.9398148660067,417.084022836542,64130352
1626355800,434.81,435.53,432.72,434.75,423.85820513270306,418.061794867297,440.6415903637964,432.3142079245557,446.6096919147737,417.68384430622336,55126358
1626442200,436.01,436.06,430.92,431.34,423.8894243945735,418.0305756054266,440.2910497513534,431.1447770625547,445.18556849347885,416.37201662330904,75874662
1626701400,426.19,431.4089,421.97,424.97,423.9867153114258,417.93328468857425,438.7182968549267,428.25513520502454,441.8751189452993,413.33536324911444,147987000
1626787800,425.68,432.42,424.83,431.06,424.0443199356539,417.87568006434617,436.3650507815355,422.6663397082609,439.4533508993408,407.63007263681516,99608174
1626874200,432.34,434.7,431.0111,434.55,424.0343765430134,417.8856234569867,438.48399249235297,423.93017899741693,442.3284524586231,413.10713011569754,64724389
1626960600,434.74,435.72,433.69,435.46,423.98950884502733,417.9304911549727,440.34213951383566,424.14206151100024,445.1041105038088,416.25636927065403,47878539
1627047000,437.52,440.3,436.79,439.94,425.1831416161311,419.1168583838688,441.0575794564688,424.2352114485238,446.0247329102389,417.0898012577228,63766637
1627306200,439.31,441.03,439.26,441.02,425.5512449148237,419.4787550851762,444.5273688259481,425.9846366231407,450.4589835049693,421.1408241306837,43719187
1627392600,439.91,439.94,435.99,439.01,425.5643087696855,419.46569123031446,445.57683563601785,426.6495145258343,451.55067498163925,422.133715717518,67397137
1627479000,439.68,440.3,437.31,438.83,425.5644392017957,419.46556079820425,444.6954868094948,425.79563667261573,449.59768539080613,420.33860142934236,52472360
1627565400,439.815,441.8,439.81,440.65,425.94300342971087,419.8569965702891,445.9744260973499,425.76927655060695,449.445491735625,420.19266707733135,47435342
1627651800,437.91,440.06,437.77,438.51,425.9325265106183,419.86747348938167,447.922315793171,426.89009399957365,451.2663635821709,421.8554610330146,68951202
1627911000,440.34,440.93,437.21,437.59,425.9354169889013,419.8645830110986,447.5784758922065,425.6773434297643,449.5804227602243,419.9342516721578,58783297
1627997400,438.44,441.28,436.1,441.15,425.93707713877154,419.86292286122836,447.6170455583363,425.1246429717513,449.2216722319942,419.1145678805962,58053896
1628083800,439.78,441.1243,438.73,438.98,425.9527889602001,419.84721103979984,450.4282680712057,428.54531022278456,451.97559650027495,422.3589955778067,46732212
1628170200,440.22,441.85,439.88,441.76,425.96836572970665,419.8816342702934,449.43124338849645,426.9404321995783,450.7000616486266,424.89919853754225,38969659
1628256600,442.1,442.94,441.8,442.49,426.49808584774394,420.4419141522562,451.7867424340101,430.76666058190665,452.94500372984135,428.0406397289629,46930008
1628515800,442.46,442.795,441.31,442.13,426.4443227723116,420.4956772276885,452.70139585345623,435.15374638179236,453.7258025139619,428.62460457242173,41222585
1628602200,442.61,443.44,441.88,442.68,426.6484363718884,420.7915636281116,452.769272585508,438.12222761133813,453.698494813779,428.4374132060813,43339275
1628688600,443.82,443.882,442.62,443.78,427.27786369106724,421.93413630893275,449.6520487385122,438.46766742763594,454.3331737028911,428.89988637206415,44034340
1628775000,443.62,445.2572,442.66,445.11,427.91055272625374,422.67664727374614,448.47325164266186,439.1614515563538,455.3802283746025,429.7764785231001,38942418
1628861400,445.59,445.94,445.07,445.92,428.14354178353193,423.1264582164681,449.4564171313744,440.05430933853336,456.6073479419585,430.8418573033458,39470251
1629120600,444.53,447.11,442.87,446.97,428.72513445687304,423.714865543127,448.59878155116434,440.67864782456877,457.44172207466653,431.53052221415163,73930864
1629207000,444.24,444.96,440.85,444.04,428.70404016723296,423.7359598327671,449.64361667331883,441.4834829899689,458.4624913502328,432.41097437301715,92673933
1629293400,442.96,444.625,438.92,439.18,431.9691534842249,426.8108465157751,447.5510395133724,440.42216306347035,456.3709000062349,430.2144500100858,89351931
1629379800,436.27,441.14,436.12,439.86,433.31339456088097,428.24660543911904,447.1671991558563,436.3292188383808,453.11797620580563,426.45024519792054,92812246
1629466200,440.23,443.71,439.71,443.36,433.4651452053297,428.34485479467025,447.4383505134804,436.90006977505266,453.7897590855326,427.00295643618193,72008712
1629725400,445.16,448.23,443.4355,447.26,434.0150143147636,428.91498568523645,448.6147752058107,438.13911574138217,456.40785670988856,429.8121183660342,54973038
1629811800,447.97,448.54,447.42,447.97,434.1648445343036,429.07515546569647,450.2322108412461,439.28018050116617,459.6198912254368,432.9767641753968,38744714
1629898200,448.17,449.457,447.77,448.91,434.62617320690856,429.5308267930913,450.8609246364651,439.76002887774564,460.35746717557043,433.60493491805863,40529711
1629984600,448.61,448.86,446.16,446.26,434.6540495861593,429.5029504138406,451.6518171426273,440.4617207446858,461.2823844729904,434.4234468187276,57829572
1630071000,447.12,450.65,447.06,450.25,435.2890986727254,430.06090132727445,451.1266828954381,438.59115919891224,459.32448937176434,432.31572080953646,77235113
1630330200,450.97,453.07,450.71,452.23,436.51006500284626,431.2599349971538,454.2578658577166,441.60209079247034,462.6933087001447,435.6333705982442,48357355
1630416600,452.13,452.49,450.92,451.56,436.5139469546672,431.2560530453328,456.1912954238598,443.22066906044535,464.4819961239658,437.322023511998,59300213
1630503000,452.56,453.11,451.545,451.8,436.520678614431,431.28932138556894,456.13007915727945,442.7817990845581,464.07759645946845,436.82815550527783,48721378
1630589400,453.32,454.05,451.91,453.19,436.9592666867515,431.7907333132485,456.6486201956591,443.04706139988957,464.42224795445674,437.08315890202283,42830867
1630675800,451.98,453.63,451.55,453.08,436.9578138301282,431.79218616987174,458.0448398894812,444.2584054756414,465.72843914379865,438.2980880889108,47234364
1631021400,452.71,452.81,450.7423,451.46,436.9699974379379,431.7800025620622,458.1995988843946,444.23509410481495,465.77543282950586,438.2611319359105,51671534
1631107800,450.89,451.67,448.86,450.91,436.9692324226705,431.7807675773295,457.1258568531364,442.9207096166523,464.5577789090534,436.94827750863396,56181907
1631194200,450.7,452.57,448.72,448.98,436.9776695692725,431.77233043072744,457.3916020313523,445.48607682930196,464.32439780876786,436.52748959421126,57970407
1631280600,451.04,451.49,445.31,445.44,437.02111837323304,431.728881626767,456.8422770600111,446.3147323639026,463.01929042874883,434.928930521515,89948174
1631539800,448.64,448.92,444.11,446.58,437.0217050842459,431.7282949157541,455.1735660103332,443.11692430441576,460.439941731238,431.94284454086954,83738649
1631626200,448.12,448.34,443.22,444.17,437.03933286530685,431.71066713469315,454.43422476363406,444.1296044387462,461.4670694605933,432.9409506830959,78197140
1631712600,444.62,448.41,443.44,447.88,437.0476008979739,431.7023991020261,451.9492615211208,441.90289498543484,459.71599609209125,430.8957265766477,78792222
1631799000,447.32,448.36,444.02,447.17,437.05025684025276,431.69974315974724,454.15749970076183,443.21759577697395,461.61575588615096,434.1073187204089,77786735
1631885400,444.92,445.37,441.02,441.4,437.5994476870661,432.3805523129339,453.7354341530419,442.5010017917603,461.036613049284,433.5198666889838,118425037
1632144600,434.88,436.56,428.86,434.04,439.7589615969354,434.3710384030645,450.02807569145097,438.70090842961685,457.1612891393516,428.5454734462414,166445534
1632231000,436.53,437.91,433.07,433.63,440.69734025160307,435.3226597483969,444.8533693046687,432.70260794203864,455.07110317129866,422.1536116288398,92526112
1632317400,436.05,440.03,433.747,437.86,440.7436197844582,435.2763802155418,443.32047998371485,431.9130737634039,455.0943856797349,421.7896436839525,102350143
1632403800,439.85,444.89,439.6,443.18,440.8006715591205,435.21932844087956,443.4750595645001,430.0604108749556,456.6252651007226,425.48061696291586,76395981
1632490200,441.44,444.67,441.21,443.91,440.79662612665317,435.2233738733469,447.0076276144451,431.5611460490656,458.86457609473246,430.13706366555334,62094837
1632749400,442.81,444.05,441.9,442.64,440.80204776237804,435.2179522376219,447.63491937583615,431.3353141019812,459.41146311795814,430.7878168952471,61371108
1632835800,439.69,440.04,432.94,433.72,441.02762426507775,434.9923757349223,446.6535278083919,430.5157628085984,459.1197325044496,429.6847734563615,130436306
1632922200,435.19,437.04,433.85,434.45,441.0285001659628,434.9914998340372,443.8281421538633,424.105632459872,455.77106141757884,421.83775753625883,82329213
1633008600,436.02,436.77,428.78,429.14,441.09045938966295,434.9295406103371,444.2188643921541,424.28853727771957,456.1800112782984,422.4770823098761,140505979
1633095000,430.98,436.0329,427.23,434.24,441.1305888824497,434.8894111175503,441.22539274423855,419.8830151117197,454.071361366885,417.7722937313152,129240106
1633354200,433,433.96,426.36,428.64,441.2094213186874,434.81057868131256,444.1854206437612,423.6153070302335,456.3241566036176,422.28289975076683,128569957
1633440600,430.24,435.49,429.39,433.1,441.2548438740852,434.7651561259147,440.4245392587149,418.88905375218786,453.94606817090386,417.3045198148339,90682520
1633527000,429.27,435.1199,427.54,434.9,441.2308611748609,434.7891388251391,443.4065238236067,422.3228914416482,456.02088347033373,421.2610526397611,113032245
1633613400,438.39,441.68,438.2,438.66,441.21279014214343,434.80720985785655,444.74292504655284,423.6676350110539,456.94152969957463,423.58497023420983,72437499
1633699800,439.48,439.89,437.19,437.86,441.208659215339,434.81134078466096,447.67312765591925,426.13582594863266,458.8106159531702,425.9508168632144,74557404
1633959000,437.16,440.26,434.62,434.69,441.22817274013454,434.7918272598655,447.13824923683893,425.4468496941942,458.5671997973301,425.2957260257588,65233285
1634045400,435.67,436.1,432.78,433.62,441.2297538258867,434.7902461741133,444.6474548001663,423.2983501980759,457.13915922806825,423.1828614758403,71181163
1634131800,434.71,436.05,431.54,435.18,441.2305817737321,434.78941822626786,443.78180471394427,422.33682676062483,456.6930881932844,422.1797073317478,72973979
1634218200,439.08,442.66,438.58,442.5,441.326498483476,434.693501516524,442.41166828900333,423.11366944361623,454.75912547980965,422.99375638266486,70236825
1634304600,444.75,446.26,444.09,445.87,442.67861720292746,436.20138279707254,447.44430593860005,427.61386322088833,456.9403535768361,425.20005642858087,66260210
1634563800,443.97,447.55,443.27,447.19,443.36347754466317,437.04652245533686,450.3155669431878,429.4768450265147,458.397286994568,426.0785653228119,62213228
1634650200,448.92,450.71,448.27,450.64,443.36078777511403,437.04921222488605,451.8396014136441,431.29314975717045,459.11583756025783,426.29376330695794,46996827
1634736600,451.13,452.732,451.01,452.41,443.3650868612736,437.0449131387265,454.9016308174374,439.0388695156792,461.82149908982905,427.2107504058393,49571569
1634823000,451.77,453.829,451.31,453.59,443.321149694974,437.088850305026,456.75963220202635,440.5491309325625,463.25980413576474,427.7093875476651,41305438
1634909400,453.13,454.67,451.05,453.12,443.63248164427574,437.39751835572423,458.3329042046839,443.05448005757387,464.2684644739536,428.0805644996646,58845088
1635168600,454.28,455.9,452.39,455.55,444.2506749065177,438.0093250934823,458.8862324702159,443.4730953552315,463.96309373171437,427.9259052854697,45214507
1635255000,457.2,458.49,455.56,455.96,445.55437753009295,439.2956224699071,461.39527854253436,445.9828738809563,466.051529896125,428.79832699250005,56075116
1635341400,456.45,457.16,453.86,453.94,445.56025213441296,439.289747865587,462.4245052695922,446.6208853838362,466.4617888410362,428.988780296595,72437997
1635427800,455.46,458.4,455.45,458.32,445.5856842700092,439.2643157299908,462.1231487520782,445.3635841623874,464.82613903584337,428.2434229432332,51437944
1635514200,455.87,459.56,455.56,459.25,446.12137423697595,439.7986257630242,465.6851211451188,449.0048055303098,468.61213641257865,430.0164160731793,70162424
1635773400,460.3,460.7021,458.2,460.04,446.6699750380544,440.39212496194557,467.04074493118503,451.8606445413034,469.47845181723545,430.46982682850745,48433642
1635859800,460.22,462.23,460.08,461.9,447.4287284055118,441.16127159448826,468.2358926332858,456.6064296911888,470.2264160655383,430.8835857663583,48908417
1635946200,461.3,465.15,460.83,464.72,448.8978018196295,442.61219818037057,470.1604898862863,458.0634442078745,471.9084973691942,431.7783302125909,52509825
1636032600,465.36,467,464.99,466.91,449.8365172015422,443.5234827984578,472.80409870477894,460.05099055568996,474.4360716548026,433.1358963966307,52847087
1636119000,469.28,470.65,466.92,468.53,451.6763016730154,445.3336983269846,470.56564188755084,461.7909536832723,476.42365464194046,434.2595703139838,66390563
1636381800,469.7,470.23,468.2031,468.93,451.6762503310989,445.3337496689011,470.91167805492756,463.27691041229497,477.9193448880696,435.1340666163793,50405194
1636468200,469.32,469.57,465.88,467.38,451.6837241410404,445.32627585895966,471.528594481497,464.0447267513663,478.34722527538963,435.47898658108454,51149147
1636554600,465.58,467.38,462.04,463.62,451.71995641447313,445.2900435855269,471.5590379491825,463.4335697364259,477.05366650507057,434.91125819571533,69429653
1636641000,465.21,465.29,463.75,463.77,451.71930923658414,445.29069076341585,471.43892753634333,460.62173332322084,474.42556241998096,433.18388486156306,34848495
1636727400,465.12,467.86,464.11,467.27,451.74115603237493,445.26884396762506,472.1187104266608,460.85208895188373,474.94106056722654,433.3539603877523,53466654
1636986600,468.64,468.81,466.23,467.43,451.71457812888576,445.29542187111423,474.16323356238576,463.10234795094516,477.9813368766699,435.24131068906564,46980500
1637073000,467.15,470.485,467.07,469.28,451.64750434038655,445.3624956596134,474.8464716427933,462.70582852340505,478.48472707870724,435.44222610829974,48857502
1637159400,469,469.19,467.48,468.14,451.65341477097945,445.3565852290205,476.32756060176496,463.8190107181414,480.28594239067735,436.53199930126885,47858289
1637245800,469.24,470.01,466.34,469.73,451.6317009223083,445.3782990776917,476.22040804354396,463.03422757051464,479.7234794773672,436.0471511616456,50625607
1637332200,469.61,470.94,468.5,468.89,451.7490191535108,445.5509808464891,475.4589826076676,464.180425695013,481.30641705083406,437.02063260748065,57315573
1637591400,470.89,473.54,467.35,467.57,453.06405629333074,446.8359437066693,475.0235116082021,463.5590508410177,481.62522676246493,436.67841106574997,72761954
1637677800,467.22,469.095,464.45,468.19,453.06323104785133,446.8367689521487,474.0959636920597,462.51680001268664,481.89805864302366,436.05196650981657,73206538
1637764200,466.06,469.57,465.19,469.44,453.04221661253297,446.8577833874671,473.59598418095686,462.992573346147,482.8949986547599,436.49781901450086,61858813
1637937000,462.34,463.9,457.77,458.97,453.2747776375862,446.62522236241387,473.0829860591581,464.0088525869293,484.1544267294037,437.3071151941021,112669636
1638196200,464.07,466.56,461.73,464.6,453.3340173146167,446.5659826853834,468.901764855671,455.2590520480253,479.992336249861,431.3377462176198,86268818
1638282600,462,464.03,455.3,455.56,453.5162926871543,446.3837073128458,470.1924021839195,458.0815469215977,483.0867582463084,434.68118508639054,148559598
1638369000,461.64,464.67,450.29,450.5,453.5724283983556,446.3275716016445,467.38901372862347,452.1289759274331,479.4480688001266,429.4696787147134,132485835
1638455400,450.73,459.07,450.31,457.4,453.66889887197266,446.2311011280275,465.3576558543591,447.96590303757824,477.46973999131563,427.43652556626216,127637758
1638541800,459.17,460.3,448.92,453.42,453.7023056093938,446.19769439060633,467.22490176420627,448.07057356455607,481.12701030117614,432.27158163904664,137331647
1638801000,456.13,460.79,453.56,458.79,453.7540546690792,446.1459453309209,465.0700329776862,445.2427274356019,479.5435579871539,431.1348238786739,98977532
1638887400,464.41,468.88,458.6546,468.28,453.9190635756106,445.9809364243895,465.3970644183092,445.9120726373789,482.6036579634604,436.1271708125181,95484688
1638973800,468.7,470,466.83,469.52,453.9107602384402,445.9892397615599,472.64585766394606,449.5743801533971,487.91978105561486,443.0437930534686,72238777
1639060200,468.15,469.6291,466.14,466.35,453.90328564658165,445.9967143534185,473.9105828957422,450.0232731549075,489.0696457985418,444.02283321258716,61272568
1639146600,469.23,470.9,466.51,470.74,453.93187508742807,445.968124912572,473.6512215261914,448.3765025865189,487.7676868447311,441.7902980326323,77159757
1639405800,470.19,470.56,466.27,466.57,453.95422010563203,445.94577989436806,478.8615495598019,450.52382993131823,490.6192738410137,445.98150147089615,87724680
1639492200,463.09,465.74,460.25,463.36,453.9536466218305,445.94635337816965,477.1694538515916,448.3092555954498,488.7099644134143,447.7039351582809,97264128
1639578600,463.42,470.86,460.74,470.6,454.03894017034986,445.86105982965023,475.49952355157626,446.1363166975043,487.2679968934527,445.01141585704045,116899251
1639665000,472.57,472.87,464.8,466.45,454.0005727182649,445.8994272817352,481.4003416924483,450.88771641391185,491.7929951886849,450.5419027701733,116568626
1639751400,461.55,464.74,458.06,459.87,453.9664826605882,445.93351733941194,478.6040167171636,448.03524986868155,489.757247017656,447.7322372860185,135636510
1640010600,454.48,455.4,451.14,454.98,454.01806473382845,445.88193526617164,474.9424313005866,446.3696474210645,486.1454979768355,442.12062692323696,107134822
1640097000,458.61,463.21,456.31,463.06,454.0973140670888,445.80268593291123,472.5511289523333,442.2273827925629,483.4061558781371,437.932993325663,69806260
1640183400,462.79,467.81,462.58,467.69,454.08055990056374,445.8194400994363,477.66116417572454,453.8205305480917,488.6571866929745,445.3981691290087,58890223
1640269800,468.75,472.19,468.64,470.6,454.0913013691728,445.8086986308272,481.19234302691063,453.64370789729594,491.83043826731796,448.79712845869756,56439745
1640615400,472.06,477.31,472.01,477.26,456.05298492832907,447.617015071671,483.275495865891,454.66823051922796,493.9700769360965,450.6386589011351,56808619
1640701800,477.72,478.81,476.06,476.87,456.62649021066306,448.54350978933707,489.3896664734716,457.0443256057842,498.5091126756605,454.04960719793246,47274585
1640788200,476.98,478.56,475.92,477.48,456.62649742818746,448.5435025718126,485.4368726587161,457.26608914926146,498.6196744056863,453.98176713961186,54502964
1640874600,477.93,479,475.67,476.16,456.651895922447,448.70810407755295,484.94241346510523,457.826618816324,499.35850632633657,454.3912464341361,55329041
1640961000,475.64,476.86,474.67,474.96,456.61522424281895,448.74477575718106,486.54394733817554,457.4296947762212,498.44601361131015,453.83018299549224,65237431
1641220200,476.3,477.85,473.85,477.71,457.1291982435108,449.41080175648915,487.4606573857776,456.9697884485987,497.8348457533314,453.2920146165444,72668233
1641306600,479.22,479.98,475.58,477.55,457.5927612239292,449.9272387760708,490.1978710865832,458.6342589526285,500.0916676658171,454.82477681944414,71178678
1641393000,477.16,477.98,468.2801,468.38,459.78669885103926,451.7333011489607,491.13237777353123,459.8146615112521,500.22559871558377,454.83371252643366,104538940
1641479400,467.89,470.82,465.43,467.94,459.765275236994,451.754724763006,485.8285009867853,453.04441683176117,493.62852051639317,449.1387378082719,86858900
1641565800,467.95,469.2,464.65,466.09,459.77213026690896,451.747869733091,485.93030282668354,452.67517221568465,493.48021519598507,448.81322678811586,85111593
1641825000,462.7,465.74,456.5973,465.51,459.74584433367585,451.77415566632413,484.91294617513375,454.5335656057261,491.4445233930904,447.34035595720087,119361989
1641911400,465.23,469.85,462.05,469.75,459.76603889882097,451.753961101179,484.72195967552136,460.1552253893001,485.8295068781569,446.8441408412639,74303062
1641997800,471.59,473.2,468.94,471.02,463.31558740234976,455.2444125976502,488.20587001779256,462.18923818972866,488.20587001779256,450.1100127417858,67605444
1642084200,472.19,472.88,463.44,464.53,465.6712568327519,457.5787431672481,483.641450184125,462.82144345128006,489.45863385405283,451.05206974000436,91173121
1642170600,461.19,465.09,459.9,464.72,465.65150456262495,457.5984954373751,475.9012013889097,457.3576690912793,484.46775044899215,445.9741469978833,95890948
1642516200,459.74,459.96,455.31,456.49,468.31077133958803,459.939228660412,474.2597619694703,457.29158551420255,484.74986372130616,446.11841433607685,109872376
1642602600,458.13,459.6124,451.46,451.75,468.6617379832125,460.2382620167876,466.7312790228046,449.9267726494039,479.6277470175311,439.1094952448005,109357569
1642689000,453.75,458.74,444.5,446.75,466.4743967500426,458.00560324995735,464.101280094867,445.5000656218055,477.40874126695076,435.02178051698417,122379696
1642775400,445.56,448.06,437.95,437.98,463.3137754321699,454.6162245678301,460.4772999933662,440.7956930960913,475.3663441477026,430.6815015429008,202271241
1643034600,432.03,440.38,420.76,439.84,454.6457427200015,446.09425727999843,455.1904393145368,432.6449805347805,472.6749949795737,423.05897251896204,252496719
1643121000,433.06,439.72,427.15,434.47,454.68349178228243,446.0565082177175,454.1965539560819,433.1357005176639,473.01323452492835,424.59097994025564,167997325
1643207400,440.72,444.04,428.86,433.38,454.6835606818147,446.05643931818526,449.47035354603526,428.2181031497304,470.12802376052764,419.8588295958008,186391088
1643293800,438.26,441.59,429.45,431.24,454.6850395334659,446.0549604665341,447.83674225025806,424.98776621084147,469.1594105308694,418.83123386559294,149878307
1643380200,432.68,442,427.82,441.95,454.87856687636895,445.86143312363106,445.5394905641218,421.8059007565036,467.7938185986561,416.88531302853306,164457370
1643639400,441.24,450.28,439.81,449.91,454.9944885853621,445.7455114146379,451.63663765973797,425.16483617783865,472.589752879633,425.16483617783865,152251425
1643725800,450.68,453.63,446.9384,452.95,455.0102194567406,445.7297805432595,457.82303714036726,427.3222700763348,476.61169939238226,427.3222700763348,123155382
1643812200,455.5,458.12,453.05,457.35,455.0377000904607,445.7022999095393,459.93172078829866,426.61350191837624,478.2267879218231,426.61350191837624,117360953
1643898600,450.95,452.97,445.71,446.6,455.20878205211415,445.53121794788586,459.69721577880955,426.61657232190424,481.0119969213645,426.51172951148385,118024442
1643985000,446.35,452.78,443.83,448.7,455.2087456377635,445.53125436223655,460.3487304517175,423.04439625130345,474.7327388204699,423.04439625130345,118454352
1644244200,449.51,450.99,445.85,447.26,455.2051493637656,445.5348506362344,463.2039404325578,424.14522484028544,475.8925996433865,422.7227381067647,84472859
1644330600,446.73,451.92,445.22,450.94,455.23051523379036,445.50948476620965,464.22956013611787,422.95307479484285,475.03388968480704,421.4135431859318,81012036
1644417000,455.22,457.88,455.005,457.54,455.30194729859517,445.4380527014049,467.3765040647196,427.8547968700367,477.1796685834797,422.0652760613068,92589929
1644503400,451.34,457.71,447.2,449.32,455.3844957347187,445.3555042652813,472.3978240338145,433.95001402362846,481.42887119754033,423.4033192975127,140103712
1644589800,449.41,451.605,438.94,440.46,455.5018692828881,445.23813071711186,468.35138120101647,432.58443289822327,476.1998218791463,420.270040937559,153214597
1644849000,439.92,441.6,435.34,439.02,455.4813373160117,445.25866268398835,462.963765454582,431.62961830233206,470.71012004724196,415.66541392409044,123006262
1644935400,443.73,446.28,443.18,446.1,455.56968057306153,445.1703194269385,462.21084470015455,430.51485066274074,469.7303246323734,414.3225064452817,88659503
1645021800,443.93,448.055,441.94,446.6,455.56389704829905,445.17610295170095,467.67342763040205,436.72373219159493,474.1142989826036,417.2809951138467,84863585
1645108200,443.22,446.5652,436.42,437.06,455.6938029849694,445.04619701503054,468.38719965168434,433.9325089951613,474.4030442121718,417.0047979728936,102259108
1645194600,437.33,438.66,431.82,434.23,455.6960975044961,445.04390249550386,461.18978870300884,427.1037433976002,468.1835058536049,411.5777638633556,132642896
1645540200,431.89,435.5,425.86,429.57,455.7230726109521,445.0169273890479,453.36485540572096,424.19725165444515,466.22974451100123,409.4977940305375,124391830
1645626600,432.66,433.26,421.35,421.95,455.8027283380333,444.93727166196675,446.0681005944174,420.0014243970063,463.01196074093707,406.32218893363455,132578005
1645713000,411.02,428.76,410.64,428.3,450.7581372836218,439.86186271637825,439.532939354795,413.49003765692794,457.701407670983,401.13049603649034,213942946
1645799400,429.61,437.84,427.86,437.75,450.9056364768563,439.71436352314373,443.7852306663282,417.6624877990333,461.85739518594295,404.5504578203618,121804459
1646058600,432.03,438.2,430.7,436.63,450.7735233768461,439.84647662315393,450.6804366627973,418.1385888443154,468.1748789816537,409.8135619273447,145615029
1646145000,435.04,437.17,427.11,429.98,450.7825141022678,439.8374858977322,448.05246208322507,416.59135934769205,467.3243728084061,408.78194915823053,137785908
1646231400,432.37,439.72,431.57,437.89,450.7872697998395,439.8327302001605,442.009872769486,413.65475726128943,460.39805526559604,404.2896860847038,117726525
1646317800,440.47,441.11,433.8,435.71,450.7605708404188,439.8594291595812,447.49239438962235,414.7876846520048,465.935938023549,408.7990437456418,105501715
1646404200,431.75,433.37,427.88,432.17,450.70312316141957,439.9168768385805,447.06654613641155,413.2077430678929,460.668127732041,407.2462447354388,114083256
1646663400,431.55,432.3018,419.36,419.43,450.92436379020916,439.69563620979085,445.1019847535165,412.79446606580376,457.4521988566242,404.66624551920125,137896560
1646749800,419.62,427.21,415.12,416.25,450.88650073932195,439.73349926067806,436.55313506943276,404.39163728886246,448.2916405616182,395.93669048287865,164772744
1646836200,425.14,429.51,422.82,427.41,450.9701866780914,439.64981332190865,434.83011122776406,401.63048309395924,445.80060552629135,393.4284910195491,116990765
1646922600,422.52,426.43,420.44,425.48,450.96793007950504,439.65206992049497,442.0230471608868,408.5064853884777,453.93806073847,400.6249875808863,93972655
1647009000,428.12,428.77,419.53,420.07,450.9952501190255,439.6247498809745,440.47663763853257,406.81940728311497,452.44381171824307,399.03075421200305,95636277
1647264600,420.89,424.55,415.79,417,450.96921397656604,439.65078602343397,436.42816507232317,408.5545862452726,448.24516927144157,395.0271159899756,95729188
1647351000,419.77,426.84,418.42,426.17,451.10578623644716,439.5142137635528,434.3553759858222,405.7908068336986,445.7513770873707,392.59509039607207,106219117
1647437400,429.89,435.68,424.8,435.62,451.24081687278976,439.37918312721024,441.230636470779,409.70953294633864,452.8165871722919,398.7197782232402,144954805
1647523800,433.59,441.07,433.19,441.07,451.2163633962739,439.40363660372606,449.782013555112,414.447682002879,460.69396938449734,404.2569313526128,102676870
1647610200,438,444.86,437.22,444.52,451.21958702165074,439.4004129783492,449.83204932033095,417.03243067871637,465.82838706278926,407.294976845208,106345544
1647869400,444.34,446.46,440.68,444.39,451.1704996697809,439.44950033021917,452.62985520760446,417.93047049869966,469.1098978008588,409.17257726069084,88349763
1647955800,445.86,450.58,445.86,449.59,451.1805374978183,439.4394625021817,452.9174872773431,418.63800132683116,469.02993759794214,408.900745106416,74650394
1648042200,446.91,448.49,443.71,443.8,451.1352571789569,439.4847428210431,458.02102508835145,420.83911227382157,473.9933763331623,409.8311539037413,79426098
1648128600,445.94,450.5,444.76,450.49,451.17060603928593,439.449393960714,456.85775193252795,418.9332079332401,468.5472457797877,408.1685883730345,64736892
1648215000,451.16,452.98,448.43,452.69,451.1662129766009,439.45378702339906,462.7202402382161,423.70467838970796,474.9539023797961,409.1453634287694,77101324
1648474200,452.06,455.91,450.06,455.91,451.1239763286972,439.49602367130285,465.70193589538394,428.1142649550963,477.1035282178426,409.08138425684035,68529767
1648560600,460.02,462.07,457.18,461.55,451.16895967089016,439.45104032910984,469.29306082229556,437.87690849035687,480.2358999325105,409.225112690863,86581542
1648647000,460.34,461.195,456.465,458.7,451.1765026993253,439.44349730067466,474.6739047636753,442.5689143310396,485.69602362517196,409.80205335588073,79666942
1648733400,457.89,458.76,451.16,451.64,451.23366600709846,439.38633399290154,473.5113433051844,440.90792126334475,483.0302305296526,409.14585612938777,121699948
1648819800,453.31,453.46,449.14,452.92,451.23636802112736,439.38363197887264,469.41439721284166,438.9546144434192,476.29155342518237,407.6481521921559,89048773
1649079000,453.13,456.91,452.26,456.8,451.2479009735544,439.37209902644554,471.1728837179397,446.63144246017805,477.569771326441,408.87186996117,59601000
1649165400,455.22,457.83,449.82,451.03,450.27185852967307,438.3481414703269,474.8891171236255,450.0714367716383,481.365401893223,409.58497572916554,74214501
1649251800,446.89,448.93,443.47,446.52,447.78159935051326,436.05840064948666,469.95298339535924,445.03949810015047,475.8211064353634,407.97278153780985,106897781
1649338200,445.59,450.69,443.53,448.77,447.7902840354524,436.04971596454754,465.71667785025073,441.0103231456732,472.08177791428585,406.5392428856036,78097214
1649424600,447.97,450.63,445.94,447.57,447.78847664931993,436.05152335068,464.99592704602765,442.6298551268638,474.1855379018269,406.91402413756714,79272711
1649683800,444.11,445,439.39,439.92,447.8596255552361,435.98037444476375,463.8600859750931,441.2970253623821,474.6683657643586,406.3385875002646,89770538
1649770200,443.08,445.75,436.6501,438.29,447.83505535329357,436.00494464670635,458.3665936395699,434.90096913433274,471.6274539234615,405.7172482887006,84363635
1649856600,438.03,444.11,437.84,443.31,447.7095583331025,435.8104416668974,457.04261940548247,433.3096807576,471.3464009929784,404.7234860408504,74070394
1649943000,443.55,444.7301,437.68,437.79,443.7535952700977,431.9764047299023,460.82560789567634,436.1101662422507,474.74627789222683,407.11239141370606,97869451
1650288600,436.81,439.75,435.61,437.97,442.22328963485415,430.4867103651459,450.9122379449048,432.14404990006926,472.04062516548333,404.1115667240542,66002498
1650375000,437.86,445.8,437.68,445.04,442.21883567921657,430.4911643207834,448.3895015792262,431.72169233433004,472.57681860970894,404.03922330490457,77821013
1650461400,446.92,447.57,443.48,444.71,442.1924717065642,430.5175282934358,451.2277111982464,433.5953642413794,477.47000840957594,407.6701227424665,65224449
1650547800,448.54,450.01,437.1,438.06,442.21853845239343,430.49146154760655,450.81995157044634,432.7335470269251,477.7452925558697,407.39325069096617,85417327
1650634200,436.91,438.0825,425.44,426.04,442.3144081355053,430.39559186449475,444.94701080599197,429.11482308911854,473.7318136560606,403.63041827531777,132471772
1650893400,423.67,428.69,418.84,428.51,442.31866046228447,430.3913395377156,440.997777547253,420.9119786833157,465.69518753124333,396.68623397638635,119647748
1650979800,425.83,426.04,416.07,416.1,442.49198888934455,430.2180111106554,440.7850077141659,422.1594570313764,467.57998298993266,397.8960057848262,103996312
1651066200,417.24,422.92,415.01,417.27,442.49406211168525,430.2159378883147,434.73563652700614,411.6842975329124,459.1511042232486,389.2424961587564,122029990
1651152600,422.29,429.64,417.6,427.81,442.6447179831751,430.06528201682494,433.8197172556967,410.00383140912874,459.9381277476288,390.00865220896094,105449088
1651239000,423.59,425.87,411.21,412,442.8198292000289,429.89017079997114,438.7372637423772,410.4118400416097,467.4708071576967,396.9292947871918,145491009
1651498200,412.07,415.92,405.02,414.48,439.895497320824,427.19450267917586,428.9300515227718,402.5898471067762,456.27553877118976,385.7054616603114,158312526
1651584600,415.01,418.93,413.36,416.38,439.88841533825064,427.2015846617492,429.5499571745096,401.5076308934961,457.9947832418958,387.50043786018284,100028190
1651671000,417.08,429.66,413.7099,429.06,440.0862165144009,427.003783485599,430.0609004282236,400.87333347053783,459.3438570885457,388.8600373953172,144247895
1651757400,424.55,425,409.44,413.81,440.2475956837526,426.8424043162473,438.3432566089493,406.6774319305054,468.8735983020852,397.03789137254586,172929106
1651843800,411.1,414.8,405.73,411.34,440.2445180896584,426.8454819103415,428.4594758765712,397.12959579186554,457.44843412572845,386.64193275176876,151770811
1652103000,405.1,406.41,396.5,398.17,436.1257924217773,422.44420757822263,428.4251532036676,394.68236935140067,455.57639911208963,384.598432615722,155586067
1652189400,404.49,406.08,394.82,399.09,435.2544387172837,421.63556128271637,422.0743472911341,385.23607083265097,445.4706689128448,378.8278418892165,132497200
1652275800,398.07,404.04,391.96,392.75,433.78293536343085,420.2470646365691,421.32503981157515,384.8934268205556,446.045456859371,379.58110943888914,142360992
1652362200,389.37,395.8,385.15,392.34,430.27085780495696,416.94914219504307,417.1682215044995,379.64641739309616,440.93071249979937,373.93133182953716,125090753
1652448600,396.71,403.18,395.61,401.72,430.338703560318,416.88129643968205,415.9076895591744,380.5761793391546,440.4388243677614,373.5098324310798,104174421
1652707800,399.98,403.97,397.6,400.09,430.3394411760671,416.8805588239329,421.0643550555001,383.04003639222026,447.77476290322306,381.74809581405975,78622444
1652794200,406.53,408.57,402.5824,408.32,430.37557907141587,416.84442092858416,419.52379351003106,380.6846340894055,446.37171563705834,380.6846340894055,83029710
1652880600,403.5,403.8,390.55,391.86,430.6932801292154,416.5267198707846,425.80281780349696,383.4540611985243,452.90551090411066,383.4540611985243,117674545
1652967000,388.62,394.14,387.11,389.46,430.6188654271871,416.601134572813,412.2912972909631,373.24270056912746,439.43915983412774,373.24270056912746,98510715
1653053400,393.25,397.03,380.54,389.63,428.27221169725385,414.33778830274616,409.95712497217846,370.6459627901723,437.3131408180293,370.6459627901723,131432197
1653312600,392.83,397.73,390.38,396.92,428.33550520342646,414.27449479657355,409.78890122555583,369.90773986381794,437.308372806925,369.90773986381794,76414878
1653399000,392.56,395.15,386.96,393.89,428.2877366550657,414.3222633449343,412.9333576441013,373.70948329269424,443.26527704973375,373.70948329269424,91448831
1653485400,392.31,399.45,391.89,397.37,428.25543207552937,414.3545679244706,409.0326256357627,371.09211225988287,440.621767801523,371.09211225988287,91472866
1653571800,398.67,407.04,398.45,405.31,428.2372097291325,414.3727902708676,411.5465832421166,372.39641558692625,443.45055885690374,372.39641558692625,82168339
1653658200,407.91,415.3801,407.7,415.26,428.3652216628143,414.2447783371858,417.53631850785666,386.33772919840317,450.07179279066986,376.6432948309802,84768710
1654003800,413.55,416.46,410.03,412.93,428.3272293373923,414.28277066260773,425.40812430374183,390.1177966718813,458.4183802793019,379.47131551086807,95936980
1654090200,415.17,416.24,406.93,409.59,428.26451859903693,414.3454814009631,424.13487654660963,392.03743006730264,456.4426522714846,378.0254615231124,86585813
1654176600,409.42,417.44,407.04,417.39,428.33951822225316,414.2704817777468,421.8747781489686,389.96608756521744,453.5820301135126,376.12736936726793,79609633
1654263000,412.4,414.04,409.51,410.54,428.3784041417745,414.23159585822555,428.5175131016885,395.33286320417903,460.2228123736991,378.000539499717,71874281
1654522200,414.78,416.609,410.5523,411.79,428.2071224483231,414.4028775516769,424.9456715812332,390.7482129921914,453.4484813697638,375.412515015478,57508858
1654608600,408.1,416.22,407.61,415.74,428.21498712121917,414.39501287878085,426.68339918491193,391.691989799973,454.57030649785264,375.30454796968735,59272373
1654695000,413.93,415.82,410.38,411.22,428.0907030671609,414.51929693283915,430.2231427470634,394.6567202021186,458.17390305759284,375.79334778646626,64349966
1654781400,409.34,411.74,401.44,401.44,428.1996229485703,414.4103770514297,428.1771093685366,391.37080375349115,454.01283275238075,373.9116259868057,86289796
1654867800,394.88,395.7777,389.75,389.8,428.33457338102437,414.27542661897564,422.40417912723416,397.8561354818399,437.45536499623256,369.1727778124511,132893850
1655127000,379.85,381.81,373.3,375,424.9182523504253,410.4517476495747,416.59340918198023,387.355687043388,418.8364219411896,362.5260555410912,170004861
1655213400,376.85,377.94,370.59,373.87,423.43266431444823,409.2273356855518,409.8481100976653,373.64801227066266,410.5220429159877,351.1933253953993,104011831
1655299800,377.36,383.9,372.12,379.2,423.37160350773706,409.28839649226296,406.5918823189214,367.06089197870887,409.5529415835206,350.00354587430127,125666797
1655386200,370.51,370.94,364.0799,366.65,420.203772098542,405.94612790145806,408.31995475896656,362.68069171752467,410.7566136289116,353.74631404912316,134473288
1655472600,365.51,369.38,362.17,365.86,419.2103250398158,405.0296749601842,398.9534391663354,353.8751781903828,405.66082406036867,343.8350877561644,111113904
1655818200,371.89,376.525,371.81,375.07,419.35401986358,404.88598013642,392.6391982080324,350.4529317854486,404.6364042608386,342.9123385601107,76811861
1655904600,370.62,378.72,370.18,374.39,419.31528526860336,404.9247147313966,390.820637881634,353.42979374841786,407.9238274489298,349.78639910508457,90059424
1655991000,376.64,378.83,372.89,378.06,419.32482454481254,404.9151754551874,389.5817346815225,351.4663897453992,407.21042357676447,349.0167777408922,79292135
1656077400,381.4,390.09,381.365,390.08,419.4793287738052,404.76067122619475,391.7701207594637,352.13038298777195,408.63932263567006,351.66608076847734,98050333
1656336600,391.05,391.36,387.44,388.59,419.4701558507924,404.76984414920764,397.83860259858363,355.5621239601195,416.8642060008716,355.5621239601195,66009617
1656423000,390.23,393.16,380.53,380.65,419.5120932580408,404.7279067419592,396.32806015078296,353.89388328554935,415.81654367342173,353.89388328554935,86689824
1656509400,381.23,382.27,378.42,380.34,419.0250386104022,404.3399613895978,394.99341943005146,349.60324321750915,410.0286299119423,349.60324321750915,65675999
1656595800,376.24,380.6582,372.56,377.25,417.7887558192161,403.14124418078393,396.2843052016271,348.3451924940427,409.68642477769674,348.3451924940427,112508273
1656682200,376.56,381.7,373.8,381.24,417.319269172957,402.68073082704296,395.6493970246782,346.9822761057412,407.2407555364518,345.8822794285991,74839729
1657027800,375.88,381.98,372.9,381.96,417.317530370186,402.682469629814,398.70064338174853,353.2414650302745,410.1685554986432,346.9357290478519,81437965
1657114200,382.11,385.87,379.6,383.25,417.301153802201,402.698846197799,399.86439101260896,360.3370883643152,410.6426957684824,346.553727842969,70426244
1657200600,385.12,389.83,383.267,388.99,413.70390478484586,399.15609521515415,401.34514917757497,368.8982661326368,411.58229846710435,346.5833262513873,64525919
1657287000,387.27,390.64,385.66,388.67,413.69338515164503,399.166614848355,405.9759497515189,373.64262001340137,416.06350541194274,349.1671097166173,72397765
1657546200,385.85,386.87,383.5,384.23,413.6682004099685,399.1317995900315,406.3513357146182,373.47224831755017,415.80447042501413,348.5556749695025,58366945
1657632600,383.65,386.16,378.99,380.83,413.3599701421808,398.8200298578193,403.4813791219399,373.702273679704,412.2167950585516,345.58658166715804,62219178
1657719000,375.1,381.92,374.658,378.83,413.3219957848633,398.85800421513676,401.16904257061356,371.4170534442989,409.4006094928787,343.1434742853055,84224649
1657805400,373.61,378.57,371.04,377.91,413.3216672114576,398.8583327885425,393.74438336746,369.85590177663937,407.68861569337946,341.5018463624939,89704819
1657891800,382.55,385.25,380.54,385.13,413.36911233711766,398.8108876628824,392.9531131064753,368.95685758060864,406.85138044789073,340.51987470876026,79060383
1658151000,388.38,389.09,380.66,381.95,413.35658567322037,398.82341432677964,396.70844485392615,373.65508316521425,412.8238587898692,344.6675425690355,63203626
1658237400,386.08,392.87,385.39,392.27,413.50163978533544,398.6783602146646,391.9353701123217,371.3214089949022,410.1200671201992,342.35139069331785,78505972
1658323800,392.47,396.26,391.03,394.77,413.4571191727444,398.7228808272556,399.1862870009982,378.38003657869376,418.8040446735103,348.6470063624017,71843769
1658410200,394.16,398.84,391.63,398.79,413.4822318766092,398.69776812339086,401.35388679641335,380.1272577775042,420.93819976549213,349.95113235723034,64903856
1658496600,398.92,400.18,392.75,395.09,407.38882433974806,392.863675660252,404.6844033911807,382.3047282891485,424.42794608075087,352.24750183456007,72197332
1658755800,395.75,396.47,393.21,395.57,402.98052951642416,388.8494704835759,402.32965873601063,380.878506349958,421.267034358519,349.7882535721691,53631485
1658842200,393.84,394.06,389.95,390.89,402.99136920359734,388.8386307964027,404.3209660490328,381.37426500055295,421.70760234609867,349.9306196507848,52946393
1658928600,394.36,402.88,394.05,401.04,402.9748106836928,388.85518931630725,403.6613795131725,378.8616800520784,417.67646704431456,346.7711162126122,82342106
1659015000,401.89,406.8,398.15,406.07,403.0024745176023,388.82752548239773,409.9604117259173,385.0813699210001,426.58310329496646,351.86602441744714,73966563
1659101400,407.58,413.03,406.77,411.99,402.9277292408642,388.9022707591359,414.265227325,388.5190299113045,431.0985262753762,353.316873708711,87003672
1659360600,409.15,413.41,408.4,410.77,402.677246712125,389.15275328787504,419.5082062315297,394.02195076595746,436.4314455591912,355.1291869777202,69997471
1659447000,409.12,413,406.82,408.06,402.67799569545514,389.1520043045449,419.5284919198696,397.3403526182882,435.423382840258,354.5609289264395,63435418
1659533400,410.3,415.68,410,414.45,402.71908268354633,389.11091731645365,418.9878743719516,396.3788766775129,433.0650557525965,356.7647984600781,67820555
1659619800,414.37,415.09,412.44,414.17,400.17990336525924,386.99009663474084,424.11075156302127,400.83618871692636,438.8788030908249,360.6050850846317,45656574
1659706200,409.66,414.15,409.6,413.47,396.0944472620921,383.5155527379079,425.67559679672684,401.18111582149044,438.70644734594725,360.4152343938994,56814929
1659965400,415.25,417.62,411.83,412.99,396.1792340142022,383.61076598579774,426.4998239950677,401.12053493313107,438.1487608143143,359.96232180503006,54025965
1660051800,412.22,412.75,410.22,411.35,395.9723869465445,383.8176130534555,427.1309801131236,401.11411063549957,437.7837160282779,359.6400543874161,44931772
1660138200,418.78,420.14,416.72,419.99,397.3316162813323,384.97838371866766,426.679950662037,400.1757579359001,436.3546886018327,358.58013778337414,68665712
1660224600,422.99,424.95,419.21,419.99,399.71766931953704,387.40233068046297,433.8453792695873,406.9249923081813,444.311422104619,364.037393942019,59489704
1660311000,422.03,427.21,421.03,427.1,400.9127595243719,388.4672404756281,434.5307715552274,407.23576054229665,444.3932746981881,364.05011064989833,61694542
1660570200,424.765,429.41,424.71,428.86,401.9307379814561,389.64926201854394,440.8221173517512,415.6673812029416,450.99042060704954,368.61595263491796,54048280
1660656600,427.73,431.73,426.88,429.7,403.10349925115776,390.79650074884233,442.88701226371325,417.24096555518656,452.7008995042543,369.7912348657941,59289039
1660743000,425.91,429.5,424.54,426.65,403.03944449982237,390.8605555001777,444.15539446766314,418.4822081804773,453.569956734912,370.384434561468,63563394
1660829400,426.86,428.61,425.5,427.89,402.66290892093116,391.237091079069,434.89030041478327,417.95405707632074,450.85013174320596,368.4497895885,49023206
1660915800,424.98,425.26,421.22,422.14,402.6989254474498,391.20107455255027,436.73821816475476,419.12331197862875,449.0832108479011,369.30038144567555,68016902
1661175000,417.05,417.23,412.4,413.35,402.8045881679511,391.09541183204897,434.2722201207086,416.3836438281326,443.67877366293317,365.5414122518182,77695640
1661261400,412.9,415.42,411.77,412.35,402.7389842790762,391.1610157209239,430.90610425298604,410.44140442704145,435.4375961766587,359.68682757208853,49105249
1661347800,412.11,415.1101,411.39,413.67,402.72524472759835,391.17475527240174,430.78240833100256,409.8525921258517,436.24455155959015,358.99851958744335,49177804
1661434200,415.24,419.56,414.09,419.51,402.74914378250656,391.1508562174935,430.66622704407945,408.10747262319893,437.6155665522732,359.875270214503,50942252
1661520600,419.39,419.96,405.25,405.31,402.927754401494,390.9722455985061,434.3851127069041,408.32588620727245,441.5155775236432,363.8279573274478,103086976
1661779800,402.2,405.84,401.1999,402.63,402.8095760907846,391.0904239092154,425.3048239794182,398.622325862247,436.4377177365284,354.1214767573684,65370810
1661866200,403.85,404.1,396,398.21,402.82756483320105,391.0724351667991,423.2829644617035,395.7102871470792,436.0133054400356,352.2329083713457,85652443
1661952600,399.93,401.24,395.04,395.18,402.8260618478306,391.0739381521695,419.9411240541731,391.5997939268305,435.2648493708314,349.6812734290171,76029671
1662039000,392.89,396.78,390.04,396.42,402.747243904582,391.15275609541817,412.37380538780343,388.501740696524,434.8455286394959,347.39001106430806,78740084
1662125400,400.28,401.555,390.33,392.24,402.7142997675813,391.1857002324188,411.43934972101783,387.2577286918605,435.71558953458134,348.2690255899371,99632149
1662471000,393.13,394.12,388.42,390.76,402.7130927034934,391.18690729650666,405.2450129413711,383.12712230289543,434.7159716421932,348.5583552096334,76637400
1662557400,390.43,398.59,390.2,397.78,402.76462839707693,391.1353716029231,403.1287306177899,381.2671949146116,434.5501635109697,355.54827101832444,70964232
1662643800,395.39,400.86,394.12,400.38,402.7522639268618,391.1477360731383,407.82959345013364,384.5928496388465,437.5585514612247,371.8957331745439,80821681
1662730200,402.74,407.51,402.46,406.6,402.6800453694146,391.21995463058545,409.4937781580725,384.7642463827819,438.990305641773,384.7642463827819,76706918
1662989400,408.78,411.73,408.46,410.97,402.5042113313393,391.3957886686607,414.551182510676,386.2929359761078,441.87088675755064,386.2929359761078,69256262
1663075800,401.83,403.1,391.92,393.1,402.6128412165448,391.2871587834553,418.25674314859117,387.17252737141547,444.45344344867203,386.1009140878749,122947081
1663162200,394.47,396.2,391.12,394.6,402.6116137831954,391.28838621680467,411.0451254737609,378.13406877317624,437.1859962619151,378.13406877317624,85023747
1663248600,392.96,395.96,388.78,390.12,402.6035291200017,391.2964708799983,411.92582182068185,378.4566407817222,438.17251312420393,378.4566407817222,87633840
1663335000,384.14,386.25,382.11,385.56,402.3727918177268,391.5272081822733,410.1578625866376,374.90776746268557,433.73907290770086,374.90776746268557,103084819
1663594200,382.26,388.55,382.1784,388.55,406.4412787475902,395.46872125240986,407.58512551852135,371.20102766523917,431.5071942572363,371.20102766523917,73278490
1663680600,385.06,386.12,381.195,384.09,406.3388491728876,395.5711508271125,409.1227175213809,375.63595201579096,433.0577512657847,372.78278447123375,77274882
1663767000,386.11,389.31,377.38,377.39,406.84868939180984,395.92131060819014,406.103474081307,371.34501031513537,430.3702972168356,369.1140992680032,106746554
1663853400,376.58,378.3,373.44,374.22,406.84291827012976,395.9270817298702,401.19819512397004,365.2082700645571,426.4397146231929,363.71600297389693,89472641
1663939800,370.58,370.62,363.29,367.95,402.7391354169424,392.28086458305756,398.4856317915565,361.9655517119927,424.60065026120947,360.8623135475689,122346933
1664199000,366.41,370.21,363.0299,364.31,402.62467112850476,392.1352288714953,393.5141855417661,356.11294545055176,420.83081121615305,355.6170719940525,92581244
1664285400,368.02,370.4,360.87,363.38,401.4372196564804,391.1627803435196,390.27409550882385,352.5046509765125,418.5171773528667,352.33396293488096,108294074
1664371800,364.38,372.3,362.6,370.53,401.53394311274377,391.06605688725625,388.74338240976994,351.2911087378397,416.3509040065401,351.1595445169626,110802217
1664458200,366.81,367.11,359.7,362.79,401.02746547888745,390.4025345211126,387.87601572666466,357.2561198658955,421.28878409392456,356.3927284396523,112952315
1664544600,361.8,365.91,357.04,357.18,399.7003134624682,389.06968653753177,377.0300330176191,350.1416235104357,415.69297780546765,349.8980863393616,153711243
1664803800,361.08,368.55,359.21,366.61,399.8641321718846,388.9058678281154,366.04223426686895,344.8800920876947,411.47973743525876,344.8800920876947,89756479
1664890200,372.4,378,366.5677,377.97,400.07273528117946,388.6972647188205,371.8935378254738,350.34449388837754,418.26515138475,350.34449388837754,103602775
1664976600,373.39,379.46,370.95,377.09,400.02306991173623,388.74693008826375,382.3590453561958,354.2614233707515,426.4889353022769,352.1927499817182,88065669
1665063000,375.62,378.72,372.68,373.2,400.04404652964905,388.725953470351,382.110136295834,353.2119934028141,425.84494765204215,350.7293509495079,82333543
1665149400,368.97,373.2933,360.94,362.79,400.1824397290357,388.5875602709642,382.1629519111342,352.1974656778375,422.9551427695027,348.21190305472567,107789498
1665408600,363.96,364.21,357.67,360.02,400.1785953792512,388.59140462074873,381.0533027291007,348.24811457696467,415.0620362099024,342.8780684600891,76042765
1665495000,358.235,363.03,355.71,357.74,399.50609714844325,387.9339028515568,379.4377007719475,345.9806783032576,410.0065795467941,340.4584037531235,92482785
1665581400,358.17,359.8179,356.3,356.56,399.5068211610833,387.9331788389167,377.81900476311483,345.3146838469521,408.0799981039634,338.2571586268009,76991799
1665667800,349.205,367.51,348.11,365.97,395.7206038493215,384.11939615067854,376.8872370548807,346.21684340026695,400.40007262889503,336.6063426325263,147254518
1665754200,368.55,370.26,356.96,357.63,395.8104591367113,384.02954086328873,384.6975683558434,352.1776869273429,407.0706793077061,340.3177633335619,123737013
1666013400,364.01,367.9799,357.2808,366.82,395.7961529833782,384.04384701662184,377.7728502074526,346.61905750686924,399.85287438127335,335.2461065825123,93168231
1666099800,375.13,375.45,367.52,371.13,395.8180810639083,384.02191893609165,385.79666120121385,352.56129958745146,407.5728653136295,338.70803467694566,97162850
1666186200,368.99,371.85,365.55,368.5,395.79951732938724,384.0404826706128,389.7568462585838,353.55519613626524,411.15612952813035,339.4449184077835,79746863
1666272600,368.03,372.67,364.61,365.41,395.79669802859445,384.0433019714056,387.5790283271984,352.1121151777727,408.81665269962355,337.6489522274308,88283087
1666359000,365.12,374.8,363.54,374.29,395.9233178899612,383.91668211003883,384.89390354702385,350.17985890350195,398.5657402928359,335.6180282081024,131038379
1666618200,375.89,380.06,373.11,378.87,395.93121671009163,383.9087832899084,393.13032336538765,354.1544559733629,402.0693953347348,338.6772096516097,85436907
1666704600,378.79,385.25,378.671,384.92,395.8468380775724,383.99316192242765,389.6008283243562,356.3910462299204,403.2956757786402,340.10109481828096,78846348
1666791000,381.62,387.58,381.35,382.02,395.82018555506863,384.0198144449314,391.6734862318276,359.6690262894026,408.6186635677139,341.395236775319,104087348
1666877400,383.07,385,379.33,379.98,395.77389015753744,384.06610984246254,389.87431799360223,358.9799728270203,405.95862554755854,340.09118360720026,81971756
1666963800,379.87,389.52,379.68,389.02,395.8964652868912,383.94353471310876,390.8308397067694,360.8240503209886,400.2903019728312,338.9711428559861,100301958
1667223000,386.44,388.4,385.26,386.21,395.8980088530107,383.9419911469893,397.07665748789685,374.3951473785593,408.81972812979916,340.92023943824637,96631258
1667309400,390.14,390.39,383.29,384.52,395.8446220016213,383.99537799837873,397.1355946151373,375.5744503652692,406.1492188519291,339.70214632592274,85407598
1667395800,383.9,388.63,374.76,374.87,395.9609854968398,383.8790145031602,397.1705493913577,374.19338897303226,404.52904964220016,338.75618233997415,126990356
1667482200,371.465,374.2,368.79,371.01,395.9760816542185,383.86391834578154,392.9333438755243,365.5849530824406,395.29172934025956,335.2286425449393,87100115
1667568600,377,378.87,370,376.35,396.026131308808,383.813868691192,392.49001331669507,362.1190147019154,392.49001331669507,332.9465517689926,103505182
1667831400,377.71,380.57,375.53,379.95,396.0481690091458,383.79183099085424,395.21193604299646,368.4794737423279,396.6435123699897,334.71851490184014,68286947
1667917800,381.11,385.12,377.72,382,395.9597675499813,383.8802324500188,396.3261938706829,367.91533234572415,400.0786158987627,335.50753360677595,84641062
1668004200,379.93,381.14,373.61,374.13,396.0320213922748,383.8079786077252,398.0891377903926,367.8675504830243,402.03285617572055,335.7672211300324,78495470
1668090600,388.05,395.04,385.642,394.69,396.5424651044178,383.2975348955823,393.77317497300197,363.69625247061924,396.2312900645674,332.5342231366863,141455847
1668177000,395.59,399.35,393.61,398.51,396.5586993203855,383.28130067961456,409.135410274066,373.442731304355,414.3013645921403,339.6074227331982,93839872
1668436200,396.66,400.1799,394.83,395.12,395.4324933651262,382.17750663487374,406.33848849116464,375.2733225525972,418.1467616872052,340.7023321921566,71893165
1668522600,401.15,402.31,394.49,398.49,394.9905875521398,381.7294124478602,403.1236409584884,374.1551419428901,414.9005328891225,341.72906771489227,93194452
1668609000,396.78,397.78,394.79,395.45,393.29158296085177,380.0784170391483,406.40137491143827,376.4061003692232,418.30882514764534,343.37824635487226,68508454
1668695400,390.46,394.95,390.14,394.24,390.5696379334722,377.50036206652777,412.2222646564289,374.7102591114048,415.38313708383606,341.91029552193294,74496255
1668781800,397.74,397.81,393.04,396.03,390.5017332064905,377.56826679350945,412.24773385219004,374.05094776201014,414.2547415907551,341.2059307514073,92922451
1669041000,394.64,395.82,392.66,394.59,390.50276849411466,377.5672315058853,414.5942773415803,375.37141357756315,416.0988062845164,341.833852316126,51243189
1669127400,396.63,400.07,395.1527,399.9,390.53544993537525,377.5345500646246,414.2477956104845,377.0522721768104,414.7303577004585,343.73053266934346,60429025
1669213800,399.55,402.93,399.31,402.42,390.5054302814707,377.56456971852924,419.2258776448119,382.6723249322009,420.0822462359898,346.79940667391025,68261628
1669386600,401.83,402.91,401.535,402.33,386.1101829679523,373.7298170320477,421.95775807398127,392.1120216344978,422.6610479435276,348.2461865915387,30545434
1669645800,399.09,400.81,395.11,395.91,386.1491275904836,373.69087240951643,422.4129691599003,392.2161153095792,422.63588691200476,348.1491053867059,68021749
1669732200,396.05,397.3,393.3,395.23,386.1278887856741,373.71211121432594,417.1698382232076,386.5789824299215,417.1698382232076,344.20361660517494,52310039
1669818600,395.49,407.68,393.48,407.68,386.2898377821833,373.5501622178167,416.84456053504414,386.0412085943835,416.84456053504414,343.7158143723051,144566653
1669905000,408.77,410,404.75,407.38,386.28881517052065,373.5511848294794,428.41493138544695,395.80882766298873,428.41493138544695,351.0695405563863,76398170
1669991400,402.25,407.86,402.14,406.91,386.26708064512735,373.5729193548727,428.47285344882897,396.42482034378327,428.47285344882897,350.90437761468286,85342731
1670250600,403.95,404.93,398.17,399.59,386.32613394782015,373.51386605217994,411.7778127687903,396.87792810012235,428.3259475152502,350.6539495060682,77289815
1670337000,399.42,399.99,391.64,393.83,386.3082499907986,373.5317500092015,409.81742483378724,393.3856067686723,421.72084701678136,346.197971904656,77972217
1670423400,392.94,395.64,391.97,393.16,386.3004947318308,373.53950526816925,407.3054329596106,388.6963224529575,416.44666529087925,342.4981353521786,65927896
1670509800,395.14,397.36,393.2684,396.24,386.267721688801,373.57227831119906,407.00348581445155,387.96881935768295,416.17261397093836,353.7925891038979,60737912
1670596200,394.94,397.62,393.15,393.28,385.37417084522866,372.73582915477135,408.38478649822133,389.42812991653034,418.9792569378041,355.52532436527815,81447733
1670855400,394.11,398.95,393.412,398.95,385.0511641847264,373.05883581527365,406.97518044172995,385.79013778242745,416.78515756811885,356.8990257783265,75405835
1670941800,410.22,410.49,399.07,401.97,385.3077221241693,373.29227787583073,410.9080337395324,388.54244174722413,421.8058132372543,361.6361211133148,123782534
1671028200,401.61,405.5,396.31,399.4,385.2901021104255,373.30989788957453,413.7572559356007,390.23938626402224,424.8372825702662,363.5657517957601,108111349
1671114600,394.3,395.25,387.885,389.63,385.3813096490791,373.2186903509209,411.40617902829985,388.2105956341276,422.4976035750068,365.5319009798156,117705889
1671201000,385.18,386.575,381.04,383.27,385.42060507993114,373.17939492006883,402.3676797773832,380.6570262989922,416.27049451744455,364.3990356769759,119857952
1671460200,383.47,383.82,378.28,380.02,385.40947702188726,373.19052297811277,398.8632569814185,375.33545981918905,414.17179433351663,360.30483911604057,79878103
1671546600,379.23,382.23,377.85,380.54,385.35180899451814,373.2481910054819,397.2083431513509,372.3275917139876,413.41757335213055,357.6274565360427,74427240
1671633000,383.25,387.41,382.69,386.23,385.3771101933918,373.2228898066082,396.58380864638224,372.356145713343,413.98013528245406,358.06331365527177,78167369
1671719400,383.05,386.2134,374.77,380.72,385.3617451364377,373.2382548635623,397.5525343197634,374.78936003284906,416.5888161494008,362.79717485996946,100120855
1671805800,379.65,383.06,378.03,382.91,385.34536851260026,373.2546314873997,393.8793683561343,370.9012593797906,414.7556408045252,358.22362948403253,59857329
1672151400,382.79,383.15,379.65,381.4,385.34749372788224,373.25250627211784,394.88484282716996,370.708636458708,416.011954412457,360.0582542398704,51638180
1672237800,381.33,383.39,376.42,376.66,385.3114423369602,373.2885576630398,393.5712058187825,368.887235549357,415.70540197906655,358.80325652411256,70911520
1672324200,379.63,384.35,379.08,383.44,385.2787329975936,373.32126700240644,389.9624717058731,365.28510441857475,413.87377954381526,354.8290787606562,66970877
1672410600,380.64,382.58,378.43,382.43,385.228614835449,373.37138516455104,394.49703111891495,368.48890333256867,417.2663668768122,360.52979301824587,84022205
1672756200,384.37,386.43,377.831,380.82,385.1099142495841,373.490085750416,392.3166691127954,367.30758336258003,417.1090019604877,360.5729135299772,74850731
1672842600,383.18,385.88,380,383.76,384.9398232556887,373.6601767443113,390.777795517823,365.7689992785007,416.622896809441,362.93690964915027,85934098
1672929000,381.72,381.84,378.76,379.38,384.96596470687666,373.63403529312336,389.22876004706075,367.29369012688284,418.34793341483055,366.03348861722435,76970456
1673015400,382.61,389.25,379.4127,388.08,385.0426021619807,373.55739783801937,385.6456982425775,363.92792417298574,416.41287636858726,362.224515828335,104189603
1673274600,390.37,393.7,387.67,387.86,384.87172270171635,373.7282772982837,393.147585551244,371.0086888601765,421.1307100264777,369.69972116204235,73978071
1673361000,387.25,390.65,386.27,390.58,384.8626164852437,373.73738351475635,393.15595633212087,375.6709891370932,421.33216376044805,369.341310450077,65358094
1673447400,392.23,395.6,391.38,395.52,384.8755297607855,373.7244702392145,395.7762742982683,379.32216470478863,423.0693010649792,370.9158232256995,68881080
1673533800,396.67,398.485,392.42,396.96,384.87131243324654,373.72868756675354,400.4290030148827,381.9340113923168,426.08406980090683,372.3002931687583,90157699
1673620200,393.62,399.1,393.34,398.5,389.2363955355663,378.21360446443373,402.3641050339561,382.8637197097692,424.26340078712985,372.4491150113216,63903932
1673965800,398.48,400.23,397.06,397.77,389.2719364484675,378.4988635515325,404.269603805183,383.89123849901836,425.4439439890517,372.7074214490549,62677281
1674052200,399.01,400.12,391.28,391.49,392.3842206521292,381.64577934787076,404.09889181784916,386.51365775965303,425.2928505389676,372.28089449205333,99632262
1674138600,389.36,391.08,387.26,388.64,392.37323861868583,381.6567613813142,401.6500260027508,383.81563500408356,421.7484813659135,369.81805035151143,86958919
1674225000,390.1,396.04,388.38,395.88,392.42672861275076,381.60327138724926,401.5010333006117,382.8921992193562,418.90278933002145,368.40453866691666,91806356
1674484200,396.72,402.645,395.72,400.63,392.4307865492346,381.5992134507653,405.6320667638121,388.0546029842846,424.30194396030697,371.02497281342477,84178797
1674570600,398.88,401.15,397.64,400.2,394.97815986903237,384.3018401309676,409.38169976601625,389.3111933546918,427.93989023437763,372.7181494613784,59524911
1674657000,395.95,400.7,393.56,400.35,394.949884265235,384.33011573476495,409.746498829453,389.3215655265772,427.81716219191543,372.43965826253685,84800251
1674743400,403.13,404.92,400.03,404.75,394.9218331543488,384.35816684565117,410.40235375127406,389.5249232128025,428.1121749786628,372.3964604201145,72287425
1674829800,403.655,408.16,403.44,405.68,394.90602611654685,384.3739738834532,414.12739788450625,392.2473460231571,431.57529538149487,374.177957948668,68346180
1675089000,402.8,405.13,400.28,400.59,394.93882336239324,384.3411766376067,415.33085356093386,393.1013138865663,432.472030944539,374.54660028259326,74202018
1675175400,401.13,406.53,400.77,406.48,394.8641486363259,384.415851363674,409.29561671105193,389.9249635936378,428.81042676976,372.22575027002847,86811786
1675261800,405.211,413.67,402.35,410.8,396.4822539884459,385.97774601155413,414.26999707093046,394.0980261121971,433.4692789434362,374.86660185641335,101459155
1675348200,414.86,418.31,412.88,416.78,398.86750983945353,388.2324901605465,418.2198495155596,397.38582802535336,436.9639744315332,376.8726246132268,101654463
1675434600,411.59,416.97,411.09,412.35,398.733377969881,388.36662203011906,423.6167903365437,402.024210339322,441.5216930929804,379.7307088902793,94736781
1675693800,409.79,411.29,408.1,409.83,399.326690636666,388.98330936333394,420.4393771588289,399.00012525246547,438.08082824767394,377.6886767634195,60295325
1675780200,408.87,416.49,407.57,415.19,401.14786945129765,390.7721305487025,420.46002986865864,397.26419366363115,436.1628041607931,376.48603849954685,90990745
1675866600,413.13,414.53,409.93,410.65,401.1688243599101,390.75117564009,424.2084047124811,403.17628777175287,440.7580403816297,379.2016636280508,76227462
1675953000,414.41,414.57,405.81,407.09,401.18753324252447,390.73246675747566,423.19807078550815,404.84000637043926,423.19807078550815,376.94631016188094,78694859
1676039400,405.86,408.44,405.01,408.04,401.6587143548412,391.4212856451587,422.9601955237291,401.7930571033151,422.9601955237291,375.1064209510354,70769715
1676298600,408.72,412.97,408.24,412.83,400.969012591576,392.11098740842397,421.7002793883623,402.6513156883467,424.1413398708153,375.60821225898405,64913539
1676385000,411.24,415.05,408.511,412.64,400.94647487345173,392.1335251265482,425.45880681886285,405.9265151696177,427.0255593321434,378.1894777508477,88389313
1676471400,410.35,414.06,409.47,413.98,400.92441026170326,392.15558973829667,425.6535117745846,405.507574603654,427.7488122293873,378.1247847864946,61685279
1676557800,408.79,412.91,408.14,408.28,400.9655619853227,392.11443801467715,426.97907280414887,405.79176469568273,429.1568067423394,378.89815800298885,76431469
1676644200,406.06,407.51,404.05,407.26,400.94952037174727,392.13047962825266,422.66453088787927,402.19385038598205,427.0285296454324,375.75361965578105,89257815
1676989800,403.06,404.16,398.82,399.09,401.064799066513,392.015200933487,421.9545398977953,401.1996273096713,427.259848222065,375.17729625114544,82655924
1677076200,399.52,401.13,397.02,398.54,401.0601409166274,392.0198590833725,415.2014010973852,394.7346413785002,424.2236762678307,370.44213522304807,83742293
1677162600,401.56,402.2,396.25,400.66,401.0634007631674,392.01659923683246,411.59190542163776,393.9503017172215,424.35199344897194,370.0657385745788,96242399
1677249000,395.42,397.25,393.64,396.38,401.04657286883247,392.03342713116746,410.4254381206248,393.8455657291746,425.7406277792815,371.2716528463475,108194413
1677508200,399.87,401.29,396.75,397.73,401.0385789512979,392.041421048702,407.4957623401728,390.4705489811253,424.0521770558341,368.66057539474906,80444736
1677594600,397.23,399.28,396.15,396.26,401.0419549026573,392.0380450973426,407.76945464260416,389.986644874141,424.99729702451543,369.4186085792595,96438567
1677681000,395.41,396.69,393.38,394.74,400.97479959110524,392.1052004088947,406.4790568217712,388.2454255935204,424.60105170841535,368.4653335275253,99706823
1677767400,392.68,398.69,392.33,397.81,400.99067912437704,392.0893208756229,405.1068356557574,386.5423316305621,424.1183259963605,367.5235612644226,85404726
1677853800,399.71,404.45,399.03,404.19,400.78714761973777,392.2928523802622,407.1075686931796,387.9929401427826,425.94452981301976,369.6288182275577,90119952
1678113000,405.05,407.45,404.01,404.47,400.7872343558928,392.29276564410713,411.74424349390733,391.9065966014333,429.7182116562017,377.49144694747037,72795946
1678199400,404.42,404.67,397.625,398.27,400.85451583387885,392.225484166121,411.02645174549417,391.5980380391552,430.1949110851003,377.70952552046606,108310596
1678285800,398.39,399.71,396.59,398.92,400.7610580481045,392.3189419518954,404.95246858272185,387.2367961388735,426.98892828693175,373.02635975019456,74746632
1678372200,399.74,401.48,390.53,391.56,400.8009240130237,392.27907598697624,406.67672575157997,387.4749963189788,427.6006587756239,373.5094757585192,111945322
1678458600,390.99,393.16,384.32,385.91,400.8600825182184,392.2199174817815,402.6781612865557,381.57720618871184,423.59652395317926,367.866460984947,189285696
1678714200,381.81,390.39,380.65,385.36,400.841071589662,392.23892841033785,400.0498293509352,379.5739026455791,420.38431116744357,363.47944039262126,157789967
1678800600,390.5,393.45,387.05,391.73,400.90576059024295,392.174239409757,399.19303438755713,378.97076044686463,420.1405752268135,363.0086245191736,149752357
1678887000,385.89,389.49,383.71,389.28,400.85549108988243,392.22450891011744,402.2682207930894,381.68726015690197,424.1474006825357,369.9059742350234,172996933
1678973400,386.82,396.47,386.29,396.11,400.9276976680157,392.1523023319842,400.39249712306236,379.5091304544426,422.76008089263564,376.1477086808792,143759805
1679059800,393.22,394.4,388.55,389.99,400.98301414572796,392.09698585427196,405.38109265706106,381.6398728955958,427.1713703236356,381.6398728955958,140553411
1679319000,390.8,394.17,390.07,393.74,400.8360718503786,392.24392814962135,400.66667956761876,377.9898085137834,423.43500212849,377.9898085137834,93056894
1679405400,397.24,399.41,395.58,398.91,400.7998012725108,392.28019872748916,403.55814324136657,379.4792583515859,425.9730460744173,379.4792583515859,91524248
1679491800,398.73,402.49,392.07,392.11,400.8674996612727,392.21250033872724,407.7484609012469,382.1127354057056,429.4739345489789,381.19144617547573,111748133
1679578200,395.09,399.29,390.35,393.17,400.86867196332116,392.21132803667876,402.18221948731644,377.747663703853,425.16074811453996,377.747663703853,119351319
1679664600,391.841,395.84,389.4,395.75,400.819383530343,392.26061646965695,401.029445060027,378.1293692145913,425.9856204747501,378.1293692145913,107770124
1679923800,398.12,398.92,395.56,396.49,401.58859292314656,393.1414070768534,403.1290526566939,379.62465932355474,427.84710031998276,378.9307605916391,74010408
1680010200,395.77,396.49,393.69,395.6,401.58307803462424,393.1469219653758,404.01226014525713,379.9336257433727,428.4837385385918,378.79341021648844,62871680
1680096600,399.925,401.6,398.68,401.35,401.6327658716354,393.0972341283646,403.6550258436284,382.62745152414874,427.17516182236307,378.0897200835063,77497876
1680183000,404.09,404.35,401.76,403.7,402.2993064786787,393.84169352132136,408.31342754628747,386.98266253032835,431.55358980225145,379.8870925168759,69840049
1680269400,404.66,409.7,404.55,409.39,402.26522047474316,393.8757795252569,410.47593833623114,395.6131218085122,433.4389741486103,380.531452066033,112062624
1680528600,408.85,411.37,408.44,410.95,402.26325935519475,393.87774064480533,415.3473549707079,399.04425954539823,437.8441414624431,382.0624499699719,67391097
1680615000,411.62,411.92,407.24,408.67,402.73751289656497,394.3324871034349,416.97258324047743,400.3441672771309,439.18554428538084,382.41061019543594,66601534
1680701400,407.91,408.7,405.88,407.6,402.7282483005002,394.34175169949975,414.72522878737584,400.2929933512401,433.2885704586511,381.6095340264104,65200243
1680787800,406.77,409.48,405.678,409.19,403.0127265475602,394.70997345243984,415.4761756089936,399.7934210893468,432.4300593394794,381.14120494142196,63743345
1681133400,406.61,409.69,405.97,409.61,403.4925727767597,395.4674272232404,417.2875510504361,401.2870152747552,433.8900028122248,381.5613774308807,63681042
1681219800,410.26,411.18,408.92,409.72,403.49203842852984,395.4679615714702,418.29944167179934,401.73338707432794,434.3300152154243,381.61137279898855,59297945
1681306200,411.87,412.17,407.44,408.05,403.4873545007412,395.4726454992588,418.9692298424016,401.89300235806036,434.49691607432896,381.56236874151847,86420379
1681392600,409.18,413.84,407.9922,413.47,403.4921775784538,395.46782242154626,418.5260742780626,400.41796578722807,433.08583429071797,380.8452458814293,85814754
1681479000,412.81,415.09,410.06,412.46,403.4924156776707,395.4675843223293,422.6553126180187,408.37526378048125,437.95866847842603,382.84777538213876,78161500
1681738200,412.37,413.96,411.085,413.94,403.49184386428493,395.4681561357151,422.4234149571697,408.40444755064397,437.1344733778277,382.4114853866331,66436399
1681824600,415.58,415.72,412.7802,414.21,403.4899383570259,395.4700616429741,423.92594087078567,409.0079771434444,438.5254603136989,382.96691527813334,63559997
1681911000,412.22,415.08,412.16,414.14,403.4013413101435,395.5586586898565,424.53783440026433,409.31289454715784,432.7078217135178,383.0501437689669,55227330
1681997400,411.21,413.7,410.27,411.88,403.3926851447774,395.5673148552226,424.84737898656147,409.46039218818584,429.7967929143959,382.99529272518186,75840359
1682083800,412.19,412.68,410.17,412.2,403.2902041711242,395.6697958288758,419.48250244735164,408.35348346267574,427.58543839729043,381.9862097647888,73457422
1682343000,411.99,413.07,410.6,412.63,403.2470486145894,395.71295138541063,418.3917823287832,408.6334395659233,427.9115591056995,382.0845646104572,64332095
1682429400,410.58,411.16,406.02,406.08,403.3352252991045,395.62477470089556,417.4990527995644,408.986352020558,428.3463939136793,382.2398552253965,97766721
1682515800,406.72,407.84,403.78,404.36,403.34168415058775,395.6183158494123,413.5942350691992,403.4016037267493,421.8878508546452,379.15476373965555,80447049
1682602200,407,412.69,406.74,412.41,403.4276742837078,395.53232571629223,412.87107018083884,403.1925505224636,420.9412015385996,378.2460437308162,92968369
1682688600,411.49,415.94,411.43,415.93,403.44772729090175,395.51227270909834,417.4533770947779,403.99266653806666,425.8106742512123,382.0337399533175,89433137
1682947800,415.47,417.62,415.265,415.51,403.393168155271,395.5668318447291,420.7553312515445,404.6269212094318,428.2390483104017,383.70337507978974,62122254
1683034200,414.77,414.82,407.82,410.84,403.3717876531278,395.58821234687224,420.413696027875,404.6416789555944,428.41587849038245,383.49159486064656,103998484
1683120600,411.36,413.87,407.77,408.02,403.35114978317586,395.6088502168242,417.8138432189394,402.84754545585446,425.98106719148404,381.9244061611702,91531769
1683207000,406.93,407.27,403.74,405.13,402.9467101905399,395.32328980946016,418.0602124341154,401.06909183122445,424.53909536801723,380.36953893859555,94901863
1683293400,408.91,413.72,408.64,412.63,403.023891181546,395.246108818454,416.30237626045516,398.78570015203053,422.9602336527884,378.7334343480516,87891791
1683552600,412.97,413.24,411.28,412.74,403.01142107162383,395.2585789283762,421.8840159553563,403.39677582502713,428.0227956757594,383.485901728968,50046768
1683639000,411.13,412.09,410.6894,410.93,402.9620457781179,395.30795422188214,422.2674158801346,403.4136791009306,428.3802175231888,383.5472939910393,49220119
1683725400,413.88,414.535,408.87,412.85,402.9295559499433,395.3404440500567,421.0511160645668,402.2513590908671,427.45010297417804,382.397387543781,96142922
1683811800,411.95,412.43,409.97,412.13,402.9045786013971,395.36542139860296,422.78137694804946,403.4128294905463,428.9858059687706,383.6043038305043,70157064
1683898200,413.42,413.64,409.07,411.59,402.90373930550595,395.36626069449403,422.3305526701873,402.96598645154404,428.74195669358727,383.13698797838066,70481548
1684157400,412.22,413.43,410.23,413.01,402.86219372893873,395.40780627106125,421.985823710413,402.4778005859613,428.5980301275202,382.7790235765835,54289383
1684243800,411.86,412.815,410.24,410.25,402.8771619886319,395.3928380113681,423.3166904330496,403.20221303504513,429.8074013077906,387.87963182499834,57705495
1684330200,412.35,415.855,410.635,415.23,402.92265462250026,395.3473453774997,420.976202300317,401.2966441311577,428.06743143341464,386.8236699344914,87286957
1684416600,414.9,419.67,414.67,419.23,403.91995381068404,396.4000461893159,425.4755807927791,404.52092815541346,431.81831062464676,394.0642208966569,97177195
1684503000,420.17,420.72,417.35,418.62,404.44818321073,396.92181678927,425.4858067302961,407.2539013736967,434.9125268298526,397.49461643843824,103793317
1684762200,418.64,420.39,417.35,418.79,404.2977752139481,397.07222478605183,425.05231566861005,406.8868894628931,434.7046707980996,397.00096878831664,60745399
1684848600,417.08,418.722,413.68,414.09,404.34649683172603,397.023503168274,425.3146803178683,407.5365841646614,435.0502597067276,397.1716035877825,86383493
1684935000,412.42,412.82,409.8795,411.09,404.3595217092658,397.0104782907343,421.5131101585911,407.8594193830738,431.78074325636084,393.1633430836894,89213678
1685021400,414.74,416.16,412.4101,414.65,404.3377001690059,397.0322998309941,420.86577996543883,407.9624596425336,429.70560618113507,390.5975237411758,90961606
1685107800,415.33,420.77,415.25,420.02,404.4111178938059,397.0088821061941,422.4152197889869,410.16365155058173,432.54704567706966,393.6769764919734,93829975
1685453400,422.03,422.58,418.735,420.18,405.3172574584917,397.91274254150835,426.6433229149207,411.2572840506985,436.7866815487876,398.3252360117145,72215960
1685539800,418.28,419.22,416.22,417.85,405.3239245513592,397.90607544864076,427.0449833074583,411.39783767689994,437.0982788323783,398.48657053921744,110811780
1685626200,418.09,422.92,416.79,421.82,405.5045532388357,398.06544676116425,425.3636985003926,410.34585806451116,435.4907088932008,396.4929824989756,88865018
1685712600,424.5,428.74,423.95,427.92,408.42614202405,400.96385797594996,428.8206287715582,412.3944934957922,438.7261708485577,406.03502072246675,91426171
1685971800,428.28,429.67,426.37,427.1,408.8981553778621,401.4218446221378,434.1782058972168,416.0177674505457,443.6356258616244,411.61979907436404,70316043
1686058200,426.67,428.5772,425.99,428.03,408.8030989040712,401.51690109592874,433.70315175383416,415.83711193228834,443.200381357751,412.58497295628,64022175
1686144600,428.44,429.62,426.11,426.55,408.8104513256335,401.50954867436644,434.7038560455174,416.6734835897823,444.12169326378466,413.20971107674455,85373275
1686231000,426.62,429.6,425.82,429.13,408.67500474992283,401.6449952500771,433.5701244580529,415.9145519447936,443.14521887649965,412.61423134556264,61952842
1686317400,429.96,431.99,428.87,429.9,409.7471540334396,402.89284596656034,435.5388921141721,417.8541125057768,443.67486494375026,414.12475135702067,85647268
1686576600,430.92,433.88,430.17,433.8,412.2591293091626,405.33087069083734,436.65811790023565,418.58948538384857,444.4615994597231,414.6964458320486,76256703
1686663000,435.32,437.33,434.63,436.66,413.9248271500011,407.1151728499988,440.0677485804624,422.8355224588271,447.89915678664335,416.3424051340903,95899704
1686749400,437.01,439.0612,433.59,437.18,416.0727159593094,409.27848404069067,442.7858072885157,426.12391808643406,450.55698331218207,417.3408347818308,100612080
1686835800,436.33,443.9,436.23,442.6,419.5977748520941,412.8522251479059,443.63681946670556,431.9978462943336,451.13560976051434,417.85302720392315,110303091
1686922200,443.02,443.6078,438.97,439.46,419.9340963623897,413.36590363761024,448.50924841050863,436.20440462443963,456.1017540738219,419.5705319368594,114165849
1687267800,437.45,438.37,435.03,437.18,419.9290656607702,413.37093433922973,446.23195340016196,434.34323786277076,453.40343658864225,419.2026409393883,76160359
1687354200,436.16,436.99,434.33,434.94,419.89161429602655,413.40838570397335,445.6082728443376,432.58137492839677,451.104528429766,418.95543569332807,76982251
1687440600,433.95,436.62,433.6,436.51,419.740799764222,413.55920023577795,446.2693618984928,431.5203562654543,448.6535329814942,418.63682099391355,70637175
1687527000,432.93,435.06,432.47,433.21,419.77786770473836,413.5221322952616,447.64339761877693,433.1081848219383,450.2147750810827,419.41867739756077,92074537
1687786200,432.62,434.61,431.19,431.44,421.941152136513,415.64884786348694,446.3471513464738,430.6802895711622,448.17586166766074,418.05320606204737,72823560
1687872600,432.35,436.81,431.88,436.17,421.98043247742095,415.6095675225789,444.91706619661016,429.34962719577436,448.41398372764377,417.1420765179785,72813699
1687959000,435.05,437.44,434.41,436.39,424.48858127762423,418.0914187223757,447.791043452815,430.5022995924002,450.7716847600695,420.09474883758986,75635976
1688045400,435.96,438.28,435.54,438.11,425.96794031642764,419.6920596835723,448.24344980128143,429.8701544453135,451.6216313747191,420.39168586514086,67882304
1688131800,441.44,444.3,441.11,443.28,427.2057985943536,420.83420140564635,449.6062970618226,429.8996557214463,453.0355760065406,421.43620605196844,104964019
1688391000,442.92,444.08,442.63,443.79,427.13374566831925,420.9062543316807,452.3038273198317,431.55121247777294,455.9669331098559,424.1482484880478,32793378
1688563800,441.91,443.889,441.9,443.13,427.134139385441,420.90586061455895,452.9472115420063,431.80653865020423,456.96921626067245,424.66884351151856,58418432
1688650200,439.42,440.1,437.06,439.66,427.1507125024796,420.8892874975204,450.1433798507212,431.5481978331552,457.38072945912285,424.6740728555255,80658302
1688736600,438.63,442.64,438.3,438.55,427.1503930189786,420.88960698102136,446.8213840157665,429.7843795522457,456.30546898632156,423.3838283927137,86134178
1688995800,438.18,439.84,437.585,439.66,427.14782803097944,420.89217196902047,446.8388071906252,429.07806901475857,456.27117919258444,422.93462148150036,62443501
1689082200,440.45,442.97,439.44,442.46,427.15996870504745,420.8800312949525,447.875074562097,429.60405870705694,457.36048862109106,423.8360286670134,64463752
1689168600,446.39,447.4799,444.91,446.02,428.7818025177605,422.43809748223947,449.9749742540017,433.30725581336094,459.39356628275016,425.4138189466544,91924527
1689255000,447.9,450.38,447.45,449.56,430.24775896006287,423.87224103993714,452.70476678500677,437.7441430131106,461.9103253554768,427.7031104206854,72425241
1689341400,450.475,451.36,448.49,449.28,430.67978894509787,424.4202110549021,455.5659185441288,441.5750747806558,464.4817570531451,429.75436534124873,69815823
1689600600,449.13,451.93,449.08,450.84,430.9621818298515,424.7078181701486,455.842247768683,441.77558356795856,464.85327125666447,430.06010985828004,52680221
1689687000,450.5,454.86,450.0484,454.19,432.4522845491751,426.14771545082493,457.38002016454396,442.95383995617874,466.3024459993774,431.55738197854674,80744448
1689773400,455.01,456.43,454.1119,455.2,433.2429776039654,426.9270223960347,460.26248869692216,445.30184488894344,468.8654045317407,435.55109300793464,65891688
1689859800,454.17,455.1,451.44,452.18,433.2721516267447,426.8978483732554,459.58659693258573,446.2904249119999,470.0092168422739,436.4315018082497,70591642
1689946200,453.96,454.165,452.17,452.18,433.2510391302002,426.91896086979983,457.48775195280666,444.5633357838505,468.5708040265786,434.74192352915577,71275618
1690205400,453.37,455.04,452.298,454.2,433.25481213887684,426.9151878611232,458.41774409824507,444.7608908018584,469.0068197907799,434.9550006568475,54023382
1690291800,453.92,456.735,453.87,455.44,433.4089524386031,427.0660475613969,460.1011274233049,446.3798589525447,470.7588652810593,436.4764062840648,55191240
1690378200,454.47,456.99,453.38,455.51,433.3899644433933,427.3400355566068,461.4882153412839,447.67012592663565,472.0052123415904,437.5000653539335,71052885
1690464600,459.02,459.44,451.55,452.49,434.64054426505527,428.5394557349448,462.2542478316665,449.104034291101,472.4592706225594,437.7564903294314,92194375
1690551000,455.88,457.78,452.4918,456.92,434.5120092844668,428.66799071553334,461.2664353038686,449.9282962196588,470.7625007883794,436.7201694937613,80011790
1690810200,457.41,458.16,456.045,457.79,434.4877038455624,428.69229615443766,464.23578022904314,452.71456289787324,474.2013905585156,442.2410088691647,62040449
1690896600,456.27,457.25,455.49,456.48,434.4942190873697,428.6857809126304,465.2750343556439,453.10841971402056,475.18058479946615,443.00942408812296,55502199
1690983000,453.25,453.52,449.3499,450.13,434.53287395678456,428.6471260432155,463.7420896036754,452.89972580876764,474.6032992650841,442.09428263714744,93933369
1691069400,448.04,450.79,447.37,448.84,434.50708700120595,428.6729129987941,458.27607096810493,447.63785215989355,470.34070534142063,437.2107729467394,64419692
1691155800,450.72,452.895,446.27,446.81,436.9542773744696,431.1257226255304,457.6076964266476,446.4263968572758,469.666080705642,436.2350287566478,100128902
1691415000,448.71,450.865,447.99,450.71,436.94822962660606,431.3617703733939,457.0004051440209,444.5284693079552,468.4122558530838,434.65291323570307,58357464
1691501400,448.08,450.6952,445.2705,448.75,436.96507223088565,431.34492776911435,457.69164022661346,445.38803518694186,471.55564147282087,437.7968324714741,71361324
1691587800,449.03,449.1999,444.96,445.75,436.9819153763775,431.3280846236225,456.1230924764477,443.74012334324993,470.3230899528693,436.2577444906017,78789575
1691674200,448.19,451.7,444.7,445.91,437.0768523935492,431.4331476064508,454.4382335955265,441.2728784956965,468.2623478360314,433.85382269271196,93005495
1691760600,443.97,446.7007,443.345,445.65,437.07389649028306,431.43610350971693,454.3137936005268,440.839568512091,468.58158879698726,433.99777987472004,68690902
1692019800,444.7,448.11,444.38,448.11,437.48707482380945,431.8324251761906,453.73801675779987,440.12067993266135,468.5704740227623,433.79815690771784,47867441
1692106200,446.27,446.64,442.3,442.89,437.5720837523733,431.74741624762675,454.0546516706975,441.0619533614047,470.66692617876976,435.8345539109503,75707534
1692192600,442.46,444.18,439.53,439.64,437.5776108471639,431.74188915283617,449.5085537977059,437.4227875472849,466.76018568839396,431.5370326241651,80107206
1692279000,441.16,441.43,435.75,436.29,437.55183229092506,431.767667709075,446.5689622273011,434.73362564271224,465.2885912008518,428.83392397070156,95711315
1692365400,433.37,437.57,433.01,436.5,437.5107397257439,431.80876027425614,444.7714241171609,431.8229807447228,464.19991321074264,426.0221950219667,98851960
1692624600,437.55,440.11,435.32,439.34,437.52582556122866,431.79367443877146,443.88223356978415,431.662264715091,464.5724135801743,426.17873274369714,68718957
1692711000,441.18,441.18,437.57,438.15,437.53200256970507,431.787497430295,444.65670382613786,432.80591769082594,466.11345180729194,428.5532073044902,65062861
1692797400,439.25,443.67,439.1,443.03,437.50856208516757,431.8109379148325,443.7107172273125,431.36179993471643,464.53809899342144,427.538042601055,68441021
1692883800,444.69,445.22,436.855,436.89,438.8631067413023,432.9869932586977,447.1697628118838,433.3518643054816,466.20993451250115,431.6609899583894,88517272
1692970200,438.68,441.3,435,439.97,440.2813003905897,434.40869960941035,443.1073370887791,429.36562087580074,463.40554203081365,426.44183942231615,102325103
1693229400,442.24,443.4,439.9728,442.76,440.70996290265253,434.9500370973476,444.4129103639457,430.897446212754,465.15526953592985,429.0551385470697,61595393
1693315800,442.65,449.45,442.46,449.16,440.80318967920886,434.8568103207912,446.18225539364,432.5197070333305,465.03907994658863,431.0690780220235,83081916
1693402200,449.51,451.67,448.78,451.01,441.0716407049161,435.1583592950839,451.9055351914974,436.32078168752884,466.9627111656304,432.845580865713,69053911
1693488600,451.65,452.83,450.16,450.35,444.6430554234007,438.7469445765993,453.83097940310245,437.63403247782225,468.22888413977375,433.29143222981196,66084563
1693575000,453.17,453.67,449.68,451.19,445.4884293810683,439.7715706189317,454.6245231009168,437.54844295584286,468.0217115701754,432.8574912596597,58944098
1693920600,450.73,451.06,449.17,449.24,445.4987708170705,439.76122918292947,456.4211779452501,437.98300924691927,468.6960738697982,433.0353299335888,55166210
1694007000,448.4,448.51,443.81,446.22,445.5277927673209,439.7322072326792,456.37349348454075,437.00482112658335,467.3925242599148,432.0342476785915,70758512
1694093400,443.11,445.55,442.75,444.85,445.52615150332747,439.7338484966725,455.69893394927175,438.57373835212337,465.4583108975319,430.46657149827445,70355426
1694179800,444.9,447.11,444.53,445.52,447.045794296395,441.2642057036049,455.43000531889237,438.45928197966924,464.813987452767,429.59267503629655,62068437
1694439000,448.24,448.77,446.4699,448.45,447.71826139840726,441.89173860159275,456.20525731696597,439.0753061827278,465.3280020328258,429.70872130389864,60180118
1694525400,446.95,448.53,445.39,445.99,448.21256396092605,442.41743603907395,458.45556094128386,441.73699525855665,467.2556832282058,431.0219203352151,67565422
1694611800,446.22,447.71,445.0793,446.51,448.19210599829466,442.43789400170533,457.1113719608162,439.537294161724,465.8547264660945,429.5832219638678,60199272
1694698200,449.07,451.08,447.715,450.36,448.22808792159543,442.4019120784046,457.72026719177506,440.0289431295221,466.2905221220018,429.70290924119087,83430814
1694784600,447.14,447.48,442.92,443.37,448.2852442203614,442.3447557796386,460.77778051824885,443.58207043201287,468.9805458721542,431.6899601047763,111848859
1695043800,443.05,444.97,442.56,443.63,448.25771444585473,442.3722855541452,455.7319897480718,439.6796438768592,464.5619346718548,427.6325782905992,55752213
1695130200,442.68,443.29,439.94,442.71,448.24493622464837,442.3850637753516,453.8894324765081,439.60091082213626,464.81458841692205,427.6193950744413,66514648
1695216600,444.01,444.435,438.43,438.64,448.277140934203,442.352859065797,451.07314169991673,438.735894339509,464.31101543412865,426.9220017083643,82562602
1695303000,435.7,435.97,431.23,431.39,448.414094199323,442.21590580067704,447.4655159585485,435.5260886321984,461.7396073170719,424.30850274975745,104095826
1695389400,432.45,434.1,429.99,430.42,447.78395794299706,441.646042057003,443.5591049428205,428.3548757952134,454.0822521239008,419.64159694478997,100829684
1695648600,429.17,432.27,428.72,432.23,447.1453198909898,441.01468010901027,442.17006028189667,426.9357518592313,453.19998183851146,418.793096168953,70874534
1695735000,429.09,429.82,425.02,425.88,445.32855707178334,439.1314429282167,442.73383224896605,426.3148754986638,453.2665483156126,419.71586067143585,96168436
1695821400,427.09,427.67,422.29,426.05,443.95390563835304,437.776094361647,438.3284465692972,421.4510821823307,447.8986841897549,415.39432505970115,104705847
1695907800,425.48,430.2499,424.87,428.52,443.9635260850418,437.7664739149582,437.8674836775211,420.46179945749725,447.8014798546869,415.2622117568029,92258308
1695994200,431.67,431.85,425.91,427.48,443.8905505430607,437.83944945693935,439.137309202685,420.72959903688593,449.6542608831693,416.6704835327932,115111319
1696253400,426.62,428.6,424.46,427.31,443.88902821978365,437.84097178021636,436.81090226923294,419.21475156935065,448.7984166704882,415.769964963894,83798599
1696339800,425.06,427.3729,420.18,421.59,442.90848879287756,436.71151120712244,434.0884743209753,418.2749243818876,448.61588570497565,415.4537098314859,103760607
1696426200,422.07,425.4299,420.56,424.66,442.9139967707396,436.7060032292604,428.8634813426198,414.1511644760208,445.58725137260944,411.34303530497914,87452968
1696512600,424.36,425.37,421.1701,424.5,442.9120419922447,436.7079580077552,429.7263337825913,415.1843873885965,445.54370175665696,413.24796151081676,70142744
1696599000,421.97,431.125,420.6,429.54,442.98112192321474,436.63887807678526,427.5169691668425,414.1630672919719,444.4723683281711,412.94476022485026,113273309
1696858200,427.58,432.88,427.0101,432.29,442.9813398735388,436.6386601264612,431.5224344531259,417.881466472403,446.80943652306763,415.6987395708684,80374362
1696944600,432.94,437.22,432.53,434.54,442.9621705822562,436.6578294177438,434.00325496559657,418.4703338910003,448.1123329997036,416.46007010107803,78607268
1697031000,435.64,436.58,433.18,436.32,442.93812808202443,436.68187191797557,436.0992753347447,418.69506446606886,449.6516769901879,417.0767712116582,62451736
1697117400,436.95,437.335,431.23,433.66,442.95345915468613,436.6665408453138,437.80295579347086,420.4100772099015,450.96354188607467,416.97177429554324,81154230
1697203800,435.21,436.45,429.88,431.5,442.95457225311714,436.66542774688287,438.24235852401546,422.19011771068017,448.9624544910525,415.68358080975645,95201132
1697463000,433.82,437.14,433.57,436.04,442.98317570758746,436.63682429241254,438.7996711567139,421.05763817239813,447.4585686044827,414.4157939842167,75433194
1697549400,432.81,438.14,432.45,436.02,442.97932780362447,436.64067219637553,441.3322478399772,423.64119060580987,450.7498775597641,415.5811018120391,75324708
1697635800,434.19,435.18,429.09,430.21,443.03963301511254,436.58036698488746,442.1895694913552,427.1652439800499,450.7328443823509,415.21136786067757,93559798
1697722200,430.95,432.82,425.725,426.43,443.06929802912344,436.5507019708765,440.2349861937828,422.83294264718427,446.53261461696576,412.4768114522932,121322957
1697808600,425.98,426.54,421.08,421.19,443.1147653948801,436.50523460511994,438.6408941709046,419.8944072962454,444.17418127455267,410.04743147442554,123919874
1698067800,419.61,424.45,417.8,420.46,441.90866956357513,435.3313304364249,435.8393048724738,415.94784410453167,440.8225452352761,406.3280676691045,92035095
1698154200,422.65,424.82,420.74,423.63,441.94294060555086,435.29705939444915,435.4165725615544,415.2466711833861,440.2238422969576,405.5190761136045,78564239
1698240600,421.89,421.92,417.015,417.55,440.9687896392329,434.2062103607671,437.36060207719186,416.2980377951921,442.11894971966206,407.35934816422366,94223198
1698327000,416.45,417.325,411.6,412.55,438.234594106421,431.5254058935789,432.803099744452,412.13764698528377,438.05935426039827,402.92630436414225,115156761
1698413400,414.19,414.6,409.21,410.68,436.5698421296719,429.89015787032815,429.8792557989023,408.05695218785206,434.5945695746708,399.1397793014945,107367671
1698672600,413.56,416.68,412.22,415.59,434.8452432217589,428.03475677824105,425.43443196109433,405.68966149384806,433.1554409520571,397.5022655300929,86562675
1698759000,416.18,418.53,414.21,418.2,434.8001835737048,428.0798164262951,425.70979908046496,407.85679683960416,436.306725903123,400.71078496120174,79665150
1698845400,419.2,423.5,418.6499,422.66,434.8581126789261,428.0218873210739,424.964880422174,407.1214094606884,437.94455255489265,402.33807285383807,98068115
1698931800,426.58,430.915,426.56,430.76,435.01688645475537,427.86311354524463,428.41034514669917,406.9197042812505,440.8843663796705,405.0171021405473,94938909
1699018200,433.14,436.29,433.01,434.69,435.0199447026546,427.86005529734535,435.35440267838123,408.45419507075803,446.36572392405327,408.00637594571833,100167775
1699281000,435.47,436.1498,433.68,435.69,435.01715006665734,427.86284993334266,439.0262197598484,409.48067358809817,449.60690126643897,407.8533521906329,67831660
1699367400,435.69,437.585,434.51,436.93,435.00498370855695,427.8750162914431,439.3174077313328,409.7920878644723,450.43884619290003,407.59371705108265,64256114
1699453800,437.55,438.09,434.87,437.25,435.0052496496403,427.8747503503597,442.41898260176094,410.2835048709984,451.47911171905656,407.4217075077365,61746027
1699540200,438.43,438.47,433.4,433.84,435.02821962793746,427.85178037206254,444.96180722265734,413.62367275467653,451.75118794731264,407.1887479093916,83174417
1699626600,435.98,440.93,433.8335,440.61,435.11622983542225,427.7637701645777,445.2674370846469,414.52330233319,448.8644393036984,406.39091773683765,89558054
1699885800,439.23,441.33,438.42,440.19,435.0626104039781,427.8173895960219,450.14740305110064,422.8555848428032,454.61038231863677,407.2628141573841,52236068
1699972200,446.32,450.06,446.09,448.73,435.18646784572263,427.69353215427736,451.3166535346582,422.9067696636573,454.1427679170875,407.0110103733814,97176935
1700058600,450.11,451.38,448.8,449.68,435.1619825685319,427.718017431468,457.65937139925745,429.63281499164077,462.1611975301638,408.39211658217096,77327573
1700145000,449.22,450.56,448.12,450.23,435.1621979326996,427.7178020673004,459.5395820092835,437.77506766253254,463.088594574024,408.5073100849454,66665797
1700231400,450.24,451.42,449.29,450.79,435.1479639417341,427.73203605826586,461.0272276844443,442.3200743538025,463.6328691922431,408.5806294952708,83193902
1700490600,450.53,455.125,450.52,454.26,435.8981442970768,428.43685570292325,462.4007209568828,443.34983856219463,464.1875035537253,408.67104569112985,70055633
1700577000,453.1842,454.131,451.9599,453.27,435.85598230593786,428.47901769406224,463.8941563811729,446.09665909599,465.7534588305285,409.34154892857856,49244639
1700663400,454.98,456.38,453.8895,455.02,436.4083244533773,429.1816755466226,463.49926540390743,446.05895272043125,465.8696135363188,409.1770755556353,59446573
1700836200,455.07,455.5,454.73,455.3,436.39127117824825,429.1987288217517,463.3143866417576,447.729940352104,467.9148456214383,409.58273360956866,29737375
1701095400,454.65,455.4901,454.0799,454.48,436.3792948514023,429.21070514859764,464.06969087431503,448.38281352919364,468.8115381091859,409.6918402987542,50505985
1701181800,454.08,456.27,453.5,454.93,436.2967488613781,429.29325113862177,464.0557668082116,448.19475181348736,468.7888094501528,409.54249554858995,62115011
1701268200,457.15,458.32,454.2,454.61,437.26828714384703,430.261712856153,464.8832444290091,449.06245175478415,469.6946196355288,409.6917698620038,63145992
1701354600,455.48,456.76,453.34,456.4,437.273174798745,430.25682520125497,465.04505032185733,448.9791469365491,469.9403978863008,410.1824412357154,79752700
1701441000,455.77,459.65,455.16,459.1,437.9560435550685,430.90395644493145,466.8436220980045,451.5224783148459,471.85918424424847,410.81433024590376,89183400
1701700200,455.6,459.1206,454.34,456.69,437.96005223496473,430.8999477650351,469.3962900055114,455.8043229936423,474.5254313257778,411.78218098812704,72430888
1701786600,455.26,457.59,454.87,456.6,437.9389610461278,430.9210389538721,465.0570146559794,455.16313701227045,473.87780559160524,411.0395199769421,69793469
1701873000,458.81,458.84,454.31,454.76,437.9421771775277,430.91782282247215,465.3954136814219,455.3495675099978,474.72108967023246,411.06935225891783,69124685
1701959400,456.91,458.9,456.29,458.23,437.9637174530442,430.8962825469558,460.29348845327615,453.72234921711816,474.44815175076735,410.452972942048,66995446
1702045800,457.46,460.745,457.21,460.2,438.5060560592808,431.44894394071906,461.5220916080845,455.06892441877727,477.31715037590436,411.79509344929653,83194404
1702305000,459.69,462.17,459.47,461.99,439.21396754622566,432.1660324537744,463.1159889865707,455.1681180671545,479.29738172362846,412.61526028976846,65002247
1702391400,461.63,464.2,460.6,464.1,440.2437824857064,433.16621751429363,464.7767294226992,456.15236768723713,481.1697360394361,417.1032278817785,68327617
1702477800,464.49,470.7599,464.12,470.5,443.59620432808987,436.3736956719102,466.5304921663988,457.3169530965951,483.25370352006496,418.1636966016795,93277960
1702564200,472.5,473.73,469.25,472.01,444.9779494942083,437.96205050579175,471.8912367980076,460.1122606808194,488.19735614009505,421.7977199981892,119026049
1702650600,469.49,470.7,467.4263,469.33,444.9972676747894,437.9427323252107,473.42643025525086,461.3582232877721,489.9435536034034,425.34745863193,141553673
1702909800,470.98,472.98,469.8929,471.97,445.00273506270656,437.93726493729355,474.7273868476519,461.1762406281963,488.80357503951376,429.096472538253,70375285
1702996200,472.53,474.92,472.45,474.84,445.5657639507784,438.5642360492216,477.0720623187454,463.9283690649371,491.2807666712113,430.9450073065915,55761805
1703082600,473.96,475.895,467.82,468.26,446.0169790441747,439.0880209558253,479.59868167140485,466.3281570617115,493.93767885727294,432.6972130354251,102920959
1703169000,471.33,472.975,468.84,472.7,446.03996179156144,439.06503820843864,477.4744345955667,461.67755716543513,489.8246168452773,431.79982790932405,86667465
1703255400,473.86,475.38,471.7,473.65,446.03677605429885,439.06822394570116,480.4708449366167,465.25314917761773,493.58971320487484,434.9870480540441,67160419
1703601000,474.07,476.58,473.99,475.65,446.262845502637,439.527154497363,481.73440013203117,466.1955237930967,494.82850577830516,435.81600607027656,55386952
1703687400,475.44,476.66,474.89,476.51,446.3022871618862,439.5677128381138,483.61814591389606,469.76799022828794,496.8386178619536,437.37042458682447,68000311
1703773800,476.88,477.55,476.26,476.69,446.7439340456009,440.0160659543991,484.77307872778675,469.5260937100202,497.9970717094368,438.14538776997944,77158116
1703860200,476.49,477.03,473.3,475.31,446.7458277556749,440.01417224432515,485.457155523423,469.72923540420214,498.6276287925346,438.44699916889186,122283149
1704205800,472.16,473.67,470.49,472.65,446.7682174679484,439.99178253205156,483.5947815903482,468.6102493315109,498.03941557004674,437.6483069352449,123007793
1704292200,470.43,471.19,468.17,468.79,446.7070175409091,440.0529824590909,481.5639602849976,466.32766134897287,496.41376891888217,435.9250927497287,103585866
1704378600,468.3,470.96,467.05,467.28,446.7029511980641,440.0570488019359,478.91117370866573,462.91632832404355,494.0113561879065,433.3152718927548,84232169
1704465000,467.49,470.44,466.43,467.92,446.7012525797226,440.05874742027737,477.48364788237296,461.50942730580175,493.42247850423684,432.3531936673916,86118913
1704724200,468.43,474.75,468.3,474.6,446.7266169884056,440.0333830115944,476.4388884746455,462.01503150665263,494.32736834867893,432.92758410140806,74879074
1704810600,471.87,474.93,471.35,473.88,446.71989955832447,440.0401004416755,480.56790279088136,466.5278255028158,499.58107331135915,437.8750335701482,65931439
1704897000,474.16,477.4481,473.87,476.56,446.7215546683001,440.03844533169985,480.271789510243,466.0328785414961,499.5244291933839,439.365836228613,67310640
1704983400,477.59,478.12,472.26,476.35,447.00703338267397,440.3229666173259,482.3067788213047,467.1234642851307,501.93492301851813,441.5449818645252,77940723
1705069800,477.84,478.6,475.23,476.68,447.22225439092193,440.58774560907807,482.33817695102323,467.00371728158535,502.2242901290119,441.4895188815002,58026420
1705415400,475.26,476.6098,473.06,474.93,447.21499443452444,440.59500556547556,482.73982133074264,467.1800805790183,502.8972478545687,442.47276135312904,85014870
1705501800,471.82,472.79,469.87,472.29,447.1990218706313,440.61097812936856,480.4850926427092,466.09978871933174,501.98923984739486,447.38559489129807,68843871
1705588200,474.01,477.06,472.42,476.49,447.2248261020297,440.5851738979702,479.0591940034587,464.33348412055426,500.3626503280558,449.69167817064334,91856248
1705674600,477.65,482.72,476.5374,482.43,449.2478851934163,442.68211480658374,482.16324644044454,467.0513943407663,503.9438664133967,458.7988027970204,110834483
1705933800,484.01,485.22,482.78,483.45,450.45111411644666,443.9788858835534,487.63148169910255,471.00809959694595,508.89092520618175,464.264084382865,75844931
1706020200,484.01,485.105,482.89,484.86,450.34694309958,444.08305690042005,488.7244140161002,471.9957135664488,510.0704579470044,465.24787373862017,49945297
1706106600,487.81,488.77,484.8819,485.39,452.1269476859727,445.85305231402725,490.1653461949984,474.66961672043664,511.55136965622165,472.4760923827786,81765039
1706193000,487.575,488.305,485.39,488.03,452.11798392481205,445.86201607518797,490.78772626482345,476.413370653906,512.3435802558804,472.9623120971211,72524989
1706279400,487.59,489.12,486.54,487.41,452.1531984296276,446.1768015703724,493.36812841477393,478.8397079572211,514.7929390873402,474.6260146223754,76641609
1706538600,487.73,491.415,487.17,491.27,453.2060674481831,447.4189325518169,493.375445334686,479.0330693401581,511.3510473564396,474.4934611978538,61322751
1706625000,490.56,491.62,490.11,490.89,454.80082870705434,449.0391712929457,496.8667743436315,481.60471369284414,513.4436256377635,476.95816481044267,58618386
1706711400,488.62,489.0813,482.86,482.88,455.95444191629707,449.8755580837028,497.10411797006,481.8683103071738,510.3670664402868,476.96778605004465,126011062
1706797800,484.63,489.23,483.8,489.2,458.2410858263798,452.0288141736202,493.33951573542697,476.71623740914345,501.0988128267971,472.04084092269653,91891637
1706884200,489.65,496.05,489.3,494.35,464.45206972923944,458.1579302707606,496.46295302861296,481.38201240707326,505.2725808122743,476.3228492223718,99228192
1707143400,493.695,494.3778,490.23,492.55,467.56512770170855,461.49487229829134,501.0900674610914,484.8650895713422,509.1603583729293,479.7448151468418,75757102
1707229800,493.52,494.32,492.05,493.98,467.73397042859995,461.71602957140004,499.83021581442927,483.55281541025477,508.21588563863304,478.82679989956443,55918602
1707316200,496.29,498.53,495.36,498.1,469.0040492442458,462.9259507557541,501.3047760191887,484.56502878761387,509.5485442365041,479.9517795468444,70556506
1707402600,498.1,498.71,497.26,498.32,469.0958994931376,463.0141005068623,505.1472556055477,487.5549479622192,512.9828936570403,482.4248180969508,52343636
1707489000,498.84,501.65,498.49,501.2,470.5818965144786,464.46810348552134,504.7902720801899,487.96100318540635,510.5122664927317,482.90371607423157,63979375
1707748200,501.17,503.5,500.24,500.98,471.6771644070657,465.6563355929342,507.63362189938914,490.3376600464434,513.2142600197958,484.5751061673112,56502283
1707834600,494.53,497.09,490.715,494.08,474.0273206725877,467.8926793274124,508.1320363830139,490.38920249063483,513.1659284438146,484.85904525671896,113099199
1707921000,496.79,499.07,494.4,498.57,477.9120664712878,471.6779335287122,503.6667179186927,485.05675903832787,507.41182232808563,480.84642942898887,68387827
1708007400,499.29,502.2,498.795,502.01,478.7709826610514,472.84901733894856,507.085788847386,488.7561214095023,511.33140684837514,484.170082631194,61682960
1708093800,501.7,502.87,498.75,499.51,478.79814380868225,472.82185619131775,510.24879607539464,491.692288094152,514.4970396478013,486.414714618219,75532928
1708439400,497.72,498.41,494.45,496.76,479.41722137030723,473.37277862969273,508.4174383351024,489.71863082682785,512.4817293418225,485.16822690797875,71736740
1708525800,495.42,497.37,493.56,497.21,480.0363179559185,473.9836820440815,507.67762930754816,487.46688670199245,510.32522454908576,483.31948524129444,59603771
1708612200,504.01,508.49,503.02,507.5,483.457240764422,476.992659235578,508.45435403106046,488.6059195092491,510.8630844806647,483.78042422029984,76402535
1708698600,509.27,510.13,507.1,507.85,484.96919783208784,478.50080216791224,516.0488991031224,497.89667754644046,519.9690557423984,490.63588514814853,61321818
1708957800,508.3,508.75,505.86,505.99,484.9833293220513,478.4866706779487,512.5567179355817,498.58449703517914,520.4093354981558,491.1524127402329,50386738
1709044200,506.7,507.16,504.75,506.93,484.9826825671325,478.48731743286754,511.03357054054106,497.78784529228045,518.8507046995088,490.40535523398665,48854528
1709130600,505.33,506.855,504.96,506.26,484.98090071836947,478.4890992816305,513.663719931222,498.6292083609459,519.8246153463847,491.22832085302105,56506634
1709217000,508.07,509.74,505.35,508.08,484.98253965122007,478.48746034877996,514.8039773860999,498.1689693829093,519.4058401336328,491.1111350526045,83924795
1709303400,508.98,513.29,508.56,512.85,486.60150379030966,480.0284962096903,516.6563048457446,499.74481205684685,521.1389004179533,492.4526885723649,76844844
1709562600,512.03,514.2,512,512.3,487.5504131543149,480.95958684568507,521.0862786333694,502.8587374212619,525.5658465781752,495.58109118411636,49799257
1709649000,510.24,510.7,504.91,507.18,487.61780210367016,480.89219789632983,520.8794875830354,502.9683721721534,525.1660932775452,495.5373409426087,72855623
1709735400,510.55,512.069,508.42,509.75,487.5975587413231,480.9124412586769,516.4503854639253,499.7301756321354,520.7945743197604,492.4877643450173,68382367
1709821800,513.14,515.89,509.8053,514.81,488.48211216198587,481.7178878380142,518.9221586458201,503.0526892428189,520.6803887452467,494.487207108924,58652085
1709908200,515.46,518.2201,511.13,511.72,490.6673665617922,483.8427334382078,523.7275013264958,507.0863963721776,524.9500789345221,497.90724234120916,86532535
1710163800,510.48,511.88,508.5,511.28,491.11592133325667,484.3141786667433,520.9755537467413,504.8429540466859,522.7829388303549,496.2057071997732,62557183
1710250200,513.45,517.38,510.86,516.78,492.29425490566786,485.3958450943322,520.6557028658272,506.1184095138412,523.0219407801467,496.1547644861829,73114439
1710336600,517.11,517.29,514.49,515.97,492.8670836211364,485.9530163788637,525.940832225527,509.90758369965135,527.347241415508,499.93803342944784,55104088
1710423000,516.97,517.125,511.82,514.95,494.64249497321686,487.6976050267832,525.2652831568217,509.4513694506682,526.9374425697946,499.65628749211743,110171820
1710509400,510.21,511.7,508.122,509.83,495.7954490641139,488.8546509358862,520.4022785267074,508.75745625041236,526.6184900879401,499.2176831108264,107646297
1710768600,514,515.48,512.44,512.86,495.80529746978556,488.8448025302145,517.7293966193884,504.764216448961,523.9518250568583,495.5037736466883,88893331
1710855000,512.15,515.995,511.12,515.71,495.78683017155197,488.86326982844804,519.3036226378929,507.1564942994342,526.2229326033142,498.0451387472339,60755263
1710941400,515.77,520.62,515.08,520.48,497.01872007692776,490.03127992307225,521.690279406608,509.36866523197585,528.417373004403,501.6580556095463,69594574
1711027800,523.39,524.11,521.91,522.2,498.7663940644039,491.77360593559604,525.8021563687961,511.49333375046825,531.8647718825835,505.37275195834576,60256112
1711114200,522.11,522.605,520.97,521.21,498.63600341950126,491.9039965804987,527.4574135332089,512.3767665098411,533.4693638916381,506.8379147040864,79070842
1711373400,519.8,520.95,519.61,519.77,498.6114685239769,491.92853147602307,526.8046269326986,512.4845106739999,533.1914374200194,506.27626442760663,48512108
1711459800,521.23,521.58,518.4,518.81,498.61773843328734,491.92226156671256,525.7104570340691,511.7328138774952,532.6412798117173,505.3602396484221,65463744
1711546200,521.71,523.21,519.485,523.17,498.64091546820003,491.8990845317999,526.0712405519841,511.17516202404346,532.3716936474837,505.2133131995316,82999777
1711632600,523.21,524.61,522.78,523.07,498.8942048838174,492.1457951161825,528.9556105964075,514.3328649848545,535.6819159745522,510.6333405740919,96294886
1711978200,523.83,524.38,520.97,522.16,498.89945011911766,492.14054988088236,529.6495248596975,514.4056452815918,535.9848635772107,512.4974823067712,62477540
1712064600,518.24,518.98,516.48,518.84,498.92366954034003,492.1163304596599,529.6867444769404,513.8420191295543,535.7109583565355,511.6844330444439,74230308
1712151000,517.72,520.95,517.665,519.41,498.8951113205406,492.14488867945937,527.9731716176422,511.372643170474,533.7205817378066,508.6149121411647,59155759
1712237400,523.52,523.8674,512.755,513.07,498.94983263975485,492.0901673602451,528.6388324069551,511.8498964433007,534.4251738876649,509.17697869654484,96858074
1712323800,514.46,520.44,514.01,518.43,498.9812975155184,492.0587024844816,524.3699068686359,507.3134695521334,530.9483919985072,503.26345895429483,74546483
1712583000,519.15,520.18,517.89,518.72,499.92344815730866,492.9865518426914,528.380736703082,512.1182274838092,534.2945263155069,508.31256122012604,48401752
1712669400,520.5,520.75,514.35,519.32,500.62252934707436,493.8574706529257,528.7642238198849,511.59505035730785,534.7722117658117,508.60956049380826,68124385
1712755800,513.48,516.16,512.09,514.12,500.69271510124173,493.78728489875823,527.3924559117611,511.4307181553282,535.4710805472498,509.19737173976335,82652806
1712842200,515.68,519.48,512.08,518,500.70395349322644,493.7760465067736,522.1462985221332,508.5101939927707,533.1589559936931,504.3289895722163,70099007
1712928600,514.37,515.815,509.08,510.85,500.8295574805915,493.65044251940844,522.4085817897027,510.2434180585156,535.5345516861707,508.00083883769184,92561094
1713187800,515.13,515.3,503.58,504.45,500.9293995944058,493.5506004055942,518.142954329335,505.60744455137825,532.2243490267937,501.2823628407116,92101447
1713274200,504.94,506.5,502.21,503.53,500.9221697671537,493.5578302328463,515.6652155156286,500.09752429596307,529.5654524316287,495.2565247295751,73484020
1713360600,506.05,506.22,499.12,500.55,502.2091915889722,494.82080841102777,514.5992643470657,499.0832081515011,528.7554961349848,494.39665026411757,75910305
1713447000,501.98,504.13,498.56,499.52,504.2530574387338,496.8943425612663,512.9201018721299,496.2539504842429,527.8544862376748,491.58705435235487,74548085
1713533400,499.44,500.455,493.86,495.16,507.3688889179109,500.0211110820891,510.9816260378621,493.5380115111834,527.6547498330552,490.6183155908383,102212587
1713792600,497.83,502.38,495.43,499.72,507.44895045313126,500.02104954686877,507.8923292016412,489.4779982946445,526.0238420388997,486.49349256921033,67961048
1713879000,501.78,506.09,499.5328,505.65,507.51351004833316,499.9564899516669,509.98829580613904,491.6037614656899,528.1328933371824,490.8181026005579,64633620
1713965400,506.56,507.37,503.13,505.41,507.5140865514424,499.95591344855757,513.4722636579752,491.9992624203095,530.9273723734232,491.9992624203095,55928076
1714051800,499.18,504.27,497.49,503.49,507.5117174703715,499.95828252962855,513.1586059266913,490.90938674770683,531.0667089445426,490.90938674770683,69122368
1714138200,506.35,509.88,505.7,508.26,507.5514392029105,499.9185607970895,511.4842444489285,489.3683819311814,530.4208926172519,489.3683819311814,64306118
1714397400,510.09,510.75,507.25,510.06,507.52802339429206,499.9419766057079,513.6063430677124,490.60283468402724,532.8604237122291,490.60283468402724,46415449
1714483800,508.56,509.56,501.98,501.98,507.66816355493665,499.8018364450634,515.7121346549968,490.9986184369719,531.2871537381594,490.9986184369719,77483566
1714570200,501.38,508.19,499.865,500.35,507.99975948004067,500.4102405199595,510.97662530936225,486.6218790095478,526.4460250484564,486.6218790095478,80242839
1714656600,504.15,505.89,499.55,505.03,510.7282806201082,503.1817193798919,511.2712595535494,485.22099346044575,525.8094869779246,485.22099346044575,62550179
1714743000,511.16,512.55,508.56,511.29,511.2184133164652,503.6215866835349,513.402292371093,487.3785267432161,527.8838384809444,487.3785267432161,72756709
1715002200,513.75,516.61,513.3,516.57,511.5024996306496,503.8225003693505,518.7305924302757,495.1935467476451,531.4636115120901,490.24154919347745,47264703
1715088600,517.56,518.57,516.45,517.14,511.5000889425942,503.8249110574058,523.4235659855291,502.54278061147176,534.6751944740988,491.970819839887,52561299
1715175000,515.26,517.74,515.14,517.19,511.4689926460822,503.85600735391785,524.2377497651933,503.7493385349644,535.1905518585861,492.058660369031,42047214
1715261400,517.38,520.2074,516.705,520.17,511.4829570166082,503.8420429833918,524.5687299003512,505.1980279076473,535.3995134629888,491.9624477919969,43643668
1715347800,521.81,522.635,519.59,520.84,511.46913331690996,503.85586668309,527.4131276174088,507.32577913013284,537.3640325446738,493.1426473685616,52233171
1715607000,522.56,522.67,519.74,520.91,511.46866063093364,503.8563393690664,528.4975054579692,508.23693909849516,537.3369065285062,493.38040878821806,36716361
1715693400,521.11,523.83,520.56,523.3,512.7926831428106,505.3773168571895,529.6622869568255,508.70492473394836,537.5466567279176,493.37421403931575,57535867
1715779800,525.83,530.08,525.18,529.78,515.5828545885167,508.0571454114835,532.1719933913957,510.6042448525936,539.2794637735178,494.4421091418443,59504897
1715866200,529.88,531.5218,528.54,528.69,516.2940405236228,508.7877594763772,537.5978372035541,516.1331802021309,543.7950734012987,497.4984255434508,50244827
1715952600,528.81,529.52,527.32,529.45,516.2750578665975,508.8067421334024,537.6128117753661,515.6104360882301,543.2563412432835,497.06186531736006,59187585
1716211800,529.57,531.5601,529.17,530.06,516.2707169669155,508.8493830330845,538.8584503090974,516.4517035676029,540.3251493804008,497.50894397250306,37764206
1716298200,529.28,531.52,529.07,531.36,516.422905571977,508.9971944280231,539.9146851933318,517.1536973885892,540.9338615880919,497.89418157274713,33437001
1716384600,530.65,531.38,527.6,529.83,516.2084233347051,509.21167666529493,541.465162929074,527.6168929214474,542.1873033764168,498.64636854671403,48389968
1716471000,532.96,533.07,524.72,525.96,517.006075484875,509.923924515125,540.6667634944394,528.2274086972473,540.7966982022615,497.9262050338958,57211197
1716557400,527.85,530.27,526.881,529.44,517.0160697197368,509.91393028026323,538.3093273229421,525.1332252184263,539.6116354192241,495.8998089333632,41291076
1716903000,530.27,530.51,527.11,529.81,517.0152957011046,509.9147042988955,538.3984788097886,525.8999568055934,542.0997707723718,497.84585738712144,36269602
1716989400,525.68,527.31,525.37,526.1,517.0476283763379,509.8823716236622,537.640142897006,525.845966941764,543.2514422691602,498.1114226569761,45190323
1717075800,524.52,525.2,521.33,522.61,517.0722247834861,509.8577752165139,535.5441043092858,522.819653991911,542.2731703078832,496.05779604502993,46468510
1717162200,523.59,527.5,518.36,527.37,517.0694025115597,509.86059748844036,533.4668778785392,520.1642704554736,541.1052490426283,494.056642220356,90785755
1717421400,529.02,529.31,522.6,527.8,517.0681152264638,509.86188477353636,535.2744185626431,522.0205336164227,544.3032997980392,496.85188183919456,46835702
1717507800,526.46,529.15,524.96,528.39,517.0023684298551,509.927631570145,535.7208955779859,521.6973022280478,545.1524251702784,497.1399925080874,34632661
1717594200,530.77,534.69,528.7254,534.67,517.8793463595699,510.6706536404303,536.3071642623485,521.5909260942823,546.062886388992,497.52921022272983,47610365
1717680600,534.98,535.42,532.68,534.66,518.1975411651148,511.0824588348852,540.4839612665403,523.8000222672719,550.4489255948506,501.3743481874553,30808530
1717767000,533.66,536.89,532.535,534.01,518.9133383177958,511.83666168220424,537.2112937340161,523.9767833032855,551.0338029403947,501.4473195935227,43224525
1718026200,533.18,535.99,532.57,535.66,518.9152385693575,511.8347614306426,538.510740182008,523.8148554314213,551.1586254711527,501.12133315966094,35729252
1718112600,534.07,537.01,532.05,536.95,518.9170870780623,511.9529129219375,540.3311961944752,524.7731329263012,552.7463532944183,502.22019464619757,36383411
1718199000,541.63,544.12,540.3,541.36,522.5271142592856,515.4528857407144,541.9326275261643,525.626065429037,554.100565810267,503.0589582485584,63251305
1718285400,543.15,543.325,539.59,542.45,522.5233606646668,515.4566393353332,545.5682327204017,528.333707249142,557.5951776677815,505.73138515269204,44760949
1718371800,540.88,542.81,539.85,542.78,522.4507572531969,515.5292427468031,546.8240331240542,530.7508267888413,558.8453443508431,506.4916575650443,40089895
1718631000,542.08,548.53,541.6072,547.1,524.6851249037404,517.7048750962595,547.6888201386131,532.8380655347509,559.5503414149747,506.80857470245604,55909364
1718717400,547.16,548.62,546.73,548.49,524.7191329865341,517.7608670134659,551.4487658062087,536.4059962964423,563.0973688906965,509.516038054437,41376417
1718890200,549.44,550.12,545.18,547,525.4390239050488,518.5409760949512,552.9227023880321,538.4509638260769,564.5702167505264,511.032406821193,70328226
1718976600,544.4,545.65,543.02,544.51,525.4523866482172,518.5276133517829,552.3506832213418,541.9386161190724,563.9220173544226,510.1797565163066,64513859
1719235800,544.33,546.95,542.62,542.74,525.4578627293572,518.5221372706428,551.5643760699492,542.0319843133127,562.4726769732458,508.6444825469473,45528654
1719322200,543.99,545.2,542.44,544.83,525.4565718937956,518.5234281062044,551.8158587172026,540.7145248577815,561.4994719957962,507.5603731105616,38273346
1719408600,543.69,546.24,543.03,545.51,525.4524260743754,518.5275739256247,553.2472299959448,542.2829241995238,563.42839527189,509.40298174753593,38550637
1719495000,545.37,546.96,544.61,546.37,525.416348512964,518.563651487036,554.2800229450316,541.5441873316879,564.2829819003787,510.97880008512146,35041480
1719581400,547.16,550.28,542.95,544.22,525.5097604136081,518.6302395863918,554.2560279666423,541.669938913138,565.2704715469858,514.6233271788977,76144535
1719840600,545.63,545.88,542.52,545.34,525.5073621490621,518.6326378509377,553.6268301209484,540.307506377471,563.8894940230925,513.1207579882064,40297810
1719927000,543.7,549.01,543.65,549.01,525.4969877009513,518.6430122990486,554.5872585261396,540.7706964196979,565.0559945682228,515.6183729968835,40434792
1720013400,548.69,551.83,548.65,551.46,526.2849188978186,519.4050811021815,556.5987492669376,543.0507525451955,568.2564451073031,518.5531149292873,32789911
1720186200,551.77,555.05,551.12,554.64,527.8045815401678,521.1054184598321,558.2848463168771,544.7549403099447,570.5046876008468,520.6986987378117,41488389
1720445400,555.44,556.2501,554.19,555.28,528.3524177158484,521.7576822841515,558.5998830225549,546.3697312485598,573.3548239623768,523.3513601027656,36110451
1720531800,556.26,557.18,555.52,555.82,528.8201079864878,522.2198920135122,559.2848663497275,546.9549759442361,574.1630045338669,526.315586578231,27314125
1720618200,557.07,561.67,556.77,561.32,531.1290978234448,524.4009021765551,559.8772511325782,547.5028251921464,574.8836141881192,526.8388640688689,38701220
1720704600,561.44,562.33,555.83,556.48,531.4415643504974,524.7484356495028,562.7058718635022,550.44356978549,579.6692368642388,538.2040377286055,53054184
1720791000,557.63,563.67,557.15,559.99,532.1065768470258,525.4234231529741,562.9066467962483,548.3751526342619,575.9586190339409,541.0135431361857,53084405
1721050200,562.03,564.8371,559.63,561.53,532.5363902353548,526.160709764645,565.0296830489765,551.8795107455614,579.1260459739905,544.396458336051,40584293
1721136600,562.865,565.16,562.1,564.86,532.5669603687943,526.4530396312057,566.7959540596028,555.4697650001918,580.6683479029734,545.7076671076942,36475260
1721223000,558.8,560.51,556.61,556.94,532.735421456534,526.284578543466,569.2549631826022,559.5617141369116,583.7125015908678,548.3297065055093,57118956
1721309400,558.51,559.52,550.43,552.66,532.7559997816546,526.2640002183454,566.6643279197277,552.9895165448862,577.2951926703188,542.7212809699355,56270392
1721395800,552.42,554.08,547.91,548.99,532.7930027575627,526.2269972424373,566.0357700836212,549.3061494786615,573.8780692826086,539.6950575828588,65509081
1721655000,553,555.27,551.02,554.65,533.5594195991781,527.0305804008218,565.6615541550225,545.9777290802624,570.9352732519443,536.9960153722802,43346720
1721741400,554.54,556.735,553.275,553.78,534.5649759539112,528.0850240460888,567.574981549056,547.5933870839349,575.9604010788396,541.437746528439,34439561
1721827800,548.86,549.17,540.29,541.23,534.8816990346389,527.768300965361,567.5856049307693,544.5809188037724,575.3974553195501,540.9001817637206,74515266
1721914200,541.35,547.455,537.45,538.41,534.9049053194484,527.7450946805518,561.2688535059344,537.1218477879706,568.833045493384,529.7390252446793,61158288
1722000600,542.28,547.19,541.49,544.44,535.9891931385441,528.7208068614559,558.2134639763076,534.0312362289661,568.9947145352804,527.0906950912417,53763788
1722259800,546.02,547.05,542.72,544.76,535.9469494870467,528.7630505129532,559.0967041349402,535.8705618068302,570.7206642744665,533.6346802142036,39515824
1722346200,546.26,547.34,538.515,542,535.9663651042887,528.7436348957114,558.2462343244796,533.9864645687246,571.4468138504917,533.9449763382688,46853632
1722432600,548.98,553.5,547.5799,550.81,535.9204671941517,528.7895328058484,555.293224862021,531.4057718267939,570.7729404825933,531.4057718267939,65663388
1722519000,552.57,554.8688,539.43,543.01,536.0586869899082,528.6513130100917,560.251570752434,533.223275778635,572.2652873254694,533.223275778635,76428732
1722605400,535.75,536.99,528.6,532.9,540.7901942776839,532.9298057223161,553.7873261963723,529.4646383817691,570.2345587433238,529.4646383817691,82789070
1722864600,511.64,523.58,510.27,517.38,542.0748591689171,533.3551408310826,548.6883767988458,523.0207173965705,567.4518675789888,523.0207173965705,146267391
1722951000,519.22,529.75,517.87,522.15,542.0638256060404,533.3661743939595,541.4065416358811,509.42852258019093,562.8504599856041,509.42852258019093,84826312
1723037400,528.47,531.59,518.0519,518.66,542.0877446964838,533.342255303516,542.0451132207235,513.2515669402509,563.6989455251121,513.2515669402509,70698340
1723123800,523.91,531.29,521.84,530.65,542.3486300350053,533.0813699649946,539.0844441265702,504.9012509173192,562.3368058004033,504.9012509173192,63276589
1723210200,529.81,534.51,528.56,532.99,542.3423954026911,533.0876045973088,545.8141956033307,507.31801891706084,566.6717794582214,507.31801891706084,45619558
1723469400,534.21,535.73,530.95,533.27,542.3419980075265,533.0880019924733,547.0869087034806,507.13051484545974,567.7942080004942,507.13051484545974,42542069
1723555800,536.53,542.28,536.28,542.04,542.4642670915754,532.9657329084245,547.1174577076368,506.35237788145287,568.0515506068613,506.35237788145287,52333073
1723642200,542.85,544.96,540.12,543.75,542.4597890316239,532.9702109683759,553.261338102021,511.0015607812886,572.1522352031689,510.09562100802134,42446929
1723728600,549.5,553.36,548.88,553.07,542.5228782766487,532.9071217233511,554.597698417193,511.8089254882702,573.1682256415576,509.8156073953163,60846812
1723815000,551.42,555.02,551.26,554.31,542.520304296529,532.9096957034708,561.7010872527125,517.8233844701243,577.7413757228295,511.9341655064468,44430728
1724074200,554.73,559.61,553.86,559.61,542.5561379070568,532.873862092943,562.290054540508,518.7255974765955,578.6641647848268,512.0028086733585,39121793
1724160600,559.15,560.84,557.325,558.7,542.55902264709,532.8709773529098,567.3550335041599,522.5246205860503,581.5394879954589,513.5242986246029,33732264
1724247000,559.77,562.11,554.73,560.62,542.5609715657341,532.8690284342658,566.890514423029,522.0157374955771,581.4818262421252,513.0766948401642,41514600
1724333400,562.56,563.18,554.98,556.22,542.5901838146779,532.8398161853219,570.4640175628384,523.5389190099258,582.7976905521293,513.6718832667176,56121456
1724419800,559.53,563.09,557.29,562.13,542.6020576805937,532.8279423194061,570.7375505548404,527.1359141828169,580.9322781029232,511.82927920155146,50639393
1724679000,563.18,563.91,559.05,560.79,542.5926051701723,532.8373948298275,575.617592407331,540.9011060801527,584.3005582810927,514.1365142383693,35788609
1724765400,559.49,562.06,558.32,561.56,542.5926792509009,532.8373207490989,576.5991240938007,554.1694587976617,583.9572069107857,513.5102024387593,32693898
1724851800,561.21,561.65,555.04,558.3,542.5843297514946,532.8456702485053,578.7325529180399,555.0699077585144,582.5541015076683,513.7903570505118,41066024
1724938200,560.31,563.68,557.18,558.35,542.5570448118765,532.8729551881233,578.7966867104445,554.3639613582073,581.0268809985861,512.2264039690745,38715176
1725024600,560.77,564.2,557.14,563.68,542.5604277850176,532.8695722149822,575.399798512846,554.3280951393444,581.2456804434694,512.1583525472317,62700110
1725370200,560.47,560.81,549.51,552.08,542.7781154161573,532.6518845838426,579.6916219031617,558.6350675193039,584.4350667693004,514.6888104728895,60600113
1725456600,550.2,554.43,549.46,550.95,542.781428000675,532.648571999325,572.3177160461263,548.789260436443,578.7115016954582,508.8095793928105,47224939
1725543000,550.89,553.7995,547.1,549.61,542.7277083788512,532.7022916211487,566.2100667088876,547.673960748105,578.8070603359009,508.07134774597756,44264258
1725629400,549.94,551.6,539.44,540.36,542.8624834973,532.5675165026998,565.1316418382538,546.3695121482485,578.6334755047753,507.20384699208995,68493805
1725888600,544.65,547.71,542.68,546.41,542.9138982386219,532.516101761378,559.8407341660156,537.9104090117451,572.9855570236317,501.98248712831526,40445822
1725975000,548.36,549.15,543.38,548.79,542.917616901111,532.5123830988888,560.7982188097349,536.9257176159573,577.5763750687425,505.12016736794703,36394579
1726061400,548.7,555.36,539.96,554.42,542.9577878886591,532.4722121113407,559.7915039715931,535.3973889085195,579.7147296019753,506.29194397054465,75248608
1726147800,555.01,559.4,552.74,559.09,542.9592060822874,532.4707939177124,562.6358587160372,536.2428536687166,584.2294429092133,509.36178100250254,51892735
1726234200,559.71,563.03,559.45,562.01,542.9678000353488,532.4621999646511,565.3054848719717,537.753445988929,588.1468813421129,511.9618775537381,39310501
1726493400,561.74,563.11,559.9,562.84,542.9681584133028,532.461841586697,567.5620167049536,539.0055638061247,590.8370417576328,513.6129535093844,36656122
1726579800,565.1,566.58,560.795,563.07,543.6610200663603,533.1889799336396,567.7775602413872,539.39512323493,591.9783765437696,514.0789769711098,49320970
1726666200,563.74,568.69,560.83,561.4,544.7293313211206,534.2306686788793,569.0104419307388,539.5013540697147,592.6416373644734,514.200927921138,59044937
1726752600,571.01,572.88,568.08,570.98,546.9575960104271,536.192403989573,570.0513195916647,538.4386762232394,591.7983414422634,513.1820532036221,75315470
1726839000,567.84,569.31,565.17,568.25,546.9586626109314,536.1913373890687,576.4486882317577,544.5948135177215,599.736485350349,518.9751227752889,77503110
1727098200,569.34,570.3325,568.1,569.67,546.9531731106518,536.1968268893482,576.2743263903496,542.9298020609787,598.0416033197638,517.3446689953585,44116922
1727184600,570.48,571.36,567.6,571.3,546.9509619786725,536.1990380213276,578.3712609192211,543.9950079553831,599.6001081485743,518.2439309031226,46805672
1727271000,571.14,571.89,568.91,570.04,546.9545691715346,536.1954308284655,580.4890892559894,555.1312503905434,601.3260378592607,519.2892400528445,38428587
1727357400,574.38,574.71,569.9,572.3,547.8828864731863,537.0971135268137,580.7101850574496,556.3874622617774,600.6888533030132,518.5332876158175,48336004
1727443800,573.39,574.22,570.42,571.47,547.8754296038884,537.1045703961116,583.0444461523916,561.0426808619852,602.9161878269008,519.9961444858644,42100928
1727703000,570.42,574.38,568.08,573.76,547.8791983920532,537.1008016079468,583.7753241176383,567.987643016783,602.5831824241625,519.5047757893536,63655448
1727789400,573.4,574.0622,566,568.62,547.9040212143351,537.0759787856649,584.050804458624,569.8990951701743,604.8358701438989,521.014332900685,72668778
1727875800,567.71,569.9,565.27,568.86,547.8973668386362,537.0826331613639,581.7399320843924,566.1070611650285,600.8213758570608,517.7169421125019,38097798
1727962200,567.36,569.8025,565.49,567.82,547.887357997516,537.092642002484,579.7519204114277,566.3687309924159,601.3081257179404,517.8921437009143,40846466
1728048600,572.35,573.36,568.1,572.98,547.9191286445478,537.0608713554523,576.840848151446,565.4137216627329,600.6856311864638,517.223298917125,43005186
1728307800,571.3,571.9599,566.63,567.8,547.9576852246275,537.0223147753724,581.7002340916174,567.9100258776433,605.3860096560022,520.6635322286797,49964690
1728394200,570.42,573.78,569.5299,573.17,547.9542413578453,537.0257586421548,576.9123673396984,563.8762587368608,601.157974870236,517.2354916390153,37398693
1728480600,573.16,577.71,572.55,577.14,549.4515265792149,538.5284734207851,582.0188674784725,567.5000266631981,606.0695087468647,520.8592043825021,37912244
1728567000,575.77,577.58,574.49,576.13,549.4393907642383,538.5406092357617,585.8416003878403,568.6083287762204,609.7869436695589,523.5706795618233,44138060
1728653400,576.05,580.33,575.91,579.58,550.7733165243226,539.8266834756773,579.6677680260782,568.6297763764605,609.14790293121,529.4521432698559,42267994
1728912600,581.22,585.27,580.73,584.32,553.2806811166711,542.2593188833288,582.8429227499914,570.2447040451913,612.4292106498477,534.8711483299683,36217215
1728999000,584.59,584.9,578.545,579.78,553.2172348402073,542.3227651597927,587.2148969217295,572.2645637803139,616.8678812504888,538.5139126052,54203636
1729085400,579.78,582.83,578.96,582.3,553.1916501484849,542.3483498515151,586.3199007712152,570.9752994107178,613.0737835341815,535.1688803692313,30725436
1729171800,585.91,586.12,582.16,582.35,553.5960517734333,542.7939482265666,588.5118153085956,572.634970107218,615.546813280969,538.3231759262051,34393714
1729258200,584.07,585.39,582.58,584.59,553.5610067599246,542.8289932400753,589.8422445891418,572.9406772511942,615.8117479432154,544.1190179815271,37416801
1729517400,583.85,584.85,580.6001,583.63,553.5611667363377,542.8288332636622,591.8914181224601,574.5816091111155,618.0408310004119,546.1234381208554,36439010
1729603800,581.05,584.5,580.38,583.32,553.3013239762493,543.0886760237506,592.3439144145619,574.217629909213,617.3841438314184,545.3097404407415,34183835
1729690200,581.26,581.7086,574.415,577.99,553.3321173636872,543.0578826363127,592.8992539512549,577.153144586952,617.3028285646119,545.0667608967116,49314574
1729776600,579.98,580.06,576.57,579.24,553.285272501433,543.104727498567,590.2827775321807,572.3538798996835,612.6381421019737,540.3851270999169,34979860
1729863000,581.51,584.46,578.08,579.04,553.2860198881077,543.1039801118922,591.4083024913574,573.5300159177343,613.9500465994323,541.5148768492223,47268176
1730122200,582.58,582.71,580.52,580.83,553.2704652704625,543.1195347295375,591.5928384228895,573.3752799172707,613.9327727879698,549.8033540268372,30174704
1730208600,579.85,582.907,578.43,581.77,553.1617643455069,543.2282356544931,593.0951413710342,576.1090930672791,615.7393292749806,554.0871052139452,42899661
1730295000,581.29,583.32,579.29,580.01,553.0570651513212,543.3329348486785,590.6681729982993,576.3701308094783,616.7654410748232,554.8825391234359,41435839
1730381400,575.56,575.63,568.44,568.64,553.0770506409731,543.3129493590269,587.64095318122,575.1352168854824,615.2935536161212,553.6233093237183,60182451
1730467800,571.32,575.55,570.62,571.04,556.4224933761641,547.5675066238359,580.6285599893538,565.3943995220836,604.8765948202758,544.150897754227,45667533
1730730600,571.18,572.5,567.89,569.81,556.4889137961025,547.6829862038975,579.9750812490918,567.0460464277583,596.4964912650985,546.2394742458152,38216975
1730817000,570.74,576.74,570.52,576.7,558.4211609423526,549.5388390576475,578.8222746880322,564.2728803178541,595.2011347600678,545.1870423042927,39478322
1730903400,589.2,591.93,585.39,591.04,564.777881433531,555.7121185664688,582.079071039052,565.5544399445021,600.7413091933381,551.1886230636176,68181968
1730989800,593.08,596.65,592.9999,595.61,568.3773759525582,559.2226240474416,592.6837421166579,570.2000125362656,612.5272829334907,562.5651941071333,47233212
1731076200,596.17,599.64,596.165,598.19,572.5738074085854,563.3461925914147,597.0026207614256,571.6180792190589,616.5790427402682,566.2335369763703,46444893
1731335400,599.81,600.17,597,598.76,574.313717896645,565.2962821033551,602.1110969090572,572.7832304634675,618.9974586926777,568.3119486380808,37586773
1731421800,598.68,599.29,594.37,596.9,574.3245167201216,565.2854832798787,608.7937649098313,574.1948721263345,619.7403960940039,568.8794731922962,43006128
1731508200,597.37,599.23,594.96,597.19,574.1831653341848,565.4268346658154,609.4937049969242,574.6707554665684,618.4258400812963,567.5665089699114,47388640
1731594600,597.32,597.81,592.65,593.35,574.2163367956719,565.3936632043283,611.6236372542508,578.2696687933707,618.9089929326946,567.897512979095,38904109
1731681000,589.72,590.2,583.86,585.75,574.2836282616267,565.3263717383734,610.6180078116718,576.946573209626,615.8594175669642,564.9375378305127,75988766
1731940200,586.22,589.49,585.34,588.15,574.2866578440481,565.323342155952,607.038022498733,571.7643150262064,609.531596367114,558.936596528719,37084081
1732026600,584.71,591.045,584.03,590.3,574.2873409684643,565.3226590315359,609.2844874784321,573.8075180821502,611.7720717941705,560.9275434762455,49412046
1732113000,590.38,590.79,584.63,590.5,574.2431439840927,565.3668560159074,611.4085049196182,575.6792159174581,613.8053991715728,563.4135218019,50032576
1732199400,593.4,595.12,587.45,593.67,574.2002190711189,565.4097809288811,612.1811342355959,577.9062700844374,614.1498510647455,563.6245204359047,46750285
1732285800,593.66,596.15,593.1525,595.51,574.1966438943282,565.4133561056719,615.0324566528027,583.1625442243321,617.082718807222,566.4644258882269,38226390
1732545000,599.52,600.86,595.2,597.53,574.5476357374941,565.7523642625059,616.9490220799362,583.8684888975508,618.8635153141664,568.1312504526828,42441393
1732631400,598.8,601.33,598.07,600.65,574.7665426417476,566.0034573582524,619.0042634034878,584.8950911122222,620.8072224340046,569.9605739051251,45621288
1732717800,600.46,600.85,597.28,598.83,574.7761365228793,565.9938634771207,617.7374043074593,586.7667010682618,623.7251685386112,577.3687025793273,34000163
1732890600,599.66,603.35,599.3805,602.55,575.7674810062578,567.0225189937422,605.0328860237889,585.6517040013233,622.2896733927305,576.5738072736202,30177351
1733149800,602.97,604.32,602.47,603.63,575.9583458612932,567.8016541387071,604.7976029176589,588.1434817705931,625.749009718284,578.8675022740586,31745989
1733236200,603.39,604.16,602.341,603.91,575.9512091010123,567.8087908989879,606.331864994461,588.9725215222087,626.8756235931361,579.7066097863077,26906629
1733322600,605.63,607.91,604.95,607.66,577.762872791616,569.5871272083839,607.4217331737862,589.2642198458142,626.243205164316,580.0859854353066,42787561
1733409000,607.66,608.48,606.305,606.66,578.0895789547847,570.3504210452154,610.279783035092,594.0303674306796,629.7517522018607,582.4632080689245,28762183
1733495400,607.44,609.07,607.02,607.81,578.3267061952547,570.7032938047456,610.4475117556503,593.6532090682161,629.2348647917922,582.1607403183025,31241549
1733754600,607.69,607.86,604.08,604.68,578.3530594663093,570.6769405336908,611.842635128562,598.9988462770624,630.5285655596717,583.0698304092404,34742738
1733841000,605.37,605.8,602.13,602.8,584.7467089534823,577.0632910465176,611.4992095012323,602.3395712661269,628.0847766638585,581.3284045679678,37234515
1733927400,605.78,608.435,605.5,607.46,588.1174146728795,580.4025853271206,611.5954355686055,600.7313966464592,626.671035606579,580.3031080474173,28677723
1734013800,606.58,607.16,604.33,604.33,588.3615460015204,580.6084539984796,613.8032738005746,602.7420405439026,631.006281814557,583.4558666328692,31543812
1734100200,606.4,607.13,602.81,604.21,588.8131869966157,581.0518130033843,613.2471411298202,601.6911069440662,628.437789328897,581.5930484474704,35904730
1734359400,606,607.7795,605.21,606.79,588.8371509879319,581.0628490120682,612.6122611679763,600.6447616322839,628.518175652503,581.6602847642965,43695179
1734445800,604.19,605.17,602.885,604.29,591.0292423156989,583.2107576843011,613.731997302144,602.1073948057548,631.0205701150185,583.5196570737772,55773545
1734532200,603.98,606.405,585.89,586.28,591.4943235432123,582.7456764567877,611.7294951103551,600.2911688772884,628.9280866292384,581.9859761251832,108248729
1734618600,591.36,593,585.85,586.1,591.5278001414244,582.8121998585757,604.6654622050098,585.4472928697874,612.7405831337275,569.6989522030997,85919452
1734705000,581.77,595.75,580.91,591.15,591.5658205169268,582.7741794830733,603.9144382067761,582.6895257733787,613.0075885662988,569.5701430591839,125716674
1734964200,590.89,595.3,587.661,594.69,591.5805302747997,582.7594697252005,603.5756261276373,581.0926987956736,617.248606287514,573.2094303999789,57635828
1735050600,596.06,601.34,595.47,601.3,591.6406857930598,582.6993142069404,603.7107241854726,579.032838820918,620.6051278017461,575.7382042481075,33160097
1735223400,599.5,602.48,598.0825,601.34,591.634990983988,582.7050090160121,606.0803419413223,582.4458297249696,626.8299435410512,580.4655653069956,41338891
1735309800,597.54,597.7761,590.7647,595.01,591.7096841543462,582.6303158456539,606.1034031679371,582.2128868978036,626.9698851498375,580.5817992280761,64969310
1735569000,587.89,591.74,584.41,588.22,591.7884203144288,582.5515796855714,604.8579399277221,577.4666433724768,621.1470357851374,576.1281956975483,56578757
1735655400,589.905,590.6399,584.42,586.08,591.7453364932808,582.5946635067194,602.2186080934031,572.0567596773715,615.8088224090432,571.2599016397911,57052654
1735828200,589.39,591.13,580.5,584.64,591.8612804704344,582.6987195295656,601.1361458651052,569.9979749964771,615.0450088816409,569.5986091556455,50203975
1735914600,587.53,592.6,586.43,591.95,592.5160302021213,583.1839697978787,600.3780641308025,568.489848800201,614.5573371861598,568.458161762948,37888459
1736173800,596.27,599.7,593.6,595.36,592.4897104540938,583.2102895459063,605.1463246400714,574.0384747960176,618.6311100653777,574.0384747960176,47679442
1736260200,597.42,597.75,586.78,588.63,593.1538624257984,583.8061375742017,607.8035016146765,576.6301765470271,621.8106545960528,576.623941343172,60393052
1736346600,588.7,590.5799,585.195,589.49,593.1075396374408,583.8524603625592,603.0095332097744,570.9448664888872,617.3015488472406,570.9448664888872,47304672
1736519400,585.88,585.95,578.55,580.49,593.2254427580482,583.7345572419518,603.7330931230046,571.4936907916207,617.9994249278585,571.4936907916207,73105046
1736778600,575.77,581.75,575.35,581.39,593.2246044658112,583.7353955341888,597.2705845166383,564.4812769928632,613.1569995865389,563.7448939599598,47910060
1736865000,584.36,585,578.35,582.19,593.2055866957086,583.7544133042915,597.7589820919371,572.3304401736672,613.7983134000051,564.3235448998009,48420580
1736951400,590.325,593.94,589.195,592.78,593.3520100095095,583.6079899904905,598.1740418765884,572.363942070566,614.3933812683678,564.8483987111204,56900159
1737037800,594.175,594.35,590.93,591.64,593.3178364924527,583.6421635075474,602.6539641318416,578.2361121439769,620.7847686946795,573.8546753167656,43319662
1737124200,596.96,599.36,595.61,597.58,593.3612988691599,583.59870113084,600.8252626338023,577.423181991133,620.3263979391919,572.7922228973874,58070628
1737469800,600.67,603.06,598.67,603.05,593.4029594626626,583.5570405373375,605.821591998127,578.9022126519286,624.4311340293383,577.902498778325,42532853
1737556200,605.92,607.82,605.36,606.44,593.411146562164,583.548853437836,610.607983316776,580.7421600767793,629.6798574758302,579.0026396530965,48195973
1737642600,605.8,609.75,605.52,609.75,593.7639543004886,583.8760456995111,613.7587631671951,585.3033331006167,633.0099147510291,579.5881089181308,41152102
1737729000,609.81,610.78,606.8,607.97,594.2896796960529,584.3803203039472,616.8842795242188,589.4909249444939,636.2695803703713,580.2828099733393,34604693
1737988200,594.81,599.69,594.64,599.37,594.3587135648053,584.3112864351948,615.6183211741572,589.0606492403497,634.6013875938759,579.8960430920974,70361125
1738074600,600.62,605.37,597.25,604.52,594.39180514132,584.2781948586801,614.0188998939692,583.2812268728961,626.4314238416173,577.3499208686322,44433322
1738161000,603.72,604.13,599.22,601.81,594.4056422602184,584.2643577397816,617.3117937150699,587.2515782299973,631.3496606738294,578.9056575639014,37177429
1738247400,603.96,606.6,600.715,605.04,594.4144786931959,584.2555213068042,617.6768570184624,585.2910416483045,628.8284818714495,577.9262969153016,39281255
1738333800,607.5,609.96,601.05,601.82,594.4329536695872,584.2370463304128,620.319333862063,593.947547803047,631.9449826205034,578.9515257377748,66671471
1738593000,592.67,600.29,590.49,597.77,594.4546428206013,584.2153571793988,619.6768485619999,591.7303525457813,628.8574028808811,577.7212450900042,65857248
1738679400,597.83,602.3,597.28,601.78,594.2436849788396,584.4263150211605,618.1320285065603,590.8953384647848,626.1918477927055,575.9034049310699,33457815
1738765800,600.64,604.37,598.58,604.22,594.243085152781,584.426914847219,621.0782292036695,593.4268983840725,624.7098668233957,577.5198783061581,30653149
1738852200,605.99,606.4525,602.63,606.32,595.5672344270231,585.7327655729769,623.1898350055236,595.0688821612869,623.1898350055236,578.4512037532519,35771503
1738938600,606.89,608.13,600.05,600.77,597.9880615909425,588.1419384090577,620.3550738485299,596.5935928195288,625.1298898839286,579.2539842321596,50788516
1739197800,604.03,605.4999,602.74,604.85,597.6720786769147,588.4579213230854,616.4302769360984,592.0754639833494,621.8957318422873,576.813291076121,26048714
1739284200,602.55,605.86,602.43,605.31,597.6389839355147,588.4910160644853,615.5814940088432,595.2781421546434,625.1271744700325,578.5797891518117,30056740
1739370600,599.2,604.55,598.51,603.36,597.6357456851993,588.4942543148009,611.696127562018,595.5974514366269,625.8627674115571,578.74837484619,45076076
1739457000,604.48,609.94,603.2,609.73,597.6996287115622,588.430371288438,609.521937918601,593.9084060228402,624.8016215687824,577.8284542392901,40921297
1739543400,609.94,610.99,609.07,609.7,597.7984612951777,588.5415387048224,614.1428660900683,597.6404775496185,629.8795306409193,580.7485167712691,26910448
1739889000,610.88,611.49,608.38,611.49,598.0544034444898,588.7855965555104,614.3427712876224,598.6912130423889,630.2226943230883,580.7547271817617,26749030
1739975400,610.08,613.23,609.56,612.93,598.9045938182627,589.6754061817372,616.0114021677005,602.6209031818091,631.940078912286,581.6368314577832,31011072
1740061800,611.54,611.684,607.02,610.38,598.8069782531708,589.7730217468292,617.4481949467147,603.7894043035806,633.3949430403011,582.3522418935853,36554002
1740148200,610.16,610.3,599.47,599.94,598.9904062544292,589.5895937455707,615.8629962712173,602.2352033999132,631.684591195826,581.1524575173794,76519818
1740407400,602.02,603.03,596.49,597.21,598.9973127226292,589.5826872773707,613.1258181364115,593.3647471184688,623.7937075567131,575.7155770033586,50737213
1740493800,597.15,597.89,589.56,594.24,599.0129223993457,589.5670776006542,612.6067226028233,592.540144540132,621.9004639329594,574.1113184590695,58266472
1740580200,595.93,599.58,591.8556,594.54,598.996387468633,589.583612531367,611.7035542638871,589.7720984413708,619.7528674047185,572.2288717944762,43321578
1740666600,596.85,598.02,584.65,585.05,599.139753104986,589.440246895014,610.2525598293075,589.0488339966936,620.108038483796,572.3236499120669,74196664
1740753000,585.56,594.72,582.44,594.18,599.2724888769833,589.3075111230165,605.1264583226975,579.9160787504852,613.1444297136544,565.8223030567152,88744106
1741012200,596.18,597.34,579.9,583.77,599.4237179047265,589.1562820952734,609.3633799066814,582.3152799853008,620.0420523975483,571.9262366388043,74249199
1741098600,579.71,585.39,572.25,576.86,597.9270401193754,587.5529598806246,603.2879311954875,577.4160970134229,612.999031648953,564.6000157474582,109648212
1741185000,576.69,584.88,573.0795,583.06,597.9703759713616,587.5096240286384,595.4479289064564,570.9807583052382,610.9167093091377,558.1687998902672,71230528
1741271400,575.48,580.1736,570.12,572.71,597.0485328749195,586.3014671250804,597.936758980816,573.1802738674469,612.9055175675375,563.905929287181,80094868
1741357800,570.9,577.39,565.63,575.92,594.8032791560009,584.0567208439992,589.6846953868218,566.4778611534989,609.2831438393182,554.2664356084712,81158816
1741613400,567.59,569.54,555.59,560.58,590.0455991810982,578.774400818902,586.3478467266168,566.0733319862218,610.3519727200394,557.2305757531765,99326624
1741699800,559.4,564.02,552.02,555.92,588.2668818657696,576.9831181342305,574.3771706323216,554.8737139237005,604.4643515406669,542.9189924855399,88102109
1741786200,562.17,563.11,553.69,558.87,588.2829341599305,576.9670658400695,568.507967823027,550.0460621154745,602.5287338571654,538.5429460713129,69588167
1741872600,558.49,559.105,549.68,551.42,587.1631815404749,575.7468184595251,570.3669082493741,550.8969666179215,603.1747001524415,541.2662912412883,74079414
1741959000,556.11,563.83,551.4917,562.81,587.3793018439792,575.5306981560205,563.2231696595109,544.2593064418064,600.077011691605,534.2786907140185,62660321
1742218200,562.79,569.71,562.35,567.15,587.3791496209926,575.5308503790072,573.5080005057782,546.7193985865359,603.9647497883202,544.89308718857,49008709
1742304600,564.8,565.02,559.06,561.02,587.4145841391069,575.495415860893,577.4009231744802,546.2052763550382,605.7820253630894,546.0045889086367,66041422
1742391000,562.83,570.95,561.63,567.13,587.4779127251747,575.4320872748251,571.517358693016,542.4729303561662,602.7102417788769,542.4729303561662,66555985
1742477400,563.33,570.57,562.6012,565.49,587.466777337987,575.4432226620128,577.1721960528736,543.0676249587949,605.433220417875,542.3893951939674,62958195
1742563800,559.28,564.89,558.03,563.98,587.4637978458372,575.4462021541626,575.6963665372164,541.2470294045421,604.4300343707519,540.3956186066619,83762964
1742823000,570.8,575.15,570.2,574.08,587.2214426757597,575.6885573242402,575.609103793166,539.5103593779044,603.4627146715358,538.4758980312502,58766795
1742909400,575.3,576.41,573.69,575.46,587.2248672416688,575.6851327583311,583.621649834732,546.1627000005759,608.6797916565301,539.5196447652988,38355735
1742995800,575.19,576.33,567.19,568.59,587.2489681910051,575.6610318089947,585.5068478568979,546.588993716294,609.3566922856259,538.8032227195071,52228898
1743082200,567.18,570.9,564.94,567.08,587.2302203328431,575.6797796671567,580.7084068323345,542.582048752323,605.5129336351893,535.7848316549928,42164248
1743168600,565.53,566.2675,555.07,555.66,587.3354960684783,575.5745039315216,579.8542290400169,544.9341325536079,604.5437183292031,534.2417589572233,71662653
1743427800,549.83,560.7112,546.87,559.39,585.9438333444579,574.156166655542,576.2761908548185,536.8108558865073,597.7922174775384,529.1971889067494,95328213
1743514200,557.45,562.94,553.68,560.97,585.9092478692012,574.1907521307988,577.9092744282015,550.4116891119933,599.7809434505251,529.4496536902905,54609641
1743600600,555.05,567.42,554.81,564.52,585.8801499843229,574.219850015677,578.9807229411997,549.9123002357672,600.5452375032755,529.0617919054156,76014544
1743687000,545.11,547.97,536.7,536.7,581.7638748600222,568.1661251399779,581.0357978365596,550.1720635159214,602.529261716801,529.59088499685,125985998
1743773400,523.67,525.87,505.06,505.28,566.9347424041559,551.3552575958439,567.3475091460236,531.691746796476,585.08605608948,516.4598300979465,217965131
1744032600,489.19,523.17,481.8,504.38,555.073714233551,539.956285766449,554.0323617839701,503.9579492812976,564.185972331062,494.0330937241603,256611355
1744119000,521.86,524.98,489.16,496.48,555.1049497865595,539.9250502134405,549.6935797038494,494.8368219300789,563.0455471195304,492.9244732500817,165816581
1744205400,493.44,548.62,493.05,548.62,557.8378917965986,537.1921082034014,544.0638267567477,480.9500258575885,557.1105800077322,480.9500258575885,241867317
1744291800,532.17,533.495,509.32,524.58,558.2598514195801,536.7701485804199,562.005805350635,490.69846189377495,590.864935757022,490.69846189377495,162331225
1744378200,523.01,536.43,520.07,533.94,558.2998965502613,536.7301034497386,547.3152984168938,479.25429908804233,573.4359436219843,479.25429908804233,97866334
1744637400,544.05,544.28,533.86,539.12,558.3244169099908,536.7055830900093,560.2049667144001,482.3569013598813,573.2462955763095,482.3569013598813,68033993
1744723800,539.675,543.23,536.81,537.61,558.3234665897759,536.7065334102241,570.0831661102818,482.28931435880537,576.5553000206697,482.28931435880537,56892874
1744810200,531.68,537.8854,520.29,525.66,558.3348761757462,536.6951238242538,582.7395615991836,480.2336433958926,582.7395615991836,480.2336433958926,83484814
1744896600,527.64,531.165,523.91,526.41,558.3372796466548,536.6927203533452,573.1503660100122,473.14439334737386,573.1503660100122,473.14439334737386,79868083
1745242200,521.16,521.7,508.46,513.88,558.4108373881016,536.6191626118982,574.5767149548258,472.18130019305215,574.5767149548258,472.18130019305215,69368129
1745328600,520.14,529.305,519.1925,527.25,558.552226979886,536.477773020114,562.9848372060843,463.9802310547352,562.9848372060843,463.9802310547352,75948117
1745415000,540.43,545.43,533.88,535.42,558.6049489037422,536.4250510962578,576.3799683418521,470.6144280682756,576.3799683418521,470.6144280682756,90590658
1745501400,536.715,547.43,535.4504,546.69,558.7034880564897,536.3265119435102,584.8456937598178,474.7508232837065,584.8456937598178,474.7508232837065,64150418
1745587800,546.65,551.05,543.69,550.64,558.7197941002814,536.3102058997185,596.4960660076708,481.1559523114455,596.4960660076708,478.7388729836312,61119590
1745847000,551.39,553.55,545.02,550.85,558.6857226303039,536.3442773696962,600.8774552698602,504.923405693733,600.8774552698602,478.23342913443645,47613755
1745933400,548.91,555.45,548.55,554.32,558.6772113150079,536.3527886849921,601.4560597250617,513.5119801332621,601.4560597250617,477.3354869775665,47775121
1746019800,547.57,556.52,541.52,554.54,558.6757295529006,536.3542704470993,605.312717724543,514.9733392130248,605.312717724543,476.98463009854856,93101463
1746106200,560.37,564.0699,557.86,558.47,558.6811877759496,536.3488122240503,605.829284932231,515.2881545559577,605.829284932231,476.2155456365857,63186146
1746192600,564.73,568.38,562.38,566.76,558.730783245796,536.2992167542039,575.6083086679062,517.2992952742941,610.1336281464256,476.13273042859714,60717270
1746451800,562.57,566.65,561.7,563.51,558.7285282784467,536.3014717215533,583.3340004311683,530.865768936877,618.9444415941736,476.92986202217094,38659222
1746538200,557.93,563.3476,556.96,558.8,558.7272310308568,536.3027689691431,582.8009464567064,529.3667168862771,615.8190406163521,475.7480907234043,48264708
1746624600,560.15,563.82,556.04,561.15,558.727568600034,536.3024313999659,580.6139249964529,526.6637894098815,611.125602936104,474.20095166447,55733229
1746711000,565.24,570.31,561.7,565.06,558.736930854204,536.2930691457958,583.5356878381446,531.0080595553542,613.7525271041097,474.0960739104969,65130787
1746797400,566.48,567.5,562.7637,564.34,558.7228848732664,536.3071151267336,587.652462417115,546.8075366146993,618.0069503657056,474.40306066736827,37603427
1747056600,581.47,583,577.04,582.99,558.9439951112201,536.0860048887798,588.2281878919457,548.127055283147,617.4102420048081,473.72884601192203,78993570
1747143000,583.41,589.08,582.84,586.84,558.9541933892032,536.0758066107968,604.3601323504192,566.77853851844,637.1375621589083,477.5650989831412,67947225
1747229400,587.81,588.98,585.535,587.59,558.9532217669425,536.0767782330574,599.7451635516069,569.7349074340132,641.3549662885549,478.15230259761574,66283531
1747315800,585.56,590.97,585.0969,590.46,558.9341131334102,536.0958868665898,596.7756145311726,571.8205771717559,642.3083695397652,478.07696705244354,71268145
1747402200,591.25,594.5,589.28,594.2,558.9436326856579,536.086367314342,598.5198520812769,574.4952051888099,645.4880327837966,478.54232686510653,76052101
1747661400,588.1,595.54,588.1,594.85,558.941768296112,536.0882317038881,607.3920216959798,577.610505470624,649.5843640287821,480.2548114631612,68168509
1747747800,593.09,594.05,589.6,592.85,558.1526939673643,535.3313060326356,608.9703901403607,579.2251295273816,650.4130959061264,484.9560736031105,60614492
1747834200,588.44,592.58,581.82,582.86,557.4991328884211,534.6008671115789,607.9513613299882,579.195887152087,648.4271108190791,485.57984598555737,95197657
1747920600,582.66,586.62,581.405,583.09,553.7309894735766,531.0990105264233,601.1488268069205,572.1040739402566,637.9496188337299,483.4662521743741,70860417
1748007000,575.98,581.8101,575.6,579.11,551.9749286779378,529.4050713220623,602.5657436387253,572.4764493094304,638.2945064496677,483.4583408054201,76029046
1748352600,586.07,591.31,578.43,591.15,552.0595609362806,529.3204390637195,601.9585553837638,569.2544121478876,634.1555172607888,481.887434683494,72588475
1748439000,591.56,592.7688,586.985,587.73,551.2696241830558,528.5503758169441,609.2726473524826,578.2480057240034,647.0575081690897,486.3163617405945,68445512
1748525400,593.06,593.2,586.07,590.05,550.8730199653304,528.2669800346698,608.0877386136896,576.6870893711935,643.5057824190706,490.81716818764403,70073758
1748611800,588.93,591.1299,583.235,589.39,550.824175236589,528.3158247634111,610.3620568559396,576.9584899069838,646.0631952516508,492.3409277551965,90601242
1748871000,587.76,592.79,585.06,592.71,549.8471462535776,527.4928537464222,610.6362803243917,576.3018606226517,645.4396318573573,492.10169190722013,61630502
1748957400,592.34,597.08,591.85,596.09,550.6077459256762,528.2722540743239,613.5790889316279,577.7647945194876,649.0617078531396,498.38562175635616,63606204
1749043800,596.96,597.95,595.49,595.93,551.0300584674178,528.7199415325822,605.4848632388738,579.6082387970027,652.7489696353217,500.091319985959,57314199
1749130200,597.63,599,591.05,593.05,551.5015633167637,529.2984366832363,605.7552411133634,579.5559625299377,652.6513890462619,503.7039414464275,92436397
1749216600,598.66,600.83,596.86,599.14,552.4495034329867,530.1804965670134,603.490091504082,577.7453698651253,649.6385023192915,501.9288646724656,66588743
1749475800,599.72,601.25,598.49,599.68,552.5006183109373,530.5493816890626,609.2051059099733,581.748215621322,656.2252420831435,505.953661620547,53016418
1749562200,600.22,603.47,599.09,603.08,553.6180619277474,531.6519380722527,609.9267179574534,582.2128955003519,656.8692832184669,506.3969662645314,66246973
1749648600,604.19,605.06,599.27,601.36,554.4291862635434,532.4308137364565,613.2662095208082,584.697526563894,660.5772991870583,508.7149692913088,73658225
1749735000,600.01,603.75,599.52,603.75,554.3844299827526,532.4755700172472,611.8450566808546,585.5445676552772,658.7941731782473,507.6806686921724,64129003
1749821400,598.5,601.85,595.48,597,554.3380448305783,532.5219551694216,614.2384280371256,597.0183871454693,661.4176576294067,509.35244207659485,89505996
1750080600,600.4,604.45,600.22,602.68,554.3439006708555,532.5160993291444,607.9872830760388,591.9727761662118,654.225258906898,504.94943288625063,79984125
1750167000,600.21,601.75,596.76,597.53,554.3333856530724,532.5266143469274,613.4786722659918,597.5648044276862,660.3796856263713,508.8218077799911,82209365
1750253400,598.44,601.22,596.47,597.44,554.3124625271764,532.5475374728235,606.5834028603846,593.6354308147326,654.8948060442993,505.4415004158087,76605029
1750426200,598.38,599.46,592.86,594.28,554.3175495507277,532.5424504492722,606.9694536907195,594.1395869275623,654.8450612390494,505.4463296575452,94051374
1750685400,595.04,600.54,591.89,600.15,554.3320210884793,532.5279789115206,605.4705964631049,589.4775232820815,651.4893660444103,503.36110384907204,87426039
1750771800,604.33,607.8499,603.41,606.78,555.7157148660717,533.9341851339284,608.8636046901524,593.6528969093307,657.8511050705663,513.8967942274327,67735293
1750858200,607.91,608.61,605.54,607.12,556.1028710626242,534.3071289373759,613.4844649882243,594.9741898588064,665.0337302251104,520.6297963806595,62114767
1750944600,608.99,612.31,608.37,611.87,557.9630130912574,536.1469869087425,614.016959454249,595.3583284908883,665.4441502459229,526.0464575259666,78548361
1751031000,612.88,616.39,610.83,614.91,560.0434351823716,538.1465648176285,618.0355801061357,597.2417543136164,670.6051731397752,529.887146404668,86258398
1751290200,617.38,619.22,615.04,617.85,561.3841266751083,539.6358733248917,620.7711406008189,598.9031940719104,673.9248483428447,532.3711047929858,92502541
1751376600,616.36,618.83,615.52,617.65,561.3793006572232,539.6406993427769,622.70052911489,600.7183759033317,677.1372991324237,534.779693713501,70030140
1751463000,617.24,620.49,616.61,620.45,562.028411391275,540.261588608725,623.7000721788653,601.1986963452445,676.9639346484968,565.1990309206402,66510374
1751549400,622.45,626.28,622.43,625.34,564.9843330173893,543.0956669826106,626.6806149018868,603.1082082258198,680.0254220813176,570.4874508744285,51065789
1751895000,623.36,624.03,617.87,620.68,564.3735577440615,543.7064422559383,631.2773572808948,607.6066479871636,685.3424846183005,574.554097606388,74814505
1751981400,621.35,622.11,619.52,620.34,563.3904678153684,544.6895321846315,628.6346865909417,605.1455599592814,680.3531844659541,570.9895521039316,59024585
1752067800,622.77,624.72,620.9105,624.06,567.127606372103,548.3123936278971,630.1605410171743,607.793843411602,668.5592283854559,570.8678094169484,66113326
1752154200,624.2,626.8701,623.01,625.82,569.3067784824634,550.6133215175366,633.075892403685,610.9498626616053,672.0356068188569,587.8404090616044,57528960
1752240600,622.74,624.86,621.53,623.62,574.1345777065883,561.1955222934115,635.2975172610022,618.5469226902649,674.0997720429482,589.4857991966892,63670226
1752499800,623.16,625.1581,621.7999,624.81,573.183614752215,562.1464852477849,636.0707160675779,618.5297465708176,673.2333061262281,587.6650180285117,51898518
1752586200,627.52,627.86,622.06,622.14,573.5991698677852,562.7208301322147,637.8602216530521,619.9707501869807,674.8407725283656,591.9079266921144,74317260
1752672600,623.74,624.73,618.05,624.22,573.5745989686179,562.745401031382,635.7795475560754,617.9424569509919,673.5286225823633,602.4713911191791,88987511
1752759000,624.4,628.4048,624.18,628.04,573.8432758910642,563.0215241089359,635.2467608143239,619.4886439083148,675.7720685975828,604.3171297043373,68885683
1752845400,629.3,629.47,626.46,627.58,574.0785825903996,563.8514174096005,638.0999945120914,622.3969352202558,679.3498598343053,607.6424275756339,65621645
1753104600,628.77,631.54,628.34,628.77,575.1223390101036,564.8776609898964,635.942643502867,622.093120014273,669.8049904393688,607.3530394925835,63374984
1753191000,629.1,629.73,626.19,628.86,580.1535183038013,570.5789816961988,635.6083069784956,623.0970247980222,665.6340503656605,608.4613251868353,60046288
1753277400,631.55,634.21,629.73,634.21,588.6279098411026,579.4620901588976,635.0253553386802,623.2233311377033,657.7835254002686,608.632169550615,70511036
1753363800,634.6,636.15,633.99,634.42,590.306103017272,581.2942969827279,639.820089143975,626.1464101969567,661.0476344507617,613.1723004597907,71307134
1753450200,635.09,637.5799,634.84,637.1,593.8786490129444,585.2212509870556,638.4587614766635,626.5923985531531,661.5702599106991,613.584018137666,56865364
1753709400,637.48,638.04,635.54,636.94,594.0998887175133,585.4601112824865,640.0903585378752,628.292168889997,664.0812828423016,615.4519125386361,54917102
1753795800,638.35,638.67,634.335,635.26,594.4303823038364,585.7596176961637,640.1390566405387,630.3790024178469,664.1543094746348,615.8266812201718,60556278
1753882200,635.92,637.68,631.54,634.46,594.4274347922753,585.7625652077247,639.7488160441369,629.31865420254,662.8463910683995,614.5875438128921,80418851
1753968600,639.455,639.85,630.765,632.08,602.3553856749952,593.5346143250048,640.4875735887364,628.8540315789947,662.3188163303815,613.9800443549864,103385246
1754055000,626.3,626.34,619.29,621.72,602.5520077763271,593.3379922236729,640.4198326519937,627.0939774074764,660.344057942148,611.9910154807701,140103572
1754314200,625.67,631.215,625.58,631.17,602.5577035224339,593.3322964775659,636.751362445407,619.2776792414178,651.063883702534,602.8930920915524,73218015
1754400600,631.79,632.6052,627.04,627.97,602.5518392023796,593.3381607976203,640.9702668402964,620.4997850936866,658.6317215513383,611.3400321143812,68051401
1754487000,629.05,633.44,628.13,632.78,602.5076494897081,593.3823505102918,639.7676407920944,618.7198434376277,654.6619913099111,608.5618820218266,64357525
1754573400,636.24,636.98,629.11,632.25,605.3608430821217,596.1891569178786,641.6818141064088,619.8451807535382,659.3695617596837,612.8839255378903,74205791
1754659800,634.06,637.645,633.74,637.18,605.9023676777884,596.7113323222114,640.094777523663,619.2949812914338,653.7804778759432,612.4824578974475,64051626
1754919000,637.46,638.95,634.66,635.92,612.3727046726783,603.0772953273217,643.6619922197332,621.5693582155604,657.8848385892252,616.8861320136409,58742300
1755005400,638.29,642.85,636.79,642.69,613.2975319722683,605.1524680277319,643.1196230721271,620.9160177114254,657.242803360381,615.8419417555666,64821798
1755091800,644.91,646.19,642.68,644.89,614.9626999944024,606.8273000055975,649.3395647807605,624.6453588464644,662.8492167539424,621.8851402422871,60092790
1755178200,642.79,645.62,642.34,644.95,614.9640840779044,606.8259159220955,651.6688696701389,626.1165559626356,664.923407549295,623.9017300414782,59327466
1755264600,645.99,646.09,642.5153,643.44,614.9657327493137,606.8242672506864,652.0505927644044,626.368713837091,665.3084721008504,624.177623183586,68592507
1755523800,642.86,644,642.18,643.3,614.9491973312246,606.8408026687754,650.9370502146354,625.592572491208,664.4185835387918,625.592572491208,43804914
1755610200,643.12,644.105,638.48,639.81,614.9813510727996,606.8086489272004,651.0089653253202,626.0369454235889,664.6004866698274,625.6329104696052,69750731
1755696600,639.4,639.66,632.95,638.11,614.9770668100475,606.8129331899524,650.9868267455657,625.1123410030748,662.0372400090143,623.3763403173601,88890298
1755783000,636.28,637.97,633.81,635.55,614.7489390216617,607.0410609783382,651.2404515004085,624.6782494882483,660.8881797679213,622.2358566825462,54805775
1755869400,637.76,646.5,637.25,645.31,615.0466896182978,607.0533103817022,650.8146183372095,624.8148459586384,658.9969126240603,620.4265908590028,84083214
1756128600,644.04,645.29,642.35,642.47,616.4445504165693,608.4854495834306,656.1047890456315,635.5354563668138,667.3114643014004,627.4750212107998,51274332
1756215000,642.2,645.51,641.57,645.16,618.5855437388957,611.1494562611045,653.2660998014727,634.8052554365908,665.18196094835,625.4861452870329,51581565
1756301400,644.57,647.37,644.42,646.63,618.9809881339818,611.6240118660182,655.3438400326464,635.5564710173447,667.6583584662295,627.550998215051,48341069
1756387800,647.24,649.48,645.34,648.92,620.0408226011292,612.6741773988709,655.2750152212836,636.1509117291171,669.1189365503423,628.7412755809745,61519461
1756474200,647.47,647.84,643.14,645.05,620.9985923348997,613.5414076651001,657.2618615393482,637.2478741792422,671.2769993425808,630.577269528115,74522192
1756819800,637.5,640.49,634.92,640.27,624.0590300650066,616.4709699349934,653.2854895700567,635.5338993369613,668.199469358368,627.6871637882559,81983545
1756906200,642.67,644.21,640.46,643.74,624.0570711585038,616.472928841496,650.2156573111886,632.8124453608729,664.2979410257544,624.0127215211987,70820898
1756992600,644.42,649.15,643.51,649.12,624.0947681700852,616.4352318299146,652.520315376023,634.7535386483954,667.4535084898973,626.7730401059073,65219228
1757079000,651.48,652.21,643.33,647.24,625.8744489323334,618.2255510676665,657.4888638432182,637.9524552562943,672.2727670030864,631.0910348768837,85178935
1757338200,648.62,649.84,647.23,648.83,625.8114848797993,618.2885151202005,655.9242879889114,636.9725168614173,670.8310574909743,629.6614112360561,63133104
1757424600,648.97,650.86,647.22,650.33,625.8122417493861,618.2877582506138,657.4984064344694,639.3813877680316,672.3878630469414,631.0017841787919,66133856
1757511000,653.62,654.55,650.63,652.21,626.9756931708848,619.4643068291151,658.9951870530025,641.0340774535955,673.8696542316906,632.2821416980861,78034529
1757597400,654.18,658.33,653.59,657.63,628.9022635869251,621.317736413075,660.8515263582374,642.6330993423153,675.6868936987262,633.8833599000102,69934360
1757683800,657.6,659.11,656.9,657.41,629.2915998018883,621.7084001981117,666.048090665223,646.7335252615042,680.6151281169613,638.399433663331,72780135
1757943000,659.64,661.04,659.34,660.91,630.1396396266888,622.790360373311,665.9468514374701,646.8788399780653,680.602851300556,638.311130286558,63772412
1758029400,661.47,661.78,659.21,660,630.4651933092923,623.2048066907078,665.3229189748448,649.4130741347877,683.8664972450597,641.2952643596144,61168953
1758115800,660.01,661.72,654.3,659.18,630.3834167979365,623.2865832020636,665.0540572780227,649.2807999265964,683.2396072360272,640.6346691109023,101952244
1758202200,661.89,664.89,660.27,662.26,631.9528001031441,624.8271998968559,664.7405222309302,648.7432723469533,678.0371244250317,640.0368499881924,90459242
1758288600,662.33,664.55,660.37,663.7,631.9096679021135,624.8703320978865,667.6240363195045,651.447645544409,676.350494161616,642.7014346725065,97945620
1758547800,662.2,667.29,662.17,666.84,638.8571184764293,631.8428815235706,669.1412538992515,652.8005505728354,677.7808700406013,644.0008190560203,69452201
1758634200,666.72,667.34,661.98,663.21,639.9161605123661,632.963839487634,672.1207330899326,660.4031995053901,680.5609963093956,646.7416177773073,81708872
1758720600,664.51,664.61,659.67,661.1,641.3575565579349,634.3524434420651,670.2444555923228,660.1908801006824,677.9557859388636,643.7547507646933,68082229
1758807000,657.94,659.4056,654.405,658.05,642.5867070442719,635.5832929557282,669.160824651154,658.3189625367506,676.5108682097256,642.0345376759325,89622067
1758893400,659.51,662.37,657.88,661.82,644.7091014179649,637.6708985820352,669.1174766484057,655.5419617198075,674.2603451115033,639.4936974554378,69179209
1759152600,664.36,665.28,661.86,663.68,644.9408021094641,637.919197890536,670.752523212068,657.663754342188,677.5505611693612,642.7843410777483,73499015
1759239000,662.93,666.65,661.61,666.18,645.4929627212208,638.4570372787791,671.838719803884,656.7649840748682,679.2949794190314,644.4476845808953,86288028
1759325400,663.17,669.37,663.06,668.45,647.1411800931202,640.0988199068797,673.2563131558059,657.6701471263464,681.5773127199202,646.6687593033777,72545369
1759411800,670.45,670.565,666.78,669.22,647.699480038514,640.7355199614859,674.5103053588333,658.8893570676939,683.6811563525816,648.6993735373377,56895993
1759498200,669.99,672.675,668.16,669.21,648.7808846658439,641.9441153341561,674.192903001425,659.4458812496058,684.5402005756954,649.4376133956551,70494350
1759757400,671.62,672.51,669.455,671.61,648.7831851330283,641.9418148669715,674.4152360243415,659.5387025489641,684.7401165162883,649.49890370741,54623260
1759843800,672.54,672.99,667.67,669.12,648.9424819336683,642.0975180663316,676.4741072185343,661.2621527070162,686.9681227266249,651.6551793656763,72020067
1759930200,670.25,673.2056,669.42,673.11,649.0704501555003,642.1851498444996,674.7046977049232,659.6184189735948,685.0530279692591,649.5520361475683,60702241
1760016600,673.53,673.94,669.21,671.16,649.4343877754563,642.5556122245437,678.0715434239494,662.603508523533,688.6398678860743,653.1027865085995,66501941
1760103000,672.13,673.95,652.84,653.02,650.1401639695285,641.8598360304715,676.3883539926697,661.2540844508462,687.1584236937172,651.4613910831093,159422589
1760362200,660.65,665.13,659.7679,663.04,650.2818520109862,641.7181479890137,671.8961222852936,647.2854605584047,675.8600755576032,635.5699420313582,79560517
1760448600,657.17,665.83,653.17,662.23,650.9053738549849,642.3346261450151,674.2865138702135,651.2404987494281,680.4744051796783,644.4318743423246,88779560
1760535000,666.82,670.23,658.93,665.17,650.8941249105015,642.3458750894983,674.3118215345521,649.8506255444152,679.9383838374882,643.7597879014959,81702555
1760621400,666.82,668.71,657.11,660.64,650.9379179613161,642.3020820386839,675.6195491397887,648.1718731395476,682.595583546063,646.3996307307127,110563346
1760707800,659.5,665.755,658.14,664.39,650.9548591635692,642.2851408364309,674.0318068459333,644.6260185879577,680.4345586184211,642.4297263177009,96500870
1760967000,667.32,672.21,667.27,671.3,651.0213573140271,642.2186426859728,674.2549305760364,646.7335345107011,682.3528195424761,645.7928838564983,60493350
1761053400,671.44,672.99,669.981,671.29,650.9794536891376,642.2605463108623,678.4333464449783,651.4108251594647,688.3709843696674,651.4108251594647,56249034
1761139800,672,672,663.3,667.8,651.0072042046343,642.2327957953657,678.86593601935,651.3531342732125,688.4959394074689,651.3531342732125,80564006
1761226200,668.12,672.7101,667.8,671.76,651.0180663854717,642.2219336145283,676.1007153733729,648.6227876304064,685.5334263981468,648.6227876304064,65604461
1761312600,676.46,678.47,675.65,677.25,653.3318535219469,644.428146478053,679.8774503910315,651.6502038680226,689.1669862813591,651.6502038680226,74356527
1761571800,682.73,685.54,682.115,685.24,656.9654426208363,647.8645573791637,685.0954611363645,656.0365254989777,694.1743696941585,656.0365254989777,63339790
1761658200,687.05,688.905,684.83,687.06,658.6565489236036,649.5384510763963,692.6743440226594,662.3339717304835,701.4249262503267,660.4445747851959,61738073
1761744600,688.72,689.7,682.87,687.39,659.0382276909248,649.9517723090752,694.6129017758365,664.228023603686,699.0437139610273,661.6202104473703,85362207
1761831000,683.9,685.94,679.83,679.83,662.0786096045437,653.2013903954567,695.1450422715197,664.6373355819534,699.4512355535578,662.1763365755118,76335751
1761917400,685.04,685.08,679.24,682.06,662.6674820226995,654.0725179773005,691.2874432849156,660.6210753350008,693.8861015262255,658.3862873163534,87164122
1762180200,685.67,685.8,679.94,683.34,663.1836986976244,654.6463013023756,693.4675695922203,675.4530531654042,695.7519604588847,660.3329846947247,57315025
1762266600,676.11,679.96,674.58,675.24,663.780908999122,655.029091000878,695.0620040080265,676.7405059714295,696.9697071652952,661.2347471796022,78426969
1762353000,674.98,680.86,674.17,677.58,665.7153207815844,656.9346792184157,692.6347196800809,669.9009870277062,693.6029784982255,654.5549832267649,74402376
1762439400,676.47,677.38,668.72,670.31,665.7869644079739,656.8630355920263,694.3465891637238,672.034541721619,695.3330168571051,656.6001628232342,85035298
1762525800,667.91,671.08,661.205,670.97,665.780847509013,656.8691524909871,691.3996774984029,665.7080119262623,693.3077387589703,650.2650433475769,100592443
1762785000,677.235,682.18,675.03,681.44,665.8725175173503,656.7774824826498,690.3967631411522,665.867181264035,694.1478977914004,650.833169296254,75842888
1762871400,679.95,683.57,678.73,683,665.8691823805138,656.7808176194862,696.5758175706464,668.7370610319261,699.4782305899109,660.0628703899041,58953385
1762957800,684.79,684.96,680.945,683.38,665.8687645974157,656.7812354025845,698.027757835516,668.7319797300545,700.9833856764694,661.4742203481557,62312484
1763044200,680.5,680.86,670.52,672.04,666.090727951353,656.5592720486471,698.6077142584918,668.5840856061563,701.9025441930348,661.8450617716194,103457788
1763130600,665.38,675.66,663.265,671.93,666.0906587370123,656.5593412629879,687.4226966863399,663.3039882563619,696.54178205499,651.75875358709,96846672
1763389800,669.7,673.71,662.17,665.67,666.1364655839884,656.5135344160117,683.8241896439803,662.66563030943,696.8663908928407,651.6571752073983,90456105
1763476200,662.095,665.12,655.86,660.08,666.6204125495788,656.8895874504211,681.1668386704154,658.0862204669177,693.6006176312866,646.0280094675821,114467488
1763562600,660.78,667.34,658.745,662.63,667.1718079088084,657.4481920911913,677.9024292760135,653.6064019705814,692.0086496092467,640.9687777007432,94702955
1763649000,672.91,675.56,651.89,652.53,667.1927653092775,657.4272346907223,678.8196076761325,654.9711210560098,693.1192744867602,643.2448430887102,165293521
1763735400,655.05,664.55,650.85,659.03,667.2427592239081,657.3772407760916,672.1476962348612,646.6349016347802,689.9648726195934,634.0649183234822,123956203
1763994600,662.69,670.06,661.59,668.73,667.3722456614851,657.2477543385148,675.8234947482949,649.0818847507111,692.3868333041471,639.9314587489787,80437940
1764081000,668.63,676.21,664.48,675.02,667.4226090424951,657.1973909575049,682.1697446302767,648.7075907011795,696.5568970671022,648.7075907011795,81077088
1764167400,677.63,681.7,676.72,679.68,667.4430604042271,657.1769395957728,686.6008535100262,649.3772573278435,700.9329422942568,649.3772573278435,71879597
1764340200,680.86,683.665,680.5,683.39,667.4260652940031,657.1939347059968,690.4095478766651,650.4968694660442,704.3273704006413,650.4395359728676,49212030
1764599400,678.81,682.99,678.74,680.27,670.1902220310691,659.969777968931,693.7435294100657,651.8160560032467,707.1513920923431,650.861905959821,61201193
1764685800,681.92,683.82,679.3275,681.53,671.6230460050291,661.4069539949711,691.1101383504181,650.3970920283243,705.3020141597697,650.0168217353093,62953844
1764772200,680.57,684.91,679.69,683.89,671.5891943949097,661.4408056050905,692.3782309843866,650.900120724039,706.4533453446381,650.1190705024038,57238481
1764858600,685.3,685.37,681.34,684.39,673.5391644584398,663.3808355415601,695.7178765990895,652.0797606420974,708.396203062072,650.6245319120268,61970336
1764945000,685.47,688.39,684.58,685.69,673.53815978477,663.3818402152301,697.88945953943,652.37101823145,709.0259669521221,650.6869308104581,79241045
1765204200,686.59,686.64,681.57,683.63,675.2649263767267,665.0650736232733,700.380451584744,660.89316163191,710.2328909983551,651.0483277130137,55231462
1765290600,683.15,685.385,682.59,683.04,675.3744591787035,665.1755408212966,700.7515696899833,660.454648226352,708.9729463782859,650.2727237124531,58310055
1765377000,682.56,688.97,681.31,687.57,675.3587748852158,665.1912251147845,701.59714726101,665.9033383654082,708.7626298650379,649.9692195148904,85671334
1765463400,685.14,689.25,682.165,689.17,675.3597709523442,665.190229047656,705.5091802301235,675.1946252094432,712.380011077189,651.6863011827883,86173678
1765549800,688.17,688.88,679.1744,681.76,675.4354240236078,665.1145759763924,707.5691645495082,676.7802874453962,713.8267989608806,652.351791581092,113160347
1765809000,685.74,685.76,679.25,680.73,675.4357829346012,665.114217065399,703.3047978336077,678.8031203249034,708.3946742016624,649.1718782145365,90810952
1765895400,679.23,681.08,674.98,678.87,675.4408731221185,665.1091268778816,699.5573112559958,677.856375025656,707.7765846149639,648.6154260443114,122030631
1765981800,679.89,680.435,671.195,671.4,675.5172432508244,665.0327567491756,691.548212000106,676.1389575631532,706.4907880645259,647.6436153813727,110625198
1766068200,677.6,680.74,674.9,676.47,675.5505307225386,664.9994692774615,687.9761683886799,669.2418905548102,700.758234380225,643.353969451876,108650128
1766154600,676.59,681.09,676.47,680.59,675.5598120745323,664.990187925468,687.9847876233408,668.8644538557903,704.8775336837274,646.2154571598636,103599543
1766413800,683.94,685.36,680.5868,684.83,675.5591739404699,664.9908260595303,689.2535426095503,668.495267002151,708.2810095222136,648.1761205756632,69556733
1766500200,683.92,688.2,683.87,687.96,675.5603873272613,664.989612672739,691.2914221438358,669.4124356886834,711.8114650216148,650.2931900618576,64839951
1766586600,687.95,690.83,687.8,690.38,676.1160579813438,665.5639420186563,693.119078928996,670.5929648777734,714.4806150064157,651.9152276162322,39445560
1766759400,690.64,691.66,689.27,690.31,676.5178300731255,665.9921699268745,695.2065455172904,671.8070293045139,716.5972889320251,653.220048241606,41613347
1767018600,687.54,689.2,686.07,687.85,676.5264897106841,665.983510289316,695.2595184150774,671.8207305647068,716.7076995001588,653.2125447479733,62559503
1767105000,687.445,688.555,686.58,687.01,676.521481097027,665.9885189029729,695.1324714380318,670.3609098395559,714.8594806209728,651.8714797664164,47160671
1767191400,687.14,687.36,681.71,681.92,676.556982258546,665.953017741454,696.2930397655217,669.7821835502632,714.3138963993853,651.3994914461356,74144801
1767364200,685.71,686.87,679.82,683.17,676.5580548791778,665.9519451208222,695.0399478156893,666.3252726885729,710.243078377516,648.4569060799604,89377203
1767623400,686.54,689.43,686.375,687.72,676.5842915747776,665.9257084252224,696.278504124714,667.030426514624,711.3928168709721,649.1444465885193,71927191
1767709800,687.93,692.315,687.78,691.81,676.9279499739519,666.2370500260482,699.384011162076,670.1410254040575,715.29894841761,651.8104563306165,69273827
1767796200,692.19,693.96,689.32,689.58,677.7544258743427,667.0555741256571,702.4635107185411,679.1918438936658,718.8442354487242,654.2626314453755,75588337
1767882600,688.82,690.615,687.49,689.51,677.7341731110549,667.075826888945,701.7173484420777,678.8756984857039,717.1072585041786,652.9442964043026,64019200
1767969000,690.63,695.31,689.18,694.07,678.4322519893142,667.7277480106857,702.1772160453353,681.1660073996915,715.4324410636239,652.9169025341308,80125467
1768228200,690.68,696.09,690.63,695.16,678.2631683441481,668.676831655852,705.7358181663119,684.0323031205738,719.6518428127501,655.7555451640309,63976002
1768314600,695.49,696.09,691.35,693.77,678.1117928677772,668.8282071322228,704.2571099359197,684.8446158058046,720.8127844897928,656.4802052268113,78309726
1768401000,691,691.72,686.04,690.36,678.133374955951,668.806625044049,701.0171330117605,684.0831697696506,719.7543390408998,655.6521185924752,94676684
1768487400,694.57,695.45,691.25,692.24,678.1256382602802,668.8143617397199,697.469823383399,681.8541380305476,716.8569540362453,653.5146022715542,77861974
1768573800,693.66,694.25,690.1,691.66,678.0835736919163,668.8564263080839,699.0882557773014,683.1726604002541,718.7011525295093,654.7432716487557,79289200
1768919400,681.49,684.77,676.57,677.58,678.3991140936496,668.5408859063505,698.9439694498227,682.7903059425589,718.3205722568193,654.3936550222818,111623277
1769005800,679.65,688.735,678.13,685.4,678.4165333651077,668.5234666348922,693.1332439035947,671.8166440132538,705.6176091829466,645.1489077549936,127844467
1769092200,689.85,691.125,686.92,688.98,678.4334307091283,668.5065692908718,696.7014073925302,675.8711858670486,712.860828530664,650.2963091552438,77112243
1769178600,688.15,690.96,687.16,689.23,678.4100694528164,668.5299305471837,698.6806585302859,675.7267909436372,716.2497716102008,652.6754099220733,63059578
1769437800,690.49,694.13,689.92,692.73,678.403899983755,668.536100016245,699.0541238348436,675.2661785618421,716.5886774065804,652.8509653716771,60473813
1769524200,694.18,696.53,693.57,695.49,678.5913468992331,668.7886531007671,700.9316955977563,676.3337689097644,719.9245411538374,655.223327853212,55506147
1769610600,697.05,697.84,693.94,695.42,679.1546862928113,669.5353137071887,700.369074444635,677.5103962692978,722.5885103591255,657.1207537883369,61172165
1769697000,696.39,697.06,684.83,694.04,679.1537408692766,669.5362591307236,700.9985423017306,677.4890245190126,722.6355291199787,660.6051245856155,97486198
1769783400,691.79,694.21,687.12,691.97,679.1609504472369,669.5290495527631,700.8602690950852,676.7288668502222,721.4580926793376,659.6441802365673,101835131
1770042600,689.58,696.93,689.42,695.41,679.0814879706103,669.6085120293898,700.9342268808552,675.4697018074012,719.6248957558732,658.1640792654935,79286521
1770129000,696.21,696.96,684.03,689.53,679.1327541445305,669.5572458554695,703.5178000071552,677.5081828121354,722.9336031122294,661.9378958506126,107904611
1770215400,690.35,691.45,681.76,686.19,679.1490617267206,669.5409382732794,701.4917710236314,673.7371439401123,717.5116275043947,657.0039607222672,105204600
1770301800,680.94,683.69,675.79,677.62,679.1609470346007,669.5290529653995,700.1536181615941,671.9973376728002,714.4465133580279,654.1904779324926,113610812
1770388200,681.46,692.31,680.85,690.62,679.4118859732031,669.278114026797,695.2817651896255,664.7524354507002,707.6207650484623,646.9218030853708,89127566
1770647400,689.42,695.87,688.34,693.95,679.3354301356164,669.3545698643836,703.574251019652,676.0529642614622,718.7652036862331,657.9646092677351,73885192
1770733800,694.95,696.54,691.66,692.12,679.3425007030372,669.3474992969628,706.1379757960085,676.8414065856211,721.9874311058213,660.8105166779304,65185725
1770820200,696.39,697.14,689.18,691.96,679.1749417727609,669.5150582272391,705.2784226600714,675.8248537275109,720.3271297986945,659.268672049774,76353872
1770906600,694.24,695.35,680.37,681.27,679.3516431199905,669.3383568800095,700.3146415879163,675.5027952110939,720.2437689695395,669.8899786533825,118828963
1770993000,681.69,686.28,677.52,681.75,679.3517860388771,669.338213961123,696.029329741082,668.8631503730467,711.1474111265394,660.6838221456725,96267487
1771338600,680.14,684.94,675.78,682.85,679.1446949735938,669.5453050264063,696.6038317405726,668.5908059215828,711.6594049092012,664.6272228789788,81354660
1771425000,684.02,689.15,682.83,686.29,679.1613354462644,669.5286645537357,697.6108422583837,668.8877484497451,712.6686049857589,665.5838872127534,73570341
1771511400,683.84,686.18,681.5475,684.48,679.0965580453247,669.5934419546754,700.4514897933835,670.9757264563651,715.5680205172846,668.6175858748053,58649363
1771597800,682.32,690.06,681.73,689.43,679.0684402947984,669.6215597052015,699.247560366166,669.4526540710422,714.2391282803619,667.0058391989054,100033986
1771857000,687.83,690,680.371,682.39,679.1493619278306,669.5406380721696,703.4651063044203,672.9375117756662,713.5242642187204,671.3979638167775,90558087
1771943400,681.9,688.35,680,687.35,678.9868619690455,669.7031380309545,697.7696075828829,667.4696207121028,702.0925487273759,665.1262124268001,73798727
1772029800,690.18,693.68,690.1,693.15,684.3740472807166,675.0559527192835,702.0847852651697,671.1399873405444,705.515990499218,669.542806339564,56369479
1772116200,693.28,693.3,684.35,689.3,685.7037695746076,676.6162304253926,707.2397535829015,680.585532365475,710.0709857212464,674.7236008721836,71670990
1772202600,683.09,686.86,681.64,685.99,689.039448040896,679.995551959104,704.0316053412527,677.7470714586608,707.0976171924897,671.2832945855556,83308869
1772461800,678.7,688.62,678.02,686.38,689.0027768998451,680.032223100155,701.2027891562627,675.1658626982523,704.9308436480399,668.3140085496954,87477198
1772548200,675.06,682.61,669.66,680.33,688.2714326526129,679.2285673473871,695.5178158929934,675.3355862211034,705.3046082049121,668.6599097047466,105003113
1772634600,681.63,687.09,679.62,685.13,688.2943570224027,679.2056429775972,692.71759048134,670.4809843616335,701.1132824814486,663.2084110325096,79182244
1772721000,682.08,685.53,675.61,681.31,688.3176813104295,679.1823186895705,695.0644897067692,674.948346166731,704.6055349368806,667.5253793734238,106606464
1772807400,673.41,676.11,669.76,672.38,688.4439217319175,679.0560782680824,693.0654404977927,671.4068878965846,701.9322595516636,664.070428297405,100686951
1773063000,666.39,679.92,662.39,678.27,684.845541563504,675.3844584364961,688.7141816331281,667.1625489878228,695.6013308168291,655.9792659628508,102667711
1773149400,677.72,683.36,674.76,677.18,684.8438266337506,675.3861733662494,691.1378736735003,670.5143859391255,699.8122276401408,661.2973749720544,81505315
1773235800,677.58,680.08,673.34,676.33,684.8385220322492,675.3914779677507,689.5767616279339,668.8552189609122,699.0415836559025,660.2958698967649,68441672
1773322200,671.16,671.65,665.87,666.06,685.010385485477,675.2196145145231,687.916741699582,667.1224752227579,698.4369645382144,659.5102814119532,108882246
1773408600,669.27,672.335,661.36,662.29,684.473894077929,674.726105922071,679.2890030263694,659.8154680438998,692.2623470354347,651.9903983716952,97200242
1773667800,668.38,672.07,667.12,669.03,684.5525518097618,674.6474481902384,675.4803004728225,656.2646311794646,690.5806248528902,648.5894876762081,82023130
1773754200,672.39,674.44,669.7,670.79,684.4778467930876,674.7221532069125,681.2608113136396,660.2671533885326,693.7403380240819,654.3686645229965,87128044
1773840600,668.36,669.72,661.19,661.43,684.5302038270971,674.4997961729032,677.5171084140602,659.0826037401845,694.7005994816025,655.8244114121163,82062576
1773927000,656.97,662.98,655.17,659.8,681.4971487729761,671.5128512270239,669.3769345186233,653.4486497119678,688.6949928274995,647.4957856094802,111272539
1774013400,656.51,656.69,644.72,648.57,676.3521382512218,666.2078617487781,668.2072800441701,651.4010924883265,686.8760703850838,645.9527859714533,163617523
1774272600,658.07,662.615,653.94,655.38,676.3911784079435,666.1688215920565,663.402839784248,642.314433782503,681.6879020099689,635.8737889044689,134802732
1774359000,651.32,657.03,649.88,653.18,676.3656019988204,666.1943980011796,666.0290716412428,645.832412909255,683.5871739555263,641.8242579056401,96457478
1774445400,658.67,660.89,654.24,656.82,676.3595878270357,666.2004121729642,664.094613463486,641.6029365338599,682.4321270401128,639.760391578378,90653787
1774531800,652.06,654.85,644.82,645.09,676.5434711118995,666.0165288881003,666.5579971092782,641.6059956002388,683.5379279989929,641.6059956002388,96494375
1774618200,642.5,642.66,633.105,634.09,670.8459790021847,660.0990209978155,657.0887264056083,634.1599231554078,678.4757345843077,632.3012208497839,103649369
1774877400,640.11,640.37,629.28,631.97,668.9195160547948,658.2004839452051,651.464958325437,626.1088837632087,673.3649343608616,622.196762784386,99275851
1774963800,638.94,651.54,637.98,650.34,669.4667411158455,657.6532588841544,648.2670191611854,623.2394711257102,671.9384193945745,620.1363686828823,152534103
1775050200,653.9,658.52,653,655.24,669.5075282288103,657.6124717711895,660.6071124801555,629.692055981434,678.9886163629483,629.692055981434,97841472
1775136600,646.42,658.2,645.11,655.83,669.4821713823737,657.6378286176262,664.6748328516328,628.7525008124218,681.1100691353131,628.5984371642377,68358713
1775482200,655.86,659.72,655.52,658.93,669.495329556177,657.6246704438229,665.1118765410492,627.8271656053979,681.2184549367871,627.3370559059155,39105758
1775568600,656.65,659.61,651.06,659.22,669.4648779070835,657.6551220929164,667.7799295937925,627.7861685473521,682.741899646207,626.4605700507226,69980362
1775655000,676.39,677.08,671.46,676.01,669.8195770391834,657.3004229608165,672.5430337912601,627.2944685214559,682.7386570272533,625.4826141944075,93606114
1775741400,674.84,681.16,673.77,679.91,669.8351751229561,657.2848248770438,687.7899616726428,632.5660513625307,693.8300285804697,626.967951872517,57134445
1775827800,681.32,682.03,678.45,679.46,669.8352707578167,657.2847292421832,692.2897174496056,638.9393610244402,697.4359942167548,627.1363539755827,42253456
1776087000,677.41,686.3,676.58,686.1,669.8644008366502,657.2555991633496,692.7749178583528,640.8687667442944,697.0183463252151,626.7309639269772,54185819
1776173400,687.69,694.58,687.66,694.46,669.9449907535413,657.1750092464586,699.4941158958053,649.9196444525643,703.2476195053697,627.7426022555559,63480529
1776259800,695.26,700.28,694.2,699.94,671.2076600262073,658.3523399737926,707.8103784460747,655.7926451407775,711.1046217042059,628.7833372479886,58240384
1776346200,701.06,702.78,698.53,701.66,672.4581488100646,659.6018511899354,713.495576985601,663.4077817153686,716.2748961634194,629.348619785306,49972363
1776432600,706.14,712.39,705.76,710.14,677.3812583305469,664.2887416694532,715.6483820013179,665.3309407733241,717.9237037325288,629.6135657686059,70661926
1776691800,708.78,709.91,706.14,708.72,677.3835631780022,664.2864368219979,724.1173966497835,686.4514650545428,725.6920434694043,630.7597874231453,43546812
1776778200,710.28,711.275,702.64,704.08,677.1651482763466,664.5048517236535,723.2249012460112,699.1104661313259,724.3248083502459,630.767690994942,58941384
1776864600,709.15,711.45,708.22,711.21,677.149058192622,664.520941807378,721.0806590770898,696.6629703930074,721.0806590770898,630.23932755554,42518498
1776951000,709.5,712.3598,702.2803,708.45,677.1475538164478,664.5224461835523,724.8632637642506,703.0250818054916,727.6167339379866,631.5086057155895,56173990
1777037400,710.75,714.47,709.01,713.94,678.2267898299996,665.5232101700004,727.1460222148099,701.6773287659116,729.1807167851468,631.224402477781,45181957
1777296600,713.17,715.63,712.295,715.17,678.8014631731486,666.1085368268513,732.0262830321078,706.2973692316036,734.3159568987088,632.4993528985628,33135943
1777383000,711.815,712.88,709.25,711.69,678.8103345384259,666.099665461574,735.0907411150382,707.3582968154091,738.054137468684,633.2831638104074,43117436
1777469400,711,712.2,708.37,711.58,678.8103645409004,666.0996354590994,735.5739080376787,705.1473715362348,739.730504077615,632.7236164154874,41859227
1777555800,714.63,719.79,710.445,718.66,680.9569569662692,668.1130430337307,730.3647031488607,705.1212895971958,742.3008523633296,632.8787271806221,67240949
1777642200,721.25,724.87,720.47,720.65,683.5165282319485,670.6334717680515,736.0024337221655,710.5963317617403,747.8813966897483,636.1571293523307,43049849
1777901400,720.07,722.12,714.99,718.01,683.5158622064189,670.6341377935813,738.3386157184808,712.3564445898505,751.2059753284556,636.9985906839547,51950558
1777987800,721.77,725.04,721.4898,723.77,683.5850926246574,670.7349073753425,734.0331462305837,710.4177394404779,752.1018502372017,636.4885665745325,36933226
1778074200,728.16,734.59,727.82,733.83,688.4806721374277,675.3893278625721,733.9460246132475,715.2738552330829,757.1297936396365,638.5070877364016,53288940
1778160600,735.05,736.13,729.75,731.58,689.161278372802,676.2487216271978,740.2958834149161,720.4975634440779,764.5792927031574,641.9384176686059,51724642
1778247000,734.93,738.08,734.57,737.62,689.9891898934644,677.3708101065357,738.331997612364,720.6274355287665,765.3412014951693,642.7563836434563,47227085
1778506200,736.45,740.79,736.45,739.3,691.3491691564979,678.7208308435021,742.4115831135339,724.178228549856,770.7005879911799,645.5896861721186,44023951
1778592600,736.89,738.84,731.83,738.18,691.3450661123903,678.7249338876096,746.7712025758484,727.7031917987746,773.5316748058523,649.9079172603963,54185273
1778679000,738.47,743.91,735.47,742.31,692.9304615299199,680.2595384700802,747.4509237120038,728.7514222657967,774.5750108431421,649.8060958547984,44200203
1778765400,743.65,749.53,743.56,748.17,695.6215153070482,683.1884846929518,751.428788969428,732.1059874607919,778.7837899300343,652.0531453605367,45307603
1778851800,741.79,743.46,737.96,739.17,695.7306568792208,683.0793431207792,756.7793534537163,737.4068370977224,784.1195401207437,655.1374417604445,60410771
1779111000,739.83,741.415,733.39,738.65,695.7328963865289,683.0771036134711,750.5085558347456,731.588423892034,779.7470454175296,651.3522906363867,47843865
1779197400,734.78,737.65,731.53,733.73,695.7605142786226,683.0494857213773,752.3520183276738,731.751292520199,780.738224484182,651.4459492771648,54255913
1779283800,735.71,741.87,733.89,741.25,695.8002411331909,683.0097588668091,752.8492926532864,729.937315204808,778.6094939718229,649.3758590553226,45768035
1779370200,738.64,744.87,737.03,742.72,695.7794363765194,683.0305636234806,756.2126017401287,733.4797461732796,785.0018528010199,653.3682714419939,43332225
1779456600,746.24,748.94,744.48,745.64,695.7040282327288,683.1059717672712,757.8156386612388,731.50310813345,787.1977702308886,654.4236872372807,41762006
1779802200,750.01,752.13,748.37,750.59,697.0117553810984,684.3982446189015,760.2321156352573,732.3709977469097,790.4049905778174,659.4124635479924,41123621
1779888600,750.88,751.38,748.22,750.46,696.9830037775846,684.4269962224154,763.7099322003925,734.9228495114114,795.0857227424153,665.3830941710777,42106285
1779975000,750.25,755.15,749.23,754.6,698.4881917659065,685.9418082340932,762.6604589299958,734.9741386044237,796.0660322003392,666.1524735052822,41562563
1780061400,755.9,758.08,754.69,756.48,699.9428497364074,687.4171502635927,763.1714421884737,737.7409992868664,800.1692282286987,671.4192956134609,55075739
1780320600,755.36,760.28,754.69,758.54,701.0529760852781,688.5070239147218,765.0033664957629,739.2300830216984,802.5929415702723,672.8988511045209,43634933
1780407000,757.03,760.4,756.75,759.57,701.0455979394399,688.6344020605599,765.5615822947997,740.9090376045671,805.1367960681121,678.4387139525996,31581852
1780493400,758.15,758.8,753.57,754.24,701.0740810940013,688.6059189059986,766.6809757023585,741.8950521622054,806.8782971023714,684.0042042297769,51402518
1780579800,752.1,758.31,751.47,757.09,701.0451298745813,688.6348701254185,763.0575542868065,738.1340964197424,803.6614313584038,680.8940750045873,49923036
1780666200,752.31,752.82,735.525,737.55,701.3761591788243,688.3038408211755,765.661556981093,740.41221070173,806.7321750123576,685.073810058263,93989416
1780925400,743.36,745.34,738.19,739.22,701.3452236172346,688.3347763827652,760.2051709797169,725.2846593853545,792.0463827072492,673.6678718901304,49319144
1781011800,743.63,746.9,722.59,737.05,701.350914226976,688.3290857730238,760.9904638699038,733.7337419574717,794.0450607921252,683.8139780350341,87683517
1781098200,733.39,738.38,725.33,725.43,701.5176317663338,688.162368233666,760.4212032913703,728.6767062945966,792.9275766621928,682.3377624790594,60341349
1781184600,728.76,740,724.405,737.76,701.4957743401294,688.1842256598704,755.489852402007,720.4982930413985,784.015957484369,673.5185513358773,86330522
1781271000,740.71,744.44,735.03,741.75,701.4721271338968,688.207872866103,757.6290107597808,721.5095820842577,794.6909760529508,683.2479726337156,57079533
1781530200,751.85,756.68,751.76,754.83,701.5728869071141,688.1071130928857,758.842316170283,720.1866085936158,798.551453643314,696.6194723150539,60176425
1781616600,754.55,755.44,749.88,750.33,701.6073123371688,688.072687662831,765.103020685669,723.2670721736771,809.9669538626265,710.4512717020041,67093142
1781703000,751.29,752.15,739.22,740.96,701.581863374926,688.0981366250738,759.4207203402063,721.3340397559404,806.8238169223246,714.4347993542915,85945227
1781789400,747.76,748.23,743.86,746.74,701.590794970357,688.0892050296427,760.9798053669474,716.3999741789344,799.5059461796562,706.430586783443,80875657
1782135000,747.7,750.18,743.13,744.39,701.3932427984055,688.2867572015944,765.596480046719,718.7595086921855,804.8971096043374,713.0678719750266,46628074
1782221400,733.81,739.63,732.3,733.58,701.5117978145946,688.1682021854053,765.7321191276276,717.0927400156462,803.4051184240701,711.0220945899877,66846780
1782307800,735.17,739.945,730.84,733.24,701.4993818665297,688.1806181334701,759.6502944047083,709.9569673811441,797.0560444147816,709.9569673811441,57439507
1782394200,738.91,739.37,729.6,734.3,701.4913391469297,688.1886608530701,759.7528439175381,709.1394199736022,797.8932886948868,709.1394199736022,54128065
1782480600,728.945,736.53,716.58,728.99,701.3091086246017,688.3708913753982,760.7950502362816,709.3449262032964,799.467587124539,709.3449262032964,71033970
1782739800,736.525,741.56,732.09,741,701.2035068855328,688.4764931144671,756.9780095722854,705.201849837393,788.1474079481013,705.201849837393,58035228
1782826200,741.29,748.02,740.89,746.77,705.5885322396144,692.7914677603856,766.5044531713752,726.7916420081754,794.1399592547046,713.0366742328581,55626035
1782912600,745,749.435,742.375,745.76,708.7610384353762,696.7489615646238,771.4413113416825,727.1715524952197,798.2710387120436,716.4354692928024,47100878
1782999000,747.4,751.31,740.03,744.78,708.7496001572372,696.7603998427628,770.9706251562611,726.3398552586168,798.0573125471452,715.5691698055031,57505953
1783344600,748.74,752.41,747.41,751.28,711.7775320852029,699.6824679147971,770.447440869174,725.492615962029,798.1499720017356,714.7134349863933,50673310
1783431000,750.22,750.96,745.21,747.71,711.8035635256607,699.6564364743393,766.6456868277775,727.2904766037221,793.1076025449474,718.978735684965,43721494
1783517400,743.16,746.15,739.51,745.4,722.1067517023745,709.7532482976256,760.3812691140965,725.7146808778919,790.6257106358453,716.394018399953,43767393
1783603800,747.35,751.97,745.59,751.71,722.9321037489615,711.2378962510385,758.6211203663611,724.4336080824024,789.5894073450157,714.6298678442001,41441718
1783690200,752.05,755.42,748.1,754.95,724.3417474075536,712.6382525924464,764.0565178550925,729.3762479014378,790.4967828776499,719.0170407511199,42191313
1783949400,752.47,753.9105,748,749.17,724.3983183047749,712.5816816952251,767.2717914329027,733.8399264684425,788.0717519356344,721.2943388596622,44013628
1784035800,750.91,753.34,748.66,751.83,729.939366199285,718.1206338007148,763.1315639273283,730.335862488213,782.4134044628497,717.0124606421825,35143138
1784122200,754.24,755.58,750.2,754.81,733.1588889863891,721.4411110136108,765.7299037476454,734.1190543651928,783.7645616939998,718.9050084170426,43844769
1784208600,752.76,754.57,747.88,750.72,735.3414030985788,723.588596901421,768.6201675990242,745.7654709825035,785.8126581010639,721.0796076033362,46409814
1784295000,742.08,747.29,740.8,743.29,737.3161029346976,725.3641970653025,765.417853803477,743.9977937355538,784.0021828054201,717.9556111021038,62650961
1784554200,747.06,748.73,741.5103,742.09,737.2304506682652,725.4498493317348,760.5197986924117,737.2924741014303,780.2066795281877,712.2246091617837,50422324
1784640600,746.29,749.04,744.18,748.28,737.2655909405582,725.4147090594417,760.1266446254793,738.0857909467547,778.0392132527899,711.202333141548,34324262
1784727000,746.62,750.02,746.37,747.41,737.2285262915359,725.4517737084641,758.3344156438837,741.1156197052492,781.9967553783478,715.9055688776378,32836200
1784813400,739.37,742.56,735.21,738.18,737.291280851197,725.389019148803,756.5335372320607,738.8604385082298,781.3736879438445,715.1667959370077,55437332
1784899800,738.51,743.72,737.29,738.93,740.3463761993066,728.4236238006933,751.8094419175981,732.3087655804227,775.614027671428,707.8473860656469,44781983
1785159000,744.91,745.53,735.87,739.09,740.310075774708,728.459924225292,751.9225209193999,732.0544937982776,776.2918098302954,708.3409929539323,41461194
1785245400,739.19,742.7901,735.98,740.86,740.3115307350416,728.4584692649584,750.7785611191454,731.611744534653,776.5796687599988,708.3767027438865,47322247
1785331800,739.97,742.68,729.1,729.46,740.4731249252965,728.2968750747036,751.7706249003402,732.536908948126,774.5440648458657,709.7069269766181,70697215
1785418200,736.05,742.45,734.59,741.69,741.6988039915067,729.1461960084935,743.86724285928,723.2249564695578,766.593834941694,700.4529211438688,66811268
1785504600,744.68,748.895,737.68,747.03,743.9610710651425,731.4289289348573,748.3977802039328,728.1757443972774,775.4020582892259,710.2314162626002,62445899
1785763800,749.44,758.58,748.8,757.67,744.0814516766344,731.3085483233656,752.9381030031348,727.9601194001343,775.612952875693,714.4955477323238,59927538
1785850200,760.63,773.41,760.52,771.33,751.6226293916341,738.3673706083658,762.3895032186604,729.5826727265473,785.0251928399127,723.0974357074072,69154788
1785936600,775.85,776.85,769.51,769.79,753.3320885798041,740.0979114201959,775.0273381420525,733.0519916351282,798.1364267673154,729.3830913682008,44689081
1786023000,770.21,771.82,767.46,768.56,753.2231131128551,740.206886887145,779.6134367394839,733.4076822041079,796.7651347018632,729.5342663504643,38416896
1786109400,771.02,773.915,769.61,773.26,753.2319114617289,740.198088538271,784.7015763837795,735.6504571761717,795.6789135846724,729.6360638617944,43586333
1786368600,772.6,775.05,771.62,773.03,753.1953564487535,740.2346435512464,790.6516230907207,741.8434102263947,800.2770616192729,730.272506187592,39249478
1786455000,774.53,774.61,769.2,770.56,753.204051040141,740.225948959859,793.7511476361581,742.5581744598769,800.1461424136347,730.4952051357109,36740555
1786541400,774.71,774.9,771.28,772.49,753.2029740526701,740.22702594733,794.7944470326296,741.8883727381823,797.8509632087498,730.3987642204895,33179126
1786627800,774.87,779.37,774.111,777.88,754.4843036152848,741.4656963847152,797.8940686306945,745.2125402283723,799.791943721973,730.8741327948485,35634483
1786714200,778.54,778.8,775.4301,776.34,754.4536623903914,741.4963376096086,803.1157319083574,757.7699487212775,805.081188456152,731.963779214644,31367913
1786973400,776.18,776.775,772.51,772.67,754.3615026632236,741.5884973367763,803.5505242978161,758.6579758048869,803.672015033222,731.9739846551272,34356577
1787059800,768.7,769.5,766.92,767.45,754.398534242399,741.551465757601,802.1124632532616,757.9587660533085,802.1124632532616,731.5078419973861,43920908
1787146200,770.36,772.47,768.1,769.06,754.3623810045032,741.587618995497,799.1505911381832,753.7449421081442,799.1505911381832,730.5797566017687,40306023
1787232600,765.96,768.15,762.04,762.6,754.3550679442125,741.5949320557875,801.1410110822534,766.7053002988017,801.1410110822534,731.0565724870722,45520302
1787319000,766.05,767.85,764.17,765.72,754.3625661996665,741.5874338003335,788.2420247731046,761.3031566820667,796.6916401939498,727.1984226753389,39188673
1787578200,764.78,765.22,762.08,763.47,754.3619844693756,741.5880155306245,787.7085096214676,760.484220718218,799.7157987957,729.8445553226053,32425068
1787664600,766.16,766.78,763.0501,765.91,754.3402469494761,741.6097530505239,780.4626977540418,758.3452614248854,798.3493199385955,727.9480386331904,27418078
1787751000,764.73,767.35,763.93,766.08,754.3400818425085,741.6099181574915,776.1594723476114,758.1387919009588,800.7944980608754,730.028814922416,28742491
1787837400,768.5,772.355,767.16,771.1,754.348240891724,741.6017591082759,776.1983336055249,757.3876077049719,801.3314389165346,730.1847257936048,34541061
1787923800,771.76,775.3,768.3076,769.35,754.3495504179381,741.600449582062,779.5464949376804,759.1776209145166,805.9828344150885,732.3594900318838,36733275
1788183000,767.33,767.995,764.715,767.05,754.3524129433212,741.5975870566788,776.810017521521,757.9430913165245,804.841266633191,732.9970184160874,38808158
1788269400,762.01,764.67,759.48,761.78,754.3854199572874,741.5645800427128,774.802548787939,756.3137247198936,803.1574025899472,732.3506951758719,41114449
1788355800,762.45,766.43,761.73,765.16,754.3624284184353,741.5875715815647,770.7361133858558,752.7951125982697,798.7920098242829,731.8574149677463,29555424
1788442200,767.9,774.03,767.45,773.17,754.4250292764798,741.5249707235203,772.2167476493519,754.4857893688853,802.0153811547606,733.3277658812025,43527739
1788528600,772.01,772.87,769,770.19,753.9299497612022,742.0200502387978,777.1980744579687,759.3966089568343,809.3998003411765,736.7934422928784,34049533