time,open,high,low,close,Bullish Trend,Bearish Trend,Range High,Range Low,LT Range High,LT Range Low,Volume
1532698200,119.85,119.87,119.4,119.46,120.21829445389255,118.79170554610745,,,,,4542059
1532957400,118.99,119.405,118.97,119.05,120.21973358804865,118.79026641195132,121.16731816667033,117.42472236070859,125.03245565804836,116.37781855840122,7111165
1533043800,119.79,119.86,119.555,119.7,120.21878591543641,118.79121408456358,120.87581771169806,117.00730685554942,124.67001381061107,116.00903580019677,6797432
1533130200,118.285,118.835,118.07,118.46,120.23589824898963,118.77410175101036,121.04414787845079,117.36946900969956,125.26917332987223,116.56544338016242,13312687
1533216600,118.62,118.74,118.3,118.63,120.23311210440468,118.7768878955953,119.8631742191245,116.35810237616039,124.14678848246984,115.47567130097254,4451078
1533303000,118.83,119.29,118.81,119.22,120.23657501555302,118.77342498444698,119.72488514373643,116.40782399966892,124.30825862000103,115.62848698921702,6162443
1533562200,119.54,119.84,119.27,119.29,120.23620014507895,118.77379985492104,120.16061664953783,116.8138993968521,124.8558376676091,116.13737731154039,4200296
1533648600,119.03,119.1,118.57,118.67,120.24030644157776,118.76969355842225,120.21135978864645,116.82530670849339,124.92742463037666,116.18887825338876,5346872
1533735000,118.66,119.025,118.61,118.79,120.23477951158246,118.77522048841753,119.61882598046178,116.27583789586929,124.36247792244697,115.65332148711047,5641629
1533821400,119.23,119.83,119.12,119.79,120.23569118967704,118.77430881032296,119.71849647593878,116.33736048874812,124.47894685863112,115.74724108135483,7144257
1533907800,120.37,121.05,120.28,120.66,120.24257513970787,118.76742486029212,120.34947440696493,117.14997230424329,125.41121090146707,116.5954162484585,8457940
1534167000,120.25,120.7,120.21,120.41,120.23869991947242,118.77130008052755,121.13690538681408,118.3930491284566,126.22593071976306,117.33593973093893,7923199
1534253400,120.54,120.56,120.03,120.14,120.21805009210635,118.79194990789364,120.92886334678852,118.86245010741494,126.00248211369674,117.11768916281925,4251313
1534339800,120.66,121.13,120.57,120.84,120.21964143211261,118.79035856788738,121.25050480180694,118.7246727743937,125.09817983843188,116.88123889995128,7649988
1534426200,120.81,120.93,120.28,120.83,120.42588917212827,119.00411082787173,121.90041854139945,119.19331856702983,125.78310547684998,117.48143566090496,5400385
1534512600,121.09,121.3858,120.75,120.98,120.58712730127287,119.18387269872714,122.03149176903553,119.31272859735111,125.77766712591219,117.47007360915761,3537626
1534771800,121.64,121.91,121.535,121.79,120.59319319362773,119.17780680637229,122.23819345562329,119.43955047303854,125.15838833572954,117.59746497836014,5604121
1534858200,121.37,121.53,121.065,121.38,120.99946976719677,119.57573023280324,122.93290041019155,119.95708481550172,125.08632212097166,117.95039450579218,4695004
1534944600,122,122.0535,121.58,121.86,121.20271865707187,119.78728134292815,122.69410328262862,119.76711265459106,124.35387820693181,117.73329605792712,5309599
1535031000,122,122.13,121.78,122.05,121.19376939895606,119.79623060104393,123.14151892670424,120.80375666086933,124.6782654890309,117.95257118510955,5329024
1535117400,121.62,122.33,121.49,122.29,121.18857353201923,119.80142646798078,123.35556612881537,120.99542716673864,124.82244042871196,118.03749856741463,6092150
1535376600,121.78,121.87,121.52,121.59,121.11316887854989,119.87683112145012,123.60825814192863,121.22629137776575,125.00072859100078,118.15550242152368,6407403
1535463000,121,121.09,120.6812,120.86,121.11150248838098,119.87849751161903,123.05336164436525,120.76968433552666,124.56593262808643,117.76590945824432,4929337
1535549400,120.94,121.145,120.615,121.02,121.11137696799257,119.87862303200744,122.68126803656916,120.30465153372207,124.09979010197408,117.33988734991796,5613329
1535635800,121.31,121.46,121.08,121.28,121.10111470735112,119.8888852926489,122.83793487827387,120.44185429082975,124.22023501972352,117.4094018559409,5302865
1535722200,121.89,121.92,120.89,120.995,121.09176666831797,119.89823333168202,122.68561189977976,120.55224469256515,124.4096965296257,117.54252442123907,9677540
1536067800,119.96,120.095,119.75,120.03,121.10347172236175,119.88652827763826,122.61313245026854,120.08705328298109,123.97115843022813,117.35643822350431,18343553
1536154200,119.76,119.9,119.5464,119.71,121.09200016415187,119.89799983584814,122.22186573794383,119.36448545736569,123.26080503020799,116.75000559080422,9422630
1536240600,119.76,120.4,119.6947,120.15,121.0766584516453,119.91334154835471,122.06228379855288,119.03123212379889,123.02398123347939,116.52513781353944,9566047
1536327000,119.33,119.4,118.99,119.13,121.08911259268581,119.9008874073142,121.90421811985841,119.26703633174311,123.35864242477888,116.77504146359531,11212607
1536586200,119.17,119.6,119.17,119.57,121.09110708982116,119.89889291017883,121.2360254395686,118.4218128973473,122.58615818101292,116.1001287272776,6386352
1536672600,119.08,119.17,118.6,118.66,121.10218851134788,119.88781148865215,121.32502296428066,118.70147192816901,122.67255502405725,116.35609069563144,5440021
1536759000,119.05,119.17,118.9,118.94,121.10326758625193,119.88673241374809,120.12256686564893,117.91437701877082,122.3142209665843,115.73352760869395,3347210
1536845400,119.34,119.57,118.98,119.12,121.09036852838823,119.8996314716118,120.31144290567,118.09159256134026,122.4427129481036,115.88964439600265,4833033
1536931800,118.41,118.91,118.2999,118.55,121.09420997888229,119.89579002111772,119.90078664096042,118.16736759245816,122.53534920950688,115.983741902455,5579455
1537191000,118.18,118.82,118.12,118.55,121.09413219925193,119.89586780074806,119.34255543820623,117.68159592797068,122.27287821224823,115.57250199498036,5432961
1537277400,118.06,118.065,117.16,117.31,120.64923302175029,119.4307669782497,119.31322489391228,117.64652718878226,122.2744211367056,115.54559372994527,10182303
1537363800,117.105,117.11,116.19,116.61,120.15443228291899,118.95556771708102,118.35674745834683,116.66062949339516,121.63233437971772,114.63627018322194,13379645
1537450200,116.58,117.3,116.47,117.15,120.15316880660333,118.9568311933967,117.98019900839515,116.00330762451156,121.2382603466634,113.97934820249267,8657325
1537536600,116.87,117.275,116.84,117.1,120.1531426375999,118.9568573624001,118.03194008677099,116.21802768918758,121.51045836699682,114.47411186301707,6173846
1537795800,116.74,117.27,116.72,116.8,120.15253646140349,118.95746353859654,117.9404998994399,115.9413802418986,121.46463436980679,114.4125265502764,5505769
1537882200,116.48,116.74,116.4,116.68,120.15184934718492,118.9581506528151,117.66199086239001,115.56763360695226,121.27390055430344,114.14003078360192,6650853
1537968600,116.93,117.58,116.66,117.5,120.14386112488232,118.96613887511768,117.52412737701225,115.37319685713933,121.18305134835958,114.02293608128963,9512864
1538055000,117.24,117.65,117.1,117.58,120.14404050613975,118.96595949386027,118.1644972959201,115.67069836521608,121.65560220938964,114.62556979803036,5758577
1538141400,117.85,117.91,117.22,117.27,120.14328236563597,118.96671763436404,118.21411037306366,115.5890504149372,121.69399385659831,114.65987563453112,12807703
1538400600,116.66,116.83,116.12,116.15,120.12228119364158,118.91771880635842,117.93632130950408,115.44005257004642,121.49245026843543,114.40931456307327,22442374
1538487000,116.67,117.13,116.6,116.86,120.12409263099073,118.91590736900928,117.45649587326002,114.65398275887833,120.77170777106576,113.50763335934101,8266949
1538573400,116.27,116.36,114.24,114.83,119.22670489404703,117.93329510595296,117.68587429193659,115.06005389022168,121.20674302507238,114.05868601772926,20829180
1538659800,114.13,114.39,113.71,114.02,118.93803132460651,117.64196867539349,116.84104940136159,113.54549946425462,119.86467018159668,112.25847817191814,16207617
1538746200,113.39,113.72,112.62,113.04,118.39474588170505,117.09525411829496,116.36145341282844,112.8221300442297,119.2936065528607,111.49151576848823,18096505
1539005400,112.99,113.11,112.64,112.66,118.39529420968383,117.0947057903162,115.91817643359443,111.94342514137091,118.61274972806692,110.56341938659286,5855890
1539091800,113.14,113.85,113.07,113.8,118.41226454373329,117.07773545626671,115.58904081710477,111.566627740632,118.33193744896202,110.19955733851737,11530860
1539178200,113.14,113.575,112.785,113.49,118.41246066565517,117.07753933434485,115.9323676813673,111.82961792408553,119.03862739884192,111.26862770345018,15290066
1539264600,114,115.15,113.79,114.87,118.22728670322613,116.84271329677385,115.66129543858403,111.37863841321288,118.78884067770453,110.9712752252932,16087021
1539351000,114.39,115.01,114.28,114.47,118.22669050507,116.84330949493,116.07624564852932,111.79291013169131,119.72706925735119,111.79291013169131,6794138
1539610200,114.66,114.8168,114.29,114.42,118.22662936967718,116.84337063032281,115.7261711109415,111.46284161367919,119.4197720093638,111.46284161367919,7146281
1539696600,114.39,114.72,114.16,114.68,118.22680481555018,116.84319518444981,115.65268314747739,111.3050192434205,119.35882227578169,111.3050192434205,4762322
1539783000,114.66,114.785,113.98,114,118.16177938068464,116.78822061931537,115.88884381997788,111.32017972657971,119.52200803695162,111.32017972657971,5880696
1539869400,113.62,114.39,113.55,113.96,118.14106646673322,116.80893353326677,115.63694717226618,110.85451733385507,119.00477553626335,110.85451733385507,5728828
1539955800,113.85,113.95,113.4103,113.71,118.1189658187305,116.8310341812695,115.68355578408551,110.74338466077481,118.95034783038828,110.74338466077481,10892437
1540215000,113.95,114.08,113.53,113.56,118.11596647836633,116.83403352163366,115.56737506865197,110.5040122427357,118.74090342229432,110.5040122427357,3244179
1540301400,114.76,115.02,113.84,113.92,118.11853417270272,116.83146582729728,115.49501143986873,110.33287115098008,118.60422343552112,110.3326015399539,10330735
1540387800,114.36,114.82,114.24,114.78,118.1296290177011,116.82037098229888,115.78752975890785,110.52433114137294,118.84978360722835,110.45149159518759,16008012
1540474200,114.54,114.74,114.23,114.3,118.13081207131606,116.81918792868393,116.47483182554808,112.60018592044727,119.47598652884359,110.56174029768381,12613470
1540560600,114.93,115.32,114.79,114.99,118.13683679539014,116.81316320460985,116.13925983019091,112.89108508518864,119.09474136674237,110.31322919347043,18582470
1540819800,114.84,115.02,114.26,114.73,118.13119287537339,116.81880712462659,116.7194535908792,113.59469309421486,119.43969108922322,110.38409176853946,7679887
1540906200,114.26,114.54,114.02,114.16,118.11824889419432,116.83175110580568,116.54103588377667,113.49569561158066,119.0457704725791,110.20064865883711,9939616
1540992600,113.74,113.96,113.21,113.58,118.12089105968275,116.82910894031724,115.49177694205079,113.2317402210722,118.56496617090191,109.91838612614589,8706583
1541079000,112.85,113.56,112.8399,113.41,118.115450014583,116.83454998541698,114.99932691887676,112.86336619234986,118.07177240600015,109.6207841242834,6100276
1541165400,113.17,113.26,111.9,112,117.77572043150066,116.45427956849935,114.9041446373425,112.71793974310444,117.75446223891977,109.45144938208631,11315059
1541428200,112.48,112.71,112.35,112.44,117.77657266053906,116.45342733946094,114.13639931534948,111.53764044253448,115.69405592343566,108.67869627809185,4760223
1541514600,112.6,112.73,112.3333,112.37,117.77600105141615,116.45399894858386,114.29283924352663,111.5457383805335,115.46169202276957,108.88290174475019,3159875
1541601000,113.19,113.4,112.409,112.52,117.76240373517993,116.46759626482007,114.20663183023996,111.22086977882766,115.38189869602199,108.74526423511553,9313311
1541687400,112.96,112.97,112.41,112.51,117.75090657176133,116.47909342823867,114.27313126302691,111.06083323209918,115.49890435103693,108.69614849583824,6905193
1541773800,112.75,113.4967,112.72,113.35,117.76289763710753,116.46710236289248,114.23951041878132,110.8996496690048,114.90440588688523,108.59017387402771,6465323
1542033000,113.95,114.31,113.91,114.09,117.77172164573953,116.45827835426049,114.82838785075586,111.17777179762417,115.46549386851495,108.83346753256018,6840265
1542119400,113.71,114.02,113.4845,114.02,117.76429241064578,116.46570758935425,115.37604096883982,111.4916367882685,116.1336986689954,109.05154433570435,6525830
1542205800,113.48,114.52,113.3,114.09,117.76456841652919,116.46543158347085,115.06593232413287,111.41845241865123,116.07715683696271,108.94504110890503,8690822
1542292200,114.44,114.54,113.68,114.04,117.76382205500471,116.46617794499531,114.79164797339726,111.42894666730818,116.14649011237404,108.89998988163286,7879799
1542378600,114.2,114.81,113.92,114.7,117.76164867706203,116.46835132293798,115.01420278428155,111.37334863614913,116.10665278652571,108.80629458367542,9236764
1542637800,114.41,115.02,114.41,115.02,117.7629123660063,116.46708763399371,115.56249026395031,111.77462443040821,116.7152996777416,109.02920853049552,7027204
1542724200,115.24,115.46,114.93,115.06,117.7592375313682,116.47076246863182,115.8989284317908,112.17258024945097,117.0159951312449,109.11070760383373,6332804
1542810600,114.89,115.09,114.54,115.02,117.75825039058644,116.47174960941356,116.01989930427816,112.68140448520639,117.06051239368378,109.3400769473092,4951058
1542983400,115.67,115.76,115.09,115.14,117.55136019742777,116.26863980257224,116.06005808539055,113.21552306160298,117.03089855503269,109.27236920753502,3027861
1543242600,114.86,115.06,114.78,114.88,117.54773388612614,116.27226611387385,116.21358487535043,113.58330949203366,117.14886309058373,109.2871018291018,6599041
1543329000,114.81,115.25,114.76,115.01,117.54382573990671,116.27617426009327,116.04664344195321,114.42300711251843,116.91393042434561,109.10902220459496,5967245
1543415400,114.85,115.02,114.36,114.45,117.54582356884707,116.27417643115292,116.192610444663,114.56174778104831,117.04074070922796,109.23221616882559,7814288
1543501800,114.92,115.25,114.59,114.9,117.54818950914635,116.27181049085365,115.92164544202237,114.3007952847222,116.52303127971676,109.19320392040004,7295627
1543588200,115.31,115.42,114.98,115.33,116.78711927451657,115.51288072548344,116.2275408771211,114.42246837437482,116.94870336862358,109.41850641544242,9126693
1543847400,114.68,115.88,114.66,115.88,116.78296488380897,115.51703511619104,116.55766174751278,114.52268817280392,117.35720437649114,109.6380081619239,9763851
1543933800,116.81,118.67,116.625,117.82,116.82933404683187,115.47066595316814,116.55160930283662,114.72883908415137,117.87995802982206,110.21329345953367,18100549
1544106600,118.54,119.2,118.13,118.19,116.42638122649628,115.07361877350371,118.18783014011379,115.41161668898545,119.71311414517034,111.2433414388235,15319440
1544193000,117.81,118.53,117.52,118.41,116.4160016149222,115.0839983850778,118.57951022539476,115.80466064246814,120.0716258829818,111.48063496362961,8608467
1544452200,118.87,119.28,118.44,118.9,116.40148092975978,115.0685190702402,119.24375502183058,116.10200486402658,120.28928464307668,111.54402034061124,8777672
1544538600,118.97,119.38,118.61,118.88,116.39218235653873,115.07781764346127,119.98988068817724,116.48866772950115,120.76263646382493,111.70377175011066,8071952
1544625000,118.58,118.72,118.24,118.35,116.39445474968052,115.0755452503195,120.24604789007967,116.607667844966,120.75384834486515,111.930575631534,6182206
1544711400,118.46,118.58,117.98,118.07,116.29931149382594,114.98068850617406,120.02197974946867,116.41094132038434,120.26038524807656,111.7367040369696,5564328
1544797800,118.55,118.77,118.22,118.48,116.29773983893622,114.98226016106378,120.02826667600716,116.42603296815841,120.02826667600716,112.08854942064927,8169221
1545057000,118.59,119.3,118.58,119.17,116.30309025324148,114.97690974675851,120.42733073560376,116.95498647298763,120.42733073560376,112.28450515935016,9726781
1545143400,119.07,119.785,118.94,119.6,116.49001152013822,115.19498847986178,121.02297315342501,117.6337573619849,121.06665996217363,112.61924917734613,10019103
1545229800,120.11,121.66,119.92,121.18,117.45217793438047,116.10782206561953,121.45104630717712,118.41115761896114,121.48569949158603,112.83917073455561,23046272
1545316200,122.01,122.03,120.67,120.74,117.63838492723765,116.29161507276237,122.7691394099682,119.34466548989305,123.00405759815096,113.62122740194087,18543731
1545402600,121.14,121.21,120.39,120.72,117.63831942705706,116.29168057294294,122.5212702778176,119.19888841588498,122.59362542233394,113.43419274424477,9945103
1545661800,121.13,121.42,120.91,121.32,117.63990282622892,116.2900971737711,122.55657677637144,119.26305385653649,122.61361967589475,113.44854084408698,8377482
1545834600,120.99,121.39,119.97,120.02,117.65976021322521,116.27023978677478,123.09239284046171,119.73679844418307,123.17666186257128,113.77523885722375,11700412
1545921000,121.26,121.38,119.98,120.04,117.65290734641259,116.27709265358743,122.29792046993067,118.8723550324529,122.44185064017579,113.34230422039883,12146772
1546007400,120.4,121.05,120.29,121.05,117.66286922252534,116.26713077747468,122.2781453300811,118.91274169285104,122.68102725001519,113.6845920604132,9879116
1546266600,120.65,121.56,120.46,121.51,117.66299678229676,116.26700321770325,122.99030667466896,119.70141555373765,123.29206199595956,114.27344343215715,17408971
1546439400,121.66,122.16,121.3401,122.15,117.71506847381889,116.34493152618111,123.40022657769711,120.09342628641834,123.72049997126905,115.95861813044522,19841527
1546525800,122.29,123.86,122.2267,123.54,118.58304517670732,117.17695482329268,123.94259176343931,120.3867654448512,124.27875469699362,116.87578519270444,21187045
1546612200,122.34,122.56,121.65,122.11,118.55381586245751,117.20618413754248,125.03207516404973,121.04850100674395,125.4830800233338,117.76499080699418,12970226
1546871400,122.62,122.65,121.62,121.75,118.54562911238747,117.21437088761252,124.11097129044231,120.48903369632423,124.47260814532821,116.92532936311693,8498104
1546957800,121.69,121.94,121.39,121.43,118.5321292315497,117.22787076845029,124.10100980090607,120.33951690158435,124.4909865319871,116.71579298126812,7737103
1547044200,121.26,121.43,120.795,121.24,118.52992152676516,117.23007847323483,124.12102774879041,120.10957196668774,124.49757896882,116.52871604579096,9349245
1547130600,121.28,121.41,120.34,120.46,118.5255726647029,117.2344273352971,124.1214448692439,119.94184401448477,124.5536479403141,116.42744500273534,8222860
1547217000,120.83,121.27,120.68,120.93,118.52473009095033,117.23526990904966,123.78897771277823,119.24015387448569,124.60219477998842,116.28388019720767,5786934
1547476200,120.9,121.01,120.2416,120.48,118.50664024451235,117.25335975548764,124.04820805806267,119.65963407781878,124.89018030357904,116.65641509847072,6730681
1547562600,120.56,120.57,119.95,120.04,118.50689994186538,117.25310005813462,123.78229867096053,119.24642552436212,124.94521694918545,116.34311482038285,8997352
1547649000,119.59,120.39,119.51,120.16,118.50665513591011,117.2533448640899,123.50225467997899,118.83771915001915,124.96719612478662,116.39066398009344,6048446
1547735400,120.22,120.53,119.89,120.19,118.50630039573544,117.25369960426457,123.58338726944515,118.94244424133798,125.13868295454665,116.5049216623431,8153350
1547821800,119.84,120.12,119.385,119.56,118.50475119573098,117.25524880426902,123.60757683782839,118.80761554461687,125.27646361301639,116.540180214201,14106447
1548167400,120.31,120.72,120.07,120.37,118.51071179033859,117.2492882096614,123.12389452031965,118.32107140259062,125.17583806481696,115.99399817585295,8881133
1548253800,119.88,120.62,119.83,120.32,118.5093474377527,117.2506525622473,122.95650780138078,118.63472980551873,125.5803030022566,116.71589467671377,5776907
1548340200,120.91,121.26,120.71,121.11,118.51388675737257,117.24611324262742,122.47140023029488,118.50443132161611,125.67084183506874,116.68004269745343,7121480
1548426600,120.59,120.75,120.32,120.53,118.51879092983629,117.2412090701637,122.54942030728144,118.91157180284148,126.10788188164089,117.38699282430396,6460820
1548685800,120.54,120.94,120.41,120.41,118.51159050496804,117.24840949503195,121.17875163260284,118.47795978383432,125.96567839675443,116.88186748847951,6435820
1548772200,120.53,121.04,120.39,121.02,118.51029087581409,117.2497091241859,121.44917888108246,118.99428193731553,126.01418866790388,117.12231651522374,5750177
1548858600,120.84,120.98,120.33,120.93,118.50605435188106,117.25394564811891,121.84440569447297,119.25999886841075,126.38502516123383,118.35515844586776,10571325
1548945000,121.55,122.18,121.5,121.97,118.51463303623544,117.24536696376454,121.89719153508354,119.31932832671066,126.43616957729238,118.54797875752156,11843413
1549031400,121.48,121.57,120.8446,120.96,118.52337247842179,117.2366275215782,122.62828371708832,119.92637519798936,127.0412777032168,118.87903784785922,12024576
1549290600,120.44,120.55,120.02,120.42,118.52215969506031,117.23784030493968,122.12226941148589,119.57112319238968,126.64131942775072,118.40304348932884,8966375
1549377000,120.73,121.23,120.66,120.97,118.523309278801,117.236690721199,122.13272640384697,119.21763233546798,126.51459870484308,118.09012089691957,6983255
1549463400,121.36,121.41,120.73,121.03,118.70843507420462,117.48486492579536,122.35269349365316,119.91178131777279,126.83977761994741,118.28017783075998,5184018
1549549800,121.46,121.91,121.23,121.83,118.71228615936349,117.4810138406365,122.45936848153313,120.29940733376871,126.95838134912545,118.25482914958785,8781040
1549636200,122.26,122.47,122.07,122.35,118.75122198472062,117.51777801527939,122.87049043331447,120.32782540048578,127.41559167264212,118.61877587698527,5885427
1549895400,121.86,122.18,121.75,121.87,118.75663565737088,117.5133643426291,123.32119724285685,120.65834324346334,127.78768059138692,118.86451709676285,4353004
1549981800,121.66,121.75,121.2,121.555,118.91475284197008,117.6652471580299,123.05830650136316,120.33990568549459,127.59075824605065,118.58090675958545,7939591
1550068200,121.15,121.39,120.91,121.1,119.20346523505266,117.95653476494734,122.80596724187606,120.10394795509765,127.47736636467823,118.37665224454385,4757681
1550154600,122.14,122.2,121.58,121.79,119.2019704728334,117.9580295271666,122.63584263414917,119.74383604707292,127.27079591886792,118.0834226012626,5868918
1550241000,121.56,122.02,121.54,121.98,119.20151705643242,117.95848294356756,123.03759834791211,120.26834255408663,127.74955099768148,118.46085442972719,5527244
1550586600,122.42,122.54,121.95,122.29,119.39285166184588,118.14714833815414,123.22169624140727,120.41812087336717,127.92960871024034,118.5539365252946,5872819
1550673000,121.95,122.08,121.59,121.94,119.5158655846818,118.26413441531818,123.48526117492635,120.67257115587537,128.18514514888838,118.72670865178027,4455832
1550759400,121.07,121.16,120.7,120.85,119.75039069426374,118.46960930573626,123.32266416459757,120.38506552591399,128.0269947319653,118.49329607564857,7382942
1550845800,121.47,121.945,121.42,121.57,119.7542709126918,118.46572908730822,122.62794513731703,119.46365437726092,127.38546324765774,117.77939987778119,6374560
1551105000,121.17,121.3,120.92,121.21,119.7567696900541,118.46323030994591,123.14745179001456,120.06842860122963,127.90067374012467,118.22123342979889,6293534
1551191400,121.73,121.82,121.36,121.81,119.7593898438566,118.46061015614339,122.91080507650574,120.30567935222089,127.71536683639495,117.96611453459295,6028892
1551277800,121.12,121.13,120.2799,120.43,119.78471710889099,118.43528289110901,123.37400045511816,120.55876302003395,128.1600757062445,118.34602270933478,7737411
1551364200,120.56,120.62,119.71,120.02,119.78607376748504,118.43392623251496,122.06026549225824,119.61874754248207,127.2828930413029,117.39917839872714,9533457
1551450600,119.33,119.53,118.64,118.66,119.8095662698816,118.4104337301184,121.79943886192027,119.24085747170518,126.8032337290353,117.09403789478701,13541090
1551709800,119.29,119.77,119.06,119.59,119.92877462791755,118.52122537208244,121.14323566947937,118.05676250195121,125.63777391593922,116.12314218861248,9808468
1551796200,119.28,119.87,119.27,119.84,119.96261197967738,118.5573880203226,121.2894639359275,118.32906708778896,125.98867885627695,116.7425241094763,5595345
1551882600,119.92,120.52,119.89,120.28,119.96254322213534,118.55745677786466,121.31189780915102,117.87255885533102,124.87613031574641,116.89330804685827,7766707
1551969000,120.64,121.26,120.61,121.06,120.953551389915,119.53144861008501,121.6312907659496,117.88881614910392,125.19993686959421,117.1836764459504,8187227
1552055400,121.12,121.69,120.845,121.57,121.36315127111544,120.01684872888454,122.25179873570096,118.20864164528513,125.83966047222172,117.72369795878794,7517600
1552311000,121.4,121.42,120.98,121.21,121.36391363798353,120.01608636201648,122.33495654591201,118.34849970214795,126.26561787751692,118.07754160774925,5158011
1552397400,121.3,122.23,121.255,122.06,121.60218268069448,120.23781731930552,122.07892160925945,118.1719872316077,125.98620651712251,117.80492868419611,6422386
1552483800,121.66,121.96,121.62,121.83,121.60077393054105,120.23922606945894,122.74515700759864,118.50451575008982,126.69392763626108,118.38788515728315,4386732
1552570200,121.69,121.76,120.92,120.95,121.61045573682466,120.22954426317534,122.77421134658069,118.55938866184583,126.5198514990727,118.23790537356473,8188564
1552656600,121.74,121.95,121.4,121.75,121.61305470566862,120.22694529433139,122.59595248977114,117.99532590962892,125.50911432321375,117.57656830130973,4302045
1552915800,121.57,121.87,121.5169,121.68,121.73257772663803,120.34742227336196,123.13481094058199,118.57396925987649,125.65661421459785,118.1620064337884,3893364
1553002200,121.09,121.615,120.89,121.41,121.91324483853515,120.52675516146483,123.23800963025073,118.51980280269005,125.2742464255568,118.10149127664829,5220325
1553088600,121.74,122.85,121.73,122.68,121.95520664899313,120.54479335100687,123.21727575440661,118.30890308615238,124.79911693978886,117.8896572362393,10123663
1553175000,122.96,123.09,122.74,122.95,121.95406776225505,120.54593223774495,124.0802335512234,120.56076440072083,126.01518949547504,118.37841090314421,7182572
1553261400,124.21,125.28,124.06,124.86,122.6786639361859,121.24133606381412,124.3693173161794,121.35114677332298,126.27691328265686,118.42789199983461,13077043
1553520600,124.81,125.94,124.5099,125.06,123.00795504754595,121.57204495245404,125.76536212448241,122.36167653994289,128.10947264376256,118.8693928251168,9736593
1553607000,124.7,125.29,124.62,124.97,123.00813761676216,121.57186238323784,125.70986192757228,122.64281137281486,128.30686241948814,118.93531892254677,7502260
1553693400,125.42,126.34,125.31,126.12,123.21826713912984,121.7617328608702,126.3046278015133,122.79460418229004,128.2263087775205,118.93173332775065,14207179
1553779800,126.25,126.69,126.01,126.56,123.37359125837799,121.95640874162198,127.25376438139259,123.45861579960415,128.429231890118,119.25345078761556,9143238
1553866200,125.68,126.47,125.64,126.44,123.37405133901015,121.95594866098985,127.85288751397748,123.84780417256437,128.4851161845422,119.40397608594408,10841631
1554125400,125.29,125.3565,124.19,124.37,123.41234039891097,121.91765960108901,128.05803651539068,123.95588957201568,128.05803651539068,119.40484834820153,16501475
1554211800,124.48,124.7369,124.245,124.6,123.41084302766726,121.91915697233274,127.20667359683821,122.8731711018019,127.20667359683821,118.81624127720079,9725032
1554298200,123.61,123.87,123.37,123.52,123.41979160498144,121.91020839501854,127.51420776103191,123.07928532912247,127.51420776103191,119.43599140964027,10407417
1554384600,123.6,123.89,123.44,123.87,123.40085873732836,121.92914126267164,127.29709506096984,122.51111041604608,127.38548810031091,119.24521352495452,7503361
1554471000,123.62,124.17,123.58,124.03,123.37817273063624,121.95182726936375,127.56652245478249,122.77226899344477,127.64011170476938,119.51319922667794,6322026
1554730200,123.83,123.95,123.52,123.59,123.37887640923299,121.95112359076698,127.75672715957585,122.46002694804395,127.85207410276908,119.62456513522753,4446429
1554816600,124.22,124.335,123.77,123.98,123.37882887376365,121.95117112623633,127.62460326703126,122.01951899874705,127.87938204988822,119.3690461716162,7020320
1554903000,124.27,124.52,124.1,124.28,123.37891411005828,121.95108588994171,127.91859452346861,122.12719448749365,128.1446376127825,119.62301832082358,7519916
1554989400,123.93,124.02,123.41,123.55,123.3776751919893,121.95232480801069,127.50557140472539,122.17926408844814,128.38788524758345,119.82572684285466,8679319
1555075800,122.89,123.06,122.63,122.67,123.38482355827989,121.94517644172008,126.92489354201423,121.6155180041761,128.24440278366842,119.37385557644951,7005541
1555335000,122.775,122.99,122.72,122.98,123.38299893166732,121.94700106833268,124.9361082507758,120.91780848903221,127.99449794799531,118.81146047449127,3070036
1555421400,122.51,122.63,122.14,122.21,123.38758527609092,121.94241472390908,124.87964340221076,121.0372025287075,128.21121781302492,119.01741464242184,8927558
1555507800,122.13,122.5701,122.11,122.26,123.38750248861338,121.94249751138659,124.18500467813676,120.3941979115652,127.94792022629278,118.51008282247174,6118702
1555594200,122.81,123.1,122.78,122.9,123.3914701114605,121.93852988853948,123.63671839909391,120.35191145001056,128.03631972141767,118.54276598546822,27589692
1555939800,122.47,122.57,122.235,122.31,123.39068399931232,121.93931600068768,123.93497809685329,120.77631782373015,128.4101777957929,118.97559159059708,6241353
1556026200,122.61,122.7,122.39,122.57,123.38439046554548,121.94560953445452,123.56193848486716,120.26461174118134,128.18180313613308,118.57586286394168,6239726
1556112600,123.11,123.59,123.09,123.57,123.39424676829886,121.93575323170113,123.68582006664249,121.36037953064704,128.37291355995666,118.75481869440259,7302206
1556199000,123.49,123.62,123.1,123.39,123.38850097743904,121.94149902256095,124.31011740696181,121.80914503266841,128.96179930496947,119.44928435617646,5380867
1556285400,123.98,124.02,123.64,123.81,123.38562002947329,121.9443799705267,124.19018456587219,121.67223812958603,128.93148662418963,119.33017607847503,5950651
1556544600,123.23,123.35,122.85,123.02,123.3928957463873,121.93710425361269,124.46542959077537,121.90104699043876,129.22743011849138,119.63054854985194,10246172
1556631000,122.95,123.74,122.93,123.65,123.39298099095572,121.93701900904425,123.99600824017313,121.37159418742247,128.84057059126627,119.07851500851545,7957662
1556717400,123.69,124.45,123.6,123.9,123.39323005370346,121.93676994629652,124.46818324539166,121.76650287074176,129.25937332651455,119.53073973776071,14372113
1556803800,123.68,123.81,123.04,123.31,123.38612840099466,121.94387159900533,124.71262425831675,121.92735509401244,129.4638185476504,119.71580051352076,6613062
1556890200,123.66,123.875,123.37,123.66,123.37495503174688,121.9550449682531,124.32278393689893,121.49651417138757,129.16345895526084,119.29710052562436,6191750
1557149400,124.31,124.38,123.925,124,123.37185873775573,121.95814126224424,124.62574073215286,122.2894709862302,129.42645757870312,119.55520069786712,4482690
1557235800,124.53,125.14,124.39,124.95,123.377658879391,121.95234112060899,124.93055050986364,123.02996225394544,129.6876709987767,119.80852872485983,8984929
1557322200,125.15,125.2999,124.3,124.41,123.38151974394326,121.94848025605673,125.74546809704584,123.69628118227797,130.33784034420242,120.51052257035794,6907690
1557408600,125.11,125.3,124.31,124.92,123.37741077210408,121.9525892278959,125.33208943679801,123.5384466825409,130.0488533123314,120.35013073608523,9412288
1557495000,124.89,125.45,124.59,124.75,123.37534295741528,121.95465704258471,125.79451146565141,123.91651115139476,130.42946520748214,120.77605836021867,6037925
1557754200,125.4,125.93,125.25,125.73,123.38142540685587,121.94857459314412,125.67653628859046,123.85709577818291,130.36965121990806,120.64219392591183,10501611
1557840600,125.51,125.65,125.2,125.36,123.38181551749,121.94818448250999,126.5562890442298,124.45959066510997,131.0687393483771,121.46028174027936,5690447
1557927000,126.21,126.27,125.77,126.13,123.3838492231413,121.94615077685869,126.24116977322684,124.32328330461962,130.87472649718177,121.16107247594378,9566544
1558013400,125.81,125.83,125.53,125.71,123.38205345069242,121.94794654930756,126.84578064378981,124.829799385628,131.4460260951804,121.80936739562628,7666369
1558099800,126.28,126.3,125.69,125.99,123.38236035063356,121.94763964936644,126.6439373388566,124.65429771314541,131.2115491318961,121.6371200271242,4747076
1558359000,126.12,126.38,125.65,125.73,123.3827291880172,121.9472708119828,126.91580355340422,124.89374451864667,131.4534486804601,121.79465749226057,6043112
1558445400,125.6,125.72,125.3,125.53,123.38159216195909,121.94840783804091,126.78026508840156,124.98805193331397,131.32011140726408,121.63125160008563,4022162
1558531800,125.77,126.33,125.72,126.25,123.37069714340878,121.95930285659122,126.81775983986087,124.81361922949812,131.22383876749592,121.49992473549258,5675312
1558618200,126.89,128.09,126.88,127.67,124.08856141605523,122.64143858394479,127.28058225578421,125.48923045484717,131.77810547766603,121.94024966045318,9743687
1558704600,127.56,127.78,127.39,127.78,124.08618144795119,122.64381855204881,128.4695573014507,125.97009387797712,132.8379972363676,122.83304380049861,4981893
1559050200,128.27,128.9,128.085,128.79,124.49899767059209,123.04100232940793,128.54768993197942,126.17037240557593,132.9689349318383,122.9124093506133,8098871
1559136600,129.67,129.9,129,129.09,124.97609007046151,123.5639099295385,129.44751390384047,126.6018624578045,133.7500405442853,123.51296385027327,13260571
1559223000,129.33,130.23,128.8852,130.2,125.14774174685965,123.72225825314035,129.82813808216918,126.88260373619771,133.4422816364321,123.70720320728526,13024761
1559309400,130.9,131.9,130.81,131.83,126.19073540366675,124.76926459633324,130.85402185775936,127.71845747997195,134.33482245766214,124.378955878429,18933634
1559568600,131.91,132.58,131.55,132.44,126.63309605662076,125.21690394337926,132.35422868419334,128.68674365282183,135.81676231875568,125.37127051449416,17822448
1559655000,131.39,131.76,130.55,130.93,126.97418800793253,125.4958119920675,133.01568919328804,129.27803806860481,136.39168889205177,125.77765650404038,14250018
1559741400,130.52,130.95,130.12,130.19,127.3437283741363,125.8462716258637,133.05236906760163,128.59913069060298,135.06384429500613,124.91178736369,8815195
1559827800,130.97,131.59,130.32,130.61,127.45792970479903,125.967070295201,133.36986736599837,128.39073639834217,134.42017236474632,124.48970974878866,9621094
1559914200,131.79,132.07,131.438,131.74,127.48831765980283,125.9816823401972,133.84041571057585,128.77156969710148,134.82177200997637,124.7772893614104,11378665
1560173400,130.68,130.704,130.32,130.5,127.50447853377824,125.96552146622177,134.55852450659702,130.1448217932619,135.86822137182014,125.51448462687176,8289092
1560259800,130.42,130.76,130.32,130.58,127.49879892898983,125.97120107101021,134.37461106888776,129.03419836937968,134.7642953017189,124.76219560136599,5115128
1560346200,130.39,130.75,130.3,130.68,127.49733506852562,125.97266493147443,134.63412480060367,128.95816482624957,134.85721352199397,124.83869027724195,5278799
1560432600,130.8,131.25,130.79,131.13,127.48615995994413,125.9838400400559,134.88022577670782,128.94032654182365,134.96808425387312,124.9281659238574,5560844
1560519000,131.1,131.71,131.09,131.46,127.48157357115454,125.98842642884549,135.08583159861567,129.20898982380052,135.39933870917054,125.24666422270798,5838794
1560778200,131.39,131.76,131.13,131.69,127.4810577601543,125.98894223984573,134.83582281409255,129.42443045670817,135.64878861155626,125.49002741786606,6046416
1560864600,132.74,132.86,131.945,132.35,128.04454456496518,126.54545543503488,135.08401967936115,129.58309387890424,135.9427213880559,125.66956378835285,10320696
1560951000,131.86,132.72,131.58,132.54,128.2212747945706,126.74872520542944,135.08639003300667,130.09856851674957,136.4937572909841,126.13766610003242,11962501
1561037400,132.91,133.505,132.59,132.89,128.54582033594968,127.06917966405032,135.2365192663852,130.25228187413762,136.7612735796437,126.29509529240833,10721526
1561123800,132.51,132.53,131.375,131.43,128.53496049363477,127.08003950636525,134.79448881739899,130.54360940341877,137.12645827358756,126.56161794531558,14495149
1561383000,132.16,132.53,132.079,132.41,128.54251263004602,127.07248736995399,132.9894000275903,129.32170859124616,136.27756686996085,125.5948858138518,6378869
1561469400,132.79,133.09,132.72,132.82,128.54284751322,127.07215248678,133.63268618341712,130.1451819011092,137.0477260482882,126.2916681105165,9604623
1561555800,132.68,132.7,131.88,131.97,128.53994880697027,127.07505119302971,134.01248875373687,131.46457522881497,137.43791950798308,126.7745891808225,12766810
1561642200,132.31,133.09,131.99,132.9,128.5455717241544,127.0694282758456,133.4053465294824,130.70424451743446,136.92882379406532,127.85097812731968,9724166
1561728600,132.58,133.08,132.4458,132.81,128.54542013382087,127.06957986617913,133.90761365434167,131.42981005355324,137.68844258777372,128.5172208431132,8149205
1561987800,132.57,132.75,131.591,132.24,128.4953392652677,127.1196607347323,133.96360854714845,131.35613370749138,137.7082062216489,129.21771175678634,14141551
1562074200,132.57,133.39,132.46,133.26,128.50352998649063,127.11147001350938,133.73340168280612,130.8717310424972,137.35857991302984,128.88422973876374,10495462
1562160600,133.52,134.29,133.51,134.21,128.88629354711085,127.51370645288912,134.37822958897567,131.74151876449008,138.20396695483515,129.61459906892665,5380269
1562333400,132.54,132.55,131.67,132.43,128.92488194474547,127.47511805525453,135.02981793851572,132.52018400572163,139.0087253303767,130.4903163452568,12180126
1562592600,133.05,133.22,132.61,132.61,128.92488833716223,127.47511166283778,134.30967632137853,131.0129226661502,137.6975427861372,129.25379956434338,6489997
1562679000,132.68,132.71,132.16,132.56,128.92139020205687,127.47860979794312,134.43748084704205,131.17044156404108,137.89689679072805,129.4201425769489,6216115
1562765400,132.35,132.435,131.51,131.83,128.928347843635,127.47165215636495,134.50931836047502,131.12303204719043,137.912122804931,130.12505501984276,9470193
1562851800,131.31,131.41,129.76,130.07,128.96361923881068,127.43638076118928,134.32230741559627,130.45484316636436,137.37515909145228,129.61793538291718,14126804
1562938200,129.92,130.45,129.68,130.22,128.95600610419686,127.44399389580312,133.62511823673108,128.83235014457267,136.3235415901393,128.01525309158984,6992095
1563197400,130.45,131.05,130.45,130.97,128.94867760981344,127.45132239018653,133.63391596272763,128.95761669913347,136.4784841808771,128.14594247437978,6055917
1563283800,130.17,130.6,129.955,130.58,128.9510236000444,127.44897639995557,133.95628200847224,129.15244414214652,137.0098328758656,128.8266710469936,6172721
1563370200,131.06,132.0184,131.05,131.99,128.95774969973448,127.4422503002655,133.3095967617992,128.72632868641352,136.82700524211856,128.46566418227982,9662156
1563456600,131.47,132.32,131.24,132,129.0207312615105,127.50426873848947,134.204395256791,129.07743743434875,137.79184597013614,129.07743743434875,5725713
1563543000,131.59,131.93,131.505,131.69,129.02000508379973,127.50499491620026,134.21170582975304,128.95989969424406,137.86674269339179,128.95989969424406,5804843
1563802200,132.47,132.49,131.7439,131.94,129.09190445384155,127.58809554615847,133.7217765944271,128.69839389745155,137.7291826070629,128.69839389745155,5204504
1563888600,131.6,131.74,130.965,131.22,129.33066845144836,127.80933154855164,133.93384273050563,128.74371693135745,137.9564402787602,128.74371693135745,8108940
1563975000,131.6,131.897,131.465,131.79,129.323867324746,127.81613267525401,133.29586153828942,128.24558128005208,137.5333918010283,128.24558128005208,6389664
1564061400,131.25,131.41,130.51,131.16,129.3286338621233,127.81136613787672,133.0028391513239,128.5170741330516,137.97426791653712,128.5170741330516,8893057
1564147800,131.7,131.78,131.25,131.47,129.32794531285015,127.81205468714982,132.644117516118,128.05539359012639,137.59767308835376,128.05539359012639,6188692
1564407000,131.82,131.9499,131.395,131.51,129.3587072491961,127.86129275080391,132.88466093392458,129.1439871527033,137.86221225038955,128.19810379416384,6231836
1564493400,132,132.1,131.43,131.83,129.41145740170208,127.91854259829789,132.95442070557326,129.16563203394574,137.94014439463837,128.17547668615342,5678475
1564579800,131.7,133.33,131.66,132.89,129.41973842224596,127.91026157775403,133.21657119830869,129.42722448098343,138.0613490531752,128.35458879626006,15798745
1564666200,133.39,135.39,133.26,135.26,130.17847422836078,128.58152577163924,134.10540478352564,131.03294902728535,138.77471213075705,129.0718161232851,26665016
1564752600,135.66,136.51,135.4,136.51,131.0306743374447,129.40432566255532,136.31579864610663,132.35981083534827,140.89226512740794,130.75837825777995,15143050
1565011800,138.14,138.89,137.66,138.87,132.45562695108782,130.73437304891218,137.50977242853807,132.8970265816997,142.02930565980412,131.45059348044168,18542993
1565098200,138.2,139.98,138.085,139.98,133.00482413032947,131.2751758696705,139.75092354517017,133.8142466422653,144.1536538175818,131.98509960794476,12747356
1565184600,142.4,143.06,139.78,140.03,134.5540988750964,132.8159011249036,140.83469880756385,134.5213617640933,145.17870799595985,132.2477741614492,32582045
1565271000,139.14,140.43,137.98,140.33,134.6942095361377,132.9557904638623,141.79655478781814,134.8921225391398,145.2658031392221,132.39337572562306,14745985
1565357400,140.67,141.55,139.87,140.05,135.0019236755726,133.25807632442735,142.68459547838535,135.56916829628153,145.57465640662983,132.57442464846125,10625972
1565616600,141.72,143.43,141.5115,142.97,135.23832711045335,133.39167288954664,143.15664673496778,136.1761823500271,145.3646943087877,132.65843319964426,14094307
1565703000,143.81,143.9116,141.95,142.48,135.53191527068378,133.6796847293162,145.34317518292954,138.25927035788754,148.0206564446573,133.2568130854633,16099485
1565789400,145.16,145.7261,144.71,145.69,136.50436315870758,134.5217368412924,145.49233052364187,139.23085732253804,147.62566896350498,133.35516463857238,15068949
1565875800,145.95,148.6,145.58,147.31,137.95804478616367,135.94195521383628,148.0834999066444,141.8386041054044,150.5546161869824,134.04025357642968,23732522
1565962200,146.06,146.51,144.84,146.13,137.97412161553962,135.92587838446036,149.655299805462,144.16136789047073,152.0610932929453,134.51554592388683,17649776
1566221400,143.57,144.66,143.515,144.04,138.01108869851515,135.88891130148482,149.10773963539017,143.84687086917984,150.6315606930376,134.52289024071425,13615286
1566307800,145.28,145.6225,144.84,145.53,138.22969596993516,136.09030403006483,149.09611311671284,142.73923985719227,149.09611311671284,134.290572824452,7451608
1566394200,144.72,145.79,144.285,144.56,138.82368109100724,136.65631890899277,150.17688442439547,143.90517759611302,150.17688442439547,134.77818009736038,9372115
1566480600,144,144.7,143.48,143.6,139.07943028370065,136.9105697162994,150.52898036258108,143.36296616035182,150.6156070768173,134.72564970585583,13880305
1566567000,143.52,146.27,143.43,145.96,139.4577394606316,137.22726053936842,150.12688154851662,141.84159649430848,150.874781227357,134.63924799703133,16194116
1566826200,145.87,146.29,145.29,145.37,139.86140833305024,137.62379166694973,151.21171291590878,143.13139664804245,152.25764818270864,135.39141760841568,12174799
1566912600,146.63,147.72,146.48,147.61,139.8851757880546,137.60002421194537,150.74612528201675,142.65732912613296,152.53341962497072,135.39439047112973,11332754
1566999000,148.78,148.9,147.66,147.8,140.4314956678796,138.14850433212044,152.48334245343963,143.65713927584298,153.98523574853792,136.16500190272578,10097776
1567085400,147.25,147.34,146.13,147.24,140.42076037110508,138.15923962889497,152.82035873525308,143.75730916517264,154.55223863825074,137.10228383923285,8884955
1567171800,146.61,147.48,146.36,147.28,140.41990358379712,138.1600964162029,152.57532855000355,143.51925954784446,154.70883986288834,137.0994150745847,13550909
1567517400,147.09,148.67,146.57,147.21,140.39646028275894,138.1835397172411,152.74655720748484,143.53688253783469,155.11612865356943,137.2804872496396,15662954
1567603800,146.53,147.62,146.48,147.43,140.3884497027566,138.19155029724348,151.43081555360496,143.4966856125091,155.43205146491823,137.41835561476395,7962232
1567690200,145.66,145.8,143.89,144.76,140.44331744353735,138.1366825564627,151.67362381201065,143.62324879013562,155.88402909695182,138.23704536289426,19386357
1567776600,145.26,146.03,145.08,145.79,140.4407779340028,138.13922206599725,148.41555992250483,141.87151714955147,154.58089743943498,137.17320990096968,9466371
1568035800,143.83,144,143.19,143.2,140.47479362368313,138.10520637631691,149.1433641753683,142.57529745776296,155.45454705705325,137.76485499506046,15862660
1568122200,142.84,143.29,140.66,140.69,140.5208113182299,138.05918868177014,147.47347176623734,141.33048024162866,154.02172321977736,136.64698767166058,13851422
1568208600,140.4,141.15,140.39,140.44,140.5218739118761,138.0581260881239,146.39066852882104,139.49150615425626,152.53845006353777,135.33862182549177,10941748
1568295000,141.5,141.8,139.0647,139.52,140.52844103001527,138.05155896998474,146.05969834353243,139.23169997272558,152.50460619998884,135.22021704663197,19163308
1568381400,138.28,138.71,136.54,136.54,140.58889208528566,137.99110791471438,145.4904115442521,138.12048687798978,151.99821640486016,134.5960070281531,18922161
1568640600,137.88,138.57,137.2544,138.28,140.60564955004875,137.9743504499513,143.80520065025303,135.25809496411446,150.04282729906407,132.02678529506565,10971572
1568727000,138.36,139.6,138.02,139.03,140.6060741027407,137.97392589725933,143.18901303394296,135.31009974791604,151.31469722600463,133.54226724646307,9287893
1568813400,139.93,140.66,139.53,139.62,140.60740410939957,137.97259589060047,143.46620568340666,134.6314907652821,151.93231006426083,134.2020911259679,11106841
1568899800,140.76,140.99,139.97,140.04,140.6075746820728,137.97242531792725,142.03955376966587,134.22570497701142,152.44365944091874,134.22570497701142,13434396
1568986200,140.77,141.98,140.44,141.89,140.60765750105134,137.9723424989487,141.72509666052693,133.87675190745247,152.8362346713159,133.87675190745247,13377236
1569245400,142.24,143.155,141.7,141.86,140.6032685283103,137.97673147168973,143.1543100041005,134.17211979929436,154.30067093884065,134.17211979929436,15402596
1569331800,142.42,143.845,142.41,143.57,140.6164865662458,137.96351343375426,143.10502152231476,133.91609583123838,154.37258090131255,133.91609583123838,12947855
1569418200,143.26,143.55,141.14,141.47,140.63897253014835,137.9410274698517,144.67907699134827,134.45754146204803,155.76496095967605,134.45754146204803,14520656
1569504600,142.27,142.99,141.895,142.38,140.6381892432817,137.94181075671835,144.18181002690517,133.33851680930428,154.24593733543531,133.33851680930428,10775214
1569591000,142.32,142.975,142.14,142.73,140.63802488516777,137.94197511483227,144.89019876879877,134.2505474300603,155.03401863770796,133.62544207343245,10387398
1569850200,141.88,143.09,141.84,143.08,140.63474704230856,137.94525295769148,145.4660090675763,134.3833228787524,155.39077388233835,133.68160142250005,8410379
1569936600,141.26,143.91,141.14,143.26,140.62992454063942,137.95007545936062,146.00341165052163,136.2978527343224,155.7487734790205,133.76709179025937,16869140
1570023000,143.46,144.27,143.24,143.61,140.6259954768475,137.95400452315252,146.43746460301085,138.45194642289619,155.97199058613865,133.7811995150443,12896884
1570109400,143.98,145.67,143.92,144.92,140.60835990703563,137.9716400929644,146.91613041138382,139.1381476337691,156.33119652479368,133.9094882024774,13526957
1570195800,145.35,146.03,145.2,145.99,140.61238763011582,137.96761236988422,147.8796985704386,141.42424818058404,157.46994926657592,134.62894077740418,11936986
1570455000,145.16,145.53,144.71,144.78,140.6231001635109,137.95689983648913,148.7602384781551,143.53379616445488,158.42343643576677,135.18246359186224,11751551
1570541400,145.82,145.93,144.62,145.17,140.61762347272665,137.9623765272734,147.5551738146613,142.51165140730114,157.51365968206366,134.46940948540234,14540249
1570627800,144.6,144.61,143.8,144.35,140.597367601854,137.98263239814602,147.7435359956005,142.87002588855532,157.9104742773876,134.68434141113693,8933140
1570714200,143.12,143.18,141.73,142.2,140.76797535816354,138.08702464183648,147.09465435454,142.15189551579866,157.2996609628576,134.12650475115146,15057081
1570800600,140.98,141.1,139.71,140.44,140.7871414427735,138.06785855722651,146.52079267247782,140.21829743158233,155.55519786206418,132.67095944837172,28513340
1571059800,141.48,141.505,141.08,141.46,141.069525441887,138.34047455811296,145.4555413632928,138.608736305421,154.12966526313767,131.43177958887765,5937726
1571146200,140.67,140.945,139.55,139.75,141.07885016556844,138.33114983443153,145.91436447959893,139.52518246839458,155.02574619850864,132.06680829531794,12663622
1571232600,139.64,140.06,139.35,139.92,141.07878072793108,138.33121927206892,144.99995051175105,137.94202629136342,153.64496075348495,130.8308092513169,8645282
1571319000,139.52,140.38,139.2967,139.58,141.07884180509615,138.33115819490382,145.03990259004843,137.82224595107363,153.82814395210534,130.89004054599687,6558397
1571405400,139.81,140.23,139.45,139.58,141.07882480696705,138.33117519303295,144.18380021639126,137.3053811983987,153.5802401940094,130.59373555386958,6456407
1571664600,138.57,138.99,138.225,138.53,141.08228438378285,138.3277156162171,143.7705171826007,137.0117580492736,153.61703961028857,130.53984402360564,8189288
1571751000,139.38,139.529,138.635,139.34,141.08369996208532,138.32630003791465,142.51302564424878,136.10310245551827,152.6597557665154,129.72949208853828,6690041
1571837400,140.03,140.3138,139.36,139.48,141.4536586854511,138.6963413145489,142.74349088037698,136.43774646934227,153.40297238443233,130.26665351001623,5999896
1571923800,139.68,140.24,139.03,139.2,141.5276285952027,138.7673714047973,142.31528111916776,136.38070929842561,153.39234813780993,130.3232186388642,6830080
1572010200,139.53,139.55,138.31,138.52,141.54901158412343,138.7809884158766,140.5976981139681,136.05036506104474,152.35616126020142,130.07312261909624,5669966
1572269400,137.58,137.58,136.99,137.26,141.67576600050396,138.88423399949605,139.71310094663335,135.4304255571768,149.7915173540899,129.52422667633937,11402050
1572355800,137.62,137.74,137.17,137.35,142.47750677163108,139.68249322836888,138.70374207945275,134.3612054869892,147.94135589813976,128.53449955661137,5296576
1572442200,137.77,139.45,137.77,139.36,143.54686877685876,140.75313122314125,138.6803462572079,134.3213628928475,146.3381954871731,128.5562486608838,10914151
1572528600,140.48,141.677,140.43,141.24,144.13288341803317,141.30711658196682,140.4512548587305,136.15411295632214,147.3910779986458,130.03896152189344,15835800
1572615000,140.73,141.27,139.79,140.56,144.10346865783737,141.33653134216263,142.20479777426897,137.01149715786832,148.5830389261567,131.43615108178653,11425486
1572877800,138.97,139.14,138.53,138.71,144.11662861920883,141.3233713807912,141.6493501273857,136.96432178385083,148.21837352603401,130.89190354166118,11134604
1572964200,137.22,137.44,136.73,137.15,144.13070876198003,141.30929123801997,141.80025661670217,136.34466970051204,147.08123076353436,129.4426682194937,13496331
1573050600,138.02,138.41,137.34,137.98,144.1346168948475,141.3053831051525,141.12522330109869,135.71966957346706,146.08029964184507,128.20273732073508,9353012
1573137000,136.35,136.36,134.45,135.48,143.11481482034506,140.23518517965496,141.62304643080805,136.21378122586253,146.6422845951053,128.8138316369711,19214106
1573223400,135.15,135.95,134.78,134.91,143.0648211794776,140.28517882052242,140.01566374609558,134.31253274410685,144.95249694592303,126.82652709965586,10227217
1573482600,135.38,135.39,134.64,135,143.06435620950745,140.28564379049257,139.56500621185634,133.78441891597606,144.54583344907866,126.34072652164832,4578098
1573569000,135.28,135.9499,134.788,135.62,143.0045182035791,140.34548179642093,139.53117797446242,133.50068936796265,144.59449473560022,126.3747064644185,5773630
1573655400,136.81,136.96,136.165,136.5,142.99354282553773,140.35645717446232,139.94110237155655,133.40043213329,145.0232221234273,126.83076820808158,6751842
1573741800,137.8,138.44,137.67,137.91,143.0031637588403,140.34683624115974,140.59113900107164,133.34748099590934,145.64860163557364,127.49757482847102,10272804
1573828200,137.48,138.16,137.43,137.76,142.98082592529235,140.36917407470764,141.7016143009058,133.56071604764261,146.66962736472703,128.59089589042003,4657758
1574087400,138.21,138.61,137.93,138.01,142.96662688223884,140.38337311776118,141.59034359550654,133.31793737343767,146.57049195377678,128.4469408596608,5944030
1574173800,138.37,139.24,138.37,139.16,142.97226474846101,140.37773525153904,141.80441820849916,133.27826239165861,146.76378120466896,128.6232108315471,7893300
1574260200,139.91,140.6,139.77,140.6,142.9817485769468,140.3682514230532,142.80356599865837,133.73203705026606,147.62851693965084,129.52282651441246,7909901
1574346600,139.64,140.08,139.12,139.72,142.95096726104782,140.3990327389522,142.40101479141956,134.42677630458874,148.7215954700373,130.65975494336112,5981899
1574433000,140.1,140.28,139.68,139.9,142.94999352200117,140.40000647799886,141.19743625346905,133.91817993140774,148.0854158613806,129.93656227675277,4666026
1574692200,140.3,140.53,140.18,140.31,142.9192946665666,140.43070533343345,141.70666993390253,134.37986771977867,148.24187792109913,130.0653597925316,4157476
1574778600,141,141.31,140.94,141.13,142.80829996321307,140.3117000367869,142.2236268532302,135.9697079571198,148.575624956567,130.3814075906997,4281650
1574865000,140.6,140.91,140.42,140.72,142.80770628969077,140.31229371030923,142.8779527773929,137.36592505190436,149.22844419339347,131.03152090356505,4096955
1575037800,140.62,140.68,139.78,140.42,142.8078248136935,140.31217518630652,143.03307511819023,137.09411851182176,148.93610958774943,130.68646983625925,6251071
1575297000,138.14,138.67,137.95,138.31,142.30376061391055,139.76623938608944,143.15098040666192,139.25108260377047,148.72403047421665,131.66212127514214,17705004
1575383400,140.04,141.77,139.93,141.21,141.55736282537765,138.92263717462237,142.2563741736278,137.76607657492548,147.0799336289976,129.85089435652506,13323804
1575469800,140.34,140.5,139.21,139.8,141.53065593553353,138.9493440644665,143.98571276534935,138.35622273850802,149.3878009641716,132.93065052102946,8588810
1575556200,138.66,139.44,138.6,139.12,141.52556524689575,138.95443475310427,143.14397868783618,137.77251753326223,148.2874322435226,132.37083649508867,7274024
1575642600,138.03,139.12,137.86,138.35,141.49178848115565,138.98821151884437,142.35550636617856,137.30982369001782,147.7564759435125,132.03792241399321,7931904
1575901800,138.99,139.11,138.57,138.65,141.45476170005986,139.02523829994016,141.3980688121132,136.66626059402873,147.14524699296314,131.65529092255235,4155592
1575988200,139.18,139.35,138.41,138.66,141.4544591581884,139.02554084181162,141.58427806379115,136.77328156905244,147.3969743108625,131.67982786912683,4947745
1576074600,139.3,140.14,139.23,139.75,141.45711102753464,139.02288897246538,141.49917529326726,136.6773853139487,146.09455811190807,131.59750339561103,6257375
1576161000,139.19,139.2846,136.61,137.45,141.43231085809657,139.04768914190345,142.44311507709594,137.34126802565095,146.42015912091082,131.96668091858024,14868125
1576247400,138.12,139.61,137.23,139.04,141.42866000921637,139.05133999078362,140.40933526068824,135.66615782786778,144.0127600063742,130.91624674337982,11335349
1576506600,138.4,138.46,137.43,137.79,141.43540374433954,139.04459625566048,141.8438388371671,136.752241219167,145.00813578343548,131.52568255989422,9160997
1576593000,138.21,138.34,137.21,137.6,141.4330346065421,139.04696539345792,140.7011274988805,135.77043506571783,142.61692181988337,130.8968393112821,6179893
1576679400,137.3,137.45,136.28,136.47,141.4397878394775,139.04021216052251,140.5196622604149,135.56958280077328,142.55541195542813,130.73143413639934,6244828
1576765800,136,136.86,135.7601,136.47,141.4153761542285,139.0646238457715,139.4541434282034,134.63194281177928,141.92386243320743,130.12272935329833,6591083
1576852200,136.13,136.69,135.93,136.65,141.41584706271502,139.06415293728497,139.44242736289058,134.6705631101344,141.9487669535484,130.03925126340974,5455919
1577111400,136.81,136.9687,136,136.45,141.39437609974996,139.08562390025006,139.6034267034952,134.82021585040158,142.08467898219547,130.0468886886876,5175177
1577197800,135.92,137.06,135.89,136.84,141.36901725224925,139.11098274775077,139.40458202501168,134.59321714812575,141.98078500805093,129.87145760184913,4667428
1577370600,136.91,137.22,136.51,137.17,141.3635022475719,139.11649775242813,138.59319303086906,134.88909758912035,142.25545082780746,129.99323722011326,5290981
1577457000,137.44,137.63,137.29,137.32,141.36260229730675,139.1173977026933,138.82222633173052,135.1492815894736,142.49818118460902,130.09227790846614,7300695
1577716200,135.89,136.9,135.66,136.82,141.36249643258785,139.11750356741217,138.92248412759622,135.15349483975186,142.62535651685656,130.10513666584836,7979841
1577802600,136.21,136.46,135.38,135.48,141.37323138278538,139.1067686172146,138.50186099686488,134.77842865010768,142.30809752456807,129.78168782689275,10707518
1577975400,136.79,137.53,136.665,137.015,141.39172826635314,139.08827173364688,137.20120057421184,133.55511493330448,141.40222058015482,129.00414237050555,11034459
1578061800,138.27,139.16,137.88,139.12,141.4130253153131,139.06697468468693,138.62427928099285,134.72801697305476,142.48364162723485,130.0601863462096,12366830
1578321000,139.69,139.71,138.15,138.33,141.3570990480006,139.0229009519994,140.60007384324683,135.34772303080294,144.01995023410402,131.19299569564652,11370199
1578407400,138.22,138.47,137.64,137.645,141.35186742085386,139.02813257914613,139.86214108170267,135.29847752764556,143.47145093187166,131.13497708083094,8456431
1578493800,137.93,138.31,136.32,136.74,140.6890680502748,138.3709319497252,139.44314590626962,135.0926652555078,142.9991388828808,131.80678828063301,10626391
1578580200,136,137.435,135.905,137.22,139.9676338650543,137.66236613494573,139.85902959328425,135.06074934422287,142.35065210474883,131.04760951030715,7412990
1578666600,137.67,138.47,137.6299,138.44,139.2411612916543,136.97883870834573,140.27438350089122,135.3170840024413,142.72314112070418,131.43391294923737,8776937
1578925800,137.88,138.09,137.39,138.02,139.2223663821977,136.99763361780234,141.25555144589498,136.3225514918996,143.6583311591124,132.43866233041751,5967295
1579012200,138.18,138.82,138.135,138.73,139.2186483856619,137.00135161433812,141.03838678190223,136.01776216690195,143.36321837099325,132.08116957117554,13921031
1579098600,139.52,139.76,139.02,139.65,139.20515678850126,137.01484321149874,141.6773101960532,136.5030448588318,143.92662471466568,132.66736514589428,6290520
1579185000,139.26,139.53,138.74,139.21,139.20627282518277,137.01372717481726,142.5058130629159,137.04113328150498,144.66909703932677,133.43267496219494,6798593
1579271400,137.58,138.14,137.36,138.02,139.21537498579687,137.00462501420316,142.2134196839695,136.77784413025864,144.34685957641588,133.05938757540463,9693280
1579617000,138.81,139.65,138.77,139.47,139.2305029198334,136.98949708016661,141.25202534331916,135.9670798642614,143.43792770314835,132.05175397216323,6794885
1579703400,139.72,140.14,139.59,139.96,139.22421894703234,136.9957810529677,142.54494824321725,136.9677928692406,144.60009659716542,133.2703556827949,6317029
1579789800,140.845,141.38,140.78,140.94,139.2261604097079,136.9938395902921,143.0202704896192,137.33427945095272,145.01786142793597,133.68146039201517,9747418
1579876200,141.42,142.55,141.3,142.08,139.6275171254863,137.37248287451374,143.93424353594727,138.08526635127535,145.8362918196295,134.5096317504865,8584952
1580135400,143.95,144.29,143.5004,144.29,140.53399357448595,138.20600642551406,143.9023848296228,138.81551063277314,146.83797941966924,135.4765675296926,10935243
1580221800,143.925,144.085,142.82,143.16,140.5394209601244,138.2005790398756,144.90818126006621,139.63465677478283,148.83655400373627,136.1031153042278,10612917
1580308200,143.44,144.7,143.43,144.56,140.74426745268946,138.4057325473105,145.15798744341745,139.89080063063906,147.84761368616475,135.8560472835655,9567654
1580394600,144.9,145.67,144.29,144.58,141.2333883059542,138.8866116940458,146.201906436553,141.17417845936328,149.12919676930997,136.24589741978986,14711787
1580481000,145.17,145.99,145.09,145.9,141.37866867020298,139.061331329797,146.80726505738102,141.7275560509286,149.17143077282307,136.5399864334936,14538096
1580740200,144.945,145.755,144.12,145.54,141.3576915102448,139.08230848975518,147.8813995437256,142.72188097763987,150.3881607111951,137.40382278371385,15310744
1580826600,143.99,144.14,143.06,143.58,141.38045810450842,139.05954189549158,148.14522141485946,142.67144570776912,150.08771426837447,137.30475551698652,11388275
1580913000,142.3,142.7,141.9,142.01,141.37286935020168,139.06713064979832,147.38125866937088,141.28122754004303,148.32921405966198,136.47811921039377,10782161
1580999400,142.18,142.88,142,142.65,141.35603493151186,139.08396506848814,146.85945642375418,140.00272888636593,146.95277396412183,135.77287346906496,6683128
1581085800,144.22,144.74,143.87,144.43,141.37088082632252,139.06911917367745,147.3117780146997,140.5709245273477,147.51867209873677,136.08944706107633,11374834
1581345000,145.1,145.25,144.68,144.83,141.41613145582141,139.21386854417858,148.50488675104864,141.40446862904585,149.16251561006328,136.96201259884867,6699265
1581431400,144.59,144.72,143.94,144.1,141.41748164320035,139.21251835679965,148.93919616207307,141.44915068248181,149.10128924950834,137.1885011784282,7784102
1581517800,143.37,143.55,142.99,143.37,141.49727571527572,139.2807242847243,148.0849907618688,140.9724950280719,148.6065973242332,136.85903777215407,5595525
1581604200,143.44,144.2,143.27,143.92,141.7949183654435,139.5750816345565,147.71858016909513,140.43604835993136,148.4437598517954,136.51368054630458,7883440
1581690600,144.76,145.08,144.45,144.55,141.7922454577821,139.57775454221792,147.69327425756583,140.68621029748104,148.89867631526883,136.8171552797321,7137363
1582036200,145.34,146.05,144.92,145.54,141.8149447470533,139.61505525294672,147.55463266480163,141.04680447776238,149.41062625640066,137.16988395056478,6912053
1582122600,145.12,145.62,144.98,145.53,141.81452477209288,139.61547522790713,147.7850142105863,141.70499084992554,150.14623781350315,137.72091098430766,5707712
1582209000,146.08,146.94,145.9985,146.67,142.26966244201353,140.0503375579865,147.81113859989932,141.68958311180123,150.305650674566,137.74899399941387,9332916
1582295400,147.8,148.88,147.65,148.04,143.24952881072605,141.01047118927394,148.20122687040464,142.52823278721232,151.16626022409247,138.39869058853972,13861573
1582554600,150.83,150.96,150,150.25,144.31267998737366,142.02732001262638,149.42218566528047,143.57745214375234,152.3614252067638,139.18528130599455,15929281
1582641000,150.21,151.7553,150.14,151.05,144.7080982455069,142.42720175449313,151.40423719459747,145.26746702420343,154.26748222940316,140.4434427868339,20802922
1582727400,149.95,151.72,149.58,150.25,144.7141328703422,142.42116712965782,152.20293659585644,146.16148285917197,155.0353183032876,140.94520083430538,22599515
1582813800,152.7,153.08,150.83,151.88,145.39446890414698,143.06553109585303,152.16829118165393,147.30105064275782,154.4719136585095,140.918234048743,30687929
1582900200,154.45,155.9799,154.16,155.31,146.9146624221747,144.44523757782525,153.48447251154406,148.91909178034848,155.93607625314016,141.9643100261485,45010774
1583159400,155.3,156.5,153.76,153.94,147.18882553188672,144.6911744681133,156.3555905091088,150.84844233482835,158.93660567207925,143.99462089001597,28152383
1583245800,153.81,159.7,152.36,156.33,148.82663242400716,146.25336757599283,156.3849961728009,150.52698253091978,157.8816533555686,143.35552782761852,38608024
1583332200,156.41,157.35,154.19,154.67,148.8089479021013,146.2710520978987,157.79949575857623,152.3057849378163,160.029518478512,145.59131843648998,23463690
1583418600,157.13,158.82,156.81,158.52,148.8305583792334,146.2494416207666,158.13503701890002,152.54782096610444,158.7001380510368,145.52114711393165,17786220
1583505000,167.3,169.33,164.11,166.77,153.96233214291294,150.7476678570871,160.93940851944842,155.68405361202608,162.13246831589368,147.78329448313949,76288337
1583760600,179.1,179.7,170.34,171.29,159.2600925741653,155.81990742583469,167.89484761339745,157.48523609357235,169.65139541368893,149.68851644398583,41552819
1583847000,169.635,172.93,162.03,162.51,159.57615162386082,155.50384837613916,172.17237347840592,159.62211919263564,174.08471826125003,150.85632048350226,37728253
1583933400,165.43,167.03,155.63,156.53,159.72353169466982,155.35646830533017,172.52840432597472,158.68278762965247,172.52840432597472,149.5018043017072,29594066
1584019800,163.51,166.36,155.66,157.5,159.7247994297469,155.3552005702531,172.15572195618813,154.82563398567893,172.15572195618813,148.14742309470574,24361836
1584106200,155,158.2,152.19,153.94,159.7756482476163,155.30435175238372,172.96344872818372,155.6508667848582,173.05362421523523,148.81374142767436,19812859
1584365400,160.38,166.15,157.81,163.91,160.0511192731675,155.0288807268325,171.98431612170103,151.57912815889625,172.46582996863484,147.9408608868053,30496696
1584451800,163.5,165.63,152.71,152.98,160.41515265126046,154.66484734873953,177.07284677808897,152.02748720311664,177.07284677808897,152.02748720311664,18570872
1584538200,152.84,154.14,139.0105,144.35,160.6393887230409,154.4406112769591,171.45508185967344,144.95975873174604,172.8636759745054,144.95975873174604,47060975
1584624600,146.95,153.45,145.25,148.28,160.68138440843475,154.39861559156526,166.35220360789552,138.39993114002434,170.25980509470998,138.39993114002434,21175266
1584711000,153.3,159.43,152.11,159.43,160.9745440384717,154.1054559615283,167.77316427223008,140.26599542589284,171.69541531317932,140.26599542589284,20863060
1584970200,157.5,166.69,156.57,166,161.05422883915432,154.02577116084566,174.49397099563427,141.04625815934904,176.81926139988445,141.04625815934904,19971809
1585056600,161.25,165.45,160.41,162.91,161.08047167031864,153.99952832968134,180.23453612490093,141.23977968686154,180.70594614806365,141.23977968686154,11948557
1585143000,163.59,166.68,161.62,162.54,161.08089054475306,153.99910945524692,177.7253461200321,140.23341011899754,179.50520158536364,140.23341011899754,10750564
1585229400,163.995,165.68,162.27,163.34,161.08113946373393,153.99886053626605,177.51613480426323,139.69814359086965,179.6869949057578,139.69814359086965,10576587
1585315800,165.52,168.25,164.59,167.7,161.11130108452147,153.96869891547854,176.0724144708867,139.5695845743188,180.53152553970844,139.5695845743188,12550007
1585575000,168.3,170.11,165.94,166.32,161.11820975550478,153.9617902444952,180.35945469227357,140.7797157502899,183.5819260665712,140.7797157502899,13473205
1585661400,165.7,166.92,164.56,164.97,161.12262079637458,153.9573792036254,180.72657282123726,140.1451557627479,183.11483685677484,140.1451557627479,11464935
1585747800,168.48,168.96,166.4,167.04,161.38658251800146,154.21841748199856,180.68162807237846,143.81282573616443,182.58390062641325,139.4541600559329,11334698
1585834200,168.83,169.22,167.26,168.1,161.38357830992948,154.22142169007057,183.067348132731,145.28651021293274,184.28526287764328,140.18470413319983,5771227
1585920600,168.55,170.33,168.14,168.5,161.37551752749718,154.22948247250284,184.6083568030645,146.08563996786,185.33269438961847,140.56414355717624,6570840
1586179800,167,168.27,166.53,168.06,161.37305647758225,154.23194352241777,185.53082936855432,146.42278367864205,185.92937320887253,140.68624286445382,9434786
1586266200,164.96,166.42,163.71,166.3,161.3796968252261,154.22530317477393,185.64772478187325,146.14322837226626,185.92017466253495,140.42183024072202,13811848
1586352600,165.11,166.19,164.13,165.09,161.3804726263775,154.22452737362252,184.49558278085658,155.7179927560351,184.91988520478475,139.4820894385624,10147077
1586439000,164.28,165.79,163.78,165.39,162.12452724760166,154.93547275239837,183.72815046271344,161.76385006222253,184.31319961039668,138.77686079232305,14260806
1586784600,164.75,165.71,163.88,163.88,162.1304848504707,154.9295151495293,181.6519526213878,161.99995428529854,184.77475603455642,138.8533051398315,8750297
1586871000,163.84,164.74,163.48,163.84,162.1291405883601,154.93085941163991,170.66384783257604,160.72900185252743,183.95371940207008,137.9511394318684,9019531
1586957400,166.8,168.6,166.74,168.18,162.15871209209374,154.90128790790624,169.03735267508296,160.67504753364753,184.1412730704134,137.84413492076544,10027752
1587043800,169.26,170.315,169.0156,170.09,162.16172700728833,154.89827299271167,172.61651861608843,163.73273210133686,187.62522809943468,140.23118273472585,8265414
1587130200,169.82,170.84,167.27,167.81,162.17462121425234,154.88537878574766,174.37605239119094,164.09257832610982,189.67311856292403,141.29470777852228,8612119
1587389400,168.44,169.29,167.96,169.16,162.88964951871833,155.5803504812817,171.92853615524623,163.5272117246767,187.68973090135768,139.95593791650703,6462639
1587475800,171.93,172.15,170.78,171.29,163.0145307289854,155.69596927101463,172.23311620275584,164.01906425430045,189.1410184208105,140.72475584490303,7850725
1587562200,169.97,170.39,168.705,169.54,163.02443222185056,155.68606777814946,174.65589868991532,164.95175383068286,191.40411499669418,141.97934844652121,6230495
1587648600,169.87,170.93,169.605,170.44,163.02385786077335,155.68664213922668,173.95445738826382,164.26358008126903,189.82391557740422,140.9219391870172,5968584
1587735000,169.61,170.84,169.57,170.84,163.02245887189565,155.6880411281044,174.89762919104209,164.75942128401115,190.8603808709073,141.46027339087772,6211804
1587994200,169.66,169.75,167.44,167.66,163.03871718334975,155.67178281665028,175.44893703984476,165.03893391779732,191.3930988473622,141.7016802007666,9039484
1588080600,168.55,169.85,168.45,169.59,163.03714424243205,155.67335575756795,173.07803996314132,163.27813544040805,188.74484100045152,139.70988099374256,9905415
1588167000,169.53,170.26,167.96,168.71,163.03764460375302,155.672855396247,174.76905531340074,164.76489028416148,190.45312136278923,140.90855474455205,8619566
1588253400,168.74,169.23,166.71,166.74,163.0482460131083,155.66225398689173,174.12757242364322,165.548406329941,189.9211782670838,140.33870007525587,11606074
1588339800,167.5,168.11,166.44,167.95,163.0470472310966,155.6634527689034,172.93557708065137,164.82146919461374,188.4812420759262,139.05720663901965,10209421
1588599000,167.56,167.68,166.48,167.16,163.04847042298252,155.66202957701748,173.81791499686327,165.36741592390476,189.6188278869973,139.8201048758292,8300923
1588685400,165.57,166.27,165.27,166.09,163.0389198967641,155.67158010323593,173.39557075256107,164.62585573204865,189.11215475444067,139.28833491887923,7831916
1588771800,163.23,163.64,162.05,163.41,163.04808244641583,155.6624175535842,172.7205113172172,163.6383300521812,188.35553787879547,138.56520270340502,14721518
1588858200,163.56,166.37,163.34,166.14,163.05888297072713,155.6516170292729,168.1684594795513,161.24789066610305,186.21901664780802,136.7616854309006,9165455
1588944600,164.49,165.4,163.68,163.98,163.06597750963314,155.64452249036688,169.78751011760804,162.87234968034997,188.64491440662002,138.55590034112655,8130474
1589203800,163.66,164.22,162.095,162.7,163.07111765187665,155.63938234812338,168.1764173577026,161.57096505096465,186.91640586191687,137.0844531531738,8713747
1589290200,163.16,164.93,163.13,164.37,163.07213005963266,155.63836994036737,165.99721847881565,160.3650603124283,185.70474799046576,136.19098130602163,10057348
1589376600,165.09,166.29,164.8272,165.52,163.0705116688813,155.63998833111873,166.5474568569607,161.291882775538,186.98877967756727,137.29788067703205,13305576
1589463000,167.32,168.15,167.05,167.14,163.07336881878928,155.63713118121075,167.83769308371444,161.38247674169676,187.80163916090606,138.05978010544436,10080361
1589549400,168.3,168.49,166.33,166.71,163.07443999075628,155.63606000924375,169.28053840138742,161.79933222466937,189.36600586953378,139.15002093322747,7225634
1589808600,164.93,165.055,162.42,163.05,163.1048917537567,155.60560824624332,168.99596535208096,161.47305398643996,188.30873739719058,138.84197138554674,10073986
1589895000,162.52,163.7,162.48,163.66,163.10489146542182,155.60560853457818,167.2296950412388,159.74546370082174,184.4170078527278,136.29771756333477,8639263
1589981400,163.17,164.7,162.88,164.15,163.10304337079629,155.60745662920374,167.58493092896308,159.91475258335362,185.09742505793864,136.69901960531,10927274
1590067800,164.86,165.36,164.29,164.56,163.09999648962636,155.6105035103737,167.94534740168757,160.4097857281052,185.65082813233795,137.02040981232523,8920309
1590154200,164.72,165.68,164.61,165.55,163.09163374205968,155.61886625794034,168.28910381611863,160.76945570629078,186.11921288502262,137.2888927683544,4956814
1590499800,163.71,163.79,162.975,163.33,163.1027481781102,155.60775182188982,169.04895781478209,161.24552103924296,187.2055937355849,137.96682726559263,8098939
1590586200,162.785,163.91,162.59,163.03,163.1009393409922,155.60956065900783,167.53809396350462,160.1289674596749,184.8669999630194,136.388936770052,8047360
1590672600,161.96,162.57,161.66,162.43,163.0972442054638,155.61325579453623,167.32929106924863,159.93078635334172,184.5807431978177,136.15828363279132,10276172
1590759000,162.71,164.09,162.355,163.59,163.07459086730606,155.63590913269397,166.87067197867648,159.35230978873855,184.04581557760528,135.71379630070444,14662054
1591018200,162.1,162.44,161.67,162.28,163.07376584918046,155.63673415081956,167.78851425089834,160.23948295492605,185.2523633398984,136.52098437728617,13353301
1591104600,161.67,162.093,161.25,161.69,163.06302213161987,155.64747786838015,166.73907318731492,159.11462799249492,184.00371584640982,135.56941297670386,11517053
1591191000,160.18,160.33,158.94,159.54,163.06671723437225,155.64378276562778,166.2446761440169,158.5500866690064,183.46398245682911,135.12852496302187,12255736
1591277400,158.92,159.01,157.185,157.23,163.04615571043047,155.66434428956953,163.2301441059903,156.58285453011163,181.35248653825627,133.56267678250927,14038570
1591363800,154.61,156.16,153.16,156.11,162.90184768777857,155.80865231222145,161.5597781270878,154.44776333736687,179.06240347480116,137.48339029125074,17778549
1591623000,155.07,156.85,155.05,156.71,159.39916014665138,152.5413398533487,160.8047231925852,153.37707876002537,177.9603678185448,136.53913991089078,10346680
1591709400,159.05,159.64,158.3,158.49,158.85567164316032,152.3048283568397,160.87030147785876,153.87747413162236,178.59709890597853,137.0385687556032,9095265
1591795800,159.24,160.9,159.05,160.84,158.78507252103972,152.3754274789603,162.1004765416669,154.65775967181835,180.43442618777578,138.53028824996667,13135518
1591882200,163.245,164.23,162.63,163.88,158.80295260023433,152.35754739976568,163.24590318663513,154.8784669196897,182.85591787273123,140.50237012165965,17086373
1591968600,162.41,163.66,162.05,162.3,158.7761236708649,152.3843763291351,165.30774094976883,155.40851839043447,185.98423210165862,154.1761065716695,9716433
1592227800,163.89,164.22,162.14,162.39,158.5327374518465,152.6277625481535,165.1345850270006,154.83962345052205,184.415286851618,154.7649130128481,7760836
1592314200,159.41,161.23,158.7,159.9,158.219898487728,152.940601512272,166.18589183915998,154.73348553093933,180.8999337681406,154.57320300168104,13701298
1592400600,160.27,160.77,159.34,160.56,161.11855373853794,156.28144626146204,165.47511973640064,153.93632244523414,171.20857399202433,153.6351556263212,7113900
1592487000,162.04,162.48,161.61,162.26,164.55311049296552,159.70688950703448,166.1025563999468,154.19992972920593,169.5895119454876,153.73468531593818,7691375
1592573400,161,162.5,160.91,162.39,164.5925688177988,160.7174311822012,167.40142802016553,155.13890470149784,170.85327491506237,154.01021938465485,8565778
1592832600,163.19,163.4184,162.07,162.41,164.40668792906743,160.9033120709326,167.72768251598674,155.18828585380288,170.9497204428954,153.8731670510705,9319961
1592919000,161.48,162.06,161.12,161.3,164.37034959615949,160.93965040384052,167.96230715514193,156.07992596562588,170.39113890895044,153.72446549846805,9088580
1593005400,161.53,163.09,161.52,163.03,164.383769796339,160.926230203661,167.37647203782984,155.7130442448575,168.74041251682598,153.31192611500933,11436501
1593091800,164.21,164.35,163.4,163.5,164.38186303846302,160.92813696153698,168.77320792676093,159.0163543259083,170.36036607330604,153.59757988663,10967984
1593178200,164.25,165.32,164.18,165.25,164.30932779601144,161.0006722039886,169.28114402194686,159.59408405870627,170.8037651645011,153.60010228640502,12119310
1593437400,164.85,165.27,164.38,164.73,164.30215744857836,161.00784255142167,170.76945045656058,160.81199733559126,172.46212624855784,153.9542412152775,7274571
1593523800,165.23,165.29,163.48,163.93,164.29680843021129,161.01319156978872,170.45524515817874,160.46692561757808,171.9709717945729,153.73202637778968,14841678
1593610200,162.81,163.56,162.15,163.42,164.2771530012099,161.03284699879012,168.67466180681407,159.88810420118253,171.21125192437634,153.41598774663845,13181262
1593696600,162.7,163.74,162.24,163.59,164.27157042146297,161.03842957853703,166.30676514129212,159.50061615479677,170.72504186414514,153.1623839526476,7599940
1594042200,162.33,163.02,161.75,162.92,164.2722109484338,161.03778905156616,166.5594510405111,159.625952257572,170.88677292332954,153.1255753188862,7972668
1594128600,163.42,165.34,163.2,165.21,164.2981456802049,161.01185431979513,166.40593484990683,160.36460389368565,170.24514993406302,152.8070413758325,12791945
1594215000,164.32,164.92,163.83,164.55,164.28635439916312,161.02364560083691,167.8880031046602,162.46751414294167,172.43791032509355,153.48399241751326,7253883
1594301400,164.66,167.45,164.6,167.17,164.31132608820573,160.99867391179427,167.5462821503888,162.71229725616655,171.80685783485922,153.19467296218602,13373095
1594387800,167.95,168.21,166.16,166.33,164.31437320595865,160.99562679404136,169.58473431114513,163.5892088304516,174.32336170506557,154.02513079224465,8478375
1594647000,165.5,166.96,165.23,166.88,164.30448152950265,161.00551847049735,169.07719745924726,163.36612499915586,172.65133046743222,153.687899732744,8054011
1594733400,167.93,168.14,166.98,167.12,164.3046078878538,161.00539211214624,169.60769722556842,163.69126493487516,173.20463669003743,153.83765513510477,11344635
1594819800,165.92,166.945,165.8291,166.34,164.21870114200885,161.09129885799115,169.89384002209113,163.89207191217128,173.4853937469558,153.88419685684562,7840586
1594906200,167.4,167.77,167.04,167.13,164.20412414839558,161.1058758516044,169.34075918476884,163.52227816446646,172.85556414508136,153.54969802382166,9107383
1594992600,167.27,167.4,166.47,166.78,164.1804345914527,161.12956540854728,169.83495304146658,164.0295467219789,173.61951212058068,153.81231834350376,8550164
1595251800,167.51,167.62,166.8,167.19,164.1721878121269,161.1378121878731,169.77312460411468,163.86274090996895,173.360187802219,153.74770650454775,6907518
1595338200,167.3,167.72,167.075,167.29,163.53386798037673,160.5561320196233,170.19783064062042,164.16542147496992,173.7824519379312,153.88981768461548,8455112
1595424600,168.26,168.46,167.69,167.79,163.52130204725657,160.5686979527435,170.3903868412317,164.75375466159625,173.9228259045438,153.9039176657666,6592084
1595511000,168.92,169.88,168.48,169.75,163.49109642888527,160.50890357111473,170.8754059542451,165.97200161346612,174.42685406745466,154.7124920470211,10471802
1595597400,169.01,169.92,168.8695,169.74,163.19760532224097,160.22239467775898,172.5126582184568,167.79196234425802,176.27181635018903,155.61878345876124,7520837
1595856600,170.25,170.3,168.99,169.11,163.16960688626608,160.29039311373396,172.6195414727857,167.9310028078871,176.31329814059228,156.11702406256236,6146734
1595943000,169.54,170.34,169.43,170.28,163.1778300956786,160.3221699043214,172.20369061810788,167.61787207125184,175.77834931135564,156.27365067792846,8520714
1596029400,170.05,170.39,168.98,169.99,163.1994382729989,160.3505617270011,172.55354573223042,168.4336260053082,176.90727560359812,156.8931723249002,6733733
1596115800,171.05,171.26,170.75,171.11,163.62289969685364,160.79710030314632,172.306698668325,168.3314242758823,176.68166568559857,157.27032530353236,9376128
1596202200,170.15,171.4554,169.94,171,163.71457408208516,160.90082591791486,172.53842589731028,169.10688016961055,177.76893723323224,158.29134222009282,8886264
1596461400,169.24,169.99,168.97,169.95,163.7170238587925,160.89837614120754,172.55853714428298,169.63227357274982,177.7082790707515,158.24116734294864,9067756
1596547800,170.83,171.58,170.72,171.57,163.78525517385282,160.95474482614722,171.83513283989348,168.951089859648,176.76146459342615,157.57459096786314,9878888
1596634200,170.06,170.56,169.69,170.07,163.75595602622005,160.98404397377996,173.20770950148074,170.1710185745248,178.32313896564554,158.65456672578344,6954183
1596720600,171.38,172.25,170.62,171.02,164.05834755012202,161.35165244987795,172.12906040230368,169.3564036228704,176.94363350582256,157.6813966031699,9481800
1596807000,171.28,171.5,169.58,169.88,164.03753190701514,161.37246809298483,172.887992263966,169.89265290707777,177.87585309487866,158.3293048489936,8176856
1597066200,170.22,170.25,169.07,169.12,164.0303786408069,161.37962135919307,172.35702194708367,169.05692627828498,176.82620485457755,157.5798507744793,6408461
1597152600,167.17,167.49,165.875,167.105,164.03967267395336,161.3703273260466,172.07812983673125,168.38994707450456,176.1314142278126,157.0761053335342,19234202
1597239000,165.7,166.065,164.99,165.59,164.04574419902428,161.3642558009757,171.44975739023016,166.51889061856286,174.2328933493694,156.03477980545546,11745839
1597325400,165.31,165.58,163.165,163.82,164.04797378568838,161.36202621431158,170.5903469630265,165.11500826970595,172.8893443648143,155.8613881404851,12744712
1597411800,163.81,164.15,163.16,163.18,164.04919439097858,161.36080560902138,168.92453463191663,163.46321116503466,172.59773181822445,154.4734640407486,6398178
1597671000,163.97,164.46,163.43,163.59,163.97204932709323,161.43795067290674,168.34114666795003,162.50552715921634,172.54588986329173,153.9644278844832,6901480
1597757400,164.36,164.87,164.085,164.76,163.97805520078447,161.4319447992155,168.32271884372548,161.64440395526927,172.7798163792401,154.28244838849017,8140643
1597843800,165.37,165.6101,163.3,163.73,163.98316080306338,161.42683919693658,168.00824797222577,161.51330614054908,173.25557892729267,155.20476557124232,12497748
1597930200,165.39,165.65,164.93,165.21,163.9953668862308,161.41463311376916,167.17639366858194,160.65003301180178,173.04932372602295,156.05475535116514,10320126
1598016600,165.77,166.33,165.01,166.2,163.99532149738278,161.4146785026172,167.32534472516238,160.88335617370723,173.65621132186882,157.33742934846404,6836242
1598275800,166.32,166.97,165.86,165.93,163.96511518302964,161.44488481697033,168.0416310976372,160.99248422572887,174.12309871683902,158.1984977591401,6490666
1598362200,164.35,165.09,163.83,164.66,163.97475562763898,161.435244372361,167.76899467077774,160.6502111559296,174.15958733914596,157.96768796030753,10518301
1598448600,164.05,164.325,163.28,164.03,163.9749452713446,161.43505472865536,166.61761205670814,159.8131759744054,173.809011865786,158.11756670003095,8276618
1598535000,164.76,164.82,161.16,161.24,164.01434944263892,161.39565055736102,166.50535031597948,159.2662677655865,173.6804596079878,158.15141812928007,19860113
1598621400,161.77,162.05,160.64,161.12,164.00443023156106,161.4055697684389,165.26816408480735,157.46966254885902,172.7806461252799,157.42125923233618,8415402
1598880600,161.6,163.25,161.56,162.19,164.00946692486866,161.40053307513128,165.0980890416714,157.48017127832316,172.79783258083097,157.16209238515233,11388108
1598967000,161.76,164.07,161.18,163.86,163.99563336981197,161.414366630188,165.6128718135116,158.2005649582628,173.2711342479443,157.61356625623688,10587634
1599053400,163.51,165.56,163.49,165.42,163.97055830923998,161.43944169076,166.58094122836386,160.19031098484663,173.83100481390184,158.5065974411807,15167718
1599139800,165.75,167.24,165.44,165.89,164.91272631464201,162.387273685358,167.5860465360331,160.77131160326235,173.93620543699055,159.39654460594016,16416624
1599226200,164.41,164.6984,162.45,162.74,166.61472964454438,163.93527035545566,167.97858983983707,160.91242890287242,173.87167458345658,159.60357805191094,13780313
1599571800,164.37,165.26,163.74,163.74,166.80262810626914,164.14737189373085,166.1855254368731,159.126952524984,172.49485858374078,157.41065994274453,13790421
1599658200,163.94,164.25,162.7582,163.3,166.77011494297398,164.17988505702598,166.75640285818596,159.6669068863691,172.99644209753893,157.99881808572738,9559005
1599744600,162.46,164.35,161.95,164.13,166.71503378289515,164.23496621710487,166.81025340682407,159.31052928440215,172.8232905233317,157.60464078146478,8847742
1599831000,164.31,164.57,164.08,164.48,166.69878528382188,164.2512147161781,167.39960176521228,159.79013853137099,173.26333551906376,158.11526005877403,5458222
1600090200,164.79,165.08,164.23,164.47,166.69877656977343,164.25122343022656,167.7699872410973,159.98523333401377,173.2068053808269,158.29011489168533,4274947
1600176600,164.17,164.47,163.79,164.07,166.97752511486738,164.61247488513263,167.91465764398654,159.9381025757063,172.99341789047037,158.20989830088413,6928498
1600263000,164.78,164.89,162.9804,163.58,167.63160318589019,165.2583968141098,167.77433416079813,159.73567993887457,172.80045527065377,157.8670173190944,8816914
1600349400,164.9,164.96,163.801,164.08,167.61328847756582,165.27671152243414,167.52629820016278,160.24015475323137,172.54847324307934,157.45877978205917,7813922
1600435800,164.17,164.24,163.34,163.57,167.61520516864678,165.2747948313532,167.9480297398712,161.1344186812247,172.85271757176133,157.7435298947718,7246282
1600695000,164.89,165.4,164.135,164.4,167.61972108128342,165.27027891871657,167.63693941038548,160.66455608479467,171.7737534238737,157.32164525816654,11086895
1600781400,164.44,164.88,163.87,164.27,167.61045019451916,165.27954980548083,168.31294054152215,161.3831183812025,172.32658938131615,157.80654476580995,10524495
1600867800,164.3,164.53,163.48,164.49,167.5898941429346,165.3001058570654,167.55668869714523,161.2551048945895,172.25044185267976,157.6404828670951,6224763
1600954200,164.96,165.12,164.62,165.12,167.59105438030238,165.2989456196976,166.4311240548462,161.4437851829686,172.40782946225048,157.64250393753753,8278072
1601040600,165.11,165.42,164.71,165.12,167.5693979516341,165.3206020483659,166.13843885798335,162.0093429593959,172.84602403372736,157.85432551303273,5140298
1601299800,164.87,164.9,164.37,164.65,167.56904552413562,165.32095447586437,166.19112718758151,162.00568481558108,172.86009255688987,157.7735728217034,4470504
1601386200,164.8,165.24,164.56,164.84,167.56456645018977,165.3254335498102,165.88876634643017,163.6592175512141,172.54866380377564,157.4581626340178,10297950
1601472600,164,164,162.55,163.26,167.58085131636105,165.3091486836389,165.8058109718174,163.77531205337348,172.6915691284907,157.47914907794583,12970989
1601559000,162.51,163.7401,162.1,163.36,167.58071149538358,165.3092885046164,165.10148540355007,162.57507173169134,170.49428307977675,156.56678155247084,11523874
1601645400,163.61,163.67,162.18,162.75,167.5801628606767,165.30983713932326,165.03064047040192,162.64379779008482,170.56013711689016,156.53713462814898,8829140
1601904600,160.95,160.95,159.52,159.57,167.04971329100647,164.72028670899348,164.75795502436725,162.11134094980616,168.81845501550592,156.12027010687927,14726045
1601991000,159.33,161.405,158.68,160.43,166.63083693454175,164.29916306545826,163.5362478383054,159.34767366112493,166.3953486908304,153.70014101874702,22419358
1602077400,159.56,160.417,158.86,159.26,166.5884952213677,164.3415047786323,163.6663780051543,158.6975914852223,166.79740903942167,154.3446743351146,9429580
1602163800,159.97,160.25,159.655,160.12,166.59195986801657,164.33804013198346,163.03949261733575,157.74154148302168,165.8340134880695,153.36963835910908,8431544
1602250200,159.52,160.27,158.81,160.09,166.58901174166658,164.34098825833345,163.0650908064469,157.57543760380676,166.50076209632067,154.0153181805102,8441506
1602509400,160.43,160.68,160.11,160.6,166.59100155186815,164.3389984481319,162.93478042288896,157.22870592963193,165.95608661077495,153.9506536419777,3962045
1602595800,161.21,161.83,161.18,161.75,166.59902649533495,164.33097350466505,162.53155166454403,157.24168516295617,166.36032425253646,154.3165191518738,7914641
1602682200,162.33,162.75,161.9674,162.12,166.59528326974424,164.33471673025576,163.14380810301918,157.71866272533813,166.91385771406928,155.0132676996908,6956736
1602768600,163.04,163.19,161.64,161.84,166.59508071998525,164.3349192800148,163.09201565446486,157.83318345151733,167.06377134181267,155.1756119938401,9458911
1602855000,161.66,162.32,161.1,161.39,166.59436658417107,164.33563341582894,162.61690361931153,157.5722407072345,166.4742937253343,154.9397319667599,8418197
1603114200,160.5,160.98,160.05,160.78,166.59605126234092,164.33394873765909,162.73097702356708,157.19636929251322,166.06684088513288,154.59542862676636,9286787
1603200600,159.86,160.01,158.95,159.25,166.6083207523344,164.3216792476656,162.68715827353958,156.70143420095272,165.509651258218,154.14573711840157,11189208
1603287000,158.79,159.37,158.37,158.7,166.423110421433,164.196889578567,162.09000073386554,155.54065251944033,164.13649103383958,153.02363626011672,10453705
1603373400,158.29,158.63,156.97,157.05,165.73482642702945,163.48517357297058,161.80416320473125,155.63085825740478,163.82513157520728,152.5431481476668,12665822
1603459800,156.81,158.21,156.75,158.01,165.63282710826718,163.36717289173285,160.88603874586357,154.18833333844907,162.9104235888126,151.15983742673495,8784136
1603719000,159.21,160.02,159.01,159.48,165.64099201612464,163.35900798387533,161.3411589524078,155.2034074601999,163.3852980643904,151.91366633431008,7227337
1603805400,160.23,160.7,159.895,160.55,165.65188479928716,163.3481152007128,162.23386525606503,156.36195146768262,164.29606950325714,152.99243148482864,6062330
1603891800,161.38,161.46,160.2,160.7,165.6419652041503,163.3580347958497,162.94500852980778,156.49049512965587,165.2896360540327,153.6512852813691,11765784
1603978200,160.73,160.83,158.47,159.14,165.65603443724032,163.34396556275968,163.07808996391216,156.44240482066937,165.4284489234079,153.7010884880037,11932379
1604064600,159.03,159.35,157.57,157.57,165.66557518730858,163.33442481269142,161.38532843966448,155.69413534944243,163.96603699359798,152.68170824191483,13095938
1604327400,158.7,159.19,158.33,158.58,165.65506757659765,163.34493242340235,160.84293816860333,154.7510484743932,162.9500386417026,151.46643903168865,10810494
1604413800,157.85,157.98,157.04,157.66,165.64835633106486,163.35164366893514,161.41639464437878,155.15738174690247,163.53281211122516,152.8493455774871,16228695
1604500200,161.64,162.17,160.54,161.08,165.35422509019563,162.89577490980437,160.9766543101127,154.5100176800996,162.93997892602562,152.5342241710573,21570835
1604586600,161.64,161.74,160.58,161.36,164.7198872727447,162.2801127272553,163.2699724640624,156.37673631142445,165.78299162240393,155.71215028977437,18537530
1604673000,159.618,159.915,158.94,159.41,163.34913570712655,160.89086429287346,163.60598504857975,156.6718679987753,166.04774203831184,155.70971670199356,12408432
1604932200,155.97,156.15,154.625,156.06,162.20033544223298,159.66466455776703,162.27513852127635,155.58929974677076,164.19971316640323,154.9346693605084,23245038
1605018600,154.96,155.81,154.78,155.16,162.19343353234254,159.67156646765747,161.10751080757274,153.32684935859626,161.77935364714475,152.0461890246274,12560977
1605105000,155.02,155.94,154.97,155.72,162.18095960272686,159.68404039727315,160.8058130515151,153.31772741804267,161.14380582429789,151.22075160957456,5888233
1605191400,156.94,158.4,156.71,158.37,162.22878345432665,159.63621654567336,160.88187752029395,153.63747565724924,161.47836685880773,151.71375227728203,16001553
1605277800,158.36,158.5,157.91,158.16,162.2274485756003,159.6375514243997,161.84040801683705,153.9421719090762,163.23110348520575,153.9421719090762,7345549
1605537000,157.73,158.28,157.61,157.78,162.21842360402346,159.64657639597658,161.70365185658713,153.54715388719276,163.07042172956108,153.54715388719276,6310397
1605623400,158.77,159.16,158.59,158.81,162.221294469982,159.643705530018,161.45371468820136,153.11515203841512,162.7910227672668,153.11515203841512,7444575
1605709800,159.44,159.57,158.35,159.27,162.20861380172923,159.65638619827078,162.2630911611597,153.53631126693085,163.60717092171052,153.53631126693085,10333345
1605796200,159.97,160.72,159.84,160.09,162.206952019908,159.658047980092,162.67038176121588,153.72176930132827,164.04585651568362,153.72176930132827,10623316
1605882600,160.525,161.54,160.39,161.51,162.22075416628664,159.6442458337134,163.3955150169508,154.19700223510566,164.8315109999551,154.19356699743045,7247351
1606141800,160.82,160.99,160.28,160.77,162.21508606399445,159.64991393600556,164.6763155885571,155.14094034147467,166.19566059727137,154.31774939989467,11304789
1606228200,159.99,160.0218,159.01,159.17,162.22785283693716,159.63714716306288,164.05075506185136,154.61809242852914,165.48385135959504,154.11759422108693,10892973
1606314600,159.25,159.91,158.62,158.68,162.18353503295793,159.68146496704207,162.65998449533032,153.43549151962148,162.91729108323298,153.43549151962148,9146000
1606487400,159.61,160.27,159.58,160.22,162.19925796417385,159.66574203582618,162.45586806281995,153.0322407998216,162.45586806281995,153.0322407998216,4708153
1606746600,160.03,160.53,159.76,160.02,162.19199469579792,159.6730053042021,163.21870938271402,154.16960468938655,163.63302732449694,153.76203948057963,13071557
1606833000,158.55,158.74,156.68,157.5,162.21223698698225,159.65276301301776,163.40131013119628,155.61434566433456,163.4678213298014,153.63432654272236,13663889
1606919400,156.88,156.93,155.48,156.25,162.20368908811855,159.66131091188146,162.47018387193523,156.49262473603707,162.47018387193523,152.00194773329602,12114580
1607005800,156.94,157.82,156.58,157.51,161.29697842435903,158.74802157564096,161.9338510085611,155.42983674895106,161.9338510085611,150.96599735896623,9626457
1607092200,155.69,155.785,154.77,155.2,161.27407780449667,158.7709221955033,162.42018611609487,155.75117660470943,162.6439068988634,151.9391769157189,12734642
1607351400,156.35,156.88,156.18,156.6,161.28173258916374,158.76326741083622,159.61363052626234,154.27025510122945,161.40627982818603,150.02523496896404,9316138
1607437800,157.57,158.07,157.2,157.34,161.28569578972616,158.7593042102738,160.59490104047654,154.21969420998474,162.23829939592582,151.13411755034997,7397240
1607524200,156.55,157.32,156.015,156.82,161.281546134681,158.76345386531898,161.13348202019597,154.29950299605594,162.7266286850725,151.71654932653547,7750059
1607610600,157.24,158.29,156.83,158.21,161.29476257957103,158.75023742042893,159.85925232965351,153.8339506993154,162.44254498965188,151.2593915787195,10025124
1607697000,158.65,159.39,158.32,158.77,161.29742911045716,158.7475708895428,160.56045210076388,154.16605844258726,163.38258702195287,152.40104734497191,8136090
1607956200,157.49,158.69,157.11,158.33,161.29765058046738,158.74734941953255,160.2952602060895,154.18902824728525,163.81041790670992,152.58168415236983,7535875
1608042600,157.78,158.39,157.31,157.8,161.2979510539786,158.74704894602135,159.88832917962566,153.90925320929574,163.5668545649398,152.34757996610256,6847676
1608129000,156.58,157.89,156.39,157.38,161.2964748214102,158.74852517858977,159.51607592580885,153.77546018755373,163.24194798650734,152.00838978159877,9954190
1608215400,158.13,158.46,156.43,156.8,161.2969802582681,158.74801974173187,159.5871123452131,153.43935931025766,162.97708798984772,151.63481196989892,9422697
1608301800,157.12,157.38,156.18,156.33,161.29243402413786,158.7525659758621,159.4724914684842,152.9851308089846,162.5820092686211,151.12140622629894,6505271
1608561000,157.2,157.34,156.45,156.95,161.29599323678238,158.74900676321758,159.31820596292684,152.59080753895702,162.25245989809508,150.6999036363466,8988176
1608647400,157.5634,157.83,157.08,157.76,161.3007700628837,158.7442299371163,159.7194354288278,152.96057271810034,162.7309313302629,151.22142244961748,7378508
1608733800,156.62,156.69,155.46,156.67,161.30352645515111,158.74147354484884,160.27236297746373,155.38717332546935,163.36457047972763,151.73416454258492,9266649
1608820200,156.9,157.43,156.85,157.29,161.21627969052395,158.64872030947606,159.66493636933546,154.41514378874479,162.5494481085856,150.95161122048464,3117104
1609165800,156.38,157.45,156.095,157.36,161.21580249139433,158.6491975086057,160.11565812726073,154.98080039176446,163.045502945189,151.48176252642577,7791093
1609252200,156.39,157.29,156.36,157.16,160.59030868695757,158.03469131304243,160.2136948917252,155.62475406500846,163.11786295234762,151.5330417964602,9030948
1609338600,156.82,157.53,156.68,157.5,160.44785526859505,157.91724473140494,159.1732092636553,155.45408642769064,162.97576183681565,151.3477109378367,9097313
1609425000,157.46,158.08,157.45,157.73,160.4129570247913,157.88204297520866,159.34902604973092,155.58777020215297,163.26263999690755,151.63818379952252,7742413
1609770600,156.67,158.18,156.535,157.54,160.16948991624426,157.64551008375577,159.55753685640957,155.68585054517033,163.46431775257471,151.8333038333608,13152865
1609857000,156.95,156.95,155.66,156.37,160.1170232579165,157.6979767420835,158.70459039913732,155.53768582065183,163.3260390719052,151.6577573669161,10458065
1609943400,153.82,153.85,152.29,153.16,159.000605637819,156.479394362181,157.78586248727376,154.7421492457293,162.37939564301132,150.61166167904733,22827290
1610029800,151.79,152.17,151.26,151.81,158.48499976884847,155.96500023115155,156.90806026393417,152.56889194504865,159.72160816847185,147.7435197871867,14651882
1610116200,151.48,151.96,150.66,151.32,158.17748191880852,155.6725180811915,156.32100388962186,151.34110547650923,158.5788393461323,146.5234709196564,13622819
1610375400,151,151.21,150.49,151.07,158.0918087812832,155.58819121871684,155.89899322100183,150.55361822621614,158.14789527464325,146.06933002536692,8380898
1610461800,150.79,151.16,149.925,150.95,157.80439620982213,155.31060379017785,155.55867797046304,149.27407952293015,157.916887469988,145.82964784759514,12186305
1610548200,151.66,153.07,151.57,152.65,157.8171612015579,155.29783879844211,155.2856670428368,148.58245698763574,157.7955632138188,145.70673636698993,12533256
1610634600,152.58,152.64,150.79,151.22,157.8263457362827,155.28865426371732,155.48438665470246,149.0572173437096,159.23600383294766,147.22144136648743,14835458
1610721000,152.185,152.36,151.47,151.82,157.3915981170798,154.8534018829202,154.352021975977,147.93916395541927,157.9926574125344,145.9214992331693,11624672
1611066600,151.62,152.36,151.505,152.31,157.31815691582605,154.77684308417398,154.57039258681536,148.06674744202627,158.49687378900825,146.44979893325421,9575571
1611153000,151.985,152.48,151.79,152.46,157.31740204604995,154.77759795395008,154.1853318365646,148.20963014906965,158.9102591952054,146.88057877705646,5368933
1611239400,151.44,151.75,151.1,151.39,157.31165557773267,154.78334442226733,153.92040349499484,148.13567960147446,159.0307562398383,147.0054517755593,8164729
1611325800,151.85,152.01,151.42,151.88,157.31295649931596,154.7820435006841,153.0119860435189,147.28814412814842,158.08292313640231,146.02634791401397,9507150
1611585000,152.76,153.69,152.635,153.67,157.32074586977015,154.77425413022988,153.44764812262298,147.47175201207273,158.50174955291592,146.45971479361683,8712616
1611671400,153.1,153.6,152.92,153.38,157.31464536451816,154.78035463548187,155.04791498475066,148.57179435334132,160.07098879241497,148.073789855736,7690318
1611757800,154.07,154.5,153.53,153.77,157.30140417643915,154.7935958235609,154.8255506197205,148.296011815475,159.80971312876818,147.80259595507468,7895249
1611844200,153.4,153.46,152.16,152.92,157.2966915110477,154.7983084889523,155.20746205628802,149.15528780165891,160.15063358326236,148.14923661599337,10667755
1611930600,151.42,152.49,151.3,152,157.30039901239715,154.79460098760288,154.59079005958864,150.76133860797822,159.38931524335416,147.36854003607388,14966238
1612189800,151.66,152.36,151.49,152,157.28808589335054,154.8069141066495,154.06837749879878,150.6283425867259,158.560101368974,146.52253921912052,8165534
1612276200,150.74,151.085,150.52,151.02,157.28001730012954,154.81498269987048,154.09748356059967,150.62342884318906,158.5516768547591,146.51429682287227,9177457
1612362600,150.425,150.59,149.58,149.68,157.10838764787425,154.64161235212575,153.76526642460414,149.72331420358935,157.66091222882383,145.61142304397126,9633084
1612449000,149.16,149.49,148.8,149.28,156.71200862375744,154.25799137624261,153.2935704936079,148.4812790653353,156.43907531891244,144.37771465142922,8262613
1612535400,149.1,149.57,148.02,148.03,156.02904791330678,153.7309520866932,152.87772728701609,148.09714654418067,156.0631222585137,144.72835474663222,10258935
1612794600,148.3,149.265,148.035,148.68,155.93213480828067,153.62786519171934,152.18865548792198,147.3511785255218,154.91173389317623,143.66992489270552,11574766
1612881000,149.22,149.67,148.655,148.79,155.91276118929125,153.64723881070876,152.02758378627112,147.3718799683907,155.48928885981962,144.12512579860822,5218341
1612967400,149.28,149.78,149.1409,149.78,155.8509076797643,153.7090923202357,151.90401987698104,146.93950262855728,155.01219321079532,144.15673326783366,8079802
1613053800,149.6791,149.79,148.75,148.96,155.85038697414655,153.70961302585346,152.5739172058785,146.83836221301158,154.33165326459874,144.91042128847576,11962758
1613140200,147.7,148.08,147.03,147.11,155.37269891398213,153.19730108601786,151.92635233840699,146.3056398124267,153.76067971453088,144.1953559021808,14088379
1613485800,145.22,145.655,144.6625,144.87,154.15902093749537,152.0434790625046,149.86820510738977,145.3131166868465,152.50488945936883,142.6235784793826,17789087
1613572200,145.95,146.38,144.98,145.79,154.1693542292104,152.03314577078956,148.13561297613674,143.8199718088111,150.9877041171625,140.70960926306367,11203329
1613658600,144.61,145.6,144.32,145.2,153.99801358635747,151.86198641364254,148.4561105008528,144.12833676734064,151.50757054427686,141.42393366802412,10755817
1613745000,144.06,144.32,142.8517,143.27,153.27213909131646,151.11956090868358,147.9575171538378,143.06592398600304,151.04774683924018,140.87916995859746,12741726
1614004200,143.03,143.74,141.72,142.18,152.7046295561024,150.5553704438976,146.51467287847836,141.51318252464176,149.80799881395092,139.19912042270659,13203873
1614090600,141.52,142.5,141.14,141.77,152.40441450363323,150.2755854963667,145.57083994650574,140.4293318828394,149.24902960964033,138.22057358427176,12658455
1614177000,139.352,141.175,139.16,140.84,151.11380567251152,149.03619432748846,145.10681900851475,139.82686797486267,148.93125492207827,137.8183082706215,17363058
1614263400,139.52,139.92,136.61,138.54,149.63127849752505,147.50872150247494,144.24835761942063,138.8925074130008,148.3991854683352,136.97023505937443,52621705
1614349800,140.77,143.3,139.68,143.12,149.8037842971111,147.3362157028889,142.28645541360584,136.9155140884335,147.26884740679876,134.89090763340894,45423326
1614609000,140.66,141.41,140.09,141.06,149.82631149574175,147.31368850425824,145.83652881156257,137.87332587237017,149.19651803352008,137.87332587237017,22050428
1614695400,140.4,141.13,140.295,141.07,149.80797192931357,147.33202807068642,144.0784751923935,137.10703673082466,148.0286036789846,137.01839958211377,12482218
1614781800,139.38,140.15,138.76,139.54,149.24400945408146,146.75599054591854,143.09810065680892,136.56664778694278,147.89039178830413,136.56664778694278,19763736
1614868200,139.632,139.94,137.96,138.64,149.21993377297355,146.78006622702645,142.29845786866537,135.7130567728631,147.05286850453908,135.61197901031787,22366564
1614954600,138.1687,139.34,137.99,138.91,149.21691969957763,146.78308030042237,143.12916819706064,134.96827839582775,146.48191971115546,134.7838082720154,20598039
1615213800,138.83,138.9,137.83,137.83,149.2073527134836,146.7926472865164,143.3662080467286,134.65827360488515,145.81225775981196,134.61488337422693,15236619
1615300200,139.27,139.815,138.97,139.74,149.21869048543633,146.7813095145637,142.41399891469257,134.34707092197146,144.7721557624875,133.81931970337195,14463394
1615386600,139.8,140.15,139.28,140.02,149.20424672924193,146.79575327075807,144.13430443041804,135.1504207296042,145.58961619578818,134.22560906859624,12387639
1615473000,139.17,139.38,138.46,139.01,149.20214430407435,146.79785569592565,144.4087393120859,135.13955343160615,145.44952047647513,134.06297516526203,14150742
1615559400,136.4,136.4591,135.65,136.06,148.77079817406127,146.2692018259387,143.4841297874362,134.50177595793505,144.6127009791396,133.35262393962628,20402701
1615815000,136.49,137.09,136.41,136.86,148.76290290020745,146.2770970997925,140.70868706755908,133.36566684563283,142.28155153882258,131.67069297278104,11366662
1615901400,137.02,137.12,135.75,136.31,148.40551418797966,145.93448581202037,141.4504297720324,134.35440860069474,142.80703804862904,131.7955851067806,15567907
1615987800,135.15,135.525,134.15,135.29,147.53676425188632,145.0732357481137,140.91354410095573,133.88227021068013,142.29653601628465,131.26157503175176,27107490
1616074200,133.31,134.47,133.19,133.92,147.06060703953568,144.58939296046427,139.91961725257528,133.26830120978676,141.41489709877442,130.47179481857773,21622014
1616160600,134.08,134.83,133.8,134.75,147.0709307354159,144.57906926458406,138.57846688317437,132.0465589941682,140.34256457130846,129.46870267875246,18684950
1616419800,135.69,136.41,135.37,136.26,146.95388208406024,144.41611791593976,137.55096911310403,132.3611325015774,140.8211716603408,129.7188677362813,17047525
1616506200,136.585,137.54,136.15,137.49,146.97009332698403,144.39990667301598,138.72023849411212,132.97241006117707,141.94671794656722,130.4048516943617,16768448
1616592600,137.06,138.28,136.945,138.23,146.97256325657574,144.39743674342424,139.71916555837902,133.03716527965298,142.86092679111115,130.96868630546484,13862975
1616679000,138.3862,138.655,137.09,137.14,146.9700478202962,144.3999521797038,140.34232590394942,133.1399733301926,143.3929018602406,131.2719811953365,20781964
1616765400,136.42,137.2392,136.22,136.66,146.96732851418986,144.40267148581017,139.407793896048,132.58606078037838,142.45658898724827,130.47224745313537,8433292
1617024600,136.83,136.8465,134.97,135.5,146.967392319957,144.402607680043,139.14366375895676,132.2324793834956,142.00792107202528,130.04059697753632,13968084
1617111000,135.3,136.515,135.005,136.21,146.97386299284415,144.39613700715586,138.8839841588781,131.51658307902503,141.00131410336851,129.1725244955702,15020777
1617197400,136.34,136.59,134.98,135.45,146.975114656466,144.394885343534,139.3699024016678,131.7532814118814,141.5240541815003,129.5044158025946,19271281
1617283800,136.55,137.62,136.3,137.51,147.0113652621372,144.3586347378628,139.056692955465,131.21453506382414,140.84128936042646,128.89008576000754,14885947
1617629400,136.55,136.97,135.94,136.91,147.01026283336412,144.35973716663588,140.4107382113608,132.87772045484604,142.48904203564248,129.99821630665954,8242978
1617715800,137.16,137.98,137.01,137.84,146.39965566980342,143.74034433019656,140.14748910670713,133.92616005495626,141.94362530728432,129.54345410888612,9282395
1617802200,137.45,138.1,136.88,136.88,145.16283576098883,142.52716423901114,140.88066253742033,134.6499804417089,142.67770378699458,129.87824446621005,11052827
1617888600,137.39,138.07,137.36,138.01,145.13085285301332,142.55914714698667,140.29509871240552,134.38255774285136,141.82405273680044,129.23958774837845,7847918
1617975000,137.5,138.19,137.09,137.51,145.12466067428318,142.56533932571682,141.19541718973323,135.31604661386498,142.74252204883206,129.59437804727844,8717951
1618234200,137.46,137.53,137.1,137.45,145.12445501554367,142.5655449844563,140.89576412495842,134.96289480073966,142.19239780769874,129.2618151800537,7658990
1618320600,137.3,138.51,137.2,138.48,145.13462020463257,142.55537979536743,140.4092921391891,134.90268908692414,141.95549404676282,129.03573617856932,13232786
1618407000,138.03,138.2351,137.57,138.04,145.1349779347052,142.5550220652948,140.1872722014043,135.57034474477524,142.98584611192098,129.1017696069109,7293169
1618493400,139.49,140.98,139.455,140.35,145.15579660887974,142.53420339112023,139.8330740944224,135.30333518968055,142.54478494628373,128.7980711658846,23896725
1618579800,139.1,139.73,138.9308,139.26,145.15284522436144,142.53715477563856,141.9696951085715,136.78653566748204,144.8612105019335,129.25851260935693,15238401
1618839000,138.74,139.31,138.55,138.86,145.14957272588677,142.54042727411323,141.01081070270558,136.96353250107035,143.7687157167216,128.79572418673072,13886874
1618925400,138.45,139.76,138.43,139.5,145.1514129779938,142.5385870220062,140.91749074202633,137.18152291586253,143.36743162292817,128.5190221819977,11476489
1619011800,139.54,139.91,139.07,139.78,145.15215216661576,142.53784783338423,141.3800268345818,138.35804413618243,144.01111071750952,128.56146723988215,11902155
1619098200,140,140.39,139.2,140.39,145.15199064683193,142.53800935316806,141.74957744442028,138.60998218807063,144.29347598918648,128.50625167363341,14156678
1619184600,140.38,140.47,139.49,140.06,145.1496297350881,142.5403702649119,142.3249032206826,138.87560521473705,144.90834180434115,128.5674322277581,12302248
1619443800,140.15,140.51,139.85,139.86,145.12782333264965,142.56217666735034,142.10611679031646,138.66169633655988,144.5771522842074,128.33143474808932,9103549
1619530200,139.59,139.82,138.525,138.64,145.13444982890815,142.55555017109185,142.05084758499592,138.50701954848614,144.3765071026763,128.3796931063368,14137281
1619616600,138.65,138.89,137.96,138.73,144.60824596614182,142.04175403385818,141.35169273844411,137.5851704351323,143.1467936019808,128.00081123909936,15263720
1619703000,137.45,138.36,137.125,138.32,144.11717658294754,141.56282341705244,141.45808186387453,137.6072390898956,143.23768097144728,127.92051605012476,17178229
1619789400,138.507,138.73,137.98,138.64,144.0508860984852,141.49911390151482,141.00659219305888,137.24675033358255,142.8237636504669,127.93574320271537,15692322
1620048600,138.7,139.645,138.28,138.52,143.4074630590619,140.8675369409381,141.2785761035308,137.46929268999517,143.14695238941252,127.99320601027695,16447651
1620135000,139.49,140.16,139.155,139.46,143.16279954869705,140.6172004513029,141.19734049261226,137.34456901738565,143.0257072430878,127.84907200936783,18640004
1620221400,139.03,139.85,138.92,139.69,142.7527113359864,140.22728866401366,141.67250242331,137.967722740446,143.9762060590775,128.21761905749653,11128146
1620307800,139.25,140.19,139.2003,139.92,142.75330571518958,140.22669428481043,141.89761312721566,138.00290345784015,144.2092684807748,128.25444667009114,21907928
1620394200,140.1,140.6,138.91,139.23,142.74834876465272,140.2316512353473,141.2077012651529,138.07617538038826,144.44250350778208,128.29678939970566,18346877
1620653400,138.95,139.25,137.69,137.82,142.75498747076227,140.22501252923774,140.6762956359416,137.6869070955302,143.7445304693388,127.8839409557966,15146246
1620739800,137.23,137.48,136.77,137.04,142.75694102682462,140.2230589731754,139.7660154683586,136.72782142066356,142.31658634748712,127.43616217245011,15158611
1620826200,136.67,136.8,135.36,135.6,142.75919758768384,140.22080241231615,139.4129352065251,136.0848015615092,141.84604115752552,127.89166258664862,20859432
1620912600,135.93,136.37,135.63,135.81,141.89574274263313,139.37425725736685,138.75936816254827,134.76150863514346,141.1139450643723,127.58135643957294,13074735
1620999000,136.53,137.08,136.22,137.08,141.03649869728704,138.53350130271298,138.6919876884708,134.79003013235484,141.25180405020853,127.64700544713031,17566732
1621258200,136.83,137.17,136.565,136.79,141.01095023684942,138.55904976315057,139.21765797719877,134.65495892605256,141.9900278333861,128.62394231305512,6113792
1621344600,136.4,136.57,136.07,136.44,140.61108367790627,138.1789163220937,138.99718146720096,134.268482004143,141.86084836513598,129.27666181556455,11423065
1621431000,136.54,137.3,135.62,136.11,139.96459300005077,137.54540699994922,138.7273355806895,133.87922331892764,141.6879260555359,129.0052190283354,14296300
1621517400,136.76,137.49,136.67,137.23,139.6625724129602,137.2674275870398,138.4583461365423,133.5114589086858,141.51756545097493,128.7456212262859,13310501
1621603800,137.66,137.7,137.06,137.67,139.4362057760402,137.0537942239598,139.17017874073815,133.99185737804595,142.2187954822625,129.50438389493476,10171561
1621863000,137.99,138.58,137.89,138.18,139.43765442754656,137.05234557245345,139.23600769474177,134.16403629776676,142.5209707949032,129.7913694262853,6736459
1621949400,138.63,139.5,138.62,139.46,139.4440732628793,137.04592673712074,139.6374699203007,134.4228527306492,142.87292644161548,130.131746521234,12346882
1622035800,139.59,139.91,138.88,139.22,139.40981085557834,137.08018914442167,140.2957454885822,135.22763700297588,143.71494130301693,132.5317632211364,9793707
1622122200,138.5,138.69,137.99,138.655,138.31096861517125,136.2890313848288,140.13223218783594,135.05335708423453,143.6100649824739,132.34622783490587,10695157
1622208600,138.582,139.3,138.34,138.44,138.14031678578223,136.17968321421776,140.31388765413394,134.6423812504854,143.28935887902963,132.6271179809844,10258035
1622554200,137.82,138.26,137.25,138.21,138.06503646982816,136.1049635301718,140.46333086791898,134.9402614722107,143.1861135311445,132.44184074354553,11778666
1622640600,138.55,138.79,138.32,138.53,138.04849953423496,136.12150046576497,140.5124399495117,135.91351904354372,143.06802714494034,132.24304810776158,7347905
1622727000,138.51,138.51,137.845,138.01,138.04427711912334,136.12572288087662,140.81321836266972,136.96676992265552,143.31351138732995,132.51281981080322,10994063
1622813400,138.52,139.9,138.52,139.9,138.07197961686543,136.09802038313452,140.60035576691504,136.81460580566906,142.99382139028876,132.06559967533528,15773737
1623072600,139.59,139.705,139.325,139.47,138.06395842058802,136.10604157941194,141.9043960949311,138.06007341824503,144.31048057062108,133.6804763295845,7799833
1623159000,140.655,140.66,140.21,140.45,138.04261522964632,136.12738477035364,141.72742312711802,137.99743666953466,144.05421875981222,134.22891676823167,11231222
1623245400,141.765,142.15,141.25,141.69,138.64281068621887,136.69718931378117,142.50851112954297,138.31972509346988,144.76794712315402,135.5480383047511,12768309
1623331800,140.83,142.56,140.68,142.54,138.84547565071645,136.90452434928355,143.50858499008532,138.86046119031982,145.67106970930882,136.13843529890553,19698410
1623418200,142.305,142.4,141.84,142.31,138.7678222666301,136.9821777333699,144.25123520366301,139.35180170234867,146.4419305772782,136.5571539940898,8646698
1623677400,142.1,142.1,141.015,141.22,138.77474972988,136.97525027012,143.56938461618034,139.38315961950127,146.23159187021696,136.472806349206,9401341
1623763800,140.8,141.09,140.48,141.05,138.7717768197092,136.9782231802908,143.4615961856176,138.92660241721626,145.46919467842076,135.95338792366314,18207559
1623850200,141.4,141.67,140.21,140.93,138.76100853595943,136.98899146404057,143.68464950837014,138.89049275537099,144.9635719253699,135.8762037046152,19676264
1623936600,141.86,144.925,141.64,143.04,140.27085739013995,138.45414260986007,143.84228411705033,138.8659572509876,144.88359031131267,135.82098246362335,35225794
1624023000,144.28,146.04,144.12,145.73,141.46758865806302,139.54241134193697,145.09940884652255,140.50072035297487,146.6789540814013,136.94249099378442,26616912
1624282200,144.39,144.49,143.02,143.29,141.50246597037892,139.50753402962107,146.991089669065,141.81617118615983,148.97047910777562,138.33595960682808,16485035
1624368600,142.17,143.68,142.12,143.64,141.49219865829494,139.51780134170505,146.1577696671305,141.23262194108008,146.9423017112197,137.12955692714235,14530318
1624455000,143.11,143.5,142.71,143.27,141.49027265138608,139.5197273486139,146.76039484657844,141.4562263551212,147.26506497068291,137.3490171114716,12041212
1624541400,143.42,143.9,143.33,143.5,141.47869731339802,139.531302686602,147.1247111360887,141.3172722576327,147.1247111360887,137.1694498784424,8788460
1624627800,143.265,143.4,141.37,142.01,141.49558528868346,139.51441471131656,147.4417116704494,141.48464321968163,147.4417116704494,137.32427146556373,15562491
1624887000,142.72,143.8,142.7,143.47,141.5011758715567,139.51882412844327,146.59746469585846,140.34657687938682,146.95005329373814,136.48609022798217,11460926
1624973400,143.1,143.72,143.04,143.71,141.49828342557754,139.52171657442244,147.63444933143592,141.42123322883037,147.67706984027146,137.35516044014247,11218106
1625059800,144.25,144.93,144.07,144.35,141.68480659802694,139.71519340197304,147.89934447352599,141.42674073618977,147.9777598361848,137.51980315849664,15708857
1625146200,143.98,144.31,143.53,144.17,141.6527770632613,139.74722293673867,148.49237770456205,141.47578412451352,148.49237770456205,137.9258350450781,10809998
1625232600,144.23,145.04,144.11,145.04,141.65273792527904,139.7472620747209,148.4027709569044,141.30404659816452,148.55458329601535,137.84403575103084,9650170
1625578200,145.72,146.99,145.715,146.74,142.14420492753806,140.20579507246194,149.20282772413893,141.63372068420549,149.20282772413893,138.3993277491765,20037177
1625664600,147.57,148.56,147.22,148.04,142.93354020628163,140.98645979371838,150.74263439921458,142.4849017877803,150.74263439921458,139.43862690646796,20964385
1625751000,148.88,149.44,148.17,148.62,143.36963280331435,141.43036719668567,151.9572816832795,143.24187596062143,151.9572816832795,140.17371440809012,17487838
1625837400,146.87,146.99,146.49,146.53,143.40394823711242,141.39605176288757,152.54481067207035,143.6544787816714,152.54481067207035,140.53997844581664,14483634
1626096600,147.09,147.23,146.17,146.34,143.40446395844788,141.39553604155213,149.11536639318922,142.45451304854498,150.723897007622,139.45162624073356,10610428
1626183000,146.82,147.46,144.64,145.22,143.4092250634177,141.39077493658232,149.4814913213432,142.3521648750266,150.67669453696496,139.36477747875773,23340375
1626269400,146.01,146.92,145.81,146.87,143.4238444209548,141.37615557904522,149.4660840872608,143.2222221771067,150.11141050648234,138.95066657759105,16038556
1626355800,147.95,148.6,147.03,148.49,143.40087118243758,141.39912881756246,150.25706585730592,144.54060858057062,151.27392790156392,140.11367535727481,18462700
1626442200,147.34,148.34,147.32,148.21,143.38981901261215,141.41018098738786,151.16826786888672,145.1314798065719,152.6873447156413,141.16405429362203,12787919
1626701400,150.95,151.95,150.62,151.46,144.71775633206636,142.59224366793364,151.33375459172814,144.9847109079097,152.46295060241388,141.03411252763806,40203891
1626787800,152.53,152.71,149.76,150,145.11725288865327,142.95274711134678,153.4344548803846,146.72608082360935,155.54056433044724,143.13045327942578,25674791
1626874200,148.18,148.5,146.67,148.1,145.14563669859297,142.9243633014071,152.57782632220457,146.0086729815267,154.2102946244648,142.6234743833918,19988911
1626960600,148.11,149.805,148.06,149.5,145.15447854573392,142.9155214542661,152.39190909865144,144.84556939795,152.6776115339749,141.6727291004871,18136907
1627047000,147.94,148.655,147.89,148.5,145.16150188136197,142.90849811863808,153.30831756525143,145.77535957025663,153.801060428314,143.6914318686061,12639262
1627306200,148.995,149.06,147.88,148.06,145.1629017324218,142.90709826757825,153.089268886855,145.0959965582885,153.16367965566363,142.9273192611678,10737870
1627392600,149.33,149.69,148.99,149.64,145.16215822685365,142.9078417731464,153.0146554158707,144.7732012764119,153.0146554158707,142.60242614084814,13036604
1627479000,148.67,149.67,148.27,149.65,145.1623026795664,142.90769732043364,154.1409765965376,145.94070910706185,154.18549978562052,143.89363342960468,14346869
1627565400,148.78,149.22,148.53,148.82,145.1664320200922,142.90356797990785,154.31080062304065,145.9651908439476,154.31080062304065,143.93000894192124,11532032
1627651800,149.13,149.72,149.06,149.52,145.16804016691006,142.90195983309,153.8663622420534,145.3358498781606,153.8663622420534,143.28740551794235,14342162
1627911000,149.454,151.23,149.18,150.67,145.17330976855018,142.89669023144987,154.46809031552817,146.59403015112406,154.46809031552817,143.87860166816344,21232706
1627997400,150.75,151.23,150.39,150.75,145.16904346657367,142.90095653342638,155.42294426457462,147.44748018951876,155.42294426457462,144.83746998332342,13361939
1628083800,151.5,151.82,149.72,151.06,145.16911571318732,142.90088428681273,155.58991859079777,147.49688612145997,155.58991859079777,145.7355617356447,18267907
1628170200,150.76,150.92,150,150.29,145.17483108606925,142.89516891393083,154.85883701500575,147.73772232227893,155.92638445570165,146.30601286964625,15345359
1628256600,148.322,148.76,147.6909,147.78,145.21513933871972,142.85486066128033,153.4003878851308,147.097720793719,155.4097102184495,145.70217600699425,21144286
1628515800,148.152,148.56,147.23,147.25,145.2005606543152,142.86943934568484,151.01417669246973,144.9840020926537,154.55961831795838,143.65510636126302,12942623
1628602200,147.49,147.57,146.56,146.57,145.1987220578257,142.87127794217434,150.81595354869893,144.50007528950073,154.51266845833396,143.22412092086245,13716901
1628688600,146.412,147.23,145.71,146.48,145.31063662134673,143.0193633786533,150.55772306882974,144.92762033712856,154.4263748917563,142.66297354688982,17227605
1628775000,146.09,146.44,145.43,146.24,145.31177957743614,143.01822042256387,150.45282102169318,145.06835112971524,154.52965252231067,142.59069133049573,14710931
1628861400,146.83,148.56,146.81,148.55,145.33222318874436,142.99777681125568,150.14745494945467,144.57600100338456,154.57175868426293,142.3912864382314,18653828
1629120600,149.19,150.02,148.81,148.91,145.33073411007993,142.99926588992008,151.28443552486345,145.4899586203481,155.58625419563595,144.34376258313787,19171543
1629207000,148.88,149.47,148.67,148.85,145.32899328594198,143.00100671405806,151.49925880363577,145.48410614957308,155.8774458392939,144.65766206145173,14126883
1629293400,148.71,149.47,148.45,149.35,145.85665128061726,143.52334871938274,151.06452581291012,145.33360524382152,155.98266451151716,144.61648723763483,13143979
1629379800,150.31,150.46,149.81,150.45,146.05168317693588,143.71831682306407,151.42952940901816,145.523630126029,156.3407037100095,145.0518291117344,15474585
1629466200,150.59,150.81,150.11,150.55,146.14709066105144,143.8129093389486,152.26062241352986,145.90326179109616,156.98707528696204,145.90326179109616,12388424
1629725400,150.2,150.495,149.92,150.45,146.14692652839142,143.81307347160862,152.18067775818517,145.92253347908735,157.1706568433969,145.92253347908735,10615040
1629811800,149.76,150.07,149.28,149.28,146.1493992482423,143.81060075175773,152.19792302874365,145.85217647285828,157.25329261763065,145.85217647285828,13835931
1629898200,149.21,149.37,147.58,148.04,146.16078633340032,143.7992136665997,151.59720656248064,145.1974928440389,156.78934308297113,145.02936853690338,16743814
1629984600,147.965,148.57,147.51,148.45,146.15753920469055,143.80246079530946,151.23549701139234,144.37027318133696,156.25593160433274,143.9642822272432,16657435
1630071000,148.57,149.485,148.33,149.46,146.16099228600314,143.7990077139969,151.5499549623792,145.00425777411252,156.56731122629697,144.32540135419828,15384740
1630330200,148.99,149.9,148.93,149.85,146.4599751640396,144.09502483596043,152.22229519620694,147.44378386877702,157.20437657676516,145.17501558014126,10596306
1630416600,149.67,150.09,148.5,148.83,146.46892850558274,144.08607149441727,152.58041577805312,147.66969870886294,156.92108499079353,145.39237766363303,15262401
1630503000,149.27,149.39,148.49,148.89,146.80584682601125,144.42415317398874,152.04912424857514,146.96373140248042,156.431794452294,144.67440503263268,10807084
1630589400,149.24,149.55,148.75,149.54,147.19089468029713,144.84410531970286,152.1607983165571,146.92907574971224,156.28588271292426,144.70809649509715,9766003
1630675800,148.27,148.51,147.94,148.18,147.64935747944486,145.27064252055516,152.67187993623816,147.35199447158953,156.76846594585152,145.1228101116535,12928250
1631021400,147.262,147.52,146.655,146.93,147.65630717706713,145.26369282293288,150.28488751415446,146.28776517716358,155.93734047428435,144.1195960781654,15548172
1631107800,147.66,148.19,147.39,147.93,147.65225216968616,145.26774783031385,149.25485245570948,145.25303038389893,155.15311774710983,143.02112805480687,14533699
1631194200,148.17,149.89,147.85,149.72,147.66645220253588,145.25354779746414,149.79334805196547,145.99550563526324,155.86952874499582,143.90690491924101,20324739
1631280600,148.9,149.17,148.16,148.4,147.67856594892103,145.24143405107898,151.03259128578028,146.77633727815507,157.13078027138832,145.1850490268006,14894629
1631539800,149.042,149.49,148.95,149.3,147.67242777492882,145.2475722250712,150.10509817912853,146.24128474571978,156.28310357770886,144.1960941967587,15036064
1631626200,149.73,151.57,149.58,151.11,147.68882388185193,145.23117611814808,150.79799960729645,146.57904207400082,156.84240719008994,144.8473232167921,19918375
1631712600,151.21,151.25,149.93,150.58,148.27609839374347,145.80390160625655,152.25690887225315,147.091579557841,158.28543409011468,145.96751905780982,11940558
1631799000,149.67,150.45,149.5,149.89,148.2529969926374,145.82700300736263,152.1808450374728,147.2841847274345,157.9175305821702,145.6840065178417,13328978
1631885400,149.182,149.36,148.7,149.17,148.21010441485797,145.86989558514207,151.95923818416048,146.92371911405814,157.4163442418796,145.2624583583173,13783034
1632144600,150.57,151.37,150.23,151.02,148.185148404791,145.89485159520905,151.94386393870892,146.49550068076098,156.88250108735636,144.69622350242082,14660406
1632231000,150.71,150.96,150.2,150.89,148.1851667846169,145.89483321538313,152.95281961012574,147.6286670997579,158.38746991160002,145.90309598920626,10035770
1632317400,150.79,151.79,150.44,151.79,148.18729724065227,145.89270275934777,153.1162853379941,147.57284262006138,158.3229442785517,145.8254875538305,22277765
1632403800,150.42,150.45,148.3401,148.36,148.26752855192046,145.81247144807958,153.80274784900703,148.7685924122532,158.01978572003088,146.33708089984466,23853343
1632490200,147.84,147.85,146.735,146.91,148.93623419188805,146.47376580811192,151.92303648116203,145.91563620005985,155.1288611384707,144.00767753735465,20203937
1632749400,146.06,146.87,145.88,146.37,149.0964564793263,146.6535435206737,151.70762362313926,144.6708274765847,153.64116454990864,142.82807987773046,13464252
1632835800,144.33,145.07,143.64,144.09,149.37854697991045,146.86145302008956,151.57228961620297,145.2499578976183,153.1838034358437,142.3721235378525,26613486
1632922200,144.8,145.43,143.69,144.34,149.37624417852473,146.86375582147528,150.84134194739494,143.23883375494825,151.5281829747822,140.45872277377543,23569416
1633008600,144.1,144.515,143.65,144.32,149.4314950498514,146.91850495014862,150.4220793931961,142.49375251338907,151.52434953924157,140.65835570487818,22567556
1633095000,144.85,145.4,144.2,145.35,149.43347969077095,146.91652030922907,149.8787876455058,141.66211695029085,151.50696959992314,140.6240263396364,26151798
1633354200,144.67,145.46,144.1,144.98,149.41513413280092,146.9348658671991,150.2428053088878,141.38390229302647,151.667382878777,141.38390229302647,28027596
1633440600,144.6,144.7,143.461,143.58,149.32542118637355,146.8455788136265,149.36455813434182,140.75980763871672,151.60182266863964,140.75980763871672,22659503
1633527000,144.23,144.715,144.025,144.39,149.32794194967067,146.84305805032938,147.45090925879134,139.65362177673427,151.31510273678919,139.65362177673427,18696687
1633613400,143.185,143.335,142.59,142.88,148.8765875843405,146.4234124156595,147.98924239201116,139.75971932203132,151.4686770578445,139.75971932203132,14856041
1633699800,142.255,142.35,141.525,141.88,148.34562831922196,145.88937168077805,146.68677138122766,138.58467354354275,150.80174870469827,138.58467354354275,17257754
1633959000,141.6,141.9,141.45,141.52,148.30109355641525,145.8589064435847,145.77210671640873,137.68681746458032,150.19965650156672,137.68681746458032,7213403
1634045400,142.63,144.01,142.48,143.94,148.32393440784477,145.8360655921552,143.6011281374804,137.2030878251883,150.0181755790813,137.2030878251883,17968952
1634131800,144.61,145.53,144.5754,145.34,148.32013314398463,145.8398668560153,145.24849069766202,138.6303352152062,150.82281544725396,138.6303352152062,23584827
1634218200,145.37,145.96,144.945,145.88,148.32200111554462,145.83799888445535,146.2630224541154,139.4565438927832,151.3379915215537,139.4565438927832,12950609
1634304600,145,145.14,144.47,145.03,148.2563679591024,145.90363204089758,146.76059582751404,140.96168593514184,151.5426751588369,139.7338601178288,11811540
1634563800,145,146,144.52,145.71,147.7997146480277,145.4702853519723,146.6135539531193,140.97871590052262,151.18197044663043,139.03438709108391,12115879
1634650200,144.66,144.73,143.65,143.7,147.80401037185,145.46598962815,147.89038364241338,141.2390730706401,151.45955754156012,139.44803734638128,12156566
1634736600,143.25,143.68,142.51,142.73,147.79488054345796,145.47511945654202,146.96198202065867,140.68299548020815,150.55263755177862,137.8759374014534,12782477
1634823000,143,143.15,142.23,142.56,147.78957385757826,145.48042614242172,146.54011946793239,140.1168646543158,150.0692618293672,137.05630670024303,13660022
1634909400,143.45,144.4,143.21,144.13,147.80806671767527,145.4619332823247,146.49431362609855,139.9373022913907,149.94637428711528,136.84186791673866,13740010
1635168600,143.67,144.3,143.63,143.91,147.7900274301446,145.4799725698554,147.62540847600258,140.767159648655,150.67171536379809,137.98358830742234,8138047
1635255000,144.62,145.1,143.74,145.1,147.80133033375301,145.46866966624697,147.5536860417477,140.78923689484938,150.53945660800053,137.75229280592328,13670997
1635341400,146.4,148.18,145.93,147.74,147.84562219908614,145.42437780091382,148.51420493725126,142.03432229185356,151.11625965596812,138.47743204283572,22092262
1635427800,147.79,148.33,146.835,147.24,147.84372702287607,145.42627297712392,150.63423923571227,143.29892491737402,152.44664622941758,139.46743916714604,17497586
1635514200,146.47,148,146.32,147.69,147.83636626948623,145.43363373051378,150.36142608193828,143.16716881339616,152.2042376086267,139.16537345922669,19087338
1635773400,145.8,146.76,145.7,146.44,147.84555583084438,145.4244441691556,150.82085000702088,143.46215883572154,152.4494575339986,139.29046087959398,18035452
1635859800,146.5,147.57,146.5,147.09,147.832895030946,145.40710496905402,149.8825654697917,142.83496524115557,151.79465748134544,138.62049284519088,9836737
1635946200,147.82,147.98,145.53,145.57,147.84366204322896,145.39633795677105,150.03917922196285,143.23647258295014,152.15018262851638,138.8592609459019,20639350
1636032600,145.87,147.36,145.85,147.1,147.82135749260453,145.41864250739545,149.41373780748907,142.32937104560168,151.31502550725628,138.01115064405735,15922377
1636119000,148.52,149.58,148.13,149.3,147.85009497825797,145.38990502174204,150.50553310943025,143.30518930333423,152.16997677288933,138.73069627845865,21513029
1636381800,148.96,149.28,148.51,149.02,147.84742503454086,145.39257496545915,152.12071307636882,145.2583059193705,153.54733370052836,139.84371913502528,12083905
1636468200,150.8,151.767,150.64,150.96,147.86904089466915,145.37095910533088,152.13727306840752,145.09364826249265,153.34316604839455,139.66130956757306,23430239
1636554600,150.83,150.93,147.03,148.2,147.9158873564769,145.32411264352314,153.688606175368,146.91801650384653,154.8739965095172,140.70068852218813,28170644
1636641000,148.508,148.655,147.89,147.98,147.8837808555186,145.3562191444814,151.84651520664124,145.77674150372056,152.7176761014542,139.1350962097985,5552818
1636727400,148,148.51,146.76,147.33,147.885392936875,145.354607063125,151.78908868609125,145.681175043575,152.54890064671764,138.971394486367,12711972
1636986600,146.89,146.96,145.22,145.48,147.90585621319195,145.33414378680806,151.67482948895977,145.30771044628736,152.03257788406043,138.55228793532683,15232710
1637073000,145.69,146.38,144.85,145.11,147.90458145271512,145.3354185472849,151.2802515002962,143.9747853142484,151.55335699667202,137.4012971608571,12998708
1637159400,144.57,146.29,144.46,146.26,147.90577158264372,145.3342284173563,150.84849066481277,143.57943441386723,151.55978816397115,137.120973824441,14239864
1637245800,145.9917,146.9,145.95,146.81,147.9079279924959,145.33207200750414,151.30104319931777,143.93589152847525,152.0695177115929,137.77757881668137,11055620
1637332200,147.58,148.595,147.58,148.36,147.9233088884736,145.3166911115264,151.69486895670028,143.72004174790504,152.41188228865175,138.07777478461173,14022924
1637591400,147.4,147.64,146.125,146.62,147.93324714494088,145.30675285505913,152.81519192117557,144.10731878931745,153.1913534913632,139.01593289216538,15267367
1637677800,145.93,146.11,144.5,144.5,147.95110473764367,145.28889526235633,151.62654579297276,143.09942983934872,152.5813457676698,137.88434926579558,15321246
1637764200,144.94,146.82,144.79,146.82,147.9831987153347,145.2568012846653,150.05829446403538,141.68483314870358,151.79110537406794,136.47806611068918,13769705
1637937000,148.83,150.68,148.67,150.53,148.0537045654499,145.18629543455012,151.82329626151582,142.87303381246375,152.88409127407286,137.9462519377572,20064778
1638196200,148.31,149.635,148.17,149.32,148.06070318409033,145.17929681590968,153.7351327790547,144.30433371844632,154.88998562316215,140.33893422687834,23234231
1638282600,150.83,152.07,150.25,151.59,148.2227732054846,145.2972267945154,151.22991088811034,144.04409199842746,154.4099592636984,139.53670067924958,31481117
1638369000,150.485,152.41,149.79,152.34,148.39694879976864,145.46305120023138,153.377919727298,144.50921401119837,155.78616409748008,141.02419991813903,30838845
1638455400,152.93,152.99,150.76,152.53,148.68805084000354,145.75194915999643,155.34852447796908,144.75315782092628,156.4208486550418,141.5213438389237,17754176
1638541800,151.68,155.12,151.35,154.35,149.76803456233108,146.8019654376689,156.01616906596976,146.0379637783976,156.65090072154217,141.6513472020716,34427106
1638801000,154.05,154.35,151.93,152.23,149.78278705223187,146.78721294776815,157.75217739583093,147.20740949497508,158.24000013223795,142.87869071228153,30924205
1638887400,151.72,152.525,150.8601,151,149.78663206667082,146.78336793332917,156.47031115307024,146.95315122123182,156.7557764401812,141.45507323591298,22115851
1638973800,150.472,150.48,148.36,148.39,149.80566112472707,146.76433887527293,155.78983552714828,146.53505541037308,156.1167418542436,140.6146709999235,33633891
1639060200,149.34,149.84,148.48,149.22,149.80031223135933,146.76968776864067,155.4159902823723,144.47310594873238,155.4159902823723,138.80353329694643,17544892
1639146600,149.92,150.24,148.81,148.86,149.796809404345,146.773190595655,156.00788405704859,145.1535353626263,156.00788405704859,139.36838667331267,14298740
1639405800,150.39,151.305,150.31,151.06,149.80488647346644,146.76511352653358,156.09498806118154,144.8641673990084,156.09498806118154,139.1048955709697,17860465
1639492200,150.37,150.93,149.31,150.7,149.8041215521598,146.76587844784015,157.41008545494046,146.71446313759458,157.41008545494046,140.64328936251118,14015451
1639578600,149.6139,150.79,149.13,149.25,149.81238198856767,146.75761801143233,157.47207286440394,146.3112560516769,157.47207286440394,140.38585067063707,25383933
1639665000,148.75,149.88,148.73,149.14,149.80982606469382,146.76017393530617,156.83932208204178,145.25326284229453,156.83932208204178,139.34895427736484,18677893
1639751400,150.34,150.98,150.16,150.83,149.806964369995,146.763035630005,155.66400373788974,144.97406567079386,156.9125262922288,139.26083369414997,18094619
1640010600,150.75,151.02,149.595,149.7,149.8132395040015,146.7567604959985,155.3935606776175,145.93436060212412,158.1134748273912,143.21262840718055,17147276
1640097000,148.14,149.2,147.62,149.13,149.81040739650146,146.75959260349853,154.55826304201958,145.05387665936746,157.51352408518807,143.58802150558657,16598163
1640183400,149.73,149.86,149.02,149.82,149.7523695008092,146.81763049919078,152.30877496970365,144.54011826046184,157.23128565734157,143.23493486775035,12253936
1640269800,149.59,149.6,148.03,148.52,149.74988453289052,146.8201154671095,152.1170289825522,144.95015885952142,157.80375353141625,143.6461249020357,11642576
1640615400,148.46,149.01,148.32,148.88,149.7486447256731,146.8213552743269,151.1331117233566,143.89684879461666,156.9554215480401,142.80512056929143,7822856
1640701800,149.6,149.78,148.01,148.29,149.71983847767748,146.8501615223225,151.41229970237865,144.09166483473732,157.2830823967901,143.01417589754868,9176428
1640788200,146.91,147.309,146.41,146.67,149.7351652718056,146.83483472819438,150.95754931201904,145.01987488617414,156.90024891687364,142.6063717287036,11771223
1640874600,147.25,147.9699,146.45,147.9,149.7428781577251,146.82712184227486,149.91710082353447,144.3971651552873,155.7761194188067,141.49501913875088,10355046
1640961000,147.81,149.03,147.43,148.19,149.73770375651935,146.83229624348064,150.63536325002067,146.28332799215627,156.68989252227465,142.29689952468374,13402321
1641220200,146.41,146.94,144.28,144.3,149.8202529652564,146.7497470347436,150.41182135053825,146.08064869388198,156.95608963398178,142.47119354488848,33860382
1641306600,143.61,144.13,142.74,143.7,149.81153755154784,146.75846244845215,147.83919535625077,143.38655931255389,154.983446694086,139.47670476005183,21996350
1641393000,144.14,144.16,142.71,142.92,149.811117398207,146.758882601793,147.2835111907935,142.7988610517107,154.75570349672972,138.95248541689767,20911677
1641479400,142.59,143.44,142.29,143.29,149.79937382143797,146.770626178562,146.76791333013267,142.04324079638934,154.4318027280157,138.27421735096644,18996353
1641565800,143.13,143.236,141.56,142.26,149.79968859018146,146.77031140981856,146.55091231594912,141.57401978063962,154.26152921976717,138.56074485659818,18756845
1641825000,141.65,142.805,141.36,142.61,149.75408641541821,146.7259135845818,145.83013333914363,139.6377220682904,153.7304405094908,137.66728097371413,13775770
1641911400,142.88,143.63,142.695,143.56,149.72588086527244,146.75411913472757,145.14113190202875,139.7287311362814,153.91448274686374,137.9396843730519,24388906
1641997800,143.9,144.01,142.995,143.01,149.71610785360988,146.76389214639013,145.72384508184274,140.31462309213015,154.42965823818687,138.72512513987232,14440646
1642084200,143.39,144.42,143.03,144.28,149.7239595174167,146.7560404825833,145.20723287170492,139.7397263433343,154.13632865474452,138.23703277131537,15166030
1642170600,143.42,143.46,141.795,142.1,149.74646738747435,146.73353261252566,146.19852233529187,140.3415780202559,154.84945749597304,139.30319950817167,22997531
1642516200,140.96,141.31,140.02,140.1,149.08812078838199,146.05187921161803,144.3147361127124,138.74346423883034,153.62475630213518,137.41801924401784,21173750
1642602600,140.53,141.71,140.31,141.07,149.0736745865535,146.06632541344646,143.52085780927806,137.08823627116504,152.4516422424028,135.67558070593375,17930463
1642689000,141.37,141.99,141.09,141.94,149.07331283235703,146.06668716764298,143.73616254113875,137.698363833374,152.2841967879795,136.4902146844573,13958952
1642775400,143.4,144.1,142.67,143.63,149.08912680184213,146.0508731981579,144.10110105917136,138.2117798269936,152.79372975643673,137.22247604067678,28916580
1643034600,144.3,144.365,142.43,142.45,149.08306182593296,146.05693817406703,145.04329787918414,139.09394516736083,153.25321879586002,138.66824559183775,25005719
1643121000,143.11,143.71,141.8,142.22,149.08308977601087,146.0569102239891,144.3824211551196,138.41733075699742,152.1911204981961,137.6303162468713,15598988
1643207400,142.26,142.57,140.49,140.5,149.09060733741677,146.04939266258322,144.4774402019073,138.62316648586238,151.97543425864575,137.41463728406416,23655546
1643293800,142.41,143.365,142.33,143.08,149.09130830681937,146.04869169318061,143.79593012264172,137.30189532178255,150.56346039236874,135.89882993620532,21501789
1643380200,142.09,143.46,141.85,143.13,149.09042331005978,146.04957668994018,145.3497860155637,139.13908808732987,152.7399546988496,138.01617484239773,12826512
1643639400,142.18,142.95,141.96,142.39,149.09145502730797,146.048544972692,145.54321109359822,139.1511444270854,152.78055408049346,137.79337525095093,13998392
1643725800,142.28,142.36,141.055,141.72,149.0862390896099,146.05376091039005,145.16370816336956,138.54519478431976,152.09838962110342,137.43119073162399,20806097
1643812200,141.95,143.57,141.93,142.2,149.08517988492397,146.054820115076,144.7577748756465,137.9763754964555,151.47551038560778,136.90402384070924,18404569
1643898600,140.44,141.48,140.18,141.09,149.08016910509147,146.05983089490852,145.1615199493688,138.33708714611836,151.90986219479302,136.95638819878678,17234053
1643985000,139.85,140.14,138.78,139.01,148.46245925416162,145.43754074583836,144.3525245656196,137.39267714231474,150.8752813635295,136.322205113295,23609757
1644244200,138.91,139.31,138.55,139.1,148.31785446717265,145.3521455328274,142.71969546957436,135.61286366416886,148.93058102012745,134.47126698529664,12962436
1644330600,138.21,138.58,137.82,138.17,147.95264680521186,144.98735319478814,142.77489675685857,137.25096509830644,148.9998568441099,134.60903449390554,16269187
1644417000,138.72,139.37,138.19,138.43,147.93040418647573,145.00959581352424,142.14861400202247,136.46441220368692,148.1248713687648,133.74907418517097,14349139
1644503400,137.66,137.83,135.84,136.23,146.92156086281148,144.03843913718856,141.65723128267518,136.55797406957322,148.34314200457837,133.96156608853443,30896240
1644589800,136.87,138.51,135.36,138.25,146.70838712073208,143.77161287926793,139.83545825714143,134.7725813786475,146.38924638766474,131.9513066490032,43210273
1644849000,137.13,137.74,135.97,136.53,146.7218680500795,143.7581319499205,141.18594070802635,135.65872251407413,148.14465168007936,133.75772336821817,23157421
1644935400,135.6,135.84,134.94,134.98,146.5067451975171,143.5532548024829,139.67719464145705,134.82117581407803,146.5014870501781,132.1790774301808,18200703
1645021800,135.95,136.07,134.51,135.78,146.29489763196239,143.3351023680376,138.53559251962523,133.4804921325272,145.01075474758107,130.75066625645914,16473677
1645108200,136.45,137.565,135.9,136.79,146.29395130407067,143.33604869592932,138.95963474376273,133.7201182135536,145.75377413639023,131.4569811475581,24508242
1645194600,137.52,138.37,137.16,138.23,146.30618291055632,143.3238170894437,138.69118303201276,133.8171425084859,146.70027225969005,132.35650333786967,17522577
1645540200,137.69,138.67,137.47,138.59,146.29276946024683,143.33723053975316,139.92883999696355,133.96266940929877,148.06072961935138,133.47071455222726,19534043
1645626600,137.68,137.8499,136.565,136.68,146.29825964058216,143.33174035941784,140.28986071823496,133.83560155344284,146.3211247284103,133.45781836470601,17757840
1645713000,139.1,139.37,136.25,136.77,146.2777571587118,143.35224284128822,138.91890975964375,133.03667977263396,142.02796783768363,132.20411900357098,28150362
1645799400,136.86,137.31,136.18,136.87,146.2451526478945,143.3848473521055,139.17860254341053,132.8381911079142,142.10181819822955,132.27015211338718,15025360
1646058600,138.43,140.045,138.32,139.87,146.2263957368632,143.40360426313677,139.39492691722367,133.0272455042799,140.74450656156145,132.27010295510686,25817704
1646145000,140.36,142.33,140,141.3,146.2352810648064,143.3947189351936,141.59345635659506,135.3336898053955,143.37516099991075,132.9919914382667,35664355
1646231400,139.84,140.42,136.41,136.47,146.33218992577173,143.29781007422827,142.94952941266845,136.164683808706,144.69145457816248,132.9302532746016,30397410
1646317800,137.49,138.7,137.02,137.86,146.34260327215281,143.28739672784718,141.36631140092618,133.49806332404887,141.36631140092618,131.65160904935541,20649063
1646404200,140.36,140.825,139.305,140.24,146.37896924241178,143.25103075758824,141.78696529616354,134.53235342747723,141.78696529616354,132.27592221545297,25854808
1646663400,139.12,140.64,138.77,139.17,145.9748654945878,142.88513450541222,143.3427050039087,136.59675016080118,143.71661394129944,132.522846533299,23710932
1646749800,137.51,138.25,137.25,137.77,145.04437861709783,141.99062138290213,142.83000961815875,135.71561086150064,142.83000961815875,132.16914152110206,28331275
1646836200,137.065,137.3403,136.13,136.42,144.43061649945201,141.38438350054798,142.2621906812703,133.67540022415045,142.2621906812703,131.71645017079896,18819154
1646922600,134.83,135.17,133.72,134.46,144.022341444618,141.00265855538197,141.7938054318109,132.47437096883692,141.7938054318109,131.23635984679495,26868881
1647009000,134.33,135.45,134.21,134.91,144.0194532703315,141.00554672966848,140.51871190591137,130.73651786301642,140.90464667694636,129.97129764121473,15583795
1647264600,132.7,132.89,131.72,131.76,143.05874582971725,139.96625417028272,140.15753935615552,130.99817602698081,141.12035143292223,130.23426835550185,24384956
1647351000,132.86,133.15,131.19,131.53,142.61781724734573,139.5921827526543,137.74888690904984,128.20070693286593,139.37980427205343,127.83904926803191,17518754
1647437400,131.83,133.13,130.32,132.82,142.19272431613896,139.14727568386104,137.43787326237776,127.89774029298681,139.16178352556142,127.59705293229267,25857702
1647523800,132.82,133.34,131.07,131.83,142.1897499662178,139.15025003378227,138.24997675427716,128.9477559122435,139.86184762763065,128.5005546420735,19330578
1647610200,132.57,133.535,132.57,133.44,142.20975931935885,139.13024068064115,137.09556712496382,128.00699945941534,139.19648919544304,127.69151562105993,55891681
1647869400,131.28,131.67,129.75,130.35,141.94991219125174,138.82008780874824,138.14211473137127,129.09637140254637,140.17242936301795,128.85248604444598,26122048
1647955800,128.96,129.335,128.34,128.68,140.6589199661366,137.54108003386344,134.82219754667616,126.56738673084219,138.09494774051768,126.4382903173741,21830886
1648042200,129.37,131.6,128.86,131.5,140.71385617563269,137.4861438243674,133.26705817366167,125.00703868268792,136.98884881705663,125.00703868268792,21266117
1648128600,129.65,131.18,129.6,130.47,140.67227017554205,137.44772982445795,135.7338824674134,127.20338237561592,138.75377495713846,127.20338237561592,17141591
1648215000,129.5,129.52,127.65,128.66,140.33233213442386,137.09766786557614,133.1824174551349,126.36995588567451,137.97491122770418,126.3520934978498,25689789
1648474200,129.39,130.56,129.04,129.76,140.34116387791758,137.08883612208245,131.6515444832642,125.07033905305394,136.60387001039177,124.85497623575846,17657777
1648560600,130.56,131.55,129.74,130.74,139.9700730124855,136.7099269875145,132.21675907774917,125.68844488950269,137.34263233241785,125.44581596143556,19319654
1648647000,130.07,132.01,129.985,131.76,139.97092531557132,136.70907468442869,133.15892089785385,126.38109539629077,138.0174638024572,125.82205419692431,16310219
1648733400,131.98,132.67,131.66,132.08,139.963029062994,136.71697093700598,134.09688464315556,126.81163540110053,138.74354752668773,125.90400123389115,19900953
1648819800,130.01,132.96,129.71,132.38,138.9059938410755,135.68400615892452,134.45117464345762,127.23541890344461,138.95663083986284,125.71836725471917,23489724
1649079000,131.93,131.98,130.71,131.46,137.57551053411746,134.49448946588254,134.78066698010267,127.29070735672639,139.161694414475,125.57310794437238,13609923
1649165400,130.76,130.775,128.29,128.49,137.6172755626515,134.45272443734848,133.9976077684235,127.0422631915375,138.42280714677347,125.00765593013598,25196929
1649251800,126.43,128.3,126.4,127.45,136.98747797932484,133.83252202067516,132.2843058427688,124.63233275638909,136.04549408821717,123.54205777223392,22951954
1649338200,126.11,126.67,125.41,126.49,136.48780909996083,133.34219090003916,131.9531927954556,123.72114186474161,135.16318609435203,122.68006793475793,23458768
1649424600,125.45,125.83,124.26,125.12,135.9108344419842,132.7691655580158,131.52322744141856,122.86201438511588,134.3323182462126,121.86360826392075,26859158
1649683800,123.92,124.19,122.56,123.14,135.06604371488808,131.91395628511196,130.82706722947043,121.64924443717945,133.38572527456466,120.74161535351877,30020696
1649770200,124.05,124.16,122.67,122.97,135.0587969137376,131.9212030862624,129.7273257087925,121.69578804076787,132.13489715758755,119.15451660885947,23124178
1649856600,123.05,124.3,122.89,123.22,135.06039086867278,131.91960913132723,129.43268276134984,121.4632895036773,131.90151164344283,118.89110207211309,17189500
1649943000,122.86,122.93,120.38,120.75,133.94581428786506,130.7991857121349,128.77961498154718,120.8610642229375,131.91706770063567,118.95066841147407,34274530
1650288600,120.87,121.08,119.69,120.15,133.583366562476,130.47163343752402,126.92809775652034,119.26863937273731,129.74082957547884,116.95668538830327,18784253
1650375000,119.15,119.72,118.67,119.25,133.05761501519655,129.9773849848035,126.315386308462,118.29944934079776,128.7385221930648,116.37124656824211,26012315
1650461400,120.22,121.965,119.92,121.65,133.09403041733324,129.9409695826668,124.31977547763526,117.265625524349,127.94905985587614,115.55413809712512,31423175
1650547800,120.83,120.91,119.17,120.75,133.08972251365176,129.94527748634826,124.9197654250548,117.98485173089266,129.80383578663114,117.30596242521611,23323244
1650634200,120.07,121.44,119.81,119.99,133.0722838000636,129.96271619993644,122.72174219790399,117.1308529385588,128.96577393960723,116.50356492483753,19773405
1650893400,121.38,122.185,121.125,121.19,132.7522864725942,129.62771352740583,121.33558089459537,116.3581975127986,128.26183707435032,115.80797351903182,25418916
1650979800,122.44,123.03,121.76,122.41,132.69496180284318,129.54503819715683,122.27582205922857,116.38013425146876,129.23639979693712,116.38013425146876,26931347
1651066200,122.19,122.32,120.77,120.84,132.69626471826086,129.54373528173915,124.2088335804699,116.29813538468689,130.25487731949704,116.21325751202707,14560521
1651152600,120.39,121.07,120.01,121.02,132.66007403652821,129.5799259634718,122.98109165773162,116.27240312704637,128.82557135767797,115.34942729695993,16892495
1651239000,119.31,120.97,119.105,119.45,132.66857935929397,129.57142064070604,123.17671271695987,116.31326160911078,128.93584728675975,115.01437093493044,26153421
1651498200,117.86,118.27,116.93,117.18,131.81070123124712,128.68929876875285,122.44898293004961,115.60164591075632,127.49238323311386,114.08060466310526,29233885
1651584600,119.04,119.31,117.89,117.97,131.81858087457437,128.6814191254256,121.38467886678971,114.62239159314825,125.48371996239912,112.80057366764422,21256662
1651671000,117.97,118.965,117.35,118.62,131.1937599857881,128.06624001421193,121.69193271089253,115.29192552066135,126.07759309264827,112.76901208946144,25575688
1651757400,116.35,116.47,114.015,115.37,129.76759286078882,126.57740713921122,122.0079857946611,115.70236627170878,126.60220739003428,112.7389733270121,48384528
1651843800,114.14,115.04,113.31,113.67,129.4106922230357,126.2293077769643,119.97745583397419,113.11061218439447,123.73193651353225,110.90769999888238,32790491
1652103000,112.86,114.71,112.62,114.67,129.0716963346028,125.87830366539721,118.7380578523996,112.37880300450347,122.620020339217,109.71281944320634,26773036
1652189400,115.89,116.96,115.48,115.71,129.08208775709934,125.8679122429007,119.27296492388577,112.7383431707388,122.99031355066472,109.93843316132919,33640756
1652275800,114.74,117.94,114.44,117.94,129.1180438612501,125.83195613874994,119.89858157817757,112.34916275636893,123.8211407991017,110.21230229584528,34173628
1652362200,118.02,118.89,117.655,117.72,129.1035081986249,125.84649180137514,120.60766083881992,112.39422840620763,125.7646532203526,111.17040161326786,26405693
1652448600,116.98,117.15,115.9,115.98,129.09189713543546,125.85810286456457,120.39179167584867,112.06569761362447,125.52263755165593,110.8515412814017,20782747
1652707800,116.21,116.935,115.85,115.86,129.0844046220334,125.86559537796666,118.85694857322385,111.23973010383347,123.07982884824384,109.68375787386428,11050571
1652794200,114.71,115.35,114.36,114.46,129.08549160128712,125.86450839871289,119.02703088577746,110.91837461654126,121.95258233992577,109.42050410258459,15040753
1652880600,114.72,117,114.61,116.9,129.12393867271723,125.82606132728279,118.34113973832689,110.08043157183158,120.45416250076204,108.41161954471076,21337265
1652967000,118.64,118.72,116.8537,117.18,129.1181837685358,125.83181623146422,119.98256518839797,111.31078898484876,122.45857619061606,109.6865120891732,21937465
1653053400,117.09,119.02,117.06,118.51,129.11988612187096,125.83011387812905,120.31330805713675,111.3493031106089,122.64231046354952,109.70399512802751,22780940
1653312600,117.705,118.25,116.54,116.56,129.13307390696053,125.81692609303947,121.39775182622552,112.94419556139313,123.72799951783216,109.71056778669681,15925189
1653399000,117.9,119.638,117.86,118.86,129.1604723404942,125.78952765950582,120.06020811952163,111.90571601713602,122.00942080111133,108.97125387343812,23388212
1653485400,119.61,119.62,118.59,119.33,129.16273204257692,125.78726795742308,121.91646146244412,113.75920167475195,123.9449533380048,109.28500712464141,14410842
1653571800,119.02,119.09,117.8,118.79,129.16248680106793,125.7875131989321,122.39232757970576,114.14853860492465,124.31306635598577,109.13706696174047,14912949
1653658200,119.36,119.737,118.74,119.08,129.11939934888852,125.8306006511115,122.04907112631643,114.92196573896331,123.80958486674814,108.79664866241937,11190426
1654003800,117.18,117.23,115.928,116.56,128.3709340645875,125.07406593541249,122.36390516788049,115.13165148610355,124.02717943311337,108.59155289904776,28393674
1654090200,117.03,117.34,115.69,116.22,128.2898798703604,125.15512012963957,120.0039809288532,113.49107910026964,121.78596321741365,107.69971336060262,15544848
1654176600,116.63,116.71,115.46,116.28,128.27739418299535,125.16760581700466,119.99850159222896,113.22696845392436,121.4470438092252,107.36783319759047,9832015
1654263000,115.09,116.06,114.87,116.03,128.15077974568595,125.10922025431404,120.12450083132481,113.23688050528298,121.46147082222282,107.1779765042501,15330410
1654522200,115.15,115.51,113.81,113.89,126.95956073629785,123.91043926370214,120.07430300851902,113.1070328792328,121.20261940301565,106.88698033400466,20815373
1654608600,114.61,115.775,114.58,115.12,126.51048161906206,123.44981838093796,118.89791497932865,112.45330545943261,119.28114702643248,105.88160055085618,14278653
1654695000,114.68,115.13,114.08,114.1,125.55276350315044,122.51723649684955,119.63307394650386,113.2344796943799,120.31835513887992,106.15565304487342,11476139
1654781400,113.835,114.71,113.68,114.48,125.5444982526781,122.5255017473219,118.99801764596334,112.35581294911914,119.38991900096099,105.56007840005157,15527256
1654867800,114.36,114.61,112.965,113.77,124.5735188705091,121.5814811294909,117.71277131888063,112.19722984254717,119.67231640343513,105.52842560862376,21917058
1655127000,111.49,111.67,109.24,110.2,122.89531873309173,119.87968126690825,117.05157353741599,111.58335520336435,119.24426364423513,105.05200889841788,36968312
1655213400,110.53,110.98,108.59,108.81,122.57354133905358,119.55145866094641,114.32374933538628,108.69692596298395,117.37375470857965,103.22570885604156,21865876
1655299800,110.085,110.99,109.03,110.84,122.59628948326343,119.52871051673655,113.13376333781434,107.37478796217692,116.61226566087937,102.13795450150766,25202801
1655386200,108.45,111.72,108.115,111.72,122.36266680820414,119.28733319179582,112.70219917737012,108.0912749462744,117.57156397176206,103.21356122057259,26067258
1655472600,112.01,112.83,110.96,112.08,122.05752719705346,119.01747280294653,113.18874468136514,107.67485875201045,118.04638465218324,103.44570062195638,21614262
1655818200,110.09,111.015,109.8128,110.18,122.04057936524278,119.0344206347572,113.48346699154975,107.30632752152785,118.23408176645701,103.45014433167887,17663799
1655904600,112.69,113.31,112.38,113.21,122.09763947462291,118.97736052537708,112.0598040130555,106.39100387190359,117.02287985391224,102.37988257719923,23703814
1655991000,113.9,115.165,113.49,114.14,122.06320251192695,119.01179748807306,114.48773421281079,107.55717005016731,118.90375428744383,103.68725112973613,20669222
1656077400,113.46,114.17,112.5,112.56,122.07108592937512,119.00391407062487,115.34523481805473,107.77288608679545,119.49510193397941,103.99968828937541,18161250
1656336600,111.22,112.22,111.16,111.6,122.06378057560643,119.01121942439357,114.67385488232024,107.03731635654711,118.46478703244672,103.09522732913767,12053040
1656423000,111.29,112.18,110.87,112.12,122.05859228444814,119.01640771555186,114.81789305476856,106.45755423385654,117.8072266353503,102.48009236350227,13708196
1656509400,112.38,113.9,112.17,113.87,122.07511916501707,118.9998808349829,115.29620704540034,106.85693658108288,118.14004637873482,102.611307586084,12925357
1656595800,114.859,115.77,114.75,114.87,122.07664105354552,118.99835894645446,116.64042158827532,107.86533708850226,119.33102773352718,103.37922410096668,25802128
1656682200,115.9,117.59,115.22,115.82,122.08312439228806,118.99187560771193,117.55797912332056,108.95124724937254,120.0280673712912,104.10773307784244,21858829
1657027800,116.89,117.75,116.17,116.73,121.59268449835685,118.50231550164312,118.46415966957132,109.66714142030801,120.70563140455192,106.03477359151202,16689670
1657114200,117.39,117.54,114.77,114.77,120.99685252904422,117.89314747095577,119.35379196465695,111.12693052912664,121.36868250112495,106.306386016239,20205365
1657200600,115.1,115.17,113.51,113.76,119.7150868098762,116.69991319012382,117.88571012039803,112.0291999748748,119.98782314585398,106.04580279843717,13087988
1657287000,113.5,113.5,112.05,112.5,118.89306520245394,115.89193479754604,117.36668186822045,111.28416732332042,119.25942031816253,105.6994504147511,15320004
1657546200,113.79,114.79,113.7,114.44,118.49098649151078,115.45401350848921,117.23847878475829,110.29385177228987,118.32701337157384,104.95863965228514,13639942
1657632600,115.51,116.23,114.97,115.12,117.71359955646605,114.70140044353394,118.04317774805654,111.80994332280507,119.76743422332177,105.90526633886165,18547318
1657719000,113.77,116.65,113.45,116.44,117.70903783900107,114.70596216099892,118.52210465208977,111.83018742104528,120.2829250315163,106.1836932523991,20594832
1657805400,115.08,116.16,114.47,115.49,117.71277129116328,114.70222870883673,119.69359863524893,112.2869781120477,121.28830391416082,106.46139634019781,15664987
1657891800,115.84,116.82,115.6,116.14,117.07197323484004,114.07302676515994,119.03165317851337,111.75581910648809,120.58359081887349,106.11991042637632,16022586
1658151000,115.25,115.32,114.18,114.93,117.05179554000249,114.09320445999751,119.5784255125775,112.07392139678029,121.09305910457137,106.23685766856734,15838268
1658237400,114.91,115.15,113.66,114.31,117.05206580750018,114.0929341924998,118.88838928390096,111.28324298902659,120.17168792063647,105.79412745613696,9276754
1658323800,115.48,115.55,114.05,114.61,117.04953763065447,114.09546236934551,118.53316660601752,110.80919930852744,119.69442145797306,105.51202420189847,9117311
1658410200,115.19,116.7195,115.01,116.59,117.04181586745779,114.10318413254218,118.55675888832084,110.95260372267256,119.9338646956002,105.5355959388011,14754886
1658496600,118.29,119.27,117.97,118.55,117.05946355052193,114.08553644947804,119.21554486731885,112.32160082779474,121.50169408449622,106.131739438601,17715311
1658755800,116.71,117.54,116.47,117.39,117.06334911145879,114.08165088854119,120.76788318778323,113.7510201936421,123.0649086998989,106.7405097131873,24868134
1658842200,118.86,119.24,117.395,117.48,117.05578097561711,114.08921902438287,120.0686942345277,112.91526589780429,122.16713851968058,106.84425722714627,13535963
1658928600,118.01,118.485,116.71,116.82,116.68994689179428,113.74505310820571,120.25184380370051,112.99329075719422,122.2563100270659,106.84581245441574,15725564
1659015000,118.045,118.92,117.32,117.75,116.05127456223654,113.13372543776346,119.87601829814496,114.21053802746525,121.74189573986885,106.8074141056245,16637914
1659101400,117.7,119.305,117.33,117.43,116.00074137718873,113.08425862281125,120.66904540710468,115.09705880943947,122.50791413332396,107.35740675719823,16655870
1659360600,118.25,120.1,118.08,120.04,115.58326244903317,112.6317375509668,120.58355853126845,114.9306010513218,122.26473240722765,107.14931202767991,17974560
1659447000,120.15,120.69,117.285,117.5,115.88834977635393,112.91665022364606,122.70816052890953,116.69917208150672,124.40609684669954,108.75584563040917,17896257
1659533400,117.17,119.49,116.3336,119.35,115.90204948895379,112.90295051104621,120.82121873002232,115.02647612260307,122.35174852515713,107.1691690080475,16731172
1659619800,118.98,119.55,118.54,119.31,115.90007630845429,112.90492369154572,122.41666167490135,116.36093591558416,123.8886898042724,108.32971312088594,11003006
1659706200,117.07,117.11,115.89,116.47,115.88668053955529,112.91831946044474,122.47081580687296,116.95610036529563,123.73118311897937,108.30435329294966,19492287
1659965400,117.64,118.53,117.56,118.35,115.88749387095565,112.91750612904436,120.65723520014852,114.57612561240205,121.7919532634211,106.47064846447454,17477736
1660051800,117.73,118.359,117.46,117.89,115.8841404677088,112.9208595322912,121.77956110106463,116.1192985150729,123.17059421604463,107.68128587071371,8223201
1660138200,117.73,118.91,116.73,117.12,115.8821249328858,112.92287506711419,121.47482344950991,115.72382847263518,122.94052860548602,107.37482334438529,14665302
1660224600,116.87,117.06,114.09,114.39,115.89466491855688,112.91033508144312,121.18826066974883,115.02721888403741,122.47570992905429,106.85840308518401,20663783
1660311000,115.1,115.57,114.43,115.55,115.90213971580249,112.90286028419753,118.74270433795618,112.59760916837969,121.04903564748322,105.0192653791942,12178401
1660570200,116.33,116.745,115.45,115.45,115.88711462260628,112.91788537739374,119.00765695075204,113.38292327415994,121.47937748475651,105.78137806899304,9031814
1660656600,115.25,116.02,114.24,115.93,115.88826651330832,112.91673348669167,118.90346272296074,113.21105639056393,121.57934302725725,105.69719172432913,11065955
1660743000,115.06,115.1,114.31,114.72,115.88562245798444,112.91937754201557,119.27220750588921,113.13030576256101,121.85378360675793,106.00880871124075,14131281
1660829400,114.97,115.64,114.585,114.89,115.85394757970816,112.95105242029184,118.25552290589265,112.30486248298469,121.57515080976471,105.16337369387216,10738208
1660915800,113.23,113.335,112.74,113.04,115.87116685668828,112.93383314331173,117.595034098289,112.22036014196776,121.732539515786,105.26328113150595,16330898
1661175000,112.86,112.96,112.13,112.66,115.86150372052845,112.94349627947157,115.98389122210536,110.8203734878787,121.14391115168294,103.95633841520836,10457236
1661261400,112.19,113.48,111.735,112.04,115.84511065603873,112.95988934396128,115.05920092618236,110.40066868950893,121.05855243101921,103.66666568917371,17813184
1661347800,111.485,111.87,110.86,111.22,115.8179921791534,112.98700782084661,114.4635520362791,109.80378057792551,120.8597857737908,103.20781100478376,13971626
1661434200,111.32,113.09,110.99,112.77,115.83225106868463,112.97274893131538,113.74922195943913,109.04577000390456,120.55304627049333,102.58117336292872,21429692
1661520600,112.3,113.99,112.01,113.62,115.83625103525064,112.96874896474937,114.83578432298019,110.14021659084585,121.26650136589302,105.63237877517285,18764391
1661779800,112.94,113.01,112.1324,112.68,115.83958397889509,112.96541602110491,115.62700856025815,110.53226180194173,121.69617408215181,106.43239887424977,14278261
1661866200,112.62,113.51,112.21,112.96,115.80900759829942,112.99599240170059,114.61114680209144,109.95158959832506,121.32423331597977,105.67078386497855,14346559
1661952600,112.69,113.34,111.575,111.88,115.81463790922436,112.99036209077565,114.79853124474026,109.91967309020261,121.50228509579344,106.05621021612754,13623548
1662039000,109.87,110.25,108.94,109.6,115.84311812243885,112.96188187756115,114.00378075485177,109.40967359037361,121.02436677250947,105.84379630032238,22490448
1662125400,109.68,110.56,109.47,110.22,115.84606136497763,112.95893863502238,112.47593407987313,108.10836401676171,119.90380603224885,103.87043934479422,13024448
1662471000,108.9,108.97,107.42,107.49,115.51350775447987,112.59649224552014,112.8575486054341,108.21786851497303,120.23509218575862,104.83369542900898,24648520
1662557400,108.32,109.48,108.21,109.19,115.52335183369168,112.58664816630834,110.99199763629046,106.34143712998251,118.7843983839203,102.36844788414797,17050131
1662643800,108.84,109.52,108.05,108.07,115.52508725764106,112.58491274235895,111.96810180446141,106.73535180448039,119.70481516724573,104.4723392070919,14671366
1662730200,108.33,108.795,107.63,108.31,115.52452105817333,112.58547894182666,110.99821464667671,105.89423949917096,119.0848156622105,104.62439231668742,12529797
1662989400,108.63,108.89,106.92,107.42,115.27310335970066,112.33689664029937,111.14445350834175,105.5356157580617,119.21445387841834,104.8298191000027,14806921
1663075800,106.56,107.735,106.24,107.67,114.85956246322263,112.07043753677736,110.33573309800575,104.78904152466895,117.96559296661849,104.01311781349459,22158884
1663162200,107.34,108.21,107.115,108.04,114.84914893800823,112.0808510619918,110.50602519660487,104.62087575364133,118.09617173750625,104.22845017978166,13077844
1663248600,107.85,108.19,107.58,107.97,114.82296259179228,112.10703740820773,110.794309566341,104.60183704793747,118.30573419157993,104.55369708345707,10260164
1663335000,107.03,108.05,106.765,107.07,114.82219235675876,112.10780764324126,110.70202611131303,104.38466926947746,118.24498878117687,104.38466926947746,18903848
1663594200,106.96,107.82,106.8,107.32,114.82173169936178,112.10826830063823,108.80250376733883,103.66671174986409,116.74395050104853,103.65159225170459,11084426
1663680600,105.69,106.84,105.4,106.25,114.38291093876408,111.7070890612359,109.02290332909863,103.68439130570684,116.8806852464408,103.68439130570684,20133840
1663767000,106.7,108.04,105.97,108.03,114.34649552828763,111.74350447171236,108.0405213087737,102.8352199504809,116.11929971727187,102.8352199504809,23132922
1663853400,105.79,105.96,104.73,105.27,114.04847100960231,111.3715289903977,109.67595645366457,103.95337936735281,117.31072810392874,103.91227016253323,29030571
1663939800,105.34,106.425,104.56,105.7,113.95214206142492,111.29785793857509,107.81136267841813,102.33829678486806,114.99916983090421,101.90034626152868,23042234
1664199000,105.36,105.41,103.22,103.68,113.29487507654495,110.61512492345504,107.73161173388937,103.36513076732928,114.50960643578522,102.10560503059014,25104572
1664285400,102.71,102.98,100.9,100.95,112.16448169083753,109.42551830916246,107.13943509124438,101.50244980162122,112.86840957717808,100.48891282046478,34609453
1664371800,103.13,104.45,102.48,104.33,112.22694404084024,109.36305595915975,106.10292156440897,100.47495581606441,110.62329357935172,97.96941498590505,39283095
1664458200,102.9,104.225,102.8,103.79,112.22071841827048,109.36928158172954,106.6970999530793,100.16685631749121,113.306042249338,100.16685631749121,19127141
1664544600,104.27,104.86,102.225,102.45,112.222460482524,109.367539517476,106.29893057241854,99.52519327145316,112.8302912632615,99.52519327145316,26485690
1664803800,103.85,104.68,103.15,103.83,112.2319100232949,109.3580899767051,105.45673709981034,98.61033522096366,111.69600777194071,98.61033522096366,27192238
1664890200,104.15,104.6499,103.3,103.54,112.21626195867604,109.37373804132395,106.06496701834878,98.85066502138449,112.78616872997475,98.85066502138449,13788739
1664976600,102.73,102.84,101.5802,102.55,112.21706050526147,109.37293949473852,106.42535688110328,98.47518242961554,111.07745486537779,98.47518242961554,20522057
1665063000,102.59,102.84,101.53,101.98,112.21190267006256,109.37809732993746,105.65857262473493,97.73422853185852,109.60841663755075,97.73422853185852,13965691
1665149400,100.81,101.62,100.47,100.99,111.9739498309869,109.1860501690131,105.19067834380004,97.20463970013317,108.84010214152545,97.20463970013317,14814780
1665408600,100.5,100.51,98.795,99.42,111.13397268437703,108.35102731562299,104.31096405328839,96.4130187305377,107.94757827717191,96.4130187305377,15652632
1665495000,99.74,100.9,98.99,99.86,111.1240614484974,108.36093855150263,102.89146570837478,95.22168904509131,106.54699536531558,95.22168904509131,33246713
1665581400,99.275,100.535,99.19,100.35,111.12530256389017,108.35969743610985,103.25715947793044,95.33483228117713,106.87997627296775,95.33483228117713,21447565
1665667800,98.36,100.38,98.34,99.39,110.89419804300368,108.13580195699632,103.70927057080377,95.52132686092175,107.2602101817122,95.52132686092175,30292454
1665754200,100.19,100.19,98.25,98.57,110.84653889580784,108.09346110419217,102.79226159936233,95.69406288733292,105.98075689167496,94.72421037302178,18732892
1666013400,99.29,99.66,97.94,98.09,110.68939234661683,107.94060765338315,102.06634141366061,94.95565267136529,103.60144645744847,94.01401618417523,18969871
1666099800,97.95,98.46,96.87,98.32,110.14747768808495,107.41252231191505,101.65468940831103,95.83501219656848,102.18283942813346,93.54510327364281,16931451
1666186200,97.19,97.42,96.32,96.53,109.85880389384128,107.15119610615871,101.7778196283819,96.36220375501512,102.23903431003669,93.60497226098282,25431577
1666272600,95.93,96.33,94.74,94.88,109.0450203732722,106.38497962672783,98.43552333193011,95.07121111643099,101.15222198299882,92.15983626213568,25434934
1666359000,93.02,93.93,92.26,93.17,107.80155778889592,105.14844221110407,97.21865334810221,93.78985864933188,100.28707432635078,90.79441330520932,46280271
1666618200,92.82,93.55,91.85,92.4,107.59403611392966,104.94596388607034,96.41342147611225,92.33184525288135,98.9588945911387,89.36143512995822,31332597
1666704600,94.58,95.225,94.44,95.09,107.66232374054326,104.87767625945672,95.43164010095899,91.57008240713364,98.3497350344744,88.64817696027512,31213113
1666791000,95.77,96.69,95.765,96.46,107.67403903708086,104.86596096291912,96.74523593986238,91.72594747299692,99.22968667960012,90.66646748620359,24854742
1666877400,96.98,97.9,96.215,97.47,107.68557991355148,104.85442008644851,97.84403273325682,91.52468403604514,100.13449559951411,91.43791812283064,20270036
1666963800,96.86,97.625,96.41,96.8,107.64578326075362,104.89421673924637,98.67455970807103,91.38162659444147,100.83546221973968,91.10651308795184,22244089
1667223000,96.36,96.62,95.03,96.11,107.04802176932378,104.3519782306762,98.20765462584467,91.13471134090561,100.2296418352111,90.72279450223299,23956687
1667309400,97.38,97.42,96.21,96.77,107.03118033934638,104.3688196606536,98.97386901735378,90.73067447261585,99.62512139819273,90.31993229708849,17585088
1667395800,96.91,97.63,95.96,96.35,106.70660717634314,104.05339282365685,99.70335364819765,90.79166703409616,100.14685999484038,90.09446142693919,25010515
1667482200,95.17,96.38,95.09,95.83,106.67773201950692,104.08226798049307,99.76825532562457,90.48778975899474,99.76825532562457,89.74436126867137,29097497
1667568600,95.1,95.655,94.22,94.22,106.66471956423823,104.09528043576177,99.63918079132257,90.47286100615855,99.63918079132257,89.37359741853753,23561369
1667831400,94.8,94.86,93.24,93.28,106.66748695947247,104.0925130405275,98.64040932924101,89.60375373464171,98.64040932924101,88.75770071580021,14522820
1667917800,93.8,94.96,93.7698,94.3,105.7446892643686,103.1653107356314,97.99754612613016,88.88971122469576,97.99754612613016,88.24618440791176,20360550
1668004200,93.82,95.02,93.69,94.61,105.56005107116329,103.03494892883671,98.81381201079755,89.49370379021354,98.81381201079755,88.23360135171104,15637456
1668090600,96.725,98.43,96.64,98.25,105.65736562164906,102.93763437835094,99.10478956223179,90.8531570751309,99.10478956223179,88.07105295171972,45380877
1668177000,97.57,98.37,97.54,97.89,105.29002268006371,102.5799773199363,102.10642405013311,93.38482266003615,102.10642405013311,88.71594184051693,15943114
1668436200,97.91,97.985,97.09,97.65,105.09460754056119,102.39539245943882,101.90834935709583,93.32097179406841,101.90834935709583,88.45820281476047,13711928
1668522600,98.25,99.3,98.11,99.23,105.11227411505682,102.37772588494319,101.78695435532586,93.25426798402967,101.78695435532586,88.21968086204014,26608180
1668609000,100.02,101.45,99.74,101.4,104.3102005075707,101.52979949242928,101.3130555579968,93.91374395860824,103.2038038216704,88.31424377795126,28507673
1668695400,100.2,100.57,99.78,100.33,104.3023664209258,101.5376335790742,103.82245507984995,94.94050138589684,105.15336202164937,88.53412221251848,24536378
1668781800,100.6,100.885,99.545,99.64,104.30374663556262,101.53625336443736,103.13607723013763,94.56754953800441,104.31256898209888,88.1957832671835,14941277
1669041000,100.69,100.815,99.8,100.06,104.30518288997634,101.53481711002364,102.85932325876666,94.79670384955207,103.77571761922309,87.91053580199393,15534009
1669127400,100.65,101.62,100.5319,101.48,104.3181274162892,101.52187258371077,103.49729815564679,95.42886443674115,104.20960883129713,87.85205885066108,18103116
1669213800,102.14,103.25,102.08,103.25,104.32516278492444,101.51483721507554,104.5615691009438,96.46642513136595,105.54193795688514,88.09674290347189,23234587
1669386600,102.61,102.93,102.43,102.9,104.07726587537806,101.28273412462195,106.24559913889557,98.47831780568872,107.20217418569206,88.3838118421964,9486076
1669645800,103.61,103.805,102.685,103.19,104.07558394404512,101.28441605595489,106.10333982727673,99.14816519044092,106.952086486057,88.52447205500441,14569219
1669732200,102.15,102.96,101.91,101.98,103.99480144171466,101.19519855828536,106.60967444028435,100.86728860554682,107.27756624161708,89.02672244787153,16576438
1669818600,101.615,102.73,101.37,102.73,102.58653204327443,99.82346795672555,106.24829523984856,100.04897740431795,106.24829523984856,88.61802709142385,21581659
1669905000,103.15,105.81,103.1,105.76,102.61658983994782,99.79341016005218,106.8291745177436,100.63377381529908,106.96753959057023,89.0821052940303,53156786
1669991400,105.3,107.1,104.605,107.09,102.09684361868635,99.27315638131364,109.16267076784771,102.80127902320346,109.82251821948205,89.95859976482883,24479525
1670250600,105.84,105.99,104.9,105.59,102.07259089595338,99.29740910404662,109.60517134167942,103.44862631512228,111.11760365110912,90.71395050510745,20159732
1670337000,106.5,107.39,106.19,106.95,102.06769916210241,99.30230083789759,108.38979463865591,103.02861567328212,109.77282790642522,90.15513495432145,21754513
1670423400,108.37,109.68,108.2,109.47,102.17420323442481,99.35579676557519,109.68298569137484,104.05280975674242,111.09904118873345,90.70197007106628,30546679
1670509800,108.7,109.45,108.47,109.17,102.17444606133678,99.35555393866322,111.26081080792629,105.30412821180082,113.52172048192212,91.66856238662047,13377290
1670596200,107.94,108.17,106.27,106.33,102.20979663576446,99.32020336423555,111.49510748130486,105.49379991470012,113.29467167111679,91.56850886418222,25872173
1670855400,107.86,108.11,106.26,106.67,102.21007867705963,99.31992132294037,110.53490076313913,104.16159897214831,110.96763969941681,90.40522781080772,16897091
1670941800,109.04,109.08,107.455,107.7,102.21463307134393,99.31536692865608,111.032624805902,104.48079053193452,111.40026873659502,90.54470344539536,23854670
1671028200,107.66,108.32,106.8927,108.16,102.21562519185778,99.31437480814222,111.8066120250612,105.31830755489332,112.35469570415464,90.9990919192247,19517531
1671114600,108.39,109.12,108.16,108.32,102.21173299544482,99.31826700455518,112.35466779030733,105.53306370529144,112.8778990750533,91.20583176635975,20255470
1671201000,106.6,107.83,106.31,107.11,102.21855856069058,99.31144143930942,112.73049541441638,105.54886783967166,113.16322929539997,91.28021935094,20838343
1671460200,105.83,105.84,104.98,105.31,102.22881388521968,99.30118611478032,112.27502493960361,104.62677869659984,113.14638227135593,92.20087364045996,26126829
1671546600,103.38,103.81,103.1,103.44,102.22971137278398,99.30028862721603,111.32352847091845,103.07571410224703,112.91390435327824,91.28437872111246,28869030
1671633000,104.29,104.4,102.96,103.7,102.19422691372958,99.33577308627041,110.18302768236649,101.41055748212074,112.50906147337582,91.15410205039421,15894092
1671719400,103.67,104.12,103.38,103.68,102.19316054914725,99.33683945085276,109.96490164603003,101.55887929232915,112.85759669067521,91.29912621868809,11322512
1671805800,102.58,102.81,102.0225,102.16,102.18457217392918,99.34542782607082,107.80387213266886,101.48207442343765,113.08137975567969,91.2843242400938,15408891
1672151400,100.49,101.07,100.01,100.14,102.16682064116533,99.36317935883469,106.69556552633897,100.08354141865497,112.59844464955401,90.67369129353717,26475730
1672237800,100.65,100.78,99.35,99.55,102.10308130162899,99.426918698371,105.52651586951363,98.22090934457627,111.777712935357,89.38213971051877,17302853
1672324200,99.86,100.99,99.79,100.68,102.11033019038936,99.41966980961064,104.14811786788162,97.63237156318749,111.5967676726507,88.98732303577891,16592967
1672410600,99.87,100.55,99.37,99.56,102.10781044271098,99.422189557289,104.23827629458756,98.49351280054574,112.3097789052966,89.87752229669293,20810209
1672756200,102.2,102.34,100.84,101.46,102.11874051879087,99.41125948120913,103.2774335879761,97.48922416098935,111.81236043624617,89.82180366025045,25313228
1672842600,103.22,103.475,102.21,102.85,102.12971331661984,99.40028668338014,104.60976811544596,97.71750598784374,112.98496402583544,91.55473208422089,21678210
1672929000,101.87,103.288,101.78,103.28,102.1252782610318,99.40472173896819,105.17888609723347,97.71939803661758,113.9017970690318,93.36307716021427,14771117
1673015400,102.7,105.3,102.64,105.18,102.1421690720987,99.38783092790132,104.44992175947449,97.58832959785185,114.28756731572633,94.34558736004954,27473733
1673274600,104.41,105.93,104.27,105.74,102.1371660014445,99.3928339985555,105.5313811169779,98.0677000530096,115.54515837653717,95.82831883871707,21472166
1673361000,104.53,104.82,103.5,103.99,102.13918979167046,99.39081020832954,106.63054537568757,98.17187652815593,116.03442898201558,96.27489678951038,20545215
1673447400,104.97,105.72,104.7,105.68,102.15211853091931,99.37788146908068,106.68228535036506,97.81290056661959,115.11320021883205,95.85768003074924,18794029
1673533800,105.82,107.81,104.56,107.76,102.17094726121051,99.35905273878949,107.88068188668991,99.54860992944882,116.29834988324521,97.88776752983232,32029608
1673620200,107.1,107.8,106.38,106.75,102.17070839883915,99.35929160116085,109.41300212372187,101.58267640589143,117.7498303194469,98.51349107351186,17750775
1673965800,105.67,106.66,105.65,106.06,102.16894646221493,99.36105353778507,109.30366777723795,101.16306234718448,117.26139179395821,98.11388103160391,13911676
1674052200,108.46,108.77,107.12,108.63,102.19562514835492,99.33437485164507,109.20095554924347,100.95702900378288,116.9497040572578,97.79256066911717,35497241
1674138600,108.1,108.37,107.44,107.95,102.19904021708368,99.33095978291632,111.15111523415091,104.0506978870531,118.7755248894542,98.7450612330462,17194653
1674225000,106.96,107.24,106.11,106.2,102.19473223046776,99.33526776953224,110.9664969576551,105.70156132923597,118.46936374742499,98.45047367280539,22754067
1674484200,105.57,106.2,105.49,105.7,102.17684243415819,99.3531575658418,110.38582937114272,104.37005533368871,117.41080061549985,97.66681269576921,12961516
1674570600,106.12,107.45,105.39,107.22,102.16221515528086,99.36778484471915,110.45113528274851,103.94046808241545,117.17633204169275,97.3881881505302,16417220
1674657000,107.37,107.905,106.64,107.48,102.86029597850887,100.05970402149113,111.4674291761578,105.28162699402557,118.34925427653627,98.04073186838471,11906502
1674743400,107.14,107.65,106.49,106.98,102.82128449423485,100.09871550576518,111.06372311046022,105.22753923777402,118.64716184255143,98.13308341684619,15549352
1674829800,106.19,106.96,106.11,106.71,102.81286950169368,100.10713049830635,110.30213823532371,104.87357836017165,118.40043265779808,97.86217288401053,11845473
1675089000,106.46,107.16,106.19,106.32,102.80965867915828,100.11034132084174,110.23988828910208,104.60780044580147,118.30796593628946,97.69558490324923,11459667
1675175400,106.98,107.28,105.87,107.17,102.8079217744192,100.11207822558082,110.05505402262334,104.26989573125566,118.11906741962069,97.46230444471203,13705345
1675261800,107.55,108.59,106.42,108.18,102.8066517790351,100.11334822096491,110.69537333699839,104.72306223082452,118.84124766410389,97.87484884755288,25305791
1675348200,108.92,109.352,108.085,108.32,102.80514594280235,100.11485405719766,111.47793399475191,105.35678459117615,119.68921964854054,98.38914757800697,19548415
1675434600,106.77,107.11,106.08,106.7,102.81992631631722,100.1000736836828,110.72314104516978,105.44266132118246,119.89275890815232,98.45207904877958,20619484
1675693800,105.75,106.305,105.68,105.91,102.8218725630298,100.09812743697023,109.20530075813535,104.26071998606764,118.75703747565123,97.54618373304851,15182444
1675780200,105.33,106.23,105,105.06,102.80669389213143,100.11330610786858,108.45647178598738,103.63390002232356,117.60950917609343,97.0750718062287,18290306
1675866600,105.04,105.58,104.39,105.56,103.02659781142694,100.34340218857307,108.09642786405199,102.93966344697431,116.90138495942182,96.55540344812073,13530655
1675953000,106.47,106.62,104.39,104.56,103.02939592438219,100.3406040756178,108.23789925920877,103.27894346655901,115.35322612457304,96.81257713183334,20469923
1676039400,104.4,104.44,103.115,103.39,104.53377918794465,101.78622081205536,107.8178845033309,102.80245245186443,114.56842903072561,96.18999803577508,16598349
1676298600,103.71,104.415,103.58,104.26,104.68012153515723,102.08987846484278,107.22696541615286,102.63473016414206,113.62863501083287,95.448730955548,13134299
1676385000,104.2,104.83,103.135,104.02,104.6794159967476,102.09058400325243,107.57554204271656,102.78097857247974,113.21054410590133,95.93798012115973,15440317
1676471400,103.55,103.95,102.495,103.05,105.20199854470712,102.58800145529288,106.57899621412886,102.33470978112823,112.88107507097007,95.75579080741979,15567607
1676557800,102.07,102.22,101.33,101.59,105.8286899624278,103.20131003757218,105.77527797576515,101.61420163336325,112.04035564371522,95.11636322831643,19267327
1676644200,101.1,102.38,100.965,102.38,105.8019773309015,103.2280226690985,104.60520881510436,100.44053125395263,110.75449137765025,94.15346736775973,19560871
1676989800,101.005,101.2,100.28,100.39,105.82031834221543,103.20968165778457,105.11643916192149,100.76047283440336,111.15174240659803,94.61352275887677,22727975
1677076200,100.99,101.69,100.95,101.31,105.8223899386814,103.2076100613186,103.41320042735329,99.23035580500435,108.87307084099137,93.28782051945709,15165423
1677162600,101.54,102.59,101.47,102.3,105.82725329118618,103.20274670881383,103.15089879526717,99.71918198686697,109.58812294810868,93.84087036136654,15829077
1677249000,101.44,101.795,100.56,100.97,105.82593464348474,103.20406535651524,103.292755549388,99.536297660699,110.37060530363935,94.448210748671,21403577
1677508200,101.29,101.7,100.91,101.25,105.80614450653313,103.22385549346687,102.16769579298887,98.9693687536898,109.35114139631969,93.53457375178763,14209183
1677594600,100.57,101.72,100.28,101.71,105.80701326205701,103.222986737943,102.31019762988356,98.97075862740603,109.5843580849496,93.68122912327384,14955716
1677681000,100.82,101.03,99.96,100.37,105.81756708326539,103.21243291673461,103.09547957186747,98.92792823105046,109.96489214904616,93.95206198557165,19000033
1677767400,99.06,99.645,98.88,99.48,105.5758216836914,102.98417831630859,102.26834664469442,98.221311139987,108.89731905751005,93.01350999772797,23769180
1677853800,100.93,101.9,100.57,101.89,105.61052315682589,102.9494768431741,101.61372476678632,97.56075780501689,108.1845239994333,92.36849923042548,30877342
1678113000,102.22,102.34,100.99,101.1,105.55652797462082,103.00347202537918,103.43254046824485,98.93709122424573,110.15617345324713,93.97621221775931,16631871
1678199400,101.46,102.365,100.88,101.72,105.54780503897355,103.01219496102645,102.84710460263761,98.38716756484673,109.51763459593018,93.40462060851118,23096462
1678285800,102.4,102.97,101.42,101.82,105.53569936527003,103.02430063472998,103.36936989177347,98.70869138953138,110.0428595012578,93.80032130592038,20252359
1678372200,101.55,102.52,101.33,102.07,105.52386268108073,103.03613731891927,103.47716584927744,98.7837122921136,110.13872633771362,93.96513103565613,21550356
1678458600,104.03,105.6939,104,105.59,105.44981718406994,102.88018281593003,103.98858267560962,99.12146460074479,110.36147024647747,94.31884074357153,43921484
1678714200,108.2,109.1,105.04,105.83,105.4004117063393,102.83158829366069,107.06854219671412,100.69315077148191,113.34291256096304,97.05334810051035,51502460
1678800600,105.14,105.61,103.75,104.09,105.37252399096634,102.85947600903366,107.42777376467528,100.9183404639813,113.57581536036581,97.23426670165931,38417777
1678887000,106.78,107.71,105.345,106.1,105.39709398063013,102.83490601936988,106.75809555812985,100.48591669736847,112.12557775986888,95.86391594849596,45164118
1678973400,107.38,108.03,105.04,105.27,105.39450738524394,102.83749261475606,108.21000247575763,101.7521385612701,113.8655003747293,97.43494631310564,43103531
1679059800,106.65,107.73,106.46,106.85,105.40854011827055,102.82345988172945,108.18923102541537,101.32314812488904,113.18196083609749,97.77743628275476,38128985
1679319000,106.88,106.96,105.72,105.91,105.4132053776486,102.81879462235142,109.65769344434214,103.64868484285635,114.56870112980172,98.67817259717994,24242781
1679405400,105.08,105.42,104.54,105,105.40988683852564,102.82211316147436,108.94209583737366,102.94985931444987,113.78490199910362,98.35408547586695,18934923
1679491800,104.66,106.45,104.44,106.4,105.40273936822815,102.82926063177185,108.64163644504102,102.22656806197816,113.01676300417037,98.00174223591299,26388481
1679578200,105.36,106.55,104.82,106.4,105.38034944864124,102.85165055135874,109.67563773043582,104.55444018548451,114.26275944287748,98.43742746661685,25475128
1679664600,107.09,107.43,106.26,106.85,105.38102507637228,102.85097492362772,109.88007456267174,104.56464611870814,114.28800858065259,98.40520396935341,23657586
1679923800,105.05,105.76,104.325,104.34,105.41978170601124,102.81221829398875,110.02816448760129,104.96474974963333,114.70881027359181,98.54607917244809,22224508
1680010200,104.24,104.68,104.02,104.53,105.40501437406539,102.82698562593461,108.1368337689473,102.75818472917057,112.50913174743728,97.51868662698953,17794343
1680096600,103.7,104.45,103.6,104.32,105.37714873810289,102.85485126189711,108.19750317802891,102.91454170607155,112.69430854077717,97.5427916408163,16804393
1680183000,104.46,105.05,104.27,104.8,105.37515348371414,102.85684651628584,108.16937775718289,102.7155014759509,112.52215872956955,97.40151484034573,14315802
1680269400,105.35,106.56,105.075,106.37,105.38112894319806,102.85087105680194,108.48992013160701,103.14145660097714,111.39032602858043,97.56474313648765,25396684
1680528600,105.88,107.095,105.7,106.6,105.37112021822308,102.86087978177693,108.62183588802127,103.93724318673702,111.6489517852584,98.23224479417915,18234843
1680615000,105.78,107.8,105.75,107.13,105.34999416291757,102.88200583708243,108.84543918733614,104.10760965164133,111.53400557643371,98.31551301476583,18052419
1680701400,107.77,108.37,107.41,108.25,105.34499137440861,102.88700862559138,109.3168065611862,104.37594524840974,111.53179625588173,98.54504671928828,23047703
1680787800,108.42,108.87,108.39,108.53,105.34441775137819,102.88758224862181,109.64681284743702,104.78885973544243,112.60711076039163,98.93571638704948,16447295
1681133400,107.64,107.7618,106.56,106.78,105.34212900154014,102.88987099845986,109.92616174341374,104.9618004616454,112.88117182228734,99.03485781507516,19134399
1681219800,107.05,107.09,106.51,107,105.34054431849836,102.89145568150165,108.95105334670546,104.24223641029533,111.39987439392598,98.33505595960891,13971249
1681306200,107.05,107.165,105.88,106.89,105.32019531429646,102.91180468570354,109.26055513739212,104.39503366387854,111.64521509753621,98.43263041876796,20563001
1681392600,107.05,107.39,105.88,106.05,105.30684528284338,102.9251547171566,109.39759863691354,104.31860550185615,111.61581888053065,98.36436566803849,22079384
1681479000,105.39,105.55,104.77,105.08,105.28457808293537,102.94742191706463,109.19915311472718,103.59037342982973,111.05671864831781,97.91068526524904,19801897
1681738200,104.42,104.59,103.71,103.83,105.28842877321196,102.94357122678805,108.82128434222977,102.70749954595486,110.4799283795633,97.37155148494396,19528811
1681824600,103.81,104.585,103.8,104.2,105.28680179065964,102.94519820934035,108.20869279005935,101.56029885491793,109.6738493087404,96.66095980618454,15922623
1681911000,103.91,104.237,103.475,104.1,105.2421430961547,102.98985690384531,108.3778730204473,103.11219036699781,109.9867111693119,96.83445590280107,16093905
1681997400,104.83,105.28,104.753,104.99,105.24592382918483,102.98607617081517,108.31275014345894,102.72834234272335,109.96474179360357,96.74912453112412,16450090
1682083800,105.3,105.46,104.27,104.4,105.22844861156183,103.00355138843817,108.87491667941327,102.66300134023473,110.66243974499885,97.22709932151888,15244718
1682343000,104.96,105.4875,104.84,105.41,105.23422940172524,102.99777059827477,108.18424519966698,102.20827735378445,110.27749353373522,96.86609051859739,17034309
1682429400,106.33,107.13,106.28,106.96,105.23494102925488,102.99705897074512,107.78390381697803,102.42044013514257,111.07867830842683,97.42775732549973,21899884
1682515800,106.79,107.24,105.67,105.82,105.2430007164487,102.9889992835513,108.8070747535151,103.00399494823495,112.29899504414743,98.3126736366091,19610403
1682602200,105.2,105.27,104.61,104.77,105.24868339214096,102.98331660785904,107.36751702989814,102.37019189131199,111.49034711045923,97.63484772666654,20247619
1682688600,106.21,106.76,105.86,106.46,105.26800130315506,102.96399869684494,107.17348589625617,101.7148421461519,110.72680788472945,96.99425850961214,26954077
1682947800,105.27,105.42,102.84,103.13,105.33913152412345,102.89286847587654,108.20694434358863,102.5668893571746,112.08330959741812,97.99053125614756,32487293
1683034200,104,105.7,103.89,105.7,105.37750881649235,102.85449118350766,106.61154063733309,100.98680497007295,109.84358143991713,95.95369675360277,30057756
1683120600,106,106.6,105.275,106.29,105.37348507777193,102.85851492222807,107.88687813506714,102.84773068339791,111.5753652675263,98.59276796515975,23656168
1683207000,105.22,106.45,105.15,105.24,105.25200384819408,102.72799615180591,108.38815124156966,102.85944196242696,112.08607311339888,99.52487268615145,25110469
1683293400,104.35,104.9,104.105,104.89,105.23781919311278,102.7421808068872,107.71045852590717,102.3773769115468,111.28052905652166,99.07809126639509,15096463
1683552600,103.515,103.87,103.32,103.42,105.24738655705875,102.73261344294124,107.5486348182044,101.86837395517546,111.02865259883437,98.83458908675706,20587042
1683639000,103.5,103.64,103,103.05,105.24403578694245,102.73596421305754,106.655248376027,100.63277867425003,110.24162124332427,98.53376836621267,19182506
1683725400,103.67,104.24,103.64,104.05,105.24904562924097,102.73095437075902,106.18679592442305,100.25443051769584,110.08995596279804,98.4584119792648,22886805
1683811800,105.295,105.52,104.72,105.15,105.25059787162395,102.72940212837605,106.92629436531395,101.04120929555705,110.67557299414474,99.20877043335672,19147223
1683898200,105.05,105.25,104.25,104.27,105.24673624340207,102.73326375659792,107.81360572790899,101.91394626453712,111.35654240506133,100.24922835621531,14198538
1684157400,103.39,103.47,103.12,103.19,105.24930404080511,102.73069595919488,107.16223189899353,101.17313558808746,110.89703402253454,100.38914859617373,20085302
1684243800,102.4,102.9,102.11,102.88,105.24954273034184,102.73045726965815,106.29236143639206,100.20338482287826,110.32262924317627,99.82308596222302,29251698
1684330200,103.08,103.16,102.345,102.58,105.24424039165797,102.73575960834202,106.03040826103265,99.9038365566189,110.1755267974259,99.54762042034906,21340887
1684416600,102.2,102.26,101.75,101.82,105.23406780017523,102.74593219982475,105.76737638851779,99.61306566680102,110.02682730829328,99.27800362148787,25536613
1684503000,101.26,101.86,100.93,101.1,105.23323436870905,102.74676563129093,105.0932701164983,98.90836100692086,109.58949293167053,98.65670401032101,29038022
1684762200,101.25,101.71,100.67,100.74,105.20740687332929,102.7725931266707,104.43841381070294,98.23532617855895,109.16045129127309,98.05806429103191,20131107
1684848600,100.43,101.25,100.275,101.03,105.20211601829858,102.77788398170141,104.0953670881289,99.2291934957421,108.94538583368372,97.73235817275173,21749470
1684935000,101.28,101.36,100.53,100.53,105.1968176593694,102.78318234063057,103.46815252362599,99.36330337935887,109.14159001863315,97.91373225009458,18473351
1685021400,100.7,100.8,100.03,100.28,105.18531586639722,102.79468413360277,103.0105848489984,98.89841447113125,108.82818211413813,97.47893585360482,22492819
1685107800,100.12,101.1733,100,101.09,105.18945583386686,102.79054416613313,102.7584135634666,99.13944413464498,108.67103852440229,97.23952463433275,17030266
1685453400,101.4,102.24,101.25,102.1,105.19503071499541,102.78496928500456,103.42800119096268,99.2906404628668,109.21567494766681,97.84525224337713,23125160
1685539800,101.99,103.18,101.87,102.99,105.1871084808844,102.79289151911559,104.29481082163453,99.47863947922072,108.9488231783456,98.61913516718342,23787034
1685626200,103.28,103.63,102.63,103.12,105.74721716085953,103.35278283914046,105.07567620029403,99.72844564358185,109.56246077427151,99.30550778368332,21040382
1685712600,103,103.065,101.94,101.99,105.71556102020607,103.38443897979391,104.2661680332043,99.6657940089232,109.2856037787037,99.38726107188,19136515
1685971800,101.35,102.4399,101.21,101.8,105.71124738863028,103.38875261136972,103.67492837169753,99.07252507360235,108.4394607221337,98.44994127298303,14433172
1686058200,101.84,102.47,101.39,102.4,105.71103870726489,103.3889612927351,103.7488294168273,99.2701361727055,108.13712086727375,98.27067473846196,14332121
1686144600,102.17,102.43,100.78,100.88,105.7275114276045,103.3724885723955,104.21245135707252,99.89049517817023,107.16862371777361,98.73782730869405,25251099
1686231000,100.87,102.14,100.8,102.06,105.73709344439985,103.36290655560015,103.396388666774,99.22197784113378,106.0043352865142,97.46727482022852,23848659
1686317400,101.6,102.265,101.34,101.92,105.64846394930731,103.4515360506927,104.18292509602603,99.95308702165869,106.89264127733362,98.41696126688505,22148561
1686576600,102.24,102.3,101.12,102.22,105.53258918950469,103.33741081049531,104.14175889954092,100.33336145650426,106.30073378778573,98.28116982145346,19024132
1686663000,102.11,102.33,100.965,101.21,105.51913046124008,103.35086953875994,104.41158389401568,100.48711329379057,106.56131580529795,98.51093548403009,25910828
1686749400,101.63,102.29,101.46,102.02,105.49374818979071,103.3762518102093,103.72506725551513,99.93301403129959,105.65150139015715,97.651097401496,29094244
1686835800,103.03,103.63,102.6,103,105.49754977635213,103.37245022364787,104.3354247265611,100.26574276888971,106.37038936786831,98.30902751651541,25731994
1686922200,102.44,102.8269,102.03,102.6,105.47902594813478,103.39097405186523,105.15586780213897,100.78592036218382,107.245493043038,98.67233196586893,16759084
1687267800,103.11,103.6581,103.11,103.31,105.47784966707027,103.39215033292973,104.8665664523218,100.53534631271336,106.88171311096237,98.48858388627087,17163972
1687354200,102.81,103.65,102.34,103.56,105.47270365247863,103.39729634752138,104.93447653203613,100.97774854109343,107.51886968430648,98.60510873399491,19720142
1687440600,102.8,103.25,102.2,102.31,105.46858075632704,103.40141924367295,104.46261966935366,101.14997672817589,107.74271362378975,98.60879217632893,23633350
1687527000,103.83,103.95,102.98,103.33,105.47768562139154,103.39231437860848,103.73675154891944,100.29361910686207,106.60614885328074,98.16942487821373,22901918
1687786200,103.62,103.8,103.16,103.44,105.47604294009264,103.39395705990736,104.52950757670997,101.00464396927006,107.51829872631806,98.41531903122414,12894937
1687872600,103.59,103.95,102.76,103.17,105.42982089079541,103.44017910920459,104.68985310338597,101.81264775144577,107.62007977214512,98.39045598194089,18105686
1687959000,103.41,103.84,102.827,103.61,105.4311755543312,103.4388244456688,104.53897080519025,101.57188421798288,106.91292150142336,98.24359480265937,23826807
1688045400,102.17,102.34,101.45,101.74,105.45851637917487,103.41148362082514,104.94078395805627,101.97936888398264,106.71358761044932,98.33694385710353,41091617
1688131800,102.06,103.06,101.87,102.94,105.46872267255446,103.40127732744554,103.88937496736595,100.76964939401323,105.00506751373031,97.61715016143792,32024910
1688391000,102.84,103.255,102.06,102.08,105.45417246089978,103.41582753910023,104.57588322615855,101.64464503262806,106.09956752879678,97.99254505145443,16011810
1688563800,101.89,102,100.74,101.11,105.46001762268196,103.40998237731806,104.0870528763162,101.0240392502271,105.30820882070334,97.6137620089355,28170286
1688650200,100.2,100.38,99.47,99.68,105.20415935455976,103.13584064544024,103.55103595408656,100.15112339192937,104.41119422003136,97.14934689090308,41375735
1688736600,99.18,99.6,98.985,99.08,104.94976858609823,102.9052314139018,103.02837993711495,98.6353982741699,103.42372746441424,96.25955328154579,28996478
1688995800,98.86,99.53,98.85,99.21,104.32134103849702,102.29045896150296,102.35060488989167,98.01367429547184,103.25389668431949,95.82279697192966,24665198
1689082200,99.57,99.97,99.29,99.72,104.11815303647757,102.12184696352244,101.84853718035117,98.01808905480371,103.2583283656387,95.86518791462566,20491147
1689168600,100.1,101.12,99.765,100.83,104.12963508387153,102.11036491612847,102.02180672083952,98.02156903738782,103.3871286460131,96.1288924789471,31927964
1689255000,101.31,101.97,101.03,101.89,104.14026786148622,102.09973213851379,102.55519783136623,98.15051342475742,104.12528384415832,96.77134047700724,32441493
1689341400,101.72,101.935,101.235,101.29,104.06250618369396,102.027493816306,103.2962603427102,98.35826686514818,105.10830784222449,97.3350590772273,18568974
1689600600,101.23,101.485,100.92,101.34,104.05656194499002,102.03343805500997,102.83957072477205,98.0128841626661,104.41853056052065,96.96473850011719,18828245
1689687000,101.8,102.065,101.57,101.8,104.04752092001323,102.04247907998675,102.74959417122949,97.93194385302841,104.46677549451492,96.95352920451971,15412764
1689773400,102,102.98,101.725,102.95,104.05734234121223,102.03265765878773,103.20171882188245,98.07694912795743,104.92227715810643,97.17780250298325,27192463
1689859800,102.22,102.31,101.28,101.7,104.06909389194739,102.0209061080526,104.07234199749006,98.62944632904001,106.0637823608221,97.80305155254659,56951188
1689946200,102.16,102.345,101.63,101.73,104.06252723641843,102.02747276358154,103.4654409678505,97.91028915862567,104.82103322261418,97.05382161286454,20657453
1690205400,101.985,102.15,101.3,101.36,104.06115563330528,102.0288443666947,103.59103247305163,98.18568714875249,104.8499599191092,97.03956806334084,17546711
1690291800,100.83,101.5,100.8,101.17,104.05265537126468,102.03734462873528,103.58959702307375,97.90423681441847,104.48070315499788,96.86074268177691,17160556
1690378200,101.68,101.69,100.9256,101.27,104.03299523089176,102.05700476910822,103.65424419476561,98.33336467307504,104.29033940695324,96.70845119836503,19310659
1690464600,100.71,100.925,98.91,99.3,103.81210447557184,101.79789552442816,103.80340071760132,99.1947495338695,104.38889646002963,96.75089658941144,44794390
1690551000,99.4,99.86,99.15,99.81,103.80823736689275,101.80176263310727,102.9789080527838,98.68435787246024,103.05470720564776,95.38368332606395,27433966
1690810200,99.65,100.33,99.62,100.05,103.70428380186662,101.74571619813337,103.24353879209724,98.85703253769864,103.31045157638582,95.70316384341791,28665164
1690896600,98.84,98.915,97.9,98.14,103.170807501198,101.329192498802,103.35865716586068,98.58248329938259,103.43325909452949,95.84076691678766,34985340
1690983000,97.04,97.235,96.41,97.09,102.36700683491227,100.64299316508772,101.8953924627986,97.4628692108707,102.41244190166479,94.71712505431171,38121255
1691069400,95.19,95.32,94.535,94.85,101.38471600522453,99.6002839947755,100.33345508642763,96.001205603283,102.09763500228328,93.86849133573388,59449684
1691155800,95.15,96.68,95.13,96.53,100.9417636895547,99.1132363104453,98.57729419774908,94.02204870966207,101.38684262882256,91.98698705573928,42071834
1691415000,96.11,96.2,95.5,95.58,100.9476550949328,99.10734490506721,99.02843903227969,94.17416621168402,101.82577909935287,93.37594239664826,35862880
1691501400,96.86,97.37,96.44,96.69,100.94760199143246,99.10739800856754,98.12407521126009,93.09974832684219,101.4624171344484,92.56699021221868,24010511
1691587800,96.88,97.29,96.84,97.19,100.95029236778298,99.10470763221704,98.17710777445369,93.1807982721654,101.76870878392096,93.1807982721654,20151127
1691674200,97.04,97.355,95.59,95.59,100.96077769671327,99.09422230328673,98.38517675627034,93.21066866249426,101.89109800241279,93.21066866249426,37253246
1691760600,95.3,95.865,95.2,95.37,100.81233793898603,98.97266206101396,97.32533288575199,92.12269535129883,101.27161689914347,92.12269535129883,26753471
1692019800,95.21,95.93,94.9,95.16,100.15230911219548,98.33269088780455,97.34665937834458,91.80271387203497,101.12813296680878,91.80271387203497,19071967
1692106200,94.798,95.195,94.56,94.58,100.14723914134568,98.33776085865433,97.30172462650916,91.51154162251355,100.98520849662397,91.51154162251355,24125027
1692192600,94.28,94.79,93.72,93.84,99.73936244110928,97.93063755889074,97.01982906545412,90.98222030943215,100.68810074480903,90.98222030943215,23076663
1692279000,93.5,93.605,93.02,93.44,99.3866504345544,97.5833495654456,96.57347714580786,90.33473343918311,100.30997215650193,90.33473343918311,32244852
1692365400,93.43,94.19,93.3015,93.77,99.3855994677778,97.58440053222219,96.27702528512037,89.92664080102178,100.06453745602789,89.92664080102178,24181708
1692624600,92.66,92.76,92.23,92.52,98.9965201801484,97.18347981985163,96.44576364199534,90.06774708472048,100.14060771744498,90.06774708472048,29254118
1692711000,92.64,93.275,92.46,93.23,99.00284013593578,97.17715986406422,95.54186499961911,89.02974592142552,99.4979589868116,89.02974592142552,21323072
1692797400,94.3,95.55,94.23,95.54,99.05461757555514,97.12538242444485,95.99630070227042,90.68902213333847,99.75751608656154,89.48814212667968,38294655
1692883800,95.13,95.55,94.885,94.91,99.05589740263474,97.12410259736525,97.6705594808024,92.1440561031984,100.42886221381293,90.85095127045875,22300818
1692970200,94.66,95.51,94.51,95.22,99.05703608500332,97.12296391499667,97.20705880658645,91.87492609834169,99.83988437867545,90.39755073196979,23865213
1693229400,95.65,95.66,94.8897,95.32,99.05102440277389,97.12897559722613,96.86190860313167,91.83101479278005,99.95314912101989,90.44498441047598,16037346
1693315800,94.97,96.51,94.94,96.31,99.05171179325568,97.12828820674433,97.2449154001959,91.76578512472912,99.95805782905825,90.39240861707306,28478118
1693402200,96.16,96.4,95.88,96.21,99.04423807700424,97.13576192299577,98.11463089142894,92.06798150945156,100.59066521687343,90.85330349270258,17550106
1693488600,96.54,97.05,96.425,96.64,99.0462403042926,97.13375969570743,98.22524577940177,91.99235476135537,100.49173975060272,90.71451471914082,26959665
1693575000,95.8,95.82,94.62,94.85,99.06297392215076,97.11702607784925,98.69149289939644,92.99266288662136,100.83714034212525,90.85216681767717,32469677
1693920600,94.28,94.285,93.49,93.52,99.07586276326495,97.10413723673507,97.37235466397802,92.17975630425349,99.50473905223932,89.74919974130484,29435888
1694007000,94.09,94.11,93.46,93.75,99.07292290979397,97.10707709020605,96.79016181415207,91.43075771525113,98.22577613050251,88.85110455952024,23609041
1694093400,94,94.07,93.68,94.01,99.05952269958738,97.12047730041262,96.93402481668477,91.90587182295917,98.32953645083924,88.90682093851572,18091459
1694179800,94.38,94.9,94.17,94.37,99.04850595222555,97.13149404777445,97.10452861196794,92.64418906150289,98.53077080947594,88.99021307006532,17054175
1694439000,93.7,93.98,93.55,93.69,99.05131398286838,97.12868601713163,97.33173384549585,92.17027174933797,98.82154335197666,89.14593827438308,17061472
1694525400,93.89,94.24,93.5808,94.23,99.05383444251905,97.12616555748096,97.09909518401143,91.58350599314106,98.2114824306285,88.63768429313987,20034330
1694611800,93.92,94.5301,93.82,94.21,99.04787819348924,97.13212180651077,97.41502635108208,91.81752818118879,98.66298919563415,88.92231456219207,23332277
1694698200,93.94,94.21,93.4,93.53,99.04393517959134,97.13606482040866,97.13459378307826,91.71806855481066,98.62795615854293,88.84719324026466,27800615
1694784600,93.46,93.48,92.96,92.96,99.03580284821875,97.14419715178124,95.70875067948985,91.14045642575798,98.012274624464,88.33371553527063,25642922
1695043800,92.85,93.53,92.82,93.49,99.03958226151579,97.14041773848422,95.28247425282221,90.63109833018395,97.48950845237358,87.88801017295191,17963376
1695130200,93.08,93.43,92.8,92.8,99.03650911585699,97.143490884143,95.3310241304858,90.98518977439073,97.94082788616413,88.1889290062562,24947684
1695216600,93.29,93.6,93.04,93.09,99.03701567391461,97.1429843260854,94.57356431636984,90.38165662692683,97.30890633495737,87.6594304022142,29451164
1695303000,91.285,91.365,90.69,90.7,98.29715527688728,96.3428447231127,94.04927254287239,90.57102407604059,97.54992364053855,87.80457596155685,59958747
1695389400,90.81,91.605,90.67,91.43,98.28385831812336,96.33614168187665,92.8276327396732,88.54540151887517,95.38508438610516,86.07620202073184,29530323
1695648600,89.66,90.04,89.15,89.18,97.5544021292783,95.54559787072172,93.05585887412033,89.10509911737395,96.02162539822356,86.53216980900532,45587914
1695735000,89.43,89.62,88.71,88.87,97.27662890906588,95.27337109093415,92.09863206161305,88.28712513678678,94.1583762531847,84.86891799650391,38104127
1695821400,89.535,89.62,88.09,88.41,96.66513205102866,94.67986794897134,91.78422108834512,88.37406293308347,93.88653055173792,84.58260289979502,47111201
1695907800,87.62,88.73,87.1,88.68,96.14866096625983,94.20633903374018,91.2420217841569,87.0225753572623,93.49793882568467,84.18698215868943,60238010
1695994200,89.27,89.49,88.13,88.69,96.13447157893181,94.22052842106817,90.91346543227615,87.0266698787922,93.65743378300122,84.32397221163136,49010145
1696253400,87.82,87.93,86.71,86.93,95.81893229073623,93.87106770926377,90.55226521099728,86.72474484272975,93.6253535345789,84.27423897830941,44704259
1696339800,86.31,86.65,84.885,85.06,94.91981960309295,92.94518039690708,89.40951857456744,85.41294425598396,92.25267627047154,82.91669645676251,71362641
1696426200,85.77,86.31,85.37,86.26,94.92939977171643,92.93560022828358,87.50809908968739,83.70022315848794,91.11733283041433,81.34378346171538,56281598
1696512600,86.105,86.19,85.635,85.83,94.92892764081824,92.93607235918175,87.86959214488036,84.39426702074707,91.68142841980598,82.29927315943695,35758761
1696599000,84.2,85.685,84.06,84.79,94.5178056353286,92.52219436467144,87.41765102174094,83.78939090927496,91.33323950614736,81.91246762970731,62787857
1696858200,85.5,86.8,84.95,86.78,94.55849287110786,92.48150712889215,86.46848676231825,82.77179105017315,90.60038247782492,81.00854234166667,29424888
1696944600,85.85,87.17,85.52,86.66,94.54652415781999,92.49347584218003,87.79515762809756,83.1685293145676,91.86862031075967,82.53017904048595,54743911
1697031000,87.85,88.47,87.6,88.47,94.57094003752587,92.46905996247415,87.6584350349133,82.82981911692448,91.73167933489191,82.38953032595182,58517653
1697117400,88.05,88.1894,85.925,86.07,94.61094863047443,92.42905136952558,89.33651294657415,83.19117877052788,93.20445949851818,83.19117877052788,66986734
1697203800,87.6,87.83,87.17,87.61,94.63602554477866,92.40397445522136,88.58228713120128,82.45416525127852,91.16470087583124,81.84267688090732,44203089
1697463000,86.19,86.37,85.9,86.2,94.64469820149107,92.39530179850895,89.61235975085788,83.02798592156205,92.43274053561478,82.52076947353432,38309794
1697549400,84.89,85.6299,84.5045,85.25,94.31540975692197,92.08959024307805,89.15145498561678,83.0439918601445,91.20664022731174,81.73815158216124,52949096
1697635800,84.38,84.72,83.85,84.5,94.20599015163505,91.98900984836494,88.67424633103482,82.24944872891648,90.35947930063686,81.11232479954377,63724616
1697722200,83.88,84.57,82.74,82.77,93.56389819338354,91.32610180661645,88.19862237859918,81.59786649126521,89.76417979475646,80.5215027713477,87696929
1697808600,82.99,83.54,82.77,83.24,93.33584174634822,91.09415825365178,87.1528559226428,80.12785970995306,88.49370863533284,79.01877529115728,52188750
1698067800,82.81,84.86,82.42,84.24,93.18718933413798,90.92281066586202,87.34283180107002,80.46524720924907,88.74845388139347,79.53934479690191,70890435
1698154200,84.44,85.35,84.09,85.35,92.81400194600455,90.53099805399546,87.96852467973314,81.65557712601058,89.38392709526904,79.9336692044949,46267684
1698240600,84.02,84.13,83.13,83.45,92.51890852178622,90.23109147821378,88.83571027609548,81.7087590593622,90.29246764298225,80.4289316840977,60737170
1698327000,83.48,84.815,83.4,84.73,92.53384940217519,90.21615059782481,87.30222266138793,80.7373975411793,88.69490604848703,79.20615065260358,49704075
1698413400,84.19,84.97,83.74,84.37,91.81607249158428,89.51892750841573,88.34268291492889,81.08342497720577,89.69000768150556,79.846346997762,32362270
1698672600,83.81,84.5,83.24,83.99,91.01820722326573,88.77179277673429,88.03832701037149,80.7528874246272,89.34249120877863,79.52505969764817,45026920
1698759000,84.365,84.77,83.55,83.58,91.01458550915359,88.77541449084643,86.04136221731204,80.41088085690468,88.97565272521094,79.19040537565076,37269235
1698845400,84.04,85.12,84.02,85.1,91.01169362030421,88.7783063796958,85.84023762495173,80.05045147961327,88.58035651330576,78.83546932929556,72308463
1698931800,86.675,87.31,86.22,87.04,91.0240651457774,88.76593485422262,86.92462791845492,80.75451791589049,89.92357671484598,79.71419478797003,69739356
1699018200,88.81,89.05,87.575,87.63,91.02395774968723,88.76604225031281,88.51855750782998,82.25588915746123,91.6497506629445,80.48385397776957,77692250
1699281000,87.07,87.2,86.6,86.78,91.01042826261047,88.76457173738952,88.95615506781793,82.64469962104822,92.1661090645931,80.53360500448008,41341870
1699367400,87.61,88.5,87.59,88.06,91.02286100999503,88.75213899000498,88.41729097109359,83.13995204010516,91.38425059800538,80.17022272817545,37834193
1699453800,88.48,89.62,88.45,89.56,90.87388064518244,88.59611935481756,89.79283312342196,84.4139594814718,92.52942257176343,80.33986534674897,53893384
1699540200,88.94,89.03,86.74,87.5,90.90082444584537,88.56917555415463,91.12986868686312,85.45442345923281,93.87796041761509,80.51137125201396,88975095
1699626600,88.225,88.425,87.7749,87.99,90.90337935784251,88.56662064215749,90.10905656140865,84.75931021786842,91.99728274045282,79.9760860371589,36594021
1699885800,87.22,87.94,86.9,87.79,90.90212679331962,88.56787320668037,90.67724528497351,85.11513582132021,92.43281435395518,79.96850121783552,25661516
1699972200,90,90.15,89.29,89.78,90.92907144556526,88.54092855443474,90.98049111091859,85.06648807353284,92.23950047721172,79.81015525621838,65666823
1700058600,89.01,89.14,88.31,88.52,90.93792966540549,88.53207033459452,92.1368983491148,86.38421033652888,94.05139518852202,80.19292911199655,56205295
1700145000,89.3,89.96,89.25,89.62,90.94608410989893,88.52391589010107,91.86448141300092,86.48029067478986,92.23529926141931,79.7896722595321,49473882
1700231400,90.16,90.425,89.6358,90.04,90.93881004141404,88.53118995858595,92.68656415350453,87.3896065352161,92.91396273795232,79.99086631445388,44100610
1700490600,89.62,90.655,89.61,90.59,90.93760245727408,88.53239754272592,93.16826939672087,87.87601449036667,93.32450250402916,80.02776198330729,40517570
1700577000,90.5,90.8,89.885,90.55,90.90356586289604,88.56643413710395,93.72328834148767,88.35248331429378,93.85873338406728,80.11091678464454,27720966
1700663400,91.12,91.32,90.38,90.87,90.90270776048847,88.56729223951153,93.90626869090588,88.33229590344425,93.90626869090588,80.03704401237513,31215577
1700836200,90.1,90.26,89.79,89.8,90.90845042806463,88.56154957193539,93.52468800296693,88.62350181298982,94.29988028547203,80.0711448368248,20199626
1701095400,90.3,91.34,90.205,91.3,90.92458910482476,88.54541089517524,92.15902084086277,87.68850675707492,93.73056068680599,79.68633956741927,39804428
1701181800,90.91,91.53,90.785,91.48,90.91837160660326,88.55162839339673,93.51668146860494,89.02904963051391,94.92056460507483,80.09597251267869,44989267
1701268200,92.11,92.695,91.775,92.63,90.9277412832342,88.54225871676582,93.72126483524546,89.20199631071517,95.19259296015544,80.83776206570062,61647846
1701354600,91.97,92.29,91.155,91.56,90.30943362633336,87.93056637366664,94.25435558949741,90.11198899613892,96.17419913348522,81.35792748558949,60520870
1701441000,91.31,93.0599,91.1316,92.99,89.83963425887804,87.48036574112194,93.29146610950276,89.29458781624722,95.50167457034956,80.9350861039531,64172227
1701700200,92.49,92.83,92.09,92.615,89.83016356113949,87.48983643886051,94.66271760964231,91.10513000059964,96.71033353392677,81.46698071098189,33766250
1701786600,93.63,94.62,93.565,94.61,89.85382734164101,87.46617265835899,94.33698649545747,91.08452132029953,96.53512375048356,81.30815677499938,73588581
1701873000,95.08,96.05,94.87,95.87,90.44509126968889,88.0249087303111,96.2587617618785,92.15224689592652,98.21604163355886,82.16739606202316,61606082
1701959400,95.18,96.08,95.06,95.32,90.46149517350989,88.03850482649011,96.67432972528019,92.95507273417185,99.33850092925216,82.69387142758164,47970168
1702045800,94.42,94.715,93.91,94.54,90.46230437200805,88.03769562799195,96.63565299293393,93.27225840683072,99.01586997059562,82.49598770176175,44809246
1702305000,94.01,94.44,93.53,94.34,90.46088138627984,88.03911861372018,96.8700572770827,92.78080903290598,98.48445329836497,82.56254866280977,33909733
1702391400,94.15,94.7,93.9004,94.62,90.46132299798015,88.03867700201987,97.12669235774176,92.69371088287966,98.4111781676795,82.51758672546126,36996909
1702477800,95.17,96.98,95.02,96.84,90.94165661190794,88.45834338809206,97.51084933912767,92.96756918099611,98.7299137572177,82.66056957903541,70828499
1702564200,97.66,99.04,97.42,99.04,92.0077157581788,89.45228424182122,98.950778698982,94.69712019760337,100.68003135342224,84.09991837660472,87798591
1702650600,98.69,99.35,98.58,99.15,92.16375997178854,89.60624002821143,100.80031895193505,95.59228177151043,102.63075355224413,85.2550131262838,59941256
1702909800,98.5,98.5,98.02,98.36,92.16428363703767,89.60571636296231,101.07254543405051,95.94274325448005,102.82588562225875,86.57136081128496,34746018
1702996200,98.855,99.26,98.66,98.89,92.16504694120897,89.60495305879101,100.67944362399298,95.80807025736068,102.24513023453748,86.29647555677232,30018415
1703082600,99.11,99.69,98.58,99.56,92.30043672294916,89.80956327705084,101.65884467565756,96.22899987944405,102.78839211927615,88.04788679954025,51229377
1703169000,99.74,99.84,98.75,98.93,92.37726930499225,89.88273069500775,102.41648289280957,96.74930321641229,103.45399467964263,88.73804622297203,65231183
1703255400,99.38,99.38,98.24,98.475,92.34205561140794,89.91794438859205,102.18758474661476,96.49070647868581,102.98644222224478,88.8520933551596,29244249
1703601000,98.54,98.87,98.48,98.76,92.34072399221837,89.91927600778162,101.98774890139777,96.2307321327735,102.66119107542801,88.68743989724732,24019749
1703687400,99.78,100.53,99.5,100.51,92.7010330440222,90.24896695597779,102.32904221096625,96.49429022628212,102.9823587237517,89.00485813257684,45082814
1703773800,100.09,100.57,99.56,99.78,92.72585675583665,90.26414324416336,103.8848511832164,97.83359252347567,104.6034863506461,91.40748731242758,36212985
1703860200,99.13,99.815,98.795,98.88,92.73205369644822,90.25794630355179,103.37213933831646,97.37702217710765,104.02364428792387,90.99444628806638,41616185
1704205800,98.2293,98.65,98,98.31,92.70924265245723,90.28075734754276,102.66861206656199,97.37471483179975,103.2805687916362,90.45781914839455,47797425
1704292200,97.38,98.85,97.15,98.72,92.67778801735405,90.31221198264596,102.22131962934476,97.58763317188124,103.2167336864455,90.12816849177345,58159496
1704378600,97.42,97.64,97.065,97.22,92.68691742718215,90.30308257281786,102.6288308271403,97.8473606796284,103.62605876386904,90.44879816704497,52604511
1704465000,96.5,97.68,96.21,96.29,92.69162388712263,90.29837611287739,101.33402314686117,96.6015329602579,103.36545793909745,89.47891127055716,45894801
1704724200,96.23,97.38,96.09,97.24,92.68381038734277,90.30618961265723,100.2007691898521,95.73651096745643,103.24216623444939,88.87973466096042,39485848
1704810600,96.64,97.165,96.585,96.62,92.66224105489444,90.32775894510557,99.85659007500011,95.82586892221184,103.8235384881203,89.5664412120801,34373950
1704897000,96.92,97.045,96.121,96.17,92.66399893476654,90.32600106523347,99.44829416004247,95.33600190654212,103.77890960108014,90.14637838192941,48227798
1704983400,96.17,96.83,95.71,96.71,92.64395057344053,90.34604942655946,99.11565932015084,94.7798580019298,103.77710558185443,89.84823119164672,78858911
1705069800,96.78,97.27,96.27,96.52,92.59460216331945,90.39539783668057,99.00004840421954,94.79818792015428,104.19608210773578,91.68516085310152,38883928
1705415400,95.62,95.79,94.51,94.82,92.6012532988301,90.38874670116992,98.79203362797423,94.51257365346316,104.28725801379542,92.61310720447891,61716698
1705501800,94.6,95,94.16,94.67,92.5830314531614,90.40696854683861,97.27182798960516,93.41227494964176,103.64056177160461,91.94213459482236,55506807
1705588200,94.46,94.58,93.51,93.79,92.58053526665266,90.40946473334735,97.10383215299156,93.19181209993917,103.70559008969614,91.82543803501767,77339062
1705674600,93.71,94.165,93.26,94.09,92.57398844365314,90.41601155634687,95.76023297641449,92.4134230693472,103.38535895369257,91.06208857264063,47030912
1705933800,94.82,95.08,94.39,94.65,92.54307911607586,90.44692088392415,95.52262925545352,92.53840206384098,103.66101404062381,91.34086251242118,35756416
1706020200,93.89,93.99,93.4299,93.9,92.54853344792137,90.44146655207864,95.7418386296201,92.94541695447882,104.07842227639219,91.85072833969024,35786747
1706106600,94.51,94.54,93.1,93.35,92.90476968020323,90.79523031979676,95.19679220424283,92.28285558771351,103.7847941486731,91.62607719889982,54574914
1706193000,94,94.216,93.57,93.96,92.89787964137096,90.80212035862904,94.77881696994028,91.76931869034442,103.58069236110262,91.10188124547516,57019409
1706279400,93.93,94.07,93.485,93.78,92.91622776207777,90.89377223792225,95.07712402016747,92.21125454566815,104.02784968091918,91.68689025761249,29276865
1706538600,94.31,95.165,94.12,94.86,92.91045383929098,90.89954616070902,94.89587595516035,91.98950930087133,104.02250140446766,91.51626982030119,38243550
1706625000,95.48,95.84,94.74,95.72,92.91131366596822,90.89868633403178,95.88592686012356,92.60860277457587,104.75490881024938,91.9545411429264,40151415
1706711400,96.22,96.91,96,96.66,93.06898717438636,91.05101282561363,96.29050414975616,92.91801752983376,104.61206825945196,92.07063935997645,80646722
1706797800,97.42,98.67,97.19,98.24,93.31572577171191,91.27427422828806,97.1661442541245,93.27277284002545,104.58166752970631,92.26923705350862,84291219
1706884200,96.27,96.62,95.69,96.07,94.45143583270497,92.33856416729502,98.6506056028498,93.88497593424363,105.64580311270042,92.66305916378874,63823250
1707143400,94.63,94.85,94.02,94.13,94.64647720589082,92.52352279410918,98.67940220474678,93.01307592797808,104.48145809898242,91.85270854814796,53827357
1707229800,94.24,95.15,94.211,95.05,94.64918716161964,92.52081283838037,98.34861411291516,91.90125450881877,103.38501195933566,90.94026837198398,33411473
1707316200,94.57,95.23,94.52,94.59,94.71444624874938,92.59555375125063,98.7594335088521,93.47278097470593,103.95897310719815,91.22541894863275,40120215
1707402600,94.02,94.3,93.655,94.04,94.70580133421971,92.60419866578029,98.67061818730758,93.28848976070402,103.77136399883116,90.91553291832355,50087687
1707489000,93.76,94.01,93.6618,93.85,94.68928013510588,92.62071986489411,98.46370500362553,91.66460954589975,103.47602013832523,90.55321558292074,27951308
1707748200,93.9,94.14,93.5001,93.96,94.72991234292238,92.74008765707761,98.39108690435513,91.26930409230336,103.41655695921742,90.35835120743293,27890272
1707834600,92.86,93.059,92.33,92.35,94.7514723024324,92.7185276975676,98.47491524322635,91.1402872099869,103.2361704747116,90.31757814222159,49768460
1707921000,92.3,93.05,92.23,92.82,95.46470101985328,93.41529898014672,97.49143652301295,89.83071791328925,102.2556475936072,89.38046772147328,44191551
1708007400,93.56,93.72,93,93.3,95.43312809146595,93.44687190853405,97.77056294993265,90.02377410538188,102.05014947882985,89.53126023128175,49598494
1708093800,92.48,92.845,92.34,92.76,95.8952860244282,93.92471397557179,97.77168195719854,90.27540176339534,102.41086673784422,89.70343364070197,33116772
1708439400,92.79,93.19,92.72,92.84,96.06715835091457,94.11284164908542,97.3403166755168,89.76379007668127,102.05039638256572,89.31839070245454,24469329
1708525800,92.83,92.895,92.0063,92.18,96.07009592184095,94.10990407815906,96.49012081321605,89.74712715616072,102.12808680094498,89.28152421102702,36404244
1708612200,92.33,92.76,92.265,92.63,96.1601081757975,94.19989182420252,95.03857045489896,89.14347727179836,101.66701259733712,88.81875371516468,45190659
1708698600,92.75,93.999,92.75,93.87,96.17206058956744,94.18793941043258,94.39487057705469,89.44940059981258,102.01298217025635,89.00635548186696,38406710
1708957800,94,94.03,93.19,93.59,96.17229631457164,94.18770368542837,94.8029766961991,90.34427144972287,101.97946843195614,89.67735398872902,27855044
1709044200,93.24,93.47,92.845,92.93,96.37503392129284,94.39996607870714,94.53874156842714,91.03626631766478,101.68888541691777,89.45030888752788,30241953
1709130600,93.08,93.595,92.9,93.52,96.6514008539558,94.70359914604418,93.99457048641476,91.00063821769672,101.17582788798562,88.9874821110236,34574178
1709217000,93.82,94.3,93.78,94.18,96.82954719804502,94.87205280195495,94.67916236073623,91.33087339391125,101.6476813608765,89.29554430950476,51038614
1709303400,93.44,94.51,93.01,94.47,96.81911191590231,94.88248808409766,95.21718298143797,91.99481449782246,101.45652684407239,89.65746542456485,45832788
1709562600,93.7,94.155,93.68,94.09,96.8096987758859,94.89190122411406,95.52395240133241,92.3529125213274,101.69863536373704,89.79565295330676,23864210
1709649000,95.23,95.68,94.965,95.43,97.24843625438879,95.3278637456112,95.31698187992751,92.23468443744217,100.09982672881785,89.51120853267972,37721853
1709735400,95.49,96.17,95.41,95.99,97.24906585490652,95.32723414509348,96.42893279375104,93.0122326286636,101.26411490332907,90.31431680689282,40571580
1709821800,96.36,96.4,95.48,95.9,97.21508580101074,95.36121419898926,96.95637861850608,94.13943092420352,101.75550162049996,90.58775226939788,39075047
1709908200,95.8,96.045,95.48,95.73,97.20157116298292,95.37472883701709,96.95244723045745,94.17698860676455,101.68221270605882,90.5013441324921,25023234
1710163800,95.96,96.01,95.37,95.68,97.19890720402498,95.37739279597503,96.86627381920299,94.081601697026,101.5379803735242,90.36891004264702,17787915
1710250200,95.04,95.21,94.69,94.88,97.19915010055982,95.3771498994402,96.9515145485793,94.38480193092003,101.2803052262275,90.30545361470107,29566000
1710336600,94.5,94.74,94.21,94.42,97.20070991961808,95.37559008038193,96.77168419386744,93.75586116575973,99.44389540281088,89.79857715590444,38270057
1710423000,93.73,93.75,92.86,92.97,97.21874072916172,95.35755927083828,96.73275623107808,93.3848636645834,99.05095647584669,89.47513952038491,58365563
1710509400,93.06,93.19,92.785,92.94,97.17338428918934,95.40291571081066,96.07823605398856,92.16227282057412,97.78183464069788,88.45162103061433,34997707
1710768600,92.73,92.99,92.5,92.66,97.12738020747754,95.44891979252245,95.94640781317567,92.12800536257919,97.75347587523328,88.39540310857109,29519539
1710855000,92.85,93.27,92.69,92.92,97.12826970526089,95.4480302947391,95.77749817052451,91.78075077904363,97.50247404083447,88.1660585385887,26953132
1710941400,93.1,93.79,92.29,92.89,97.12396609107299,95.45233390892702,95.93437528092842,91.6100845907284,97.73200979641419,88.31401086582478,43460080
1711027800,93.27,93.43,92.725,93.09,97.12129672479136,95.45500327520863,95.52081281940973,91.39915358844031,97.70333452403591,88.26087585276753,34276643
1711114200,94.19,94.21,93.78,93.98,97.12571204330082,95.45058795669917,95.15105560229621,91.37328229336708,97.88189710150561,88.37150112062243,30262284
1711373400,93.707,93.75,93.3,93.51,97.12459158977686,95.45170841022315,95.87457659696786,91.84132869610276,98.68588719532615,88.96078977760753,24011759
1711459800,93.51,93.87,93.2813,93.77,97.12448646721585,95.45181353278416,95.45656963254886,91.46679178077181,98.26151893336777,88.61429131438321,34422997
1711546200,93.99,94.7,93.94,94.7,97.13316221773522,95.44313778226478,94.45412411902454,91.5914349172608,98.49893433711974,88.9165683901413,50157816
1711632600,94.49,95.02,94.32,94.62,97.1032242615786,95.4730757384214,95.07376150148143,92.03977006894674,99.3497385184111,89.57658276397436,34540428
1711978200,93.29,93.3,92.455,92.55,96.75809906144629,95.06320093855372,95.21182973722438,91.96132468176202,99.28058957246245,89.49856925423991,48945448
1712064600,91.57,92.2,91.335,92.04,95.9290116765872,94.25598832341281,94.6509772272549,90.55043568098895,97.37927978093546,87.93222953367716,43086304
1712151000,91.26,92.05,91.05,92.02,95.78343962232714,94.11656037767285,94.47691091924203,90.10944031607872,96.90539608930212,87.52012555436654,45494441
1712237400,92.63,92.76,92.04,92.68,95.6960630886742,94.0239369113258,94.42979356832306,90.52420176763842,96.88337985301729,87.47704781916711,47957413
1712323800,91.69,92.18,91.38,91.39,95.69303409036056,94.02696590963946,94.6866355748037,91.23845948320917,97.49376354408466,87.9543815853283,42495899
1712583000,91.23,91.59,91.13,91.38,95.68656583469505,94.03343416530494,94.07913251715813,90.00331487300386,96.28886692938771,86.94054879851353,37879796
1712669400,91.869,92.36,91.835,92.23,95.68556344775917,94.03443655224083,94.01911845627045,89.88933705130594,96.27494478780999,86.9061276505642,32537023
1712755800,91.2001,91.3,90.05,90.22,95.21613332202882,93.50386667797117,94.43870413208734,90.35440532665167,97.06749433642267,87.54019913709232,74368942
1712842200,90.38,90.44,89.51,89.81,94.94361774738232,93.23638225261769,93.09719919916118,88.76135787343213,95.17474780509416,85.94970320709798,65751184
1712928600,90.64,90.95,90.28,90.29,94.94332754672972,93.23667245327029,92.67859792138697,88.34404196626963,94.78126183121653,85.6001650842276,47900106
1713187800,89.22,89.26,88.523,88.89,94.46218757162492,92.73081242837506,92.68107073617449,88.63975400837658,95.22827634256457,85.95153580879679,55993060
1713274200,88.05,88.58,87.785,88.3,94.07000212904327,92.3849978709567,90.90407612903608,87.42857629349035,93.89476510707787,84.81656708358335,45103244
1713360600,88.87,89.375,88.46,89.28,94.08181818786875,92.37318181213124,90.45769215029466,86.85549138457816,93.37020198581988,84.31813956360742,57946990
1713447000,89.24,89.27,88.59,88.83,94.07744713423502,92.37755286576497,90.69965707083921,87.60970771374966,94.25014171811443,85.07361456061751,43839454
1713533400,89.39,89.39,88.905,89.15,94.07772492558547,92.37727507441453,90.32708513020285,87.17554384092406,93.81379466184444,84.68790923817829,44826771
1713792600,88.68,89.12,88.645,89,94.07395682772612,92.38104317227386,90.42774649877785,87.16042571633872,94.11219125317413,84.9204037897488,24969046
1713879000,88.73,89.54,88.55,89.03,94.07003086296638,92.38496913703362,90.25111855720301,86.88711320939825,93.49010823254075,84.7760439490708,27222722
1713965400,88.56,88.63,87.5,88.4,93.92737217886068,92.24262782113934,90.23278098812527,86.72507412470051,93.49037283542017,84.77749182470758,48986757
1714051800,87.46,87.9,87.34,87.78,93.8450774206679,92.16492257933209,89.66119809988585,86.25484213938812,93.00034209563898,84.24388139161658,49282640
1714138200,88.245,88.605,88.05,88.24,93.84819832733244,92.16180167266755,89.08852563507874,85.76628780582084,92.67368386258063,83.71582881757374,31589821
1714397400,88.66,89.015,88.48,88.98,93.84268352279105,92.16731647720893,89.46001968854355,85.89848960272286,92.83272577096204,84.06877107797759,39228621
1714483800,88.42,88.73,88.095,88.22,93.83869519389573,92.17130480610425,89.96173014640227,86.24535391772518,93.37397524880095,84.65312393323053,41054666
1714570200,88.6,89.21,88.24,88.56,93.83070153114909,92.17929846885089,89.20171501095263,85.68560741962732,92.77276913090434,85.49155321035899,59679513
1714656600,88.21,89.01,88.025,88.94,92.7732472417814,91.1867527582186,89.5138002207496,86.84988587189326,93.01445346420999,85.4962145957684,58925388
1714743000,89.93,90.12,89.27,89.84,92.6354747370667,91.10452526293332,89.86813940905857,87.14923749720295,93.29088500580184,85.54468703627731,50066075
1715002200,89.87,90.25,89.67,90.19,92.60341253543035,91.13658746456966,90.71211060786993,87.57646440658793,93.97616374317047,85.86491654943204,23868185
1715088600,90.9,91.24,90.6141,90.74,92.59765437827502,91.14234562172498,91.04902770520633,88.23970416019212,94.23831435689324,85.95126405032153,30525831
1715175000,90.31,90.46,90.16,90.19,92.59872091018164,91.14127908981835,91.57663912545918,88.57171549314492,94.68461029770025,86.15585069477538,31171659
1715261400,89.87,90.77,89.82,90.63,92.59909208835396,91.14090791164607,91.07030204812902,88.29598858972744,94.2192729625964,85.8086935397078,39606723
1715347800,90.28,90.38,89.96,90.12,92.60122976574826,91.13877023425175,91.43793521810723,88.80009614540327,94.58002582429758,85.98058386475427,21913759
1715607000,90.55,90.61,90.31,90.35,92.601858655016,91.138141344984,91.45799510338492,88.46427338958095,94.13365080592676,85.64661796633615,23157495
1715693400,90.65,90.9199,90.42,90.86,92.57890339354785,91.16109660645216,91.69716472129313,88.83088989077895,94.32709466685746,85.71924947394803,25746391
1715779800,91.87,92.255,91.63,92.1,92.59397577639002,91.14602422360997,92.07947719305065,89.3287755057082,94.76585448025617,85.9605667696471,65142886
1715866200,92.39,92.4205,91.94,92.01,92.59140244868875,91.14859755131125,92.89575541036888,90.78347717770792,95.84368007133745,86.58648510360398,37902425
1715952600,91.64,91.8,91.34,91.39,92.59247719153015,91.14752280846986,92.98881076917206,90.83108785262296,95.76478875080272,86.50874691325012,24755012
1716211800,91.08,91.315,91.01,91.12,92.59303090558547,91.14696909441456,92.72308266935204,90.43160960035138,94.83106253309892,86.16063023495516,17922808
1716298200,91.73,91.77,91.43,91.59,92.59121886779103,91.14878113220898,92.72629988023911,90.19401028681526,94.25746597169909,85.96580519683738,15334425
1716384600,91.27,91.7799,91.26,91.7,92.58905745851033,91.1509425414897,93.02507296727674,90.70585379271465,94.69257077574527,86.212295823948,38073722
1716471000,91.8,91.8,90.82,91.11,92.5751652450704,91.1648347549296,93.16413669604339,90.80809195045119,94.79303293378194,86.2166706087713,51294662
1716557400,90.97,91.47,90.9,91.38,92.57563097431431,91.1643690256857,92.97316383888825,90.39264705094732,93.6833425461102,85.87139433820562,19164425
1716903000,91.33,91.36,90.03,90.07,92.58991270993288,91.15008729006713,92.98531554803608,90.60527228741354,93.55536463134962,85.998154783116,45973742
1716989400,89.34,89.395,88.68,88.98,92.59772263650909,91.14227736349092,92.04110837078994,89.57007981868395,92.92095801973042,85.14273476808063,45508378
1717075800,89.6,89.97,89.44,89.84,92.60203992842251,91.1379600715775,91.3158701084852,88.55521468820646,92.51930632117329,84.39134146004936,29571653
1717162200,90.48,90.66,90.25,90.45,92.60584142415335,91.13415857584666,91.85699214183161,88.60765584212449,92.94036885317766,84.9291490504946,41308832
1717421400,90.64,91.67,90.61,91.6,92.62044110222541,91.1195588977746,92.34489066701084,88.55410990663803,93.27761927761232,85.30913928676858,42272093
1717507800,92.2,92.8,91.99,92.67,92.61440477119497,91.12559522880505,93.29230967701923,88.81714031951051,93.89953524345344,85.87714082842017,42581462
1717594200,93,93.35,92.3887,93.35,92.61625110432277,91.12374889567724,94.13450315519576,89.08045033598613,94.68678936301826,86.29069627322573,43153858
1717680600,92.92,93.43,92.86,93.21,92.43738716829188,90.94761283170811,94.44711289142036,89.32384923349892,95.2947498252723,86.5329187997095,22891863
1717767000,91.83,91.83,91.4,91.5,92.44788446375073,90.9021155362493,94.11142574703402,89.32767681172251,95.17089173772075,86.74054933670546,35240475
1718026200,91,91.06,90.65,90.89,92.04751531245391,90.5024846875461,94.06164678060175,88.70730858262606,94.12349940009406,85.81507711375346,20593244
1718112600,91.032,91.87,90.9223,91.83,91.95684902444533,90.40315097555467,94.04118087568774,88.42203757727691,94.04118087568774,85.45688844565791,30329207
1718199000,93.02,93.57,92.485,92.52,91.96047614985659,90.39952385014342,94.62429629695951,89.02490113084711,94.62429629695951,85.94885845149686,42554583
1718285400,93.22,93.99,92.95,93.88,91.95865528811989,90.40134471188014,95.15105032486012,89.49882292960731,95.15105032486012,86.31265254541803,33093758
1718371800,94.42,94.84,94.24,94.67,91.96424693021997,90.39575306978004,96.0935023215212,90.46501313926449,96.0935023215212,87.05874095888706,28776710
1718631000,93.52,93.81,93.28,93.73,91.97209783286652,90.38790216713349,96.76381056387818,91.57205852643095,96.76381056387818,87.49731785350473,31040202
1718717400,93.89,94.6,93.73,94.59,91.97812459888296,90.38187540111707,96.34897311141299,90.91804684506094,96.34897311141299,86.96238625843988,26881038
1718890200,93.41,94,93.34,93.96,91.98204249616607,90.37795750383394,97.05960126036763,91.6478237745378,97.05960126036763,87.4510549824164,30246274
1718976600,94.24,94.479,93.59,93.96,91.98172016829582,90.37827983170419,96.75923124573083,91.26711835190487,96.75923124573083,87.08445834403729,22830882
1719235800,94.05,94.34,93.735,94.34,91.97568056868636,90.38431943131366,96.43758736644953,91.28380895308364,96.86583186934392,87.0801503299864,56939096
1719322200,94.07,94.55,94.04,94.5,91.9737050409141,90.38629495908593,96.62201551365804,91.57175894366978,97.24003322037572,87.30122261670382,23160000
1719408600,93.28,93.465,93.11,93.15,91.99019251990335,90.36980748009665,96.87830378900752,91.70928117580523,97.45079062618225,87.44715082181601,38489135
1719495000,93.52,93.71,93.42,93.52,91.9833651335589,90.37663486644112,96.1136475659933,90.70515793228125,96.49331670487135,87.9661864282188,23140767
1719581400,93.73,93.765,91.78,91.78,91.91998215305351,90.2600178469465,96.44144618538024,90.98843461466696,96.84027064195715,88.22186279274844,55119554
1719840600,90.42,91.08,89.82,89.91,91.91488165335656,90.26511834664345,95.24459325684,89.65587908919485,95.84411816466545,87.0222997358241,49735376
1719927000,90.68,90.805,90.08,90.61,91.9179903907122,90.2620096092878,94.1081936172411,89.41366671025688,95.0273063988748,85.70822401986285,34204719
1720013400,91.17,91.89,91.085,91.8,91.93171506177548,90.24828493822453,94.37665315583993,89.14551925561979,95.36833221579082,86.46138626028615,35563313
1720186200,92.27,92.725,91.9,92.56,91.93304126299309,90.2469587370069,94.60205429953221,89.00325425526619,96.05816123502618,87.34758067429804,34895512
1720445400,92.54,92.845,92.2246,92.76,91.91764566198736,90.26235433801263,94.68098371021998,89.04848985898221,96.54486675514404,87.91662595846653,16095651
1720531800,92.47,92.675,91.87,92.35,91.91934310564658,90.26065689435343,93.89012577070692,89.00335882027177,96.72861979276301,89.00335882027177,30304136
1720618200,92.45,92.68,92.2603,92.64,91.91341128289729,90.26658871710274,93.59477490404822,88.69643422530574,96.54857462200306,88.69643422530574,23572469
1720704600,93.68,94.135,93.47,93.54,91.8797365572827,90.30026344271731,93.94548204389972,88.76402241937384,96.7819420494166,88.76402241937384,49761785
1720791000,93.53,93.94,93.34,93.94,91.87857714801349,90.30142285198652,94.67043682399515,89.22989295626827,97.40368642458456,89.22989295626827,27796476
1721050200,93,93.3,92.78,92.86,91.88893746217896,90.29106253782105,95.12413684803036,89.44877746106857,97.72462397104465,89.44877746106857,37918854
1721136600,93.53,94.21,93.39,94.17,91.88162521333722,90.29837478666279,94.55809757832156,88.73665005368673,97.08176095258096,88.73665005368673,36383720
1721223000,93.92,94.4,93.69,94.19,91.8768155840043,90.30318441599572,95.59763283515366,89.5753340202231,98.0052401153673,89.56129761476588,29036838
1721309400,93.68,94.14,93.38,93.47,91.87428880182898,90.30571119817102,95.73139790261166,89.5827482377899,98.07945881397289,89.55891819862029,34553075
1721395800,93.04,93.16,92.82,92.92,91.87517158272703,90.30482841727299,95.27771663165568,89.79758717164422,97.63975535555782,89.07215815562247,32164669
1721655000,93.4,93.52,92.3,92.65,91.87552061262383,90.30447938737618,95.11130044258016,89.34184042504187,97.29936294428592,88.66209081895356,36160366
1721741400,92.81,93.03,92.49,92.52,91.87541936975391,90.30458063024611,95.12310172850866,90.68450357744243,97.1447380026833,88.44395542175904,23497988
1721827800,92.59,92.85,91.47,91.52,91.8862269700642,90.2937730299358,95.16472318237717,91.65147982955114,97.08425225803127,88.32581208545784,50757116
1721914200,92.025,92.86,91.96,92.27,91.88615394856784,90.29384605143215,94.49818069572947,90.7602967003393,96.37946993910664,87.54966076959968,44999074
1722000600,92.95,93.15,92.71,92.99,92.23058839862786,90.63441160137215,94.37059616292157,91.2002191441172,96.95860924970124,88.09552565608479,34423772
1722259800,93.67,93.69,93.22,93.49,92.2306872716054,90.6343127283946,94.55778363299372,91.16759331548676,97.52432576897712,88.63230632680126,25801347
1722346200,93.75,94.05,93.3,93.85,92.22676881901779,90.63823118098222,94.90490089883768,91.23742589171806,97.9321264672127,89.00978091707604,28169820
1722432600,94.53,94.84,94.24,94.81,92.22615737696242,90.63884262303759,95.17753334683208,91.33975086004118,98.23851271781673,89.2806132645119,47445288
1722519000,95.14,95.905,95.12,95.31,92.76408691592522,91.16591308407479,95.97396828142567,91.75345637537447,99.00769915067674,89.87374798782595,77254240
1722605400,97,98.37,96.8901,98.28,94.4073212550332,92.64267874496682,96.45424087453713,92.01602248470742,99.43147774628159,90.19247414510141,91912942
1722864600,99.69,99.935,97.9,98.8,95.19253411989848,93.42246588010153,99.25854526197001,93.34768433645844,101.90641492901082,92.05644595813266,90686310
1722951000,98.15,98.41,96.59,96.59,95.23654243419932,93.3784575658007,99.77565350272934,93.9475543168315,102.41265498024082,92.23050012802312,61316860
1723037400,95.95,96.45,95.5,95.91,95.2394869413189,93.37551305868111,99.42269879655568,92.85258956522564,100.55338989126189,91.05301905086287,51337133
1723123800,95.115,95.4,94.84,95.32,95.23958335542129,93.37541664457873,99.65604298141598,92.57342836272028,100.05675307551614,90.61550541659265,37815770
1723210200,96.51,96.54,96.0906,96.26,95.24438276593033,93.37061723406968,99.79556733909598,92.81218471560206,99.79556733909598,90.22635538865339,32141763
1723469400,96.03,96.82,95.88,96.61,95.24153213047946,93.37346786952055,100.38729377926465,94.11877605475294,100.4099262280225,90.87222479466124,24261382
1723555800,97.3,97.36,96.98,97.28,95.24389717950197,93.37110282049804,100.78669687403854,94.44509133986763,100.78669687403854,91.12358605025507,30366938
1723642200,97.55,98.16,97.5082,97.89,95.24434371603039,93.37065628396962,101.33292073889386,94.5458620116446,101.33292073889386,91.60010732234613,31334061
1723728600,96.405,97.1,96.21,97.1,95.23872974649989,93.37627025350011,101.86959515482758,94.76806343513228,101.86959515482758,92.04147841584488,38723695
1723815000,97.44,97.5399,97.01,97.44,95.2389902596663,93.37600974033373,101.42756543272725,94.25017651507581,101.65866568440451,91.50487203993606,28540965
1724074200,97.42,98.155,97.405,97.89,95.23540434538594,93.37959565461406,101.52348695791211,94.39619991586333,102.02396220392741,91.75974649759024,25322138
1724160600,98.32,98.855,98.12,98.67,95.23757632184518,93.37742367815481,101.79709850089023,94.65160391284141,102.45508065394054,92.09592659054583,25239303
1724247000,98.67,99.2,98.21,98.73,95.23644020641086,93.37855979358915,102.42383359690959,95.16732703438643,103.09703257870801,92.67240447163118,29229982
1724333400,98.23,98.3,97.43,97.75,95.24571914117902,93.36928085882099,101.99993002595335,95.20723814651917,103.29207116720116,92.73544823305534,33453848
1724419800,98.19,98.67,97.96,98.39,95.2436042045156,93.37139579548442,100.9359077075647,94.48590068136915,102.77945278132832,92.0414084771705,32005083
1724679000,98.69,98.6975,98.08,98.14,95.24440810314215,93.37059189685786,99.87348984827852,94.94961064672603,103.33109452414934,92.52422668447414,23198710
1724765400,97.49,98.08,97.41,97.97,95.22639117770717,93.38860882229282,99.79722026170029,94.75245866364429,103.26769445665006,92.35616872625076,21507650
1724851800,98.01,98.2,97.725,97.85,95.59627169248243,93.77872830751757,99.74985176051051,96.48800359245266,103.24458885714033,92.2445528658473,18501411
1724938200,97.37,97.64,97.125,97.53,95.78451601461332,93.97048398538666,99.76513292082942,97.04909567542065,103.24535740603423,92.16822878740375,24988243
1725024600,97.68,97.985,96.47,96.49,95.7931301399833,93.96186986001668,99.70658665604833,96.75585419605767,103.08629176121114,91.94039793411147,42896190
1725370200,97.56,98.06,97.42,97.75,95.79375425040095,93.96124574959904,98.81185636021026,95.82396760759406,102.36347958162484,91.16559871564117,48947900
1725456600,97.88,99.03,97.81,99.01,95.79583188885935,93.95916811114064,99.35371738951167,96.35991881092102,103.39253772067329,92.12772437353522,40885163
1725543000,99.34,99.6787,98.775,99.57,95.79441683254532,93.96058316745466,100.15300203349535,96.51968612468261,104.43969343420909,93.09536508831836,47450878
1725629400,99.55,100.78,99.1901,99.56,96.22059749843227,94.37940250156772,100.6310990887315,96.68792801597716,104.95267195359351,93.5361202478523,57406404
1725888600,99.4,100.1,99.16,99.99,96.19032357073247,94.4096764292675,100.6587195817596,96.73967176141372,105.01691183601616,93.54422042472152,26961402
1725975000,99.87,100.91,99.82,100.69,96.25288504806846,94.47711495193154,101.14280042042326,96.9383490123288,105.43064725918889,93.88917283885385,31703409
1726061400,100.49,101.235,100.35,100.61,96.4110849427958,94.64391505720421,101.8559003647566,97.27440570010707,106.06596373185083,94.44349154082512,39497052
1726147800,100.36,100.55,99.69,100.14,96.41098751224423,94.64401248775577,102.00195075014183,97.31744215687864,106.06900862145756,94.39930383510435,41812529
1726234200,100.46,100.61,100.02,100.41,96.39626987389028,94.65873012610975,101.89223487841441,97.17916315143862,105.74443313740115,94.28443655527516,25722135
1726493400,100.63,101.37,100.41,101.33,96.4653322698615,94.72466773013849,102.23218000705833,97.72324133444,106.02684772624202,94.51553827651864,30866261
1726579800,101.47,101.64,100.74,100.84,96.59422247318395,94.86577752681603,103.02612192653133,98.35958755014083,106.85490304846108,95.60207260139856,31699372
1726666200,100.24,100.7266,99.54,99.59,96.6038394095897,94.85616059041028,102.79583528204688,98.40037716690107,106.49951850721386,95.35089777300593,48897047
1726752600,98.92,99.31,98.77,99.26,96.60056050231785,94.85943949768213,102.25860596555509,97.74738352528131,105.48631319409473,94.27713192853291,39979816
1726839000,98.99,99.245,98.72,98.88,96.60232660608638,94.8576733939136,102.19254290598856,97.68137743163385,105.24568060570093,93.99258411692587,37067571
1727098200,98.5,99.09,98.02,98.67,96.602127422277,94.85787257772299,102.05612369228457,97.72932239840051,104.95592863936241,94.80067034517073,35703932
1727184600,98,98.89,97.85,98.65,96.6021120218972,94.85788797810278,102.02959110349062,98.01087136764494,104.80843893851548,94.60943333634047,31005351
1727271000,98.26,98.32,97.79,97.83,96.5898339630236,94.8701660369764,101.65589494040182,97.82272131182026,104.82378697422374,95.12546036151564,36738236
1727357400,98.07,98.245,97.42,98.06,96.58918006387793,94.87081993612205,100.7214735774108,97.10383656755965,104.13197155497494,94.4024517296817,33332315
1727443800,98.54,98.755,98.21,98.57,96.55717771688967,94.90282228311031,100.47746463663258,97.16569140682304,104.36226695595086,94.60354391611767,28317628
1727703000,98.64,98.71,97.8839,98.1,96.64854580584323,95.07145419415677,100.70102905733904,97.2223047587313,104.8424122154302,95.05361836289612,34208260
1727789400,98.8,99.33,98.385,98.49,97.15199812252433,95.57300187747568,100.02994823936675,96.8762384665352,104.44925097846745,94.63598980867414,45254237
1727875800,97.36,97.73,97.06,97.66,97.34147694323975,95.76852305676027,99.9052362261413,96.80966078531429,104.82361235556847,94.98156374257086,35810763
1727962200,97.34,97.51,96.74,96.74,97.34629998192571,95.76370001807432,99.16354995197617,96.3287179554096,104.09955596480266,94.24104389077952,39677767
1728048600,95.44,95.96,95.4,95.55,97.36163289373252,95.7483671062675,98.32836849674277,95.7520642672126,103.28590888438163,93.41669977704841,56970281
1728307800,94.98,95.2672,94.76,94.83,97.36532852768438,95.74467147231562,97.49758827872992,94.69670478664578,102.29220507325819,92.34674589920193,42606634
1728394200,94.39,95.03,94.335,94.99,97.3647985627043,95.7452014372957,96.99209406673558,94.02572788226011,102.08878576994792,91.69475954623445,33709587
1728480600,94.67,94.905,94.23,94.45,97.35998753711893,95.75001246288109,96.87240941739671,94.14245291595054,102.19454869588998,91.83289142421995,35807681
1728567000,93.88,94.09,93.41,94.08,97.35986350417238,95.75013649582765,96.41342806595851,93.51057626594637,102.02797885967033,91.34057298226236,53667357
1728653400,93.48,94.0656,93.422,93.7,97.34888750070239,95.76111249929761,96.04973017648464,92.97998582373789,101.91364825901894,91.00044651850621,27406423
1728912600,93.04,93.78,92.98,93.765,97.33052236173175,95.77947763826826,95.68257973702109,92.48744799411362,101.78362440863633,90.65048767564579,28795344
1728999000,94.46,95,94.3736,94.91,97.34438960819476,95.76561039180525,95.61986750966126,92.26299539422004,101.8376101884442,90.70305261155849,46429050
1729085400,95.39,95.62,95.14,95.31,97.34003721050165,95.76996278949836,96.36985952953172,92.72148674174073,102.3720568754046,91.73546544043522,32281486
1729171800,94.29,94.44,93.6701,93.8,97.36094924926162,95.7490507507384,96.61410952186405,92.8331281305352,102.58961246966498,92.09400330561945,43427214
1729258200,94.05,94.28,93.86,93.87,97.36010258344425,95.74989741655575,95.24205824805253,91.77337434387316,101.92781414796858,90.71756012054509,25258632
1729517400,93.02,93.09,92.23,92.23,97.38821576593259,95.72178423406743,95.3671282596422,91.7028812683214,101.6939129013299,90.77598952559077,49504698
1729603800,92.65,92.76,92.091,92.32,97.62474047915396,95.97525952084602,94.53048493087687,90.46780999344637,100.59320278255227,89.2754068368054,32096893
1729690200,91.84,92.37,91.6601,92.07,97.46826268731222,95.83183731268777,94.4798658785361,90.4166003419675,100.41318249713522,89.35119528996466,33354245
1729776600,92.23,93,91.96,92.66,97.46647204714073,95.83362795285926,94.24445721139195,90.44794172421345,100.10002201155764,89.11652593031168,32507395
1729863000,92.99,93.0375,92.02,92.14,97.46644998561948,95.83365001438051,94.58334214890975,90.92259245582588,99.95616267749335,89.65030384323252,28667060
1730122200,92.27,92.29,91.415,91.89,97.34185735728818,95.71314264271183,94.17382986553255,90.448991099188,99.39365966075525,89.16865035855514,33156461
1730208600,91.17,92.06,90.9837,92.03,97.11452082008688,95.50917917991312,93.94432595340933,90.13068950550253,99.07191558764644,88.93378498511191,46545204
1730295000,92.84,93.285,92.16,92.3,97.11255826881371,95.51114173118627,94.01163066519673,90.08118152399003,99.13147782590718,89.05662087572739,41951068
1730381400,92.2,92.94,91.87,92.45,97.01651092979345,95.60718907020653,94.19312456995377,90.15660007126769,99.27560347156229,89.9458674190569,52173754
1730467800,92.26,92.515,90.8,90.84,96.9474133611808,95.49258663881919,94.29109131262108,90.18126238137083,99.34816944680723,89.96833194862238,80401983
1730730600,92.28,92.57,91.63,92.25,96.92732868608357,95.51267131391643,92.95078023296013,88.94684672954227,98.28919827853625,88.6773345604231,49747594
1730817000,92.03,92.9,91.6,92.74,96.92668094936307,95.51331905063692,93.95800882212255,89.91434868999885,98.62069849867247,89.66337901681507,46986037
1730903400,89.64,90.72,89.5545,90.2,96.3685374418452,94.8259625581548,93.2730332727942,90.23677952822553,98.68029493255926,89.71840661796935,98895693
1730989800,90.75,91.62,90.65,91.33,96.37445902098712,94.8200409790129,92.5376036007261,88.2310947611404,96.49192768563327,88.00433437532749,56221411
1731076200,92,92.5955,91.84,92.49,96.38923568391952,94.80526431608048,92.59522328107401,89.89922473032257,97.2158787741975,88.8190039663032,56756175
1731335400,92.25,92.295,91.62,92.04,96.38533462744913,94.80916537255088,93.73859986812113,89.9885328232752,98.0084563438641,89.19893147005939,22369200
1731421800,91.37,91.85,90.51,90.66,96.39851083453222,94.7959891654678,93.54261243477066,90.00603506441647,97.4138809058323,88.91086756619075,57908367
1731508200,91.515,91.54,89.72,89.8,96.40047044855041,94.7940295514496,92.58805424680592,88.55363047294964,96.2050704985047,88.14268992362581,49009127
1731594600,90.56,91.025,90.27,90.32,96.4028770604447,94.79162293955532,92.21102980131806,87.78836314455819,95.43596432811837,87.46345787980701,53328347
1731681000,89.915,90.65,89.51,90.08,96.3775092026503,94.7724907973497,92.5443954721551,88.15293670313746,95.86665525134849,87.77227097543077,73722402
1731940200,89.66,90.59,89.424,90.24,96.32719158013684,94.7368084198632,92.37266790076637,87.90612299940207,95.63550342883075,87.53805001937607,36058665
1732026600,90.82,91.07,90.62,90.7,96.3306324404185,94.73336755958151,92.49241416265535,88.00799405558695,95.75536816002341,87.55962240256699,29585102
1732113000,90.15,90.83,90.11,90.41,96.32409881287475,94.73990118712526,92.86253058595082,88.38295968625633,96.14141062666465,87.62835427065181,27755434
1732199400,90.45,90.85,90,90.34,96.31850791333218,94.74549208666782,92.63462961376281,88.10840819769967,95.8672808583482,87.38632235800719,28365740
1732285800,90.51,90.7,90.15,90.39,96.31869895429611,94.74530104570391,92.57944920064817,88.0286068785701,95.78733481006489,87.240953660966,21547548
1732545000,92.2,92.78,91.985,92.73,96.38152982229481,94.6824701777052,92.62447705006286,88.05828817448543,95.81447653948858,87.15342176309493,56858036
1732631400,92.16,92.44,91.81,92.37,96.38228545480213,94.68171454519789,94.66020426681466,89.74699746727363,97.88279250861984,88.02653589918907,31122249
1732717800,93.04,93.38,92.67,93.01,96.38686688518045,94.67713311481955,94.37211844292746,89.54201372197358,96.47685895222685,87.82659547640743,39442167
1732890600,93.78,93.985,93.44,93.97,96.38814849982109,94.67585150017894,94.96142035175743,90.14442150210434,95.93952119162338,87.85802034089431,31905735
1733149800,93.27,94.1475,93,93.87,96.37260064747214,94.69139935252788,94.9774955100441,90.74624530621806,96.25111158189647,87.98312308568978,39406033
1733236200,93.93,94.03,92.99,93.06,96.36185943898143,94.7021405610186,95.559938051773,90.7872685908051,96.07660237873323,87.86646583803126,32768887
1733322600,92.61,94.19,92.54,94.06,96.3698474459351,94.69415255406493,94.98695640390694,90.63040992877866,95.07035359142824,87.5621652077745,35851069
1733409000,93.72,94.39,93.655,94.25,96.37052314200407,94.69347685799593,95.92923538399336,91.93253772921788,96.00329973655082,87.74263419997189,23695821
1733495400,94.72,94.85,94.02,94.39,96.3686714264342,94.6953285735658,96.16622077782067,92.60260875141036,96.19899231662673,87.71507938673518,31761525
1733754600,93.99,94.04,93.465,93.52,96.36894702729634,94.69505297270366,96.34832121778909,92.79898441439968,96.34832121778909,87.67947948326221,30509582
1733841000,93.02,93.3,92.905,93.08,96.36999950925069,94.69400049074933,95.8790672918533,92.53903146186082,95.8790672918533,87.34266174510968,28706474
1733927400,93.07,93.29,92.105,92.2,96.37482984529886,94.68917015470116,95.70281297807749,92.2446870601704,95.70281297807749,87.12438820699286,38748397
1734013800,91.64,91.746,91,91.08,96.38333609745258,94.68066390254745,95.17189283425323,91.58186630608643,95.17189283425323,86.8744641794515,45368386
1734100200,90.8,90.85,90.08,90.15,96.37959893540446,94.68440106459556,94.54438909131575,90.6341794038282,94.58908900979552,86.70357207693827,39485960
1734359400,90.55,90.6152,90.05,90.42,95.9199993553961,94.23060064460388,94.23004405338773,89.77375694470172,94.3768062604107,86.21174696010283,23482268
1734445800,90.52,90.985,90.455,90.64,95.20688548573227,93.54711451426775,94.31731805794344,89.502043399128,94.4749893585208,86.2618257087546,23839892
1734532200,89.97,90.37,89.14,89.16,95.0819740125,93.3880259875,93.45765331979644,89.09881303174981,94.57134613105544,86.29525965827838,61328421
1734618600,88.07,88.385,87.505,87.81,94.27160940184866,92.56339059815132,92.56045223148458,88.2264079736245,94.02978289418527,85.51526512965809,99083313
1734705000,88.53,88.91,88.29,88.31,94.27615202173605,92.55884797826393,91.12401710462424,87.19484234958863,93.44771237813865,84.56325552411698,45542412
1734964200,88.16,88.23,87.44,87.5,94.24752343591733,92.52247656408264,90.63086995250531,87.19117466810248,93.62154129379687,84.87715523206606,32764561
1735050600,87.04,87.89,86.98,87.87,94.01487671319124,92.29512328680876,89.89679127527316,86.49311098991521,93.21808664325387,84.25283355107128,22377628
1735223400,87.21,87.96,87.2,87.82,94.01365278946686,92.29634721053314,90.12543734510557,86.1736379761121,93.34125346005399,84.47858701874625,19996215
1735309800,87.48,87.775,87.06,87.1,94.01293202652101,92.297067973479,88.93133929645933,85.8605070240713,93.27812202891033,84.40255319174528,27262321
1735569000,87.83,88.035,87.67,87.8,94.02003461195338,92.28996538804664,88.23832088636392,85.30678407887547,92.88250229832767,84.27688749258589,48519626
1735655400,88.13,88.28,87.26,87.33,93.21093166484683,91.49906833515318,88.73975473336824,85.26823738005133,93.19752073478809,85.05964315174671,31917307
1735828200,87.8,88.115,87.21,87.57,93.09806998210904,91.39193001789096,88.30800981499189,85.0177999718337,92.90127188496118,84.72040199101478,27841296
1735914600,87.72,87.88,87.18,87.29,92.31131604401907,90.62868395598092,88.46847518425832,84.959753245626,93.00305325812577,84.71910340270698,21962204
1736173800,87.05,87.23,86.67,86.9,91.97476090673332,90.3152390932667,88.19611554862992,84.94233087037139,92.80593341954071,84.39545201922253,30231493
1736260200,86.6,86.77,85.79,85.92,91.53547123225725,89.87452876774277,87.82687027129798,84.7538049248999,92.5461702576498,84.02387872341087,41757185
1736346600,85.47,86.2,85.34,86.03,91.30821662127015,89.65178337872986,87.04448967477299,83.9015079852906,91.96060090891,83.34657408762963,44590774
1736519400,85.28,85.845,85.16,85.46,91.21807418217584,89.56192581782418,86.97334584373088,83.94264123808779,91.97229732335502,83.23278329651708,47115832
1736778600,85.53,85.66,85.04,85.43,91.15720067862797,89.50279932137205,86.6527308214111,83.41973344533584,91.59333777771525,82.75933167241487,33258924
1736865000,85.23,85.36,84.89,85.29,91.08101214529786,89.42898785470214,86.537585768243,84.36997541424971,91.52431459355552,82.5909981009199,33412888
1736951400,86.695,86.975,86.395,86.76,91.1069207376651,89.40307926233487,86.3810959944563,84.59974406276777,91.39045886958152,82.36941234761993,54120729
1737037800,86.64,87.395,86.28,87.04,91.0946775947269,89.41532240527309,87.48532923658553,85.14001726720169,92.25103022319662,83.12340738617938,34651051
1737124200,87.43,87.48,87.04,87.19,90.70443461526767,89.03556538473232,87.74172012220471,85.13458606202704,92.41406056094877,83.19300867437559,29875611
1737469800,87.89,88.17,87.63,87.97,90.69553621862445,89.04446378137555,87.88099588479375,85.11702331788061,92.4933462663826,83.19571717069304,30548614
1737556200,87.87,87.98,87.32,87.51,90.69663505052404,89.04336494947596,88.6117139518782,85.28836260218499,93.01394606644934,83.60505648837271,25278409
1737642600,86.64,86.99,86.525,86.83,90.67864690131009,89.06135309868993,88.55568324162707,85.15795525372349,92.67613854786748,83.24194396964452,31949017
1737729000,86.72,87.28,86.6,87.22,90.68067779647471,89.0593222035253,88.48052134918312,84.89033099428475,92.1742581824179,82.73033365534727,21110355
1737988200,88.155,88.43,87.85,88.25,90.69270457905799,89.047295420942,88.80322539197883,85.09367638522629,92.43348925917513,82.91797515740477,42864203
1738074600,87.84,88.2,87.6591,88.19,90.68874940209571,89.0512505979043,89.47494461097678,85.60329163779042,93.16145842766986,83.54252736676511,25519105
1738161000,88.43,88.615,87.63,88.01,90.68701936848129,89.05298063151872,89.60792119256382,85.78402140239655,93.1072587843325,83.41959710894676,25342751
1738247400,88.41,88.705,88.17,88.34,90.68822408426735,89.05177591573268,89.62774181363733,85.9917879496764,92.96436540540049,83.24843956210901,25094896
1738333800,88.38,88.66,87.43,87.76,90.69056204981445,89.04943795018558,89.9444294330193,87.03553181834081,93.19805852636509,83.23847141808008,48812469
1738593000,88.575,89.1,87.8,88.16,90.6916937063255,89.0483062936745,89.64003266639249,86.65239798040213,92.75535805143612,82.94374007785584,70657233
1738679400,87.55,88.4499,87.48,88.43,90.69237763163821,89.0476223683618,89.98977913620851,86.96780286720747,93.04533576618199,82.97736259570775,33413956
1738765800,89.45,90.175,89.39,89.89,90.69152980868645,89.04847019131357,90.2524450525399,87.18430874554916,93.24106328126221,82.98045483329217,48331179
1738852200,89.86,90.15,89.545,89.85,90.67208065966851,89.0679193403315,91.41190690922535,88.2636678648399,94.34483595111405,83.43309542529003,22509940
1738938600,89.24,89.45,88.935,89.27,90.67222630232884,89.06777369767116,90.69311878796401,88.36136901687047,94.31474718793886,83.35606717361723,31171245
1739197800,89.264,89.53,88.85,89,90.61058746742492,89.12941253257509,90.49702356688681,87.90412163642974,93.86845582302067,83.06916948523882,22736056
1739284200,88.53,88.68,88.375,88.43,90.5994774201361,89.14052257986391,90.50993908848176,87.69111304739327,93.65636793807566,82.89572569790066,21513015
1739370600,87.29,87.6,86.8601,87.23,90.59855337461228,89.14144662538773,90.37489448355169,87.21505545167571,93.20692653296354,82.5921733022294,48536211
1739457000,88.09,88.89,88.07,88.68,90.62282548006333,89.11717451993668,89.9934346353235,86.5681652698209,92.25386104609322,82.00114666718005,42718098
1739543400,89.38,89.68,89.12,89.15,90.6070959486357,89.13290405136432,90.629647190806,86.98554494910434,93.1542429851854,82.57175073139676,27460743
1739889000,88.54,88.84,88.04,88.1,90.61127616398163,89.1287238360184,90.86761080321287,86.97660096130399,93.53247691386608,82.72487610026157,29429174
1739975400,87.95,88.45,87.885,88.21,90.60825619657074,89.13174380342929,90.11980927155375,86.48302754753246,92.51930768627655,82.18793161844738,20584304
1740061800,88.45,88.76,88.45,88.54,90.60921184979416,89.13078815020584,90.21256589523823,86.41204504934144,92.4413099717275,82.1807798934544,27913442
1740148200,88.87,89.93,88.82,89.61,90.62168804533948,89.11831195466053,90.48246997461952,86.4977658796524,92.7249294351108,82.28370401763067,46912348
1740407400,89.33,90.06,89.26,89.87,90.62014971979595,89.11985028020406,91.35834915364131,87.04533397938546,93.66100285429097,82.75298090036421,26217988
1740493800,90.97,91.5,90.8,91.42,90.64383336206677,89.09616663793325,91.59812923549829,87.17878210456757,93.8392804306473,82.83446346556553,50125054
1740580200,91.42,92.06,91.2,91.96,90.64639948620247,89.09360051379755,92.75399133169213,88.08044878233777,93.50980858409315,83.50100411256115,32220186
1740666600,91.31,91.79,91.14,91.31,90.65079549008098,89.08920450991903,93.22591466934362,88.4499361528899,93.99708709769783,83.72337640840968,53373572
1740753000,91.85,92.475,91.4701,92.43,90.6083349450304,89.1316650549696,92.5450878778972,88.09014196933984,93.30465661011048,83.3994901414651,49388600
1741012200,91.41,92.71,91.37,92.57,90.60722742542143,89.13277257457858,93.46929811919868,88.9969062533888,94.3308380761929,83.90596954827343,42904172
1741098600,92.44,92.79,91.265,91.43,90.61598212735974,89.12401787264025,93.76728524972242,89.75799160086589,94.48621245412865,83.95787718474348,56721962
1741185000,91.56,91.8,90.61,90.7,90.61111697434968,89.12888302565031,93.4268001279548,89.26496512534544,93.48830855309194,83.38758316890652,50215938
1741271400,90.48,90.8,89.7337,90.4,90.61174244338771,89.1282575566123,93.21494283063103,89.30750931987484,93.21494283063103,83.00167683408236,42827474
1741357800,91.14,91.16,89.985,90.11,90.60664930382964,89.13335069617037,93.26805356644844,89.23213303340302,93.26805356644844,82.82368860344292,36903632
1741613400,91.08,91.625,90.91,91.05,90.60605160621874,89.13394839378127,93.20076935984308,88.97345440610286,93.31533361345544,82.64742092092084,41440750
1741699800,90.965,91.4905,90.14,90.4,90.60921814729855,89.13078185270146,93.75129354446342,89.7946879741536,93.79698119466818,83.59686488690934,40555666
1741786200,90,90.38,89.78,89.86,90.2028617062386,88.72713829376141,93.51602471478236,89.26992689071469,93.66245425070252,83.46723020235419,32734569
1741872600,89.58,90.71,89.375,90.65,89.83099621718814,88.35900378281185,93.3070963968676,88.78899867553109,93.51783177972206,83.66816194131248,38675413
1741959000,90.01,90.41,89.86,90.17,89.82641304880018,88.35358695119983,93.69371607176411,89.1584104626956,93.98153226949184,84.83900936710378,24657989
1742218200,90.8,91.18,90.38,90.62,89.56971026505462,88.11028973494537,92.87566370106575,88.79408225193352,93.82547458066087,84.82160209511578,26700275
1742304600,90.14,91.02,90.12,90.71,89.55725049911396,88.12274950088604,93.05139630188337,88.95097003828141,94.13967875512586,85.1125860515705,23654748
1742391000,90.68,91.22,90.38,91.18,89.55019312642301,88.12980687357698,92.04516655964413,88.93634229564269,94.2652935656599,85.17150752945298,31378713
1742477400,92.2,92.24,91.155,91.24,89.54950874834881,88.13049125165118,92.44816227185335,89.18399788321274,94.6088204739706,86.58913758745267,35645824
1742563800,91.33,91.435,90.62,90.7,89.55220672028535,88.12779327971465,92.49975611295993,89.18882145900356,94.71874887415481,87.3585379197478,29192076
1742823000,90.2,90.255,89.7,89.77,89.53749532055073,88.14250467944929,91.58206102272054,88.78594149743422,94.45612557020621,86.9788445878203,27985580
1742909400,89.57,90.08,89.51,89.76,89.51562720451184,88.16437279548818,91.20560531223502,88.08739632074796,93.99391761893222,86.70415425727697,22333833
1742995800,89.39,89.595,89.09,89.17,89.51724019857916,88.16275980142085,91.19461627932866,88.78559561291385,94.05529268093841,86.7030047573658,25165323
1743082200,88.85,89.025,88.63,88.91,89.50989844922698,88.17010155077304,90.94140127332466,88.30696415479231,93.88306919565616,86.31398537482615,23674536
1743168600,89.88,90.34,89.81,90.14,89.52512537575797,88.15487462424203,90.78428778936441,88.06563975253775,93.82714618979949,86.16084103660263,39869372
1743427800,91.23,91.335,90.36,91.03,89.53295053444711,88.1470494655529,91.37356021792861,88.71930720185543,94.39511215539842,87.16991730477349,38824321
1743514200,91.25,91.905,91.21,91.49,89.52747918812561,88.1525208118744,91.9045436294776,88.82499263172942,94.98311441852462,88.14057834341726,39800072
1743600600,92.37,92.37,90.66,91.43,89.52278769171876,88.15721230828126,92.23677752350874,88.96680188003725,95.33972786408738,88.52939857099618,43488407
1743687000,92.52,92.73,91.84,91.85,89.52075045835497,88.15924954164504,92.23541494313262,88.95915249101792,95.34499845030675,88.48447224457621,57467355
1743773400,93.65,94.09,92.82,92.85,90.18454811188282,88.7954518881172,92.81916671702221,89.16758003141146,95.68220819662693,88.7060069420752,92794210
1744032600,91.88,92.19,89.795,90.05,90.26797190345674,88.71202809654328,93.69595125831589,89.66656261959076,96.4549316043328,88.8940679521964,124987637
1744119000,89.28,90.2,88.22,88.35,90.29639237591823,88.68360762408179,92.9712472490702,88.21310250982398,94.68030608395263,87.32597822684214,73861858
1744205400,87.27,88.91,85.89,88.87,90.28783997517043,88.69216002482959,92.59958933994022,87.15823947326155,93.86835736223703,85.87363507020135,131353453
1744291800,87.74,88.175,86.3501,86.42,90.34903607780632,88.6309639221937,92.75012302489942,87.40638089065878,94.16726793645786,86.31573705787034,78591989
1744378200,85.87,87.2993,85,86.89,90.34764249895605,88.63235750104397,91.64011027878738,85.64170279998454,92.8918392916372,84.16833577845246,94814139
1744637400,87.4,87.71,86.815,87.51,90.35101644731992,88.6289835526801,91.74681410388283,84.87917821687259,92.665327102919,84.57736652719674,37596366
1744723800,87.15,88.185,87.035,87.82,90.4069470822926,88.6830529177074,91.99895150450769,84.68535101286278,92.79482427966937,84.68535101286278,22553898
1744810200,87.8,88.5,87.47,88.31,90.38810123374354,88.70189876625648,92.12791414415614,84.3124816151897,92.98747202330814,84.3124816151897,35607337
1744896600,88.04,88.2,87.23,87.53,90.39357862880951,88.69642137119051,92.39545363263845,84.18590629740642,93.293911343411,84.18590629740642,31758430
1745242200,86.6,87.07,85.98,86,90.41618821005171,88.6738117899483,91.87305284568507,83.54368314781449,92.82333718335535,83.54368314781449,39343217
1745328600,86.82,87.0212,86.4,86.48,90.41252996455054,88.67747003544946,89.89524193503881,82.46445738179138,92.45319721414819,82.46445738179138,32552091
1745415000,88.88,89.06,87.1701,87.32,90.41768678883425,88.67231321116576,89.3744641297127,82.50868688410634,92.49122694491358,82.50868688410634,44082157
1745501400,88.03,88.35,87.76,88.24,90.4209585050222,88.6690414949778,89.42315809433627,82.84069601971824,92.70446222738927,82.84069601971824,24190774
1745587800,88.9,89.105,88.595,88.89,90.42329397797064,88.66670602202936,90.01774827170162,83.29000483727712,93.23416560971721,83.29000483727712,22513925
1745847000,88.655,89.53,88.612,89.45,90.41634160023573,88.67365839976428,90.04666218237064,83.61765694130725,93.76939295609068,83.61765694130725,20130510
1745933400,89.32,90.21,89.295,90.2,90.42100966078922,88.66899033921078,90.26426914751794,83.92037722814062,94.23588916281442,83.92037722814062,22129478
1746019800,89.78,90.05,89.33,89.47,90.42576390691538,88.66423609308463,90.8642438154038,85.95912174499443,94.86247359688565,84.37964727146212,42630588
1746106200,89.26,89.28,88.3,88.69,90.43057099784694,88.65942900215306,90.70388854319823,86.23192820720345,94.27239504596969,83.82972164023039,29932841
1746192600,87.71,88.0674,87.54,87.73,90.43596563532991,88.6540343646701,90.87019935019599,85.86245884397367,93.63253198678757,83.22847840456939,32090382
1746451800,87.345,87.405,86.83,87.24,90.43660437204524,88.65339562795478,90.74829662796107,85.50973125899287,92.87938729920869,82.48156890169358,22862807
1746538200,86.8,87.53,86.64,87.53,90.43672914164121,88.6532708583588,90.6504509662434,85.10486030552025,92.68057313890851,82.06652073871685,21095153
1746624600,87.92,88.21,87.82,87.9,90.41822113173322,88.6717788682668,90.86169151879962,85.32939346745887,92.80530967407385,82.23204035019192,23178423
1746711000,88.015,88.06,86.89,86.92,90.42663509683928,88.66336490316074,91.13084155281113,85.62855299735796,92.9835856093299,82.46732640380434,25483679
1746797400,87,87.31,86.92,87.05,90.42429867030549,88.66570132969451,90.63765228306593,84.79996072556592,92.53583828157316,81.67973269472827,17007874
1747056600,86.38,86.78,86.19,86.24,90.42953258697827,88.66046741302172,90.74799350670415,85.54684667534909,92.59302754645125,81.73858154229859,32115028
1747143000,86.13,86.285,85.5,85.89,90.42791426086697,88.66208573913303,90.25597313243762,85.08326199858134,91.81572502538214,81.0699147258012,53912161
1747229400,85.75,85.87,85.2,85.32,90.41801024072558,88.67198975927442,89.70335930130186,84.70629167495048,91.62078703346373,80.75559962916448,42119809
1747315800,85.63,86.32,85.48,86.07,90.40319059448477,88.68680940551525,88.61580343196889,84.19882376990259,91.30500658398466,80.26595708222872,59447991
1747402200,86.87,86.89,86.195,86.3,90.40145288622884,88.68854711377116,88.38949555672552,84.54280407897808,91.60974992412132,80.82540162043276,31778178
1747661400,84.91,86.116,84.83,86.05,90.30638521625146,88.61361478374856,87.90280247270346,84.59414773979645,91.54448168732523,80.97738559398782,49361877
1747747800,85.425,85.6,85.06,85.43,90.30962503495923,88.61037496504079,86.99078777077493,84.33682328093867,90.8505200561825,80.74714678349113,35493074
1747834200,84.68,85.055,83.7601,83.97,89.7883282744195,88.06177172558051,86.39952740365491,83.81725880228309,90.30891463046619,80.21711917933487,77053056
1747920600,83.521,84.43,83.295,84.41,89.54410590204617,87.84089409795381,85.49000021971483,82.91603577020392,88.76443903291057,78.99893860442047,61747852
1748007000,84.77,84.82,84.305,84.55,89.54351733775393,87.84148266224605,85.67573158149314,83.44979490068498,89.0198608216277,79.32727601806589,47139246
1748352600,85.35,86.025,85.15,85.73,89.53564863047109,87.8493513695289,85.73462483109986,83.27514730051325,89.07700281442213,79.4136359963605,56773411
1748439000,85.41,85.5372,84.97,85.36,89.53279509267227,87.85220490732773,86.60635111043653,83.45714640343947,89.90425243330237,80.35917313324451,34806779
1748525400,85.77,86.26,85.64,86.15,89.53789740849825,87.84710259150174,86.32598036272253,83.24343174384909,89.577288072967,80.03175543925313,39003618
1748611800,86.085,86.47,85.88,86.28,89.52540635546451,87.85959364453547,86.96708886623023,83.36445593612306,90.2645972847564,80.66488416889653,49042064
1748871000,85.29,85.47,84.79,85.16,89.53533039784176,87.84966960215823,87.0898546192997,83.60997740231173,90.37443719138076,80.75452864232471,46213110
1748957400,85.44,85.735,84.885,85.01,89.52608853695477,87.85891146304522,86.4866876432182,83.08925227429776,89.39355182967265,79.80350949218816,33731261
1749043800,85.79,86.65,85.645,86.39,89.54398785113003,87.84101214886996,86.53482908867932,83.0324513165381,89.2603138910005,79.65908650968969,57441529
1749130200,86.68,86.93,86.22,86.45,89.54365375501759,87.84134624498239,87.36382710841767,84.00299346257236,90.45302729589375,80.79791417089884,37715267
1749216600,85.79,85.925,85.275,85.35,89.55375973988504,87.83124026011495,87.48837208832556,84.04921754037515,90.50173573989994,80.83383275819837,38130095
1749475800,85.04,85.64,85.035,85.44,89.54472166964209,87.8402783303579,86.9073688826816,83.21641682286688,89.53740393644165,79.89346451868704,26560750
1749562200,86.095,86.1774,85.515,85.88,89.54453752160833,87.84046247839166,87.01729398310819,83.27264682495502,89.61246233456839,79.95431068175945,24857001
1749648600,85.81,86.4,85.71,86.14,89.5435573107463,87.84144268925371,87.33822863306949,83.80125251374112,89.99549846413015,80.3124190296454,36334820
1749735000,86.89,87.2,86.6,87.17,89.54858356039726,87.83641643960273,87.56287131054901,84.60761202791079,90.22398643312629,80.51993127148457,43017814
1749821400,86.73,86.875,85.775,86.33,89.55293610661427,87.83206389338574,88.32614459520234,85.67856826496589,91.14479016468081,81.38245137501963,49373982
1750080600,86.08,86.43,85.46,85.46,89.55679589476092,87.82820410523907,87.57443389472213,85.03981601711723,90.39419324832998,80.65822143063242,36496625
1750167000,86,86.66,85.75,86.5,89.56856469258577,87.81643530741422,87.27510078916474,84.34110025710757,89.61773045200606,79.90545879749624,34521571
1750253400,86.88,87.09,86.35,86.65,89.5664901663302,87.8185098336698,87.74261402092283,85.18058462285899,90.54928671354949,80.78244624110606,38588982
1750426200,86.14,86.79,85.95,86.49,89.56640654230489,87.81859345769509,87.89480783154153,85.30802870188705,90.68617611365698,80.90112770469686,26001907
1750685400,86.93,87.4407,86.77,86.77,89.56565160000248,87.8193483999975,87.8276068048062,85.04741331724655,90.54382845325627,80.75502402495945,36851824
1750771800,86.47,87.59,86.425,87.4,89.56320958069158,87.8217904193084,88.06261311925951,85.18395664553515,90.79945706975427,80.98635556362329,32959113
1750858200,87.11,87.51,86.8,87.51,89.5634033572921,87.82159664270789,88.63431310712244,85.60264735594049,91.37496359522933,81.51925462642285,26345293
1750944600,87.59,87.95,87.2,87.95,89.56260586664095,87.82239413335904,88.75008262539251,85.6911034083495,91.47957266982574,81.60671893196546,30467517
1751031000,87.57,88.16,87.235,87.39,89.56479638091896,87.82020361908103,89.07640518525287,86.03344524044232,91.88643353538998,81.83354736958178,74993500
1751290200,87.86,88.435,87.61,88.25,89.55795026968353,87.82704973031646,88.6867111333684,85.61459090082542,91.37806824967825,81.49002014394983,53695166
1751376600,88.13,88.31,87.66,88.14,89.55038812909213,87.83461187090785,89.40710926199853,86.30403315032684,92.17305057428487,81.85260625553991,38960579
1751463000,87.19,87.59,87.1,87.58,89.55049432431976,87.83450567568025,89.35839826348237,86.23122468796328,92.07742862951564,81.76832424517374,39382249
1751549400,87.165,87.29,86.85,86.97,89.5533276997921,87.83167230020788,88.72961355582841,85.78165710422483,91.56466991152142,81.50530860431707,26729101
1751895000,86.54,86.56,85.92,86.14,89.55660403713658,87.82839596286342,88.62148764162494,85.27550596268176,91.00215610554787,81.87320346811055,38314669
1751981400,85.57,86.04,85.44,86.03,88.58709329097115,86.89790670902886,88.43463315475074,84.5699298877318,90.23117176090595,81.35487872201561,31406989
1752067800,86.19,86.93,86.175,86.93,87.53156515701502,85.97343484298497,88.42608873546214,85.17859039262602,90.12869689530923,81.25908999338012,29821887
1752154200,86.83,87.06,86.485,86.99,87.50450263989929,86.00049736010072,88.83310680772186,85.65572595527604,90.97111758066512,81.77843331179864,24525548
1752240600,86.23,86.27,85.64,85.79,87.51574391374916,85.98925608625083,88.51096946981758,85.56458752820916,91.02924930337707,81.79342726249419,40764785
1752499800,85.54,85.88,85.315,85.61,87.45385572479378,86.05114427520621,87.81701328284234,84.81449380995254,89.9031225093073,81.02614975370088,24609530
1752586200,85.89,85.91,84.9,85.01,87.4550351803861,86.04996481961389,87.6848076716842,84.58003083788061,89.73302662517285,80.88563006850627,40454986
1752672600,85.275,85.6566,84.19,85.13,87.45051132381096,86.05448867618904,87.03853725807485,84.08338599633814,89.16527998390538,80.47592147363596,65987689
1752759000,85.22,85.485,84.99,85.11,87.44914286261076,86.05585713738925,86.59450027253735,84.06344948178509,89.27720533905824,80.52398125542743,31875451
1752845400,85.43,85.46,85.1,85.24,87.4463157444705,86.0586842555295,86.35166946786997,83.96849994562683,89.2567640335165,80.4834631916178,27534948
1753104600,86.215,86.505,85.96,86,87.44760758169635,86.05739241830366,86.3825069443136,83.99646204691018,88.93257840912935,80.54187651323606,40019530
1753191000,86.17,86.77,86.11,86.52,87.4239820743055,86.0810179256945,86.9610158363589,84.3538551609958,88.94009025429813,81.01661227236892,35190321
1753277400,86.05,86.2,85.785,86.04,87.42399409323598,86.08100590676402,87.38184226226689,84.42344640813674,89.17988228607601,81.33939585845927,31008454
1753363800,85.55,86.24,85.51,85.89,87.41555217530309,86.0894478246969,86.99297592860256,84.17387243647417,89.02030644412122,81.00283795495106,25164761
1753450200,85.8,86.44,85.72,86.43,87.40893787158502,86.09606212841497,86.86644398895618,84.22445294282436,88.98584163206374,80.88330019443876,27196153
1753709400,85.99,86.2,85.83,85.87,87.40677262742219,86.09822737257782,87.32744078075098,84.59224671598602,89.25206555892726,81.22824406619677,26812463
1753795800,86.23,87.34,86.2,87.32,87.42927272422517,86.07572727577482,86.95377120221059,84.17109539491666,89.02884514937386,81.303728007497,47828275
1753882200,86.77,86.96,86.56,86.87,87.34366937897155,86.00133062102844,88.1421085313735,85.2332223810728,89.7302794189077,82.86186792915535,40670866
1753968600,87.13,87.41,86.84,86.92,86.95067150890645,85.62432849109354,87.75340783756852,84.89557795555436,89.55701998177541,83.0761866161415,49814080
1754055000,87.56,87.93,87.515,87.82,86.52856477331147,85.20143522668855,87.83853625918876,84.93272456604252,89.61548758375046,83.11228082598214,63434525
1754314200,87.955,88.15,87.65,88.06,86.51882167816785,85.21117832183216,88.60520760168609,86.39571273148293,90.09690301211427,83.81664768845235,36425167
1754400600,87.85,88.45,87.78,88.33,86.52420720084118,85.22079279915883,89.09102689835838,86.6705504163709,90.26004906965497,84.00542596567419,28586109
1754487000,87.84,88.045,86.92,87.82,86.5264296413335,85.21857035866651,89.39326892882647,86.93237593872935,90.4417691533892,84.97325273373353,42589347
1754573400,87.915,88.25,87.59,87.67,86.52510318828456,85.21989681171544,89.00883575647205,86.68148158805369,90.217421641015,84.5533342373956,29213145
1754659800,87.36,87.385,87.1546,87.29,86.51543512577902,85.22956487422097,88.9106928545684,86.62300413094262,90.17392630073377,84.60482861173624,21596334
1754919000,87.54,87.67,87.28,87.39,86.51535524896846,85.22964475103154,88.80107893848307,86.39376520843389,89.99983296653275,84.36592059100376,20100909
1755005400,86.9,86.9681,86.55,86.95,86.5096176263376,85.23538237366239,88.93833014895507,86.48116832048163,90.08530263135002,84.41629665214018,41087211
1755091800,87.44,87.81,87.425,87.67,86.51381600046128,85.23118399953873,88.81314673654721,86.17935226744436,89.86480457027726,84.12777856540262,30817493
1755178200,87.51,87.51,86.89,87.02,86.51486867167705,85.23013132832297,89.23689571773171,86.83743915707053,90.30406729466011,84.5772018560963,33397435
1755264600,86.66,86.78,86.25,86.4,86.51308731144823,85.23191268855177,88.94359633339852,86.4120563842132,89.95434440287045,84.14671819552328,36343551
1755523800,86.5,86.54,85.985,86.15,86.51322062007178,85.23177937992824,88.61254945671104,85.84037260273286,89.60910385713696,83.72291387421575,26777514
1755610200,86.45,86.75,86.445,86.65,86.51544143509106,85.22955856490894,88.47114813020086,85.78789063381996,89.47604556824021,83.53781583973361,28780625
1755696600,86.59,86.965,86.56,86.84,86.51078406296726,85.23421593703273,88.1569775799436,85.98215971276842,89.55926019637592,83.8618476626452,25912477
1755783000,86.56,86.675,86.105,86.41,86.48445126101618,85.26054873898381,88.29536545628228,85.81682070235227,89.63111685041116,83.9802882121161,28643888
1755869400,86.83,87.302,86.72,87.05,86.93754929475344,85.70245070524655,87.90217924865348,85.5241571050965,89.1802146033485,83.66992789974515,49871851
1756128600,86.725,87.05,86.65,86.8,86.93847088111158,85.7015291188884,87.75535279857253,85.7543365484879,89.64256802678945,84.10754489591844,27011924
1756215000,86.51,86.79,86.223,86.75,86.92071508684838,85.71928491315161,87.532450634972,85.6058854736898,89.47556355869429,83.92198702978307,30259346
1756301400,86.105,86.66,86,86.65,86.91886863355646,85.72113136644354,87.48536300703611,85.52160190177614,89.44937724453932,83.87692849041939,38142761
1756387800,86.78,87.26,86.66,87.22,86.91483357104251,85.72516642895748,87.3917869980231,85.4387215740726,89.3859913741428,83.79555885601826,32205937
1756474200,86.76,86.86,86.44,86.6,86.91986453584619,85.7201354641538,87.91672699530682,85.81695117487688,89.81090232330098,84.2013547754076,41686429
1756819800,85.63,85.84,85.48,85.63,86.91550092500613,85.72449907499386,87.34101786501157,85.35124401073534,89.18827994286151,83.74085556023932,48760602
1756906200,85.93,86.81,85.89,86.57,86.92645469077206,85.71354530922792,87.10173296480617,84.59759726478904,88.63603826429865,83.01355375499166,52499540
1756992600,87.02,87.24,86.58,87.23,86.90684393363685,85.73315606636315,87.33239614348412,85.29013708891357,89.21190632057068,83.70162356038608,40501553
1757079000,88.22,88.61,88.14,88.56,87.00924670405485,85.79075329594518,87.78215047634218,85.55662500810341,89.73967165622797,84.18763209328394,69667951
1757338200,89.17,89.755,89.12,89.74,87.58387299971797,86.36112700028202,88.99585410690754,85.89114369481864,90.89787037404241,85.18135782691176,54538678
1757424600,89.4,89.55,88.99,89.23,87.58792484146878,86.35707515853123,90.09372758101472,86.4405714560423,91.93048508120786,85.6581160236886,37126428
1757511000,89.4,90.065,89.19,89.74,87.74454100034296,86.51045899965703,90.47347519508305,86.48713009990692,91.49881970779609,85.65591752318389,40713570
1757597400,89.91,90.48,89.9,90.34,87.95643734642897,86.71356265357105,91.14236433296124,86.7906879222441,91.95395749658121,85.71320799362043,46694392
1757683800,89.83,89.98,89.4919,89.95,87.94639714764776,86.72360285235226,91.81109418295745,87.16859188778558,92.48968371703722,85.79301020269335,32968578
1757943000,90.15,90.455,90.065,90.16,87.93615382167975,86.73384617832025,91.95334623595485,87.20726101228072,91.95334623595485,85.78685799888561,24820119
1758029400,90.09,90.495,90.04,90.35,87.9317644965653,86.75323550343471,92.3211099633539,87.41117860615438,92.3211099633539,85.8400601314004,26794226
1758115800,90.71,91.04,89.87,90.12,88.193881476565,87.03611852343502,92.6465868009797,87.91665786309042,92.6465868009797,85.89572073975499,49121751
1758202200,89.26,89.47,88.9,89.19,88.20617300090751,87.0238269990925,92.67010368761453,88.00848451656563,92.67010368761453,85.89222363906757,55717920
1758288600,89.07,89.225,88.785,89.02,88.20620172050239,87.02379827949761,92.1603093722457,87.26450159305237,92.1603093722457,85.6851180051179,32509221
1758547800,88.82,88.91,88.54,88.7,88.20702916912745,87.02297083087258,92.12988186801022,87.13975277636516,92.12988186801022,85.55454942938796,24758223
1758634200,88.965,89.36,88.75,89.32,88.20665545688779,87.02334454311222,91.9656549753112,87.55918807400532,91.9656549753112,85.30441062898096,26689041
1758720600,89.08,89.16,88.7,88.98,88.20830619783305,87.02169380216696,92.50249971144908,88.49301687558429,92.50249971144908,85.79655238313012,28097977
1758807000,88.845,89.03,88.46,88.98,88.20594991280737,87.02405008719265,91.7956545519647,88.24637176852536,92.29779080225758,85.52955247315403,29882469
1758893400,88.99,89.47,88.69,88.9,88.20155211866317,87.02844788133685,91.50800331787691,88.11688983805514,92.34800684366222,85.63610155330647,30955062
1759152600,89.29,89.74,89.26,89.63,88.19861737185286,87.03138262814714,90.57827323001247,87.98062371779362,92.36447432377285,85.8465333743599,32286167
1759239000,89.66,90.04,89.21,89.37,88.19941609428058,87.03058390571944,90.68082712319239,88.29673958020945,92.97046166847811,86.19275636173435,38583989
1759325400,89.45,89.64,89.09,89.29,88.1949466251685,87.03505337483152,90.4562021801593,88.11267643230521,92.818105778096,86.08594995285762,39408913
1759411800,89.31,89.69,89.19,89.55,88.18987910689276,87.04012089310726,90.01458627508407,88.02746915050844,92.8252920987939,86.05960221302016,23208338
1759498200,89.63,89.72,89.27,89.38,88.17956844224926,87.05043155775076,90.0670064259363,88.1649750850977,93.06952678519444,86.2007474224057,25884474
1759757400,88.71,89.155,88.65,88.67,88.18697780057526,87.04302219942475,90.01468582946458,88.0294794325674,92.99988209593923,86.1274651955622,28370984
1759843800,88.97,89.38,88.812,89.18,88.17933446571027,87.05066553428973,89.60984294715841,87.51122133949058,92.5155806513729,85.76679728829201,29103348
1759930200,89.6,89.615,89.13,89.25,88.17934122861854,87.05065877138149,89.89139378250997,87.84628310885567,92.94078573200774,86.04268026007351,22506241
1760016600,89.17,89.29,89.005,89.18,88.15667593576177,87.07332406423825,89.95101930093298,88.0056687113622,93.03392727103686,86.08885265241759,21578690
1760103000,89.98,90.72,89.9,90.62,88.18138146892042,87.0486185310796,89.925050875058,88.44699538911493,93.01592094453885,86.05871529732705,59389374
1760362200,90.28,90.58,89.86,90.57,88.17472376677738,87.05527623322263,91.18743191714492,89.05161047378067,94.18905317118775,86.86914009527537,28035544
1760448600,90.65,90.915,90.43,90.86,88.57778044893765,87.45221955106237,91.15744098430267,89.09932538249512,94.19337212450957,86.86051929566695,29800001
1760535000,90.955,91.3,90.47,90.66,88.7649270473529,87.63507295264706,91.43792711726891,89.26445536910185,94.46820214417835,87.04439436747525,31333909
1760621400,90.515,91.495,90.45,91.34,89.05874879900264,87.91625120099738,91.48234775096984,89.25210713111484,94.34582611368768,86.94856448057254,39631153
1760707800,91.25,91.29,90.9,91.2,89.05269915166075,87.92230084833929,92.36590697889386,89.69248111463389,94.94095586844468,87.36416532014314,40240383
1760967000,91.46,91.56,91.28,91.55,89.0834621892333,87.95653781076672,92.32040328382661,89.65231863136361,94.86413605170753,87.30326841683042,28429283
1761053400,91.99,92.185,91.9101,92,89.39490578438563,88.27009421561439,92.67342977714745,89.91733997196421,95.19199558674944,87.53278279055081,24514336
1761139800,91.991,92.175,91.82,92.06,89.39403572725851,88.2709642727415,93.1156534383772,90.55898256706827,95.60585384992757,87.82618355596097,30496152
1761226200,91.61,91.7851,91.29,91.43,89.39782184272919,88.26717815727083,93.2095176354057,90.76996545761469,95.69323263950105,87.88670233657747,28275142
1761312600,91.585,91.6,91.16,91.47,89.39167165947666,88.27332834052336,92.66672375705751,90.273801978505,95.19193919822715,87.52160679642923,28265993
1761571800,91.32,91.79,91.0944,91.78,89.36352440533564,88.30147559466438,92.72434715211928,90.59954673514652,95.25606086481764,87.56534132176513,30033574
1761658200,91.85,92.175,91.81,92.02,89.35960179517357,88.30539820482645,93.03035007413614,91.4032088822217,95.5517578553105,87.77880970077804,23564517
1761744600,91.88,91.89,91.015,91.09,89.37374701666857,88.29125298333146,93.27208552556613,91.44010174371144,95.78820486966124,87.95053352445774,39551593
1761831000,90.39,90.97,90.3544,90.56,89.36767406256696,88.29732593743306,92.82275987268297,90.6574696753623,95.0060788737796,87.3746771988331,42649215
1761917400,90.56,90.66,90.2,90.29,89.3684368865936,88.29656311340642,92.6376283996474,90.18608691648627,94.56412431172714,87.4383441944331,38247268
1762180200,89.62,89.82,89.42,89.74,89.37238471995377,88.29261528004625,91.94372773577845,89.92039946611185,94.34566387511836,87.41088862839435,40752284
1762266600,89.78,90.06,89.74,89.94,89.36846989958896,88.29653010041106,91.77120169513802,89.41008040400118,93.87578585042075,87.14951915900542,26383782
1762353000,89.51,89.545,88.88,88.96,89.38262701813301,88.28237298186703,91.74019385501732,89.32408504122607,94.0687640690799,87.30712180111733,44643440
1762439400,89.56,89.85,89.53,89.76,89.38855009446418,88.27644990553583,91.29496409772926,88.54008280611639,93.20686434940824,86.57920067074495,33027353
1762525800,89.355,89.87,89.355,89.57,89.38921438458259,88.27578561541743,91.27773167092674,88.63755399720708,93.93645997350815,87.18849510552974,28530051
1762785000,89.49,89.67,89.385,89.55,89.38587766684087,88.27912233315915,91.1255735167703,88.35364051560451,93.77838954113717,87.61031755955491,24093451
1762871400,89.95,90.065,89.775,89.96,89.38088532700903,88.284114672991,90.79975358991541,88.14586464951665,93.77229591778668,87.80056663770286,18942295
1762957800,89.95,90.32,89.88,90.12,89.37386033120748,88.29113966879254,90.87513801865597,88.13969325704643,94.15560124668973,88.13969325704643,23594938
1763044200,89.8,89.94,89.38,89.38,89.37594490574422,88.2890550942558,90.9783717931592,88.09781139923558,94.31328663037267,88.09781139923558,33825908
1763130600,89.79,89.835,88.87,88.87,89.37907767182749,88.28592232817253,90.36028715241056,87.65812883517697,93.65011671268553,87.65460661872207,38550502
1763389800,89.08,89.3,88.98,89.09,89.37628842675447,88.28871157324555,90.08558936812557,87.29316876793081,93.19259221743715,87.17440812096004,25605782
1763476200,89.35,89.45,88.8,89.06,89.37599378619434,88.28900621380568,90.16287700848093,87.31256223341917,93.40283169581832,87.31256223341917,31967435
1763562600,89.225,89.31,88.85,88.88,89.37333212760582,88.2916678723942,90.15821091871923,87.2128193386751,93.38351160060766,87.2128193386751,25782384
1763649000,88.99,89.42,88.985,89.23,89.3691342641561,88.29586573584392,90.07144774528491,87.50464980542633,93.2251840294029,87.03133471154447,32945001
1763735400,89.65,89.67,89.195,89.5,89.36862914562245,88.29637085437757,90.26308675841851,87.99145473291615,93.55651728559424,87.18194522881143,41938628
1763994600,89.95,90.0665,89.7801,90.01,89.37157036702143,88.29342963297859,90.43381649941225,88.32913733535871,93.81477746297767,87.30158097367898,30865695
1764081000,90.31,90.59,90.13,90.24,89.37164297369152,88.2933570263085,90.76988506669748,88.78026963188184,94.2968227079149,87.59369503479611,36503342
1764167400,90.15,90.64,89.83,90.64,89.36922711267326,88.29577288732676,90.95580044248045,88.9230164539606,94.51981064560111,87.71696475802833,34098962
1764340200,90.46,90.5299,89.95,90.21,89.3655655406776,88.29943445932243,91.33841372685431,89.12343682573425,94.08728998724494,87.96594980967181,40704287
1764599400,88.845,88.99,88.71,88.77,89.58780033461103,88.48719966538896,90.86229537909846,88.91921362388945,93.35442977956136,87.64792709767424,47086647
1764685800,88.575,88.955,88.46,88.81,89.9223046423794,88.84269535762057,90.60058716435451,87.75341237513948,92.09511055855467,86.6005519411047,27605681
1764772200,88.92,89.155,88.74,89.06,90.70150555713361,89.62349444286637,90.60504266028673,87.76961392017154,92.10002258978773,86.59486171613783,23278580
1764858600,88.91,88.93,88.48,88.58,90.83880964765774,89.80619035234224,90.70622927001105,87.96659003583169,92.28703845932117,86.74691947805188,25541459
1764945000,88.55,88.55,88.045,88.17,90.60987980865646,89.62012019134355,90.50505524686794,87.54632878172885,91.92912760755422,86.3631223340807,32808068
1765204200,88.185,88.2,87.56,87.88,90.36339490905422,89.38160509094578,90.30722011017093,87.14394404081902,91.66912137824103,86.02557161325619,32255204
1765290600,88.34,88.345,87.84,87.97,90.35892893000229,89.38607106999771,90.13812860394086,86.82441942357289,91.50222755318022,85.77485652280866,25771792
1765377000,88,88.52,87.855,88.31,90.35476987738929,89.3902301226107,90.04315933993377,86.79367226131393,91.54621744475273,85.81414733689071,46833512
1765463400,88.69,88.83,88.16,88.19,90.35278957010685,89.39221042989315,90.2445413707904,86.98007863600475,91.74630008104783,86.05027112470748,26778686
1765549800,87.375,87.495,87.19,87.34,90.17714912306914,89.19785087693086,90.14837599566258,86.83483243271166,91.6652365660433,85.93313727723354,47030122
1765809000,87.715,87.88,87.39,87.4,90.17644158166323,89.19855841833677,89.20796790888365,86.10817775476195,91.1543577862619,85.2410361807997,28611787
1765895400,87.185,87.92,87.17,87.88,90.1704092794772,89.18459072052282,88.9212546807492,86.1082158254877,91.18026782198436,85.26276066483132,41018681
1765981800,87.625,87.9856,87.5801,87.8,90.15720143745135,89.19779856254867,88.77356194921211,86.46606175074788,91.46292913282099,85.62187764970759,24668305
1766068200,88.13,88.38,88.07,88.22,90.16008754043361,89.19491245956641,88.34877178410896,86.36893631829389,91.32760206364841,85.53726271803023,39048891
1766154600,87.605,87.76,87.41,87.55,90.16583845170932,89.18916154829068,88.59208619555356,86.60606165810842,91.63350176072383,85.85655039297568,37858082
1766413800,87.415,87.4574,87.25,87.36,90.15940352464708,89.19559647535293,88.25949977888841,86.30714480710311,91.13270199648662,85.29610354725675,25547134
1766500200,87.07,87.58,87.03,87.5,90.08788360844603,89.12711639155397,88.22246194885108,86.56291890226774,90.98495388113376,85.12239833130324,33624059
1766586600,87.76,88.08,87.65,88.03,90.0930434003644,89.12195659963561,88.28568806388792,86.56672512502456,91.08298713802415,85.2188468505894,25942006
1766759400,88.1,88.1699,87.6,87.74,90.0942454543196,89.12075454568038,88.58108962732967,86.79113716295815,91.47672932611825,85.63823613818498,26522734
1767018600,87.95,88.0703,87.79,88.07,90.08699845453067,89.12800154546933,88.4414221130507,86.83748272856081,91.25345804875762,85.38425506691611,29399823
1767105000,87.74,88.04,87.6744,87.86,90.08667198847321,89.12832801152679,88.66824676597841,87.13722975922374,91.50097303499899,85.64354810555835,25106784
1767191400,87.68,87.91,87.13,87.16,90.09439515996073,89.12060484003928,88.55115668726204,86.95865765096771,91.33688399785929,85.45579472106348,36500036
1767364200,87.4,87.41,87.0201,87.03,90.08812002559769,89.11697997440234,88.09372990948623,86.36054628459668,90.79148876318833,84.85723593380455,40731251
1767623400,87.18,87.52,87.11,87.46,90.09153677519109,89.11356322480893,87.99770364847191,86.23819455020902,90.28928425929863,84.73368097316603,30178030
1767709800,87.15,87.34,86.9,87.28,90.02383270951006,89.06116729048995,88.30249006655174,86.6614119773806,90.57710090177454,85.08197617170623,39015179
1767796200,87.84,88.005,87.48,87.79,90.02397790886786,89.06102209113216,88.17098929991678,86.5949844816913,90.42340328328001,84.9175147105459,39930912
1767882600,87.33,87.55,87.245,87.35,90.02677138946771,89.0582286105323,88.53164542163853,86.88691400798984,89.8475415345386,85.33742648428715,28204899
1767969000,87.3,88,87.12,87.93,90.03295629515222,89.05204370484778,88.06068556119777,86.61967022636213,89.54072726648214,84.95297490631894,57348793
1768228200,87.5,87.91,87.41,87.67,89.99769103837576,89.08730896162425,88.5064894425803,86.9219613812407,89.92415927461498,85.43601273913264,36103071
1768314600,87.88,87.91,87.535,87.82,89.99837727344503,89.08662272655498,88.29203542857496,86.76159236681647,89.73706641433266,85.2045515646015,30451400
1768401000,87.91,88.43,87.89,88.33,90.00195652172525,89.08304347827477,88.42507128392599,86.85167387219694,89.83235262431876,85.32338909667031,39233477
1768487400,88.635,88.66,88.31,88.31,90.0015277893636,89.08347221063639,88.87480604105978,87.20526829624221,90.18289727937596,85.75200363637622,37988942
1768573800,88.13,88.32,87.71,87.8,89.99648937905077,89.08851062094924,88.78904362081248,87.20087800114186,90.1645540147387,85.7272324127423,46382396
1768919400,86.63,87.03,86.5407,86.65,89.83707568491523,88.88862431508477,88.48308600920635,86.8192300886643,89.79540815289876,85.28032419185217,66009536
1769005800,86.8,87.48,86.62,87.31,89.84355164404582,88.88214835595419,88.22535960250158,85.9224982714085,88.95503994952992,84.27780643027997,51220133
1769092200,87.27,87.755,87.14,87.69,89.83772901910737,88.87797098089263,88.41757123271226,86.42418100949237,89.42422962093985,84.84013203705099,42419291
1769178600,87.83,88.0284,87.495,87.93,89.83906708067956,88.87663291932044,88.58248206446092,86.38871329988852,89.6942920903708,85.16162491152151,35968799
1769437800,88.395,88.49,88.2,88.35,89.83779514792073,88.87790485207927,88.7167947675954,86.41308333552641,89.8648788723016,85.36283397512464,38882362
1769524200,88.11,88.25,87.68,87.8,89.84184841457146,88.87385158542853,88.9699901589989,86.64486158210897,90.18060055855786,85.65613203392509,35180128
1769610600,87.505,87.7,87.29,87.6,89.83999627721349,88.87570372278651,88.6291781798863,86.27917047433209,89.75692341948013,85.31239010416664,38750296
1769697000,87.15,87.74,87.08,87.62,89.69536268324119,88.73533731675882,88.6652038601236,86.11445756853743,89.60037652950369,85.15294953283565,43854982
1769783400,87.375,87.56,87.13,87.13,89.22430263555187,88.2863973644481,88.76500831316528,86.11002624025203,89.60922615520957,85.14805787137267,45832193
1770042600,87.02,87.055,86.55,86.55,89.06972704196005,88.13097295803993,88.58220116114032,85.71100811525615,89.22847078929962,84.77889626353311,38171395
1770129000,86.485,86.78,86.4284,86.76,89.0037926391207,88.0646073608793,88.27601454299943,85.22438801381456,88.77358189769109,84.33918974544768,27438196
1770215400,86.63,86.7775,86.46,86.54,89.0002597426426,88.0681402573574,88.40164796609372,85.36966599116394,88.92631671737911,84.47017445443667,37872880
1770301800,86.93,87.48,86.75,87.48,89.01607267113388,88.05232732886613,88.26137606230938,85.16734828115179,88.58727445299549,84.28840330095694,50268911
1770388200,87.45,87.54,87.2,87.54,89.0014612808129,88.06693871918709,88.90167737570066,85.93796265174255,89.40578447958863,84.96215325117234,33461764
1770647400,87.2,87.58,87.03,87.52,88.98985079784823,88.07854920215176,88.96558291663177,85.98102937631442,89.45494648877234,84.99152519526776,24708880
1770733800,88.24,88.53,88.22,88.53,89.00794174236185,88.06045825763813,88.97062691115133,86.13154008922946,89.43400817424728,84.96235248211158,37253715
1770820200,88.04,88.475,87.935,88.06,89.01134129347996,88.05705870652004,89.7433325297607,86.5828143947703,90.32270588184167,85.70543635685601,37014010
1770906600,88.355,89.28,88.35,89.23,89.03135936227471,88.03704063772528,88.95209320743548,86.36801506070242,89.90595874787633,85.34258733026947,48454859
1770993000,89.63,89.81,89.5224,89.72,89.03479763540365,88.03360236459635,89.73876261598214,86.90678862738105,90.94890177666774,86.1546085138891,56785154
1771338600,89.93,90.12,89.76,89.87,89.02660934780545,88.04179065219455,90.22675460997917,87.17256035434475,91.40651714340932,86.28538452724723,32356748
1771425000,89.685,89.86,89.47,89.53,89.02423201621951,88.0441679837805,90.4249266113513,87.29433874207962,91.54784948843799,86.32112655999504,35415364
1771511400,89.4,89.72,89.365,89.62,89.02362317231123,88.04477682768875,90.3974341154849,87.53709161541008,91.23118219113097,86.20150541140286,28658625
1771597800,89.7,89.74,88.93,89.41,89.02434770445133,88.04405229554867,90.66418643313135,87.84790487920046,90.99903347773028,86.21933249408016,49610815
1771857000,89.55,90,89.53,89.74,89.02539386064758,88.04300613935241,90.78021749787581,87.81891200278108,90.78021749787581,86.13500221935007,33614602
1771943400,89.945,90.05,89.76,89.9,89.02391118375274,88.04448881624725,91.07768416788478,88.60051824581525,91.07768416788478,86.24042892202266,24933943
1772029800,89.71,90.08,89.71,89.91,89.0228226688825,88.04557733111751,91.30031162685408,89.26806133997808,91.30031162685408,86.29001399879832,23625776
1772116200,90.06,90.32,90.05,90.27,89.02076613102453,88.04763386897547,91.43718943482385,89.29233209824298,91.43718943482385,86.28649153832623,29447077
1772202600,90.685,90.86,90.55,90.82,89.13517890491539,88.15322109508462,91.74991954661685,89.6297595987947,91.74991954661685,86.47575140103707,51271972
1772461800,89.975,89.99,89.355,89.61,89.15496534448602,88.13343465551398,92.04043968210213,89.99581731654436,92.17936005200286,86.92614846670088,55465543
1772548200,88.975,89.67,88.935,89.43,89.15280036040211,88.13559963959788,91.2304743710961,89.04941743035538,91.55747446768869,86.64514163442502,51850414
1772634600,89.27,89.44,89.095,89.15,89.12139761515007,88.16700238484992,91.1560488216144,88.8893458191567,91.51480863730555,86.6035029088153,47069511
1772721000,88.63,88.935,88.51,88.79,89.12354370141875,88.16485629858126,91.03956208386408,88.63396992811467,91.40072132013158,86.68211121650535,45768934
1772807400,88.32,88.9399,88.015,88.46,89.12422474329698,88.16417525670302,90.9926131881588,88.54290591192697,91.25294171456737,86.6798787094989,58136911
1773063000,88.295,89.315,88.205,89.23,89.1301366545002,88.15826334549979,90.53351201905171,87.73933459145903,91.25124496105893,86.57321341153639,52478733
1773149400,88.8,88.95,88.27,88.28,89.14203788807731,88.14636211192268,90.70791694689163,88.19399180447365,91.60586743520989,86.84345033914265,48651546
1773235800,87.75,87.81,87.075,87.14,89.16132787128723,88.12707212871277,90.16352907216312,87.45367033074413,91.31899925331858,86.46897818196614,54679852
1773322200,86.905,87.245,86.775,86.97,89.16154803173637,88.12685196826362,89.4869161928587,86.42177759802196,90.94510754822736,85.54013618875823,48976970
1773408600,86.925,87.145,86.47,86.54,89.16218103887938,88.12621896112061,89.19024723184401,86.22208555117834,90.89240204487042,85.38961662918668,43459981
1773667800,87.175,87.34,86.96,87.21,89.16961100890279,88.11878899109719,88.83523628573168,85.7970259151015,90.71752732215518,84.98764138804091,37341484
1773754200,87.36,87.57,87.315,87.45,89.15950909590055,88.12889090409946,88.9183524229036,85.9417953061735,91.02130005894954,85.58143736854788,19578066
1773840600,87.36,87.48,86.93,86.955,89.16329070948586,88.12510929051413,88.82364118043725,85.94785664525142,91.14873109893226,85.77785077637076,37596578
1773927000,87.06,87.725,86.97,87.49,89.16421801202686,88.12418198797313,88.218121014825,85.53569724003623,90.92304688992775,85.3573377648054,60307437
1774013400,86.81,86.86,85.76,85.83,88.86922428789774,87.75077571210225,88.35544595278384,85.60103573938845,91.20394893990466,85.60103573938845,78948515
1774272600,86.18,86.72,85.935,86.385,88.8714258904916,87.74857410950841,87.33273546423847,84.53669308820024,90.38886607185296,84.31239052983805,69686651
1774359000,85.72,86.29,85.56,86.01,88.76668094778238,87.65331905221764,87.43137198261704,84.8603679318857,90.63247559377476,84.83034549971127,51799399
1774445400,86.75,86.88,86.48,86.84,88.7767889569634,87.6432110430366,87.25096492572402,84.52670803268367,90.44395918266156,84.47653171349673,37861005
1774531800,86.34,86.61,85.93,86.11,88.78384829916146,87.63615170083855,87.71609510993098,84.96767887258783,90.89058826956885,84.8099296008549,39536966
1774618200,85.5,86.1,85.45,85.64,88.72693227954743,87.58306772045258,87.24076438420315,84.41714101751666,90.4733529260428,84.36675627064375,39928851
1774877400,86.63,86.95,86.485,86.78,88.74540694940015,87.56459305059985,86.93311901772167,84.02330871402704,90.24211295930841,84.02061098225778,36473153
1774963800,86.93,87.16,86.57,86.69,88.74383220372756,87.56616779627244,87.64406248164427,84.76789540515166,90.86518523007697,84.47125878189212,47112153
1775050200,86.28,86.705,86.23,86.26,88.74567540916814,87.56432459083187,87.58641785485668,85.09042831775126,90.81155564177749,84.3391582674596,31157621
1775136600,86.205,86.85,86.1507,86.79,88.7434375601141,87.5665624398859,87.28778084318101,84.7433130527653,90.54114740769572,84.02797057305726,33310584
1775482200,86.5,86.85,86.385,86.65,88.74347546576243,87.56652453423757,87.66602129404629,85.19717818952844,90.87945121688598,84.24175229779523,14660325
1775568600,86.52,86.675,85.91,86.64,88.74080908879797,87.56919091120203,87.5926485538243,85.06613666826097,90.78988322953498,84.09626965040265,22747227
1775655000,87.36,87.37,86.73,86.92,88.74157753877272,87.56842246122729,87.61806684370043,85.05082048381145,90.78423736142948,84.02775957057804,22244916
1775741400,86.69,87.1301,86.3924,86.7,88.73844321629079,87.57155678370921,87.88518854829644,85.29867171681319,90.9741656514079,84.12753547235138,18909082
1775827800,86.6,86.68,86.33,86.49,88.73649046532542,87.57350953467457,87.71317959348966,85.0953560401891,90.82701539872686,83.95228587104901,13247732
1776087000,86.44,86.8,86.25,86.75,88.73264535562991,87.57735464437009,87.53880765825143,84.89948995379936,90.68288632368873,83.77181708829924,12719726
1776173400,86.7,87.24,86.63,87.21,88.7349532462577,87.5750467537423,87.78544115873659,85.55787627261081,90.86453257706549,83.83638183704107,16606917
1776259800,87.02,87.07,86.725,86.83,88.73649811626368,87.57350188373631,88.21921270063386,85.93943903141519,91.19090432834979,83.99327042634778,15119636
1776346200,86.915,86.97,86.2,86.28,88.73651247057965,87.57348752942033,87.87836284010162,85.62319934688242,90.92469797796868,83.75176895531725,20001034
1776432600,87.05,87.21,86.89,87.07,88.74583519520027,87.56416480479973,87.37152800545651,85.15384944063783,90.53015234026232,83.41541216206046,29604128
1776691800,87.11,87.125,86.71,87.05,88.74253909980716,87.56746090019284,88.11839807800463,86.2978413259154,91.10299361463872,83.76936932520184,14623480
1776778200,86.97,87.092,86.53,86.57,88.72742753292783,87.58257246707215,88.10635492580523,86.30909856130344,91.09167591063303,83.71242924115569,19798692
1776864600,87.05,87.155,86.705,86.74,88.72153620953789,87.5884637904621,87.32709063771955,85.89692565057035,90.73974313686388,83.4065864228616,13676816
1776951000,86.825,87.04,86.24,86.55,88.71978194995822,87.59021805004178,87.41501681851896,85.96628844295252,90.86673480737183,83.45457340371753,21106665
1777037400,86.46,86.82,86.25,86.71,88.7192969040102,87.5907030959898,87.3430568252811,85.80993779543341,90.72504691591715,83.30424591068885,22285741
1777296600,86.489,86.62,86.1926,86.28,88.71887973687602,87.591120263124,87.42847952316572,85.9050073159972,90.84623060843458,83.35438604609318,19250144
1777383000,86.12,86.37,85.94,86.37,88.7152291312271,87.5947708687729,87.06640521345233,85.56053723218159,90.51915040722375,83.0634565025407,14553573
1777469400,85.985,85.99,85.55,85.7,88.72093514971434,87.58906485028567,87.14596965938586,85.61119984324101,90.58699334510955,83.07664629700801,29020823
1777555800,85.885,85.9,85.385,85.62,88.68822537516924,87.55677462483075,86.61604139944438,85.05334953101513,90.08081952911338,82.63304480262052,28516180
1777642200,85.5,85.995,85.34,85.61,88.6625351286167,87.5374648713833,86.54355554252103,84.96462188430044,90.00127699290431,82.54253721640545,21280951
1777901400,85.35,85.36,84.76,84.96,88.37209380600682,87.2479061939932,86.51271862769599,84.93604150896088,89.98929626439924,82.49628741907848,27226010
1777987800,85.145,85.49,85.09,85.43,88.3749423387637,87.2450576612363,86.03729516883573,84.36637445131797,88.76423178282003,82.04774617107438,18226454
1778074200,86.049,86.165,85.92,86.08,88.38079857740401,87.23920142259598,86.31915524105982,84.74898408411906,89.05878262832576,82.30666100038103,22530704
1778160600,86.28,86.29,85.595,85.65,88.37016297431299,87.24983702568701,86.87885144327784,84.79188735503864,89.57542813494139,82.68812333495804,21178332
1778247000,86.06,86.28,85.99,86.08,88.3731280189272,87.2468719810728,86.4946795228706,84.60604085849701,88.73637209321134,82.37858018568458,30797630
1778506200,85.88,85.915,85.49,85.56,88.37670376143649,87.24329623856352,86.33185143732763,84.67705694450932,89.0954137669599,82.62801785805333,17713653
1778592600,85.19,85.2,84.92,84.99,88.36522026732894,87.25477973267107,86.43969440029699,84.43864084104142,87.67009127588408,82.2563198472436,27680614
1778679000,84.94,85.05,84.59,84.8,88.27753360698252,87.17246639301749,86.09307307746872,84.10858124974983,86.76374184382685,81.84558900834051,26295099
1778765400,85.26,85.375,84.905,84.92,88.25628515389289,87.1937148461071,86.00192892680371,83.94279899717502,86.62785179600019,81.68554287598306,25247190
1778851800,83.87,83.97,83.59,83.66,87.77065893620629,86.6793410637937,86.05215337623632,83.94776453624215,86.70169082221707,81.73545040306425,50795960
1779111000,83.7,83.915,83.315,83.56,87.6314302909821,86.5435697090179,85.32899112300376,83.1035956405041,85.9394161121059,80.84063968480227,26166181
1779197400,82.96,83.23,82.77,83.02,87.35957607599974,86.27042392400024,85.20970730193744,82.97426902176214,85.85922860441373,80.7366104365922,35346602
1779283800,83.06,84,83.04,83.91,87.37413966787781,86.25586033212218,84.80461292090828,82.5292846406429,85.55313931353835,80.32534524436927,44497999
1779370200,83.6207,84.2575,83.325,84.22,87.37628871823165,86.25371128176835,85.3567588330421,82.74744450199822,85.99829405682219,80.91558765205029,24887001
1779456600,84.605,84.68,84.135,84.68,87.37835186204273,86.25164813795726,85.54968832612917,82.60253367338409,86.15761175741498,81.10396543115418,27987659
1779802200,85.335,85.375,84.9,85.1,87.38120932740944,86.24879067259056,85.86888294393233,82.58694761528523,86.48758847143223,81.40167311131613,22531218
1779888600,85.25,85.48,85.15,85.3,87.38219242775142,86.24780757224858,86.19583342406645,82.63983121249177,86.7940033450285,81.6749115888084,23589557
1779975000,85.36,85.845,85.27,85.74,87.38349883606202,86.24650116393798,85.97253452470063,82.66545155249638,86.94064401729224,82.6047972528916,25417298
1780061400,85.81,85.96,85.55,85.76,86.94071542216062,85.81928457783935,86.19358747825535,82.81930810436162,87.27139333695061,82.60940216307856,33118565
1780320600,84.93,85.54,84.8,85.47,86.76344180906123,85.67655819093876,86.29090134613466,82.8155715401126,87.28724325762143,82.5575288989499,26322365
1780407000,85.8,85.82,85.5,85.65,86.6483987977396,85.56160120226038,86.36102454745004,82.66002165795902,87.06515192222263,82.47666253659273,20319048
1780493400,85.285,85.43,85.1,85.31,86.58602589482499,85.498974105175,86.63036107288096,83.03280341542946,87.20351952251116,82.44377793361208,15371998
1780579800,85.605,85.71,85.42,85.5,86.58567094495224,85.49932905504774,86.66743869226445,83.20243754810157,86.93854829466895,82.3499355906561,15866492
1780666200,84.99,85.345,84.92,85.06,86.58685970931566,85.49814029068433,86.88360844540651,83.44058876066578,87.0859782895032,82.45528125131592,26461163
1780925400,85.23,85.325,84.62,84.62,86.39577635720228,85.32422364279772,86.76972683499115,83.10723123861035,86.76972683499115,82.27983767998153,22922742
1781011800,84.97,85.18,84.78,85.12,85.81607833661839,84.7639216633816,86.6024404206493,83.84143558474354,86.6024404206493,82.06377400127727,22617747
1781098200,85.12,85.3,84.7,84.88,85.75650271298596,84.73849728701406,86.9528036078564,84.46316868347787,86.9528036078564,82.2302833178671,21258274
1781184600,85.17,86.04,85.04,85.98,85.77550862538136,84.71949137461864,86.86408170262666,84.36409150843537,86.86408170262666,82.10651572816786,35190465
1781271000,85.64,85.83,85.41,85.77,85.7735635176169,84.7214364823831,87.1365479522143,84.681229900438,87.62225930296253,82.49124913692148,23100929
1781530200,85.96,86.11,85.67,85.72,85.76665658816025,84.72834341183976,86.88705754413368,84.61622104753816,87.548557501336,82.39693007185741,17632742
1781616600,85.96,86.38,85.925,86.19,85.76928475775564,84.72571524224435,86.57708599543656,84.59470359277107,87.56895547417642,82.35820116299641,26472475
1781703000,86.33,86.59,85.93,86.33,85.76628385756072,84.72871614243928,86.77198139139938,84.81376110976636,87.94866039899573,82.522366278625,34507482
1781789400,87.07,87.175,86.65,86.75,85.58610492284632,84.55389507715367,87.14914075241724,84.89885005824546,88.10056205538038,82.56574398785604,32350902
1782135000,86.3,86.33,85.97,86.09,85.55065292041377,84.58934707958622,87.55193689543597,85.1352416201049,88.45733514505051,82.72798980137374,28595080
1782221400,86.12,86.425,86.1,86.2,85.54586828315465,84.59413171684533,87.02443009589167,84.80568550125814,88.0127962784906,82.44304976987249,19145517
1782307800,87.15,87.47,87.12,87.38,85.61533078160974,84.62466921839028,87.14365349667337,84.99945612328179,88.13365457661075,82.47871462635906,41836982
1782394200,87.58,87.79,87.29,87.35,85.76583633735298,84.79416366264702,88.22329488125139,85.8568647313139,89.0788155992312,82.99081151580853,28392350
1782480600,87.01,87.37,87.0001,87.36,85.7569633502729,84.8030366497271,88.22417805743002,86.17917588384283,89.1001411056241,82.97905165919133,21650818
1782739800,87.355,87.54,87.3,87.45,85.75300904024954,84.80699095975046,88.25614973404815,86.20551877759111,89.14903222155229,82.98502283043109,19457155
1782826200,87.15,87.175,86.375,86.42,85.74960187704129,84.81039812295872,88.35864845245224,86.65952469690504,89.25895133996966,83.02864083140227,31079477
1782912600,85.48,85.79,85.425,85.52,85.76243837041676,84.79756162958326,87.8597764206146,85.80704986876145,88.46271013254768,82.53584723947762,28109797
1782999000,85.38,85.78,85.37,85.51,85.75967966168916,84.80032033831085,87.58949272173264,85.01952506046219,87.79752195152966,82.0839893809621,20957228
1783344600,85.43,85.48,85.18,85.45,85.75488333251312,84.80511666748687,87.61277888126301,84.99373496401485,87.86524062019839,82.06485114077124,17940936
1783431000,85.115,85.1677,84.54,84.55,85.76733587643547,84.79266412356453,87.3440074700536,84.76438476268281,87.91518977877449,82.02039107969645,24816434
1783517400,84.31,84.45,84.0601,84.36,85.76772814282084,84.79227185717916,86.99761423942715,83.80365311245082,87.71967223637171,81.5184387848362,25806645
1783603800,84.28,84.68,84.255,84.49,85.76660106674402,84.79339893325599,86.85509208706195,83.4889279300893,87.69558815733636,81.39101986387578,18625289
1783690200,84.505,84.625,84.28,84.47,85.76608098854379,84.7939190114562,86.613872540358,83.43567936077513,87.76783068566829,81.44801793167615,14454110
1783949400,84.185,84.28,83.934,83.97,85.7691898115759,84.7908101884241,86.41740309462119,83.31704829034855,87.79066835586278,81.41904585843106,18742492
1784035800,84.18,84.5,84.035,84.08,85.76813500977373,84.79186499022629,86.03388371631874,82.85378497818756,87.63105123407736,81.10414884575695,23793453
1784122200,84.08,84.405,84.08,84.24,85.76482489146166,84.79517510853836,86.0599818844311,82.86443528025289,87.69168634745401,81.15130161401245,17837800
1784208600,83.84,84.22,83.79,84.21,85.76306137508632,84.79693862491368,85.96948424482169,82.83105751825856,87.7756540416698,81.23077939733108,20817836
1784295000,84.62,84.82,84.49,84.52,85.7608196402416,84.7991803597584,84.8997916329942,82.69476805743983,87.78274761573016,81.19595752596732,22065623
1784554200,84.31,84.34,83.815,83.89,85.75571114127858,84.80428885872143,84.9878585494682,82.7774667898512,87.93806409249679,81.48926101744904,24289038
1784640600,83.735,83.77,83.43,83.66,85.75624626536488,84.80375373463511,84.50165380357431,82.3060738528741,87.67515855702311,81.05478192474162,14287531
1784727000,83.605,83.7,83.3801,83.44,85.75380137808506,84.80619862191496,84.41246743310415,82.07419282806357,87.59610985805696,80.88499420161168,15988382
1784813400,82.99,83.25,82.96,83.17,85.75381890415925,84.80618109584076,84.28664577215183,82.3954672175305,87.5132964804654,80.72019452719258,29152762
1784899800,83.31,83.655,83.225,83.25,85.75383916674505,84.80616083325494,84.11107218534592,82.4483064383007,87.40151868762266,80.55219895737106,15105997
1785159000,83.73,83.87,83.52,83.75,85.7583592524217,84.8016407475783,84.11213013937798,82.49143673977166,87.4396151159353,80.61134958635954,23818953
1785245400,83.86,84.34,83.845,84.24,85.76069176844264,84.79930823155735,84.38465491618712,82.84772738032864,87.67344234637989,81.02215525127215,25366895
1785331800,84.1,84.1513,82.7,82.85,85.7554494213814,84.73455057861861,84.69162981268117,83.04334542712529,87.92428048692301,81.42683748502817,41445198
1785418200,82.805,82.9,82.515,82.8,85.65653693568765,84.64846306431237,84.13576046672226,82.34268770770613,87.25253886234988,80.25447822690869,40407332
1785504600,82.45,82.45,81.89,82.25,85.3463516625654,84.33364833743461,84.07995126728876,82.2234097213153,87.22547627939831,80.20509565878585,50359783
1785763800,82.24,82.35,82.01,82.19,85.34632137632921,84.33367862367079,83.85153726038104,81.82134872723599,86.93968620414738,79.7326440635501,32050804
1785850200,82.65,82.84,82.57,82.82,85.34815387267078,84.33184612732923,83.74525181907545,81.70210413152982,86.89990917838959,79.67379860111781,38408581
1785936600,82.945,83.15,82.8,83,85.34492750176162,84.33507249823839,84.00967491779994,81.6848438732974,87.22917323267731,80.201645636195,29465796
1786023000,82.77,82.92,82.4,82.52,85.34050574818684,84.33949425181315,84.11761115510254,81.63117660224873,87.32499713558732,80.34859570032116,27566560
1786109400,82.795,82.85,82.4801,82.76,85.33970278681912,84.34029721318089,83.76910253733692,81.27680309305069,87.05910222089874,80.331683313534,96129996
1786368600,82.4,82.45,82.03,82.06,85.34306000080294,84.33693999919707,83.92947659745552,81.33159570472634,87.18976941602409,80.76035999620899,36743633
1786455000,82.27,82.4568,82.12,82.19,85.34038063185606,84.33961936814393,83.38462619626425,80.81541639299843,86.78611381275365,80.1880630042137,23268515
1786541400,82.45,82.475,82.05,82.11,85.33614270317526,84.34385729682475,83.46546426601023,80.83258202390977,86.85388729645769,80.25301728997519,21444552
1786627800,82.59,83,82.49,82.59,85.34035749335929,84.33964250664073,83.38531463005752,80.72054136028879,86.79983290875467,80.15751721470686,26921527
1786714200,82.23,82.36,81.82,82.04,85.30910892762758,84.30089107237242,83.76135592876932,81.02399753300797,87.07976473482009,80.50436633008226,31374783
1786973400,81.77,81.8563,81.31,81.35,85.03587025251026,84.06412974748976,83.1700106235888,80.57971695078963,86.74329028180435,80.04126866942315,31557703
1787059800,81.26,81.75,81.17,81.66,84.96745707616749,83.9925429238325,82.41790662244485,80.01374727053131,85.80381400223102,79.46154934927314,25037129
1787146200,82.805,83.06,82.61,83.02,84.99449964909195,83.96550035090804,82.55688924437214,80.21581335595253,85.78354438722053,79.68133827653752,51309461
1787232600,82.355,82.77,82.15,82.34,84.98877334202265,83.97122665797735,83.69514497605624,81.33697522404256,86.34967622066945,80.68790576855606,39569868
1787319000,82.17,82.27,81.9,82.05,84.9880710787133,83.9719289212867,83.12440774673736,81.16471788556547,85.66607613934923,80.18186596097574,24269092
1787578200,82.49,82.88,82.45,82.56,84.98911110847362,83.9708888915264,83.01831133730907,80.9881763947071,85.4304702713367,79.92409348472907,29038464
1787664600,83.105,83.48,82.97,83.47,85.00011266870673,83.95988733129329,83.75009593824048,81.17226410529283,85.8134127700484,80.30042813113269,35015083
1787751000,83.27,83.3,83.07,83.3,84.99963848225067,83.96036151774933,84.4827128580227,81.52461084285483,86.5119885096948,80.58858552175246,20658791
1787837400,83.2,83.35,83,83.13,84.9965190965018,83.96348090349822,84.42894742727073,81.46706600596848,86.37364873816907,80.4653065224393,17361883
1787923800,83.04,83.5987,82.7801,82.88,84.9971399603728,83.9628600396272,84.36942719141352,81.54256711407218,86.23389178035269,80.34010899210877,35809817
1788183000,82.47,82.53,82.145,82.52,84.99784197023432,83.9621580297657,84.22100292107052,81.40775370507217,86.02941068196158,80.17854532691337,37317413
1788269400,81.89,82.35,81.78,81.87,85.00277955610244,83.95722044389757,83.96119018407128,81.28331779768443,85.73517789857085,79.96420947391066,25623870
1788355800,81.975,82.0476,81.745,81.95,85.00189495352993,83.95810504647008,83.69168368251884,80.74177412135491,85.20506342581447,79.610067367776,21454291
1788442200,82.36,82.43,82.06,82.07,85.00148359417236,83.95851640582765,83.75717913686489,80.80135231503735,85.25893903667055,79.58780242128111,18042011
1788528600,82.29,82.5,82.18,82.21,84.99979279755607,83.96020720244394,83.84759599017814,80.89757818175079,85.08000092571125,79.58886328801411,16591830