time,open,high,low,close,Bullish Trend,Bearish Trend,Range High,Range Low,LT Range High,LT Range Low,Volume
1536045300,13.13,14.35,13.12,13.16,15.909106895686648,13.870893104313355,,,,,
1536131700,13.69,14.3,13.23,13.91,15.906728189833723,13.873271810166276,14.424036773939333,11.28736243506448,18.27208278338105,9.035164421852537,
1536218100,14.21,15.41,13.72,14.65,15.908327109457396,13.871672890542605,15.193926169196079,11.488132846209833,19.206679508678285,9.06250020573481,
1536304500,14.72,15.63,14.31,14.88,15.908594837842413,13.87140516215759,15.581749163538268,11.719953236305845,20.127368110606817,9.04955460892899,
1536563700,15.09,15.2,13.93,14.16,15.91308880525213,13.866911194747871,15.876486168069135,12.568813009493184,20.418633769993036,9.021799832454755,
1536650100,13.96,14.92,13.21,13.22,15.92154893054546,13.85845106945454,15.274168241796493,12.842530311832046,19.53303763562581,8.954757558562942,
1536736500,13.07,13.86,12.91,13.14,15.917882334199096,13.862117665800906,15.035613903669603,12.215742847664655,18.36242564972015,8.832772154722306,
1536822900,12.91,12.91,12.3,12.37,15.916782454022343,13.863217545977658,15.081242827986937,12.162954162740444,17.966780376319498,8.780980697890914,
1536909300,12.13,13.15,11.93,12.07,15.917593580731554,13.862406419268448,14.774037971395174,11.864954541204064,16.569926886353535,8.533119632106109,
1537168500,12.72,13.75,12.32,13.68,15.942571040141395,13.837428959858606,14.624857115955724,11.594815172222612,16.192194465016946,8.368894818589322,
1537254900,13.48,13.48,12.56,12.79,15.939381712602843,13.840618287397158,15.585454433833302,11.775392014237658,17.556332405143408,8.73234296538726,
1537341300,12.61,12.77,11.66,11.75,15.948183990950668,13.831816009049334,15.027310685842949,11.495847703448732,16.518093053219708,8.570670248137592,
1537427700,11.82,11.96,11.31,11.8,15.916349462237305,13.863650537762696,14.245133878455542,10.966727979030365,15.285178234372045,8.158927807286712,
1537514100,11.76,12.03,11.1,11.68,15.910605701506901,13.869394298493102,14.27165932453791,10.836306330643854,15.348453406543848,8.168316651389942,
1537773300,12.46,12.92,12.18,12.2,15.486397052146488,13.673602947853508,13.705248021944179,10.649532370336903,15.20708352660091,8.091992845466772,
1537859700,12.28,12.6,11.8,12.42,15.47533825248703,13.684661747512969,14.151339351466689,10.747828954832087,15.837011433942562,8.668197017031607,
1537946100,12.21,13.13,11.55,12.89,15.45004765078452,13.70995234921548,14.08938304745589,10.755730177105317,16.1065554285304,8.890139820548367,
1538032500,12.77,13,11.94,12.41,14.964036823763875,13.285963176236125,14.398075595882817,10.903944630657902,16.678474953015524,8.999016245270678,
1538118900,12.59,13.22,12.09,12.12,14.961465369511446,13.288534630488554,13.92557446233898,10.617151438163637,16.103156320659398,8.84043240409439,
1538378100,11.99,12.4,11.57,12,14.314116956493868,12.715883043506135,13.632557608285309,10.412195306144131,15.754612387005826,9.128501191195213,
1538464500,12.47,12.69,11.61,12.05,14.311566491196327,12.718433508803674,13.508887672642956,10.489487770524535,15.611299201731285,9.049896986291198,
1538550900,11.66,12.14,11.34,11.61,14.304346767975542,12.72565323202446,13.560468403943146,10.495377046206368,15.674980891463946,9.072460051885486,
1538637300,12.84,15.84,12.42,14.22,14.356453522437636,12.673546477562365,13.098411503681803,10.161803598072527,15.138302350579721,8.800291139318674,
1538723700,14.29,17.36,11.72,14.82,14.619666729511987,12.910333270488012,15.834010516765503,11.378778740626391,18.32707030799714,10.3397178598242,
1538982900,16.05,18.38,15.69,15.69,15.166570594142716,13.383429405857282,16.472848488657768,11.371739432793754,19.062881286433853,10.686543143753944,
1539069300,16.12,17.49,15.27,15.95,15.157332146079764,13.392667853920234,15.973668734331556,11.395034460438225,20.126548344004803,11.036962288436982,
1539155700,16.03,22.96,15.83,22.96,17.820006554524447,15.309993445475554,16.80216219269604,11.8235227073551,20.451550576729463,11.00592040770792,
1539242100,23.07,28.84,20.65,24.98,20.990131486578573,18.019868513421432,24.48466507994989,12.430850161164683,28.883715112667026,8.376010687056137,
1539328500,21.63,26.8,20.88,21.31,21.043356979998492,17.96664302000151,26.85552780564055,13.33386637396128,31.31282486434368,7.455977399602947,
1539587700,21.97,22.89,19.47,21.3,21.033749452434492,17.976250547565513,26.59688672673886,14.310956317486895,26.959011537909625,9.498878117938332,
1539674100,20.28,20.56,17.55,17.62,21.108662364875933,17.901337635124072,27.925972076272423,14.704902034070436,27.925972076272423,9.640464530837837,
1539760500,17.06,19.55,17.06,17.4,21.103287737634112,17.906712262365893,26.22026607039882,13.810172997630783,26.22026607039882,10.879534830176224,
1539846900,18.02,21.57,17.51,20.06,21.13794161128619,17.872058388713818,26.507971930653255,13.840113972639005,26.507971930653255,10.977204582807035,
1539933300,19.24,21.08,18.39,19.89,21.137146431838126,17.872853568161883,29.446493213734126,15.698309047122269,29.446493213734126,10.411100159452216,
1540192500,19.38,20.89,18.82,19.64,21.136810584775933,17.873189415224072,29.77599751654677,15.213628719137645,29.77599751654677,10.551571921226492,
1540278900,22.18,24.66,20.18,20.71,21.140031582692586,17.869968417307422,29.92305707448672,14.809220509999351,29.92305707448672,10.700484374350337,
1540365300,21.6,26.38,20.4,25.23,21.202815734387897,17.807184265612104,31.441363788045614,14.937215421410553,31.441363788045614,10.527315091903523,
1540451700,24.78,24.78,22.06,24.22,21.201139376619505,17.808860623380504,36.72836869736751,15.99503305355186,36.72836869736751,9.61553263377784,
1540538100,24.51,27.52,23.33,24.16,21.189630870428164,17.82036912957184,33.5668930057332,15.761247545442547,36.09910421469487,10.09146801116376,
1540797300,24.48,27.86,22.01,24.7,21.166029361535756,17.84397063846425,33.625219991539176,15.716849261597124,36.42270444127978,10.263042722823952,
1540883700,23.94,25.55,23.11,23.35,21.173519110773288,17.83648088922672,34.23763087891648,15.861157410375526,37.40971169075248,10.28111963774487,
1540970100,22.72,22.8,20.39,21.23,21.18012973116271,17.829870268837293,32.63858924993892,15.391323497671554,36.08875759720039,10.723576204960876,
1541056500,20.96,21.21,19.03,19.34,21.193336800988018,17.816663199011987,27.006492390375573,14.539769987989676,33.65261062265325,11.162465714822599,
1541142900,18.52,21.61,18.05,19.51,21.190373719818464,17.819626280181538,25.59679364104867,13.579370556529431,31.33865638951827,11.386617208599034,
1541405700,20.58,20.87,19.64,19.96,21.187873262977085,17.82212673702292,25.828765376177913,15.809013906362832,31.696858929812954,11.437854708971118,
1541492100,19.84,20.6,19.69,19.91,21.18762108378632,17.82237891621369,26.3226736284423,16.09627707337093,32.43206627544615,11.482253248081783,
1541578500,18.03,18.05,16.33,16.36,21.766075413317726,18.173924586682272,26.349648063911662,17.18557153057729,32.48057427886546,11.54428705284325,
1541664900,16.18,17.2,16.09,16.72,21.726395912862163,18.213604087137835,22.774873488485635,15.217489424059355,27.54852711578865,11.519011107259361,
1541751300,16.87,18.41,16.84,17.36,21.705425512530418,18.234574487469576,21.620060332769807,15.07636313723929,28.123678936792487,11.584095825098917,
1542010500,17.26,20.71,17.25,20.45,21.72959382555752,18.21040617444248,22.104596051587656,14.969656326428016,29.109391806081078,11.981672262331784,
1542096900,19.45,21.25,19.11,20.02,21.71651036339769,18.22348963660231,25.46182156446953,14.728301459999095,33.63816653280475,12.830897218321862,
1542183300,20.52,22.36,19.3,21.25,21.706700440583344,18.233299559416654,24.017515135216968,14.448792997139165,33.10263003742707,12.777038578836375,
1542269700,20.41,22.97,19.94,19.98,21.706577569611575,18.233422430388423,22.65745152193019,14.360674718922267,34.96285214242951,13.137210945815733,
1542356100,20.04,21.36,18.1,18.14,21.72526510124195,18.21473489875805,22.57993363596216,14.030523786911463,33.189538602218946,12.858859762489505,
1542615300,18.78,20.99,18.52,20.1,21.74091804029059,18.199081959709407,21.5457134294303,13.466736684436501,30.52120915870196,12.34485513841219,
1542701700,20.76,23.81,20.37,22.48,21.754231312647093,18.185768687352905,23.090341633011096,13.752587919543753,33.4949867435532,12.978946358574266,
1542788100,21.66,22.31,20.11,20.8,21.767453676363594,18.172546323636404,25.34332639261569,14.824002826033972,37.08310104715666,13.69083527907356,
1542960900,21.23,22.65,20.65,21.52,21.765296764278606,18.174703235721392,23.979397208898714,15.521892224010996,34.65802238590032,13.272423244537363,
1543220100,20.78,20.8,18.67,18.9,21.798484238049067,18.141515761950927,24.76740779704037,16.990723433759356,35.79542224743999,13.533078627305965,
1543306500,19.41,19.93,18.7,19.02,21.79773956613971,18.142260433860283,22.86039578790194,15.264052843299933,31.88785088827847,12.730728005286227,
1543392900,18.87,19.38,18.18,18.49,21.798599821802334,18.14140017819766,23.080567344208397,15.346928305950364,32.110858047265346,12.790336747090336,
1543479300,18.65,20.48,18.59,18.79,21.7835841141145,18.156415885885497,22.911087486868098,14.950089831777797,31.333419569680693,12.478176521152418,
1543565700,19.18,19.91,18.03,18.07,21.781528621481566,18.15847137851843,23.199926650562993,16.27907286560776,31.830072218946256,12.624902969736016,
1543824900,16.04,17.28,15.94,16.44,21.797974539812675,18.142025460187323,22.670774131273824,15.743233902358842,30.745549332130313,12.204531773057065,
1543911300,16.84,21.94,16.26,20.74,21.881209547832626,18.058790452167376,21.106788795644817,14.54176855649848,28.2195192094687,11.259409716565738,
1544084100,23.53,25.94,20.94,21.19,21.878134438252,18.061865561747997,24.683772970167304,15.735476851126112,34.95210431420635,13.207122016610802,
1544170500,22.42,24.71,19.9,23.23,21.890071136514624,18.049928863485377,25.186538376422764,15.561272473265934,35.68743118014878,13.28569552524887,
1544429700,23.95,25.94,22.5,22.64,21.886532667288343,18.05346733271166,27.32908599639035,15.406678392145377,38.8807868221274,13.806409184982627,
1544516100,22.96,23.6,21.39,21.76,21.880590141420647,18.05940985857935,26.779715117750698,15.44870312865033,38.01477078009292,13.623530694219864,
1544602500,21.91,21.91,20.5,21.46,21.881051482248697,18.0589485177513,25.899754048690504,15.387012488890676,36.68762369636133,13.339819487554296,
1544688900,21,21.57,20.34,20.65,21.876881512104834,18.063118487895164,26.020045773056353,15.31440998533073,36.25491492182027,13.216117599312428,
1544775300,21.57,22.47,20.95,21.63,21.87740185137916,18.062598148620836,25.77148411669174,15.123586583587041,35.01613571638871,12.921174946744795,
1545034500,22.36,25.88,21.97,24.52,21.877477334135545,18.062522665864453,26.88264462820171,15.758527434950437,36.588074563893755,13.211431037334792,
1545120900,24.68,26.14,23.64,25.58,21.86923732344281,18.070762676557187,29.729762356853634,16.63760719068515,41.15076705348457,14.092493333723565,
1545207300,25.15,26.64,22.5,25.58,21.85388813234437,18.086111867655628,31.031075878351672,19.43242279388153,42.848068676140755,14.366498368412978,
1545293700,26.09,30.3,24.68,28.38,22.666901722985813,18.733098277014196,31.33949631486575,19.829813872432478,42.892060187457034,14.373265968665853,
1545380100,28.24,31.35,25.71,30.11,23.375660850757896,19.3143391492421,34.31809885351167,22.51314908439231,47.3064974586793,13.790835574001909,
1545639300,29.29,36.1,29.16,36.07,26.028067583149276,21.411932416850725,36.31505301404238,23.440805252183242,50.05023018794542,13.381317953268994,
1545812100,35.5,36.2,29.59,30.41,26.14933305601125,21.390666943988755,42.467137870472804,26.052084470696702,59.326209476003754,11.43866166908887,
1545898500,31.2,33.8,29.66,29.96,26.14985938378329,21.39014061621672,37.18280373950532,24.099776629277684,50.62809819727853,13.46547659001828,
1545984900,29.97,31.05,27.43,28.34,26.153845641469083,21.386154358530924,37.99820376869547,24.087484159674773,49.977477986752994,13.65543525625117,
1546244100,27.59,27.64,25.33,25.42,26.17888425039794,21.36111574960207,37.866630861004964,23.393601312416294,47.482406323700886,14.054429285886098,
1546416900,27.54,28.53,23.05,23.22,26.197219071012125,21.342780928987878,36.23612058194385,21.8166213077349,42.90493758959467,14.365816745372394,
1546503300,25.68,26.6,24.05,25.45,26.209079943851,21.330920056149008,34.58205588809986,20.966218536884185,35.55713526237966,13.58029474451114,
1546589700,24.36,24.48,21.19,21.38,26.47706709985761,21.44293290014239,36.78053051572988,21.636926805747223,37.81993882000236,14.378189718930125,
1546848900,22.06,22.71,20.91,21.4,26.40758763792369,21.512412362076308,32.933236366000145,19.32805644477161,34.43430932343534,12.855814426629784,
1546935300,20.96,22.03,20.09,20.47,28.366431612196678,23.103568387803318,32.97948780437385,18.957117013354186,34.6241697482883,12.848691572358582,
1547021700,20.44,22.8,19.48,19.98,28.362556172113532,23.10744382788647,31.389283259145337,17.896415637549616,33.82241393007061,12.458456335677035,
1547108100,20.98,21.32,19.29,19.5,28.672372633299716,23.357627366700285,29.055412099336834,17.081248497192323,33.40627458287341,12.238770111780404,
1547194500,19.68,20.16,18.12,18.19,28.459484470956436,23.680515529043568,27.612449544933824,16.36282660106429,32.95799798382156,12.018780950234119,
1547453700,19.84,20.27,18.7,19.07,28.44777582566031,23.69222417433969,25.681341578102806,15.36687757266415,31.4919148453695,11.433037177924804,
1547540100,18.53,19.2,17.98,18.6,28.39324385540062,23.74675614459938,24.653427560499676,15.345346814053576,32.58674849430481,11.797505105001086,
1547626500,18.08,19.04,17.76,19.04,28.394730182345356,23.745269817654645,22.55653997964594,14.807239868922453,32.06680938119847,11.573605862496748,
1547712900,19.51,19.72,17.85,18.06,28.316873062496438,23.823126937503563,21.163892225388032,14.70888811969064,32.65099617957542,11.74904991783706,
1547799300,17.8,18.18,17.17,17.8,28.31700239270365,23.82299760729635,20.12874650479059,15.231180298636877,31.45845691082582,11.295820131857592,
1548144900,18.53,21.15,18.2,20.8,28.326607109956292,23.81339289004371,19.826584467544823,14.883428123688084,31.147319846265468,11.159702643015734,
1548231300,20.85,22.02,19.47,19.52,28.336092876468356,23.803907123531644,22.88349433121711,15.437562541453602,35.00283345655714,12.470247374346691,
1548317700,19.69,20.25,18.63,18.89,28.33822899504947,23.80177100495053,21.552030786218243,15.354264152032126,33.435657042664346,11.89883110190227,
1548404100,18.43,18.46,17.31,17.42,28.34605860297445,23.793941397025556,20.887815418835952,14.959106852866094,32.65219032264369,11.719384338974209,
1548663300,18.56,20.42,18.42,18.87,28.26536752159487,23.87463247840513,20.258002670341444,14.211148171188475,30.70420409214997,10.96527559670822,
1548749700,19.45,19.93,18.42,19.13,28.26284475706227,23.877155242937736,21.588781089493175,16.481604202421405,32.68535820874029,11.68895056207645,
1548836100,19.15,19.31,17.54,17.66,28.276848606565387,23.863151393434613,21.879834996043897,16.59304139629479,33.064378024040714,12.363707341258804,
1548922500,17.39,17.72,16.54,16.57,28.283193167362544,23.856806832637456,20.43054613066398,15.973317779326493,31.070487548753803,11.876176004574509,
1549008900,16.63,16.83,16.08,16.14,28.27806197540759,23.86193802459241,19.505084748572493,15.246150167963817,29.553616321926143,11.413200193704121,
1549268100,16.72,16.73,15.6,15.73,28.07499405058359,23.725005949416406,19.13115921509268,14.8130596835295,29.01948272827959,11.08110504519259,
1549354500,15.79,15.94,15.04,15.57,27.75224617648431,23.487753823515696,18.75333595560135,14.405435550063528,28.496642530914823,10.763272756591157,
1549440900,15.44,15.87,15.09,15.38,27.75205653316871,23.487943466831293,18.184560112039,14.161663683068443,28.28488459774669,10.51691222337881,
1549527300,15.66,17.89,15.51,16.37,27.76094551467693,23.479054485323072,17.96279524445833,13.918873294415832,28.030624751743503,10.275763455086498,
1549613700,16.81,17.63,15.62,15.72,27.76428403383365,23.47571596616635,19.02515978789287,14.44720654118308,29.254856245777397,10.33626255188091,
1549872900,16.17,16.5,15.34,15.97,27.671309679736723,23.56869032026328,18.307992674960893,13.948132776532951,28.290919007699124,10.012148081242216,
1549959300,15.23,15.65,14.95,15.43,27.624268663569154,23.52573133643085,18.572901789751167,14.042246310421385,28.659312349664795,9.916436910793307,
1550045700,15.46,15.91,15,15.65,27.62102640823741,23.528973591762593,17.186803679074107,13.615337086729793,27.845445848778525,9.631275248875944,
1550132100,15.61,17.27,15.3,16.22,27.553338986917055,23.596661013082954,17.373426954690178,13.730141564828594,28.171684875994572,9.54826930340705,
1550218500,16.82,16.82,14.79,14.91,27.483079349689547,23.506920650310455,17.9042051063475,13.938108415913227,29.02720406492163,9.560515102561485,
1550564100,15.65,16.16,14.64,14.88,27.391365838879345,23.44863416112066,16.61546133051821,13.135661549079188,27.033261036837708,9.093414469143276,
1550650500,14.92,15.19,13.99,14.02,27.04057109374491,23.14942890625509,16.04011228993904,13.03628944087123,26.979114849846795,8.966410507249737,
1550736900,14,15.17,13.85,14.46,26.946602606602557,23.10339739339744,15.630885937058407,12.438329598358564,25.637173830638723,8.605814792954003,
1550823300,14.46,14.47,13.51,13.51,26.7439286246474,22.96607137535261,15.764091483438781,13.36466537625613,26.31203641606643,8.627767648599988,
1551082500,13.91,14.9,13.44,14.85,26.696385570586582,22.943614429413415,15.189288668285247,12.86624930293189,24.81291708706707,8.241368855722378,
1551168900,15.16,15.28,14.52,15.17,26.684804089248406,22.955195910751595,15.900060340258827,13.22723292883204,26.90279220567194,8.541057167786633,
1551255300,15.53,16.17,14.7,14.7,26.68246408229865,22.957535917701346,16.132384479900338,13.121880962050993,27.394645961054913,8.538882852410216,
1551341700,15.17,15.24,14.39,14.78,26.64137998814941,22.99862001185059,15.766592106608286,12.916648553954573,26.654347550611995,8.31883919399171,
1551428100,14.57,14.84,13.41,13.57,26.642383261365516,22.967616738634486,15.801213813603981,12.84138392000071,26.773040578603542,8.258090148415508,
1551687300,13.77,16.98,13.38,14.63,26.641606634846546,22.938393365153452,15.118569218503978,12.299534406868005,24.85032355756585,7.817729062203721,
1551773700,14.52,15.39,14.26,14.74,26.64090038716511,22.939099612834887,15.937067905989085,12.641504104864522,26.52361717736741,8.05843625089119,
1551860100,14.91,16.11,14.74,15.74,26.649877524838512,22.930122475161486,16.08125160240944,12.6329440835812,23.987711068088366,8.017008438037362,
1551946500,16.33,17.81,15.54,16.59,26.63442089707871,22.945579102921293,16.96293297229989,13.044349887890572,25.06283353376979,8.227684583783097,
1552032900,17.38,18.33,16.02,16.05,26.485818737366124,23.094181262633874,17.78034626464773,13.363339085542512,26.296984479215176,8.388124434265986,
1552288500,16.28,16.43,14.33,14.33,26.517173346792426,23.062826653207576,17.35701412497418,13.172189572966834,25.498544132445264,8.181505676561514,
1552374900,13.97,14.7,13.61,13.77,26.492223632082723,23.08777636791728,16.688853442766042,13.004902955798125,22.954386649875833,7.632329514715805,
1552461300,14,14.05,13.25,13.41,26.42283822731329,23.02716177268671,16.421801139100598,12.635213262737569,22.112189338658915,7.403222314894698,
1552547700,13.35,13.84,13.16,13.5,26.372491202594585,22.987508797405415,16.232984973649952,12.366355502119005,21.56479373986422,7.233881783451367,
1552634100,13.21,13.28,12.5,12.88,26.024076902524463,22.67592309747554,16.278920546759636,12.388939300782239,21.04001204043427,7.20635714621007,
1552893300,13.13,13.8,13,13.1,26.023109099797857,22.676890900202142,15.89421122978028,11.930817380703923,18.54235067630886,6.95637246866523,
1552979700,12.89,13.77,12.37,13.56,25.950463952953754,22.61953604704625,15.900210636450659,11.979718605366402,18.186257568075646,6.9750900975394625,
1553066100,13.54,14.3,13.05,13.91,25.902798811103818,22.66720118889619,16.288059932453674,12.041802113376034,18.650220931496893,7.069861631903721,
1553152500,14.11,14.56,13.26,13.63,25.895353292079225,22.67464670792078,16.59914119090696,12.022927883080643,17.57592549119086,7.129606649069842,
1553238900,13.77,17.52,13.62,16.48,26.00572641198467,22.564273588015336,16.351612831610932,11.787111301301847,16.372098643180564,6.996920845881646,
1553498100,17.76,17.85,16.26,16.33,25.9714195381168,22.59858046188321,18.937646197737926,12.36831080338141,19.0763648626367,7.779767847239203,
1553584500,16.22,16.3,14.67,14.68,25.98386823798622,22.58613176201379,18.024073396241512,12.325454767319172,18.905461397222197,9.680547893135058,
1553670900,14.52,16.71,14.51,15.15,25.88342848156433,22.686571518435677,16.935133265988487,11.792858992596784,17.358200650253917,9.100205739471878,
1553757300,15.38,15.62,14.41,14.43,24.53714845948181,21.632851540518192,17.368812410262244,11.904714240811037,17.823418754254682,9.777174217104633,
1553843700,14.19,14.43,13.64,13.71,23.079806985059754,20.340193014940247,17.075625017829452,11.582555647454182,17.142872187254156,10.091359841393409,
1554102900,13.9,14.01,13.32,13.4,21.735740025466153,19.164259974533852,16.661035236952273,11.413501739711737,16.661035236952273,9.914936900711323,
1554189300,13.62,13.68,13.13,13.36,21.71103579538116,19.188964204618845,16.461650163642755,12.210266994386789,16.461650163642755,9.759251532042043,
1554275700,13.06,14.27,12.85,13.74,20.673393352730535,18.296606647269464,16.449182041463285,12.383899331044544,16.449182041463285,10.250259083908626,
1554362100,13.84,14.03,13.4,13.58,19.52410349866242,17.325896501337585,16.78494847718184,12.61541521969797,16.78494847718184,10.31763411173328,
1554448500,13.46,13.47,12.17,12.82,18.46830361604297,16.501696383957032,16.670413448619943,12.446515957836235,16.670413448619943,10.217523420785508,
1554707700,13.55,13.77,13.1,13.18,18.471233696992364,16.498766303007635,15.999721868426557,11.799152660777436,15.999721868426557,9.91272881238687,
1554794100,13.46,14.39,13.31,14.28,18.48618244796078,16.48381755203922,16.18387683744877,11.985924804077605,16.333664944561562,9.98866040828937,
1554880500,14.09,14.29,13.27,13.3,18.08304182508781,16.106958174912187,16.940230990416882,12.326857608641635,17.366243566149116,10.305879591105159,
1554966900,13.37,13.58,12.91,13.02,18.08280828469458,16.10719171530542,15.84861165763606,11.807306595634515,16.459526495181695,9.939791519893586,
1555053300,12.96,12.96,11.95,12.01,17.970034118991197,15.999965881008801,15.531905886172474,11.579634207217651,16.192021272996087,9.797778071623982,
1555312500,12.46,13.14,12.24,12.32,17.965661826877845,16.004338173122154,13.650749719346637,10.952976355334606,15.204288841390788,9.37325551798147,
1555398900,12.26,12.47,11.85,12.18,17.91205905560815,15.957940944391847,13.812128626270919,11.040906179073954,15.486924459753501,9.451078605584465,
1555485300,12.12,13.02,11.03,12.6,17.480090184012784,15.569909815987213,13.671870634455866,11.233839280771685,15.33671383926554,9.354574988808107,
1555571700,12.8,13.12,12.02,12.09,17.47796340003138,15.572036599968618,14.013479526513859,11.20721175828396,15.765747820261133,9.478615800441181,
1555917300,13.21,13.36,12.38,12.42,17.48027010899507,15.569729891004924,13.551462201227517,10.859586245744175,15.229273567928573,9.568932244195375,
1556003700,12.66,12.69,12.08,12.28,17.418167875199853,15.631832124800143,13.838279300771097,10.919808498412674,15.57151703138002,9.70001346832919,
1556090100,12.53,13.23,12.26,13.14,16.58061159974518,14.869388400254824,13.700525412605888,10.771717480297037,15.419328104364263,9.604200069677615,
1556176500,13.29,14.3,12.81,13.25,16.579425579926966,14.870574420073035,14.503201571379504,11.193169221107471,16.33000862387396,9.991592491351934,
1556262900,13.44,13.62,12.49,12.73,16.56896674466909,14.881033255330912,14.611807856423518,11.226681256236333,16.44873992349508,10.020040000176603,
1556522100,13.04,13.27,12.65,13.11,16.29680137513533,14.66319862486467,14.1157870304817,10.891842933335987,15.893296949025489,10.085680291053064,
1556608500,13.11,14.05,12.88,13.12,15.96967095938271,14.370329040617284,14.484858712739133,11.099016566656688,16.302571771922906,10.305942534014667,
1556694900,12.86,14.83,12.74,14.8,15.475392697402226,13.884607302597773,14.175682574670878,11.086851729765176,16.31464195875261,10.298268030959514,
1556781300,14.35,15.92,13.8,14.42,15.468496223783298,13.8915037762167,15.341382233801884,12.089044581402282,18.126457444848693,11.001219411240049,
1556867700,14.11,14.15,12.8,12.87,15.493548895172877,13.866451104827124,15.126006396153182,12.57818806257686,17.727365724623716,10.888928257448807,
1557126900,12.89,18.8,12.89,15.44,15.80986363110022,14.020136368899779,14.82922880728533,11.840728274956513,16.043562132178835,10.102445223966837,
1557213300,15.9,21.84,15.8,19.32,17.523205843318234,15.346794156681764,16.301820413067844,12.877910954729309,18.845659919132263,11.057897967976999,
1557299700,18.95,21.74,18.29,19.4,17.52271251294166,15.347287487058335,20.152475388032506,12.630394144222269,22.993837209424644,10.987583518075818,
1557386100,21.4,23.38,18.87,19.1,18.33711307729999,16.072886922700004,20.584505343595204,13.232867671231066,23.107743736977984,11.017969067869085,
1557472500,18.79,20.19,15.57,16.04,18.396198105275314,16.013801894724683,21.46613426269292,13.678307593987087,22.817395540231857,11.118915204763667,
1557731700,18.62,21.32,18.35,20.55,18.50942756556279,15.90057243443721,21.143401484501027,13.430030874595396,21.143401484501027,11.15632036563159,
1557818100,19.4,19.65,17.45,18.06,18.538135895312614,15.87186410468738,25.692729990034398,15.07258710335342,25.692729990034398,10.945244311272873,
1557904500,17.57,19.15,16.41,16.44,18.553879982605118,15.85612001739488,23.648516321479693,14.737565678429,23.648516321479693,11.36673691523142,
1557990900,16.69,17.13,15.16,15.29,18.560763398882184,15.849236601117813,22.112411817416785,13.797332456651171,22.112411817416785,11.209767477548336,
1558077300,15.89,16.81,14.86,15.96,18.55159916957172,15.858400830428279,20.916000126279393,13.06300673351739,20.916000126279393,10.904477058007942,
1558336500,15.88,17.63,15.46,16.31,18.55230796811591,15.857692031884087,21.75674370977404,13.5292192058447,21.75674370977404,11.106941040557032,
1558422900,15.86,16.22,14.79,14.95,18.559446357185593,15.850553642814404,22.23334879634498,13.749127651360258,22.23334879634498,11.182417428465296,
1558509300,15.06,15.44,14.42,14.75,18.558206860939304,15.851793139060693,20.82618391428718,12.797489981977161,20.82618391428718,10.752630687518415,
1558595700,15.93,18.05,15.28,16.92,18.581312650007042,15.828687349992954,20.72424989369998,12.485285268577131,20.72424989369998,10.667212401616064,
1558682100,16.34,16.52,15.52,15.85,18.574572108307855,15.83542789169214,23.132287539268606,13.150643599677098,23.132287539268606,11.293358096435433,
1559027700,16.55,17.7,15.9,17.5,18.590087164038543,15.819912835961452,21.946761586392494,12.5357949967333,21.946761586392494,11.045549179108685,
1559114100,18.55,19.04,17.62,17.9,18.58877809402519,15.821221905974804,21.772676640773348,13.169381697544793,23.93700880832026,11.41256049715912,
1559200500,17.47,18.11,16.72,17.3,18.591077092821717,15.818922907178278,22.171520186193593,13.28163654577996,24.47699419867146,11.496679317961636,
1559286900,19.05,19.72,18.01,18.71,18.587002181123765,15.822997818876228,21.485879390437752,12.929616717249534,23.759375552795568,11.386062565375909,
1559546100,19.41,19.75,18.16,18.86,18.578511431379635,15.831488568620362,23.14010328461257,13.450457012504899,25.573887674325615,11.645672905306503,
1559632500,18.74,18.74,16.97,16.97,18.598553833804615,15.811446166195381,23.329408101109454,13.41494776420929,25.80099641728925,11.682958528185306,
1559718900,17.06,17.49,16.04,16.09,18.59658706426679,15.81341293573321,19.22127516082933,12.60227584720499,23.570450760210505,11.451394100723668,
1559805300,16.25,16.54,15.36,15.93,18.592047090642456,15.81795290935754,18.98370828148768,13.575843688716109,22.63963093620948,11.112334862974446,
1559891700,15.65,16.44,15.33,16.3,18.591122918447365,15.81887708155263,18.987404527393387,14.36933973290294,22.498211562856348,11.045598791103657,
1560150900,16.3,16.47,15.84,15.94,18.569727098461172,15.840272901538825,19.287987796559158,14.662812048103048,22.964994983863523,11.193215586714025,
1560237300,15.84,16.7,15.5,15.99,18.566704479193266,15.84329552080673,19.136610521005142,14.389719791011245,22.580892241637052,11.043973444306026,
1560323700,16.26,16.43,15.78,15.91,18.565347959949566,15.844652040050432,19.22534208541063,14.329938463361557,22.671743065826412,11.06226753434143,
1560410100,16.16,16.21,15.61,15.82,18.565437932767797,15.8445620672322,19.218449730883407,14.155976267399737,22.60556375038508,11.02595771252257,
1560496500,16,16.4,15.21,15.28,18.563591751088452,15.846408248911542,19.19153705293125,14.002230782994124,22.523543124787487,10.98458613543799,
1560755700,15.65,15.76,15.24,15.35,18.563243607890925,15.84675639210907,18.13665762126354,13.567602897376155,21.91784782824452,10.744048640897123,
1560842100,14.89,15.54,14.62,15.15,18.56183245091231,15.848167549087686,18.182972242989962,13.543922752052714,22.027058931687638,10.77034449992863,
1560928500,15.05,15.71,14.15,14.33,18.56637524157198,15.843624758428016,16.86643171343434,13.346856657833916,21.85288598275434,10.675127225092108,
1561014900,14.04,16.03,13.19,14.75,18.56695505626292,15.843044943737077,15.952787931657916,12.709793209970016,21.003900790471164,10.363748584820181,
1561101300,14.74,15.48,14.42,15.4,18.50668618428644,15.903313815713556,16.337078831743487,12.964808950294557,21.48317165273439,10.932471488320903,
1561360500,15.46,15.56,15.23,15.26,18.50668586026901,15.903314139730986,15.800970412221025,13.3996688196329,22.214289524419215,11.322820578592786,
1561446900,15.43,16.68,15.1,16.28,18.49352240289955,15.916477597100442,15.665026983879809,13.266979663517208,22.09173266640137,11.218037512852781,
1561533300,16.1,16.6,15.47,16.21,18.49192183968507,15.918078160314929,16.62658811830298,14.022755581678457,23.260682687032197,11.766060309837568,
1561619700,15.66,16.4,15.66,15.82,18.488559594201437,15.921440405798561,16.679500662890714,14.177223503460977,23.190878662864044,11.702822380943804,
1561706100,15.7,16.13,15.08,15.08,18.487947057032947,15.922052942967051,16.79507579950955,14.052434835390704,22.794249801373017,11.47905646116761,
1561965300,13.85,14.64,13.8,14.06,18.496141390631937,15.913858609368061,16.56434238436767,13.763232468125839,21.991496490060296,11.045703049637666,
1562051700,14.16,14.3,12.9,12.93,18.50887096741085,15.901129032589148,15.98752471827111,13.221939239096475,20.839403071272752,10.373830189584725,
1562138100,13.18,13.19,12.56,12.57,18.508694409142663,15.901305590857335,15.262404039945222,12.415382687358095,19.52793465425107,9.620572044912608,
1562310900,13,14.47,12.04,13.28,18.514088778438232,15.895911221561764,14.943143138327684,12.083871611666163,19.117022848956772,9.368426097475242,
1562570100,13.73,14.44,13.64,13.96,18.51241805352857,15.897581946471428,15.376410404671205,11.995621100444191,19.948432473479862,9.823723623920804,
1562656500,14.47,14.71,13.99,14.09,18.51127363952108,15.898726360478918,15.862773596631596,11.899811120097304,20.770661063113998,10.258704942040751,
1562742900,14.38,14.69,12.98,13.03,18.510606182863917,15.899393817136078,15.96085633464234,11.741007743157954,20.937006965652547,10.333162318922525,
1562829300,13.01,13.33,12.39,12.93,18.501804985454278,15.908195014545718,15.078807015280617,11.297056190981245,19.67464484945523,9.622766670150828,
1562915700,12.76,12.82,12.28,12.39,18.504231682623228,15.905768317376772,14.967010865656745,11.103298195290694,19.54533853898569,9.545428530260061,
1563174900,12.58,13.02,12.49,12.68,18.493350289558443,15.916649710441554,14.135496875322502,10.751944948411765,18.878898389958458,9.174533350885785,
1563261300,12.61,13.14,12.28,12.86,18.492560123466063,15.917439876533933,14.08010267444816,10.752881105917732,19.242673211892992,9.358147378753571,
1563347700,12.62,13.97,12.24,13.97,18.50428359287251,15.905716407127487,14.218003683086659,10.734572416728291,19.470264559607088,9.468786768420953,
1563434100,14.45,14.5,13.19,13.53,19.036837499433606,16.363162500566396,15.10738985738169,11.159202500296804,20.73557358114581,10.176008076905532,
1563520500,13.31,14.45,13.09,14.45,19.05167375896504,16.36832624103496,14.775752796685682,10.904156023119993,20.19041666761364,9.898490976997344,
1563779700,14.55,14.7,13.42,13.53,19.059057784996476,16.360942215003526,15.599367500102359,11.476087014911645,21.022784207985858,10.416029271846648,
1563866100,13.42,13.52,12.55,12.61,19.068134113356628,16.351865886643374,14.825540774531916,11.360270264696933,19.85576663164234,9.867880930133637,
1563952500,12.8,13.1,11.98,12.07,19.03075634708958,16.32924365291042,14.390947698995323,11.380419509873057,18.670819033352693,9.25874536030092,
1564038900,12.24,13.54,11.69,12.74,18.880021391518106,16.189978608481894,14.13727144658435,11.027475629002094,17.80129366890369,8.886734884918752,
1564125300,12.58,12.72,12.01,12.16,18.881035798996688,16.188964201003316,14.502306785469889,11.422735452682616,18.715449716786406,9.331571600841983,
1564384500,12.15,13.17,12.15,12.83,18.88472438849461,16.185275611505386,14.144191322181888,11.00990453846944,17.92180093400584,8.932854630421946,
1564470900,12.87,14.18,12.87,13.94,18.89702330803135,16.17297669196865,14.59980459974797,11.283763535166019,18.838012893746676,9.37359239690005,
1564557300,13.83,16.55,13.46,16.12,18.908684407508147,16.161315592491853,15.39939379291796,11.64586705988578,20.35205959860713,10.018555485166445,
1564643700,15.41,19.46,13.73,17.87,18.925161343428698,16.144838656571302,17.12347876456763,12.23674858772141,20.670801687190675,10.75809872556175,
1564730100,17.69,20.11,17.04,17.61,18.90117380463299,16.16882619536701,18.85952718975889,12.532493994041548,22.263874524034108,10.590259124862541,
1564989300,19.96,24.81,19.91,24.59,19.807529597984747,16.692470402015257,19.17234891324601,12.787785013009604,21.944971210252753,10.624032763043116,
1565075700,22.29,22.87,19.77,20.17,19.794599351977624,16.705400648022373,25.48726841807629,13.691186836636687,30.504724690747754,7.70008533791685,
1565162100,20.7,23.67,18.94,19.49,19.79663135066085,16.70336864933915,25.68740668033733,13.667143872776997,25.68740668033733,9.755816371257783,
1565248500,19.36,19.89,16.82,16.91,19.829916888625757,16.670083111374243,26.348528407117975,13.756912770689793,26.348528407117975,9.978781582376886,
1565334900,18.14,19.44,17.31,17.97,19.784493285670827,16.715506714329173,25.1004000215203,13.042865055420005,25.1004000215203,10.776318715905973,
1565594100,17.87,21.26,17.77,21.09,19.721948593489007,16.778051406510993,26.41332822588695,13.563534967213261,26.41332822588695,10.601121890600867,
1565680500,21.28,21.64,17.52,17.52,19.75341140568318,16.74658859431682,29.606880282051982,15.136078382356846,29.606880282051982,9.945485465795105,
1565766900,17.81,22.71,17.75,22.1,19.828419907560747,16.671580092439253,26.65829841359104,13.92951588458137,26.65829841359104,10.630153056623811,
1565853300,21.58,24.1,20.78,21.18,19.822132383076966,16.677867616923038,31.568811884896775,14.836184280938106,31.568811884896775,9.763187081114278,
1565939700,20.48,20.5,18.41,18.47,19.852526769212947,16.647473230787053,31.057745244209737,14.435149579298546,31.057745244209737,10.025814142951726,
1566198900,17.93,18.22,16.52,16.88,19.865591295543094,16.634408704456906,28.388198145106713,13.316180342908076,28.388198145106713,10.488612761554895,
1566285300,16.78,17.7,16.45,17.5,19.854666575535827,16.64533342446417,26.317707717257488,12.464671675592015,26.69059480922198,10.594264141470369,
1566371700,17.01,17.04,15.51,15.8,19.87200166383636,16.62799833616364,26.371225837888737,12.57078343086708,27.57475167627629,10.546681393391001,
1566458100,16.12,17.68,15.63,16.68,19.84599699026177,16.654003009738233,22.53537060122795,11.63113501455269,25.547050944696796,10.488333191575919,
1566544500,16.15,21.07,16.04,19.87,19.887767051962424,16.612232948037573,22.31364330920887,11.92842917263507,26.761058831710045,10.529390431092775,
1566803700,20.34,21.33,19.06,19.32,19.874212072053066,16.625787927946938,26.344109463437135,13.337454625778577,30.935011384308673,10.358226170060892,
1566890100,20.18,21.04,18.49,20.31,19.877282859904643,16.622717140095357,23.633393961019564,13.017914767146301,30.369212751212494,10.413019548567629,
1566976500,20.55,21.64,19.1,19.35,19.87928996937832,16.62071003062168,24.726561703283323,14.447658747861588,31.770717491380367,10.342617664089095,
1567062900,19.02,19.2,17.6,17.88,19.879727835978827,16.62027216402117,23.784280847033315,14.142429818741878,30.631117535912832,11.275557968112716,
1567149300,17.94,19.18,17.09,18.98,19.88544774691623,16.614552253083772,22.400035698175632,13.602177231637791,28.747557984221793,11.595424956420834,
1567494900,20.96,21.15,19.41,19.66,19.86878867559426,16.63121132440574,23.2709488936301,13.814509258373942,30.317358317422062,11.710613604740026,
1567581300,18.23,18.83,17.26,17.33,19.89041715868627,16.60958284131373,24.063896582892276,13.947375317548122,31.32464249855964,11.788137119572017,
1567667700,16.92,17.05,15.45,16.27,19.896792619927634,16.603207380072366,21.367222017475285,13.019465979382538,28.169178210874882,11.702511572817412,
1567754100,15.92,16.06,14.91,15,19.906356398023032,16.593643601976968,20.164684014914236,12.471235287739315,26.711991380167486,11.094281930504772,
1568013300,15.26,16.13,14.95,15.27,19.906196583395378,16.593803416604622,19.04996829119446,11.984317554179109,24.91141110187614,10.35056805591691,
1568099700,15.53,16.52,15.11,15.2,19.906196299397322,16.593803700602678,19.278019348875727,13.46682190608924,25.327437856684572,10.461805668534154,
1568186100,15.33,15.52,14.55,14.61,19.908536931766438,16.591463068233562,19.197837015932148,13.434345177249606,25.24718335968096,10.386017698929884,
1568272500,14.69,14.94,13.85,14.22,19.90954830143361,16.59045169856639,18.605483269376506,12.826177890884994,24.39536218786497,10.017177285372092,
1568358900,14.16,14.31,13.51,13.74,19.909507281136683,16.590492718863317,18.19021792902875,12.347142052664939,23.828935774785087,9.760889543351308,
1568618100,14.89,15.29,14.5,14.67,19.916524940921704,16.583475059078296,17.24180345660747,11.868847597787646,23.12193899369293,9.452096514961196,
1568704500,14.92,15.03,14.4,14.44,19.916641892167913,16.583358107832083,16.59002713717299,12.132939792579988,24.52851788980785,9.960929841163804,
1568790900,14.61,15.8,13.8,13.95,19.913658295114473,16.586341704885527,16.324662366068395,11.870247214167062,24.19488814172126,9.80185870016406,
1568877300,14.66,14.66,13.31,14.05,19.912371528199834,16.587628471800162,15.806584046631373,11.48138868504562,23.462828439107234,9.49189749796629,
1568963700,13.94,15.84,13.35,15.32,19.921356789341353,16.578643210658647,15.867234604625082,11.429042976457986,23.62334467327515,9.526445401321855,
1569222900,15.35,16,14.71,14.91,19.92237557170196,16.57762442829804,17.08955946302734,12.057210006520172,25.56369344135908,10.242672152933075,
1569309300,14.77,17.62,14.33,17.05,19.944009816367913,16.555990183632087,15.683428890601476,11.75989951305924,24.953464593047407,9.98537768289627,
1569395700,17.05,18.45,15.69,15.96,19.950824517976333,16.549175482023667,17.64093892300726,12.236631401146337,28.21305800806487,11.201048499657631,
1569482100,16.23,17.09,15.35,16.07,19.949975770776884,16.550024229223116,17.44405382220118,12.868608996929535,26.57883128455098,10.558920466045477,
1569568500,15.77,18.69,15.15,17.22,19.953403495431935,16.54659650456807,17.884764812717293,13.43348930484478,26.761135296976732,10.607100517927517,
1569827700,17.23,17.35,16.2,16.24,19.95104005354467,16.54895994645533,18.80085207417232,14.603545025250074,28.529138478610257,11.256572037239804,
1569914100,16.02,18.62,15.79,18.56,19.965071773950147,16.534928226049853,18.374701225985987,14.25868605996225,27.04952673135422,10.677439607373657,
1570000500,18.75,21.46,18.75,20.56,19.977215282160742,16.522784717839258,20.371863859513603,15.370045066615079,30.606047622453996,11.4126037775865,
1570086900,20.11,21.44,19.03,19.12,19.98330738961333,16.51669261038667,22.373718648056876,16.64706307389193,33.659634122405116,11.106720754787583,
1570173300,19.42,19.97,16.97,17.04,20.00188711648236,16.498112883517642,21.172889133655662,16.93745500854054,31.502400727380625,11.198738163973637,
1570432500,18.27,18.52,16.44,17.86,20.00469389290256,16.49530610709744,20.837604670305748,15.757341340691276,28.335343447984105,11.095670180201669,
1570518900,17.61,20.38,17.42,20.28,20.01642932699026,16.483570673009737,21.44573719859589,16.38594288441583,29.6129261641602,11.099372533827317,
1570605300,19.94,20,17.77,18.64,20.028411496632298,16.471588503367705,23.561658721338926,17.453481848087094,33.34059324360766,10.908136702425137,
1570691700,19.28,19.8,17.56,17.57,20.031176458585925,16.468823541414075,22.349311943419437,15.870676325569677,30.847345803051162,10.934194468250508,
1570778100,17.35,17.44,15.11,15.58,20.053559665971527,16.446440334028473,21.902458758590925,15.191038286397724,29.210528370604123,10.862286875560319,
1571037300,15.66,16.5,14.51,14.57,20.060463344725463,16.439536655274537,20.243676006126954,13.888972097442217,26.122216786501077,10.19068005873273,
1571123700,13.94,14.43,13.39,13.54,20.058641618558323,16.441358381441674,19.408407773010108,13.088402720696575,24.553319554593894,9.581358591147643,
1571210100,13.94,14.26,13.6,13.68,20.05731879516557,16.44268120483443,18.214810858803286,12.254216135071532,22.96065897913932,8.954906499175133,
1571296500,13.79,14.18,13.31,13.79,20.05102416140214,16.448975838597857,18.22230712609619,12.225796663220368,23.1826606920867,9.029616903319827,
1571382900,14.2,15.16,13.78,14.25,20.046234676350792,16.453765323649208,18.1240121111791,12.018081640156263,23.358247582448378,9.086704219961181,
1571642100,14.24,14.63,14,14,20.039191744366935,16.460808255633065,18.214077605107782,11.636008624920464,24.054835827870043,9.354374886105155,
1571728500,13.99,14.61,13.7,14.46,20.037395911355052,16.462604088644948,17.94136184451464,11.226455402382793,23.661364081352986,9.196022925363419,
1571814900,14.83,15.12,14.01,14.01,20.210760895866752,16.60923910413325,17.372743469129446,11.063889258690969,23.722888132189837,9.464451950652796,
1571901300,13.98,14.34,13.4,13.71,20.284925398018952,16.675074601981052,16.870751330823534,10.705503416916697,21.957081723063638,9.186397694509576,
1571987700,13.53,13.79,12.62,12.65,20.548683532791355,16.88131646720865,16.522390330668834,10.407838523327607,19.610453332963438,8.998057139456833,
1572246900,13.01,13.14,12.66,13.11,20.540074073401705,16.88992592659829,15.354475101624889,9.835919895482574,18.201489414745758,8.348309857601532,
1572333300,13.16,13.52,13.07,13.2,20.506812741345573,16.923187258654426,15.046139273616369,9.85636267909437,18.651845931334037,8.620435341520281,
1572419700,13.23,13.77,12.27,12.33,20.303454932630288,16.77654506736971,14.235588420139571,9.756813507822027,18.73508375680952,8.66806324578713,
1572506100,12.21,13.95,12.19,13.22,20.268155921681057,16.731844078318943,13.665206949343817,9.747419719897973,17.825361690509027,8.858661430130287,
1572592500,12.99,13.12,12.25,12.3,19.700374761264964,16.589625238735035,14.220800882814006,10.527717636267658,18.743150792682133,9.401345818334008,
1572855300,12.68,13.13,12.44,12.83,19.64371360447308,16.646286395526914,13.562962453732137,10.961498388636118,17.763140483196434,8.816047468419374,
1572941700,12.85,13.28,12.25,13.1,19.643715382979828,16.64628461702017,13.920221674557453,11.625746406310023,18.31843448624771,9.13667067690951,
1573028100,13.18,13.39,12.6,12.62,19.61266743979727,16.67733256020273,14.105424497905352,11.736331846639537,18.599318191354975,9.239021619160518,
1573114500,12.59,12.89,12.26,12.73,19.60526291487313,16.68473708512687,13.591216512614087,11.40078301808776,18.073415318061677,8.94700096557451,
1573200900,12.98,13.05,12,12.07,19.455844236975743,16.64415576302426,13.54948740216569,11.433159249421603,18.184628204076127,8.934525493369438,
1573460100,13.15,13.49,12.66,12.69,19.40223287785428,16.69776712214572,12.948157194308925,10.959107397859999,17.442988690575035,8.555458323393877,
1573546500,12.64,13.1,12.36,12.68,19.28807464025797,16.81192535974203,13.528785481350571,11.348041367784433,18.124397594704597,8.802851342813938,
1573632900,12.91,13.9,12.88,13,17.973571913577977,15.666428086422023,13.524303468513356,11.31744589919793,18.105599265342207,8.748374972045795,
1573719300,13.16,13.81,12.93,13.05,17.940268753412433,15.69973124658757,13.83725347184387,11.663660117934025,18.457055256450566,8.859884707048518,
1573805700,12.95,12.97,11.92,12.05,17.89432936633975,15.66567063366025,13.892197022210606,11.8372172101297,18.508278691331363,8.843351166972472,
1574064900,12.39,13.1,12.32,12.46,17.893908727350738,15.666091272649265,13.006671175509673,11.282326138907255,17.36346974425241,8.30211392517452,
1574151300,12.33,13.01,12.16,12.86,17.877159920037357,15.682840079962643,13.318353612251906,11.622717547355567,17.82617098801834,8.472773318796886,
1574237700,13.42,14.17,12.61,12.78,17.870311714531532,15.689688285468472,13.717624985728458,11.853510420880783,18.278482639385274,8.641045503882964,
1574324100,13.35,13.86,12.49,13.13,17.80372953480538,15.756270465194621,13.640167806149622,11.802318244634225,18.181499821711853,8.56885576896528,
1574410500,12.82,13.25,12.33,12.34,17.809383739691906,15.750616260308096,13.834875325799267,11.97094477436947,18.580054612451313,8.717538884974587,
1574669700,12.51,12.59,11.73,11.87,17.703409056477042,15.66659094352296,13.194124271551827,11.471266616695416,17.658257704670817,8.283646702802315,
1574756100,11.88,12.04,11.42,11.54,17.44086230524722,15.439137694752786,13.031449958428174,11.084391864398901,17.096688206947885,8.009649027580647,
1574842500,11.55,11.79,11.44,11.75,17.4312264156684,15.448773584331601,12.900040742213964,10.797373710831796,16.694446708954075,7.80748185710371,
1575015300,12.5,12.83,12.12,12.62,17.434880861947132,15.445119138052869,12.957651119039788,10.950247515234413,16.936598704379406,7.89383959475744,
1575274500,12.69,15.27,12.55,14.91,17.493514039044925,15.386485960955076,13.444511558312524,11.290983654156236,17.964645227040336,8.330648193505823,
1575360900,14.68,17.99,14.61,15.96,17.472588295997145,15.40741170400286,15.446819247952117,11.600842172719371,20.631269947569034,9.421885632632936,
1575447300,16.38,16.4,14.12,14.8,17.476063296433665,15.403936703566337,16.18283900941429,11.760488054787398,21.83754321366473,9.586803195869294,
1575533700,14.46,15.37,14.17,14.52,17.463324936017813,15.41667506398219,16.653255928806328,11.80308271178853,20.514086339273984,9.300369396989645,
1575620100,14.37,14.47,13.19,13.62,17.470813019601138,15.409186980398864,17.122391868943232,11.826878496880704,20.192386335856447,9.188020983460838,
1575879300,14.25,16.07,12.25,15.86,17.518290485820337,15.361709514179667,16.785142557003496,11.63461947723509,19.13567729353972,8.763182299686576,
1575965700,15.8,16.9,14.93,15.68,17.515327072549514,15.364672927450487,18.67806265086998,12.863284186286721,21.759077608048713,9.418835500244013,
1576052100,15.57,15.97,14.98,14.99,17.517973522525367,15.362026477474634,18.785150557373125,12.871537404569514,21.44571848491796,9.344422130363753,
1576138500,14.94,15.55,13.6,13.94,17.526171490935944,15.353828509064058,18.363584357241493,12.596792967883607,20.62145589535735,9.141913357356227,
1576224900,13.18,14.35,12.54,12.63,17.536191690861926,15.343808309138074,17.50250267846241,11.961800356799056,19.348545045687395,8.821101916495989,
1576484100,12.47,12.53,11.71,12.14,17.53852574972221,15.341474250277791,16.34550736685469,11.09778552745661,17.640411477781235,8.163928913288833,
1576570500,12.23,12.47,11.9,12.29,17.53692732788605,15.343072672113953,15.887259593615742,11.322334306807189,16.339487261325168,7.884493775907441,
1576656900,12.24,12.7,11.93,12.58,17.53800979989749,15.341990200102511,16.054130269530663,11.304877957471346,16.516048032702873,7.953106712479855,
1576743300,12.55,12.78,12.43,12.5,17.5224449839148,15.357555016085204,16.36979964414813,11.208422893331418,16.36979964414813,8.098573531348187,
1576829700,12.55,12.61,12.04,12.51,17.5213202838904,15.358679716109602,16.173215883598463,10.920478352535106,16.30361231418292,8.043186323257865,
1577088900,12.81,12.9,12.41,12.61,17.48319615972577,15.39680384027423,15.461984774140454,10.721678185294454,16.329002298170238,8.037245542959106,
1577175300,12.65,12.84,12.56,12.67,17.475470206128385,15.404529793871617,14.61833648889632,10.604535578402485,16.450522897843932,8.080968333475138,
1577348100,12.74,12.75,11.72,12.65,17.475247016421953,15.404752983578048,14.675484984360867,10.508236731230316,16.529274901385833,8.103332593513034,
1577434500,12.61,13.72,11.89,13.43,17.47261427746064,15.407385722539363,14.64799353336489,10.400867578314166,16.519619062555876,8.08234023091037,
1577693700,13.74,15.14,13.44,14.82,17.487288349191772,15.392711650808232,15.488340419053838,10.686941823596076,17.396906044512253,8.328689910502463,
1577780100,14.84,15.39,13.75,13.78,17.458607428351616,15.421392571648385,16.993081708175858,11.21767185235205,18.95156395596741,8.75038549671444,
1577952900,13.46,13.72,12.42,12.47,17.441536498237944,15.418463501762055,15.027158588629401,10.742422506525015,17.823249469579086,8.391991166654163,
1578039300,15.01,16.2,13.13,14.02,16.90098714853119,14.89901285146881,14.683776892128414,10.040875242801574,16.352516807227857,7.9094798160897835,
1578298500,15.45,16.39,13.54,13.85,16.87608329201991,14.923916707980087,15.662994520459865,11.251080277850788,18.12954003983774,8.423779851934547,
1578384900,13.84,14.46,13.39,13.79,16.870786382504757,14.929213617495236,15.624338257744773,11.947106996058341,17.952295805694288,9.154595881236428,
1578471300,15.16,15.24,12.83,13.45,16.633522870627406,14.786477129372594,15.63326966280711,11.806469995367037,17.89773108891561,9.685644111846672,
1578557700,12.95,13.24,12.53,12.54,16.5233769047517,14.696623095248299,15.373214585074939,11.56270915092627,17.517096449049106,10.409100891670695,
1578644100,12.42,12.87,12.09,12.56,15.559846743289233,13.850153256710765,14.752703524916322,10.973476593871899,16.462558052419343,9.889402502433729,
1578903300,12.84,13.09,12.32,12.32,15.532998931981432,13.877001068018565,14.672551231536206,10.911038476909063,16.490944366828025,9.868699036722049,
1578989700,12.72,13.82,12.05,12.39,15.524661795327273,13.885338204672724,14.488946472503127,10.69874355216836,16.210988827220802,9.703397723965686,
1579076100,12.79,12.83,11.95,12.42,15.513975121913509,13.896024878086488,14.5292843069712,10.694623328653645,16.29758950484128,9.715559786381508,
1579162500,12.2,12.42,11.78,12.32,15.51377107502048,13.896228924979518,14.475957403385214,10.674615847262057,16.336753759073822,9.707521647272362,
1579248900,12.21,12.48,11.75,12.1,15.514117417775468,13.89588258222453,14.320068627854873,10.572289934784202,16.22016285986619,9.625344057582534,
1579594500,13.23,13.33,12.32,12.85,15.519700814144135,13.890299185855863,14.087392407083325,10.388380680164214,15.958094270974662,9.47207010107688,
1579680900,12.45,13.01,12.31,12.91,15.519224376834051,13.890775623165945,14.323350386293537,10.893258516676775,16.863301189172365,9.898188853271282,
1579767300,13.26,14.15,12.94,12.98,15.516909550273486,13.893090449726513,14.388087886446883,10.918566166164057,16.939707326599986,9.917306888600624,
1579853700,12.75,15.98,12.62,14.56,15.542621420885016,13.86737857911498,14.463561853053033,11.735149609164045,17.028311286829286,9.944029750132172,
1580112900,17.42,19.02,16.82,18.23,16.184903355863614,14.255096644136383,16.11542979896876,12.022562637619624,18.934179331189664,10.869032259413178,
1580199300,16.94,18.03,15.69,16.28,16.19740165044168,14.242598349558314,18.23,12.3538286891659,23.307809688833203,11.094900588739435,
1580285700,15.68,16.65,14.94,16.39,16.195496915907544,14.244503084092456,18.926908970694576,12.501883195372837,21.012495608241323,11.501613207199952,
1580372100,17.82,18.39,15.3,15.49,16.202123534729566,14.237876465270434,19.698565237225875,12.737329849561895,21.15706169383308,11.496461370318482,
1580458500,16.25,19.99,16.18,18.84,16.777061263553374,14.632938736446624,19.655956503377627,12.830765980738308,20.088711062289562,11.359097404394198,
1580717700,18.64,18.88,17.1,17.97,16.774748813052238,14.635251186947759,22.89941758705371,14.888327628684157,24.109662122941252,11.201320790621835,
1580804100,16.45,16.46,15.63,16.05,16.789174579116555,14.620825420883442,22.40351774380776,15.128219330723072,23.089631888650267,11.382790971357657,
1580890500,16.29,16.32,15.02,15.15,16.79320431083504,14.61679568916496,20.6496746900757,14.457935261492437,20.794063490278614,11.539458243369076,
1580976900,15.13,15.66,14.7,14.96,16.792996133905365,14.617003866094633,19.940407573317515,13.836602045402513,19.940407573317515,11.170424024815585,
1581063300,15.07,16.16,14.81,15.47,16.79182958630975,14.618170413690246,19.870732970352787,13.632439080012745,19.870732970352787,11.065245291995472,
1581322500,15.88,16.43,15.01,15.04,16.793514251191695,14.616485748808303,20.453105619077352,13.7968891856079,20.453105619077352,11.334200372631011,
1581408900,14.91,15.27,14.38,15.18,16.78785028053337,14.622149719466629,20.113902132287745,13.455577181331162,20.113902132287745,11.100069080171382,
1581495300,14.86,14.88,13.73,13.74,16.80249952066828,14.607500479331717,19.970372783569807,13.276294266785648,20.325966472077244,11.1727094699696,
1581581700,14.43,15.44,14,14.15,16.803877872118644,14.606122127881351,18.53392024996861,12.371425667549452,18.89917066779889,10.291412920500125,
1581668100,14.12,14.54,13.38,13.68,16.805070050216557,14.604929949783442,18.93341588736937,12.415787477916142,19.334395382161585,10.547151710521252,
1582013700,14.98,15.49,14.53,14.83,16.81619281685516,14.593807183144834,17.489678492292043,12.011484188140415,18.941899952188464,10.243281467869249,
1582100100,14.66,14.74,14.21,14.38,16.806207317001952,14.603792682998044,17.787341597079013,12.565312358093635,20.15399165478216,10.96499109252213,
1582186500,14.54,17.21,14.49,15.56,16.81472940422228,14.595270595777718,17.277675409258926,12.216590000261842,19.683218722976683,10.68304479698069,
1582272900,17.33,18.21,16.19,17.08,16.827347387347103,14.582652612652895,18.60144400440291,12.479727118382272,21.04808178178738,11.370164354848457,
1582532100,22.25,26.35,22,25.03,20.5019860745605,17.2680139254395,20.312789315437865,12.645542649882302,22.800566119437008,11.685874101882423,
1582618500,22.19,30.25,22.19,27.85,22.635988928267093,19.03401107173291,25.030000000000005,12.278652193795729,31.96629648111494,10.932301646693574,
1582704900,26.63,29.57,24.76,27.56,22.626370262083125,19.043629737916874,28.386900686054982,12.695140010219054,35.37665085831908,9.712783588513624,
1582791300,28.95,39.31,27.79,39.16,27.788776455475553,22.94122354452445,32.07764889288967,14.598305227241381,35.11652387432941,10.105052194090767,
1582877700,42.02,49.48,39.37,40.11,33.36496074791239,27.55503925208761,43.31842652475642,14.804228451447315,48.857518512382626,2.822726588233756,
1583136900,34.86,43.77,31.5,33.42,33.61360581948887,27.57639418051113,48.59019332802593,17.426217442450294,50.11349817335862,2.602462910039172,
1583223300,33.64,41.06,24.93,36.82,33.622034969776315,27.567965030223686,46.19479743177299,18.965342696749747,46.19479743177299,7.685214547768474,
1583309700,34.44,35.58,30.3,31.99,33.624283619242156,27.565716380757834,51.20978965506299,21.98131506138831,51.20978965506299,6.348926557307301,
1583396100,33.61,42.84,33.54,39.62,33.71430754058073,27.475692459419268,48.70645097086044,22.309123915281333,48.70645097086044,9.458642163757148,
1583482500,41.46,54.39,40.84,41.94,36.40270132606617,29.697298673933822,57.678026720810294,30.234853926432493,57.678026720810294,5.48058162359041,
1583738100,41.94,62.12,41.94,54.46,40.82192244039178,33.00807755960822,61.74632801092434,31.330399060098006,61.74632801092434,4.470699522550802,
1583824500,49.68,55.66,43.56,47.3,40.873924135507224,32.956075864492774,76.68458499822165,33.1827119894175,76.68458499822165,-3.826438946606416,
1583910900,52.24,55.82,49.98,53.9,40.859490325357434,32.970509674642564,70.72931276155468,33.25818327867587,70.72931276155468,3.1151060534876436,
1583997300,61.46,76.83,59.91,75.47,49.31152915001886,39.22847084998115,79.73040994743967,35.34647723424801,79.73040994743967,0.6454734227860399,
1584083700,71.31,77.57,55.17,57.83,49.964093512441764,39.31590648755822,106.05237742539717,40.40179077663707,106.05237742539717,-13.67421785937988,
1584342900,57.83,83.56,57.83,82.69,53.62856735928526,41.641432640714726,87.00645522953737,37.93666653465536,87.47949888599975,2.927039309418902,
1584429300,82.69,84.83,70.37,75.91,54.333818758567226,42.20618124143278,104.74941230113753,45.36538093192256,118.69736111674113,-14.666435702613583,
1584515700,69.37,85.47,69.37,76.45,54.686718126392726,42.50328187360727,97.33396464734649,45.09875889495492,112.55309315949097,-7.1750653068700245,
1584602100,80.62,84.26,68.57,72,54.71000514011083,42.47999485988917,102.10537579820362,46.37686923012731,114.98251654876994,-5.134571906379307,
1584688500,67.86,69.51,57.42,66.04,54.74938223606976,42.440617763930234,101.93873894418162,45.74626482754451,110.99382916257828,-0.5250353729408062,
1584947700,74.08,76.74,60.46,61.59,54.77399537116932,42.41600462883068,98.7887895557382,44.51562812493418,104.74379455024138,4.135258572062966,
1585034100,58.76,61.88,36.24,61.67,54.77392199651577,42.41607800348423,95.83213234893074,46.98122882267677,101.3745945216979,7.399786903735247,
1585120500,61.44,68.86,58.03,63.95,54.77333502164095,42.416664978359044,97.25412213476164,46.80843349849479,104.05316280119467,8.22048759896812,
1585206900,65.67,67.06,57.66,61,54.78801169061483,42.40198830938517,101.12033654330324,48.10166735854402,108.8971578361906,8.117872816272204,
1585293300,64.95,69.1,61.8,65.54,54.809174837612886,42.41082516238712,93.59714241031449,46.058573507227486,107.88729932980259,10.086103683846211,
1585552500,66.3,67.69,56.6,57.08,54.88506703474408,42.334932965255916,98.32903302189676,48.93199411813309,115.28743048477232,12.120101094385376,
1585638900,56.69,58.75,50.88,53.54,54.88938510973889,42.33061489026111,85.89913479671547,43.212179896694074,106.74625680630002,16.2885552415515,
1585725300,57.38,60.59,52.76,57.06,54.86815031978022,42.35184968021978,81.6775926835789,40.700070084095515,103.50928269226438,17.55096640419299,
1585811700,54.46,57.24,50.45,50.91,54.8791164317303,42.34088356826969,80.82969099942218,43.008755411674905,109.71623534869886,18.654885998742273,
1585898100,51.11,52.29,46.74,46.8,54.884221310071624,42.335778689928375,69.57841464641682,38.69249108276256,102.59365421816159,20.57981594819395,
1586157300,44.17,45.73,43.45,45.24,54.88966922234106,42.330330777658936,64.19552731084195,42.4265877213398,97.60070244419379,20.492724455698497,
1586243700,44.83,47.51,43.51,46.7,54.88851223024029,42.33148776975971,53.635108577874355,40.93934458549981,96.09388820808327,20.50172191814354,
1586330100,45.9,47.28,42.53,43.35,54.908774578974956,42.311225421025036,54.302733590663,41.538831167653846,99.2684681079891,20.99058347605852,
1586416500,43,45.73,41.39,41.67,54.895378400614085,42.324621599385914,51.11942090486013,38.89919624720788,94.5793963287884,20.59452156091301,
1586762100,44.6,45.04,41.17,41.17,54.89735080504429,42.322649194955716,49.26986083603513,37.43667038417766,92.39442333219141,20.43037534718949,
1586848500,40.24,40.57,37.31,37.76,54.92580963318484,42.29419036681516,48.467130967981475,36.67252976366593,92.1194831497409,20.489406123587695,
1586934900,39.4,43.23,39.34,40.84,54.936032633843375,42.283967366156624,45.03361708665512,33.909416952692084,86.5444061112199,19.789202714626047,
1587021300,41.92,43.02,39.87,40.11,54.93925525167528,42.280744748324715,46.69197068200947,35.13486969662013,92.6045189176827,20.728408924306244,
1587107700,39.5,40.26,37.63,38.15,54.95103783556713,42.26896216443287,44.19051375787623,34.17701547749913,91.75788320571174,20.685812004819812,
1587366900,40.68,43.83,39.88,43.83,55.30588345097396,42.474116549026036,42.08237430661716,32.67490346624463,88.58982280824739,20.27637701387811,
1587453300,44.28,47.77,43.77,45.41,55.30185533293069,42.47814466706931,47.29552523327397,32.59376716880434,99.56536618792649,21.9639292448166,
1587539700,44.91,45.07,41.41,41.98,55.50493644713938,42.58506355286061,48.83565580008357,33.044084844165695,102.98576357005149,22.537075741732824,
1587626100,41.3,42.47,39.06,41.38,55.50763427768786,42.582365722312126,46.018316178077896,32.01076408096478,97.04349143501474,21.755598530865385,
1587712500,41.91,42.08,35.6,35.93,55.982605616887,42.86739438311301,46.30798777684902,31.38714468311222,96.33919184851013,22.424436617823044,
1587971700,36.29,36.44,32.51,33.29,55.87074947870013,42.97925052129988,43.67401414998936,31.036985453938275,86.11755312260885,20.431377666728608,
1588058100,33.21,35.39,30.54,33.57,55.82460786175247,43.02539213824754,41.76158180413718,29.683230155925283,81.10027025134696,19.423562892535568,
1588144500,32.48,33.19,30.71,31.23,55.84544985536379,43.00455014463622,41.73727111449873,29.602821818011392,81.91364015697341,19.59405544544483,
1588230900,30.99,35.94,30.93,34.15,55.849907626996256,43.00009237300375,39.686680542667034,27.944713560161972,77.30861993859446,20.122422490433806,
1588317300,38.17,39.57,36.59,37.19,55.76338218061863,43.08661781938138,41.87991744844279,29.10825002506524,83.57553288602026,25.25570869182401,
1588576500,39.13,40.32,35.53,35.97,55.759017633016725,43.09098236698328,44.268453420966175,28.83772676966947,90.06546459560022,26.048980789657982,
1588662900,34.82,36.22,31.95,33.61,55.73082771074202,43.11917228925799,43.22970555500165,28.09298549378684,87.80665763818595,25.387864025127875,
1588749300,32.69,35.69,31.68,34.12,55.715760030478414,43.134239969521595,41.11480727266199,27.09611474029893,83.093839474413,24.555282560417044,
1588835700,32.12,32.28,30.37,31.44,55.741102513898134,43.10889748610187,40.64996356720805,26.666972436292184,84.37034853631644,24.154836050631246,
1588922100,30.14,30.39,27.89,27.98,55.78896368249017,43.06103631750984,37.78589856476925,25.449815870328386,78.82582382016936,23.176768499879543,
1589181300,28.46,31.46,26.97,27.57,55.78642792738717,43.063572072612835,34.010940496480465,23.461855649355684,71.41672951899132,21.22502859284941,
1589267700,28.47,33.04,26,33.04,55.87390406774219,42.97609593225782,33.24455315631181,22.940922897699913,70.62349694891259,20.90725713821039,
1589354100,32.74,37.42,30.77,35.28,55.84333373017638,43.006666269823626,38.39713157333998,24.874236184733416,82.77298922582253,22.296764120931186,
1589440500,35.16,39.28,32.33,32.61,55.86859520579163,42.98140479420838,40.581642894473006,25.762457345063893,87.33399993673062,22.284798880037506,
1589526900,32.5,35.13,31.04,31.89,56.33482156407221,43.345178435927785,38.04931380707926,25.504144504819813,81.64324817067276,21.497726079207485,
1589786100,30.71,31.08,28.35,29.3,56.348981360214644,43.33101863978535,37.34877665031422,25.267205177028238,78.67512648760818,21.02562989294978,
1589872500,28.73,30.74,28.37,30.53,56.504544133725766,43.45545586627424,35.81175768844318,24.138439106590873,71.29498679991092,20.151006063840963,
1589958900,29.52,29.83,27.83,27.99,57.48047796163276,44.17952203836724,37.02049926310798,24.35289370039012,65.49799024326975,20.119000202448838,
1590045300,28.97,30.2,27.67,29.53,60.74890343725386,46.72109656274615,34.77108886025361,23.08488990711435,58.648062020837024,19.23278333945307,
1590131700,31.36,31.55,28.03,28.16,60.38468072227508,47.27531927772492,36.304725010126866,23.559597008667126,61.533854847869776,19.322024287218035,
1590477300,27.72,28.58,27.18,28.01,61.78598018860037,48.44401981139962,34.97141414872024,22.75785656834583,55.4158551134652,18.725932329842877,
1590563700,27.62,30.53,25.92,27.62,61.88158499161738,48.518415008382625,34.82823154448999,22.842277024050787,55.13271566165195,18.430679087295204,
1590650100,27.82,29.89,27.43,28.59,61.417447688624534,48.98255231137547,34.421661580970216,22.974265893134906,54.40960675276407,18.084887616918223,
1590736500,29.3,30.16,27.29,27.51,61.4183123915752,48.98168760842481,35.466844451594056,23.506979487707554,56.17681797540028,18.08713742303445,
1590995700,28.94,30.6,28.11,28.23,61.297262660387474,49.102737339612524,34.30285676546415,24.253003761469643,54.18897312342905,17.590988381764017,
1591082100,28.4,28.52,26.66,26.84,61.814954207330274,49.57504579266973,35.09577404137098,24.317857930155952,50.11696350043242,17.55070122651947,
1591168500,26.75,26.98,25.04,25.66,61.25863080378305,49.25136919621694,33.55445529221488,23.4499398086463,46.25856075167236,16.9868855031228,
1591254900,26.23,26.43,24.38,25.81,60.69753857146261,49.152461428537386,27.77565815029792,22.638258922590605,41.057314391824974,16.465157927870187,
1591341300,24.79,25.09,23.54,24.52,60.2240588890469,48.7859411109531,27.495332129588206,22.52479509545494,41.26945697072372,16.31156350421051,
1591600500,25.56,25.98,24.65,25.81,59.92828791914174,49.08171208085826,26.794619362740555,22.63840748630841,35.97942852627927,15.758546391966146,
1591686900,25.93,27.7,25.71,27.57,59.87897320817351,49.131026791826486,27.366768857554824,23.5351302410227,35.392340843414765,15.941470779502252,
1591773300,26.73,29.01,26.06,27.57,59.79241146015303,49.21758853984696,29.078696520201586,23.936055883942863,37.76917212421633,16.224411020977225,
1591859700,30.45,42.58,29.49,40.79,59.973293924709644,49.03670607529035,29.07640622902568,23.77539118635575,34.368431328256534,16.053325860944724,
1591946100,37.68,44.16,34.97,36.09,59.73794291986529,49.27205708013471,41.95061482130407,23.794704430277644,49.395797584654616,15.257385766186559,
1592205300,44.09,44.44,34.28,34.4,59.093351224841726,49.91664877515826,43.29812852577316,24.553578871669842,44.14426642253926,15.986942948526092,
1592291700,34.28,37.45,31.73,33.67,59.066866166204846,49.943133833795144,44.21425839681184,25.507399101401504,44.21425839681184,16.6230376547775,
1592378100,33.28,35.17,32.25,33.47,58.409419480088474,49.39058051991154,44.70492117964358,25.884480682793487,44.70492117964358,16.74642910602282,
1592464500,33.83,36.25,32.24,32.94,54.32428243032363,45.955717569676374,45.297214916953266,26.069530571504817,45.297214916953266,16.536641491540564,
1592550900,32.07,35.12,30.4,35.12,54.32436391117831,45.95563608882169,45.38303421979546,26.0153471840914,45.38303421979546,16.343464004439,
1592810100,35.22,35.39,31.64,31.77,50.205593949060955,42.43440605093903,47.947059492868135,27.98038510356681,47.947059492868135,16.04173574360799,
1592896500,31.71,31.71,29.26,31.37,50.20499004484602,42.435009955153966,44.946731449275504,26.292871502491227,44.946731449275504,15.957227303933673,
1592982900,31.05,37.12,30.95,33.84,50.227928854434474,42.41207114556551,44.759558970978006,27.555535266355506,44.759558970978006,15.762543261422055,
1593069300,36.59,36.93,31.59,32.22,50.22853472178398,42.411465278216,47.70842399843748,29.455512031616077,47.70842399843748,17.455989364827154,
1593155700,33.01,36.25,31.04,34.73,49.46635957116605,41.76364042883394,46.10423486267672,28.250158533068944,46.10423486267672,17.210831257475064,
1593414900,35.05,36.31,31.78,31.78,45.57580868140898,38.55419131859101,49.18175177106218,29.59113557260998,49.18175177106218,17.227804164375232,
1593501300,32.54,32.94,29.56,30.43,45.56844744770477,38.56155255229522,45.00238394371959,27.666721842621968,45.89384216949685,18.77769436330992,
1593587700,30.96,31.76,28.2,28.62,43.74321062049169,37.03678937950831,42.135163495985545,26.617052936258546,44.3711534936755,18.725656594699444,
1593674100,28.33,28.44,25.9,27.68,41.02544345928621,34.80455654071379,39.75938744009878,25.192421603781618,42.202725268459425,18.037792772695504,
1594019700,27.76,28.33,24.92,27.94,38.56160337717015,32.74839662282985,32.15294134763268,24.39484129372941,41.06127673173759,17.628958280052093,
1594106100,28.77,29.63,27.25,29.43,38.571441429603716,32.738558570396286,32.02416099173732,25.77808161897243,41.43037619623772,17.65120656338763,
1594192500,28.95,30.2,27.24,28.08,38.57152182239128,32.73847817760872,33.05080226738662,26.001379503826293,43.385149468583236,18.11601442349731,
1594278900,28.18,31.48,26.11,29.26,38.563929629103114,32.746070370896895,31.870524183270234,25.119280896229828,41.679116759073345,17.567276604450136,
1594365300,30.86,30.91,27.13,27.29,38.5739880473511,32.736011952648894,32.79291137198502,25.128414837578784,43.25247705671434,17.93261699863944,
1594624500,27.85,32.45,26.87,32.19,38.67258475477513,32.637415245224865,31.017398275710434,24.022145317384556,40.692372933070224,17.146276504059472,
1594710900,31.14,33.67,29.21,29.52,38.67265566434498,32.63734433565502,35.2737091686698,25.864197362079558,47.17126349435266,18.571135926247287,
1594797300,29.15,30.09,27.17,27.76,38.6600127557725,32.6499872442275,32.908216810499894,24.566845565647686,43.70132664303989,17.858104593646313,
1594883700,28.41,29.29,26.98,28,38.66022791908239,32.649772080917614,31.890166414428457,23.534248093731986,41.37799047124032,17.149405227570448,
1594970100,27.15,27.54,25.41,25.68,38.67541368194541,32.63458631805459,32.011918258434555,23.502723694667395,41.719677986892016,17.186933159496775,
1595229300,26.94,27.08,24.35,24.46,38.60850590026628,32.70149409973372,30.711849770834974,22.06838909996724,38.58605423287196,17.617055874433387,
1595315700,24.08,25.65,23.61,24.84,37.142095168319074,31.467904831680922,29.802128181075155,21.19679613853815,36.9168544257936,17.09955210723937,
1595402100,24.56,26.26,24.13,24.32,36.785756270008115,31.194243729991875,29.93401708085905,22.632949865167,37.44070581253947,18.498738821567244,
1595488500,23.97,26.95,23.6,26.08,36.8054377479249,31.17456225207509,29.443589306377802,22.511519410895815,36.72250928786757,18.147493174598694,
1595574900,27.96,28.58,25.53,25.84,36.745522667452725,31.234477332547264,30.682166898955224,22.34893593596383,39.15837734486597,19.113214222504457,
1595834100,26.6,26.94,24.55,24.74,36.73349949740272,31.24650050259727,30.451414030429905,21.898281405109206,38.831811157783015,18.969608798399687,
1595920500,24.86,25.85,24.05,25.44,36.73645998193979,31.243540018060198,29.246205130937916,21.202192966765836,37.306114302019836,18.360569578954333,
1596006900,25.16,25.42,23.73,24.1,36.7293125028483,31.250687497151688,29.789866293468002,21.175057240893615,38.28351672033641,18.706949644129875,
1596093300,25.04,28.29,24.64,24.76,36.70296228797494,31.27703771202505,28.31021462913722,20.388237382262595,36.41065729263849,18.10448061444144,
1596179700,24.79,26.41,23.55,24.46,36.67486843134824,31.305131568651756,29.02082112505856,20.45959690530453,37.33616218093156,18.349326064106535,
1596438900,25.75,26.01,22.17,24.28,35.93333894791628,30.676661052083716,28.67774193978432,20.141848310608637,36.91501053254474,18.167083301259552,
1596525300,24.01,24.76,22.92,23.76,35.921274191514,30.688725808486,25.98143171534234,19.89464946021813,36.66113576986882,18.038432974092114,
1596611700,23.44,23.61,22.86,22.99,35.92226124745247,30.687738752547524,25.481603881134443,20.667754766502565,35.925585927233485,17.751995521204407,
1596698100,23.03,24.11,20.97,22.65,35.25620678654719,30.153793213452808,24.820568511872718,20.530028985796882,34.83178141406844,17.341649255904777,
1596784500,23.45,24.02,22.02,22.21,35.214781804621296,30.195218195378697,24.504377668047173,20.228879012801986,34.34481353136131,17.131347456257974,
1597043700,22.88,23.52,21.46,22.13,35.21435866581116,30.195641334188835,24.093572944548086,21.343913072870446,33.713513501074296,16.870253398082653,
1597130100,21.85,24.93,20.28,24.03,34.75144540567155,29.96855459432845,23.992252823115088,21.275266869247496,33.594752744670195,17.964942137355877,
1597216500,22.82,22.88,21.54,22.28,34.75029996633151,29.969700033668488,25.72955869920838,21.834736154810965,36.30219674115244,19.103635974775266,
1597302900,22.2,22.92,21.45,22.13,34.73222101547555,29.987778984524443,23.966825991161382,21.343051960895327,33.80101045554942,18.024787785467975,
1597389300,22.27,23.55,21.79,22.05,34.731307498009016,29.988692501990982,23.74722978400774,21.181632623130497,33.58214418245619,17.855469275756718,
1597648500,22.52,22.82,21.34,21.35,34.711727872124094,30.008272127875905,23.850435998755913,20.996586328109405,33.463417638380406,17.73271570756103,
1597734900,21.69,22.55,21.18,21.51,34.70467953425821,30.015320465741794,23.312578351909867,20.462020601392954,32.452487462621995,17.240212664712487,
1597821300,21.6,22.98,20.99,22.54,34.68990482305451,30.030095176945483,23.40095108198524,20.360148245861797,32.67842415128926,17.27058989629362,
1597907700,24.1,24.6,22.37,22.72,34.6786346705963,30.0413653294037,24.337484227102617,20.836495562419334,34.1576700537553,17.83763038147516,
1597994100,22.58,24.47,22.06,22.54,34.671853685910335,30.048146314089664,24.516696820969138,20.76111617680688,34.4140310298502,17.89425839708282,
1598253300,22.87,23.18,21.25,22.37,34.67190025171674,30.04809974828326,24.350619934135224,20.596025539548954,34.15226317637818,17.735044785699973,
1598339700,22.16,23.43,21.53,22.03,34.67200343193601,30.047996568063986,24.1884625243236,20.43640507137951,33.90446197077866,17.583695336230377,
1598426100,22.14,23.27,20.92,23.27,34.67898824166769,30.041011758332303,23.853657110246964,20.190667836362937,33.41062520959777,17.327757086678545,
1598512500,23.42,27.09,21.44,24.47,34.684360514061844,30.03563948593815,25.089318264511665,20.79023854023609,35.19866068187682,17.776957014297192,
1598598900,24.59,26.3,22.64,22.96,34.69481131755641,30.02518868244359,26.296369122699662,21.428389131171894,36.927398457828915,17.976492859338922,
1598858100,23.91,26.5,21.77,26.41,34.75706061887739,29.962939381122613,24.790806000420233,20.566739465845114,34.74776706778732,17.45581492131998,
1598944500,25.86,26.59,25.02,26.12,34.75046280083348,29.969537199166517,28.27406157551731,22.33348971184466,39.72057664889069,18.234110955671188,
1599030900,26.01,27.07,25.53,26.57,34.7513298859963,29.968670114003697,27.29802899418411,22.397985533230404,38.058876708699344,18.07295542096834,
1599117300,26.28,35.94,25.66,33.6,34.922172848888664,29.797827151111335,28.069057245663224,23.462897263305948,37.010422277834046,18.087726909872906,
1599203700,34.62,38.28,29.5,30.75,34.94257864351938,29.777421356480613,33.92276904882426,24.54766769024171,46.65064647918766,16.92766471879916,
1599549300,30.61,35.93,30.52,31.46,34.93090233998745,29.789097660012548,35.27219823626358,25.175723270550936,35.73615152489151,17.503949240352743,
1599635700,31.68,31.78,28.12,28.81,34.95659906682723,29.76340093317277,36.833271881267116,26.39259040696467,36.833271881267116,18.184198116861825,
1599722100,28.67,30.56,27.59,29.71,34.404918584146046,30.31508141585396,36.04349774103647,25.806457892229137,36.04349774103647,18.487370016080497,
1599808500,28.63,29.73,26.51,26.87,34.38581370471728,30.33418629528272,37.19416993859973,26.42919536336492,37.19416993859973,18.376489503377208,
1600067700,25.86,26.79,25.38,25.85,31.110334645029717,27.449665354970286,35.22336069185197,24.907131438814268,35.22336069185197,18.349425562885017,
1600154100,25.92,26,24.92,25.59,31.109378825408704,27.4506211745913,34.53606470153767,24.074574789592248,34.53606470153767,18.22015681557578,
1600240500,25.31,26.59,24.84,26.04,31.111101780763786,27.448898219236217,34.47542790717554,23.864625289058495,34.47542790717554,18.112467345874002,
1600326900,28.22,28.92,26.26,26.46,31.11199231097177,27.44800768902823,34.999865762168405,24.189954900226954,34.999865762168405,18.056895165040793,
1600413300,26.65,28.1,25.28,25.83,31.096091845963134,27.46390815403687,35.38011397347777,23.735832031351137,35.50821449023664,18.00462276379349,
1600672500,28.04,31.18,27.39,27.78,31.082778576989078,27.477221423010924,34.79611475608048,23.132785161771896,35.040879664550225,17.87717935205747,
1600758900,28.61,28.78,26.48,26.86,31.086086186942918,27.473913813057088,36.94617095588353,23.377850512010042,37.001105029399255,17.943284703995033,
1600845300,27.02,29.73,25.19,28.58,31.07867799176239,27.48132200823761,33.51681529718523,22.823706755833328,36.23649520493114,17.817433728075024,
1600931700,29.54,30.49,27.94,28.51,31.070393295128657,27.489606704871342,35.43416935264307,23.22039767539745,38.040414474997476,18.51138224370559,
1601018100,28.17,30.43,26.02,26.38,31.068260114180905,27.4917398858191,35.068587634779725,23.041396015453575,38.094234985287905,18.467686980732935,
1601277300,27.15,27.19,24.9,26.19,31.04057081319545,27.519429186804548,28.71539083310148,22.015494998994928,36.00300795152744,18.025117954550524,
1601363700,26.81,27.43,25.98,26.27,31.03428365550323,27.525716344496775,28.679486524068594,22.418020425007672,35.86660531461765,17.93740148823302,
1601450100,26.69,27.12,25.06,26.37,31.020618561072148,27.539381438927858,28.75960659213684,22.37339318675929,36.01041757878144,17.910160102749437,
1601536500,25.78,27.11,25.33,26.7,31.01719554197971,27.542804458020292,28.85215690496862,23.1073181004017,36.173595760796545,17.890110199203896,
1601622900,28.87,29.9,26.93,27.63,31.021512363713025,27.538487636286977,29.106424167162814,23.28458901313953,36.58858604748079,17.926648394187847,
1601882100,29.52,29.69,27.27,27.96,31.0113318726245,27.548668127375507,29.866949828516677,25.573600693432,37.67072728378612,18.104226193668158,
1601968500,28.05,30,26.01,29.48,31.013694081070106,27.546305918929892,30.184500875285526,25.7424495025027,38.0962959377972,18.148590030713926,
1602054900,29.26,29.76,27.94,28.06,31.01664438817908,27.54335561182092,31.488375126041642,26.58920528974944,39.85122454700663,18.455633705486953,
1602141300,27.65,27.99,24.88,26.36,31.012943591758813,27.547056408241186,30.36262938805075,25.764105977173358,38.3206513640269,19.537417853633176,
1602227700,26.2,26.22,24.03,25,30.909921220043834,27.650078779956168,29.385230277567683,24.519860162963703,36.41901872791184,19.80566916909102,
1602486900,25.65,25.65,24.14,25.07,30.880861552561562,27.679138447438444,28.957602150125638,23.3573699228792,34.98704692741815,19.260027019466605,
1602573300,25.67,26.93,25.16,26.07,30.872817750357292,27.68718224964271,28.694065465241938,23.39197699440458,35.09635214378578,20.190532188736306,
1602659700,25.72,27.23,25.53,26.4,30.87320979894966,27.68679020105034,29.22028240022077,23.695540780767075,36.19978379982204,20.685508591625144,
1602746100,27.1,29.06,26.82,26.97,30.842995334095583,27.71700466590442,29.418608550809022,23.50491755387153,36.59451318623583,20.802304971538483,
1602832500,27.16,27.46,26.19,27.41,30.833060575256606,27.726939424743392,29.79617062135893,23.552928329617767,37.293601163088525,21.056314532084528,
1603091700,27.36,29.69,27.04,29.18,30.848199177772816,27.711800822227186,30.122106684702686,23.640174323195,37.847249644553294,21.24786159282466,
1603178100,28.81,29.6,28.29,29.35,30.845753531756472,27.71424646824353,31.52400627936044,24.4695678908664,39.98661776884776,22.16290725741812,
1603264500,29.12,30.55,28.37,28.65,30.82880832623374,27.731191673766265,31.724265637320705,24.550970166825454,40.227940561217615,22.22551983033198,
1603350900,30.1,30.12,27.68,28.11,30.83014442832604,27.72985557167396,31.210489145329664,24.15058835795843,39.42640976072333,21.816456358897483,
1603437300,28.47,28.67,27.26,27.55,30.823287625600077,27.73671237439992,30.604935039530943,23.81086863523293,38.806139928185615,21.487428355797473,
1603696500,29.38,33.68,29.22,32.46,30.931317581465347,27.628682418534652,30.28862783448977,23.43923788940939,38.15274635201473,21.141326975079938,
1603782900,32.04,33.77,31.85,33.35,30.91920552103917,27.640794478960835,33.85539828038049,26.307095358063002,44.11387612920531,23.641275230634065,
1603869300,34.69,40.77,34.68,40.28,32.370515087270185,28.679484912729826,34.50238336760183,26.84900635555621,45.227717398317594,23.658353361852626,
1603955700,38.8,41.16,35.63,37.59,32.59918004534388,28.84081995465612,40.86233755018411,27.891864505938308,53.50194708241072,23.486407380412075,
1604042100,40.81,41.09,36.5,38.02,32.59843583589266,28.841564164107343,42.372934489250184,29.46687257664685,50.40102453355988,23.76957983649762,
1604304900,38.57,38.78,36.13,37.13,32.598919511383116,28.841080488616885,45.114024485263144,31.086509412953436,50.97894093953895,23.831497541781722,
1604391300,36.44,36.44,34.19,35.55,32.60271560834136,28.83728439165863,45.69370649196134,31.417263690582793,49.97671911828653,23.89076422951564,
1604477700,36.79,36.85,28.03,29.57,32.73933421863406,28.70066578136593,45.16960077263044,30.953974693474056,48.126124058419194,23.84587146836615,
1604564100,27.56,28.14,26.04,27.58,32.75725421293762,28.682745787062377,40.01762384315888,27.638290071868163,40.83354364960765,22.132395578912018,
1604650500,27.87,29.44,24.56,24.86,32.798373226134416,28.641626773865582,38.273055302357506,26.26334204718069,38.903534818874256,20.935584372686215,
1604909700,24.8,25.82,22.41,25.75,33.1202362608702,28.959763739129794,35.724466288555746,24.239125787006138,37.31398877160791,19.255044020501444,
1604996100,25.36,26.77,24.35,24.8,33.103959289558446,28.976040710441552,36.00571369918262,22.95940376699201,37.92532846452229,19.780319789957968,
1605082500,25.01,25.12,22.57,23.45,33.11584116065196,28.964158839348034,34.87232787088918,21.287770225671522,37.385509002255986,19.16804099609044,
1605168900,24.39,27.27,23.53,25.35,33.13710158213424,28.942898417865752,33.22951411696636,19.940819134001615,36.473582791752925,18.293939554358246,
1605255300,24.94,25.03,22.74,23.1,33.16538288142343,28.914617118576565,35.431345293500364,19.956692573192683,37.787970338167725,19.4669038900737,
1605514500,23.66,24.08,22.43,22.45,33.16836111965505,28.91163888034495,32.688498516497056,18.572059433324597,36.17476581299591,18.021064587472175,
1605600900,22.84,24.09,22.34,22.71,33.1610659829166,28.918934017083398,28.399449778441817,17.85979316451431,35.66850163242454,17.57883549788754,
1605687300,22.86,23.92,21.66,23.84,33.16919399227553,28.91080600772447,27.579344738742698,17.640227999812428,35.88777993811004,17.640227999812428,
1605773700,23.62,24.52,22.56,23.11,33.172534055861036,28.907465944138963,25.618687277904932,17.79707557713135,36.81444668061466,17.79707557713135,
1605860100,23.43,23.73,22.13,23.7,33.17445214295059,28.905547857049406,24.966713177816168,17.210713870010206,35.99119084732159,17.210713870010206,
1606119300,23.66,23.96,22.45,22.66,33.180960279760264,28.899039720239735,25.51052118550615,17.232419531259275,36.48662651725032,17.232419531259275,
1606205700,22.04,22.48,20.8,21.64,33.113438343789326,28.84656165621067,24.522468228679326,16.55361087354035,35.60584194243783,16.55361087354035,
1606292100,21.65,22.5,21.13,21.25,33.104745062764934,28.85525493723506,23.51907611580007,16.0482082090217,33.773946344822704,15.879546074096924,
1606464900,21.52,21.6,19.51,20.84,32.403148780554325,28.266851219445677,23.114891395813164,18.4992628103692,33.377729934514186,15.515581744331314,
1606724100,22.64,22.89,20.48,20.57,32.330288294497294,28.339711705502705,22.74462246347509,19.016584693519572,32.84509366673933,15.15442069582917,
1606810500,20.21,20.92,20,20.77,32.33076136893738,28.339238631062617,22.484124317283463,18.852443855620034,32.52894681012204,14.875604516125858,
1606896900,21,21.25,20.04,21.17,32.33107803337487,28.338921966625126,22.582051351650318,18.93649500780746,32.680724558317166,14.850922695919802,
1606983300,21.24,21.88,20.72,21.28,32.107972676276134,28.562027323723875,22.973987489754226,19.184973427836663,33.036382181873805,14.925388350010943,
1607069700,21.05,21.15,19.97,20.79,32.08126855194509,28.588731448054922,23.075643792637756,19.22676653404859,33.10637707972741,14.812358772262318,
1607328900,22.04,22.62,21.17,21.3,32.08161869969478,28.588381300305226,22.407896496063277,18.81396804478044,32.57021975678524,14.458814292091105,
1607415300,21.65,22.25,20.52,20.68,32.05549507567381,28.614504924326184,22.774136852730095,19.420118300940285,33.051808649907386,14.539199705924663,
1607501700,20.66,22.93,20.1,22.27,32.07645058388227,28.59354941611773,22.25341817810526,19.03215218213983,32.37633609638654,14.146712831188356,
1607588100,22.12,23.46,21.53,22.52,32.0376599230066,28.632340076993405,23.380467072519128,19.693132176945912,33.971771981289926,14.708219683690668,
1607674500,22.49,25.14,22.48,23.31,32.03773017705572,28.63226982294428,23.129320993870955,19.772592474112184,34.01692174949246,14.701788243089586,
1607933700,22.67,24.82,21.95,24.72,32.052667484494805,28.617332515505197,23.884245469360117,20.146473614412034,34.9104336871591,14.812530782105643,
1608020100,24,24.07,22.73,22.89,32.07533662315129,28.59466337684872,24.72,20.58659614617814,36.59136109697872,15.118534168866656,
1608106500,22.51,23.67,22.29,22.5,32.07485814185907,28.595141858140938,25.11534555356298,20.613347182670367,34.37845574886648,14.426983257307255,
1608192900,21.98,22.27,21.52,21.93,32.07515048956292,28.59484951043708,25.249801722806193,20.95291085676056,33.88773404858616,14.18156609944327,
1608279300,22.15,23.77,21.57,21.57,32.0514282342904,28.618571765709607,25.107860728091453,20.96531827321037,33.16833326981889,13.875759501850311,
1608538500,24.25,31.46,24.23,25.16,32.14872613203829,28.521273867961717,24.964630034159942,20.873457342186065,32.70294771439521,13.643067809261392,
1608624900,25.24,25.56,23.53,24.23,32.137420728967584,28.532579271032418,27.4569870021363,21.375346964581162,37.119064916515214,14.612459128261797,
1608711300,23.49,23.68,22.13,23.31,32.142605664634615,28.527394335365386,27.01828636441651,21.250636223708057,35.98042742058768,14.279106715835168,
1608797700,22.47,22.83,21.39,21.53,32.14369275197654,28.526307248023464,26.454815246391878,20.914919187784918,34.83627252819834,13.933779802153428,
1609143300,22.11,22.12,21.15,21.7,32.14410995844908,28.525890041550927,25.10135734221125,20.06714254160703,32.588486622939065,13.254241893434472,
1609229700,21.61,23.72,20.99,23.08,32.16053561266205,28.509464387337953,25.250807280256133,19.998765662771074,32.789988118919865,13.234385722540456,
1609316100,22.58,23.15,22.41,22.77,32.16090551404817,28.509094485951838,26.474475492368263,20.56772594073778,34.52460840700681,13.566558681102276,
1609402500,22.99,23.25,21.24,22.75,32.160030319861406,28.509969680138592,26.248613009350812,20.34659742008418,34.12468861231173,13.386151476002222,
1609748100,23.04,29.19,22.56,26.97,32.269513861126086,28.40048613887392,26.10094443335215,20.187095552370707,34.090617838433985,13.2911358284053,
1609834500,26.94,28.6,24.8,25.34,32.2830612793855,28.386938720614506,30.452564378169566,21.797881749623414,39.375621090475505,14.134615654156729,
1609920900,25.48,26.77,22.14,25.07,32.271967514441684,28.39803248555832,28.832964425543423,21.331608111259268,37.35123163301259,13.846192865028875,
1610007300,23.67,23.91,22.25,22.37,32.30986447473595,28.36013552526405,28.586872552338438,21.190842071547063,37.01268174135286,13.703076216217173,
1610093700,22.43,23.34,21.42,21.56,32.30107360894604,28.368926391053964,26.874354092286588,19.601640598701795,33.487294578018535,12.85652928736669,
1610352900,23.31,24.81,23.23,24.08,32.33799418106663,28.33200581893337,26.400311650735162,19.033077469385205,31.690896923159052,12.53187801979588,
1610439300,23.49,25.15,22.83,23.33,32.34139519388421,28.328604806115795,28.201528652541594,20.571943854414947,34.62274066007945,13.224703315359582,
1610525700,23.07,24.18,21.92,22.21,32.34345104826072,28.326548951739284,27.734263296816867,20.07251933922405,33.1957364695897,12.939782135970784,
1610612100,22.22,23.47,21.66,23.25,32.351026781695495,28.318973218304507,26.92565917620726,19.303475875291813,31.382638062225787,12.532295751428997,
1610698500,23.52,25.8,23.08,24.34,32.35729123196988,28.312708768030117,27.800423168401345,19.770047216172838,32.29293555160839,12.792866416520125,
1611044100,23.03,23.56,22.53,23.24,32.36310303805903,28.30689696194097,28.77199961672636,20.000577387951225,33.744309290014876,12.978175398803076,
1611130500,22.82,22.86,21.37,21.58,32.365131677880456,28.304868322119546,27.883397370047234,19.42061501782508,32.27227796200709,12.675812981402517,
1611216900,21.34,22.22,21.09,21.32,32.36490264217648,28.305097357823517,26.303681234330202,18.49816688404664,30.04521444556707,12.091557622543982,
1611303300,22.24,23.73,21.27,21.91,32.36721265098329,28.302787349016704,25.129479164601126,18.217395377199228,29.69173248169782,11.9506264848376,
1611562500,22.31,26.63,22.2,23.19,32.379451763358716,28.290548236641285,25.731425798124267,18.405441314439848,27.011048849220227,12.092475243260496,
1611648900,23.91,23.94,22.55,23.02,32.37846769980042,28.291532300199584,27.106395023715248,18.998607046612292,27.960926898921233,12.380192048644705,
1611735300,23.82,37.21,23.71,37.21,33.0097677146986,27.660232285301408,25.427550804141887,18.838288193537448,27.822202767051294,12.272550839750831,
1611821700,33.25,36.29,27.39,30.21,33.12429211822512,27.54570788177488,39.631021196335546,20.294287565625158,42.46472498195984,14.624322461814849,
1611908100,35.16,37.51,29.24,33.09,33.05049694612199,27.619503053878013,38.61170389090198,21.559053271900467,38.61170389090198,13.968131655657793,
1612167300,31.45,33.96,29.03,30.24,33.02093842394484,27.57906157605517,42.43003660062846,23.398410442625014,42.43003660062846,14.754386991434714,
1612253700,28.01,28.08,25.31,25.56,31.829333259682453,26.460666740317556,41.38414126255113,23.114609685871223,41.38414126255113,15.163120089845007,
1612340100,24.59,25.43,22.91,22.91,31.160840164926736,25.859159835073264,37.47710533853088,21.736957775413902,37.47710533853088,17.33898433503955,
1612426500,23.44,23.44,21.68,21.77,31.162293735730376,25.85770626426962,34.93692498258565,20.221772891914345,34.93692498258565,17.324865753573235,
1612512900,21.99,22.16,20.86,20.87,31.0876707481685,25.932329251831497,33.71252200147327,19.17798174652018,33.71252200147327,17.74382695218529,
1612772100,21.89,22.07,21.23,21.24,31.07839243294749,25.941607567052504,32.65506680375786,18.244652364930516,32.98437029066474,17.128177474164538,
1612858500,21.57,22.26,20.65,21.63,31.053977841939673,25.96602215806032,33.095851043314504,18.139275144502097,33.26496417937853,17.33016414315947,
1612944900,21.64,23.85,19.69,21.99,31.05130678826473,25.968693211735268,33.580363187596475,17.618704966973123,33.580363187596475,17.550963389656108,
1613031300,22.09,23.25,21.11,21.25,31.05073641799807,25.969263582001922,34.04252797251866,17.10801819783165,34.04252797251866,17.10801819783165,
1613117700,21.6,22.45,19.95,19.97,31.052502545400216,25.96749745459978,33.10343977896476,16.352517413957806,33.30673466972073,16.352517413957806,
1613463300,21.13,22.46,20.88,21.46,31.050161090899678,25.96983890910032,30.917090496042114,15.462909831334343,32.2591603189904,15.462909831334343,
1613549700,22.02,23.44,21.09,21.5,31.029053780002556,25.99094621999744,31.872960096781703,15.407851061612083,33.498546323576996,15.407851061612083,
1613636100,21.98,24.23,21.8,22.49,31.0323645724232,25.987635427576794,31.922515660922592,14.963945870375253,33.544410917073286,14.963945870375253,
1613722500,23.1,23.19,20.84,22.05,31.032988626446368,25.987011373553624,25.011957918615185,14.769295623427613,34.76244529449434,14.769295623427613,
1613981700,24.46,25.09,21.96,23.45,31.036669977595306,25.983330022404694,24.520676468548857,15.083357606700961,34.18187786304769,14.347132163564062,
1614068100,22.82,27.01,22.5,23.11,31.03475555002887,25.98524444997113,24.384053840610925,15.333215734904178,36.0847161977884,14.34787887308992,
1614154500,23.76,25.04,21.31,21.34,31.04886890996303,25.971131090036966,24.21051076332938,16.19673294304409,35.64194735768482,14.027022832716243,
1614240900,21.73,31.16,21.52,28.89,31.26569801384518,25.754301986154815,23.756648117154413,17.784183411669687,33.46182293153925,13.371114398790425,
1614327300,28.73,30.82,25.23,27.95,31.26305169328966,25.756948306710335,29.635406603083972,20.585546366707465,43.51672649343494,14.742968238438937,
1614586500,25.2,25.39,23.17,23.35,31.339099269023308,25.68090073097669,30.19995360200228,21.339376575411347,42.30535721199472,14.453558772209645,
1614672900,23.58,24.6,22.8,24.1,31.439003510969076,25.760996489030926,29.051409141310746,20.866536332063724,36.02763551116664,13.309540161764474,
1614759300,22.8,26.79,22.45,26.67,31.46033060310838,25.739669396891625,29.704482371035024,21.438090829734243,37.08445295178294,13.34979580323763,
1614845700,26.52,31.9,24.93,28.57,31.46961887455091,25.730381125449092,33.55942240724644,22.561624375616763,40.670339776239054,13.838298147389962,
1614932100,29.48,30.03,24.33,24.66,31.52016581902224,25.679834180977767,35.83487312512421,22.61477745975716,43.32805997240547,14.162630977128968,
1615191300,27.61,28.39,24.07,25.47,31.522109248760188,25.677890751239815,31.620414036511953,20.711255238861348,37.91541639381552,13.131336146061706,
1615277700,25.11,25.25,22.9,24.03,31.528820013577192,25.671179986422807,32.62191266158139,20.96435240969069,39.07054247150286,13.244761862002335,
1615364100,23.76,23.87,22.38,22.56,31.536960805232447,25.663039194767553,30.991999938221387,20.02058454723547,37.053653524961746,12.761222859251282,
1615450500,22.5,22.5,21.45,21.91,31.536919981198498,25.663080018801505,29.26827805193225,18.996892155418095,34.969793049439716,12.239277644433288,
1615536900,22.57,22.99,20.63,20.69,31.531970280375546,25.668029719624457,28.494303661630234,18.45724564507717,34.0420154118845,11.947885306079124,
1615792500,21.84,21.86,19.87,20.03,31.533728712176906,25.6662712878231,27.04680278826778,17.540993683164814,32.35645286339478,11.467786162082573,
1615878900,20.14,20.31,19.33,19.79,31.332512750895784,25.50748724910421,26.45989838963263,16.98835497464974,31.602571608883693,11.161060558653968,
1615965300,20.1,20.95,19.18,19.23,31.242791516224962,25.447208483775036,26.20376160063323,16.72857318545799,31.315649689079038,10.996683139609477,
1616051700,18.95,22.6,18.95,21.58,31.13421875896648,25.325781241033514,25.64164054100859,16.254114211442577,30.651305957224807,10.723404732254695,
1616138100,21.43,23.17,19.9,20.95,31.13543107341593,25.324568926584064,26.32655933025628,17.82505000933562,33.57176271994236,11.452447631199062,
1616397300,21.91,22.29,18.87,18.88,31.112734047156163,25.267265952843832,25.663777329318595,17.585395531579437,32.65440127351289,11.17539266376644,
1616483700,19.46,21.58,18.8,20.3,31.08546777125864,25.224532228741364,23.491609859721553,16.69785532587795,30.107669258414845,10.385797317073793,
1616570100,20.64,21.49,19.3,21.2,31.03735580057203,25.272644199427972,24.218390644353537,16.826381811862262,31.831789538389913,10.82718309827713,
1616656500,20.8,23.55,19.81,19.81,31.043900527554637,25.266099472445365,23.2307368872535,16.833901355208937,33.018088509498924,11.081460966652248,
1616742900,19.32,21.49,18.68,18.86,30.97958686667463,25.210413133325368,21.99589185937834,16.160075501458465,31.094576622948132,10.5399807862562,
1617002100,20.4,21.6,19.42,20.74,30.98698114682802,25.20301885317198,21.08681659203557,16.35230449478941,29.723951005096765,10.142025804652068,
1617088500,20.76,21.75,19.47,19.61,30.993334644147232,25.196665355852765,22.935252673257885,16.89980049064149,32.34051094806824,10.767255383941402,
1617174900,19.8,20.11,18.85,19.4,30.984672994111474,25.205327005888524,21.828306125083866,16.83467266263654,30.717524747691037,10.315032385794266,
1617261300,18.6,18.64,17.29,17.33,30.243121855105475,24.55687814489452,21.61965584189935,17.266029305872163,30.426169018159925,10.191824919193209,
1617606900,18.16,18.4,17.35,17.91,30.245965923958224,24.554034076041777,19.951207750509532,15.773796710629224,27.584453511510386,9.368618069408216,
1617693300,18.07,18.3,17.37,18.12,30.18154646857728,24.61845353142272,20.195654455090608,16.123092756200805,28.371465233787887,9.546164911205189,
1617779700,17.99,18.17,16.87,17.16,29.948475100888047,24.43152489911195,20.368970920817834,16.22575895090884,28.64938191967434,9.583738202486813,
1617866100,16.92,17.36,16.55,16.95,29.7722787797297,24.2877212202703,19.573947122284665,15.471379892860451,27.308244278411056,9.17390177888425,
1617952500,17.05,17.34,16.2,16.69,29.55488373258676,24.155116267413234,19.37217698325077,15.269171488720826,26.683426859390465,9.052404073714522,
1618211700,17.43,17.91,16.81,16.91,29.553264321419984,24.15673567858001,19.049658727227737,15.030966664515168,26.28788379861236,8.912170785439816,
1618298100,16.99,17.86,16.43,16.65,29.525109108204955,24.18489089179504,19.16439841553878,15.023316029512578,26.612717759291016,8.962035000868674,
1618384500,16.71,17.69,15.38,16.99,29.074285349961645,23.81571465003836,18.912047191513548,14.756413762362888,26.216950360878442,8.82430806889073,
1618470900,16.78,16.92,15.94,16.57,29.07099058371148,23.81900941628852,18.752244494414708,14.862298607187828,26.722946068730693,8.924440752893288,
1618557300,16.65,16.88,16.05,16.25,29.065937433030403,23.824062566969598,18.309494992231226,14.523480621716883,26.086396627100047,8.725818960262298,
1618816500,17.04,18.61,16.78,17.29,29.070020432601908,23.819979567398097,17.966978861434736,14.245984492645798,25.599312293111005,8.566653510190832,
1618902900,17.36,19.7,17.24,18.68,29.080444146506395,23.809555853493606,19.033095800966038,14.85835455802125,27.1608569028645,8.94828966595782,
1618989300,18.48,19.29,16.91,17.5,29.077970649043195,23.812029350956802,19.27915742667394,15.663888822675888,28.722533781105035,9.45888802580619,
1619075700,17.28,19.9,16.99,18.71,29.087963404411955,23.80203659558805,18.787142429213617,15.602614383237544,25.985066825860603,8.973661162699944,
1619162100,18.56,18.78,16.8,17.33,29.097445068309767,23.79255493169023,19.589014810364894,15.891852182068456,27.75945123308356,9.416841737937927,
1619421300,17.94,18.17,16.87,17.64,29.090689568426207,23.79931043157379,19.299070057946725,15.917756279156153,24.20183163767197,8.85363121390639,
1619507700,17.62,18.16,16.97,17.56,29.090670313444534,23.799329686555467,19.615711929999073,15.98921164832328,24.537954467149543,10.449793895435082,
1619594100,17.47,17.84,16.67,17.28,28.531103854906515,24.358896145093485,19.618188307360324,15.941308455242739,24.435864440768928,10.393451905525318,
1619680500,16.88,18.87,16.77,17.61,28.42641750300588,24.46358249699412,19.422656243278432,16.282248808926294,24.10569741252246,11.51634048146159,
1619766900,17.67,19.25,17.64,18.61,26.503006777098797,22.836993222901206,19.749608521006703,16.474141035218807,24.470277072039984,12.604909295611208,
1620026100,18.65,19.12,17.8,18.31,25.379767975483812,21.900232024516185,20.698773217592866,17.19683729626893,25.680138466846962,13.03746675000805,
1620112500,18.16,21.85,18.11,19.48,25.32377761330914,21.956222386690857,20.464349380739666,16.96363307076963,25.306639623189973,12.849545710463065,
1620198900,18.84,19.58,17.89,19.15,25.29447489085032,21.98552510914968,21.606137310295235,17.472301812649913,26.74366095416775,13.294087798295568,
1620285300,18.41,20.6,18.21,18.39,25.29204162382918,21.98795837617082,21.33496668104781,17.39858267626964,26.336116838871327,13.139844278728468,
1620371700,18.45,18.57,16.68,16.69,25.311485319360564,21.968514680639437,20.62782534428076,17.01270069366019,25.393512673010683,12.766832317511799,
1620630900,17.34,19.75,17.07,19.66,25.38219694877412,21.897803051225882,19.359096950284886,15.584574265256956,23.33831483463063,11.877001874108249,
1620717300,21.17,23.73,20.71,21.84,25.40952907071863,21.87047092928137,21.011846740629522,16.51196132204088,26.961443401032017,13.026540280106243,
1620803700,22.42,28.38,21.66,27.59,25.53897351012903,21.741026489870972,22.954556603228923,16.42160991468468,29.64407482233774,13.22045838060384,
1620890100,26.03,28.93,22.23,23.13,25.60919449767977,21.67080550232023,28.597230673886692,16.01830987205071,35.816107875473435,12.553520961733085,
1620976500,21.77,22.1,18.66,18.81,25.69502981141188,21.58497018858812,28.269199176695682,16.890263485069987,30.102487001214712,13.069795851668106,
1621235700,19.89,21.58,19.67,19.72,25.688538767731842,21.591461232268163,26.915159537904067,16.149256091991564,26.915159537904067,12.551335846313092,
1621322100,18.89,21.45,18.81,21.34,25.702224671752592,21.57777532824741,27.987251979556135,16.59121998449408,27.987251979556135,12.703227770946405,
1621408500,22.46,25.96,21.88,22.18,25.70106677390193,21.578933226098073,29.818641217859714,17.457463463148315,29.818641217859714,12.862225522567739,
1621494900,22.33,23.5,20.19,20.67,25.710765810429375,21.569234189570626,30.96329517028319,15.620048026512924,30.96329517028319,12.843048081455729,
1621581300,20.42,20.89,19.53,20.05,25.703932498372346,21.576067501627655,29.58605490480383,14.741677122730719,29.58605490480383,12.656272472372619,
1621840500,20.5,20.51,18.38,18.5,25.716495655842394,21.563504344157607,29.0247374059226,14.198250693359412,29.0247374059226,12.499567442386697,
1621926900,18.35,19.29,16.87,18.74,25.704359394237496,21.575640605762505,27.279422518022685,13.26183450371951,27.279422518022685,12.122889903087431,
1622013300,18.37,18.92,17.35,17.37,25.50137147403007,21.778628525969932,27.616782235554492,13.172145104267269,27.616782235554492,12.132413166075683,
1622099700,18.03,18.17,16.52,16.75,25.50178587112393,21.778214128876073,25.94084292962466,12.323615779713897,25.94084292962466,11.66695048462552,
1622186100,16.8,16.86,15.9,16.77,25.429109053368318,21.850890946631683,25.156400921088377,11.853515236616085,25.301716897298995,11.408172478430075,
1622531700,17.24,18.53,15.68,17.89,25.437789463248812,21.84221053675119,25.18329573462166,11.73752799339584,25.330435652482933,11.36453318299893,
1622618100,17.86,18.31,16.74,17.49,25.410012125881504,21.869987874118497,24.177377929187582,12.22930303172146,26.649393407250624,12.22930303172146,
1622704500,17.73,19.27,17.45,18.03,24.394505769382537,21.015494230617467,21.836576814207717,11.929106682126832,26.1367302799978,11.929106682126832,
1622790900,18.09,18.42,16.18,16.43,23.774305060177337,20.53569493982267,21.177601424650376,12.146043556997498,26.86059698439263,12.146043556997498,
1623050100,17.34,17.35,15.78,16.43,23.77074619334807,20.53925380665193,19.613983635364132,13.407859283027399,25.031572714982378,11.200796167905635,
1623136500,16.58,17.75,15.15,17.06,23.645479434263347,20.43452056573665,19.582231554563222,14.281749590118736,25.034310428194885,11.138175583971535,
1623222900,17.18,17.96,15.55,17.9,23.64388994554266,20.43611005445734,19.395125151918023,14.336202016352633,25.675959587531004,11.436140940127148,
1623309300,18.18,18.29,16.01,16.11,23.666789821676037,20.413210178323958,18.890491679240995,14.518489882266634,26.726479737361284,11.858349791193396,
1623395700,16.18,16.2,15.15,15.66,23.661542998908434,20.41845700109156,17.73762297791045,13.646903278801673,24.704026621520274,10.805566210165068,
1623654900,16.04,17.04,15.04,16.4,23.60647045806614,20.363529541933858,17.54285361490549,13.815869718425985,24.21708843003345,10.505867266559818,
1623741300,16.27,17.35,16.14,17.01,23.60991913502384,20.360080864976155,17.820331502275522,14.329585108857428,25.01370127875503,10.893267426622891,
1623827700,16.99,19.11,16.42,18.14,23.618448570404265,20.351551429595734,18.2709108617528,15.335790119726287,25.673079613918446,11.209453055129488,
1623914100,18.49,19.22,16.71,17.74,23.586787320096693,20.383212679903306,19.194048873627413,15.355184921241307,27.09004047827362,11.82509867187376,
1624000500,16.96,21.04,16.92,20.71,23.64255262832347,20.327447371676527,18.919949837517162,15.412541972576314,26.540931526188224,11.57119472417037,
1624259700,21.74,21.82,17.81,17.88,23.667181666558097,20.302818333441902,21.736741746953786,16.087341747723823,30.65740224295519,12.887809471948575,
1624346100,17.91,18.32,15.76,16.67,23.665087429512223,20.304912570487772,20.902246009203267,15.434906193032594,26.744123490587395,11.605307446711484,
1624432500,16.25,16.84,14.86,16.31,23.563927988187164,20.226072011812835,20.5851730278243,14.70509011810716,25.327985551981023,10.88424339272791,
1624518900,15.99,16.05,14.19,15.96,23.194889823684797,19.9251101763152,20.454192096440504,14.43293815679648,24.920848326338724,10.653507719845887,
1624605300,16.04,16.17,15.21,15.61,23.19093628569938,19.929063714300618,20.252678485187065,14.159173707686117,24.516367042850227,10.42868600630138,
1624864500,16.07,16.46,15.39,15.75,23.169111797413354,19.950888202586643,19.998064080283534,13.879222634073503,24.103727417744185,10.20394289406925,
1624950900,15.69,16.31,14.1,16.03,23.11554938180886,19.91445061819114,20.11120859009411,13.769481464557773,24.264629473060083,10.268583712042819,
1625037300,16.18,17.31,15.58,15.84,23.11559259606962,19.91440740393038,20.354523223219957,13.724582728564041,24.59276754542696,10.41699653222709,
1625123700,15.62,16.01,15.31,15.47,23.088450424322296,19.941549575677705,20.1977635084629,13.464215322790531,24.365187406536556,10.289304654008385,
1625210100,15.53,15.54,14.25,15.08,23.086822881184116,19.94317711881589,19.861416874076305,13.115765454237177,23.917650303887527,10.055427235847022,
1625555700,15.77,17.94,15.73,16.45,23.104825692600045,19.92517430739996,19.48467338012057,12.764367737524859,23.43836638903624,9.809471819262466,
1625642100,16.43,17.64,16.08,16.21,23.098689596115893,19.93131040388411,20.27501271458492,13.52145381812424,25.09212418675847,10.608409494032625,
1625728500,17.74,21.29,17.74,19.01,23.155836309472612,19.87416369052739,19.556552605565823,13.282044985785694,24.803774677621767,10.45425122705102,
1625814900,17.88,18.13,16.08,16.17,23.213345199934757,19.816654800065244,21.85876065865501,14.231617332703454,28.388523331923864,11.520167470183877,
1626074100,16.85,17.52,16.14,16.16,23.212938754156166,19.817061245843835,18.929547697795147,13.027736841469643,24.754525324373464,10.40782115999074,
1626160500,16.39,17.23,15.94,17.11,23.219512100138154,19.810487899861847,19.23191871054033,12.927799614244414,24.74184679781538,10.391342778533886,
1626246900,17.34,17.51,15.95,16.32,23.2234132449531,19.8065867550469,19.992161213830915,14.647843657179735,25.902648073982647,10.712236069849574,
1626333300,16.7,18.09,16.56,17,23.225680745274996,19.804319254725005,19.54694100230114,14.868754624396749,24.547005339743784,10.367493236902318,
1626419700,16.8,18.7,16.03,18.44,23.23849132867832,19.79150867132168,20.173123114736885,14.629228952817538,25.524972188687215,10.574082978447134,
1626678900,19.61,25.09,19.27,22.49,23.31099505733811,19.719004942661886,21.47420688778891,15.549831312378164,27.593830282518468,11.053658037866397,
1626765300,20.89,22.97,19.37,19.72,23.33607709110883,19.69392290889117,25.152962566763208,16.8982178487996,33.38376852590574,11.851362167006018,
1626851700,19.73,19.82,17.81,17.9,23.346451382045498,19.683548617954504,22.966302445686274,16.336183050922735,29.434747091825802,11.428549494071554,
1626938100,17.59,18.45,17.4,17.68,23.33768503813409,19.69231496186591,22.647684992233778,15.123306449376217,26.82362496520162,10.741690502558228,
1627024500,16.98,17.48,16.33,17.19,23.327516952883315,19.702483047116687,22.642034546741392,14.947478685674032,26.5079629358939,10.622977945130465,
1627283700,18.67,19.39,17.53,17.59,23.32795408290261,19.702045917097394,22.452884358120585,14.565798080103914,25.801722702588716,10.400508592237998,
1627370100,18.62,20.44,18.25,19.35,23.345947961855966,19.68405203814403,22.815296058572137,14.857605756792996,26.380177299785828,10.519350975331442,
1627456500,19.41,19.62,17.52,18.3,23.351860879202295,19.67813912079771,24.456704806910444,15.902914806936176,28.920071189545993,11.14541539298659,
1627542900,17.91,18.01,17.19,17.71,23.3533958976502,19.6766041023498,23.539775011155655,15.200631062697497,27.408096419676674,10.72661534258264,
1627629300,19.69,19.72,17.53,18.23,23.348955454159928,19.681044545840077,22.994437431158598,14.72525002768121,26.556526833595832,10.471065797641623,
1627888500,18.16,19.87,17.99,19.47,23.356977142686922,19.673022857313075,23.571574244167714,14.919379085279266,27.309971739934312,10.643071959981306,
1627974900,19.17,20.44,17.7,18.03,23.361026032486382,19.66897396751362,24.920674432315323,15.360572862176664,29.103947445421365,10.988347482212703,
1628061300,18.23,18.9,17.67,17.98,23.3605238246811,19.669476175318902,23.42686164642984,14.633742174852008,27.023044608978132,10.512261005041088,
1628147700,17.73,17.84,17.24,17.29,23.360312989240406,19.669687010759592,23.397476135997017,14.48937417054212,24.126369678394475,10.467128118176324,
1628234100,17.46,17.5,16.14,16.16,23.35073933223314,19.679260667766858,22.089740213844088,14.042288374281354,23.172766819974473,10.167786948588203,
1628493300,17.12,17.39,16.59,16.73,23.297910791601346,19.732089208398655,19.51073439627084,13.234212010095394,22.153432096016783,9.680041970107109,
1628579700,16.82,17.05,16.34,16.8,23.27359582069436,19.756404179305637,19.06119291666483,13.553892932780997,22.72214633075093,12.01138494276951,
1628666100,16.81,17.09,15.87,16.07,23.152006494982057,19.877993505017944,19.08516063689966,15.031722094591844,22.817075884539616,12.26233766084172,
1628752500,16.33,16.42,15.49,15.58,21.494409765221956,18.565590234778046,18.571175392490655,14.837964052232179,22.114754140679416,11.904842726725432,
1628838900,15.68,15.72,15.19,15.46,21.402799126212354,18.657200873787648,18.17707101243747,14.41317676913808,21.625848221587415,11.649205840822049,
1629098100,17.05,17.71,16.02,16.11,21.401466545822206,18.658533454177796,18.041444484075573,14.16385628888798,21.506711944100733,11.566677676454507,
1629184500,17.31,19.56,16.71,17.92,21.41364545151192,18.646354548488084,18.21784928040441,14.328847510475462,22.194389226784963,12.010759056371477,
1629270900,17.56,21.64,17.31,21.56,21.02133335242862,18.168666647571374,19.585338499958883,15.003618019244062,24.0852101275457,12.867369832192288,
1629357300,23.12,24.74,20.37,21.66,21.010671149795122,18.179328850204875,22.996842418948876,14.939086320553972,27.7691055485505,14.265336167278965,
1629443700,22.74,23.9,18.18,18.55,21.059417496905915,18.130582503094082,23.1307211251065,15.066402939164576,27.940853591703753,14.214354600889251,
1629702900,18.83,18.95,16.95,17.16,21.05858349752605,18.131416502473947,22.691388696650108,14.849251687722532,24.834545470826644,13.129431606561848,
1629789300,16.96,17.51,16.94,17.21,21.05820226016553,18.131797739834468,21.97202740472025,14.491103047531677,23.38536942156898,12.433078462082769,
1629875700,17.42,17.5,16.46,16.78,21.04769555093113,18.142304449068867,22.142833998373362,14.987857251879271,23.457248187936518,12.442786698804579,
1629962100,17.46,19.27,17.16,18.85,21.07267018802175,18.11732981197825,21.84519957714337,14.787035493356383,23.002553949084632,12.207866301368995,
1630048500,17.95,18.22,16.11,16.4,21.11254728033912,18.077452719660883,23.87348879486668,15.507811750077757,25.277461995435303,13.239441466641713,
1630307700,16.77,16.8,15.98,16.2,21.104135263550674,18.085864736449324,21.563968292236215,14.101416804313052,22.602242414361342,11.978103168701175,
1630394100,15.98,17.07,15.91,16.49,21.103942931205136,18.08605706879486,21.3873907869977,13.771640750065801,22.385013122323873,11.856355135659594,
1630480500,16.06,16.71,15.68,16.1,21.102932436256655,18.087067563743346,21.708411870424342,13.773967202878175,22.72157494116269,11.99534735370786,
1630566900,16.27,17.06,16.08,16.4,21.086491201696823,18.103508798303178,21.328156299325727,13.411873538435154,22.284301275194444,11.771921762515634,
1630653300,16.27,17.06,16.08,16.41,21.086492021088894,18.1035079789111,21.653688001581845,13.493116954902366,22.635066656338815,11.919162859337014,
1630998900,16.94,18.39,16.89,18.15,21.104121989909068,18.085878010090934,21.682673610105304,13.416525170490585,22.653873094928308,11.911199354037196,
1631085300,18.97,19.64,17.78,17.97,21.0997739156997,18.090226084300294,23.150364331939038,14.457926382246042,24.6571989724256,12.827383450676445,
1631171700,19.44,19.54,17.17,18.81,21.08062704333859,18.109372956661403,21.369534558824455,14.301365287309263,24.4676868150882,12.72445438737548,
1631258100,17.94,21.13,16.99,20.94,21.100485168114545,18.089514831885452,20.783265281384622,14.673366869152343,25.443836021071192,13.160130551623308,
1631517300,19.64,21.18,18.76,19.36,21.110423149607406,18.07957685039259,22.9542449406187,15.15293055488699,27.87757422252821,13.83903780305469,
1631603700,19.58,20.47,18.39,19.45,21.108087928244775,18.081912071755223,21.518945093141248,16.119110070347194,26.11109734005768,13.439280330656645,
1631690100,19.3,20.27,18.01,18.19,21.109364136219998,18.08063586378,21.987567402607436,16.17970888580327,26.234274013847738,13.483017902821917,
1631776500,18.41,19.76,17.65,18.7,21.109813742561805,18.08018625743819,21.55376691729693,15.521032149038376,24.79180914753404,13.160852340563121,
1631862900,18.37,21.51,18.35,20.8,21.084270459012544,18.105729540987458,22.03708963097296,15.793815066010072,25.400688778813738,13.252146472033846,
1632122100,24.25,28.79,23.9,25.72,23.122092543006083,19.767907456993917,23.678915003795844,16.973957977867556,27.851725156229868,13.721810657723427,
1632208500,23.41,25.6,21.71,24.35,23.11752760294407,19.77247239705593,27.366571319731666,19.065026296571656,33.457376375555185,14.589312060435114,
1632294900,22.72,23.4,20.75,20.88,23.170101281611544,19.71989871838846,26.791440632638466,19.34733972979868,31.961346162180398,14.406313270466413,
1632381300,19.91,20.21,18.42,18.64,23.19737707489847,19.69262292510153,26.384908530177757,17.962788968600794,28.012404638335042,13.694476545360786,
1632467700,19.33,20.41,17.63,17.74,23.201704270290655,19.68829572970935,25.18941475663892,16.738619079609407,25.39735171604559,13.068292299333201,
1632726900,17.78,19.32,17.74,18.77,23.207671197451184,19.682328802548817,24.724467608756044,16.12499573733615,24.75967540112851,12.756767585036972,
1632813300,19.74,24.82,19.71,23.24,23.37726321333636,19.66273678666364,25.52342154775428,16.274459785857267,25.576026789095955,13.050699015052468,
1632899700,22.07,23.79,21.45,22.55,23.379193213710895,19.6608067862891,29.392308010646197,16.178504056075127,30.853822375992028,14.239605690960856,
1632986100,21.48,24.71,20.6,23.13,23.378201233898267,19.661798766101736,28.90770155755098,15.86877929426021,29.376243018109246,14.075545268721081,
1633072500,24.78,24.89,20.64,21.14,23.905283169730744,20.074716830269253,29.626566256570754,15.765923546305906,30.107332938470808,14.223393136873282,
1633331700,22.9,24.58,21.88,22.95,23.903756847224248,20.07624315277575,27.66852159946941,15.130098532436742,27.821821202660846,13.68555401438997,
1633418100,22.92,23.17,20.62,21.31,23.915458990146238,20.06454100985376,29.66873953174982,15.471362967981834,29.897789177137977,14.184506209393001,
1633504500,22.95,24.4,20.99,21.01,23.86668963588423,20.113310364115765,27.968832104932986,14.852011601398125,28.23481892503313,13.71944864175735,
1633590900,20.54,20.76,19.07,19.53,23.82271307519996,20.157286924800037,27.682179365877992,14.622467084730037,28.091553986399088,13.620388422333889,
1633677300,19.46,19.94,18.2,18.76,23.826541448050286,20.15345855194971,25.642010096131347,13.930085919812921,26.86832016877529,13.128553290730615,
1633936500,19.93,20.45,18.11,19.99,23.828084835501507,20.15191516449849,23.616438002672908,13.48296061716698,26.22416981625259,12.842927387182556,
1634022900,20.62,20.81,18.97,19.84,23.82306861528936,20.156931384710642,24.954356875967022,13.90829992603414,27.431599872785075,13.256034797719163,
1634109300,20.14,20.23,18.44,18.63,23.828850033227386,20.15114996677261,24.827906962644207,14.369248501442224,27.357956750964707,13.191337991820959,
1634195700,18.01,18.08,16.8,16.85,23.836093611553526,20.14390638844647,23.520784861240287,15.877095033090056,26.23206287855301,13.123613284849496,
1634282100,16.64,16.85,15.72,16.29,23.751410087168104,20.228589912831897,21.56824585521958,15.867889091513623,24.583439743525354,12.174713219926819,
1634541300,17.29,17.93,16.27,16.32,23.71577518263092,20.264224817369076,21.04023211390011,15.343670360999614,24.09779003486964,11.805430200322618,
1634627700,16.09,16.31,15.57,15.71,23.69872942011655,20.28127057988345,20.36215260780055,15.255603755151313,24.13626303553425,11.742706547652485,
1634714100,15.82,15.89,15.29,15.5,23.698782492545163,20.281217507454834,17.4334971718703,14.610482468151739,23.569629722642503,11.349727216089118,
1634800500,16.06,16.11,14.92,15,23.55388408785564,20.15611591214436,17.143345036384687,14.243527337575031,23.36839517451687,11.169781350415388,
1634886900,15.35,16.39,14.84,15.44,23.511513443297304,20.118486556702692,16.621372666268638,13.748257898786873,22.87117598422297,10.834953636420764,
1635146100,16.14,16.33,15.1,15.25,23.490070613915165,20.13992938608483,17.03183289026556,13.847800639027545,23.309355978357686,11.018050443067484,
1635232500,15.02,16.71,14.9,15.97,23.489216027950075,20.140783972049924,16.677954021567757,13.581012352131186,23.11672967551182,10.86079655906926,
1635318900,15.79,17.29,15.54,16.99,23.4960293268144,20.133970673185594,17.292459546406345,13.861125769459314,23.844856378621913,11.208856384200057,
1635405300,17.06,17.16,16.23,16.52,23.49563127191276,20.134368728087235,18.200021361327018,13.911281363417979,24.867297905860152,11.722791000709567,
1635491700,17.4,18.06,16.13,16.27,23.485587894663773,20.144412105336222,17.74476278890845,13.664930349240114,24.412130226147053,11.428462070311225,
1635750900,16.85,17.7,16.32,16.42,23.473227416526992,20.156772583473003,17.489605077671985,13.458032814837098,24.1669826398788,11.254252511025712,
1635837300,16.54,16.65,15.89,16.04,23.474303245231038,20.155696754768954,17.70859549661488,13.381480611815206,24.32835133560536,11.303346015356235,
1635923700,16.11,16.39,14.9,15.09,23.479097167910822,20.150902832089173,17.503009461347084,13.145905991543769,23.94084026234433,11.059258470747434,
1636010100,15.06,16.14,14.73,15.43,23.411249497540965,20.10875050245903,16.929712984119387,13.091682322643132,22.931327112064974,10.490683526561051,
1636096500,15.59,17.02,14.95,16.47,23.418250825377385,20.10174917462261,17.177746046930473,14.088287556018754,23.29698685140022,10.654215106628909,
1636359300,17.23,17.69,16.44,17.21,23.42257099998566,20.097429000014337,17.96783086486479,14.882464504763313,24.41179100789605,11.215933423071405,
1636445700,17.43,18.57,17.21,17.77,23.420083969084793,20.099916030915203,18.653285864690297,15.030633859654076,25.201150047387223,11.607638961833448,
1636532100,17.74,19.9,17.22,18.72,23.423202505034837,20.096797494965156,19.195857499289747,15.219476838973371,25.655909024017337,11.899453349665698,
1636618500,18.34,18.39,17.27,17.67,23.43114586665646,20.08885413334354,20.102970038693865,15.592329219413495,26.798158831950822,12.322549292152647,
1636704900,17.49,17.69,16.15,16.28,23.443017711360888,20.07698228863911,19.178763902190983,15.259272189236668,25.552902655768843,11.804778019887632,
1636964100,17.03,17.46,16.49,16.49,23.41763726439955,20.102362735600448,18.90665229261861,14.638875499080603,23.863771114401406,10.996470507186162,
1637050500,16.86,17.08,16.03,16.36,23.335739805700438,20.184260194299554,19.13019796076344,14.723856787697194,24.123652990031534,11.097845092026878,
1637136900,16.36,17.19,16.28,17.1,23.34111530271076,20.178884697289234,19.152118468503417,14.640599924093182,23.964495186580102,11.005250078405556,
1637223300,16.81,18.15,16.38,17.58,23.286907263593605,20.23309273640639,19.71693445967995,15.035280355738967,24.881503700411773,11.413024906714476,
1637309700,17.36,19.01,17.23,17.9,23.27275476487512,20.247245235124876,20.149099780849095,15.493050349572144,25.478028537114753,11.672224794292458,
1637568900,18.2,19.59,17.35,19.16,23.28380426049588,20.23619573950412,20.484879600194745,15.629251371590573,25.87873380337106,11.63953421900332,
1637655300,20.24,20.91,19.03,19.37,23.28216196561088,20.237838034389114,21.53041636213252,16.35556439169246,27.43361162045914,11.71202835920011,
1637741700,19.17,20.96,18.52,18.57,23.25367932834482,20.266320671655176,21.818059121248055,16.46598442134585,27.70284172388647,11.6714518561549,
1637914500,26.62,28.99,23.88,28.61,23.72661768787108,19.99338231212892,21.288434396867853,16.006484083851756,26.7300327913449,11.516685796958617,
1638173700,25.31,25.69,21.71,22.97,23.827586812903554,19.892413187096444,29.42903088171962,17.347714041257234,38.72475456252947,11.323030290546264,
1638260100,26.23,28.56,23.71,27.2,23.877484386404245,19.842515613595754,29.159150527499083,18.308192825869362,31.98292988028377,11.80335533371138,
1638346500,24.92,32.61,22.38,31.13,25.884280633874628,21.455719366125376,32.386937022534326,19.163799196397083,37.13226993490068,11.722019685743682,
1638432900,29.44,30.68,27.15,27.94,25.911707850720084,21.428292149279923,37.363851821195155,19.570927419710678,40.98410522387802,10.801519946864342,
1638519300,26.95,35.32,25.89,30.66,27.4095320978596,22.640467902140397,37.73315261596752,20.25585688999541,37.73315261596752,11.617882316102978,
1638778500,28.99,30.82,26.75,27.19,27.425897640583543,22.624102359416455,41.349313090658455,22.045298429238557,41.349313090658455,11.05864526718122,
1638864900,24.58,24.69,21.58,21.9,27.52465347146197,22.525346528538027,37.46067539479859,21.450659149496694,37.46067539479859,11.795752437879756,
1638951300,21.74,23.11,19.85,19.89,27.540020420464426,22.509979579535575,31.426787968459674,17.927648595129046,31.426787968459674,11.563583701491874,
1639037700,20.31,22.12,19.94,21.57,27.530324404944775,22.519675595055222,30.095177353691263,16.426655966014625,30.095177353691263,11.264823840057602,
1639124100,21.27,21.3,18.69,18.69,27.558689263909674,22.491310736090327,31.486991336999445,17.510878869410394,31.719603289091935,11.470600291123494,
1639383300,19.29,21.18,18.96,20.3,27.571988230791042,22.478011769208955,28.759346586382648,15.3820471475289,29.301938942625092,10.978364823553282,
1639469700,19.67,23,19.67,21.88,27.57319723279587,22.476802767204127,30.341500372827078,15.70057242633957,30.926116437159344,11.226588517038225,
1639556100,21.6,23.47,19.02,19.32,27.602757861285596,22.447242138714405,32.079475623511655,15.575325584702615,32.60809098912349,11.438092476821845,
1639642500,18.56,22.13,18.19,20.56,27.588366995663446,22.46163300433655,29.082631584720527,14.305300532793748,30.182496169599993,11.598988543354276,
1639728900,20.7,23.26,20.49,21.58,27.503148288457925,22.546851711542075,30.623666138608755,14.401499344498632,31.549716146882027,12.323070118665473,
1639988100,25.89,27.39,22.85,22.86,27.504651516809552,22.545348483190445,28.332390727995808,14.515048823866309,32.74671037303933,12.608711617477468,
1640074500,22.28,22.68,20.9,21.02,27.47129050612558,22.578709493874417,29.823682135025447,14.595441456487926,34.241455054125325,12.96179037020504,
1640160900,21.04,21.36,18.59,18.62,27.474987953759555,22.575012046240442,24.62052466439351,13.907448861767914,32.3477071967379,12.425011249168888,
1640247300,18.81,18.93,17.62,17.95,27.472738565507537,22.57726143449246,22.422470249486025,12.705320701417183,29.916246996345137,11.60050305768863,
1640592900,19.37,19.41,17.55,17.69,27.466586624623957,22.58341337537604,22.048566123854275,12.241542727609438,29.25711062263533,11.322419362893577,
1640679300,17.78,18.47,17.51,17.53,27.36947805480062,22.680521945199377,21.8364211012681,11.980554135911188,29.015851569298135,11.199176329044878,
1640765700,17.63,18,16.71,16.94,27.369958734635652,22.680041265364345,21.673215406130183,13.010570460085603,28.874952750805644,11.115641881422944,
1640852100,17.3,17.79,16.62,17.32,27.36957270705767,22.680427292942326,21.184410221175305,14.827103594906548,28.227410038471525,10.850425483193487,
1640938500,17.63,18.27,16.99,17.21,27.35384095774014,22.696159042259854,21.416793913646657,15.10926754480306,28.69910045344414,11.47347894801913,
1641197700,17.6,18.54,16.56,16.61,27.33997574376858,22.710024256231414,21.28457639511067,14.880854095733081,28.597805393887587,11.306885334547554,
1641284100,16.57,17.81,16.34,16.91,27.330582246306673,22.719417753693325,20.739138301359617,14.362047471606779,27.899228686991034,10.933835391296554,
1641370500,17.07,20.17,16.58,19.72,27.38220899941881,22.66779100058119,20.274997362065953,14.35061240300769,28.284102027496058,10.935852621253012,
1641456900,20.29,21.06,19.08,19.62,27.371120336796917,22.67887966320308,22.951251663199994,15.39900952337923,31.668296246681457,11.937127389799453,
1641543300,19.85,20.8,18.57,18.75,27.372051095060367,22.67794890493963,22.860558970520014,15.239023378910007,31.603503986983842,11.812716875094981,
1641802500,19.58,23.33,19.29,19.41,27.366008259393162,22.68399174060684,20.968657053795734,14.845567553142748,30.60842454675941,11.39026527945901,
1641888900,19.62,21,18.2,18.4,27.371781338659353,22.678218661340644,21.531804851225065,14.953530547345675,31.44717917058975,11.577363197994023,
1641975300,18.17,18.69,17.36,17.61,27.367553980886655,22.68244601911334,20.930242485369806,14.48271780178598,30.249019422763553,11.09931487180118,
1642061700,18.06,20.61,17.45,20.3,27.38788234269643,22.662117657303572,20.33822920240062,14.848854221741423,29.28559429231217,10.701833724916792,
1642148100,20.11,22.07,19.05,19.18,27.392517754812882,22.657482245187115,22.890806584061174,17.162753385881707,32.665460062539324,11.746829089193445,
1642493700,21.18,23.2,21.18,22.78,27.45108677802047,22.598913221979526,21.8586565049195,17.18343156360662,31.320980449412733,11.237705329251217,
1642580100,23.12,23.99,21.85,23.84,27.450311777695013,22.599688222304987,25.527713175030296,18.0681997085657,35.780663149864225,12.632475885544434,
1642666500,23.46,25.89,21.68,25.58,27.457594147542956,22.59240585245704,26.68607208511437,18.573482996057123,37.119772252392764,12.985403309607038,
1642752900,25.38,29.79,25.31,28.84,27.478982029469574,22.57101797053042,28.549848268425443,19.35753325904844,39.43791970858181,12.76161077016749,
1643012100,28.2,38.94,28.02,29.89,29.467124474381553,24.202875525618452,31.990481805873724,20.49555477251745,43.76036091633647,12.108798372393988,
1643098500,32.29,35.85,29.13,31.17,29.468034498085405,24.201965501914597,33.17525038496264,21.327884321668158,45.203072997229825,11.856567585295082,
1643184900,29.35,33.04,26.9,31.95,29.46577924132894,24.204220758671067,34.600133100478956,22.15401211568208,46.947635294110874,11.566233656440254,
1643271300,32.19,33,28.42,30.48,29.46707500807704,24.202924991922963,35.665557950781015,22.828219928299582,48.04923149178559,11.399127195259286,
1643357700,30.27,32.82,27.28,27.65,29.488526742367572,24.18147325763243,35.853438446290724,22.606643517706303,46.218245994156774,11.696279694607718,
1643616900,28.36,29.41,24.71,24.82,29.51596660666676,24.154033393333247,34.485350105896266,22.131902274740476,42.53607908889261,12.083972963595416,
1643703300,24.57,25.33,21.96,21.96,29.550689460616706,24.119310539383296,33.313418886015896,21.532726782046524,38.88203991125094,12.245727321993943,
1643789700,21.56,22.73,20.46,22.08,29.54900919871961,24.120990801280392,31.68552167349231,19.461405021605135,35.04784450064858,12.00655929152515,
1643876100,22.63,25.81,22.3,24.34,29.556919545305977,24.113080454694025,32.0223494609216,20.327960905957084,35.03566984923369,11.985855786763628,
1643962500,23.77,26.26,22.07,23.2,29.68395800225932,24.206041997740684,34.112820560988844,19.628210014504724,38.20800604925222,12.044853154640485,
1644221700,24.09,24.82,22.02,22.85,30.272221259846138,24.697778740153865,32.83175855682656,18.743719670921028,36.6518520320807,11.961361029466499,
1644308100,23.09,23.48,21.32,21.43,30.27893084967601,24.691069150323994,32.643480044151666,18.11230310873346,36.1868557142296,11.864345342204327,
1644394500,21.27,21.3,19.93,19.97,30.288571952253097,24.681428047746902,29.203211369930195,17.198706998586083,34.20169216148605,11.615625179295115,
1644480900,20.37,24.77,20.18,23.9,30.349561003615854,24.620438996384145,26.996482513884242,16.236146178046997,32.13082643588083,11.016062838528663,
1644567300,24.39,30.99,23.33,27.35,30.37615910087101,24.59384089912899,29.647392522853373,17.461621762618645,37.74022072632668,11.722838587353115,
1644826500,29.17,32.04,28.33,28.33,30.360948726406146,24.609051273593852,30.441048456937565,18.04020613744465,42.60272450769264,11.727497838861865,
1644912900,28.09,28.09,25.33,25.69,30.38411180653799,24.585888193462008,30.420618757910383,17.637114417415717,43.15698975587554,11.685844283696024,
1644999300,25.19,27.09,23.88,24.28,30.530117222235067,24.689882777764932,29.161713675714513,17.61880613608853,39.07015959977629,11.639969372005712,
1645085700,24.83,28.37,24.76,28.1,30.600289116174768,24.679710883825233,30.017768357537843,16.953644989994768,36.85230965830585,11.5328003441253,
1645172100,26.66,29.71,26.38,27.74,30.60031692624392,24.67968307375608,33.73796260099598,17.588945171232375,41.81441745695677,11.620823529538505,
1645517700,31.8,32.04,28.4,28.8,30.60194077415157,24.678059225848433,33.85908391563539,18.665476301075316,41.3163978550182,11.593976468536152,
1645604100,28.04,31.07,27.2,31.01,30.60347408933635,24.676525910663656,35.2209404595376,20.539471225364867,42.836238959148,11.589001577727444,
1645690500,37.5,37.79,29.45,30.31,30.60531496948453,24.674685030515473,37.72956124688922,22.562580680025675,43.842781845663666,11.576765849151997,
1645776900,31.68,32,26.93,27.57,30.621428329524882,24.65857167047512,37.312703363896745,22.41232772821,43.2579674983021,11.577157915848815,
1646036100,32.44,33.51,28.43,30.14,30.23797814954535,25.042021850454656,34.786073043602755,21.19806267584427,40.28602473855068,11.499917147154587,
1646122500,29.45,35.19,29.44,33.32,30.14215295603985,25.13784704396015,37.57808950085744,24.04384399152631,43.392253266677585,11.564210521725915,
1646208900,34.2,34.41,30.12,30.73,30.093054812933534,25.186945187066467,41.17443804188214,27.098634597232188,47.192938409264364,11.956649371964804,
1646295300,30.52,32.01,29.31,30.49,30.048349663930008,25.231650336069993,38.63778962783768,25.53498748495756,44.36976326980185,11.870565172767979,
1646381700,31.9,34.65,31.47,31.97,30.023745466823847,25.256254533176154,38.57157706641951,25.41297018614387,44.222689037784406,14.357181688436512,
1646640900,35.88,36.55,32.59,36.44,30.044792528850465,25.23520747114954,36.59299118382336,26.4435137754609,46.11234481401927,16.9382904475375,
1646727300,36.19,37.52,32.78,35.12,30.010174911514138,25.269825088485867,40.53155977131239,29.50794491994466,51.52270624757425,17.540654725002355,
1646813700,33.74,34.12,31.39,32.44,29.900388135925063,25.379611864074942,39.723601892281266,28.69602724956597,50.14410813891673,17.42913433264908,
1646900100,33.03,34.03,30.23,30.23,29.887959479506776,25.392040520493225,37.691196463623804,28.333160643070464,47.0708429861855,17.02485826599691,
1646986500,30.43,31.04,28.84,30.74,29.873060297045505,25.406939702954496,37.203112748999835,26.815530458519813,44.46848045064249,16.58129881262193,
1647242100,31.03,33.18,30.06,31.76,29.812660882369066,25.467339117630935,37.30719952057446,27.170347966116818,45.19881259900274,16.67684901696105,
1647328500,33.13,33.83,29.57,29.84,29.810335684503826,25.46966431549618,38.16815991697678,27.908842471524526,46.56809935402888,16.8938708829615,
1647414900,29.02,29.8,26.29,26.64,29.835308561420085,25.44469143857992,36.98304167463076,26.495317104715504,44.243608266338626,16.434759739154018,
1647501300,26.51,27.47,25.25,25.66,29.794207875634285,25.485792124365712,34.49283938567789,24.047162817025466,40.20149705134122,15.5449008845801,
1647587700,26.36,26.82,23.85,23.86,29.80080268165836,25.47919731834164,33.60710921929852,23.513630538640587,38.969861499129934,15.208646843972156,
1647846900,25.14,25.36,22.99,23.52,29.795452355073174,25.484547644926824,31.894825668959893,22.54222076316612,36.80933658935443,14.582311030039362,
1647933300,24.02,24.02,22.7,22.95,29.7881233226201,25.4918766773799,29.92875866874548,22.088979569757807,36.43617461081113,14.414195348393594,
1648019700,23.04,24.03,22.64,23.56,29.769527312333903,25.5104726876661,28.296943565989167,21.35701556572209,35.76461006510873,14.163038785427755,
1648106100,23.61,23.79,21.49,21.68,29.746787599034388,25.533212400965613,28.827203173430668,20.842520846595573,36.5764597207342,14.328417490955022,
1648192500,21.87,22.86,20.8,20.8,29.74792948745167,25.532070512548334,26.530599139025046,19.618329781018485,34.27860202442667,13.593456859024998,
1648451700,22.14,23.33,19.54,19.62,29.75760816734059,25.52239183265941,24.2392314081419,18.763866324791845,33.61206133257937,13.202728758444614,
1648538100,19.7,19.73,18.67,18.91,29.761484490867083,25.51851550913292,22.00226798698716,17.788650623539183,32.61215758963143,12.67765166229443,
1648624500,19.38,20.51,18.72,19.34,29.759042155191633,25.520957844808365,21.20848811474986,17.067169955346607,31.97955693015193,12.329913046409839,
1648710900,19.68,21.48,19.54,20.57,29.76794738651947,25.512052613480527,21.52892637482052,17.006432294318824,32.42557118331979,12.457844050497794,
1648797300,20.62,20.86,19.41,19.62,29.77475212960563,25.50524787039437,22.641528761136563,17.436146060868133,33.54168741970743,12.916149048637763,
1649056500,20.75,20.78,18.45,18.58,29.779802686740297,25.500197313259704,20.847765655464674,16.708635362329755,32.499651418166756,12.479573859031781,
1649142900,18.79,21.57,18.55,21.04,29.95019616664317,25.569803833356822,20.065702915161708,15.92234691983423,31.450940388056047,11.991467130015298,
1649229300,21.27,24.78,21.24,22.09,30.31153487038947,25.98846512961053,21.912087357968282,16.343676306514794,33.97550413594949,12.983564099800471,
1649315700,21.97,23.82,21.12,21.56,30.313359128502118,25.986640871497876,22.864658927217775,17.001575876784862,35.04613435563155,13.372727437453412,
1649402100,21.25,22.34,20.28,21.17,30.30807140126665,25.99192859873335,22.56624222227956,16.980816632660257,34.576169287201076,13.12412077876933,
1649661300,23.09,24.42,22.09,24.36,30.359672054313748,25.94032794568625,22.71444008986772,17.270393171649733,34.22615827120048,12.929838286829556,
1649747700,24.94,25.38,22.27,24.27,30.3504317170982,25.949568282901797,26.06930009475613,18.046872074519257,37.0516857593421,14.182843429792795,
1649834100,23.52,24.45,21.37,21.81,30.42735473413025,25.96264526586975,26.308377157210224,18.09496648938034,36.99570749848856,14.12350834203699,
1649920500,21.72,22.7,20.85,22.7,30.914328567395582,26.47567143260442,25.220407055153085,17.46375405013728,34.18461943360202,13.102648381878693,
1650266100,24.52,24.6,21.98,22.16,30.90614499899457,26.483855001005434,26.00698628089642,18.710263310094177,35.25377717296551,13.443070308975154,
1650352500,22.55,22.92,20.36,21.38,30.82166636833857,26.56833363166143,25.992928388537525,19.097452468870856,34.6356326583309,13.193959262057424,
1650438900,21.13,21.32,19.75,20.31,30.82235360378695,26.567646396213053,25.67035930723156,19.067004615880123,33.711104956493415,12.839449120794855,
1650525300,20.24,23.28,19.81,22.67,30.84465485474811,26.54534514525189,24.989212763044137,18.2832448564229,32.40372765855325,12.351984565911366,
1650611700,22.71,28.27,22.62,28.2,30.944134732744157,26.445865267255844,26.93100948053344,19.92023067955224,35.307168470078004,13.178889709248805,
1650870900,30.04,31.6,26.8,27.01,30.325275930883535,25.914724069116456,31.312750707987696,19.976493136151674,41.85176220099504,13.206408013941537,
1650957300,27.38,33.81,27.06,33.51,30.449334944915385,25.79066505508461,30.716904028245004,20.239343412762967,40.53599356315276,13.098394655814001,
1651043700,31.11,32.77,29.82,31.59,30.457273692283803,25.782726307716192,36.81430569777976,21.00507522367785,47.99357058103848,12.54338330032472,
1651130100,29.91,32,28,29.98,30.458657414443405,25.78134258555659,36.37644435348716,21.367737991443246,45.94243554375631,12.818169831288142,
1651216500,28.97,34.34,28.54,33.39,30.46281015017072,25.777189849829277,37.20875106076923,21.417019696869893,44.176335617487524,12.843647739147208,
1651475700,33.35,36.64,31.74,32.33,30.432716109904014,25.80728389009598,40.62390233320857,22.459495984038426,48.16692399374186,12.435245695631973,
1651562100,31.76,32.82,29.06,29.24,30.418866378817285,25.821133621182714,41.00379688666871,22.529562697056996,47.04616352128349,12.537207089194052,
1651648500,29.12,29.42,24.94,25.41,30.474614720515735,25.76538527948426,39.145464877442436,21.787684707529003,43.50072629185077,12.63389011366559,
1651734900,25.97,33.2,25.78,31.19,30.55801902096464,25.68198097903535,35.85652762708437,20.494988506027155,38.89823503593641,12.316638903771288,
1651821300,32.23,35.34,29.83,30.2,30.554443052292598,25.685556947707397,41.94232482163263,24.477780537968627,45.94180798505384,12.491576135386588,
1652080500,31.9,35.48,31.9,34.73,30.599459035130344,25.64054096486965,41.32832783213462,23.77147884586486,44.82423538578513,12.49613168756576,
1652166900,33.66,34.84,32.24,32.98,30.595377413690713,25.644622586309282,46.38735124785621,24.292208253802567,46.38735124785621,12.095263338015009,
1652253300,32.87,34.39,30.69,32.55,30.581024351431658,25.658975648568337,44.926005234952136,24.14734263846835,44.926005234952136,12.227631710017672,
1652339700,33.74,34.76,31.7,31.76,30.505496039399024,25.73450396060097,44.7547351666273,23.97115456186053,44.7547351666273,12.22256213563309,
1652426100,31.09,31.2,28.78,28.86,30.48495168964994,25.755048310350055,42.03018047476634,23.615760414382507,44.11327308009803,12.22480632753641,
1652685300,30.01,30.23,27.36,27.46,30.48830272011673,25.751697279883267,36.302937178479475,22.240275409326042,40.925256135485576,12.172012357863487,
1652771700,27.07,27.17,25.51,26.11,30.469637712835606,25.77036228716439,35.24122262440824,21.42461137974299,39.369526137254255,11.983854161530942,
1652858100,26.74,31.49,26.21,30.95,30.53497101605212,25.705028983947876,34.0318403445767,20.584363185609302,37.803239777774095,11.767656658394824,
1652944500,31.24,33.11,29.06,29.36,30.488623706606372,25.751376293393623,38.78938767497064,23.039115310618147,43.8400127148547,12.084599348912345,
1653030900,28.78,32.91,28.06,29.42,30.48812970775056,25.751870292249436,37.376882907652686,22.150607032850786,42.00054498042409,12.023172803485853,
1653290100,28.98,30.39,28.29,28.47,30.487397982250812,25.75260201774918,37.534862406729275,22.12980317313179,42.16932578672349,11.97895593073109,
1653376500,29.43,31.07,29.04,29.44,30.47574642960908,25.764253570390913,36.618704403495485,22.095562188220303,41.05355680027687,11.87638940197083,
1653462900,29.33,30.23,28.16,28.38,30.331550201145337,25.63844979885466,37.710159642882324,23.694803036646547,42.359951251089704,11.89337563419054,
1653549300,28.42,28.46,27.11,27.49,30.310547391177792,25.659452608822207,36.62020947115717,23.14883134019624,41.071510990822844,11.79039588734316,
1653635700,27.5,27.54,25.57,25.71,30.30019959884587,25.669800401154127,31.96253815592768,22.61365060219153,39.97485625762038,11.632067241597381,
1653894900,26.16,26.81,26.08,26.53,30.274557389283984,25.695442610716018,30.13171922220315,21.688857376880517,37.685772870372446,11.318594254439551,
1653981300,27.47,28.35,25.94,26.18,30.258334369800913,25.711665630199086,30.99450896831264,21.81948164589803,38.80183387515087,11.41044475504217,
1654067700,26.05,27.73,25.38,25.68,30.25901801829013,25.71098198170987,30.62502048286054,22.037390177130835,38.37234712838748,11.315070005308344,
1654154100,25.73,26.5,24.33,24.71,30.255326632883584,25.71467336711641,30.085769787097817,21.642033606545013,37.78447702352724,11.7918627464885,
1654240500,24.91,25.96,24.76,24.8,30.204350103179586,25.765649896820413,29.025530993608918,21.110016646008386,36.76672016088691,12.94330314853283,
1654499700,25.37,25.81,24.82,25.06,29.727497966145318,25.362502033854685,29.115552432789464,22.81790669150439,36.927910804250104,13.090718215308526,
1654586100,25.54,26.24,23.88,24.03,29.71598747128882,25.37401252871118,29.395040012979532,23.010580892567226,37.283328914523835,13.134340175563057,
1654672500,24.37,24.78,23.74,23.95,29.703752785859326,25.38624721414068,28.249402995968385,22.238349648639012,36.14157808171044,12.798756564784018,
1654758900,24.29,26.24,23.82,26.08,29.724326987279895,25.36567301272011,25.097451062862373,22.05346680298277,36.09194029259365,13.832122039980437,
1654845300,26.26,29.63,26.05,27.74,29.732271347199386,25.357728652800617,27.129672389256726,23.33696080138905,38.63856811524454,16.80269185864153,
1655104500,31.37,35.05,31.29,34.03,29.834219333006928,25.25578066699308,28.720852680828205,23.37654625966215,40.69531571775242,18.351784335238982,
1655190900,33.01,34,32.06,32.67,29.80352392337772,25.28647607662228,34.76540940163564,23.13268559047697,49.22103099325858,21.992992452566252,
1655277300,32.39,32.77,27.76,29.61,29.82634428275164,25.263655717248362,36.00939992403694,23.43327232105576,47.43609874286207,22.2189951540694,
1655363700,30.35,34.82,30.35,32.94,29.838830331294734,25.25116966870527,36.242280940314586,23.747180674089208,43.32033753183728,21.661016251546535,
1655450100,32.84,33.31,30.47,31.12,29.84781894652843,25.242181053471572,39.261662451064396,24.82446574241189,47.880020696366394,22.067870566521513,
1655795700,30.63,30.65,29.33,30.2,29.84872573390638,25.241274266093626,38.55888935090317,25.453200180752383,45.43796582980344,22.131785126074153,
1655882100,31.45,31.57,28.78,28.94,29.853042083646045,25.23695791635396,38.18251124667472,25.28428971120836,44.20753145520301,22.03188278818118,
1655968500,29.29,29.77,28.74,29.04,29.833158720494332,25.25684127950567,37.2801809454064,25.20329553476437,42.510026217683375,21.371712805358026,
1656054900,29.07,29.72,26.83,27.26,29.839672992181317,25.250327007818687,37.56214823614672,25.824360376035948,42.692757000664585,21.428790117958833,
1656314100,28.3,28.66,26.93,26.96,29.829862415980116,25.260137584019887,35.87331618895509,24.97902411135047,40.58688563591021,20.240253267732296,
1656400500,26.9,28.68,26.47,28.35,29.830308336041778,25.259691663958225,35.63243009398119,24.604304958531458,40.26426982778649,20.029366000947658,
1656486900,28.8,29.36,27.85,28.15,29.830073136751427,25.259926863248577,37.205205416283185,25.44108432836187,42.02412396362927,20.94665911503239,
1656573300,29.42,30.22,28.28,28.7,29.8222818712585,25.267718128741507,37.06369993898866,25.204374934322626,41.82788128023822,20.805097790853146,
1656659700,29.53,29.59,26.69,26.71,29.830670251892993,25.259329748107007,37.74303721988839,25.46502313189136,42.277046617193925,21.16470871573042,
1657005300,27.37,29.82,27.3,27.53,29.876899942968027,25.313100057031974,33.73182340300017,23.989102472866954,39.51066706405503,19.82164542572711,
1657091700,27.84,28.07,26.43,26.72,30.491009311565882,25.898990688434115,33.17017241062778,24.53337422683173,40.670987859233406,20.36536390722683,
1657178100,26.73,26.79,25.66,26.07,30.487450274474917,25.902549725525084,29.778787143483903,23.863997322429196,39.54636731471722,19.81073317066849,
1657264500,26.41,26.61,24.43,24.65,30.494863665091085,25.895136334908916,29.085526343060515,23.48112387155232,38.64190072870026,19.361729622596968,
1657523700,26.42,26.74,25.79,26.16,30.50246468937211,25.88753531062789,27.578369025714007,22.536811741736628,36.746136488038516,18.385296551290843,
1657610100,27.14,27.75,25.82,27.28,30.454289748805014,25.935710251194983,28.05879107108218,23.218345519693756,38.78614121925991,19.40618503456067,
1657696500,27.35,29.06,26.23,26.81,30.45522370030031,25.934776299699696,28.889601093677108,24.035411879951,40.3751074428657,20.160261017331738,
1657782900,27.47,28.45,26.2,26.41,30.422551956464375,25.96744804353563,28.527568526796355,23.87312896049428,39.721198725568144,19.833958104793815,
1657869300,26.72,26.72,24.13,24.22,30.440629026781608,25.949370973218393,28.19784414096477,23.612564713232736,39.16405311767362,19.55438607167811,
1658128500,24.83,25.91,24.38,25.32,30.44393545136274,25.946064548637263,26.845840301804575,22.59093785445207,36.28986736186738,18.045366610772504,
1658214900,25.12,25.41,24.23,24.49,30.443419692812014,25.94658030718799,27.660522569675145,22.910434128947973,35.56069870435021,18.793933226022503,
1658301300,24.23,24.73,23.4,23.87,30.46990585505639,25.98009414494361,27.018286677469625,22.383285692530425,33.03203291035007,18.21553894206134,
1658387700,24.07,24.67,22.92,23.1,31.95510020833131,27.3048997916687,26.48174911932752,21.930673628574866,32.26347140740317,17.77996901129445,
1658474100,23.3,23.81,22.41,23.04,31.692895753664438,27.35710424633556,25.775187792972474,21.376805033616233,31.300785081089412,17.23900035418066,
1658733300,24.33,24.57,23.19,23.35,31.688523879013278,27.36147612098672,25.686972182448322,21.222179482423723,31.222605622091066,17.18962034458441,
1658819700,23.95,25.31,23.82,24.68,31.540937299787714,27.509062700212287,25.947169745802697,21.593823389833506,31.609582788228856,17.39744096296587,
1658906100,24.27,24.41,23.02,23.23,31.541519635838615,27.50848036416138,27.176979652405578,22.305567514669537,33.27997632875904,18.312547811101524,
1658992500,23.33,23.54,22.22,22.32,31.436535356597492,27.423464643402507,25.79703084575503,21.48437492433502,31.45455951236025,17.621963042325554,
1659078900,22.13,22.16,21.21,21.32,30.85862624230343,26.99137375769657,24.89933838875938,20.76344718592353,30.29925371034247,17.00972814004907,
1659338100,22.41,23.27,22.26,22.85,30.256756064822152,26.433243935177842,23.893916112799282,19.889414930813558,29.29364553828396,16.332794560394596,
1659424500,24.08,24.68,22.67,23.94,30.234467730196066,26.455532269803932,24.48426862181661,20.977148766137216,30.966143259796,17.320835171381663,
1659510900,23.86,23.92,21.68,21.94,30.19419131625476,26.49580868374524,25.324046003408732,20.7483466860349,32.350314143377695,18.016057323051832,
1659597300,22.06,22.66,21.44,21.44,30.03807413172168,26.651925868278315,23.768354594721686,20.02010239547985,29.798786096714124,16.68852403178203,
1659683700,21.5,22.58,20.76,21.14,29.797275583518633,26.442724416481358,23.484893764277498,19.595459801229985,29.15390440832296,17.201397345285855,
1659942900,21.74,22.01,20.83,21.28,29.48847283849793,26.32152716150207,23.66192903263491,19.27359658941867,28.76380837080974,17.087779944274352,
1660029300,21.41,22.23,21.41,21.76,29.484128102584965,26.325871897415038,23.759781363395195,19.217136202714673,28.939161299366166,17.537544812054584,
1660115700,22.28,22.34,19.54,19.73,28.870629344471592,25.719370655528405,24.15509230218359,19.397480534246313,29.552773898960282,18.136084623912936,
1660202100,19.84,20.85,19.71,20.19,28.873060308142648,25.716939691857345,22.39910242938432,18.04709384879041,26.94848336839092,16.881124219721748,
1660288500,20.34,20.35,19.12,19.52,28.62392125338832,25.546078746611684,22.774459628286856,18.248809068739668,27.527376763390265,17.127098608639677,
1660547700,20.74,21.16,19.81,19.94,28.6193061459442,25.5506938540558,22.126823863736995,17.719868689479437,26.664603489052432,16.67947266323968,
1660634100,20.23,20.39,19.5,19.68,28.611650691838793,25.55834930816121,22.49375527881069,17.933081596336297,27.194534637659117,17.254167489730605,
1660720500,19.74,20.63,19.41,19.91,28.49009691556029,25.679903084439715,22.223552465546575,17.690951487103668,26.854956414207923,17.050528687596806,
1660806900,20.51,20.61,19.43,19.57,28.481754048098296,25.688245951901703,22.42725694389506,18.061007733405937,27.143163315562795,17.18715508902428,
1660893300,20.16,21.27,20.08,20.59,28.49489551878669,25.67510448121331,22.07770965130021,17.757154171228144,26.70060074473375,16.928209977505514,
1661152500,22.41,24.62,22.39,23.81,28.581239212089855,25.588760787910147,23.07213365431214,18.040223306514207,28.009481576865184,17.692306132468886,
1661238900,24.13,24.21,23.07,24.1,28.57693476604129,25.593065233958715,24.854210088047015,19.024197906654926,32.18204903778367,17.91730726437721,
1661325300,24.37,24.86,22.73,22.83,28.582661409505544,25.587338590494458,24.784816195617562,19.095304171094,32.55702647872524,17.75098763125732,
1661411700,22.41,23.13,21.77,21.79,28.586750086993586,25.583249913006412,25.03929418841569,19.55448985204603,30.911479409442265,17.675704092504983,
1661498100,22.07,25.9,21.67,25.55,28.668703420757332,25.501296579242673,25.12662713383513,19.41536343688662,29.558682339022937,17.530885151941558,
1661757300,26.86,27.67,25.47,26.2,28.667392392730235,25.502607607269766,28.28967626896087,20.630778724703077,34.43492984700223,17.255533550073704,
1661843700,25.75,27.69,25.13,26.2,28.666752452289185,25.503247547710817,29.153982235262166,20.98833176380141,35.277354909856896,17.06694455392907,
1661930100,25.86,26.62,25.31,25.86,28.666008769578212,25.50399123042179,29.42698775987672,21.150497527335336,35.27956593098194,16.966407873722417,
1662016500,26.88,27.45,25.25,25.55,28.66101424589396,25.508985754106043,29.329756098297093,22.646743223631486,34.84131817973951,16.90855391110145,
1662102900,25.51,26.28,23.19,25.46,28.661036494344557,25.508963505655444,29.19802828568436,22.54905835523327,34.44104002055856,16.841307318489644,
1662448500,25.46,27.8,25.33,26.9,28.67152798896573,25.49847201103427,29.234942735028937,22.545214962882717,34.32560866935529,16.752169851735957,
1662534900,26.93,27.15,24.54,24.63,28.69368887258228,25.476311127417723,30.749025815896346,23.53048718681386,34.02962531135977,16.5288032515054,
1662621300,24.7,25.9,23.56,23.6,28.70026229425943,25.469737705740567,28.76619010563654,22.041107058689672,29.71237366164217,16.602316178344772,
1662707700,23.49,23.57,22.64,22.78,28.677408221384123,25.49259177861588,28.276037071515724,21.312007139976828,28.276037071515724,16.49392237388401,
1662966900,23.58,24.23,23.16,23.86,28.67106312018577,25.49893687981423,27.81168923263965,20.698533437190143,27.81168923263965,16.4636664255315,
1663053300,23.67,28.15,23.53,27.28,28.458094778435854,25.48190522156414,28.202394293001234,21.49258851408573,28.752413401418362,16.455968022804917,
1663139700,26.73,27.56,26.16,26.16,28.45842852564956,25.48157147435044,31.286281178852555,22.515279117155984,31.563797401978388,16.348873607043835,
1663226100,26.1,26.93,25.42,26.25,28.422680264235634,25.517319735764364,30.24588340913783,22.175937985163955,30.839839589725003,16.83520759825634,
1663312500,27.47,28.45,26.14,26.31,27.580176037847995,24.849823962152012,30.38978622222208,22.16129097220943,31.06866207846771,17.063536439226127,
1663571700,27.69,27.95,25.56,25.75,26.65504000335898,24.03495999664102,30.49789957333123,22.154943741015156,31.260980796744267,17.39962190647645,
1663658100,25.65,27.81,25.61,27.15,26.663929244627617,24.026070755372384,29.340073203760884,21.84425436619775,30.907279030389184,17.32730725257544,
1663744500,28.03,30.18,25.55,27.98,25.950987068314358,23.389012931685645,30.6830215410619,22.561146190471067,32.24321781401133,17.49234742308622,
1663830900,28.16,28.38,26.71,27.34,25.95281013223865,23.387189867761354,31.585758037803185,23.028130982457142,33.09921126302074,17.56905174714651,
1663917300,27.68,32.31,27.58,29.91,27.06772495673786,24.362275043262144,31.16001202010613,22.684012633440826,32.65057600136309,17.488102329502205,
1664176500,31.74,32.88,29.83,32.25,27.38788211928791,24.61211788071209,33.672943960666984,24.205557829230536,35.08404128406424,17.74569595627945,
1664262900,31.2,34.14,30.3,32.59,28.042709664236295,25.21729033576371,36.02532999035035,25.635106049131267,37.33528460497479,17.77024891951503,
1664349300,34.5,34.88,30.03,30.19,28.456499505313236,25.543500494686768,36.51982557980274,25.921461255009152,37.78932412262138,18.48528701987454,
1664435700,31.67,33.46,31.16,31.83,28.46573159671159,25.534268403288415,34.324324968732405,27.013358135170748,35.72634450730973,18.401703730715344,
1664522100,31.61,33.25,29.39,31.61,28.44427529379626,25.55572470620374,36.04688315033634,28.356147795038783,37.379623097767926,18.890175727484866,
1664781300,33,33.06,29.63,30.09,28.45162379800742,25.548376201992582,35.92767730922357,28.35264190145131,37.29613183549942,18.904706181888024,
1664867700,29.52,29.62,28.56,29.06,28.452958051825465,25.547041948174535,34.5193769165709,27.510373311166397,35.94613981909331,18.722150759717355,
1664954100,29.36,30.11,28.5,28.56,28.45166132528335,25.54833867471665,34.00357471743275,26.89285362172159,35.025307848385054,18.566953473617076,
1665040500,28.6,30.74,28.56,30.53,28.45451989809986,25.54548010190014,33.808888477562355,27.00362213642624,34.60266272648904,18.484316497854422,
1665126900,30.37,32.02,29.88,31.35,28.444037281043972,25.55596271895603,35.402373142849974,28.20878503606267,36.64220586976891,19.200858160855844,
1665386100,32.93,33.99,32.05,32.46,28.442005738071572,25.557994261928428,36.20313591251294,28.123930254826817,37.54219971524991,19.71314897604522,
1665472500,33.56,34.43,32.45,33.62,28.4444007600923,25.5555992399077,37.26057771119801,28.261826966139168,38.73681111161308,20.95500230865043,
1665558900,33.54,34.53,33.11,33.58,28.443090117101143,25.55690988289886,38.10344206954093,28.554550700326207,39.98718899574455,21.305599631642195,
1665645300,33.6,33.87,31.63,31.93,28.421880230380502,25.5781197696195,38.140119210364,28.599375135948502,40.03744444864203,22.16242359705501,
1665731700,31.89,32.98,31.14,32.01,28.415245774133695,25.584754225866305,36.54757695310693,28.041928208727864,38.44033539361488,22.025917751850653,
1665990900,32.27,32.59,30.7,31.36,28.412020715322036,25.587979284677964,35.14530207019725,28.05002865134207,38.5929454608685,22.101121178773543,
1666077300,31.1,31.93,30.42,30.51,28.41247916966982,25.58752083033018,35.00876615275522,27.737599251959217,38.02081527584317,21.882838135824613,
1666163700,30.94,31.9,30.76,30.76,28.406920994398916,25.593079005601084,34.591005631784654,27.28759610966594,37.48465419912637,21.567585328286704,
1666250100,31.3,31.32,29.76,29.97,28.410512151949455,25.589487848050542,34.864331027888284,27.72606854731791,37.823955269158645,21.704513290504305,
1666336500,30.21,30.44,29.24,29.68,28.41092310951434,25.58907689048566,34.33334570523006,27.202406129279854,37.416839074066324,22.48674915793644,
1666595700,30.65,30.95,29.78,29.84,28.399813158123425,25.600186841876575,34.14066349998667,27.04244622238035,37.4004307338249,22.354981735437526,
1666682100,29.8,30,28.22,28.47,28.393425901370833,25.606574098629167,34.304778610985885,28.315971600155894,37.66998414272765,22.465579994139034,
1666768500,28.44,28.52,27.27,27.27,28.394577432417755,25.60542256758225,33.13952903667525,27.557751436021007,36.85915689107813,21.728292120525698,
1666854900,27.51,27.67,26.94,27.4,28.38441416437972,25.61558583562028,32.10579349181459,26.46361793417537,36.08846802639845,21.063342053302648,
1666941300,27.43,27.59,25.75,25.75,28.383690088372543,25.616309911627457,30.79938985376231,26.526080846226744,36.29306511751155,22.804017798240263,
1667200500,26.91,27.07,25.84,25.89,28.375247897661353,25.624752102338647,28.532862048530774,25.022305612565038,35.06665423013528,21.558054833476984,
1667286900,25.96,26.35,25.66,25.82,28.341484635401137,25.658515364598866,27.614508532274552,25.01438044675527,35.25822032751735,21.662175389740156,
1667373300,26.04,26.62,25.39,25.85,28.33861528831544,25.66138471168456,27.025049869730477,24.504516917915176,35.27275547057516,21.60694902499136,
1667459700,25.98,26.87,25.1,25.29,28.340025822782664,25.659974177217332,26.834000539367405,24.159597079935253,35.36863457845208,21.627919868722525,
1667546100,25.63,25.71,24,24.56,28.34432837677406,25.65567162322594,26.329444545339243,23.653868738165,34.94577439593685,21.197193980252223,
1667808900,25.67,25.67,24.34,24.34,28.343081081258763,25.656918918741237,25.65401608954227,23.065077428778668,34.34744955738344,20.633003600271046,
1667895300,24.71,26.16,24.24,25.53,28.30742435342083,25.69257564657917,25.37074252628773,22.735417796372534,34.193832797618356,20.459600555661357,
1667981700,25.34,26.35,25.02,26.08,28.30714670979225,25.69285329020775,26.17630083274732,23.21469717140139,35.33545284778643,21.37477485934222,
1668068100,26.51,26.59,22.84,23.52,28.503041450607746,25.78695854939226,26.484606618925792,23.406240093693064,35.89454766386233,21.797028744247392,
1668154500,23.89,23.91,22.37,22.53,28.51038933920286,25.779610660797147,25.71330539127855,21.77517365287244,33.536496185579765,19.81154107206092,
1668413700,23.99,24.33,22.86,23.72,28.519610967654017,25.77038903234599,25.224669290069002,21.017586862096213,32.76460989790009,19.034168139998222,
1668500100,23.77,26.22,23.18,24.53,28.53374997524731,25.77625002475269,25.602624493540436,21.67517404211224,33.336272425060685,19.95941185444516,
1668586500,24.29,24.72,23.99,24.1,28.875333482067205,26.0846665179328,26.160158957031793,21.95656645977294,33.53678170856227,20.58779442234476,
1668672900,24.05,25.18,23.81,23.94,29.700901899257484,26.84909810074252,25.83228059698841,21.33480880185156,33.211676747654394,20.249355672262695,
1668759300,24.03,24.12,22.98,23.11,29.61121823259207,26.938781767407935,25.69217449777364,21.120307610904106,33.10023244761551,20.121143533216838,
1669018500,24.05,24.12,22.3,22.37,29.615194655378566,26.934805344621438,24.971998819532672,20.526829394116312,32.407207667045526,19.466767876026083,
1669104900,22.59,22.71,21.28,21.3,29.408520275202463,26.75147972479754,24.325691958904805,19.954957343922377,31.252519362114043,18.88031181077148,
1669191300,21.49,21.78,20.32,20.34,28.905598118622315,26.294401881377688,23.453202060305557,19.141681614872642,30.198290224523973,18.03020778774538,
1669364100,20.61,21.11,20.46,20.51,28.779266078074794,26.42073392192521,22.61466547533404,18.375051994935095,29.23290889410986,17.263206078525208,
1669623300,22.09,22.5,21.65,22.21,28.809849392370804,26.390150607629202,22.68249280618758,18.404893727238925,29.385852273340106,17.393117398269695,
1669709700,22.09,22.57,21.83,21.9,28.810452448177756,26.389547551822247,24.162483923641886,19.554795253164503,31.08010315872466,18.73782564640539,
1669796100,21.7,22.63,20.31,20.57,28.822259246497676,26.36774075350232,23.875504187597528,19.284114787695824,30.763264985593118,18.488263052904458,
1669882500,20.83,21.06,19.8,19.83,28.560829922316007,26.119170077683997,22.631486569794184,18.25760333575331,29.399167772494046,17.42631365248607,
1669968900,20.42,20.96,18.95,19.07,28.12262021676872,25.70737978323128,21.905959948908876,17.652838983487168,28.61556784906272,17.652838983487168,
1670228100,20.3,21.29,19.78,20.76,28.143591284603144,25.686408715396855,21.157101611450603,17.697196519442976,27.79159801601511,17.025897323257517,
1670314500,20.69,22.6,20.38,22.16,28.13124487176798,25.69875512823202,22.752096314366266,18.452839594379206,29.554809411748742,18.279576458700504,
1670400900,22.32,23.01,22.18,22.67,28.125770171808313,25.704229828191682,23.67965103263761,18.510516793649913,30.333255923007744,18.32182138821103,
1670487300,22.81,23.28,22.06,22.28,28.121338223033913,25.708661776966085,24.1914705094977,18.392240740688965,29.565503189540262,18.064630007937655,
1670573700,22.55,23.21,22.18,22.82,28.113708650642145,25.716291349357853,23.849239193017603,18.347305757780134,29.157070663871618,17.899816186323076,
1670832900,24.4,25.05,24.18,25.01,28.066577617466237,25.763422382533765,24.608268130755775,18.35887156991092,29.686586484154386,17.648306486954354,
1670919300,25.24,25.84,21.46,22.54,28.10981511851807,25.720184881481927,26.550542223313116,19.018724522132022,31.877595798797874,17.175545386522327,
1671005700,22.83,23.47,21.07,21.13,28.127801036919003,25.702198963080995,25.42210847228157,18.851507511957816,29.374576728892162,17.309145959339478,
1671092100,21.52,23.67,21.25,22.84,28.15814215581845,25.671857844181552,25.23400100618942,18.260335766334926,27.0337740333993,17.18286764646361,
1671178500,23.26,23.83,22.09,22.63,28.156639014372377,25.67336098562762,26.286434532925917,19.16201537146551,28.51010109510307,16.959147240368278,
1671437700,22.63,22.86,21.61,22.41,28.14254253446935,25.68745746553065,26.44232450745336,19.059467141162003,28.280647041706203,16.81512125817024,
1671524100,23.17,23.39,21.35,21.47,28.144416708710168,25.685583291289827,26.513897194167484,18.940555700190032,26.56124649415693,16.672073124065975,
1671610500,21.25,21.29,19.94,20.06,28.16146353573925,25.668536464260747,26.01926174959327,18.584341563555565,26.01926174959327,16.52419866337872,
1671696900,20.08,24.3,20.01,21.98,28.162840249057894,25.667159750942105,25.030872708043162,17.94230171278909,25.030872708043162,16.30280536167369,
1671783300,22.17,22.64,20.78,20.86,28.142187855062133,25.687812144937862,26.602286262992013,18.984209210058577,26.602286262992013,16.25025610326165,
1672128900,21.67,22.8,21.59,21.64,28.14961176293447,25.680388237065525,25.767784627293665,18.18446712943282,25.767784627293665,16.067506391698352,
1672215300,21.47,22.26,20.96,22.13,27.946902899878893,25.53309710012111,25.370935550338075,18.618288752083664,26.4819324151189,15.978476220135263,
1672301700,22.25,22.31,21.36,21.43,27.93405274724718,25.545947252752825,24.81543430341337,18.891540333156527,26.96840182248122,15.876696511003896,
1672388100,21.83,22.4,21.59,21.66,27.93539279599813,25.544607204001878,24.0260972893296,18.36905472142282,26.407493139029807,15.721297932494032,
1672733700,23.09,23.76,22.73,22.89,27.943449691332514,25.53655030866749,24.245105541155688,18.487729940575996,26.66223136329422,15.620758800282417,
1672820100,22.93,23.27,21.94,22,27.94494499391918,25.535055006080825,24.982929169605036,18.85540500871437,27.843034589138913,15.577749296405123,
1672906500,22.2,22.92,21.97,22.45,27.946914726108837,25.533085273891167,23.75704831694964,18.464473287894194,27.067112943980764,15.428007124071094,
1672992900,22.69,22.9,21,21.14,27.93719483439566,25.542805165604342,24.221264256544405,19.655282829384884,27.538455761137758,15.358051150700373,
1673252100,21.75,21.98,21.27,21.96,27.94135135293276,25.538648647067244,23.15390025859765,18.863504650598152,26.304006695679696,15.147867886187349,
1673338500,22.22,22.46,20.58,20.58,27.949435975872188,25.530564024127816,23.786596858968366,19.339994912767505,27.139985761398094,15.13067253373227,
1673424900,20.8,21.25,20.62,21.08,27.94558560661563,25.534414393384377,22.988759658238788,18.489950122592067,25.784075521533147,15.159712527770171,
1673511300,21.56,21.8,18.83,18.83,27.587466627004883,25.112533372995113,23.299013734733805,18.916731822326284,26.308563719242834,15.151842828738573,
1673597700,19,19.41,18.01,18.34,26.686216554884737,24.303783445115258,21.910787058766235,17.71560649117245,23.988926405823392,14.746304819029515,
1673856900,19.44,19.63,19.41,19.5,26.502284640870016,24.097715359129996,21.527600183256673,17.618000692564525,23.466457600025006,14.554880833235984,
1673943300,19.89,20.22,19.21,19.35,26.155924611194504,23.784075388805494,21.78042541280429,17.840713235363694,24.697645760939448,14.76926670361775,
1674029700,19.28,20.58,18.71,20.33,26.151709609801564,23.758290390198436,21.631629987106873,17.496566344553685,24.54052382464222,14.73264672890757,
1674116100,20.43,21.71,20.17,20.53,25.84800761210438,23.48199238789562,21.83472742387533,17.56354463518633,25.590913348845266,14.930073633300502,
1674202500,20.28,20.7,19.41,19.86,25.65547529028033,23.304524709719672,22.00893090093564,17.469516285179694,25.812929430736776,14.920844689804103,
1674461700,20.21,20.33,19.55,19.8,25.65548091762561,23.30451908237439,21.370410155652415,17.169668374208115,25.098652926071864,15.120013353650377,
1674548100,19.89,20.47,18.91,19.19,25.15948715676044,22.850512843239564,21.081345622441848,17.039844179502055,25.03769630081581,15.347048475298788,
1674634500,19.56,20.9,18.99,19.09,24.377646080850166,22.152353919149835,20.85788507885166,16.674040233841346,24.37291143488392,15.029458484640376,
1674720900,19.05,19.48,18.67,18.72,23.927830777890428,21.752169222109575,20.860839537296552,16.54239832582666,24.263096438873,14.946495338733177,
1674807300,18.9,19,17.97,18.5,23.86464959087951,21.695350409120493,20.661041150751466,16.26728347410968,23.852335269258994,14.733504451276804,
1675066500,19.76,20.25,19.54,19.93,23.60381776497992,21.436182235020084,20.522572774852584,16.073689903975133,23.605088868039086,14.590861932290315,
1675152900,20.12,20.7,19.13,19.41,23.50046193498346,21.339538065016548,21.5756087519345,16.85535064611025,25.198958181663116,15.250147625873755,
1675239300,19.62,20.04,17.7,17.86,23.381041915230703,21.1889580847693,21.232627223789663,16.936208057100806,24.6217505409395,14.971749488948703,
1675325700,17.74,19.25,17.06,18.72,23.05487936811155,20.875120631888453,20.020399867132824,15.76790156039045,22.87423830019742,14.166959487284181,
1675412100,18.57,19.3,17.93,18.32,22.90789760553358,20.74210239446642,20.7219792204371,17.666843283662367,23.845640900203062,14.571966189736438,
1675671300,19.23,19.81,19.21,19.42,22.919415957846194,20.730584042153808,20.391877064432467,17.47475622790038,23.390204578507806,14.339504709546162,
1675757700,19.54,19.99,18.43,18.65,22.923916620615678,20.72608337938432,20.708839637612673,17.491720419699604,24.63775149961984,14.867532961828854,
1675844100,18.88,20.12,18.55,19.64,22.925395549144028,20.724604450855974,20.017078039746995,17.017455538392895,23.76250016324574,15.03030445737808,
1675930500,19.24,21.08,19.02,20.72,22.93450672068631,20.715493279313687,20.955501061620726,17.463241528056727,24.89012110649376,15.598452769643295,
1676016900,20.74,21.94,20.44,20.54,22.705609864360273,20.574390135639728,22.00180811462058,17.718687955497835,26.118922362639765,16.214461780499416,
1676276100,21.66,21.69,20.33,20.33,22.699944893290468,20.580055106709533,21.85445842762158,17.99099474374492,25.918955678493536,16.097692851650333,
1676362500,20.72,20.75,18.48,18.92,22.70649337047795,20.57350662952205,21.669345072182736,17.982989239725526,25.683395047064124,16.17875282215305,
1676448900,19.37,19.41,18.11,18.22,22.506097936000454,20.393902063999544,21.003063932041435,17.024086990818795,24.068263456081134,15.359020929724796,
1676535300,18.26,20.27,18.23,20.16,22.542878231295273,20.357121768704726,20.70816058949619,16.49435613516131,23.258260404922467,15.09937260363358,
1676621700,20.94,21.3,19.82,20.01,22.542901018977048,20.357098981022954,21.83346519806453,17.913614804452497,25.497275007327815,15.985064656110684,
1676880900,21.06,21.28,20.96,21.24,22.551921601080934,20.348078398919064,21.844948122939385,17.80420072066202,25.326902354990427,15.89218426983551,
1676967300,21.8,23.34,21.8,22.88,22.566988512282517,20.333011487717478,22.861790445102887,18.20813019963837,26.7450873957308,16.242134508781128,
1677053700,23.03,23.63,22.02,22.28,22.561350586120653,20.338649413879345,24.352782561927317,18.672749267936098,28.629487082081763,16.630745415533816,
1677140100,21.96,22.43,20.89,21.15,22.563288215431175,20.336711784568827,23.904615969571914,18.696445882517853,27.950054802330982,16.502054233390076,
1677226500,21.35,22.9,21.32,21.68,22.564988108327903,20.335011891672096,23.86417806686476,18.256770505082713,26.654543758416878,16.11888498021202,
1677485700,21.99,22.02,20.68,20.96,22.547810455414737,20.35218954458526,24.46346975325474,18.535340009861258,27.27104709778139,16.265643489036684,
1677572100,21.3,21.37,20.1,20.71,22.547644543724804,20.35235545627519,24.26529329661991,18.18451160240342,26.442071499261928,15.995398479243937,
1677658500,20.39,21.32,20.22,20.59,22.534787512698735,20.365212487301264,24.24750349068397,18.05019420612008,26.154851596739032,15.877732061674667,
1677744900,21.41,21.42,19.55,19.6,22.538429174084648,20.361570825915347,24.272089583500623,17.97957366183883,24.438948370437824,15.804818348346895,
1677831300,19.76,19.76,18.16,18.48,22.54485662742942,20.35514337257058,23.543408322512395,17.370286387736865,23.543408322512395,15.397096525628832,
1678090500,19.05,19.19,18.49,18.62,22.520146443938653,20.37985355606135,22.601413601890997,16.65570457299256,22.656172671450175,14.905904481122016,
1678176900,18.64,19.74,18.51,19.6,22.51440080513018,20.385599194869823,22.736161621947268,16.79779301855808,22.759851668306297,14.928030984161564,
1678263300,19.71,20.01,19,19.1,22.514137226473178,20.38586277352682,23.65491400705769,17.840170486472008,23.65491400705769,15.301663699749414,
1678349700,19.33,23.14,18.88,22.6,22.60772938580935,20.29227061419065,23.209651942246094,17.529083252210448,23.209651942246094,15.063357082588963,
1678436100,23.34,28.97,21.79,24.79,24.28356994010244,21.746430059897563,25.236126530096772,17.958745120779774,26.52981842614082,17.1208639490226,
1678691700,24.05,30.81,23.85,26.51,25.240969347927173,22.629030652072824,27.404599438826978,18.272364342420286,28.639673882841993,17.591361517529627,
1678778100,26.85,27.24,22.27,23.74,25.245757669176548,22.62424233082345,28.090029098867323,18.538620599235472,30.338295006046337,17.339340279888425,
1678864500,23.21,29.91,23.19,26.13,25.26077798752198,22.60922201247802,27.321135097020836,18.202570162292602,27.823974994143967,17.485690217309127,
1678950900,26.19,27.49,22.97,22.98,25.298518612699088,22.57148138730091,29.78287571358293,19.219565323816635,30.196623322458873,17.61375984432636,
1679037300,22.92,26.14,22.58,25.5,25.333145713565393,22.5368542864346,28.388704166648466,18.83213294018465,28.388704166648466,17.24140437114256,
1679296500,27.77,28.91,24,24.16,25.342722331008087,22.52727766899191,30.701509836825434,19.964735018527694,30.701509836825434,17.808788981668158,
1679382900,24.16,24.16,21.29,21.39,25.38436060074594,22.485639399254058,29.95127089119302,20.155711320519707,29.95127089119302,17.657677290864168,
1679469300,21.8,22.38,19.94,22.25,25.374190089060697,22.4958099109393,27.598363839325394,18.814879744937087,27.598363839325394,16.635896755826835,
1679555700,21.54,24.91,20.16,22.62,25.348929896281494,22.5210701037185,28.525336225765017,19.614383966986036,28.525336225765017,16.965574681423917,
1679642100,22.11,25.21,21.6,21.73,25.345267711537236,22.52473228846276,28.99212007266153,20.258060188472506,28.99212007266153,17.10603573706011,
1679901300,22.05,22.93,20.57,20.61,25.349907080762375,22.520092919237626,28.208198613085838,19.30143203773986,28.208198613085838,16.747165910919463,
1679987700,20.53,21.4,19.91,19.96,25.351173555519413,22.518826444480588,27.193638630218807,18.45032804525596,27.20365849213744,16.26560118158392,
1680074100,19.39,19.45,19.09,19.11,25.35380826726661,22.516191732733386,26.315186706303894,17.848836101010054,26.61949313586367,15.901073746242297,
1680160500,19.12,20.08,18.85,19.01,25.353332697404355,22.516667302595643,25.3729012016271,17.129472935636564,25.791978204323975,15.558879534487579,
1680246900,19.21,19.43,18.52,18.69,25.343216750727045,22.526783249272953,22.645917991771327,16.909674298505475,25.708035315614627,15.482245833752202,
1680506100,19.79,19.83,18.54,18.54,25.33894744653592,22.53105255346408,21.058224452205536,16.56649896282551,25.505777260896522,15.52752058133715,
1680592500,18.79,20.03,18.58,19.01,25.33973217722252,22.53026782277748,20.848139112803402,16.35597378198179,25.41141447240549,15.409483684305245,
1680678900,19.42,20.08,19,19.09,25.32893429685769,22.54106570314231,21.26540994105557,16.599480423473615,25.76327109204869,15.889293732084306,
1680765300,19.3,19.88,18.35,18.39,25.327671044332053,22.542328955667944,21.329281750315552,16.585118206730307,25.83865449412737,15.905043564482835,
1681110900,19.39,20.05,18.93,18.96,25.318211285948717,22.55178871405128,20.576730294132112,16.016604753708695,25.325937017047593,15.466724343517646,
1681197300,19.08,19.28,18.56,19.11,25.316368522674733,22.55363147732527,20.371829230688206,16.376851647924756,25.773314367565995,15.774437351008757,
1681283700,19.38,19.98,18.25,19.08,25.274295414860156,22.595704585139842,20.48616132653387,16.720112421811308,25.90354776332714,15.838194804912895,
1681370100,18.83,19.06,17.77,17.81,25.287935804299313,22.582064195700685,20.437516468483736,16.861847198436543,25.89537804886741,15.79708783702777,
1681456500,17.94,18.12,17.07,17.07,25.280427720603495,22.589572279396503,18.934557794147505,16.02337651723621,24.872170672469217,14.997680754276141,
1681715700,17.58,17.79,16.9,16.94,25.19592788503261,22.514072114967384,18.626273784531563,15.47305262175018,24.235929022836153,14.505478550953987,
1681802100,16.94,17.34,16.58,16.84,25.017910673995196,22.3720893260048,18.455616669266384,15.60718087377684,24.112996701071545,14.39403747468845,
1681888500,17.3,17.72,16.17,16.45,24.80225667551006,22.177743324489942,18.30476429386421,16.021092380374213,24.014278933946613,14.302194447519046,
1681974900,16.85,17.69,16.33,17.16,24.806005347062793,22.17399465293721,18.014760387982136,15.594730716794768,23.648526937231424,14.02220104789464,
1682061300,17.51,17.71,16.58,16.76,24.80748550783458,22.172514492165423,18.31632383589084,15.856441654304392,24.286773871080545,14.45831221708483,
1682320500,18.22,18.24,16.74,16.88,24.804995453693714,22.175004546306294,18.021956018345257,15.515125231346449,23.912207401434465,14.17418434141032,
1682406900,17.62,19.86,17.33,18.75,24.841996973538354,22.13800302646165,18.043210334997674,15.51794714518803,24.014846032263062,14.229990391352596,
1682493300,18.66,19.61,17.87,18.84,24.840844470767205,22.139155529232795,19.409505012548507,16.15082889320785,25.715283894292188,15.106123845074674,
1682579700,18.43,18.43,16.72,17.02,24.873109882820916,22.106890117179088,19.49347394206093,16.16236986958333,25.803399655250555,15.070519297299198,
1682666100,17.21,17.65,15.72,15.77,24.633341013411417,21.89665898658858,18.860869208127042,15.379566968170828,24.124826347883882,14.076298121016087,
1682925300,16.41,16.62,15.53,16.07,24.532629031095695,21.807370968904298,18.38484155330716,14.515292777258958,22.63908428263809,13.311521323144593,
1683011700,16.27,19.81,16.26,17.79,24.54501341209778,21.794986587902216,18.48474011530852,14.705579484206751,22.920838749440613,13.412982644219877,
1683098100,17.82,18.83,17.19,18.33,24.54090356960729,21.799096430392705,19.5034099511008,15.271825482240832,24.60558860499654,14.296523346858066,
1683184500,19.17,21.33,18.67,20.08,24.564695789445267,21.77530421055473,20.04003259287641,15.270803922282658,25.16701188601802,14.43503023645894,
1683270900,19.5,19.63,16.69,17.18,24.626924515447207,21.71307548455279,21.75396744383621,15.870741221184735,27.092872593820683,14.414045763876015,
1683530100,17.73,17.88,16.83,16.97,24.62285805732424,21.717141942675756,20.15395560617113,14.576892849792483,23.94709485485413,13.806028420385644,
1683616500,17.29,17.86,17.22,17.7,24.620123615540024,21.71987638445997,20.24051114843572,14.394987970259193,23.714661582093296,13.640253976753712,
1683702900,17.58,18.31,16.36,16.93,24.616112159704084,21.723887840295912,20.808836350659544,14.797159576302294,24.496591869894775,13.86359005712432,
1683789300,16.8,18.19,16.63,16.94,24.6160608465272,21.723939153472795,20.419713116741608,14.280559059015282,23.658072131314196,13.517063199634109,
1683875700,16.83,17.92,16.38,17.06,24.616194891155818,21.72380510884418,20.494126611600564,14.254251719311679,23.662720129920288,13.466054215926434,
1684134900,17.44,18.16,17.08,17.11,24.601893471524733,21.738106528475264,20.645398478268284,14.307677552974798,23.382829387996168,13.422990335652631,
1684221300,17.54,18.3,17.26,17.98,24.605448743776382,21.734551256223615,20.7366186216191,14.320136947261012,23.44200158310028,13.332047838149435,
1684307700,17.96,18.26,16.68,16.86,24.5857069289268,21.7542930710732,21.538206360506784,14.901855241256502,24.52579699546994,13.411055080662027,
1684394100,16.92,17.15,16.05,16.05,24.592023855493064,21.747976144506936,20.586910021070114,14.110677578258162,23.122123138525133,13.08718589606134,
1684480500,16.13,17.36,15.85,16.82,24.58765784859568,21.752342151404317,19.847213003399073,13.90609181843017,22.09752730672898,12.75768388226976,
1684739700,17.45,18.13,16.82,17.2,24.571148228978934,21.768851771021065,20.59484127585448,14.467330756586394,23.06511087933535,12.90221045589413,
1684826100,17.35,19.31,17.3,18.52,24.587808664015533,21.752191335984463,20.79788007727389,14.739073266239634,23.54101159617729,12.913371495190718,
1684912500,18.8,20.81,18.8,20.02,24.599333622016303,21.740666377983697,20.66324236185378,15.523364088642214,25.198335960536795,13.136463208426246,
1684998900,19.54,19.95,18.7,19.13,24.603068648952423,21.736931351047573,21.727820491101074,15.578003835536272,27.075196266342907,13.258749247285515,
1685085300,19.07,19.56,17.27,17.94,24.611512611070662,21.72848738892933,20.671567658029986,15.462694107438093,25.964324112301384,13.121947556155355,
1685344500,17.53,17.6,17.34,17.45,24.613112270979176,21.726887729020817,20.573716137766915,15.912880708625474,24.467448186149955,12.812867822057367,
1685430900,17.56,18.34,16.98,17.47,24.613125852655433,21.726874147344564,20.47293148990577,15.584556504491543,23.84660978247616,12.626557921308697,
1685517300,18.04,18.4,17.12,17.93,24.60883870720072,21.731161292799275,20.590749729345607,15.586800412415553,23.734713071320883,12.570544764892608,
1685603700,17.24,17.59,15.58,15.64,24.65228472861074,21.68771527138926,21.01025559553026,15.9031056091988,23.86568899042762,12.629190372450333,
1685690100,15.65,15.65,14.42,14.61,24.073215249271318,21.156784750728686,19.25868576427944,14.227502639297002,20.923606698433687,11.90526273242006,
1685949300,15.28,15.29,14.66,14.72,24.065001893444183,21.16499810655582,18.338555227425896,13.417534355047248,18.89997314893982,11.489352724478902,
1686035700,14.91,14.97,13.95,13.95,23.820334744120643,20.93966525587935,18.39789263184943,13.469209341058171,18.934688642426536,11.46502240243575,
1686122100,14.14,14.21,13.53,13.66,23.511346149655818,20.828653850344185,17.6351772745255,12.837992815072624,18.4192401043046,11.086815001885418,
1686208500,14.14,14.21,13.53,13.65,23.481401160075404,20.8585988399246,17.30845810540893,12.349081375572542,18.180924471662756,10.884638686660383,
1686294900,13.78,14.14,13.5,13.84,22.973181955036775,20.43681804496322,17.25653127056583,12.09585004092361,18.13035674731314,10.848657640483314,
1686554100,14.44,15.02,14.32,15,22.966259596438597,20.4437404035614,16.79019336135246,12.029809541076594,18.226591368425996,10.92696513243531,
1686640500,14.99,15.06,14.47,14.6,22.406402841289253,20.003597158710743,17.5510542164494,12.57325145861623,19.015335076444458,11.343160756546947,
1686726900,14.48,14.73,13.83,13.87,22.36855914755764,20.04144085244236,15.968543527324979,12.268628234819376,18.716970795457698,11.561944395153969,
1686813300,14.09,14.52,13.79,14.49,22.33766405743701,20.072335942562987,15.04096807643713,11.742069437906299,18.150954193060638,11.557629622030435,
1686899700,14.49,14.54,13.48,13.53,20.38267306977582,18.307326930224182,15.510429061207684,11.951674584552205,18.597008216897294,11.843667291611807,
1687158900,14.09,14.19,14.01,14.19,20.353944433409477,18.336055566590517,14.851563363142105,11.394405574563958,17.824569790194357,11.306595008964612,
1687245300,14.36,14.67,13.86,13.87,20.348318770915515,18.34168122908448,15.370970488043614,11.607031791135158,18.325084171675343,11.479130000897422,
1687331700,13.88,13.89,13.1,13.19,20.151924843858115,18.158075156141887,15.122648262993527,11.369127245258849,18.04595290865313,11.247180751935192,
1687418100,13.88,13.98,12.73,12.9,18.75574516928588,16.904254830714113,14.56284439189158,10.952123136642806,17.453618206569374,10.899905821776994,
1687504500,13.24,13.8,12.88,13.43,17.951614315797347,16.17838568420265,14.308557385359599,11.816416753127092,17.174249667151567,10.66866016220203,
1687763700,14.43,14.71,13.78,14.24,17.923865979702622,16.136134020297384,14.743770382079145,12.602269363812873,17.605395710832806,10.73343266502157,
1687850100,14.11,14.34,13.59,13.73,17.922606085260394,16.137393914739608,15.482555563473017,12.684612452168118,18.27599742334487,10.905852916292444,
1687936500,13.9,13.96,13.36,13.44,17.923263637820845,16.136736362179157,15.012541940588674,12.542584744711874,17.8214128091442,10.639175321863883,
1688022900,13.64,13.85,13.41,13.55,17.923379085486044,16.13662091451396,14.741336746336623,12.396881561391766,17.546543622582618,10.444743533581029,
1688109300,13.51,13.59,12.96,13.59,17.92351871326112,16.13648128673888,14.841194080413485,12.354068310971208,17.624360516710436,10.404677248965463,
1688368500,13.85,13.85,13.47,13.56,17.921191396167412,16.13880860383259,14.70033696205939,12.30691696978881,17.64161988728127,10.344988670817438,
1688454900,13.54,13.71,13.52,13.71,17.92164483269337,16.138355167306628,14.706787060503979,12.244737858441642,17.596859544392256,10.263368910780748,
1688541300,14.19,14.74,14.05,14.19,17.922834289970016,16.137165710029986,14.85619780267504,12.408243440460039,17.71651759790932,10.259110328955307,
1688627700,14.85,17.08,14.79,15.43,17.939386481847205,16.120613518152798,15.291818800620955,12.646701779029112,18.13782599666228,10.393770696069069,
1688714100,15.97,16.06,14.33,14.82,17.94245066386126,16.11754933613874,16.40224929337505,13.313265050205452,19.23548499623351,10.827939567024165,
1688973300,16.08,16.21,15.04,15.06,17.943441516694758,16.116558483305244,15.910755939125833,13.269549698026786,18.687869045119825,10.547775665188658,
1689059700,15.02,15.25,14.63,14.86,17.932801741377492,16.12719825862251,16.15975814829968,13.445400441773081,18.898513539502822,10.602385198291554,
1689146100,14.82,14.82,13.51,13.53,17.949609556809797,16.110390443190205,16.137501636088295,13.646033644594462,18.711659961927925,10.48230959145608,
1689232500,13.44,13.61,13.12,13.58,17.949701523148786,16.110298476851217,15.492224647587914,12.863034226745736,17.46252896897777,9.872696470989354,
1689318900,13.72,13.76,13.22,13.33,17.9502489532984,16.109751046701604,15.546915627560741,12.893958400364745,17.497279546382327,9.85303667621886,
1689578100,13.78,14,13.43,13.5,17.949895636787023,16.11010436321298,15.240282065349717,12.68501990548102,17.24414638532288,9.699747201469926,
1689664500,13.61,13.67,13.29,13.31,17.94490467634365,16.115095323656355,15.336303443180904,12.64421116685558,17.39581258563384,9.739377450286064,
1689750900,13.32,13.84,13.12,13.75,17.947176273632326,16.112823726367676,15.203266550527843,12.355245539628406,17.19889317071487,9.615288889509205,
1689837300,13.96,14.23,13.58,13.98,17.94788443472132,16.112115565278682,15.523157865504231,12.634437622704423,17.61597086501478,9.785370618363906,
1689923700,13.87,13.89,13.37,13.59,17.919048901433104,16.1409510985669,15.687658750012545,12.694820663942746,17.829805281304054,9.860463502069965,
1690182900,14.29,14.3,13.73,13.9,17.92076195069836,16.139238049301643,15.339248049254063,12.43172588969886,17.439434427429905,9.648595463623064,
1690269300,14.02,14.09,13.82,13.85,17.89582689531502,16.164173104684977,15.626886965497375,12.55731631196405,17.526224221021696,9.765963110699154,
1690355700,13.86,14.16,13.15,13.18,17.88728679313554,16.17271320686446,15.4681445418292,12.490418820265747,17.08131892626271,9.715469337986033,
1690442100,13.14,15.02,12.74,14.4,17.907984292496607,16.15201570750339,14.34904806654018,12.041618367894053,16.305047012967545,9.366181325908759,
1690528500,14.03,14.18,13.27,13.34,17.893132288999087,16.166867711000915,14.783368283877886,12.691262184952231,17.707699810808283,9.926946583765796,
1690787700,13.98,14.09,13.57,13.62,17.891671173197928,16.16832882680207,14.363746178674486,12.141964558897515,16.48194571095577,9.392901509662622,
1690874100,13.75,14.3,13.75,13.94,17.59588244270002,15.94411755729998,14.448167867252637,12.32304491040719,16.802331402608836,9.506603535688555,
1690960500,15.7,16.48,14.95,16.1,17.591738339665465,15.948261660334534,14.585977273792949,12.60351953039277,17.169345861707836,9.641062636650904,
1691046900,16.77,17.42,15.72,15.93,17.59164284694199,15.948357153058007,16.880913255682557,13.632348724783537,19.654759614676664,10.497502491262084,
1691133300,16.01,17.39,14.57,17.09,17.600318882322856,15.939681117677143,16.8371138583756,13.781433556498644,19.459589750069153,10.42770086780697,
1691392500,16.9,17.36,15.77,15.77,17.612124345954516,15.927875654045483,17.968672033743612,14.271841870219138,20.790639660286214,10.670986719124251,
1691478900,16.28,18.14,15.96,15.98,17.61265582420741,15.927344175792587,17.499939292525543,14.081008897087404,19.27500823950378,10.330044272055272,
1691565300,15.81,16.87,15.38,15.95,17.612485972819574,15.927514027180427,17.926136617250904,14.245001894782098,19.516763373912745,10.357416145649502,
1691651700,15.58,16.86,14.6,15.84,17.612530367628317,15.92746963237168,18.130595729977067,14.30141221193274,19.48207413933788,10.323996055771193,
1691738100,15.53,16.51,14.84,14.86,17.61553653007262,15.924463469927378,18.252399229268484,14.306292694577149,19.354911130215392,10.269358035446665,
1691997300,15.88,16.06,14.77,14.81,17.605404076242138,15.93459592375786,17.73947357457085,13.68130796146918,17.73947357457085,9.956661942793948,
1692083700,14.95,16.57,14.91,16.45,17.62875718712094,15.91124281287906,17.77511425229194,13.642961614695487,17.77511425229194,9.917274747592963,
1692170100,16.54,16.93,15.8,16.77,17.624026295648815,15.915973704351185,19.0887517600166,14.598427702581162,19.0887517600166,10.37012710319268,
1692256500,16.96,18.13,16.4,17.9,17.633714525390157,15.90628547460984,19.448454424860884,14.606428044477461,19.448454424860884,10.439234556014815,
1692342900,17.8,18.88,17.14,17.29,17.622490988626325,15.917509011373673,20.457440338117895,14.784284006708617,20.457440338117895,11.243381737632683,
1692602100,18.03,18.11,16.88,17.14,17.154408610174617,15.525591389825381,20.078405044738805,14.693530435784357,20.078405044738805,11.773706538694958,
1692688500,16.96,17.58,16.61,16.98,16.94499010246339,15.34500989753661,19.97931012710424,14.658395923787655,20.043498798756172,11.709747567920491,
1692774900,16.64,17.1,15.91,15.97,16.58724800849087,15.022751991509129,19.76941219691057,14.60344166187858,19.98146876200657,11.640047609343402,
1692861300,15.57,17.32,15.48,17.21,16.599910397679665,15.010089602320337,18.4801613834763,14.153402331545202,19.12793584582478,11.204907234358235,
1692947700,17.21,17.36,15.45,15.67,16.62108135228492,14.988918647715076,19.501986346928685,14.694076440108951,20.31974267794423,13.19474393762691,
1693206900,16.24,16.28,15,15.08,16.62231807845858,14.98768192154142,18.344601699117437,13.932113777914477,18.921230445837466,13.106146680813637,
1693293300,15.08,15.3,14.34,14.46,16.581184898332342,15.028815101667655,17.85589720929672,14.142677850316517,18.379606564118056,12.793923483881432,
1693379700,14.53,14.7,13.83,13.87,16.573868665554585,15.036131334445415,17.294459933111526,13.637896340460731,17.992718628341827,12.354838330725524,
1693466100,13.98,14,13.44,13.56,16.574875202304167,15.035124797695833,16.745826046032317,13.11576455070251,17.662646814938146,11.930553281370909,
1693552500,13.56,13.56,13.02,13.08,16.570882021161793,15.039117978838206,16.438577293977378,12.834480243271328,17.47353320172672,11.703607885003166,
1693811700,13.62,13.82,13.51,13.82,16.577713592707166,15.032286407292831,16.00168989252344,12.4520530515136,17.222503218113886,11.35015367133699,
1693898100,14.15,14.47,13.7,14,16.57812116554088,15.031878834459116,16.630093107390632,12.570590138727974,17.67585132965125,11.8866035771721,
1693984500,14.27,15.3,14.13,14.44,16.580037100973474,15.029962899026524,15.685930426463607,12.325861747664453,17.819198320359042,12.141837672390324,
1694070900,14.81,15.69,14.4,14.4,16.56331070656173,15.046689293438272,15.678010675699142,12.166942614630667,18.15694256439473,12.166942614630667,
1694157300,14.22,14.87,13.58,13.83,16.56560919957188,15.044390800428115,15.612282174903397,11.988736963063205,18.149882101233114,11.988736963063205,
1694416500,14.17,14.33,13.74,13.81,16.558847588237906,15.051152411762093,15.030000970366135,11.684380961472591,17.730480092766626,11.684380961472591,
1694502900,14.02,14.42,13.71,14.24,16.556274563654824,15.053725436345175,14.997066614852576,11.540223715024915,17.72460229010468,11.540223715024915,
1694589300,14.42,14.68,13.41,13.47,16.552029076254186,15.057970923745815,15.421470553249229,11.577484534043574,18.08050128647549,11.577484534043574,
1694675700,13.39,13.46,12.79,12.81,16.552267023127136,15.057732976872867,14.65401361676665,11.188245520753705,17.487558438691998,11.188245520753705,
1694762100,12.7,14.17,12.68,13.8,16.53970072747998,15.02029927252002,14.166201499664538,10.807791024538854,17.066005482166766,10.807791024538854,
1695021300,14.4,14.75,13.86,14.01,16.533546367525524,15.026453632474475,14.943226687616459,11.89140633266544,17.74986501362579,11.155947497579337,
1695107700,14.11,14.88,13.86,14.12,16.532220896729307,15.027779103270692,15.133391364530972,12.291549054458509,17.938209955216273,11.182789423604351,
1695194100,14.18,15.15,13.57,15.13,16.54020735257128,15.019792647428718,15.246646320883826,12.639714503950175,18.043057324617685,11.176825249440444,
1695280500,15.49,17.54,15.1,17.54,16.58552600725121,14.974473992748788,16.118274946932175,12.894051468598725,18.926246880186458,11.54932173785218,
1695366900,17.31,17.41,15.93,17.19,16.58298005556906,14.977019944430939,18.17225448412473,13.532613347283707,21.269609839100845,11.956645867572615,
1695626100,17.25,18.41,16.79,16.89,16.58255495884113,14.977445041158871,18.379085900659828,13.632720987642703,20.90357906596495,11.973838862049291,
1695712500,18.03,19.5,17.17,18.93,16.937890984488863,15.242109015511135,18.862093344753593,13.645293525327872,20.595960284316284,11.96566765507609,
1695798900,18.29,19.71,18.03,18.21,17.053070708057867,15.336929291942134,20.815985708400095,14.466117732599283,22.83075481167061,11.84001610321262,
1695885300,18.22,18.77,17.06,17.34,17.059815493581446,15.330184506418552,20.615520379981785,14.339218270462657,22.062142709400884,11.901762800752284,
1695971700,16.87,17.74,15.83,17.51,17.059776621734045,15.330223378265954,20.164043437056396,14.237330467351624,21.1209751011782,11.905908100768194,
1696230900,17.31,18.55,16.93,17.6,17.05750119368695,15.332498806313051,20.525073052687276,15.06684318386181,21.318489211018107,11.900450549725488,
1696317300,17.81,20.48,17.52,19.78,17.47861719822515,15.681382801774841,20.801338098562873,15.20477696172516,21.430080413779557,11.897407012718668,
1696403700,20.72,20.88,18.3,18.57,17.69565016275495,15.86434983724505,22.736634015129273,16.820035493410355,23.851154123904923,11.964877665279836,
1696490100,18.67,19.58,18.26,18.48,17.695426609517764,15.864573390482239,21.943113026521058,17.059668525068187,22.530427089527237,11.955546486061582,
1696576500,18.73,19.93,17.19,17.44,17.703771979183415,15.856228020816586,22.084984937091587,16.985743740064542,22.443389098767025,11.960320437030825,
1696835700,19.54,19.6,17.56,17.69,17.680936650304837,15.879063349695162,21.136144520438975,16.267393570715644,21.560229613582038,11.857262414811721,
1696922100,17.7,17.86,16.51,17.02,17.685411941547514,15.874588058452485,21.451833950129995,16.404347740728372,21.911337957100454,11.88422041297697,
1697008500,16.95,17.78,16.09,16.1,17.69275243418789,15.86724756581211,20.949749549589473,15.888846962779136,21.51714659389284,11.777122074176855,
1697094900,16.08,18.08,15.44,16.7,17.6952603404439,15.864739659556102,19.814398025271384,15.161524346169225,20.83778080007307,11.530430934636994,
1697181300,16.53,20.78,16.5,19.31,17.741476308837797,15.818523691162207,19.4249554536816,15.583736603196334,21.45029509204626,11.692027376224694,
1697440500,19.1,19.57,17.14,17.2,17.772884482079025,15.787115517920975,21.365930599923946,15.683275320732259,23.83201855058087,12.135154666201739,
1697526900,17.41,18.54,16.97,17.89,17.775361657913283,15.784638342086721,19.79160198780962,15.26194827359046,22.07386591433465,11.772045913269832,
1697613300,18.36,20.15,17.88,19.21,17.782813080498197,15.777186919501805,20.11639926293804,15.28531623767383,22.79798637705841,11.909110324119204,
1697699700,19.73,21.4,18.55,21.4,18.08093939501316,15.999060604986841,21.34536712807789,15.561967736326416,24.117262932845588,12.166091370016364,
1697786100,21.59,21.83,20.42,21.7,18.308929556779614,16.201070443220384,23.577119936231284,16.15246636461555,26.243014982985365,12.541512302647398,
1698045300,21.83,23.08,19.48,20.36,18.976284638254253,16.783715361745745,23.9093708983864,16.30517583510762,26.65501048742482,12.623426644233712,
1698131700,20.03,20.24,18.65,18.96,18.97405726865207,16.785942731347927,22.866633504570327,15.91667148154751,25.51584674748516,12.432407032258812,
1698218100,19.39,21.24,18.86,20.18,18.965966620553655,16.794033379446343,22.288683962776048,15.3781503182139,24.240203399478194,12.16197244861095,
1698304500,21.78,21.96,20.22,20.67,18.966204051619595,16.793795948380403,23.20706594287968,16.740460598462725,25.530766273015086,12.4407717864636,
1698390900,20.39,22.07,19.72,21.26,18.966641294196616,16.793358705803385,23.761535255754666,17.20291873057757,26.104830220380098,12.56472124140745,
1698650100,21.13,21.16,19.55,19.74,18.935654760082276,16.824345239917722,24.403125352928278,18.564512447750356,26.783051232790875,12.712713954184405,
1698736500,19.86,19.86,17.97,18.13,18.953575883128526,16.806424116871472,23.500416669195978,17.41628835581284,25.314904074623314,12.392618079645931,
1698822900,18.02,18.42,16.63,16.86,18.95498442805904,16.805015571940963,22.465220438602675,16.127376094301273,23.683540811043855,11.976814872565502,
1698909300,16.59,16.62,15.58,15.65,18.95282643103391,16.807173568966093,21.52968280022476,15.085032217947578,22.413785791295684,11.592844509773382,
1698995700,15.7,15.83,14.91,14.91,18.95777212802612,16.802227871973876,20.173471439765706,14.074000512371043,21.570909319054184,11.160791120347186,
1699258500,15.39,15.58,14.84,14.9,18.957771078423388,16.80222892157661,19.43917570698228,13.441747966678445,21.134156667982207,10.767772461343935,
1699344900,15.1,15.17,14.71,14.8,18.95776603365127,16.802233966348727,19.340898685066342,13.86625266230456,21.171158241741452,10.753095152536902,
1699431300,14.91,15.09,14.3,14.44,18.94970285678022,16.810297143219774,18.850957200036717,13.329103220115071,21.138624157515935,10.6907952025138,
1699517700,14.61,15.57,14.13,15.28,18.95722687140033,16.802773128599664,17.827573792322685,12.80785446068781,20.89808013289663,10.488217126696115,
1699604100,15.09,15.45,14.16,14.18,18.94352006684195,16.816479933158046,17.853802230606302,12.662460871029015,21.582679281180248,10.92974152443502,
1699863300,15.16,15.19,14.58,14.77,18.946818364230015,16.81318163576998,16.754153555778142,12.020416937466772,20.74041690980707,10.583141141978547,
1699949700,14.83,14.86,13.91,14.15,18.93957676129055,16.82042323870945,17.25151030170145,11.974977158636264,21.253307880030434,10.954727101749404,
1700036100,14.21,14.35,13.97,14.17,18.937295736931926,16.822704263068072,16.598222396477492,11.529916210404034,20.7570637801211,10.553726899973332,
1700122500,14.12,14.42,13.68,14.33,18.937703180651916,16.822296819348082,15.576760089431843,11.353618130277626,20.793948771743445,10.561744415609542,
1700208900,14.18,14.19,13.67,13.81,18.940361051262013,16.819638948737985,15.158519504585458,11.264636165188296,20.95476512511403,10.660191216987673,
1700468100,14.26,14.31,13.39,13.42,18.933778055868057,16.82622194413194,14.678861512145497,10.896314058416834,20.502333359532418,10.896314058416834,
1700554500,13.45,14.31,13.13,13.34,18.918973115037033,16.841026884962965,14.301689309895698,11.03515866810763,20.148139383265978,10.588113529675937,
1700640900,13.08,13.25,12.82,12.86,18.901649079049623,16.858350920950375,14.211722970241734,11.550096173549024,20.078387205281963,10.435632865141875,
1700727300,12.84,12.87,12.75,12.79,18.898530524899694,16.8614694751003,13.760502857324074,11.743723802797522,19.61174549788007,10.09310946922443,
1700813700,13.03,13.17,12.45,12.45,18.77459671501897,16.755403284981032,13.663969223716949,12.061940174966924,19.54182366703132,9.962541052791533,
1701072900,13.14,13.28,12.64,12.68,18.771683707409927,16.75831629259007,13.353816753748392,11.751656039502203,19.19314854159179,9.698318969877025,
1701159300,12.78,14.3,12.56,12.7,18.770566236234057,16.759433763765944,13.52373757615483,11.929736745159854,19.428121372150166,9.741444412700849,
1701245700,12.71,13.1,12.48,12.99,18.768766899927236,16.761233100072765,13.534568928333181,11.931829144272259,19.44772394691933,9.681228199232125,
1701332100,13.07,13.39,12.82,12.91,18.761093649621536,16.768906350378465,13.81613114126465,11.986500446716775,19.74957628499788,9.772403599002818,
1701418500,12.94,12.96,12.48,12.62,18.76172565051251,16.76827434948749,13.52280853483063,11.86136885882985,19.66722536332951,9.671225256437936,
1701677700,13.28,13.7,12.98,13.09,18.76272401739682,16.76727598260318,13.232518679348408,11.719911197432284,19.359383968114457,9.458862376870162,
1701764100,13.26,13.76,12.81,12.86,18.763367498051892,16.76663250194811,13.401075188951523,11.801580573694737,19.860452556076126,9.66657110044949,
1701850500,12.78,13.03,12.64,12.96,18.75976048140313,16.77023951859687,13.227449086263238,11.693846388033121,19.61587034097412,9.494517366281684,
1701936900,13.17,13.28,12.95,13.07,18.759982541141483,16.770017458858515,13.315156582177238,11.69551190719147,19.724549229128932,9.507331757158575,
1702023300,13.14,13.24,12.35,12.35,18.712182232926885,16.717817767073115,13.413212617323598,11.71306824445146,19.84521352419508,9.529146424261727,
1702282500,13.05,13.14,12.61,12.64,18.706436348606832,16.723563651393167,13.039834055944125,11.52963013485822,18.511401277137896,9.086306347659761,
1702368900,12.69,12.74,11.81,12.08,18.42018462315568,16.46981537684432,13.169194205813083,11.893512224029376,18.690804515058687,9.21543760446539,
1702455300,12.2,12.46,11.82,12.18,18.40604735938139,16.48395264061861,12.940409808543677,11.485624764394359,17.99359198456954,8.861032241341633,
1702541700,11.96,12.74,11.84,12.47,18.406946343865854,16.483053656134146,12.956816046643794,11.873580817354165,17.54111181465378,8.886571366939513,
1702628100,12.12,12.54,12.01,12.27,18.407203516957637,16.482796483042364,13.086517314358922,11.839366232694005,16.904940567932602,9.024051116915057,
1702887300,12.62,12.64,12.4,12.57,18.396038953348857,16.493961046651144,12.973524048132127,11.691013047744661,16.688402088546926,8.880155540311875,
1702973700,12.6,12.6,12.33,12.52,18.335471902726226,16.554528097273774,13.034167573869711,11.790015642398545,16.947742906040602,9.02768425111505,
1703060100,12.63,13.93,12.29,13.66,18.357319629496484,16.53268037050352,12.991860032563007,11.73566864460095,16.771766403260493,8.973820312412006,
1703146500,13.4,14.49,13.34,13.66,18.35682595501074,16.53317404498926,14.07627841207325,12.255699378238758,18.051712225566995,9.53074515622839,
1703232900,13.72,13.96,13,13.04,18.32354642834534,16.56645357165466,14.08222193789426,12.294414337513828,18.045549519647544,9.449198916195812,
1703578500,13.77,13.8,12.96,12.98,18.320526304866412,16.56947369513359,13.963180058477533,12.014309661866514,17.302379637502916,9.210223497208434,
1703664900,13.02,13.04,12.37,12.42,18.319422573265275,16.570577426734726,14.007865031479543,11.980009364108389,17.223724136485462,9.15580178574112,
1703751300,12.44,12.65,12.38,12.48,18.319078214489053,16.570921785510947,13.73983031796077,11.587903944548506,16.589111513007268,8.808203741791917,
1703837700,12.55,13.19,12.36,12.44,18.318783299496893,16.571216700503104,13.792294980658447,11.620502223739681,16.643044014054723,8.825189786244712,
1704183300,13.22,14.23,13.1,13.21,18.28867462177643,16.60132537822357,13.786477165068387,11.583035182518334,16.58591431350366,8.783929430308618,
1704269700,13.35,14.22,13.33,14.03,18.291480017576365,16.598519982423635,14.335089590063246,12.174139041104668,17.474052753212316,8.935027161505506,
1704356100,13.93,14.2,13.64,14.14,18.291901031731648,16.598098968268356,15.075125671683015,12.436201865750018,18.45088758670282,9.057792118133246,
1704442500,14.24,14.58,13.29,13.34,18.291998656251117,16.598001343748884,15.200167130133368,12.491578062703313,18.578466337985972,9.027450441755354,
1704701700,14,14.18,13.02,13.07,18.291717353564934,16.598282646435067,14.514187205498793,12.175922611038239,17.614568423632736,8.792194636028494,
1704788100,13.2,13.45,12.74,12.77,18.289410960558957,16.60058903944104,14.383794186899996,11.99933069851238,16.813410856151876,8.671525201043007,
1704874500,12.86,12.95,12.67,12.68,18.281845775974503,16.608154224025494,14.23854721346706,11.789400985280796,16.056317895890604,8.540381016717259,
1704960900,12.64,13.31,12.35,12.43,18.277733624236777,16.612266375763223,14.200345453493792,11.709316818832292,15.947008394726165,8.46466682373024,
1705047300,12.66,13.08,12.47,12.69,18.21104452383335,16.678955476166646,14.037163816318818,11.517779258894429,15.17872057520852,8.344531108874108,
1705306500,13.23,13.34,13.2,13.24,18.179236541597565,16.710763458402436,14.23130424099076,11.68266764620326,14.590560283959737,8.370516522524788,
1705392900,14.12,14.35,13.52,13.83,18.180514549454042,16.70948545054596,14.688362448782112,12.062726780104253,15.006153696719874,8.47750627760411,
1705479300,14.59,15.4,14.38,14.8,18.17886821171548,16.711131788284522,15.227135213145285,12.238995995080764,15.639163072475672,8.59191850298081,
1705565700,14.85,14.89,13.89,14.12,18.14135179598455,16.748648204015453,16.151671043490424,12.517263793210773,16.680946959864844,8.79490682985692,
1705652100,13.8,14.58,13.28,13.31,18.149106134771777,16.740893865228223,15.543187600689668,12.309998984692719,15.944767691269204,8.591801528126162,
1705911300,13.77,13.84,13.17,13.18,17.613061689551763,16.26693831044824,15.025824806989307,11.960387581442818,15.025824806989307,8.337118559577993,
1705997700,13.2,13.29,12.53,12.54,17.60520443825187,16.27479556174813,15.038849645811698,11.867270459720006,15.038849645811698,8.263466527096224,
1706084100,12.66,13.18,12.41,13.13,17.59834099844096,16.281659001559042,14.673166363495906,11.50283474636658,14.6848735978794,8.036399396585043,
1706170500,13.18,13.58,13.06,13.46,17.59852055019598,16.281479449804024,15.101661119305644,11.785125322696684,15.101661119305644,8.773381727818343,
1706256900,13.73,14.1,13.2,13.25,17.121873743018565,15.848126256981436,15.38034503458238,11.94620347374605,15.38034503458238,9.603794909839282,
1706516100,13.98,15.35,13.59,13.61,16.43550019102647,15.234499808973533,15.254506302827851,11.892051025103477,15.254506302827851,10.136843825829807,
1706602500,13.69,13.74,13.23,13.32,15.668601130289737,14.561398869710267,15.57370031590923,11.925184571602395,15.57370031590923,10.973168508350891,
1706688900,13.42,14.61,13.18,14.34,14.739513287037349,13.69048671296265,15.361106122377942,11.736561693764607,15.361106122377942,10.94089472947764,
1706775300,14.21,14.63,13.87,13.87,14.317141198523155,13.322858801476848,16.256889395287118,12.144920168947214,16.256889395287118,11.337576366234446,
1706861700,13.95,14.23,13.39,13.84,14.1809572834879,13.209042716512103,15.885082434878617,11.899017122252625,15.885082434878617,11.143146603888749,
1707120900,14.37,14.53,13.58,13.68,14.176107231588498,13.203892768411503,15.728650208459605,11.856051195787904,15.883500414877215,11.12172085422218,
1707207300,13.57,13.78,12.98,13.05,14.18231570707259,13.197684292927411,15.144110874258882,11.744408046856028,15.758921155674518,11.045325838326846,
1707293700,13.06,13.13,12.81,12.82,14.18151862031949,13.19848137968051,14.488247557809876,11.356767300620858,15.186253130065577,11.00142468704034,
1707380100,12.95,13.17,12.74,12.8,14.108802447134256,13.15119755286574,14.38511781458639,11.186670663676423,14.973892954075636,10.877900401593317,
1707466500,12.79,13.01,12.69,12.92,14.066872689372454,13.143127310627547,14.385516570960656,11.532297156705068,14.9586921237358,11.062233691613413,
1707725700,13.48,13.94,13.34,13.94,14.080032090982009,13.129967909017992,14.474935039926429,12.20130071907487,15.079575175361366,11.121487489138028,
1707812100,13.96,17.94,13.43,15.84,15.440783262543116,14.309216737456882,15.177450791716312,12.624553781488562,16.082144628340714,11.674384794567448,
1707898500,15.38,15.47,14.22,14.39,15.46928223559339,14.280717764406608,16.73431052724015,12.962600833852028,17.93647662133171,12.573222638922726,
1707984900,14.27,14.64,13.94,14,15.47112333595951,14.27887666404049,16.10399692011061,12.725133470927615,16.550094978265783,12.086378093423551,
1708071300,13.94,14.71,13.75,14.25,15.467992735558715,14.282007264441287,16.230562883456543,12.58404930021607,16.230562883456543,11.828335231832035,
1708330500,14.72,14.78,14.65,14.7,15.468081156343292,14.281918843656706,16.595118576800328,12.67594927475069,16.595118576800328,11.98684148801993,
1708416900,15.09,15.91,15.07,15.41,15.473946293499722,14.27605370650028,17.062851876459657,12.861745113301716,17.062851876459657,12.281488827352788,
1708503300,15.54,16.12,15.22,15.35,15.469547985565274,14.280452014434724,17.774010486980593,13.184036304164604,17.774010486980593,12.75277320341552,
1708589700,14.28,14.64,14.12,14.53,15.478993179685414,14.271006820314588,17.81639416212129,13.18821775121436,17.81639416212129,12.716833792318461,
1708676100,14.31,14.31,13.64,13.74,15.486228087111124,14.263771912888878,17.11146281795151,13.094183635095176,17.11146281795151,12.163483267985477,
1708935300,14.17,14.2,13.66,13.73,15.485420999175576,14.264579000824424,16.402346117147857,12.531920367064952,16.402346117147857,11.614506040781503,
1709021700,13.63,13.75,13.41,13.42,15.487062171990083,14.262937828009917,16.41502099558311,12.470777187757406,16.41502099558311,11.602082315587833,
1709108100,13.52,13.9,13.44,13.83,15.488156725501897,14.261843274498103,16.1332235149843,12.20787063013082,16.1332235149843,11.377438273840653,
1709194500,14.14,14.15,13.3,13.39,15.49115191391532,14.258848086084678,16.54771363393424,12.463476379222948,16.54771363393424,11.663317874544209,
1709280900,13.34,13.66,13.08,13.12,15.490855360015743,14.259144639984255,16.12263947107271,12.111576105717365,16.12263947107271,11.344208017117733,
1709540100,13.49,13.58,13.32,13.48,15.489159205521922,14.260840794478076,15.766483962801697,11.880207905880942,15.867235273657132,11.1435707816801,
1709626500,13.75,15.1,13.75,14.45,15.501367879497867,14.248632120502133,15.232575254070195,12.126153307092428,16.2293640365545,11.398957598974256,
1709712900,14.27,14.93,13.89,14.51,15.501284593345952,14.248715406654048,15.731114659731348,12.842651448713713,17.237188368324738,12.09626802414126,
1709799300,14.98,14.98,14.25,14.43,15.501301892646103,14.2486981073539,15.791117193816355,12.803863334886138,17.314700832040298,12.138456107683156,
1709885700,14.22,15.53,13.97,14.73,15.492478248604522,14.257521751395478,15.72738558692281,12.732360497381585,17.245489034171598,12.07948927996094,
1710141300,15.51,16.04,15.13,15.21,15.493724833357499,14.2562751666425,15.817700016889384,12.769344195618821,17.57333494842819,12.296734943834362,
1710227700,14.97,15.2,13.81,13.83,15.519175137850958,14.240824862149044,15.929202671787234,12.876573302340326,18.093350666710958,12.64589730601795,
1710314100,13.89,14.04,13.67,13.74,15.529699996689937,14.250300003310064,15.249537054834247,12.380062435731723,16.63746536536842,11.634471883918309,
1710400500,13.62,15.33,13.42,14.39,15.622454564998732,14.327545435001271,15.295164583374783,12.293602980869295,16.546188226425755,11.565341948255693,
1710486900,14.33,15.53,14.14,14.42,15.767548676066353,14.462451323933646,15.630679387150728,12.976831325053546,17.254223207744996,12.044965297929139,
1710746100,14.75,14.85,14.26,14.34,15.766396634602982,14.463603365397018,15.734070284285709,13.521992794126595,17.29452202194783,12.066275271456004,
1710832500,14.5,14.86,13.8,13.83,15.770320124762774,14.459679875237226,15.764194360633873,13.145006122588388,17.214741831341417,12.005928431047987,
1710918900,13.83,14.17,13.01,13.03,15.79065623139734,14.499343768602657,15.509849079363821,12.733823129147986,16.662396401877917,11.62354537231759,
1711005300,12.98,13.08,12.4,12.91,15.790854622019088,14.499145377980913,14.99742931828602,12.07863873176776,15.900480917210633,11.018407493743952,
1711091700,12.92,13.15,12.58,13.05,15.785219087332692,14.504780912667307,14.907571668399072,11.94666744587922,15.814703564913488,10.924142321753585,
1711350900,13.67,13.67,13.11,13.2,15.785517210534529,14.50448278946547,15.006915133636722,12.030865074369943,15.927184490798965,11.027329090340382,
1711437300,13.12,13.43,12.84,13.23,15.779811389904726,14.510188610095273,14.886204424313014,12.131600805368256,16.052896210851888,11.138563264833628,
1711523700,13.13,13.34,12.66,12.77,15.783483066051451,14.506516933948548,14.219348327090426,12.139395247275175,16.084509697844897,11.158852188025813,
1711610100,12.93,13.1,12.84,13,15.784297806509878,14.505702193490123,13.697905472379203,11.741481755759093,15.718995818449192,10.804679572688482,
1711955700,13.61,14.15,13.55,13.66,15.7810393432779,14.508960656722097,13.865259228539179,11.920535261080712,15.907783994323283,10.978073133377517,
1712042100,13.74,15.43,13.68,14.6,15.783309494717667,14.506690505282332,14.333138625225162,12.259398631889534,16.496831282131172,11.480712952480431,
1712128500,15,15.18,14.25,14.32,15.784268785188305,14.505731214811696,15.206662346239202,12.52503738995178,17.55540298704672,12.195718663049668,
1712214900,14.29,16.92,13.74,16.34,15.821272398097461,14.468727601902538,14.939611469080907,12.646304916876426,17.244636237069088,11.982096438133278,
1712301300,16.45,16.75,15.53,16.02,15.821188291619556,14.468811708380441,16.906484606936946,13.053522927860586,19.51503907844392,12.38243448773262,
1712560500,16.24,16.5,15.11,15.18,15.828004541335181,14.461995458664818,17.006124951330605,13.075243597143764,19.164145397666903,12.416991281225249,
1712646900,15.34,16.63,14.94,14.97,15.828486598469922,14.461513401530075,17.08226331650927,12.919532995352379,18.225337932853336,12.436669931015125,
1712733300,15.24,16.62,14.59,15.81,15.860202994259534,14.479797005740469,17.186141177983746,12.93380054031362,17.99255205532078,12.417057229033485,
1712819700,16.02,17.61,14.91,14.92,15.869222749548955,14.47077725045105,17.87826554527919,13.703120225189851,18.94604800409821,12.427126053677359,
1712906100,14.91,19.2,14.91,17.3,16.579217464928686,15.020782535071314,17.437234618765633,13.945647575205529,17.943446177139037,12.38064553793023,
1713165300,16.94,19.46,16.26,19.22,16.737354395579864,15.122645604420137,19.278495026314534,14.904143101744129,20.639057892870106,12.447070046869875,
1713251700,19.49,19.56,17.64,18.39,16.785684099962353,15.174315900037646,21.049208677797463,15.244010677564338,22.806104875661948,12.399263910472584,
1713338100,18.24,19.11,17.54,18.22,16.77960161573841,15.180398384261588,20.468943615455917,15.359643611083825,21.88343307826937,12.494050753978893,
1713424500,17.91,18.37,17.21,18.01,16.769973696909304,15.190026303090697,20.4938355068911,15.461207638625947,21.700494547262117,12.537702725901921,
1713510900,21.33,21.36,18.17,18.7,17.716701599338748,16.04329840066125,21.21504128385939,15.496361778088236,21.47127265073691,12.57165384470855,
1713770100,18.59,18.72,16.69,16.93,17.73784599949996,16.022154000500038,22.02813559930477,15.853204457284463,22.259517217122205,12.624009555602868,
1713856500,16.72,16.76,15.69,15.69,17.749883417517417,16.01011658248258,20.6061619606504,15.140615436863884,20.6061619606504,12.554963689297534,
1713942900,15.76,16.38,15.58,15.96,17.749149691263877,16.01085030873612,19.488311572683813,14.46303594734907,19.950924969091734,12.404198057236473,
1714029300,16.25,17.55,15.27,15.38,17.752346668212592,16.007653331787402,19.762865957681196,14.642890760777762,20.237581453092947,12.446901017981126,
1714115700,15.49,16.06,14.92,15.02,17.752452550460873,16.007547449539125,19.181562802856664,14.219451870005091,19.95203039585762,12.342045161650493,
1714374900,15.37,15.42,14.63,14.68,17.75261993870857,16.007380061291432,18.80555449413934,13.7005890362912,19.768107872050326,12.260064223665239,
1714461300,14.82,15.9,14.67,15.64,17.748981088149662,16.011018911850332,18.437369057847704,13.288030799508604,19.565845576406172,12.170362123441818,
1714547700,15.75,16.22,14.35,15.38,17.746689356312757,16.01331064368724,19.48741140680981,13.693677692410986,20.380154940910632,12.384609740141855,
1714634100,15.14,16.09,14.6,14.67,17.752786026840475,16.007213973159523,19.20824962456312,13.432337286927874,20.238051170080453,12.322008216269557,
1714720500,14.51,14.58,13.48,13.48,17.770920938286977,15.98907906171302,18.418212517731156,12.886679346474569,19.691157979278344,12.132646282740488,
1714979700,13.98,14.02,13.44,13.48,17.765227058822894,15.994772941177105,15.650057414151044,11.996705642024434,18.654697135367133,11.436354499014659,
1715066100,13.52,13.64,13.16,13.22,17.76539267048913,15.994607329510869,14.602528313654805,11.916483363484186,18.667165198781273,11.427802867536954,
1715152500,13.24,13.51,12.94,12.99,17.766202303124086,15.99379769687591,14.314880885509753,11.663990459324626,18.42881718837175,11.256014977178161,
1715238900,13.08,13.29,12.68,12.68,17.76746249635996,15.992537503640039,14.068820429414098,11.438382414665687,18.209182824677836,11.100956323742594,
1715325300,12.77,12.96,12.5,12.56,17.75242758397905,16.00757241602095,13.777367854622183,11.15839615079084,17.900125501842204,10.993267707179937,
1715584500,13.26,13.66,13.25,13.59,17.72526868796063,16.03473131203937,13.599210148490792,11.022248527564777,17.775808559735694,10.899854578395235,
1715670900,13.71,14.03,13.27,13.41,17.701538216932736,16.058461783067262,14.5557175145762,12.206644989789602,18.829140685171787,11.63113472626653,
1715757300,13.73,13.94,12.38,12.44,17.703989375626296,16.036010624373702,14.36977583519399,12.03580598178567,18.654251088781972,11.505387821858614,
1715843700,12.52,12.67,12.33,12.41,17.67670000647728,16.01329999352272,13.399660453276528,11.327482300493852,17.64108055384208,10.793786716120099,
1715930100,12.28,12.48,11.91,11.98,17.456106365263828,15.813893634736166,13.37695765267109,11.257744231752104,17.605534618926317,10.767662340072494,
1716189300,12.27,12.59,12.07,12.14,17.449965377399423,15.820034622600573,13.037507913906728,10.899132892260912,17.159111782428976,10.410961861300652,
1716275700,12.3,12.56,11.84,11.85,17.41435062103245,15.785649378967555,13.165655544450157,10.981034537651691,17.302671411724216,10.508925315102555,
1716362100,12.05,12.81,11.78,12.3,17.380187120245573,15.759812879754426,12.882488406477279,10.728844560452076,17.020802560075197,10.261772646990222,
1716448500,11.53,13.37,11.52,12.78,17.240347854354585,15.639652145645407,13.301611194805234,11.025049227018156,17.470809457188686,10.514342147983866,
1716534900,12.86,12.89,11.89,11.92,17.25263191932697,15.627368080673028,13.762624829000682,11.483822224926199,18.00213675977904,10.62381522205175,
1716794100,12.41,12.49,12.35,12.37,17.255434317603623,15.624565682396375,12.921840443394355,11.102365882477132,17.052591835184163,10.165446644034423,
1716880500,12.51,13.44,12.36,12.91,17.257929972474493,15.622070027525503,13.362108538151787,11.275606075786811,17.53998513126008,10.28720909865822,
1716966900,13.75,14.32,13.69,14.27,17.281193896271787,15.598806103728208,13.897959010249862,11.502718659902666,18.149005635655268,10.374793464090587,
1717053300,14.82,14.88,13.67,14.46,17.280362675456615,15.599637324543382,15.254607609437299,11.87641485708291,19.67210021633667,10.655187405942412,
1717139700,14.5,14.87,12.84,12.91,17.311054233110486,15.568945766889513,15.454197180221039,11.942866310175988,19.89275774635485,10.585459523578898,
1717398900,13.08,14.31,13,13.12,17.299435967001404,15.58056403299859,14.615037176990844,11.425260636685133,18.151567580468313,10.126763748548292,
1717485300,13.51,14.08,13.11,13.15,17.29939176760277,15.580608232397223,14.851600020927693,11.50718749067334,18.393572586363163,10.122704488480949,
1717571700,13.14,13.25,12.6,12.62,17.303203310853583,15.576796689146411,14.96278404124489,11.609523303784009,18.430013791790206,10.066942358831064,
1717658100,12.75,12.98,12.54,12.57,17.30190604716864,15.57809395283136,14.6977057818262,11.758509029561822,17.816239592870105,9.82254730237285,
1717744500,12.69,13.08,12.11,12.21,17.300533820539542,15.579466179460452,14.701502654266696,11.496906980807065,17.756901001269977,9.742500307983326,
1718003700,13.09,13.28,12.62,12.75,17.284144323237616,15.59585567676238,14.45118828993586,11.169762654759346,17.330924274422337,9.548338674407699,
1718090100,12.85,13.47,12.78,12.86,17.284313459599932,15.595686540400065,14.900808703956608,11.533589641539542,17.96748412058262,9.69565917141373,
1718176500,13.1,13.15,11.94,12.03,17.289063737506012,15.590936262493985,15.018772226756191,11.59038428773345,18.097397154942318,9.685740132853297,
1718262900,12.05,12.68,11.88,11.95,17.289036399634245,15.59096360036575,14.319815872775912,10.911913861793547,17.10808339173199,9.311464421069847,
1718349300,12.22,13.45,12.12,12.65,17.29788421228394,15.582115787716058,14.249782027638659,10.822893709460743,17.00882805557091,9.228367895122716,
1718608500,13.07,13.29,12.5,12.74,17.295083013845957,15.584916986154036,14.893072794669164,11.369480601608997,17.847580165342414,9.46606625984076,
1718694900,12.7,12.74,12.24,12.29,17.289534694499523,15.590465305500473,14.653771428747518,11.39196600869066,17.955092189714676,9.452102840827836,
1718781300,12.32,12.55,12.32,12.49,17.290069495978333,15.589930504021662,13.764138585499534,11.050230309695856,17.41222016104672,9.234889840899918,
1718867700,12.5,13.55,12.18,13.27,17.29902122573874,15.580978774261252,13.06701516432244,11.161522878180964,17.652890835361433,9.27299774199089,
1718954100,13.22,13.78,12.99,13.19,17.298797401949628,15.58120259805037,13.747335472591702,11.48148557276732,18.59354312230714,9.430089215196116,
1719213300,13.85,13.88,13.15,13.34,17.299101169487656,15.580898830512337,13.723816738112873,11.906271379061439,18.31223033432577,9.362985761630366,
1719299700,13.48,13.52,12.84,12.84,17.299619491259477,15.58038050874052,13.889695273066364,11.967805963484068,17.948040891349347,9.358886621712774,
1719386100,12.81,13.24,12.37,12.54,17.300168684509003,15.579831315490994,13.608837468799628,11.754282144126956,16.80866885037276,9.176713235517603,
1719472500,12.69,12.77,12.21,12.25,17.294983982037184,15.585016017962813,13.518133718151244,11.677135735602016,16.452380418020926,9.044036903813979,
1719558900,12.24,12.76,11.87,12.45,17.283921134628333,15.596078865371663,13.385323888238656,11.450183492588492,15.48369304875583,8.910247527476862,
1719818100,12.98,13.26,12.1,12.23,17.283795593060514,15.596204406939478,13.522480969066716,11.598349577228259,15.71956237364324,8.932081053623318,
1719904500,12.67,12.88,11.85,12.02,17.23614669845825,15.643853301541748,13.410505281284884,11.420193495834367,15.453934566095835,8.820731625866856,
1719990900,12.13,12.23,11.95,12.08,17.235783456207653,15.644216543792345,13.304827371916799,11.246106702304317,15.199710175914873,8.710851346119536,
1720077300,12.1,12.35,12.09,12.27,17.230071848755088,15.649928151244907,13.343879724948234,11.563942088448577,15.225710319710172,8.69289228152343,
1720163700,12.37,12.61,11.84,12.47,17.23076748897185,15.649232511028142,13.468823637631997,11.60880116843961,15.457340926010936,8.721229477185794,
1720422900,12.91,12.91,12.31,12.36,17.221671272811044,15.658328727188954,13.436516295141402,11.68737436323573,14.817360462307569,8.754684587972413,
1720509300,12.48,12.61,12.35,12.5,17.21404545428313,15.665954545716863,13.353229755955617,11.589346250782286,14.713133436473555,8.684048882067039,
1720595700,12.51,12.92,12.39,12.84,17.150170072224423,15.729829927775574,13.468288225601473,11.641004718057676,14.854727422550694,8.700582568897186,
1720682100,12.88,13.33,12.23,12.91,17.11247198216828,15.767528017831713,13.614397368382615,11.74738995496421,15.204572289307329,8.78712893776585,
1720768500,12.87,12.89,12.11,12.45,17.11076641979475,15.769233580205244,13.075773431915524,11.760069124987801,15.28262740472804,8.782873310863906,
1721027700,12.78,13.26,12.75,13.13,17.121720485039855,15.758279514960142,12.956405849982477,11.521182819955536,14.814998061990677,8.594434645834964,
1721114100,13.38,13.47,12.95,13.2,17.12192565358741,15.758074346412583,13.31285037206005,11.845253521186539,15.525254793901476,9.613868708190264,
1721200500,13.6,14.88,13.54,14.47,15.768544549198573,14.471455450801427,13.413611908989735,12.207220789303008,15.604269357826853,10.076701183440662,
1721286900,14.27,16.43,14.08,15.92,15.159033314763247,13.910966685236753,14.53219412634398,12.708623092147539,16.969869787020713,10.610534953436105,
1721373300,16.44,17.19,10.62,16.51,14.678033399602054,13.491966600397948,15.920000000000002,13.118470157934507,18.522772872065403,11.427798542205107,
1721632500,16.79,16.89,14.75,14.9,14.704530146546848,13.465469853453152,16.84117490705455,13.40341637719867,19.16140191210952,11.470145366129938,
1721718900,15.21,15.35,13.9,14.71,14.513690119232436,13.296309880767566,16.874922635479017,13.40027201737752,17.453836942640013,10.948805283951295,
1721805300,15.35,18.46,15.18,18.03,15.275216760562838,13.80478323943716,17.109169240345274,13.642628242119793,17.256875328140417,10.853364305897864,
1721891700,18.41,19.36,16.42,18.47,15.747381283973304,14.23261871602669,19.5340496475415,14.842107653427796,20.818767342132254,11.483787404455997,
1721978100,17.97,18.05,16.37,16.38,15.773335092499943,14.206664907500054,20.15777151928632,15.273061163957848,21.302498708153486,11.741158138421593,
1722237300,16.59,17.21,16.23,16.59,15.772934638740358,14.207065361259637,18.850825537249694,14.540908448170455,19.081320917587224,12.207132032269733,
1722323700,16.64,18.32,16.26,17.68,15.7760118193286,14.203988180671395,19.2698048808549,14.648140410268075,19.31776522272534,12.275525800644477,
1722410100,16.66,16.77,15.71,16.37,15.773110792011131,14.206889207988864,20.62775454210124,15.293183174232551,20.62775454210124,12.471347175457995,
1722496500,16.2,19.48,15.95,18.58,15.86982603551661,14.230173964483392,19.724572271955154,14.515119283124793,19.724572271955154,12.282967329820906,
1722582900,20.52,29.66,20.01,23.38,21.37225984777332,18.907740152226683,21.741276367887178,15.947446330976748,21.741276367887178,12.543852825625176,
1722842100,23.39,65.73,23.39,38.56,41.48014357761091,34.869856422389105,26.783901796701084,16.673502526599826,26.783901796701084,11.871785944698543,
1722928500,33.71,34.77,24.02,27.7,41.86986452387192,34.48013547612809,42.2784590004869,13.83139788483529,42.83565138191464,5.691718886251756,
1723014900,24.77,29.76,21.97,27.84,41.86852042540098,34.48147957459902,39.350141558558974,17.850857272140537,39.350141558558974,11.2414133261255,
1723101300,28.34,29.47,23.36,23.78,41.9420725154317,34.40792748456831,42.82212417155759,18.613346858364217,42.82212417155759,12.133784844878647,
1723187700,23.78,24.52,20.26,20.36,42.02147299665635,34.32852700334365,39.71421295981584,18.491128303361883,39.71421295981584,12.886620465132482,
1723446900,20.79,21.19,18.89,20.72,42.00129112329061,34.348708876709395,35.90046848649825,17.18130606659684,35.90046848649825,13.078022236287245,
1723533300,20.06,20.79,17.95,18.11,42.06123162588038,34.28876837411963,36.64117949152071,16.44007998924644,36.64117949152071,13.175640760506294,
1723619700,18.41,18.49,16.12,16.2,42.09678392372294,34.25321607627707,33.30294791788022,14.400627878064926,33.647547142949,12.9941120753307,
1723706100,16.27,16.68,14.77,15.22,42.10959753276306,34.24040246723695,30.15231991452193,12.848272838986052,31.5468457130324,12.421995864495106,
1723792500,15.29,15.76,14.65,14.81,42.11013676446525,34.239863235534756,28.7297784285321,11.954055615003426,30.387770446552473,11.954055615003426,
1724051700,15.94,16.07,14.46,14.66,42.10723948216759,34.24276051783241,28.086539594071276,11.485756174959832,29.907349001886978,11.485756174959832,
1724138100,14.89,15.93,14.78,15.87,42.12065532655541,34.2293446734446,27.628839524657884,10.968521566176499,29.75891636334516,10.968521566176499,
1724224500,16.25,17.17,15.92,16.26,42.105825496671535,34.24417450332847,29.57235146387478,10.858057330528496,31.528401339200144,10.858057330528496,
1724310900,16.27,18.06,15.76,17.54,42.117470069185664,34.232529930814344,30.212926092302755,10.349626623715972,32.16115109836371,10.349626623715972,
1724397300,17.12,17.21,15.61,15.85,42.14584404240752,34.20415595759249,30.481186860040573,9.7373786782696,34.0518758036919,9.7373786782696,
1724656500,16.27,16.67,15.81,16.14,42.11873485948506,34.23126514051495,24.191040480331466,9.150502301707508,31.7272954785537,9.150502301707508,
1724742900,16.21,16.81,15.37,15.42,42.124838367372526,34.22516163262748,18.103503801980633,8.63300806443575,32.22380135973978,8.63300806443575,
1724829300,15.51,17.89,15.46,17.1,42.11501619025501,34.234983809744996,17.796067100659712,10.012825048598046,31.202716552463073,8.15209037448944,
1724915700,16.54,16.57,15.19,15.64,42.13979847981417,34.21020152018584,19.038802231635366,10.107718784331201,33.80027687513646,7.747113814770861,
1725002100,15.67,16.04,14.78,15.01,42.14532971836465,34.204670281635366,18.065692071460678,10.845347066751327,31.64204161860721,7.373545569529313,
1725347700,15.76,21.99,15.71,20.71,42.42207655584367,33.92792344415634,17.584164577756216,11.352251739408441,30.695614370372617,7.019539757487712,
1725434100,23.2,23.31,19.34,21.33,42.4229215409337,33.92707845906631,22.278018234745304,13.548154638310281,39.438442834679364,6.6072024328045575,
1725520500,20.75,21.53,19.21,19.89,42.43570047495145,33.91429952504856,22.974346545399662,14.300104414859922,40.47742607051546,6.312765892274154,
1725606900,21.98,23.76,18.83,22.37,42.464640308973586,33.88535969102643,22.38122563171719,15.107264978580416,38.45200785615131,6.188207931663454,
1725866100,21.32,21.41,19.29,19.46,42.52259755574237,33.827402444257636,25.448767980930786,15.620760399123338,42.28119088732902,5.73008220567214,
1725952500,19.86,20.74,18.9,19.07,42.510110843235985,33.83988915676402,24.7136384532811,15.326159446813234,37.98278042659733,5.805819912996682,
1726038900,19.41,21.41,17.55,17.7,42.52724058348557,33.82275941651443,24.44774128597203,15.302081555942276,37.455320009820724,5.6391244564345016,
1726125300,17.62,18.59,16.89,17.08,42.52471349058106,33.82528650941895,23.095053388383526,14.868736112096965,35.337324847951265,5.486641637134868,
1726211700,17.03,17.18,16.23,16.57,42.527911202286056,33.82208879771396,22.791694763165328,14.61402865625082,34.379369707463376,5.32334263073693,
1726470900,17.16,17.69,16.91,17.13,42.525673710302364,33.824326289697645,22.453322890128682,14.36600310537198,33.57978358825285,5.165123362391721,
1726557300,17.16,18.08,16.67,17.6,42.52661741359235,33.82338258640767,23.059691048280328,14.891897676600362,34.55177988716603,5.040074165705741,
1726643700,17.58,19.39,17.11,18.22,42.520768507920636,33.82923149207937,23.603706244525444,15.227595125880036,35.37749618675922,4.899525467704274,
1726730100,17.21,17.27,16.21,16.34,42.554414105330906,33.7955858946691,24.31282353081616,15.088412141956514,36.45568838850891,4.750695798414258,
1726816500,16.35,16.68,15.81,16.16,42.55478135696257,33.795218643037444,22.432879201405278,14.212360357389027,33.33136182291033,4.649844947639888,
1727075700,16.71,16.95,15.75,15.9,42.55124712067271,33.798752879327296,22.26705813724007,13.901803245443862,33.05252706545385,4.529189634614928,
1727162100,15.87,16.67,15.27,15.38,42.552860193994626,33.79713980600539,21.99993121913836,13.583902225825076,32.630350966249786,4.413667267504714,
1727248500,15.82,15.82,15.17,15.4,42.550969473368376,33.79903052663163,17.491433839002973,13.151002489665114,31.765451613813248,4.297777576422579,
1727334900,15.06,15.83,14.9,15.36,42.550640221618046,33.79935977838197,17.49099125438775,12.98944517590946,31.82448975105823,4.197256888718009,
1727421300,15.64,16.97,15.2,16.95,42.5727723492551,33.77722765074491,17.429509739201247,12.812426629876256,31.773414227006686,4.100814271275356,
1727680500,17.01,17.79,16.47,16.72,42.57237405020204,33.77762594979797,18.443699421524208,13.430457418589569,34.56229499453037,4.030014491391672,
1727766900,16.96,20.73,16.61,19.27,42.62048215843007,33.72951784156994,18.266070030222192,14.605007183653012,34.18755327322107,3.9445858047618607,
1727853300,19.65,20.36,18.58,18.91,42.6220538530313,33.72794614696871,20.37199633514593,14.940105340885896,38.649580806198394,3.8378518495206198,
1727939700,19.63,20.75,19.16,20.48,42.6354606833281,33.7145393166719,20.12860059308535,15.259315604582431,38.06904208353558,3.7724503502288282,
1728026100,20.48,20.48,18.48,19.2,42.64818582199913,33.70181417800087,21.589473510106735,15.676772993820638,40.82054189199537,3.6593667338769293,
1728285300,20.76,23.03,20.65,22.65,42.71147727889564,33.63852272110436,21.412050797753167,15.418591531905633,38.649977968303006,3.6294673265789363,
1728371700,22.92,23.14,21.14,21.43,42.721128449439725,33.62887155056028,24.48992803697978,16.507266173071045,44.64113533746569,3.440913633854006,
1728458100,21.98,22.01,20.71,20.87,42.7241153509565,33.62588464904351,23.61368162002394,16.28040803793732,41.938826019981946,3.441055615316561,
1728544500,20.91,21.39,20.64,20.94,42.719194615295486,33.63080538470452,23.999841816545686,16.17278292633667,41.01183732697208,3.4059540699690416,
1728630900,20.87,21.16,20.14,20.45,42.71641307485554,33.63358692514448,24.53051876648553,17.913519455990265,39.931204440093346,3.3504377944525636,
1728890100,20.86,20.86,19.69,19.69,42.72146291344794,33.62853708655207,24.667926430518882,18.12775226314139,39.0936242948533,3.3130179688393326,
1728976500,19.61,20.89,19.44,20.65,42.70708841584076,33.64291158415924,24.485020927976244,18.16775156500681,37.77412773789932,3.279072929281302,
1729062900,20.77,21.01,19.45,19.57,42.69455795202015,33.65544204797986,25.379597328124184,19.295941585731917,39.48171433831369,3.2110168825928476,
1729149300,19.55,19.65,18.88,19.1,44.52766665964802,35.10233334035199,24.80062258043868,18.40581185658198,37.591374981008855,3.1854604268179507,
1729235700,19.3,19.32,17.99,18.02,44.507932501675185,35.122067498324824,24.57590074570645,18.000556734649155,35.30352510262148,3.145357313701492,
1729494900,18.78,19.34,18.36,18.38,44.820970352514195,35.3690296474858,23.00816279096311,17.066648321355505,33.36620166927222,3.104274242583454,
1729581300,18.79,19.44,18.05,18.21,44.71021544685701,35.47978455314299,23.379392002928086,17.359486386326477,34.01530856679618,3.0617260147060783,
1729667700,18.21,20.47,18.18,19.25,44.71706024362115,35.47293975637886,21.643528715578526,17.103079440642443,33.711360783065395,3.020209585349072,
1729754100,18.87,20.24,18.63,19.07,44.676379313440904,35.51362068655909,22.655419972685333,17.19619812771603,35.584100577823236,2.9786695672144248,
1729840500,19.22,20.51,18.23,20.32,44.68634612341151,35.50365387658848,22.230563562196807,16.980488502675392,35.26294298639526,2.941751411093719,
1730099700,19.11,19.88,18.91,19.79,44.67828112785785,35.51171887214215,23.60106802899881,17.091299561640998,35.09560143773133,2.895440179155493,
1730186100,19.75,20.53,19.06,19.33,44.66263720239774,35.52736279760226,20.722066254780742,16.86725953911342,29.746604626880767,2.866360370181102,
1730272500,19.33,20.44,19.3,20.34,44.62580125543974,35.56419874456026,20.75698485182745,17.043164054305844,26.565738898654047,2.835145307853068,
1730358900,21.44,23.42,21.12,23.15,44.52346147327834,35.66653852672166,21.444980273986623,17.538783253566443,27.867099083875825,8.16060049131716,
1730445300,22.96,23.09,21.16,21.87,26.8434139720039,22.386586027996103,23.96376463290542,18.67738407696908,31.453886180820824,8.872146481534312,
1730708100,22.5,23.07,21.73,21.97,23.896243796549705,20.323756203450294,23.61461502791857,18.600886834546632,29.847870295931042,11.504630287482131,
1730794500,21.98,22.06,20.2,20.5,23.748432413706343,20.181567586293657,24.037758066322468,18.685248599434928,29.99214575879075,13.84564644414688,
1730880900,16.06,16.82,15.44,16.26,21.125020769750254,17.85497923024975,23.720674888241355,17.737112898226556,28.12393084204175,13.330921860606168,
1730967300,15.86,15.86,15.13,15.19,20.679257728830088,17.54074227116991,21.490254390018016,15.320005515117163,22.74044684611542,11.615720924379502,
1731053700,15.13,15.33,14.66,14.93,20.678607658129,17.541392341871,20.663586101533227,14.537801932513558,21.637741550704092,11.10260499644449,
1731312900,15.33,15.56,14.89,14.96,20.646880467153675,17.573119532846324,20.355238209051542,13.924288375471072,21.506815662095285,10.94627834884162,
1731399300,15.09,15.37,14.69,14.7,20.62468447169154,17.595315528308458,20.05441866882923,12.757130773617785,21.527712475806823,10.9253726573195,
1731485700,15.09,15.26,13.77,14.01,20.249439827853962,17.280560172146036,19.697237659543188,12.228557009801026,21.381305717948347,10.768468499611174,
1731572100,14.17,14.32,13.59,14.3,20.151877015277048,17.19812298472295,18.37523019533314,11.541108944369924,20.878971058633226,10.400106938516004,
1731658500,15.02,17.55,14.56,16.13,20.178387486328802,17.171612513671196,18.444578367006283,11.325475749232774,21.05807121459096,10.509492316656175,
1731917700,16.6,17,15.35,15.57,20.169335080788482,17.180664919211516,19.487929921799658,11.838749448440765,22.479952666742722,11.352886948204446,
1732004100,15.44,17.93,15.37,16.34,20.172565642845868,17.177434357154134,18.858979482564806,11.43241263585971,21.870254931867496,11.064226426107194,
1732090500,16.19,18.79,16.04,17.15,20.1662519568075,17.1837480431925,19.652806150665096,11.62923611576019,22.760637702467154,11.40258934679688,
1732176900,17.1,17.99,15.73,16.86,20.147524576341052,17.20247542365895,19.56434506176755,11.761198711080567,23.83251533899786,11.75651016084235,
1732263300,16.67,17.56,15.24,15.24,20.165989061524893,17.184010938475108,18.334988194711308,11.537738811358846,23.452065326292946,11.537738811358846,
1732522500,15.23,15.72,14.54,14.61,20.16544273353366,17.184557266466342,17.405879938255715,10.81027087700599,21.674253881928887,10.806451818481612,
1732608900,14.95,15.03,13.88,14.09,20.14688683643136,17.20311316356864,17.181616001964134,10.410410467757371,21.223006152079677,10.410410467757371,
1732695300,14.28,15.13,13.96,14.11,20.132646070045514,17.217353929954488,16.894804701785034,10.570417172387344,20.592371546910407,10.063772429909047,
1732781700,14.07,14.07,13.87,13.91,20.12996547267327,17.220034527326728,16.913242314227375,12.675549682987143,20.593731162635606,10.003071556908303,
1732868100,14,14.15,13.49,13.5,19.859699854181088,17.390300145818912,16.76826690880364,12.9877204271534,20.400932580277974,9.820310185470035,
1733127300,14.08,14.1,13.3,13.33,19.755491079593067,17.304508920406935,16.438646400388937,12.566434890132093,20.010572075509273,9.54515489980082,
1733213700,13.38,13.77,13.19,13.31,19.68809378226238,17.26190621773762,16.28076951106166,12.279653259029153,19.83171740588435,9.385546375370563,
1733300100,13.16,13.61,12.89,13.46,19.313210007304043,16.996789992695955,16.245286648426195,12.101212332145854,19.79177135566105,9.30321203810902,
1733386500,13.46,13.7,13.26,13.53,19.273232664749486,17.036767335250516,16.361659581967494,12.05471205767671,19.914360291407426,9.309150881827232,
1733472900,13.62,13.74,12.7,12.76,19.178317178066205,16.9416828219338,16.188626892822615,11.9947742589251,19.963118088813275,9.28238643867455,
1733732100,13.36,14.23,13.35,14.18,19.195221479800296,16.92477852019971,14.356086463491462,11.43948051158517,19.19186911071986,8.84518461674087,
1733818500,14.3,14.54,13.86,14.19,19.192856850567875,16.92714314943213,15.727330813194538,12.222871589614096,20.55454154801052,9.375305514697999,
1733904900,14.42,14.43,13.52,13.57,19.195114934740136,16.92488506525987,15.010002128469376,12.138436094814034,20.553646799752872,9.295899325605825,
1733991300,13.73,13.95,13.39,13.91,19.19386609350251,16.926133906497494,14.254194800726093,11.750311927576115,19.938322719927207,9.004266144853485,
1734077700,13.57,14.25,13.24,13.8,19.19176270478955,16.928237295210455,14.440266541329537,11.888600351326902,20.260097393717892,9.049743235642744,
1734336900,14.37,14.69,13.99,14.69,19.198399899741037,16.921600100258967,15.039882808664878,12.26215145615952,20.139562583890704,8.941959143258474,
1734423300,14.98,15.94,14.78,15.88,19.18681355264907,16.933186447350934,15.895196360216374,12.652975798516898,21.00570617566376,9.191487400060204,
1734509700,15.57,28.32,14.82,27.61,22.420295308364043,18.599704691635953,17.059374761087888,13.292606217618603,22.166531650123073,9.53716038106507,
1734596100,21.61,24.12,20.16,24.08,22.45539766470166,18.564602335298336,27.859439775279665,12.169091437511534,36.41258989489137,7.139989801556553,
1734682500,24.14,26.51,17.82,18.35,22.58008361173812,18.439916388261874,30.01695117193212,14.198208582355237,32.16938832568071,9.031485784735313,
1734941700,18.09,20.02,16.74,16.77,22.593722548550236,18.42627745144976,27.938477694307895,14.998414962168736,27.938477694307895,10.200175622306205,
1735028100,16.97,17.04,14.27,14.27,22.63510204154298,18.384897958457017,26.765723986382852,15.01046296725126,26.765723986382852,9.662856910686067,
1735200900,14.99,15.93,14.55,14.72,22.620965585830255,18.39903441416974,24.22047070000681,13.375409172277475,24.22047070000681,8.738507948659086,
1735287300,15.38,18.45,15.29,15.94,22.63111526628222,18.388884733717777,24.78743945594725,12.409547528413526,24.78743945594725,8.865356130666314,
1735546500,17.21,19.22,16.44,17.41,22.611358336102576,18.40864166389742,26.228553869665525,11.25702417783085,26.228553869665525,9.272908166143594,
1735632900,17.39,17.81,16.68,17.34,22.610889407408568,18.40911059259143,28.270298549965453,10.506693566761916,28.270298549965453,9.755285856847141,
1735805700,17.21,19.5,16.96,17.92,22.602222568185187,18.41777743181481,28.28557806668764,9.928232585471878,28.28557806668764,9.705208583559358,
1735892100,17.66,17.94,16.11,16.14,22.612702531180616,18.40729746881938,29.177294360399323,9.535182468126939,29.177294360399323,9.535182468126939,
1736151300,16.77,16.87,15.71,16.03,22.56666306268103,18.453336937318966,26.74984804101767,8.953380141698728,26.912236258600466,8.953380141698728,
1736237700,16.48,18.9,15.79,17.83,22.58221994765459,18.437780052345406,26.632415982211565,8.619272269425764,26.86308977929454,8.619272269425764,
1736324100,17.91,19.5,17.37,17.69,22.581356343637015,18.438643656362977,29.281614651865258,8.660861941635627,29.281614651865258,8.660861941635627,
1736410500,18.2,18.2,18.07,18.07,22.582209413986735,18.43779058601326,28.414268256772456,8.43741198084629,29.142711428488973,8.43741198084629,
1736496900,18.29,20.31,18.05,19.53,22.591513175044202,18.428486824955797,27.9092004145541,8.332127806393204,29.742058031948005,8.332127806393204,
1736756100,21.18,22.04,19.15,19.18,22.589772893170558,18.430227106829438,21.742858376886772,8.4429833220532,31.94383257958073,8.4429833220532,
1736842500,18.79,19.66,18.24,18.7,22.586931123780616,18.433068876219384,21.576697562498545,10.017340397482755,31.484556312332572,8.267709599739426,
1736928900,19.08,19.14,15.96,16.11,22.61708603678091,18.402913963219085,21.252430482074615,13.950399411941195,30.846699244347064,8.072132092881649,
1737015300,15.87,16.6,15.64,16.6,22.61802897904396,18.401971020956037,19.630039562462784,13.552450735246,27.389126578543113,7.405781870293431,
1737101700,16.19,16.23,15.53,15.96,22.615233953811995,18.404766046187998,19.967817736880903,14.99037646012322,28.11892128252532,7.421727224205611,
1737360900,16.46,16.59,15.8,15.8,22.61456941821364,18.405430581786355,19.61205730655148,14.458378188670396,27.25853682616681,7.1756142815989605,
1737447300,16.29,16.29,14.93,15.05,22.61784308389672,18.402156916103277,19.092927162079317,14.269222996140124,27.06401744323275,7.0515263518974685,
1737533700,14.89,15.29,14.59,15.11,22.612414382473006,18.40758561752699,18.367462555709327,13.459903986915176,26.004082668492558,6.777145703103933,
1737620100,15.28,15.39,14.59,15.03,22.61236843887338,18.407631561126617,18.391763691612688,13.394175859969874,26.113693338060077,6.721228443431848,
1737706500,15.02,15.16,14.58,14.84,22.605150942774003,18.414849057225993,18.2961602460424,13.258375323130373,26.015870633947294,6.633285729920464,
1737965700,18.83,22.51,17.57,17.89,22.66120076922977,18.358799230770224,18.097803799944792,13.056474397947621,25.751169812511222,6.519474544221556,
1738052100,18.29,18.39,16.25,16.42,22.671323185967886,18.34867681403211,20.89936867618926,14.226872290591443,30.276152274006456,7.276593089454673,
1738138500,16.42,18.08,16.17,16.55,22.667018243416223,18.352981756583773,18.219550043477177,13.802756597761341,28.147500643791695,6.846659342467623,
1738224900,15.93,16.42,15.32,15.83,22.6415062637038,18.378493736296196,18.441127553858916,13.712948972456914,28.367845783009273,6.836714596678913,
1738311300,15.45,17.09,14.9,16.42,22.640085202980597,18.3799147970194,18.259117072902704,13.36762263295939,27.310681363014396,6.596494937657482,
1738570500,20.36,20.42,17.66,18.61,22.665823184027115,18.35417681597288,19.156900156730387,13.470481071078954,28.222223197380035,6.720242876128513,
1738656900,18.78,19.11,16.78,17.2,22.66792851361455,18.352071486385448,21.386367358440605,14.172623552377612,31.533727303246355,7.274312455018315,
1738743300,17.54,17.75,15.77,15.78,22.595877912541834,18.424122087458162,20.0523164750144,13.94448457438655,29.448875541731702,6.865207755966635,
1738829700,15.88,16.15,14.99,15.49,22.589013985239916,18.430986014760077,18.625292189072542,14.354035648217101,27.30592305520363,6.434952607656825,
1738916100,15.38,16.66,14.79,16.55,22.595300782318045,18.42469921768195,18.55382733217151,14.182748693040985,26.87411748269033,6.319601668946429,
1739175300,16.58,16.61,15.7,15.8,22.598928361597064,18.421071638402932,19.46296009432331,14.954859831892968,28.52355226853671,6.594710129702651,
1739261700,16.13,16.42,15.75,16.01,22.5986065290881,18.421393470911894,18.836471216652043,14.228214372790616,27.381544934903964,6.351601291789182,
1739348100,15.91,17.18,15.64,15.88,22.594801370217183,18.42519862978281,19.026751304366492,14.172149543253083,27.72171975713806,6.386332749064472,
1739434500,15.97,16.33,14.98,15.09,22.598620984744937,18.42137901525506,18.97836087140908,13.980268665011902,27.53306332123683,6.323484405718615,
1739520900,15.08,15.42,14.74,14.78,22.57588577542437,18.444114224575625,18.397925733502724,13.391785648463436,26.306625982174324,6.065351144593704,
1739780100,15.38,15.57,15.34,15.38,22.576619016322656,18.44338098367734,18.149741887442378,13.09876927380156,25.826120841852624,5.948531971183682,
1739866500,15.57,16.03,15.35,15.35,22.572761209461785,18.44723879053821,17.94228772501472,13.4293617682935,26.78230925840174,6.106864529647186,
1739952900,15.14,15.96,15.05,15.26,22.568774806680057,18.451225193319935,17.906225295338338,13.339432176794464,26.744223900527913,6.0769441153130845,
1740039300,15.61,16.63,15.12,15.65,22.56954392430547,18.450456075694525,17.80889355129631,13.216862939304459,26.610340773525262,6.029819521322231,
1740125700,15.63,19.03,15.28,18.22,22.589700817626277,18.43029918237372,18.205910909392156,13.403776025666035,27.23810804483813,6.128401383638282,
1740384900,18.08,20.24,17.31,18.97,22.588526471474392,18.431473528525604,20.374775803072815,14.269740589405803,31.30370937233871,6.867642649370664,
1740471300,19.09,21.48,18.85,19.42,22.586413020669923,18.433586979330073,19.905273545656502,14.380777920407816,32.49780221013192,7.0685608302334,
1740557700,18.96,20.06,17.83,19.09,22.587177050670036,18.43282294932996,20.36766613456674,15.217939684277233,33.22322248641194,7.184005194864804,
1740644100,18.25,21.47,17.67,21.12,22.60109849191696,18.418901508083035,20.764441575146368,15.8635076517272,32.726232105664806,7.0772838302880015,
1740730500,21.21,22.4,19.05,19.62,22.609196514307524,18.41080348569247,23.065132283957713,16.463356921206827,35.92806019674454,7.642388004920347,
1740989700,19.83,24.31,19.25,22.77,22.640261122755557,18.379738877244442,21.916096316802225,16.247226570916936,33.59964442143836,7.206655383130771,
1741076100,22.96,26.35,21.71,23.5,22.64091032686051,18.379089673139486,25.01242167587151,18.09507415730457,38.557279752720426,8.085577114209963,
1741162500,23.03,24.84,21.37,21.92,22.650404587825854,18.369595412174142,25.878970490391172,18.75668572538715,39.72529446313249,8.28092254670171,
1741248900,22.6,25.92,22.39,24.86,22.6716905823484,18.348309417651596,24.495925664123682,18.691802902805655,36.583977382095206,7.834178531836898,
1741335300,24.85,26.56,23.09,23.38,22.970754450988405,18.589245549011597,27.489443640289203,21.62893021540195,41.33051902169954,8.645142185216972,
1741590900,24.7,29.56,24.68,27.85,23.685032745393485,19.114967254606512,26.174616332287357,21.26143483931543,38.95668719618877,8.231530752170046,
1741677300,27.94,29.57,26.18,26.91,23.693603019338568,19.11639698066143,30.746923693165392,24.046954610384475,46.169901570314394,9.451264995117278,
1741763700,26.88,26.91,23.89,24.22,23.709862769926453,19.10013723007355,29.879641924248453,24.112552303026632,44.67377444218977,9.197394391470311,
1741850100,24.92,26.13,23.46,24.65,23.709591331177023,19.10040866882298,29.11343446931515,22.067118318997966,39.099411134847486,8.453163625163418,
1741936500,24.35,24.36,21.48,21.78,24.15234187261032,19.407658127389684,29.89841052272275,22.453028105455374,38.10369793084861,8.570056069941007,
1742195700,22.89,22.95,20.32,20.5,24.309674043830057,19.530325956169946,28.17098037506426,20.114517633455453,28.957564148615322,7.749188951857617,
1742282100,20.83,22.57,20.41,21.71,24.305572690367224,19.53442730963278,27.343225295592106,19.040645173651104,28.462307904666698,9.938925779140225,
1742368500,21.84,22.1,19.42,19.89,23.76794893225241,20.072051067747594,28.313701017552972,19.53263693109318,29.534018241470807,14.437915875512884,
1742454900,19.52,21.17,19.3,19.79,23.731283516990366,20.108716483009637,26.96633861256261,18.486710827791455,28.42996238354955,14.157900274657624,
1742541300,20.02,21.14,19.15,19.27,23.57145255890142,20.268547441098583,26.648938831982687,17.880028351285944,28.511089440737607,14.141453382804249,
1742800500,19.13,19.14,17.46,17.49,23.57444388449675,20.265556115503255,26.158707062737122,17.244745402566227,28.20708546120086,14.029028296892768,
1742886900,17.58,17.77,17.02,17.14,23.663188265053485,20.45681173494652,22.5889351423927,15.980440904661474,26.75891923699367,13.065141007988743,
1742973300,17.23,19.07,16.97,18.32,23.687075031788254,20.462924968211745,22.147356371087465,15.53721258980027,26.494521548831145,12.863188287395257,
1743059700,18.36,19.28,17.95,18.68,23.673581392746637,20.476418607253365,23.363765759439673,15.897120972014603,27.678988126454733,13.50993950618847,
1743146100,19.08,22.18,18.92,21.66,23.706552346230474,20.44344765376952,22.2475539911086,15.728771989649207,28.101372140116474,13.703926724561525,
1743405300,24.11,24.8,21.67,22.27,23.707781081457597,20.4422189185424,25.5598019474304,15.423730509819798,31.038078528580733,14.604702758522595,
1743491700,22.06,23.52,21.58,21.78,23.70731272358863,20.442687276411373,23.362711806456623,15.111303360216567,31.75914472829149,14.758599081749422,
1743578100,22.3,23.66,20.68,21.52,23.679809745688193,20.470190254311806,23.746864806369793,15.026476038660919,31.409387181378584,14.668796149519416,
1743664500,26.38,30.02,24.93,30.02,24.161058527079724,20.438941472920277,24.1081763411834,15.370330281464504,31.260825706853076,14.62282854857733,
1743750900,30.12,45.61,29.99,45.3,33.005399225012916,27.18460077498708,31.61501453733855,15.956380068674813,39.561868379990685,14.071267235396666,
1744010100,60.13,60.13,38.58,46.97,40.96722474925305,33.74277525074696,45.33232874007135,16.005291423552567,52.77185527635522,6.355072931939645,
1744096500,44.04,57.52,36.48,52.32,40.99282570998006,33.71717429001995,52.280036291902356,18.076200656949005,54.68829071557485,5.930054923727205,
1744182900,50.98,57.96,31.9,33.63,41.56450676567239,33.14549323432761,63.12318852986349,18.11138180343356,63.12318852986349,2.9043914972773877,
1744269300,34.44,54.87,34.44,40.71,41.64753969694397,33.06246030305604,52.656171861432455,23.915776246690893,52.656171861432455,14.134324689804984,
1744355700,40.8,46.12,36.85,37.55,41.665979054652134,33.044020945347874,62.36068889943184,26.503340677051035,62.36068889943184,12.797406871909473,
1744614900,34.76,35.17,29.75,30.88,41.70946764361649,33.000532356383516,59.52688203353979,28.336500758935827,59.52688203353979,14.179384097652122,
1744701300,30.01,31.45,28.29,30.11,41.71158311944742,32.99841688055259,52.73788232740891,25.743716496572436,52.73788232740891,14.487062127330777,
1744787700,33.24,34.96,29.48,32.63,41.717741402788405,32.9922585972116,52.401502138753074,20.129862596097624,52.401502138753074,14.500121894390858,
1744874100,30.79,32.55,29.57,29.66,41.7451419145795,32.96485808542051,56.18547371507279,20.776529855227125,56.18547371507279,14.68509763362501,
1745219700,32.75,35.75,31.79,33.81,41.77200667885339,32.93799332114662,52.89388789853241,18.956375895089863,53.19179083401402,14.52880739962289,
1745306100,32.61,32.68,30.08,30.56,41.80378998756559,32.90621001243442,58.75517616475632,20.712600376651565,58.78043420942326,14.911045110826773,
1745392500,28.75,30.29,27.11,28.44,41.82008837738482,32.88991162261519,54.411635041935256,18.879442063349863,55.36272371111683,14.68510826934694,
1745478900,28.69,29.66,26.36,26.46,41.925017421630564,32.94498257836944,51.44041959596557,17.604303939772343,52.97726264386749,14.423153641479633,
1745565300,26.22,27.2,24.84,24.84,41.85675775947773,33.01324224052228,48.50882497183022,16.40563912317869,50.51723949517612,14.08152346739455,
1745824500,25.75,26.93,24.7,25.16,41.835657602578785,33.03434239742122,39.579971414127414,15.403700635777543,48.37115785046069,13.729262991491462,
1745910900,24.76,25.99,23.76,24.16,41.84121866554554,33.028781334454465,30.757560437447637,15.457221959670335,49.03876755671457,13.773722912560103,
1745997300,24.35,28.17,24.23,24.69,41.83522766001518,33.034772339984826,29.390525203947305,14.815667508270518,47.66596509957719,13.511548106519106,
1746083700,23.94,25.18,23.3,24.61,41.83322643278705,33.03677356721296,29.952133030738068,15.014116865955266,48.63857011185785,13.61360743663974,
1746170100,23.63,24.32,22.34,22.67,41.81561193190937,33.05438806809063,29.824193238450555,19.57818890240257,48.64988013142609,13.568765505371118,
1746429300,24.25,24.63,22.81,23.65,41.8018589619172,33.06814103808281,26.905957367625682,18.17436827316131,45.62106343577019,13.016045824591359,
1746515700,23.97,25.11,23.9,24.77,41.78424724958156,33.08575275041844,27.709019023531344,19.739615371027,47.32323123767479,13.260290781500295,
1746602100,24.56,25.62,23.29,23.54,41.79113845563687,33.078861544363136,28.677046650876314,19.93574839576594,49.267330748483154,13.544530034418866,
1746688500,22.84,23.61,21.88,22.47,41.78878538753588,33.081214612464116,27.427172496318022,19.123514933884543,47.32014874990122,13.175114271592896,
1746774900,22.4,22.82,21.83,21.89,41.78451793532484,33.08548206467516,25.858187373897536,18.367296808822033,45.58308841589887,12.825882659349858,
1747034100,19.84,20.44,18.14,18.38,41.86497062134962,33.005029378650384,25.1999557072245,17.86018825901981,44.64512797701556,12.612639921757195,
1747120500,18.69,18.85,17.65,18.23,41.86497277894848,33.00502722105153,21.850984186159067,15.700751816531744,39.14347675265272,11.09275467237395,
1747206900,18.1,18.82,18.06,18.61,41.8585063862821,33.01149361371791,21.46862408866946,16.335683654607497,38.79155174244863,10.973902287282645,
1747293300,19.19,19.38,17.77,17.82,42.035842504684766,33.14415749531524,21.45104143555658,16.604821915586065,39.41178476130689,11.154592145612918,
1747379700,17.96,17.96,17.15,17.25,42.03538773267196,33.14461226732806,20.729024188340844,15.85637957782323,38.21073797194492,10.68246806060941,
1747638900,19.84,19.92,17.92,18.13,42.041037594668936,33.13896240533107,20.1366973304035,15.05712409282331,37.14563449397264,10.335076619918201,
1747725300,18.46,18.68,17.7,18.08,42.08007202799722,33.16992797200278,20.47280383979805,15.235101789954609,38.094514133988056,10.803489328119113,
1747811700,18.77,21.05,17.77,20.86,42.21722099447353,33.19277900552647,20.363446094118455,14.962296169448315,38.00910814703241,10.751818821294876,
1747898100,20.62,22.07,19.64,20.27,43.108911061911726,33.991088938088275,22.975040580605675,15.918770909029803,43.114682075066796,12.034450569486975,
1747984500,20.14,25.53,19.83,22.28,43.12719604816473,33.97280395183527,22.38976697813393,15.576690303406307,42.06135994575208,11.792798438246734,
1748243700,20.75,20.83,20.3,20.56,43.14330896649253,33.95669103350746,24.30535268131208,15.671197274662527,45.75236954364546,12.49673523794486,
1748330100,20.63,21.01,18.95,18.95,43.15972963083742,33.94027036916257,22.81333194657564,15.309550245176105,42.63432426381918,11.850847168944536,
1748416500,19.21,19.43,18.68,19.3,43.134058343410096,33.9659416565899,22.526628308210835,14.649316891263917,39.665156646385356,11.140888150708028,
1748502900,18.25,20.2,18.11,19.19,43.1204694914346,33.9795305085654,22.883897602798346,15.088531130417529,40.32905221782174,11.320093661810883,
1748589300,19.61,20.55,18.57,18.57,43.064011053332635,34.03598894666736,22.96405382723889,15.327969663145197,40.13404549438664,11.210285326778898,
1748848500,19.81,20.45,18.36,18.36,43.06094355652334,34.03905644347666,22.637009305199363,15.164442946067306,38.976839181225394,10.858097821562275,
1748934900,18.83,19.21,17.64,17.7,43.05240448544418,34.047595514555816,22.537465452655297,16.572094505161747,38.58609027697325,10.703183272843614,
1749021300,17.68,18.07,17.41,17.6,43.007711836701795,34.09228816329821,22.039103048241035,15.998400806074278,37.33642646823793,10.33486070293756,
1749107700,17.68,18.8,17.08,18.47,43.006578568099464,34.09342143190053,21.967468075694107,15.788293747126499,37.1477391331977,10.213901239764272,
1749194100,18.16,18.35,16.65,16.78,42.76278749330245,34.017212506697554,22.745281967166797,16.249729282980347,38.81120101737888,9.93666710044252,
1749453300,17.69,17.72,16.82,17.15,42.763188201860544,34.016811798139464,21.22813333184611,15.014993338606928,35.57437104365572,9.675882703181255,
1749539700,17.5,17.99,16.68,16.96,42.737000060461604,34.0429999395384,20.939121296128018,15.189664828507272,36.28689172399315,9.440788591741725,
1749626100,17.04,18.09,16.23,17.25,42.50314219455806,33.85685780544196,20.719570773056226,14.985626710725668,35.91990363410903,9.205000990580594,
1749712500,17.87,18.87,17.43,18.01,42.47086957239954,33.88913042760047,19.079724973410894,15.136534322140108,36.48031140563246,8.98718460505186,
1749798900,21.76,22,18.88,20.81,42.51855310278247,33.841446897217544,19.85473622865787,15.641168579242708,37.94927300978374,8.772854409502058,
1750058100,19.78,20.22,18.67,19.12,42.52822864442833,33.831771355571675,21.316002602381644,15.857264444936769,43.32486800643236,8.4290700418627,
1750144500,20.53,21.79,19.55,21.59,42.547461209892674,33.81253879010735,21.155450202445643,16.068596758003743,40.09684872468557,8.34080485828796,
1750230900,20.9,21.58,19.59,20.13,42.56063152617915,33.79936847382087,22.88005521293519,17.243330245441992,44.83903068421678,7.974531184350933,
1750317300,21.51,22.75,21.18,22.16,42.58227776200414,33.777722237995874,22.663599210768428,16.91791772692944,42.05487949745616,7.916352884374149,
1750403700,20.74,21.07,19.11,20.61,42.57108616779304,33.788913832206966,24.467504345334344,17.72183714191649,44.78183705877716,7.56358660573572,
1750662900,21.15,22.51,19.82,19.82,42.574277428927616,33.7857225710724,23.428923845441318,17.73840964561822,41.566568404461975,7.542008533118517,
1750749300,18.19,18.72,17.33,17.49,42.60447365522829,33.75552634477173,22.891672053241532,17.632045309862647,37.542465124326526,7.4349976258820725,
1750835700,17.28,17.51,16.68,16.75,42.60796453719319,33.75203546280682,21.810379272614146,15.885006328543975,33.278156704656524,7.356162742333272,
1750922100,16.67,16.78,16.11,16.6,42.481223799124564,33.75877620087544,21.42894509770682,15.259618777010111,31.915194561806224,7.205604189795121,
1751008500,16.31,17.29,16.12,16.33,42.47882598696483,33.76117401303518,21.331570687664268,15.125193696069179,31.63464171032271,7.061217654111594,
1751267700,17.19,17.43,16.55,16.74,42.48027598784346,33.75972401215654,21.137738770684983,14.95800083211444,25.89869212985497,6.919345239659261,
1751354100,16.98,17.48,16.51,16.84,42.4803718144794,33.75962818552061,21.326082267147875,14.737697420590067,21.41788659348729,6.7928557741174025,
1751440500,16.75,17.37,16.54,16.63,42.16411467809862,34.07588532190138,21.39934335660236,14.43820043804763,21.491402119934378,6.66535170133295,
1751526900,16.65,16.83,16.14,16.37,41.613469867738736,34.62653013226127,21.038916639033392,14.097263642911155,21.32948608091115,6.539743095109436,
1751613300,16.93,17.67,16.92,17.49,40.44191596888165,33.62808403111834,20.285495969376885,13.771177123744984,21.11433430987859,8.632968866452547,
1751872500,17.83,18.5,17.51,17.8,40.39595171084254,33.674048289157454,20.404673789045944,14.099868226212866,22.027823284805287,8.628812383551194,
1751958900,17.41,17.44,16.54,16.8,38.08825098066371,32.89174901933628,20.6811301489115,14.117883656291657,22.30003289377676,9.268971458650787,
1752045300,16.76,16.76,15.76,15.95,33.06640423918808,28.81359576081191,18.631102877311015,13.529249424891262,21.463912809932054,9.480985912297559,
1752131700,16.23,16.24,15.7,15.77,27.47984317917268,23.970156820827324,17.72993147094092,12.98427030694921,20.734410203074866,9.210935555266179,
1752218100,16.41,17.24,15.98,16.39,27.383898606491666,24.06610139350834,17.49614563163613,12.786693207357246,20.590548464126222,9.097527471684678,
1752477300,17.73,17.85,16.91,17.21,27.39383591869242,24.056164081307582,17.766662624578494,13.74207853764977,21.086833651562884,9.182260076686244,
1752563700,16.89,17.39,16.56,17.39,27.36951303117612,24.080486968823884,18.405249309756122,14.524654109553998,21.845383762534873,9.30871280656853,
1752650100,17.66,19.48,16.69,17.15,27.3457366362734,24.104263363726602,18.583594502727543,15.48688201660384,22.019193973935053,10.386336965581577,
1752736500,17.16,17.37,16.48,16.51,25.654683825212597,22.725316174787398,18.40888056039202,15.346744769151732,21.79920467834834,11.033025363538396,
1752822900,16.43,16.81,16.28,16.4,24.36250193781412,21.62749806218587,17.86456117691181,14.976601034430512,21.18456548378852,11.523255073281817,
1753082100,16.87,16.99,16.3,16.64,24.018533692651967,21.341466307348032,17.78553069849549,14.86195307912573,21.073558359524192,11.486899439186356,
1753168500,16.75,17.48,16.43,16.49,23.217370044848785,20.65262995515122,17.988198734771082,14.961484100133388,21.30807844744716,11.600006253664617,
1753254900,16.23,16.32,15.32,15.36,23.01900297085064,20.470997029149363,17.852476567221704,14.837032419990527,21.156741745459144,11.499488093081789,
1753341300,15.39,15.54,14.95,15.38,22.822171557283692,20.297828442716312,16.996866331797275,14.051824540609017,20.098551187670562,10.851003572548272,
1753427700,15.33,15.39,14.92,14.92,22.80464142087117,20.285358579128836,16.999488753122176,14.036301156612055,20.096706857591432,10.843903621637704,
1753686900,15.15,15.54,15,15.04,21.453392894751662,19.086607105248333,16.604421368084836,13.658873073356808,19.696329182536054,10.56485750198642,
1753773300,14.95,16.12,14.7,15.97,21.349296689063273,18.970703310936727,16.688909617988553,13.725623890339937,19.777506939977474,10.61566905180229,
1753859700,15.87,17.27,15.44,15.47,21.33543828436654,18.984561715633458,17.485195975085713,14.61181473035381,20.60346872616837,11.126326747545171,
1753946100,14.99,17.17,14.74,16.71,21.34787727900503,18.97212272099497,17.046418627875315,14.41609378423337,20.107816556753157,11.41821402707675,
1754032500,17.4,21.9,17.39,20.37,21.44791892448027,18.872081075519727,18.15050792577237,14.594501583055488,21.3731905028817,12.55207324108228,
1754291700,19.56,19.58,17.48,17.53,21.44710782477389,18.782892175226113,21.069229344515364,15.171854946813136,25.274353236907828,13.750861901340162,
1754378100,17.21,18.94,17.11,17.84,21.44391582104248,18.786084178957523,20.69924181750921,14.764210216706527,22.236853576653658,12.94871660436863,
1754464500,17.22,17.88,16.56,16.76,21.450974967354888,18.779025032645112,21.221215901056834,14.863962843231372,22.56715396613192,13.097085115103365,
1754550900,16.41,17.64,15.98,16.58,21.378171109337398,18.851828890662606,20.834751426492755,14.605320843798111,21.4251590065345,12.469476543929293,
1754637300,16.48,16.52,15.15,15.15,21.39757964788173,18.832420352118273,20.80140057574078,14.789436796923468,21.23158156649457,12.342898977151535,
1754896500,15.81,16.36,15.52,16.24,21.409170849332664,18.82082915066734,19.75123175312925,13.772304576519103,19.75123175312925,11.485160966372211,
1754982900,16.09,16.56,14.66,14.74,21.405691771113833,18.784308228886164,20.670705003140476,14.414864102098214,20.860296485503184,12.100698689371024,
1755069300,14.62,14.81,14.3,14.48,21.212363252936218,18.617636747063784,19.40400152344801,13.207990991821408,19.40400152344801,11.189023669017939,
1755155700,14.66,15.39,14.57,14.82,21.207268680483573,18.622731319516422,19.155212512738483,12.923578453034198,19.155212512738483,11.007402541843884,
1755242100,14.43,15.18,14.4,15.08,21.208284911755896,18.621715088244102,19.46995894903875,13.051255670160327,19.46995894903875,11.190014859421538,
1755501300,15.73,15.95,14.95,14.98,21.154522410246177,18.67547758975382,19.72170009662112,12.882606272035432,19.72170009662112,11.325754497147827,
1755587700,15.23,15.91,14.76,15.58,21.15797170195247,18.672028298047525,19.54014972010248,12.637736160261818,19.625394668601103,11.24479734695792,
1755674100,15.95,17.19,15.57,15.68,19.657997007955572,17.392002992044425,19.851231590619285,12.707597934505385,20.232649511252838,11.589546002427461,
1755760500,15.72,17.24,15.65,16.59,19.653072790893965,17.39692720910603,19.96632847834548,12.615851789441129,20.345735867422672,11.632735085440004,
1755846900,16.81,16.83,14.21,14.21,19.644967445530266,17.315032554469735,19.883718381481,12.873812984790526,21.292273552493455,12.165671730244524,
1756106100,15.05,15.19,14.24,14.8,19.648490615829584,17.311509384170414,16.37226808030384,11.708704612168166,18.807642638528762,10.695480733082904,
1756192500,15.75,15.75,14.62,14.62,19.648633109360993,17.311366890639007,16.570636803904048,12.896560705031847,19.43659362563532,11.044445588432545,
1756278900,14.66,15.23,14.66,14.84,19.647521191373045,17.312478808626956,16.515000622876997,12.733235329070627,19.23958419352443,10.916788299221352,
1756365300,14.42,14.69,14.12,14.44,19.600834811584292,17.26916518841571,16.64004758055264,13.271850932699984,19.47793642558107,11.038177637769817,
1756451700,14.31,15.97,14.31,15.35,19.607727491924393,17.262272508075604,16.42608601543503,12.604754438862514,19.03442146386422,10.773820494287998,
1756710900,16.17,16.79,15.08,16.11,19.613465778994275,17.25653422100572,16.99027296640191,13.171731790716573,20.042158215037773,11.326947883916008,
1756797300,16.65,19.38,16.55,17.16,19.61734367876815,17.252656321231846,17.508325028124318,13.682869177531515,20.888280842141732,11.784549990632378,
1756883700,17.4,17.57,16.34,16.34,19.601875874393365,17.268124125606633,18.275914861360803,14.415925705920234,22.05844571793255,12.373429019051892,
1756970100,16.22,16.35,15.28,15.29,19.610483416967256,17.25951658303274,17.772897676407815,13.837250413766974,21.162360193702227,11.904794181630844,
1757056500,15.23,16.92,14.74,15.19,19.610334946551053,17.25966505344895,17.404008070966142,13.047047919428424,19.986126471269017,11.241170895982084,
1757315700,15.58,15.65,14.99,15.1,19.609553103631082,17.260446896368915,17.426900195469027,12.959510072671474,19.8741633152463,11.167349425048195,
1757402100,15.02,15.82,14.97,15.03,19.60477758501488,17.265222414985118,17.41671726939573,12.880118064203861,19.772338909914822,11.099909937131155,
1757488500,14.98,15.63,14.63,15.34,19.554293726780383,17.315706273219615,17.398152114015378,12.816714333242823,19.69249964739965,11.045214413225542,
1757574900,15.19,15.24,14.65,14.7,19.54223201865359,17.32776798134641,17.67820062141014,13.050371365542258,20.051748386511825,11.230735894750836,
1757661300,14.62,14.97,14.41,14.75,19.50265442988967,17.367345570110327,17.223760328860607,12.542177375437154,19.30911457433206,10.81565997411713,
1757920500,15.14,15.84,14.92,15.68,19.503031054624223,17.36696894537577,17.27563983961563,13.606173323319856,19.36671620191634,10.985660308251141,
1758006900,15.6,16.38,15.44,16.37,19.356219099180663,17.27378090081934,18.06309328681802,14.185088820233581,20.453935315742036,11.387361047328948,
1758093300,16.42,16.75,15.26,15.71,19.34780223066375,17.282197769336253,18.721212665990784,14.377081685469332,21.261800436252074,11.677676458504504,
1758179700,14.93,15.8,14.33,15.69,19.02249866667683,16.997501333323164,18.137441301294,14.149517799694177,20.494823581651875,11.337572041611365,
1758266100,15.76,16.13,15.29,15.46,18.984149891772578,17.035850108227418,18.137242634104233,14.081905080432673,20.474025799877733,11.298780925440571,
1758525300,16.14,16.35,15.78,16.09,18.983997627853405,17.03600237214659,17.16853939245286,13.924326255187626,20.204928385258096,11.158205519958798,
1758611700,16.1,17.07,15.95,16.63,18.986727631958654,17.033272368041345,17.30032759848416,14.11829867700492,20.951655985257442,11.441915345380137,
1758698100,16.57,17.21,16.18,16.18,18.987998007622117,17.03200199237788,17.792961413609365,14.300254077259874,21.59311191955159,11.68366731901801,
1758784500,16.55,17.74,16.32,16.73,18.98932334794291,17.030676652057085,17.49177896042686,14.532349753160231,21.065284120547656,11.442280765202332,
1758870900,16.89,17.05,15.29,15.29,19.00991863475775,17.010081365242243,18.005095377070983,15.526147090467934,21.72138156819166,11.69571943313003,
1759130100,15.84,16.29,15.74,16.11,19.01685509180529,17.00314490819471,16.773376492630987,14.642556608809887,20.00908741169987,10.948832601321808,
1759216500,16.49,16.7,16.02,16.29,19.016575819497323,17.003424180502673,17.53044237549509,15.239736386928584,20.99164562264991,11.34925755033741,
1759302900,17.28,17.28,15.98,16.28,19.00510291781741,17.014897082182582,17.717914914415267,15.123389191686917,21.20982460217405,11.423832211751563,
1759389300,16.12,16.92,15.93,16.62,19.005427406284355,17.01457259371564,17.72930377743991,15.085474422876068,21.201015521672165,11.402560724989513,
1759475700,16.35,17.06,16.2,16.64,18.99693868547315,17.023061314526842,18.068521925402667,15.146052807939434,21.611817055773137,11.562488076719326,
1759734900,16.74,17.09,16.29,16.36,18.99061539299908,17.029384607000917,18.106513067406404,15.157284783011901,21.639487191318544,11.559165478242948,
1759821300,16.58,17.55,16.19,17.23,18.997004029765147,17.02299597023485,17.385189248576143,14.939794753335415,21.30607989740303,11.400156014127246,
1759907700,17.17,17.2,16.23,16.29,19.001646370426663,17.018353629573333,18.175690067090486,15.583519756841582,22.356258256450595,11.840467658982764,
1759994100,16.31,17.27,16.26,16.44,18.995574066075736,17.024425933924256,17.347331886885758,14.872067062725508,21.227059336081954,11.337141560651386,
1760080500,16.36,22.44,16.23,21.65,19.46246468351579,17.097535316484212,17.494988628470956,14.989073291359825,21.411090770404677,11.404434510276705,
1760339700,19.45,20.77,18.61,19.02,19.50037267552928,17.05962732447072,22.25733291289815,16.12933713055427,27.658198038510836,13.457640965749327,
1760426100,21.46,22.94,19.18,20.8,19.77994869083379,17.28005130916621,22.056443002726276,16.61225029715722,24.52977245135299,12.554169983528993,
1760512500,20.02,22.44,19.11,20.63,19.780022341114506,17.279977658885493,23.297879340710697,16.837877505721977,26.670089976213305,13.184221868090784,
1760598900,20.49,25.43,19.85,25.3,21.197893333889866,18.35210666611013,24.54920632506677,17.181498224101244,26.47707489257748,13.126727811572595,
1760685300,28.41,28.99,20.73,20.77,23.200082192180982,19.909917807819014,30.08348778906423,17.88153283972868,32.06728350758144,13.980445489083804,
1760944500,20.53,21.02,18.23,18.24,23.227225419798497,19.882774580201502,25.678422273594396,18.175715982206253,26.664388541448183,13.180208865488899,
1761030900,18.65,18.89,17.4,17.88,23.228337249707266,19.88166275029273,24.7493636962696,16.39867834087695,24.7493636962696,12.211069464409103,
1761117300,17.84,21.01,17.73,18.59,23.22874866642959,19.88125133357041,24.649522546354063,16.052975376073164,24.649522546354063,12.054577265509565,
1761203700,18.36,19.35,17.08,17.29,23.24115160848482,19.86884839151518,25.334557331812427,16.5364242191088,25.334557331812427,12.335038314336366,
1761290100,17.02,17.22,16.02,16.36,23.24061859664579,19.86938140335421,24.34010979356302,14.265685542501485,24.431217923383517,11.773342322258495,
1761549300,15.73,16.07,15.62,15.8,23.241063545469594,19.868936454530406,23.527463548209262,13.384676773339674,23.83135538091123,11.254616762412336,
1761635700,15.95,16.55,15.66,16.41,23.231174827684992,19.878825172315008,22.98174368938409,12.75573959055476,23.493567142903196,12.628296622665804,
1761722100,16.34,17.58,16.26,16.91,23.14336363282131,19.966636367178694,23.58293375705041,12.816882179373215,23.95188307937573,12.816882179373215,
1761808500,16.26,17.41,15.73,16.9,23.091403445060678,20.018596554939325,24.102017076085332,12.891266662299874,24.38939419653803,12.891266662299874,
1761894900,16.43,18.54,15.96,17.43,23.092984093979467,20.017015906020532,24.029911627886342,12.734331568083846,24.42396773296105,12.734331568083846,
1762157700,18.06,18.83,17,17.16,23.084192734707045,20.025807265292954,22.72907026006204,12.90796325674727,24.929237030583906,12.90796325674727,
1762244100,19.73,20.48,17.9,18.99,23.10780563434779,20.00219436565221,22.409163883867603,12.655782668528781,24.73573788374123,12.655782668528781,
1762330500,19.37,20.02,17.31,18,23.094813756141345,20.01518624385865,22.97742085973359,12.98319300932115,26.430721644495755,12.98319300932115,
1762416900,18.36,20.31,17.64,19.49,23.098261524698255,20.01173847530174,21.83669471873005,12.589593537925827,25.59634212266832,12.589593537925827,
1762503300,19.52,22.72,19.08,19.08,23.07546821878342,20.034531781216575,20.10892710376605,12.687214739759995,27.07180665417131,12.687214739759995,
1762762500,18.58,18.82,17.6,17.6,23.091523974159234,20.018476025840762,20.189478483260064,14.509345758220354,26.71707415343204,12.452603519015494,
1762848900,17.9,18.01,17.25,17.29,23.091534351132953,20.018465648867046,19.77501510824576,14.96026331896411,25.345117486521854,11.944015039819092,
1762935300,17.21,18.06,17.1,17.5,23.091219592711514,20.01878040728848,19.785827895720026,14.747002166250894,25.067453776911496,11.70958763335479,
1763021700,17.61,21.31,17.51,19.99,23.130756497898528,19.979243502101475,19.98087489222154,14.865737643056038,25.31080753266633,11.637619686476668,
1763108100,21.33,23.03,19.56,19.82,23.128255951335355,19.981744048664645,21.634178478666747,17.291917819548722,27.850843480857595,12.227000058228821,
1763367300,19.58,23.44,19.54,22.39,23.160113368678466,19.949886631321533,21.539451048542176,17.27970584956365,27.744201937165638,12.101626228216016,
1763453700,23.54,25.84,22.91,24.68,23.173406107146654,19.936593892853345,24.063162094277075,18.10202584615773,30.76125940973765,12.71940455657816,
1763540100,24.52,24.79,21.93,23.65,23.118292092240978,19.99170790775902,26.365495097551985,18.78246600493217,33.52871177921479,13.247157282929933,
1763626500,20.78,28.27,19.28,26.41,23.140133677896117,19.969866322103883,26.082698855807227,18.88660700942239,32.36241090067309,12.980915457502759,
1763712900,25.97,27.84,22.54,23.42,23.177122424735316,19.932877575264683,28.243675030241842,19.896587674132896,35.70850630762045,13.658798058008182,
1763972100,22.69,23.68,20.41,20.51,23.220290636419794,19.88970936358021,27.571992343246652,19.23985721216303,32.17933108246639,12.880858052040209,
1764058500,20.55,21.77,18.39,18.55,23.34474317400933,19.955256825990666,26.509340659545998,17.791892181673106,28.78194846817663,11.970086051408078,
1764144900,18.25,18.7,16.93,17.18,23.361983516248078,19.958016483751926,25.494663374369953,16.539812688677813,26.696822131938816,11.255939585233373,
1764231300,17.22,17.36,17.05,17.22,23.357165946010845,19.962834053989155,24.52747270343552,15.58672900560558,25.268029712881507,10.696842723680694,
1764317700,17.41,18.52,15.78,16.34,23.354525063782166,19.965474936217834,24.5553909892778,15.555339141019926,25.331255410739658,10.658776251913238,
1764576900,18.05,18.33,16.58,17.23,23.355422772045973,19.964577227954024,23.759080239325645,14.490154828530144,24.440371647095496,10.260302415620025,
1764663300,17.28,17.31,16.39,16.58,23.348839148815717,19.971160851184283,24.558824457029928,14.026167735673198,25.38505859913404,10.566105726835858,
1764749700,16.43,17.28,15.93,16.09,23.350840845267857,19.969159154732143,23.927962477765035,13.310025724326081,24.722140393278785,10.260524802479228,
1764836100,16.23,16.63,15.68,15.79,23.35158901199798,19.96841098800202,23.252351084795755,12.715047008299074,24.28507207304274,10.014242582588324,
1764922500,15.58,16.18,15.28,15.4,23.35296676906452,19.96703323093548,21.429067192298643,12.249085386031265,24.100078895322522,9.844923802545647,
1765181700,16.15,17.09,16.1,16.67,23.365593185490866,19.954406814509134,20.856799080078005,11.798550344385816,23.82813297129361,9.636318058451408,
1765268100,16.66,17.2,16.45,16.94,23.361730068357982,19.95826993164202,20.406231137941056,12.05875349226445,24.697810778411643,10.137595145982568,
1765354500,16.94,17.66,15.56,15.76,23.3736163506994,19.946383649300596,19.2135899817404,11.97045765146908,25.003693504249217,10.216468364061683,
1765440900,16.84,16.88,14.85,14.85,23.373228501027075,19.94677149897292,17.926035699262478,11.307929717156057,24.02241786373111,9.679194496698477,
1765527300,14.99,17.85,14.85,15.73,23.376445204960735,19.943554795039265,16.48988214622733,10.744489104967887,23.279334973640353,9.243328106444068,
1765786500,16.51,17.35,15.99,16.49,23.377574553013638,19.942425446986363,17.095824837784438,12.10831987031891,24.010685745390475,9.600698101284312,
1765872900,17.28,17.61,16.19,16.47,23.65819125877436,20.181808741225638,17.685766371061572,13.70119636148959,24.63482266343332,9.903024221094675,
1765959300,16.45,18,15.82,17.63,23.667332830872674,20.172667169127322,17.72366155204542,14.37293208526269,24.63382411983669,9.86694158076303,
1766045700,17.61,17.68,15.93,16.86,23.66872494615598,20.17127505384402,18.729034392154546,14.723180904585107,25.902564453635094,10.34298438464782,
1766132100,16.31,16.53,14.91,14.91,23.698698895310486,20.14130110468951,18.127569891150124,14.578954021658586,25.002951246987,9.986842132482344,
1766391300,15.16,15.26,14.03,14.09,23.260330375938132,19.759669624061864,17.428507076143852,13.422482471096936,23.302871587666967,9.09019295903266,
1766477700,14.09,14.45,13.64,14.01,23.046797429387713,19.583202570612286,16.930852119073258,12.811448837763805,22.250269728300093,8.684846384213909,
1766564100,14.09,14.16,13.38,13.46,22.893241796532966,19.476758203467032,16.822036534389646,12.697311219615179,22.082174512706963,8.621724046055323,
1766736900,14.12,14.29,13.52,13.61,22.88739384410654,19.482606155893457,16.39553262124643,12.250379982566287,21.508196856414038,8.336587295215892,
1766996100,14.69,15.08,13.99,14.19,22.89108738105925,19.478912618940747,16.420194849600726,12.314341448289007,21.552968681959502,8.383834655875637,
1767082500,14.43,14.62,14.04,14.34,22.89141511383237,19.478584886167624,16.859620091411657,12.329562929612825,22.115057526416017,8.635686509493386,
1767168900,14.77,15.17,14.38,14.94,22.894185319059616,19.47581468094038,16.96782136461893,12.236598259600598,22.26307410868482,8.684786383123551,
1767341700,14.85,15.42,14.46,14.52,22.895637487958354,19.47436251204164,17.47595978478575,12.282144176086028,22.942360220605945,8.945742012065661,
1767600900,15.14,15.27,14.65,14.91,22.89682941459199,19.473170585408006,17.104893192164997,12.010331565470095,22.449197051433423,8.729219939288612,
1767687300,15,15.21,14.63,14.74,22.890986895160196,19.479013104839805,17.452555495824477,12.021760781422156,22.89392428056359,8.893872147364457,
1767773700,14.95,15.48,14.83,15.39,22.8890029694244,19.4809970305756,16.612470037216518,11.861559880297357,22.68844497448665,8.795881018255276,
1767860100,15.69,15.85,15.15,15.46,22.888852227860244,19.48114777213975,16.560450822165915,12.040880886224725,23.442015734275376,9.08396671326676,
1767946500,15.68,15.81,14.43,14.48,22.72640309542946,19.643596904570536,16.577455277053296,12.012877566912023,23.521008374299363,9.100545003069094,
1768205700,16.06,16.66,15.03,15.11,22.695514933514833,19.67448506648516,15.574091039431694,11.522192568265167,22.356132252846667,8.621583228058112,
1768292100,15.36,16.5,14.75,15.97,22.683186292895567,19.68681370710443,16.050914263425586,12.148464457851194,23.10164895678793,8.90494401951634,
1768378500,16.33,18.1,16.22,16.74,22.68927306034955,19.680726939650448,16.7625323837741,14.116749033135584,24.11734216535024,9.641277826136612,
1768464900,16.52,16.54,15.3,15.83,22.588044019232612,19.781955980767382,17.434514157765868,14.889133023219758,25.023275536924793,9.94037686774946,
1768551300,15.44,16.29,15.3,15.87,22.10967899006446,19.540321009935543,16.8988008589608,14.716424884644711,23.95273800078547,9.508915581983725,
1768896900,19.94,20.99,18.64,20.08,22.211458662547,19.438541337453,17.298861632242772,14.761479366381367,24.000785159843925,9.493895577897764,
1768983300,19.31,20.81,16.67,16.89,22.28315597669698,19.366844023303024,20.397358562701825,15.850076032771854,28.901920617467297,9.847044388520882,
1769069700,16.65,16.67,15.27,15.63,22.292728056698813,19.357271943301186,20.183480731429015,15.405451355117012,25.223188817237578,9.80561187337031,
1769156100,15.68,16.21,15.3,16.08,22.283185344718948,19.36681465528105,19.844443342934685,14.587435571021308,23.710368093061977,9.296867179140536,
1769415300,16.9,17.39,15.8,16.14,22.276176135326985,19.373823864673014,20.213910559260963,14.96373157356537,23.8242507910052,9.447821486773297,
1769501700,16.02,16.37,15.74,16.36,22.273692775800097,19.376307224199902,20.366041793293654,15.019871032388476,23.536404041548252,9.421487725494464,
1769588100,16.09,17.18,16.05,16.34,22.27032818256508,19.379671817434918,20.619681935928547,13.602061221735836,23.79639999684262,9.451009340319459,
1769674500,16.04,19.74,16.02,16.87,22.27060983538133,19.37939016461867,20.695133805314832,13.368907354658365,23.561471685919635,9.402651601945943,
1769760900,18.72,19.27,16.67,17.43,22.27311007808588,19.376889921914117,21.196267047103092,13.483105882558725,24.20599611861359,9.360330632650243,
1770020100,19.95,19.96,16.08,16.35,22.280431643834767,19.36956835616523,21.743720663973182,13.679947847982945,24.795709329594178,9.303341480490962,
1770106500,16.16,20.37,16.05,18.01,22.301876441920307,19.348123558079696,20.901383895685985,13.000436251966125,23.390342322443082,9.169799464281589,
1770192900,17.63,21.24,17.47,18.63,22.280534854516908,19.369465145483087,22.077451476856258,13.889803254033183,25.54905876689002,9.180256572963962,
1770279300,19.24,23.1,19.06,21.78,22.329298282532577,19.320701717467422,22.76459078987176,14.216465889724883,26.354101605019398,9.132436408682416,
1770365700,21.24,21.49,17.27,17.77,22.40848687642981,19.24151312357019,26.37433569308802,15.976778579381005,30.40975445464518,9.037424070005956,
1770624900,17.95,19.2,16.9,17.35,22.408730722212272,19.241269277787726,21.807637885800062,13.652154277984746,25.240858128094427,8.981046752271444,
1770711300,17.47,17.97,17.14,17.8,22.39624550668262,19.253754493317373,21.707373639596533,13.365465266341293,24.505186547156583,8.895571052827208,
1770797700,17.87,18.96,16.75,17.64,22.395722724249076,19.254277275750923,22.14816513527811,13.62657571078261,23.039231766359844,8.866969783145139,
1770884100,17.44,21.21,17.08,20.81,22.45317226715696,19.19682773284304,22.124405725190282,16.221284048108743,22.840613556771068,8.801297095610812,
1770970500,21.48,22.4,18.92,20.59,22.41656553669323,19.233434463306768,24.89525410413962,16.457042856134734,25.64515315810302,8.871724728309317,
1771316100,21.74,22.96,19.76,20.3,22.41685325430922,19.233146745690775,24.911944202489817,16.29346934761061,25.50991099527232,8.832864909811072,
1771402500,19.78,20.34,18.48,19.61,22.386422959113094,19.263577040886904,24.803480368069227,16.091941036878517,25.29118755411163,8.790147881172327,
1771488900,19.34,21.11,19.23,20.22,22.36668864498533,19.283311355014668,24.261084099845533,15.66522314604112,24.649186289502374,8.727642922341438,
1771575300,20.04,21.21,18.76,19.08,22.36992049387856,19.28007950612144,24.944466513027567,15.955923964896568,25.330707262704166,10.159550892088786,
1771834500,20.49,22.04,19.5,21.02,22.132558191555106,19.087441808444897,23.871570022292833,15.246268558849582,24.190395203972365,11.549304325508924,
1771920900,21.24,22.08,19.23,19.56,19.88098020175342,17.179019798246582,25.916098030743285,16.37580256501186,26.271727734814345,13.358229620588489,
1772007300,19.59,19.62,17.86,17.94,19.550035052460228,16.929964947539776,24.4678478488255,15.46253138309828,24.77884765569485,13.938824172664507,
1772093700,18.07,20.54,17.5,18.62,19.53295186964242,16.94704813035758,21.359080523922938,14.395778536664382,23.10458132283169,13.064368503423346,
1772180100,19.28,21.74,18.77,19.85,19.528603474978663,16.951396525021337,21.67703518711808,14.802789790540242,23.829981751337208,13.486618141137475,
1772439300,24.66,25.24,20.37,21.43,20.685929399990382,17.934070600009616,22.91750266373593,15.581696918211414,25.20163894195995,14.152333136609535,
1772525700,24.57,28.15,22.18,23.56,22.255806441237137,19.274193558762864,24.624056349709285,17.792210793970824,26.954124762372203,15.219650288755663,
1772612100,24.39,24.87,20.4,21.14,22.27948161951846,19.25051838048154,26.929185765452193,18.114217610942198,29.297038345399187,16.518516581376062,
1772698500,22.11,25.84,20.55,23.76,22.303649345996014,19.22635065400399,24.360386554846812,17.75616310902475,26.718623514575885,15.058441400184531,
1772784900,23.2,29.93,22.92,29.48,23.35392749429996,19.956072505700046,27.214916895124464,18.434077529992948,29.620344886288223,16.665926335373122,
1773040500,35.12,35.3,24.76,25.51,26.304757572369983,22.37524242763001,31.052066968121697,19.62927928073126,35.86323521725536,16.77570253433844,
1773126900,24.39,26.01,22.19,24.92,26.30451234886095,22.375487651139046,30.347151559317265,19.44466579528312,31.62812709828308,17.72917654442085,
1773213300,24.9,26.23,23.75,24.22,26.29490136510908,22.38509863489091,30.927514337448706,19.796249822062858,31.038372400596906,17.41059566513316,
1773299700,25.48,27.33,24.6,27.28,26.324758216996276,22.355241783003716,31.160897208069265,19.810533338721594,31.160897208069265,16.996754635521718,
1773386100,27.85,28.47,24.67,27.18,26.30975108155171,22.370248918448286,34.0331495243587,21.837609388281102,34.0331495243587,18.14463371473251,
1773645300,25.88,26.42,23.23,23.52,26.353984757591302,22.32601524240869,34.26693941546527,21.875638156580756,34.26693941546527,18.32238333895895,
1773731700,24.56,24.58,21.87,22.36,26.355471188784847,22.324528811215142,31.772085852358753,19.44104220082103,31.772085852358753,16.597886088141635,
1773818100,21.51,25.13,21.47,25.08,26.378953778878895,22.301046221121098,31.003455100322405,20.008838566457378,31.003455100322405,15.882629018429075,
1773904500,25.6,27.52,23.54,24.05,26.384188386123764,22.29581161387623,33.61543150081223,21.671181015147656,33.61543150081223,18.517831256354956,
1773990900,24.46,29.28,23.68,26.77,26.39875162342982,22.281248376570172,32.638647149465356,20.955382950166058,32.91115093862365,17.813049228162708,
1774250100,30.04,31.04,20.28,26.16,26.394735114163183,22.28526488583681,34.688979419503426,21.17674922368719,35.65418127730472,19.171157369985707,
1774336500,25.91,27.94,25.64,26.94,26.35607413270859,22.3239258672914,34.00187662241686,20.917396105234275,35.31576034928685,19.075830308391566,
1774422900,25.79,26.67,24.82,25.32,26.357818490968675,22.322181509031317,34.96569700721416,20.908668862183738,36.28513124650597,19.387743914273248,
1774509300,26.49,28.49,26.12,27.43,26.368653627350138,22.311346372649854,33.1309179653462,20.394525413961127,34.842411469084226,18.71559457176175,
1774595700,27.54,31.65,27.54,31.04,26.467063022138234,22.352936977861763,33.08422779125065,20.835799531817692,37.17161074344456,19.688996748328186,
1774854900,30.79,31.52,29.33,30.62,26.723510385547993,22.566489614452,34.09124022822212,21.71242064847656,41.04226718758997,20.350809614208032,
1774941300,29.53,29.64,25.08,25.24,26.843197559797158,22.49680244020284,33.71073941605183,23.646139634060848,40.84611894562157,20.44049810975698,
1775027700,24.3,25.35,23.5,24.53,27.031288819502933,22.64871118049706,31.072407092505326,20.6244655608098,35.26293103005433,18.68095493437642,
1775114100,26.78,27.89,23.87,23.87,27.058836900424573,22.671163099575423,30.92351667749414,20.128691947672074,34.564665929375174,18.188037031675712,
1775459700,24.93,25.3,23.78,24.16,27.05593344620644,22.67406655379356,30.659515621518636,19.653209840539724,33.890380315189994,17.72795134533495,
1775546100,25.09,28,24.34,25.77,27.062244763936693,22.6677552360633,30.933426631166796,19.82319892672495,34.29528113251732,17.93525964156056,
1775632500,20.97,22.17,19.91,21.05,27.157406501883322,22.572593498116674,32.132509270917524,21.67940215674171,36.2360904119372,19.071172407917864,
1775718900,21.25,21.63,19.45,19.48,27.168680279404818,22.56131972059518,28.63225267633477,18.29740627429,31.027559049664077,15.739518220040551,
1775805300,19.71,20.28,18.83,19.22,27.16929643147503,22.560703568524968,26.237451150649,16.974598233978185,29.447965073622782,14.621122627270777,
1776064500,21.17,21.58,18.96,19.11,27.333974802111623,22.716025197888378,25.872760900054338,16.625096186880036,29.20774349564124,14.43481903273102,
1776150900,18.73,18.76,17.89,18.37,27.334753736072926,22.71524626392707,24.261516733069485,16.418529464543383,29.14032036997916,14.35553006477694,
1776237300,18.18,18.5,17.4,18.18,27.61305446691544,22.956945533084554,23.426515289956473,15.716896652828456,28.58897870237113,13.824104711716085,
1776323700,18.04,19.09,17.76,17.95,27.608984036014544,22.961015963985446,22.92581189982741,15.20708978478564,28.483904723714456,13.686584221379356,
1776410100,18.18,18.24,16.87,17.47,27.60359274032553,22.96640725967446,22.596531425123096,14.781780725839786,28.33778733190972,13.520041518130657,
1776669300,19.58,19.99,18.77,18.86,27.615676551677172,22.954323448322818,20.442864822993773,14.27925733943423,27.972965307274244,13.654563780567328,
1776755700,19.18,20.85,18.75,19.49,27.495392336553618,23.074607663446375,21.112283066866496,14.890873094060964,29.1424003565687,14.679838339550637,
1776842100,19.03,19.54,18.68,18.91,27.427300609290967,23.142699390709026,21.641216652261036,14.784187259261728,29.57464489446169,14.784187259261728,
1776928500,19.42,21.56,18.7,19.3,27.429071617109326,23.17092838289067,21.03594178409754,14.68273876739719,29.13174564243953,14.345003180344012,
1777014900,18.89,19.35,18.46,18.7,27.66887534894737,23.37112465105262,21.36410035549266,14.829378783674109,29.499842918185934,14.239235168957993,
1777274100,19.21,19.27,18.02,18.02,27.672545566362007,23.367454433637985,20.740826491778662,14.389908286930204,29.013393711489755,13.828792751966812,
1777360500,18.3,19.43,17.78,17.84,27.824332799240857,23.49566720075914,19.805493920784954,13.898490537967817,28.423494304655588,13.389961323652521,
1777446900,17.83,19,17.81,18.8,27.83048711630462,23.489512883695372,19.68516245110182,13.722759799016913,28.274192783072955,13.14466364110675,
1777533300,18.68,18.73,16.87,16.9,27.872249413643043,23.477750586356947,20.512180915479167,16.28715977969649,29.189201769389953,13.354274464581978,
1777619700,17.01,17.39,16.44,16.98,27.86973614672637,23.480263853273623,18.87371439984916,16.019961169932678,26.99217232609654,12.452646971759913,
1777878900,17.38,19.08,17.15,18.28,27.872508987169258,23.477491012830736,18.934502902882446,16.029762125369384,27.068907553092608,12.34757793336128,
1777965300,17.95,18.02,17.2,17.37,28.068390401332568,23.671609598667427,20.129496281826363,16.561542460108758,28.370114342926332,12.762912104008258,
1778051700,17.15,17.46,16.18,17.4,27.92446653684434,23.55553346315566,19.28718155798786,16.207232195046195,27.462661475859537,12.271373039898691,
1778138100,17.53,17.6,16.85,17.07,27.86366794900139,23.616332050998608,19.314592801545643,15.815453075802017,27.493765299895127,12.178253237871136,
1778224500,17.37,17.53,16.82,17.18,27.76106084711917,23.71893915288083,18.994221390303892,15.525946935698707,27.010987320953035,11.935823533950927,
1778483700,18.21,18.47,17.9,18.37,27.771129428898856,23.70887057110114,19.098117514289296,15.570745026295134,27.12308988186625,11.892198318607122,
1778570100,18.77,19.1,17.92,17.98,27.77075403992068,23.709245960079322,19.484280089077252,16.294252743759603,28.257153215576018,12.22063912432401,
1778656500,17.98,18.4,17.76,17.88,27.770620124649426,23.70937987535057,19.159425963450207,16.08233018329749,27.820801949363485,11.984208729816796,
1778742900,17.86,18.08,17.2,17.25,27.700578963893456,23.779421036106537,19.08360224024637,15.993699585147567,27.707003357476395,11.847367008700061,
1778829300,18.07,19.27,17.8,18.42,27.712759226044245,23.767240773955756,18.533300636331067,15.54706274903227,26.977829138062987,11.529743000980227,
1779088500,19.25,19.44,17.7,17.81,27.71504483052781,23.764955169472188,19.628928548733654,16.488817826433763,28.327579588005456,11.771083248513118,
1779174900,18.01,18.36,17.66,18.05,27.712770009080423,23.767229990919574,19.052298523302987,15.98657733315057,27.624215969781226,11.505727125510763,
1779261300,18.17,18.18,17.13,17.43,27.712883226075434,23.767116773924563,19.28965462305116,16.179382724586535,27.90394949415515,11.464179456734218,
1779347700,17.58,17.87,16.6,16.75,27.70833801571664,23.771661984283355,18.721260143979073,15.660872768956366,27.173330536869813,11.195351612462527,
1779434100,16.83,17.39,16.46,16.71,27.681608768899363,23.798391231100634,18.302077482642247,15.940746354008098,26.35461512288822,10.900669515639493,
1779779700,16.92,17.23,16.56,17,27.669757385516327,23.81024261448367,18.248769460957078,15.887164104595245,25.882462368788087,10.79510171913767,
1779866100,17.01,17.18,16.29,16.29,27.65474043855814,23.825259561441857,18.32887453672993,16.08257485796314,25.47851612319382,10.794633071561423,
1779952500,16.76,16.85,15.61,15.73,27.34727888331549,23.562721116684507,17.88155193076554,15.740868634454422,23.791496676475592,10.48978053754741,
1780038900,15.81,15.88,15.22,15.31,27.127023111617543,23.392976888382453,17.47841178571159,15.275579638384711,23.11180283526098,10.224956109245792,
1780298100,15.88,16.34,15.71,16.06,27.11660935431793,23.403390645682066,17.14170409084413,14.885797004143457,22.590368381520477,10.003206306899695,
1780384500,16.28,16.29,15.71,15.76,27.089493148840408,23.430506851159585,17.540130022220467,15.057418431142182,22.145410097222154,10.180899523618901,
1780470900,15.97,16.63,15.94,16.05,27.061452198847217,23.458547801152775,16.912890895515282,14.825996545094833,21.76145260476904,10.008643837710714,
1780557300,16.33,16.8,15.18,15.39,27.00119064670277,23.478809353297226,17.192299277896208,14.72693926799996,22.102836315069396,10.038278849522117,
1780643700,15.87,21.57,15.56,21.5,27.18316196278684,23.296838037213156,16.52538913564852,14.417575759819218,21.27418830899356,9.745690905772006,
1780902900,20.29,20.35,17.94,18.93,25.206653977224505,21.623346022775493,22.595256609979906,14.549243626461234,28.67252913007536,11.444780216002908,
1780989300,18.19,23.34,17.52,19.88,25.21260002260486,21.61739997739514,22.00950581920688,15.079854569588141,25.581530126618873,10.72388951796279,
1781075700,20.1,22.66,20.06,22.23,25.24228624869978,21.587713751300218,23.284139486818383,15.202176362927549,26.723056686301415,10.93332263224282,
1781162100,21.25,22.59,19.36,19.43,25.24765433722684,21.58234566277316,25.83238337521176,15.29026300988729,29.539083512860028,11.489556065367193,
1781248500,19.51,19.85,17.59,17.67,25.26628456139683,21.563715438603168,25.02030097672252,15.60439140140232,26.166972287564278,10.712377900116474,
1781507700,16.78,16.85,15.98,16.21,25.23610246902632,21.593897530973678,23.170846478461584,15.54412944058525,23.170846478461584,10.143168262241266,
1781594100,16.2,16.44,15.77,16.42,25.232020323787165,21.597979676212834,21.689980178513064,14.677987276882021,21.689980178513064,9.622836015057683,
1781680500,16.08,18.84,16.02,18.43,25.232412708610532,21.597587291389466,21.926179387473322,14.814707133636508,21.926179387473322,9.643416997875317,
1781766900,17.23,17.6,16.35,16.41,25.25833790880271,21.571662091197293,24.222657658599836,14.682506121931551,24.222657658599836,10.238466918994732,
1782112500,17.48,17.92,16.49,17.29,25.23585616318147,21.594143836818528,22.023132350459505,13.71812853021202,22.023132350459505,9.54667051787969,
1782198900,19.67,20.54,18.61,19.48,25.272164326445786,21.55783567355421,22.916057818043143,13.691809071930397,22.916057818043143,9.793940297310069,
1782285300,19.13,20.34,18.04,18.62,25.273077096479238,21.55692290352076,25.61027401684593,14.29259324879776,25.61027401684593,10.436570086123174,
1782371700,18.11,19.95,17.72,18.88,25.26637805029027,21.563621949709727,24.572436602218183,13.839397421067673,24.572436602218183,10.137681237984596,
1782458100,19.7,20.72,18.2,18.4,25.250072706464444,21.579927293535555,24.916616501405468,13.8425795836791,24.916616501405468,10.26318594186666,
1782717300,18.6,19.45,17.49,17.66,25.141456306060142,21.55854369393986,24.332640966773358,13.537913537316708,24.332640966773358,12.132904948307088,
1782803700,17.54,17.75,16.27,16.46,24.137891758176277,20.682108241823723,20.67307126725137,13.098788285557617,23.54658516507311,11.73178409562087,
1782890100,17.11,17.3,15.97,16.58,23.177380723535126,20.002619276464873,19.411882610111114,12.403169005923804,22.252429181527823,11.079316928803355,
1782976500,17.05,17.21,15.79,16.14,23.17722007429148,20.00277992570852,19.4566533888589,12.385657024215266,22.40246237297143,11.126383558801583,
1783322100,16.4,16.5,15.56,15.56,23.178315596264163,20.001684403735837,19.134989394505606,12.07617429568521,21.913396894389994,10.872907064276458,
1783408500,15.87,16.64,15.53,16.14,23.181845214343834,19.998154785656162,18.66422430539832,13.201498782772083,21.27888218175102,11.686714699840667,
1783494900,16.55,18.91,16.35,16.89,20.67517428319633,17.844825716803665,19.130831737321124,14.444779094792825,21.928795090278815,11.954595638478914,
1783581300,16.58,17.27,15.76,15.85,20.599650213958014,17.92034978604198,19.762349951808268,15.02278473348754,22.815265373708414,12.329234522255547,
1783667700,16.06,16.16,14.96,15.02,20.47562448992187,17.824375510078127,18.70790856288939,14.180730236213478,21.598254731643827,11.69091514501434,
1783926900,16.32,17.41,16.03,17.15,20.515155255294808,17.78484474470519,17.785804279786017,13.48121514548529,20.703573911041175,11.159779192662807,
1784013300,17.21,17.56,16.15,16.51,20.517881716421076,17.78211828357892,19.990321671218066,14.64111180876339,23.159359039660565,12.369422331473059,
1784099700,16.2,16.57,15.64,15.66,20.520367322207246,17.77963267779275,18.529791596185817,14.361093082510788,22.40270541226262,11.965632091638161,
1784186100,15.82,17.23,15.77,16.72,20.52983841112009,17.77016158887991,17.11197668757544,13.964499284698784,21.408838648090214,11.429939926296319,
1784272500,18.01,19.5,17.68,18.76,20.557346139580886,17.742653860419107,17.790793774173046,14.34682091895539,22.670375227702095,12.034892943406998,
1784531700,18.9,18.94,17.41,18.66,20.55580640207578,17.74419359792422,20.413631488444693,14.548948372560787,25.146151528965575,13.217386175629798,
1784618100,17.48,17.99,16.86,17.04,20.5605443507541,17.739455649245894,20.459737141320634,14.715519760030293,25.042395749188213,13.143822233805643,
1784704500,17.42,19.49,16.64,16.64,20.558998729116755,17.741001270883242,19.292945317069012,14.605683955033346,23.082101405167855,12.161920720874557,
1784790900,17.67,20.31,17.32,18.69,20.58555939327434,17.714440606725656,19.27457049991481,14.737105753370773,22.59651004719735,11.901223297808329,
1784877300,18.96,19.05,17.41,18.57,20.58475493685312,17.715245063146877,20.96378071932124,15.947595889112842,25.122664759948748,13.122793552419264,
1785136500,17.62,19.93,17.53,18.68,20.582848980736298,17.7171510192637,21.019768729418566,16.09752783127083,24.988297111758698,13.039392406115919,
1785222900,19.05,19.52,17.88,18.2,20.581434625598657,17.718565374401336,21.23040501007643,16.198618487535665,25.13550130887072,13.095114898385107,
1785309300,18.27,20.88,17.45,20.65,20.612633278913638,17.687366721086363,20.879305861754965,15.870209017912384,24.55345695812281,12.793464121146467,
1785395700,19.56,20.08,17,17.08,20.67779002020446,17.62220997979554,23.237365027641147,17.430393470653886,27.587187442275727,13.476669003192896,
1785482100,16.82,18.7,15.82,16,20.664422499678867,17.63557750032113,20.478706959546045,15.500881268894574,23.173416159497826,12.083052233969443,
1785741300,16.03,16.3,15.54,15.87,20.664459479914743,17.635540520085254,20.21686518327093,14.704434445776286,21.835761929904578,11.397969503639203,
1785827700,15.76,16.65,15.51,16.49,20.656618313447087,17.64338168655291,20.097114565226747,14.565764870021148,21.68484453903951,11.303724221154853,
1785914100,16.15,18.43,15.48,15.8,20.655160551551926,17.64483944844807,20.442929023439657,14.971354585423285,22.44271755090017,11.68157539152428,
1786000500,15.83,16.03,15.11,15.14,20.65835338686477,17.641646613135226,20.07661964132117,13.460897762401725,21.605830217114107,11.236025080381667,
1786086900,15.3,15.36,14.77,14.89,20.5557200298287,17.5542799701713,19.237927562938008,12.843742845874928,20.815033807932824,10.805901759098461,
1786346100,15.4,15.72,15.1,15.45,20.55848120166587,17.551518798334126,18.79424306117669,12.482424764941957,20.51205569836365,10.635064479886985,
1786432500,15.42,15.61,15.23,15.27,20.549423510476213,17.560576489523786,19.226667706155133,12.628829719560269,21.1889078752208,10.981977228769592,
1786518900,15.28,15.42,14.39,14.54,20.347889342826896,17.382110657173108,19.035449976679786,12.398410373854853,20.971132266701144,10.857134826066545,
1786605300,14.68,14.8,14.39,14.64,20.348074517751506,17.381925482248498,18.333115788964257,11.85062012914128,20.080191690558458,10.378719256557346,
1786691700,14.64,14.72,14.18,14.26,20.2338048965432,17.286195103456794,17.05347712273084,11.820499772233767,20.2005784717977,10.433403089545687,
1786950900,14.98,15.47,14.89,15.18,20.233014870685807,17.286985129314186,16.527136597044397,11.501871967235182,19.731001777795914,10.17856785370375,
1787037300,15.81,16.09,15.6,15.85,20.235117413200484,17.28488258679951,17.29387461040202,12.025861453482902,20.86035360779183,10.763586842419594,
1787123700,15.92,15.95,14.77,14.88,20.24160295667458,17.278397043325416,17.997841925462527,12.40525075382427,21.681129174160255,11.186573627324577,
1787210100,14.91,16.14,14.91,16.02,20.250449860979472,17.269550139020527,15.88848280978848,11.733867657515319,20.489853124163474,10.5540068133108,
1787296500,15.82,15.88,15.08,15.14,20.253369037068175,17.26663096293182,16.622351284435368,13.881891889013167,21.892518202755344,11.281973559586916,
1787555700,15.9,16.06,15.61,15.84,20.257392178539593,17.262607821460403,16.37782145121608,13.736017404632626,20.809576495372575,10.707488794462044,
1787642100,15.71,16.3,15.13,15.46,20.257757444073015,17.26224255592698,16.959641342747606,13.902525760335942,21.674220256186377,11.153279131263934,
1787728500,15.65,15.74,15.21,15.22,20.254947406744616,17.265052593255376,16.73739871315317,13.745536423838692,21.205500916251953,10.901444081566392,
1787814900,14.92,15.13,14.42,14.5,20.256987907352116,17.26301209264788,16.581019596843944,13.924802592977352,20.82863484489333,10.739672615702176,
1787901300,14.57,14.84,14.13,14.42,20.228774726913887,17.241225273086112,16.079943847868144,13.62094727859928,19.891578610241357,10.264900431518061,
1788160500,15.24,15.48,14.86,14.93,20.226709200265464,17.243290799734535,16.033835063441668,13.548479146409584,19.786236630195766,10.206394255848757,
1788246900,14.95,16.8,14.95,16.33,20.24109893550035,17.22890106449965,16.418273985776185,13.869658203678123,20.450334692001277,10.53327613321883,
1788333300,16.39,16.82,15.12,15.19,20.250091498914117,17.21990850108588,17.68735237617243,14.376992685708796,21.048589918206485,11.437846024741297,
1788419700,15.25,15.44,14.23,14.31,20.253328514667245,17.216671485332753,16.6625165435272,14.120135859840058,19.966987521355847,10.691974254394623,
1788506100,14.15,14.58,13.8,14.52,19.851123030384887,17.28887696961511,16.206723800027603,13.52818895746376,19.09632328334836,10.11120424873741,